record,beat_number,qrs_sample,qrs_seconds,qrs_annotation,qrs_symbol,p_onset_sample,p_peak_sample,p_offset_sample,qrs_onset_sample,qrs_offset_sample,t_onset_sample,t_peak_sample,t_offset_sample,t_wave_type
109,1,340,0.9444444444444444,LBBB,L,264,288,297,321,378,409,458,465,normal
109,2,568,1.5777777777777777,LBBB,L,489,511,522,547,606,613,693,712,biphasic_negative_positive
109,3,805,2.236111111111111,LBBB,L,725,742,752,784,851,884,939,945,normal
109,4,1044,2.9,LBBB,L,968,988,1010,1025,1087,,1100,1174,positive_monophasic
109,5,1284,3.566666666666667,LBBB,L,1207,1237,1254,1264,1325,1356,1409,1416,normal
109,6,1519,4.219444444444444,LBBB,L,1439,1467,1490,1498,1562,1598,1649,1659,normal
109,7,1763,4.897222222222222,LBBB,L,1681,1713,1733,1741,1806,1841,1890,1898,normal
109,8,1993,5.536111111111111,LBBB,L,,,,1964,2033,,2061,2114,positive_monophasic
109,9,2215,6.152777777777778,LBBB,L,2145,2168,2181,2191,2254,,2265,2331,positive_monophasic
109,10,2433,6.758333333333334,LBBB,L,2358,2382,2407,2415,2471,2503,2550,2559,normal
109,11,2657,7.3805555555555555,LBBB,L,2578,2608,2626,2636,2702,2724,2781,2792,normal
109,12,2880,8.0,LBBB,L,2800,2828,2837,2842,2925,,2941,3006,positive_monophasic
109,13,3114,8.65,LBBB,L,3034,3065,3081,3093,3157,3167,3182,3241,inverted
109,14,3349,9.302777777777777,LBBB,L,,,,3320,3393,,3406,3474,positive_monophasic
109,15,3582,9.95,LBBB,L,3504,3531,3550,3562,3626,,3645,3707,positive_monophasic
109,16,3810,10.583333333333334,LBBB,L,3734,3755,3771,3779,3853,,3901,3933,positive_monophasic
109,17,4039,11.219444444444445,LBBB,L,3961,3988,4007,4018,4081,,4100,4163,positive_monophasic
109,18,4263,11.841666666666667,LBBB,L,,,,4244,4302,,4319,4376,positive_monophasic
109,19,4478,12.438888888888888,LBBB,L,4403,4427,4450,4458,4519,,4533,4590,positive_monophasic
109,20,4687,13.019444444444444,LBBB,L,4615,4642,4660,4668,4729,,4748,4805,positive_monophasic
109,21,4907,13.630555555555556,LBBB,L,4832,4854,4876,4884,4948,,4964,5027,positive_monophasic
109,22,5127,14.241666666666667,LBBB,L,5053,5078,5096,5105,5166,5199,5218,5252,normal
109,23,5357,14.880555555555556,LBBB,L,5276,5305,5326,5336,5398,,5421,5479,positive_monophasic
109,24,5590,15.527777777777779,LBBB,L,5509,5538,5559,5567,5635,,5650,5713,positive_monophasic
109,25,5818,16.16111111111111,LBBB,L,5741,5771,5787,5795,5861,,5881,5941,positive_monophasic
109,26,6046,16.794444444444444,LBBB,L,5971,5996,6015,6023,6085,,6103,6159,positive_monophasic
109,27,6260,17.38888888888889,FUSION,F,6160,6163,6198,6232,6271,6283,6323,6388,inverted
109,28,6480,18.0,LBBB,L,6389,6393,6416,6460,6523,,6542,6599,positive_monophasic
109,29,6695,18.59722222222222,LBBB,L,6623,6651,6666,6674,6734,,6752,6814,positive_monophasic
109,30,6917,19.21388888888889,LBBB,L,6843,6868,6888,6896,6954,,6971,7029,positive_monophasic
109,31,7133,19.81388888888889,LBBB,L,7049,7060,7071,7101,7172,,7191,7249,positive_monophasic
109,32,7356,20.433333333333334,LBBB,L,7277,7303,7324,7335,7399,,7419,7478,positive_monophasic
109,33,7583,21.06388888888889,LBBB,L,7505,7528,7553,7559,7625,7633,7648,7712,inverted
109,34,7822,21.727777777777778,LBBB,L,7745,7767,7793,7801,7865,,7885,7950,positive_monophasic
109,35,8066,22.405555555555555,LBBB,L,7986,8012,8036,8045,8106,,8126,8185,positive_monophasic
109,36,8291,23.030555555555555,LBBB,L,8214,8237,8260,8270,8331,,8353,8408,positive_monophasic
109,37,8511,23.641666666666666,LBBB,L,8438,8460,8483,8491,8549,,8570,8625,positive_monophasic
109,38,8737,24.269444444444446,LBBB,L,8659,8681,8706,8716,8776,,8798,8851,positive_monophasic
109,39,8970,24.916666666666668,LBBB,L,8892,8916,8940,8949,9009,,9029,9077,positive_monophasic
109,40,9197,25.54722222222222,LBBB,L,9119,9141,9150,9162,9236,,9255,9306,positive_monophasic
109,41,9424,26.177777777777777,LBBB,L,9347,9368,9392,9400,9463,,9484,9538,positive_monophasic
109,42,9659,26.830555555555556,LBBB,L,9580,9601,9628,9638,9701,9707,9724,9778,inverted
109,43,9902,27.505555555555556,LBBB,L,9825,9845,9873,9881,9941,,9964,10017,positive_monophasic
109,44,10147,28.18611111111111,LBBB,L,10064,10086,10115,10125,10186,10195,10210,10262,inverted
109,45,10391,28.863888888888887,LBBB,L,10308,10331,10356,10366,10430,,10454,10502,positive_monophasic
109,46,10619,29.497222222222224,LBBB,L,10544,10564,10589,10598,10659,,10681,10731,positive_monophasic
109,47,10843,30.119444444444444,LBBB,L,10772,10793,10816,10824,10881,,10901,10952,positive_monophasic
109,48,11074,30.761111111111113,LBBB,L,10997,11018,11043,11053,11113,,11135,11187,positive_monophasic
109,49,11310,31.416666666666668,FUSION,F,11233,11255,11270,11281,11322,11342,11372,11421,inverted
109,50,11548,32.077777777777776,LBBB,L,11439,11459,11480,11524,11589,,11614,11662,positive_monophasic
109,51,11783,32.730555555555554,LBBB,L,11706,11727,11753,11762,11822,11829,11848,11901,inverted
109,52,12029,33.41388888888889,LBBB,L,11950,11971,11996,12008,12070,12077,12097,12149,inverted
109,53,12276,34.1,LBBB,L,12198,12220,12247,12256,12314,12321,12340,12389,inverted
109,54,12521,34.78055555555556,LBBB,L,12441,12460,12492,12501,12561,12597,12636,12646,normal
109,55,12765,35.458333333333336,LBBB,L,12684,12707,12734,12742,12805,12837,12879,12887,normal
109,56,12997,36.102777777777774,LBBB,L,12897,12907,12932,12964,13036,13043,13111,13122,biphasic_negative_positive
109,57,13228,36.74444444444445,LBBB,L,13153,13173,13196,13207,13264,13298,13338,13348,normal
109,58,13463,37.397222222222226,LBBB,L,13383,13408,13431,13442,13502,13509,13584,13596,biphasic_negative_positive
109,59,13715,38.09722222222222,LBBB,L,13631,13651,13684,13694,13754,13760,13834,13847,biphasic_negative_positive
109,60,13947,38.74166666666667,PVC,V,13859,13865,13901,13907,13972,13990,14035,14091,normal
109,61,14211,39.475,LBBB,L,14132,14159,14181,14188,14253,14259,14279,14331,inverted
109,62,14461,40.169444444444444,LBBB,L,14381,14401,14432,14440,14504,14512,14585,14602,biphasic_negative_positive
109,63,14712,40.86666666666667,LBBB,L,14612,14625,14647,14692,14752,14758,14832,14843,biphasic_negative_positive
109,64,14958,41.55,LBBB,L,14880,14900,14926,14937,14995,15001,15072,15086,biphasic_negative_positive
109,65,15201,42.225,LBBB,L,15122,15148,15170,15179,15236,15242,15310,15323,biphasic_negative_positive
109,66,15436,42.87777777777778,LBBB,L,15356,15377,15405,15415,15474,15480,15547,15562,biphasic_negative_positive
109,67,15669,43.525,LBBB,L,15592,15611,15628,15648,15706,15713,15784,15798,biphasic_negative_positive
109,68,15917,44.21388888888889,LBBB,L,15836,15855,15883,15895,15959,15965,16042,16061,biphasic_negative_positive
109,69,16180,44.94444444444444,LBBB,L,16099,16121,16149,16157,16221,16227,16303,16318,biphasic_negative_positive
109,70,16437,45.65833333333333,LBBB,L,16355,16375,16406,16415,16475,16482,16552,16567,biphasic_negative_positive
109,71,16685,46.34722222222222,LBBB,L,16603,16622,16656,16664,16723,16730,16803,16820,biphasic_negative_positive
109,72,16935,47.041666666666664,LBBB,L,16853,16872,16906,16914,16973,16979,17047,17062,biphasic_negative_positive
109,73,17177,47.71388888888889,LBBB,L,17097,17116,17147,17155,17217,17253,17293,17310,normal
109,74,17423,48.397222222222226,LBBB,L,17344,17363,17387,17402,17462,17468,17540,17555,biphasic_negative_positive
109,75,17663,49.06388888888889,LBBB,L,17586,17608,17632,17642,17700,17706,17778,17791,biphasic_negative_positive
109,76,17902,49.727777777777774,LBBB,L,17827,17846,17870,17882,17940,17946,18019,18034,biphasic_negative_positive
109,77,18154,50.42777777777778,LBBB,L,18070,18090,18122,18130,18195,18203,18282,18300,biphasic_negative_positive
109,78,18421,51.169444444444444,LBBB,L,18336,18354,18369,18399,18462,18469,18542,18559,biphasic_negative_positive
109,79,18677,51.88055555555555,LBBB,L,18574,18584,18607,18645,18721,18727,18800,18815,biphasic_negative_positive
109,80,18929,52.580555555555556,LBBB,L,18849,18869,18894,18905,18968,18974,19047,19060,biphasic_negative_positive
109,81,19175,53.263888888888886,LBBB,L,19096,19117,19142,19154,19214,19222,19294,19307,biphasic_negative_positive
109,82,19415,53.93055555555556,LBBB,L,19339,19357,19386,19394,19452,19458,19533,19549,biphasic_negative_positive
109,83,19660,54.611111111111114,LBBB,L,19583,19601,19619,19639,19697,19734,19777,19794,normal
109,84,19907,55.297222222222224,LBBB,L,19831,19850,19876,19887,19943,19949,20018,20034,biphasic_negative_positive
109,85,20150,55.97222222222222,LBBB,L,20072,20093,20119,20129,20189,20194,20265,20280,biphasic_negative_positive
109,86,20399,56.66388888888889,LBBB,L,20316,20335,20365,20376,20440,20447,20526,20543,biphasic_negative_positive
109,87,20668,57.41111111111111,LBBB,L,20580,20599,20635,20645,20711,20717,20795,20813,biphasic_negative_positive
109,88,20928,58.13333333333333,LBBB,L,20848,20866,20899,20907,20968,20974,21051,21065,biphasic_negative_positive
109,89,21179,58.830555555555556,LBBB,L,21104,21122,21150,21159,21216,21253,21293,21311,normal
109,90,21424,59.51111111111111,LBBB,L,21347,21368,21394,21404,21462,21467,21539,21554,biphasic_negative_positive
109,91,21667,60.18611111111111,LBBB,L,21590,21611,21638,21647,21703,21708,21778,21792,biphasic_negative_positive
109,92,21910,60.861111111111114,LBBB,L,21828,21848,21880,21888,21946,21954,22025,22040,biphasic_negative_positive
109,93,22159,61.55277777777778,LBBB,L,22076,22094,22127,22138,22197,22204,22275,22289,biphasic_negative_positive
109,94,22407,62.24166666666667,LBBB,L,22325,22347,22374,22385,22446,22451,22527,22543,biphasic_negative_positive
109,95,22660,62.94444444444444,LBBB,L,22582,22607,22631,22639,22699,22707,22781,22796,biphasic_negative_positive
109,96,22921,63.669444444444444,LBBB,L,22836,22862,22890,22900,22963,22973,23049,23066,biphasic_negative_positive
109,97,23188,64.41111111111111,LBBB,L,23105,23125,23157,23165,23225,23232,23306,23321,biphasic_negative_positive
109,98,23438,65.10555555555555,LBBB,L,23359,23378,23407,23418,23475,23481,23549,23562,biphasic_negative_positive
109,99,23677,65.76944444444445,LBBB,L,23597,23619,23645,23656,23713,23719,23785,23803,biphasic_negative_positive
109,100,23917,66.43611111111112,LBBB,L,23839,23862,23889,23897,23956,23962,24029,24042,biphasic_negative_positive
109,101,24157,67.10277777777777,LBBB,L,24077,24096,24126,24136,24198,24207,24276,24291,biphasic_negative_positive
109,102,24407,67.79722222222222,LBBB,L,24326,24345,24375,24386,24448,24456,24533,24548,biphasic_negative_positive
109,103,24663,68.50833333333334,LBBB,L,24585,24603,24630,24641,24703,24710,24786,24804,biphasic_negative_positive
109,104,24922,69.22777777777777,LBBB,L,24842,24864,24890,24900,24961,24966,25039,25056,biphasic_negative_positive
109,105,25178,69.93888888888888,LBBB,L,25097,25121,25149,25157,25220,25228,25305,25323,biphasic_negative_positive
109,106,25447,70.68611111111112,LBBB,L,25337,25348,25373,25414,25488,25495,25566,25585,biphasic_negative_positive
109,107,25699,71.3861111111111,LBBB,L,25618,25636,25668,25677,25738,25745,25814,25830,biphasic_negative_positive
109,108,25938,72.05,LBBB,L,25862,25880,25905,25916,25975,25981,26051,26068,biphasic_negative_positive
109,109,26178,72.71666666666667,LBBB,L,26099,26120,26146,26156,26216,26222,26294,26313,biphasic_negative_positive
109,110,26423,73.39722222222223,LBBB,L,26323,26333,26355,26400,26461,26468,26545,26563,biphasic_negative_positive
109,111,26678,74.10555555555555,LBBB,L,26597,26615,26648,26656,26720,26728,26802,26822,biphasic_negative_positive
109,112,26940,74.83333333333333,LBBB,L,26835,26847,26870,26907,26979,26985,27060,27079,biphasic_negative_positive
109,113,27199,75.55277777777778,LBBB,L,27118,27138,27167,27178,27236,27241,27316,27333,biphasic_negative_positive
109,114,27455,76.26388888888889,LBBB,L,27371,27393,27420,27432,27494,27501,27577,27596,biphasic_negative_positive
109,115,27673,76.86944444444444,PVC,V,,,,27628,27716,27722,27767,27834,normal
109,116,27964,77.67777777777778,LBBB,L,27856,27878,27897,27943,28005,28012,28088,28098,biphasic_negative_positive
109,117,28204,78.34444444444445,LBBB,L,28131,28149,28176,28184,28240,28276,28319,28343,normal
109,118,28452,79.03333333333333,LBBB,L,28352,28369,28387,28431,28490,28496,28573,28590,biphasic_negative_positive
109,119,28698,79.71666666666667,LBBB,L,28624,28642,28661,28678,28735,28742,28820,28840,biphasic_negative_positive
109,120,28960,80.44444444444444,LBBB,L,28879,28899,28926,28938,28999,29004,29087,29107,biphasic_negative_positive
109,121,29229,81.19166666666666,LBBB,L,29145,29169,29197,29208,29268,29274,29349,29369,biphasic_negative_positive
109,122,29490,81.91666666666667,LBBB,L,29407,29427,29459,29467,29528,29535,29609,29628,biphasic_negative_positive
109,123,29742,82.61666666666666,LBBB,L,29636,29652,29675,29709,29783,29789,29865,29885,biphasic_negative_positive
109,124,30003,83.34166666666667,LBBB,L,29922,29939,29970,29982,30043,30050,30123,30145,biphasic_negative_positive
109,125,30254,84.03888888888889,LBBB,L,30150,30166,30190,30234,30291,30297,30370,30390,biphasic_negative_positive
109,126,30499,84.71944444444445,LBBB,L,30424,30444,30466,30479,30534,30540,30611,30630,biphasic_negative_positive
109,127,30743,85.39722222222223,LBBB,L,30666,30691,30713,30720,30780,30786,30862,30882,biphasic_negative_positive
109,128,30997,86.10277777777777,LBBB,L,30918,30943,30967,30976,31033,31040,31114,31135,biphasic_negative_positive
109,129,31260,86.83333333333333,LBBB,L,31149,31163,31185,31225,31299,31308,31383,31405,biphasic_negative_positive
109,130,31531,87.58611111111111,LBBB,L,31444,31464,31497,31508,31570,31577,31652,31672,biphasic_negative_positive
109,131,31791,88.30833333333334,LBBB,L,31709,31728,31756,31770,31831,31838,31911,31930,biphasic_negative_positive
109,132,32041,89.00277777777778,LBBB,L,31965,31984,32008,32022,32078,32084,32158,32178,biphasic_negative_positive
109,133,32294,89.70555555555555,LBBB,L,32214,32241,32261,32274,32334,32341,32417,32436,biphasic_negative_positive
109,134,32550,90.41666666666667,LBBB,L,32473,32494,32522,32530,32586,32594,32666,32686,biphasic_negative_positive
109,135,32798,91.10555555555555,LBBB,L,32722,32740,32771,32779,32836,32842,32910,32925,biphasic_negative_positive
109,136,33041,91.78055555555555,LBBB,L,32962,32980,33009,33021,33078,33085,33160,33175,biphasic_negative_positive
109,137,33262,92.39444444444445,PVC,V,,,,33213,33295,33308,33354,33419,normal
109,138,33560,93.22222222222223,LBBB,L,33474,33500,33520,33537,33602,33611,33690,33699,biphasic_negative_positive
109,139,33825,93.95833333333333,LBBB,L,33739,33760,33792,33803,33867,33873,33950,33970,biphasic_negative_positive
109,140,34086,94.68333333333334,LBBB,L,33984,34001,34019,34065,34127,34134,34208,34226,biphasic_negative_positive
109,141,34334,95.37222222222222,LBBB,L,34237,34247,34269,34314,34372,34378,34449,34465,biphasic_negative_positive
109,142,34579,96.05277777777778,LBBB,L,34500,34520,34548,34558,34618,34624,34699,34719,biphasic_negative_positive
109,143,34836,96.76666666666667,LBBB,L,34756,34774,34803,34816,34874,34881,34950,34969,biphasic_negative_positive
109,144,35085,97.45833333333333,LBBB,L,35003,35024,35052,35064,35123,35129,35198,35217,biphasic_negative_positive
109,145,35330,98.13888888888889,LBBB,L,35251,35270,35299,35309,35371,35378,35449,35468,biphasic_negative_positive
109,146,35591,98.8638888888889,LBBB,L,35481,35495,35517,35557,35632,35641,35715,35732,biphasic_negative_positive
109,147,35852,99.58888888888889,LBBB,L,35769,35788,35818,35830,35893,35899,35980,36001,biphasic_negative_positive
109,148,36119,100.33055555555555,LBBB,L,36037,36056,36088,36097,36160,36166,36246,36266,biphasic_negative_positive
109,149,36377,101.04722222222222,LBBB,L,36301,36319,36347,36357,36415,36421,36497,36515,biphasic_negative_positive
109,150,36627,101.74166666666666,LBBB,L,36527,36543,36562,36607,36662,36669,36738,36758,biphasic_negative_positive
109,151,36873,102.425,LBBB,L,36774,36786,36807,36852,36911,36920,36992,37012,biphasic_negative_positive
109,152,37130,103.13888888888889,LBBB,L,37048,37071,37099,37109,37170,37176,37249,37268,biphasic_negative_positive
109,153,37383,103.84166666666667,LBBB,L,37303,37321,37351,37361,37422,37430,37506,37526,biphasic_negative_positive
109,154,37638,104.55,LBBB,L,37531,37549,37572,37617,37678,37686,37764,37785,biphasic_negative_positive
109,155,37902,105.28333333333333,LBBB,L,37820,37839,37862,37879,37942,37949,38028,38048,biphasic_negative_positive
109,156,38163,106.00833333333334,LBBB,L,38064,38076,38096,38142,38204,38212,38290,38311,biphasic_negative_positive
109,157,38430,106.75,LBBB,L,38350,38371,38399,38407,38470,38477,38554,38573,biphasic_negative_positive
109,158,38691,107.475,LBBB,L,38611,38631,38661,38670,38727,38733,38803,38822,biphasic_negative_positive
109,159,38936,108.15555555555555,LBBB,L,38858,38875,38907,38916,38974,38981,39050,39066,biphasic_negative_positive
109,160,39177,108.825,LBBB,L,39101,39119,39144,39157,39215,39222,39295,39315,biphasic_negative_positive
109,161,39432,109.53333333333333,LBBB,L,39351,39373,39400,39411,39473,39480,39556,39576,biphasic_negative_positive
109,162,39690,110.25,LBBB,L,39583,39600,39623,39667,39728,39737,39814,39834,biphasic_negative_positive
109,163,39951,110.975,LBBB,L,39871,39891,39920,39930,39990,39995,40070,40092,biphasic_negative_positive
109,164,40211,111.69722222222222,LBBB,L,40131,40150,40179,40190,40249,40255,40334,40356,biphasic_negative_positive
109,165,40473,112.425,LBBB,L,40392,40413,40442,40452,40508,40515,40591,40609,biphasic_negative_positive
109,166,40729,113.1361111111111,LBBB,L,40646,40667,40696,40706,40767,40772,40847,40867,biphasic_negative_positive
109,167,40983,113.84166666666667,LBBB,L,40903,40922,40953,40962,41023,41030,41102,41116,biphasic_negative_positive
109,168,41227,114.51944444444445,LBBB,L,41125,41141,41162,41207,41266,41274,41345,41363,biphasic_negative_positive
109,169,41469,115.19166666666666,LBBB,L,41370,41383,41405,41449,41506,41512,41587,41606,biphasic_negative_positive
109,170,41720,115.88888888888889,LBBB,L,41639,41658,41688,41699,41760,41767,41848,41865,biphasic_negative_positive
109,171,41989,116.6361111111111,LBBB,L,41904,41927,41955,41965,42027,42034,42110,42127,biphasic_negative_positive
109,172,42250,117.36111111111111,LBBB,L,42165,42187,42218,42227,42289,42296,42370,42387,biphasic_negative_positive
109,173,42504,118.06666666666666,LBBB,L,42420,42439,42467,42481,42543,42550,42624,42643,biphasic_negative_positive
109,174,42763,118.78611111111111,LBBB,L,42679,42699,42726,42740,42803,42809,42880,42900,biphasic_negative_positive
109,175,43012,119.47777777777777,LBBB,L,42933,42953,42981,42991,43051,43057,43132,43151,biphasic_negative_positive
109,176,43262,120.17222222222222,LBBB,L,43183,43202,43231,43242,43302,43308,43383,43404,biphasic_negative_positive
109,177,43511,120.8638888888889,LBBB,L,43409,43424,43447,43491,43547,43554,43628,43649,biphasic_negative_positive
109,178,43760,121.55555555555556,LBBB,L,43683,43702,43729,43740,43796,43801,43873,43892,biphasic_negative_positive
109,179,44010,122.25,LBBB,L,43927,43948,43976,43988,44048,44055,44136,44157,biphasic_negative_positive
109,180,44283,123.00833333333334,LBBB,L,44195,44215,44249,44261,44325,44333,44410,44427,biphasic_negative_positive
109,181,44545,123.73611111111111,LBBB,L,44463,44481,44511,44523,44586,44593,44671,44689,biphasic_negative_positive
109,182,44799,124.44166666666666,LBBB,L,44723,44742,44768,44779,44838,44844,44923,44941,biphasic_negative_positive
109,183,45053,125.14722222222223,LBBB,L,44975,44996,45023,45032,45093,45100,45176,45194,biphasic_negative_positive
109,184,45301,125.83611111111111,LBBB,L,45204,45218,45238,45269,45338,45345,45421,45436,biphasic_negative_positive
109,185,45549,126.525,LBBB,L,45472,45490,45518,45528,45585,45591,45668,45685,biphasic_negative_positive
109,186,45794,127.20555555555555,PVC,V,45692,45703,45731,45762,45810,45840,45881,45922,normal
109,187,46046,127.90555555555555,LBBB,L,45962,45987,46013,46023,46084,46092,46112,46162,inverted
109,188,46291,128.5861111111111,LBBB,L,46210,46228,46257,46269,46331,46338,46416,46432,biphasic_negative_positive
109,189,46556,129.32222222222222,LBBB,L,46470,46491,46520,46532,46598,46605,46687,46701,biphasic_negative_positive
109,190,46820,130.05555555555554,LBBB,L,46738,46757,46789,46798,46858,46865,46944,46959,biphasic_negative_positive
109,191,47076,130.76666666666668,LBBB,L,46971,46982,47007,47042,47113,47148,47189,47199,normal
109,192,47315,131.43055555555554,LBBB,L,47236,47258,47283,47294,47352,47358,47429,47442,biphasic_negative_positive
109,193,47558,132.10555555555555,LBBB,L,47477,47498,47527,47537,47594,47601,47669,47681,biphasic_negative_positive
109,194,47796,132.76666666666668,LBBB,L,47714,47734,47762,47773,47835,47841,47915,47923,biphasic_negative_positive
109,195,48044,133.45555555555555,LBBB,L,47962,47983,48012,48022,48083,48090,48165,48179,biphasic_negative_positive
109,196,48290,134.13888888888889,LBBB,L,48211,48230,48261,48269,48331,48336,48414,48431,biphasic_negative_positive
109,197,48545,134.84722222222223,LBBB,L,48467,48488,48505,48524,48585,48591,48666,48682,biphasic_negative_positive
109,198,48805,135.56944444444446,LBBB,L,48720,48745,48772,48781,48845,48852,48934,48948,biphasic_negative_positive
109,199,49073,136.3138888888889,LBBB,L,48986,49006,49039,49050,49113,49119,49196,49210,biphasic_negative_positive
109,200,49327,137.01944444444445,LBBB,L,49245,49265,49297,49305,49367,49373,49447,49459,biphasic_negative_positive
109,201,49567,137.6861111111111,LBBB,L,49492,49511,49537,49546,49605,49611,49683,49696,biphasic_negative_positive
109,202,49808,138.35555555555555,LBBB,L,49710,49719,49742,49778,49846,49854,49926,49941,biphasic_negative_positive
109,203,50047,139.01944444444445,LBBB,L,49952,49961,49984,50028,50088,50094,50172,50185,biphasic_negative_positive
109,204,50300,139.72222222222223,LBBB,L,50220,50239,50267,50278,50339,50347,50424,50438,biphasic_negative_positive
109,205,50557,140.4361111111111,LBBB,L,50478,50499,50524,50537,50594,50600,50677,50691,biphasic_negative_positive
109,206,50810,141.13888888888889,LBBB,L,50728,50749,50778,50789,50848,50855,50875,50925,inverted
109,207,51062,141.8388888888889,LBBB,L,50979,50999,51031,51040,51102,51110,51190,51204,biphasic_negative_positive
109,208,51328,142.57777777777778,LBBB,L,51244,51266,51297,51306,51371,51410,51454,51468,normal
109,209,51579,143.275,LBBB,L,51503,51522,51550,51559,51619,51625,51700,51711,biphasic_negative_positive
109,210,51820,143.94444444444446,LBBB,L,51745,51765,51791,51801,51855,51862,51935,51947,biphasic_negative_positive
109,211,52058,144.60555555555555,LBBB,L,51983,52001,52026,52038,52094,52101,52176,52189,biphasic_negative_positive
109,212,52302,145.28333333333333,LBBB,L,52225,52245,52272,52282,52337,52343,52417,52430,biphasic_negative_positive
109,213,52550,145.97222222222223,LBBB,L,52467,52490,52519,52529,52588,52595,52670,52686,biphasic_negative_positive
109,214,52810,146.69444444444446,LBBB,L,52725,52745,52779,52788,52852,52860,52934,52946,biphasic_negative_positive
109,215,53067,147.40833333333333,LBBB,L,52982,53003,53035,53045,53108,53115,53189,53211,biphasic_negative_positive
109,216,53318,148.10555555555555,LBBB,L,53238,53261,53287,53298,53357,53364,53443,53457,biphasic_negative_positive
109,217,53577,148.825,LBBB,L,53494,53512,53544,53556,53618,53625,53704,53728,biphasic_negative_positive
109,218,53833,149.5361111111111,LBBB,L,53754,53774,53803,53811,53868,53905,53946,53971,normal
109,219,54072,150.2,LBBB,L,53975,53988,54006,54042,54109,54114,54181,54192,biphasic_negative_positive
109,220,54307,150.8527777777778,LBBB,L,54227,54248,54275,54286,54344,54378,54422,54444,normal
109,221,54549,151.525,LBBB,L,54466,54490,54516,54528,54588,54594,54612,54659,inverted
109,222,54793,152.20277777777778,LBBB,L,54710,54729,54758,54770,54833,54840,54862,54912,inverted
109,223,55048,152.9111111111111,LBBB,L,54964,54985,55015,55026,55091,55097,55178,55191,biphasic_negative_positive
109,224,55305,153.625,LBBB,L,55227,55250,55276,55285,55346,55353,55430,55443,biphasic_negative_positive
109,225,55559,154.33055555555555,LBBB,L,55481,55502,55528,55538,55599,55605,55679,55688,biphasic_negative_positive
109,226,55803,155.00833333333333,LBBB,L,55725,55744,55772,55783,55843,55849,55925,55938,biphasic_negative_positive
109,227,56056,155.7111111111111,LBBB,L,55975,55996,56024,56035,56095,56103,56175,56186,biphasic_negative_positive
109,228,56295,156.375,LBBB,L,56220,56242,56267,56275,56335,56342,56414,56428,biphasic_negative_positive
109,229,56531,157.03055555555557,LBBB,L,56439,56448,56471,56499,56570,56577,56649,56663,biphasic_negative_positive
109,230,56773,157.70277777777778,LBBB,L,56673,56685,56707,56750,56811,56818,56896,56910,biphasic_negative_positive
109,231,57020,158.38888888888889,LBBB,L,56945,56966,56990,57000,57060,57067,57147,57164,biphasic_negative_positive
109,232,57283,159.11944444444444,LBBB,L,57202,57222,57251,57261,57323,57331,57410,57427,biphasic_negative_positive
109,233,57549,159.85833333333332,LBBB,L,57466,57488,57516,57528,57587,57593,57669,57685,biphasic_negative_positive
109,234,57802,160.5611111111111,LBBB,L,57721,57742,57771,57781,57842,57849,57921,57938,biphasic_negative_positive
109,235,58047,161.24166666666667,LBBB,L,57971,57992,58016,58027,58087,58092,58166,58183,biphasic_negative_positive
109,236,58299,161.94166666666666,LBBB,L,58219,58238,58266,58277,58337,58344,58420,58438,biphasic_negative_positive
109,237,58546,162.62777777777777,LBBB,L,58471,58490,58517,58527,58584,58590,58664,58683,biphasic_negative_positive
109,238,58793,163.3138888888889,LBBB,L,58692,58706,58730,58772,58828,58833,58907,58925,biphasic_negative_positive
109,239,59037,163.99166666666667,LBBB,L,58930,58948,58971,59016,59074,59081,59158,59176,biphasic_negative_positive
109,240,59295,164.70833333333334,LBBB,L,59214,59234,59263,59274,59332,59338,59416,59437,biphasic_negative_positive
109,241,59560,165.44444444444446,LBBB,L,59476,59496,59530,59539,59600,59608,59686,59704,biphasic_negative_positive
109,242,59829,166.19166666666666,LBBB,L,59743,59764,59793,59807,59868,59874,59948,59966,biphasic_negative_positive
109,243,60082,166.89444444444445,LBBB,L,60002,60021,60051,60061,60121,60127,60201,60219,biphasic_negative_positive
109,244,60328,167.57777777777778,LBBB,L,60225,60241,60262,60307,60365,60372,60445,60464,biphasic_negative_positive
109,245,60580,168.27777777777777,LBBB,L,60499,60520,60548,60559,60618,60624,60702,60721,biphasic_negative_positive
109,246,60833,168.98055555555555,LBBB,L,60732,60748,60768,60813,60869,60875,60950,60968,biphasic_negative_positive
109,247,61081,169.66944444444445,LBBB,L,60981,60994,61015,61060,61117,61123,61195,61213,biphasic_negative_positive
109,248,61332,170.36666666666667,LBBB,L,61251,61271,61302,61312,61369,61377,61455,61473,biphasic_negative_positive
109,249,61597,171.1027777777778,LBBB,L,61512,61533,61562,61575,61634,61640,61716,61733,biphasic_negative_positive
109,250,61858,171.82777777777778,LBBB,L,61772,61793,61825,61836,61899,61906,61985,62001,biphasic_negative_positive
109,251,62125,172.56944444444446,LBBB,L,62039,62061,62092,62103,62165,62173,62249,62263,biphasic_negative_positive
109,252,62378,173.2722222222222,LBBB,L,62298,62319,62345,62356,62416,62421,62496,62511,biphasic_negative_positive
109,253,62620,173.94444444444446,LBBB,L,62523,62535,62556,62599,62655,62662,62736,62752,biphasic_negative_positive
109,254,62865,174.625,LBBB,L,62785,62805,62832,62844,62904,62910,62988,63004,biphasic_negative_positive
109,255,63119,175.33055555555555,LBBB,L,63041,63060,63089,63099,63156,63162,63236,63251,biphasic_negative_positive
109,256,63370,176.02777777777777,LBBB,L,63288,63308,63339,63349,63408,63414,63488,63497,biphasic_negative_positive
109,257,63619,176.71944444444443,LBBB,L,63534,63554,63584,63596,63659,63665,63740,63753,biphasic_negative_positive
109,258,63879,177.44166666666666,LBBB,L,63791,63811,63845,63855,63919,63926,64000,64010,biphasic_negative_positive
109,259,64131,178.14166666666668,LBBB,L,64047,64068,64097,64108,64173,64181,64256,64268,biphasic_negative_positive
109,260,64387,178.8527777777778,LBBB,L,64305,64325,64357,64366,64429,64436,64457,64508,inverted
109,261,64635,179.54166666666666,LBBB,L,64559,64579,64604,64615,64672,64679,64752,64763,biphasic_negative_positive
109,262,64874,180.20555555555555,LBBB,L,64798,64817,64844,64854,64911,64916,64935,64982,inverted
109,263,65108,180.85555555555555,LBBB,L,65029,65050,65077,65087,65145,65152,65228,65240,biphasic_negative_positive
109,264,65356,181.54444444444445,LBBB,L,65274,65293,65325,65335,65396,65404,65479,65493,biphasic_negative_positive
109,265,65608,182.24444444444444,LBBB,L,65527,65550,65579,65586,65649,65657,65734,65746,biphasic_negative_positive
109,266,65861,182.94722222222222,LBBB,L,65783,65803,65830,65840,65899,65906,65983,65996,biphasic_negative_positive
109,267,66112,183.64444444444445,LBBB,L,66032,66054,66079,66088,66152,66159,66240,66256,biphasic_negative_positive
109,268,66369,184.35833333333332,LBBB,L,66292,66312,66340,66349,66407,66414,66493,66509,biphasic_negative_positive
109,269,66626,185.07222222222222,LBBB,L,66547,66566,66594,66604,66663,66669,66747,66764,biphasic_negative_positive
109,270,66878,185.7722222222222,LBBB,L,66798,66817,66848,66856,66914,66922,66991,67007,biphasic_negative_positive
109,271,67118,186.4388888888889,LBBB,L,67020,67031,67052,67097,67156,67162,67231,67246,biphasic_negative_positive
109,272,67355,187.09722222222223,LBBB,L,67254,67269,67291,67334,67393,67398,67474,67490,biphasic_negative_positive
109,273,67607,187.79722222222222,LBBB,L,67526,67546,67575,67587,67648,67654,67735,67752,biphasic_negative_positive
109,274,67870,188.52777777777777,LBBB,L,67790,67811,67838,67849,67909,67916,67997,68014,biphasic_negative_positive
109,275,68133,189.25833333333333,LBBB,L,68052,68072,68103,68111,68171,68210,68250,68268,normal
109,276,68387,189.9638888888889,LBBB,L,68306,68328,68357,68366,68426,68433,68508,68523,biphasic_negative_positive
109,277,68645,190.68055555555554,LBBB,L,68562,68583,68613,68624,68684,68690,68763,68775,biphasic_negative_positive
109,278,68895,191.375,LBBB,L,68812,68832,68861,68871,68934,68941,69013,69029,biphasic_negative_positive
109,279,69144,192.06666666666666,LBBB,L,69064,69083,69113,69124,69184,69190,69264,69278,biphasic_negative_positive
109,280,69385,192.73611111111111,LBBB,L,69310,69330,69352,69364,69424,69429,69503,69519,biphasic_negative_positive
109,281,69628,193.4111111111111,LBBB,L,69532,69543,69564,69608,69666,69673,69744,69760,biphasic_negative_positive
109,282,69880,194.11111111111111,LBBB,L,69798,69821,69848,69856,69920,69927,70006,70021,biphasic_negative_positive
109,283,70148,194.85555555555555,LBBB,L,70061,70081,70113,70125,70187,70194,70267,70284,biphasic_negative_positive
109,284,70408,195.57777777777778,LBBB,L,70322,70341,70374,70384,70448,70454,70529,70545,biphasic_negative_positive
109,285,70661,196.28055555555557,LBBB,L,70581,70599,70629,70640,70702,70709,70784,70800,biphasic_negative_positive
109,286,70915,196.98611111111111,LBBB,L,70835,70854,70886,70894,70956,70964,71036,71050,biphasic_negative_positive
109,287,71159,197.6638888888889,LBBB,L,71065,71075,71095,71139,71198,71204,71281,71293,biphasic_negative_positive
109,288,71405,198.34722222222223,LBBB,L,71328,71346,71374,71385,71444,71450,71525,71542,biphasic_negative_positive
109,289,71655,199.04166666666666,LBBB,L,71579,71599,71626,71636,71692,71697,71771,71785,biphasic_negative_positive
109,290,71902,199.7277777777778,LBBB,L,71803,71815,71835,71879,71938,71945,72020,72035,biphasic_negative_positive
109,291,72149,200.4138888888889,LBBB,L,72049,72061,72079,72127,72190,72196,72274,72292,biphasic_negative_positive
109,292,72417,201.15833333333333,LBBB,L,72332,72358,72384,72394,72460,72470,72548,72564,biphasic_negative_positive
109,293,72680,201.88888888888889,LBBB,L,72581,72593,72611,72657,72721,72726,72807,72821,biphasic_negative_positive
109,294,72936,202.6,LBBB,L,72859,72877,72908,72916,72973,72980,73056,73071,biphasic_negative_positive
109,295,73185,203.29166666666666,LBBB,L,73108,73129,73154,73165,73222,73228,73303,73320,biphasic_negative_positive
109,296,73431,203.975,LBBB,L,73333,73344,73366,73412,73466,73472,73544,73560,biphasic_negative_positive
109,297,73676,204.65555555555557,LBBB,L,73596,73616,73647,73655,73715,73720,73793,73810,biphasic_negative_positive
109,298,73929,205.35833333333332,LBBB,L,73847,73870,73897,73907,73970,73976,74049,74064,biphasic_negative_positive
109,299,74180,206.05555555555554,LBBB,L,74098,74117,74147,74158,74219,74226,74302,74318,biphasic_negative_positive
109,300,74431,206.75277777777777,LBBB,L,74353,74373,74400,74410,74470,74477,74556,74573,biphasic_negative_positive
109,301,74697,207.49166666666667,LBBB,L,74611,74631,74663,74674,74739,74745,74827,74846,biphasic_negative_positive
109,302,74969,208.24722222222223,LBBB,L,74886,74908,74936,74948,75006,75014,75089,75106,biphasic_negative_positive
109,303,75225,208.95833333333334,LBBB,L,75144,75165,75194,75205,75263,75269,75338,75355,biphasic_negative_positive
109,304,75466,209.62777777777777,LBBB,L,75388,75407,75436,75445,75503,75510,75580,75596,biphasic_negative_positive
109,305,75712,210.3111111111111,LBBB,L,75610,75621,75644,75689,75750,75756,75828,75841,biphasic_negative_positive
109,306,75954,210.98333333333332,LBBB,L,75875,75893,75922,75933,75992,75999,76074,76090,biphasic_negative_positive
109,307,76204,211.67777777777778,LBBB,L,76125,76146,76173,76184,76245,76252,76331,76348,biphasic_negative_positive
109,308,76463,212.3972222222222,LBBB,L,76384,76402,76432,76441,76501,76509,76589,76607,biphasic_negative_positive
109,309,76725,213.125,LBBB,L,76623,76638,76657,76704,76763,76769,76844,76862,biphasic_negative_positive
109,310,76984,213.84444444444443,LBBB,L,76902,76925,76951,76960,77024,77032,77113,77129,biphasic_negative_positive
109,311,77255,214.59722222222223,LBBB,L,77168,77198,77222,77233,77297,77305,77379,77397,biphasic_negative_positive
109,312,77511,215.30833333333334,LBBB,L,77431,77449,77467,77488,77549,77557,77630,77645,biphasic_negative_positive
109,313,77753,215.98055555555555,LBBB,L,77680,77702,77722,77734,77791,77797,77871,77889,biphasic_negative_positive
109,314,77999,216.6638888888889,LBBB,L,77899,77910,77933,77966,78038,78045,78123,78140,biphasic_negative_positive
109,315,78246,217.35,LBBB,L,78152,78164,78183,78226,78286,78323,78369,78387,normal
109,316,78505,218.06944444444446,LBBB,L,78426,78444,78468,78484,78545,78550,78630,78646,biphasic_negative_positive
109,317,78771,218.80833333333334,LBBB,L,78685,78706,78740,78750,78809,78817,78892,78909,biphasic_negative_positive
109,318,79031,219.53055555555557,LBBB,L,78946,78965,78979,79007,79071,79078,79153,79169,biphasic_negative_positive
109,319,79288,220.24444444444444,LBBB,L,79205,79223,79247,79266,79326,79333,79411,79428,biphasic_negative_positive
109,320,79549,220.96944444444443,LBBB,L,79467,79494,79518,79528,79590,79599,79676,79696,biphasic_negative_positive
109,321,79803,221.675,LBBB,L,79706,79719,79737,79782,79840,79846,79920,79937,biphasic_negative_positive
109,322,80048,222.35555555555555,LBBB,L,79974,79998,80022,80030,80085,80092,80163,80178,biphasic_negative_positive
109,323,80290,223.02777777777777,LBBB,L,80213,80230,80248,80269,80326,80332,80405,80422,biphasic_negative_positive
109,324,80539,223.71944444444443,LBBB,L,80459,80486,80509,80518,80574,80582,80657,80673,biphasic_negative_positive
109,325,80796,224.43333333333334,LBBB,L,80711,80731,80763,80774,80835,80842,80923,80937,biphasic_negative_positive
109,326,81065,225.18055555555554,LBBB,L,80978,81004,81030,81040,81106,81114,81190,81209,biphasic_negative_positive
109,327,81323,225.8972222222222,LBBB,L,81241,81260,81293,81301,81364,81371,81447,81462,biphasic_negative_positive
109,328,81576,226.6,LBBB,L,81499,81522,81547,81556,81617,81626,81701,81717,biphasic_negative_positive
109,329,81834,227.31666666666666,LBBB,L,81752,81771,81788,81813,81874,81879,81958,81973,biphasic_negative_positive
109,330,82088,228.0222222222222,LBBB,L,82010,82034,82058,82067,82125,82133,82204,82220,biphasic_negative_positive
109,331,82334,228.70555555555555,LBBB,L,82255,82273,82303,82313,82372,82378,82448,82463,biphasic_negative_positive
109,332,82576,229.37777777777777,LBBB,L,82496,82516,82537,82555,82612,82617,82690,82708,biphasic_negative_positive
109,333,82828,230.07777777777778,LBBB,L,82723,82736,82756,82795,82868,82875,82947,82965,biphasic_negative_positive
109,334,83084,230.7888888888889,LBBB,L,82977,82991,83009,83049,83128,83170,83212,83227,normal
109,335,83353,231.5361111111111,LBBB,L,83267,83290,83319,83332,83397,83403,83484,83499,biphasic_negative_positive
109,336,83615,232.26388888888889,LBBB,L,83535,83560,83583,83594,83655,83662,83739,83759,biphasic_negative_positive
109,337,83868,232.96666666666667,LBBB,L,83767,83782,83802,83848,83904,83909,83985,84001,biphasic_negative_positive
109,338,84119,233.6638888888889,LBBB,L,84038,84061,84086,84097,84158,84166,84243,84259,biphasic_negative_positive
109,339,84377,234.38055555555556,LBBB,L,84296,84325,84344,84356,84415,84451,84492,84504,normal
109,340,84622,235.0611111111111,LBBB,L,84542,84566,84590,84600,84660,84665,84737,84748,biphasic_negative_positive
109,341,84823,235.61944444444444,PVC,V,,,,84752,84841,84870,84912,84953,normal
109,342,85113,236.425,LBBB,L,85028,85052,85078,85091,85156,85162,85180,85241,inverted
109,343,85367,237.13055555555556,LBBB,L,85285,85304,85318,85346,85408,85416,85496,85514,biphasic_negative_positive
109,344,85636,237.87777777777777,LBBB,L,85534,85547,85564,85613,85678,85686,85768,85789,biphasic_negative_positive
109,345,85895,238.59722222222223,LBBB,L,85817,85836,85858,85864,85934,85973,86015,86027,normal
109,346,86142,239.28333333333333,LBBB,L,86066,86094,86114,86123,86180,86188,86206,86254,inverted
109,347,86380,239.94444444444446,LBBB,L,86302,86321,86346,86357,86417,86423,86500,86512,biphasic_negative_positive
109,348,86627,240.63055555555556,LBBB,L,86546,86565,86597,86606,86668,,86696,86744,positive_monophasic
109,349,86865,241.29166666666666,LBBB,L,86772,86778,86800,86832,86908,,86932,86981,positive_monophasic
109,350,87100,241.94444444444446,LBBB,L,87028,87053,87074,87081,87140,87146,87233,87243,biphasic_negative_positive
109,351,87342,242.61666666666667,LBBB,L,87265,87286,87311,87322,87383,87419,87468,87490,normal
109,352,87592,243.3111111111111,LBBB,L,87511,87531,87560,87569,87631,87664,87719,87732,normal
109,353,87839,243.99722222222223,LBBB,L,87756,87778,87791,87818,87879,87885,87967,87981,biphasic_negative_positive
109,354,88085,244.68055555555554,LBBB,L,88002,88022,88053,88062,88125,,88148,88201,positive_monophasic
109,355,88319,245.33055555555555,LBBB,L,88243,88263,88289,88298,88360,,88386,88440,positive_monophasic
109,356,88548,245.96666666666667,LBBB,L,88474,88497,88521,88529,88587,88595,88610,88665,inverted
109,357,88774,246.59444444444443,LBBB,L,88699,88722,88744,88752,88815,88822,88901,88918,biphasic_negative_positive
109,358,89019,247.275,LBBB,L,88941,88960,88981,88997,89058,89063,89141,89157,biphasic_negative_positive
109,359,89254,247.92777777777778,LBBB,L,89175,89192,89203,89231,89294,89302,89380,89393,biphasic_negative_positive
109,360,89490,248.58333333333334,LBBB,L,89414,89440,89460,89468,89532,89571,89621,89633,normal
109,361,89730,249.25,LBBB,L,89655,89685,89702,89709,89774,89811,89870,89884,normal
109,362,89980,249.94444444444446,LBBB,L,89904,89925,89947,89958,90020,90026,90108,90128,biphasic_negative_positive
109,363,90229,250.63611111111112,LBBB,L,90151,90170,90200,90208,90269,90275,90363,90375,biphasic_negative_positive
109,364,90478,251.32777777777778,LBBB,L,90399,90425,90447,90456,90516,90523,90598,90616,biphasic_negative_positive
109,365,90706,251.9611111111111,LBBB,L,90631,90655,90676,90686,90746,90752,90822,90839,biphasic_negative_positive
109,366,90934,252.59444444444443,LBBB,L,90844,90853,90872,90914,90971,90978,91050,91074,biphasic_negative_positive
109,367,91174,253.26111111111112,LBBB,L,91096,91127,91143,91151,91214,91223,91298,91325,biphasic_negative_positive
109,368,91423,253.95277777777778,LBBB,L,91347,91366,91389,91403,91461,91467,91542,91568,biphasic_negative_positive
109,369,91672,254.64444444444445,LBBB,L,91591,91617,91640,91649,91711,91717,91789,91816,biphasic_negative_positive
109,370,91919,255.33055555555555,LBBB,L,91836,91862,91879,91886,91959,91967,92038,92063,biphasic_negative_positive
109,371,92171,256.03055555555557,LBBB,L,92089,92110,92126,92150,92213,92251,92288,92303,normal
109,372,92423,256.73055555555555,LBBB,L,92341,92364,92392,92399,92465,92475,92546,92564,biphasic_negative_positive
109,373,92675,257.43055555555554,LBBB,L,92596,92615,92643,92652,92715,92723,92796,92811,biphasic_negative_positive
109,374,92919,258.10833333333335,LBBB,L,92845,92867,92891,92898,92957,92966,93035,93055,biphasic_negative_positive
109,375,93158,258.77222222222224,LBBB,L,93065,93076,93097,93139,93195,93230,93269,93289,normal
109,376,93403,259.4527777777778,LBBB,L,93326,93346,93372,93383,93445,93451,93527,93547,biphasic_negative_positive
109,377,93671,260.1972222222222,LBBB,L,93586,93611,93638,93647,93711,93717,93791,93814,biphasic_negative_positive
109,378,93931,260.9194444444444,LBBB,L,93848,93866,93884,93910,93971,93978,94052,94073,biphasic_negative_positive
109,379,94188,261.6333333333333,LBBB,L,94108,94129,94156,94165,94231,94238,94313,94334,biphasic_negative_positive
109,380,94454,262.3722222222222,LBBB,L,94371,94396,94422,94432,94495,94503,94579,94601,biphasic_negative_positive
109,381,94711,263.0861111111111,LBBB,L,94606,94624,94644,94690,94751,94757,94834,94856,biphasic_negative_positive
109,382,94968,263.8,LBBB,L,94891,94909,94932,94948,95008,95014,95090,95113,biphasic_negative_positive
109,383,95222,264.50555555555553,LBBB,L,95118,95137,95159,95202,95260,95267,95341,95363,biphasic_negative_positive
109,384,95473,265.2027777777778,LBBB,L,95397,95415,95445,95454,95511,95517,95591,95611,biphasic_negative_positive
109,385,95725,265.90277777777777,LBBB,L,95616,95635,95656,95704,95765,95772,95852,95879,biphasic_negative_positive
109,386,96002,266.6722222222222,LBBB,L,95915,95934,95954,95980,96043,96049,96127,96152,biphasic_negative_positive
109,387,96276,267.43333333333334,LBBB,L,96190,96210,96237,96253,96317,96322,96399,96421,biphasic_negative_positive
109,388,96540,268.1666666666667,LBBB,L,96457,96482,96505,96517,96580,96588,96663,96684,biphasic_negative_positive
109,389,96804,268.9,LBBB,L,96720,96739,96774,96782,96844,96883,96926,96948,normal
109,390,97061,269.6138888888889,LBBB,L,96953,96973,96992,97040,97100,97107,97183,97205,biphasic_negative_positive
109,391,97319,270.3305555555556,LBBB,L,97212,97231,97250,97298,97357,97396,97442,97465,normal
109,392,97575,271.0416666666667,LBBB,L,97476,97491,97510,97555,97612,97620,97695,97718,biphasic_negative_positive
109,393,97830,271.75,LBBB,L,97753,97772,97799,97810,97867,97873,97948,97970,biphasic_negative_positive
109,394,98090,272.47222222222223,LBBB,L,98008,98028,98059,98069,98131,98138,98220,98244,biphasic_negative_positive
109,395,98371,273.2527777777778,LBBB,L,98283,98304,98339,98349,98412,98420,98498,98520,biphasic_negative_positive
109,396,98645,274.0138888888889,LBBB,L,98557,98578,98611,98622,98685,98692,98768,98786,biphasic_negative_positive
109,397,98901,274.725,LBBB,L,98819,98837,98868,98879,98941,98947,99019,99039,biphasic_negative_positive
109,398,99157,275.43611111111113,LBBB,L,99074,99094,99124,99136,99196,99203,99223,99271,inverted
109,399,99407,276.13055555555553,LBBB,L,,,,99386,99448,99453,99529,99548,biphasic_negative_positive
109,400,99665,276.84722222222223,LBBB,L,,,,99643,99706,99710,99788,99809,biphasic_negative_positive
109,401,99918,277.55,LBBB,L,,,,99898,99957,99961,100038,100058,biphasic_negative_positive
109,402,100176,278.26666666666665,LBBB,L,,,,100155,100217,100219,100296,100314,biphasic_negative_positive
109,403,100441,279.0027777777778,LBBB,L,,,,100418,100485,100489,100573,100593,biphasic_negative_positive
109,404,100722,279.78333333333336,LBBB,L,,,,100699,100764,100767,100845,100860,biphasic_negative_positive
109,405,100981,280.5027777777778,LBBB,L,,,,100960,101026,101030,101103,101122,biphasic_negative_positive
109,406,101232,281.2,LBBB,L,,,,101212,101276,101281,101353,101369,biphasic_negative_positive
109,407,101482,281.89444444444445,LBBB,L,,,,101461,101524,101529,101602,101617,biphasic_negative_positive
109,408,101726,282.5722222222222,LBBB,L,,,,101705,101767,101771,101848,101864,biphasic_negative_positive
109,409,101979,283.275,LBBB,L,,,,101957,102021,102025,102103,102121,biphasic_negative_positive
109,410,102235,283.9861111111111,LBBB,L,,,,102204,102276,102312,102355,102373,normal
109,411,102491,284.6972222222222,LBBB,L,,,,102471,102534,102571,102611,102626,normal
109,412,102752,285.4222222222222,LBBB,L,,,,102729,102795,102799,102880,102896,biphasic_negative_positive
109,413,103024,286.1777777777778,LBBB,L,,,,103001,103069,103072,103151,103166,biphasic_negative_positive
109,414,103283,286.89722222222224,LBBB,L,,,,103262,103325,103328,103405,103422,biphasic_negative_positive
109,415,103530,287.5833333333333,LBBB,L,,,,103510,103571,103575,103647,103667,biphasic_negative_positive
109,416,103778,288.27222222222224,LBBB,L,,,,103758,103820,103856,103898,103915,normal
109,417,104027,288.9638888888889,LBBB,L,,,,104007,104066,104100,104145,104164,normal
109,418,104280,289.6666666666667,LBBB,L,,,,104261,104323,104327,104406,104427,biphasic_negative_positive
109,419,104537,290.38055555555553,PVC,V,,,,104508,104566,104580,104653,104683,biphasic_negative_positive
109,420,104815,291.15277777777777,LBBB,L,,,,104794,104860,104863,104939,104957,biphasic_negative_positive
109,421,105074,291.8722222222222,LBBB,L,,,,105054,105120,105157,105201,105219,normal
109,422,105346,292.6277777777778,LBBB,L,,,,105323,105389,105394,105474,105491,biphasic_negative_positive
109,423,105606,293.35,LBBB,L,,,,105585,105646,105651,105726,105740,biphasic_negative_positive
109,424,105853,294.0361111111111,LBBB,L,,,,105834,105891,105895,105967,105985,biphasic_negative_positive
109,425,106097,294.7138888888889,LBBB,L,,,,106077,106136,106139,106213,106231,biphasic_negative_positive
109,426,106348,295.4111111111111,LBBB,L,,,,106328,106387,106392,106463,106481,biphasic_negative_positive
109,427,106603,296.11944444444447,LBBB,L,,,,106583,106646,106650,106727,106744,biphasic_negative_positive
109,428,106871,296.8638888888889,LBBB,L,,,,106849,106917,106921,107000,107017,biphasic_negative_positive
109,429,107136,297.6,LBBB,L,,,,107114,107179,107183,107262,107279,biphasic_negative_positive
109,430,107395,298.31944444444446,LBBB,L,,,,107375,107437,107440,107518,107537,biphasic_negative_positive
109,431,107656,299.0444444444444,LBBB,L,,,,107634,107699,107703,107780,107802,biphasic_negative_positive
109,432,107919,299.775,LBBB,L,,,,107900,107959,107962,108036,108051,biphasic_negative_positive
109,433,108169,300.46944444444443,LBBB,L,,,,108149,108208,108211,108281,108298,biphasic_negative_positive
109,434,108412,301.14444444444445,LBBB,L,,,,108392,108452,108455,108529,108549,biphasic_negative_positive
109,435,108668,301.85555555555555,LBBB,L,,,,108647,108711,108714,108787,108807,biphasic_negative_positive
109,436,108932,302.5888888888889,LBBB,L,,,,108909,108976,108981,109059,109078,biphasic_negative_positive
109,437,109202,303.3388888888889,LBBB,L,,,,109181,109247,109251,109332,109352,biphasic_negative_positive
109,438,109470,304.0833333333333,LBBB,L,,,,109449,109514,109517,109597,109616,biphasic_negative_positive
109,439,109733,304.81388888888887,LBBB,L,,,,109712,109773,109777,109852,109871,biphasic_negative_positive
109,440,109989,305.525,LBBB,L,,,,109968,110031,110035,110112,110129,biphasic_negative_positive
109,441,110249,306.2472222222222,LBBB,L,,,,110229,110286,110290,110363,110381,biphasic_negative_positive
109,442,110498,306.93888888888887,LBBB,L,,,,110478,110538,110542,110614,110629,biphasic_negative_positive
109,443,110744,307.6222222222222,LBBB,L,,,,110723,110785,110789,110863,110879,biphasic_negative_positive
109,444,111001,308.3361111111111,LBBB,L,,,,110980,111045,111049,111126,111140,biphasic_negative_positive
109,445,111264,309.06666666666666,LBBB,L,,,,111241,111309,111313,111397,111414,biphasic_negative_positive
109,446,111535,309.81944444444446,LBBB,L,,,,111514,111580,111585,111667,111685,biphasic_negative_positive
109,447,111802,310.56111111111113,LBBB,L,,,,111781,111844,111847,111926,111943,biphasic_negative_positive
109,448,112057,311.26944444444445,LBBB,L,,,,112037,112096,112099,112173,112192,biphasic_negative_positive
109,449,112309,311.96944444444443,LBBB,L,,,,112287,112349,112352,112430,112450,biphasic_negative_positive
109,450,112571,312.6972222222222,LBBB,L,,,,112549,112610,112614,112687,112704,biphasic_negative_positive
109,451,112820,313.3888888888889,LBBB,L,,,,112800,112863,112867,112943,112961,biphasic_negative_positive
109,452,113075,314.09722222222223,LBBB,L,,,,113053,113116,113120,113200,113217,biphasic_negative_positive
109,453,113340,314.8333333333333,LBBB,L,,,,113317,113384,113387,113468,113487,biphasic_negative_positive
109,454,113605,315.56944444444446,LBBB,L,,,,113583,113649,113654,113737,113759,biphasic_negative_positive
109,455,113881,316.3361111111111,LBBB,L,,,,113860,113924,113928,114012,114032,biphasic_negative_positive
109,456,114146,317.0722222222222,LBBB,L,,,,114126,114186,114189,114268,114285,biphasic_negative_positive
109,457,114397,317.76944444444445,LBBB,L,,,,114378,114434,114438,114511,114529,biphasic_negative_positive
109,458,114642,318.45,LBBB,L,,,,114622,114683,114687,114764,114784,biphasic_negative_positive
109,459,114906,319.18333333333334,LBBB,L,,,,114884,114948,114951,115027,115041,biphasic_negative_positive
109,460,115160,319.8888888888889,LBBB,L,,,,115139,115202,115206,115285,115301,biphasic_negative_positive
109,461,115416,320.6,LBBB,L,,,,115393,115458,115462,115543,115560,biphasic_negative_positive
109,462,115682,321.3388888888889,LBBB,L,,,,115660,115728,115731,115813,115829,biphasic_negative_positive
109,463,115948,322.0777777777778,LBBB,L,,,,115926,115991,115995,116078,116097,biphasic_negative_positive
109,464,116216,322.8222222222222,LBBB,L,,,,116195,116259,116262,116343,116365,biphasic_negative_positive
109,465,116479,323.5527777777778,LBBB,L,,,,116459,116519,116524,116598,116617,biphasic_negative_positive
109,466,116730,324.25,LBBB,L,,,,116710,116767,116769,116842,116859,biphasic_negative_positive
109,467,116973,324.925,LBBB,L,,,,116952,117013,117018,117098,117117,biphasic_negative_positive
109,468,117240,325.6666666666667,LBBB,L,,,,117218,117283,117285,117364,117382,biphasic_negative_positive
109,469,117500,326.3888888888889,LBBB,L,,,,117479,117544,117582,117626,117645,normal
109,470,117760,327.1111111111111,LBBB,L,,,,117738,117804,117809,117890,117905,biphasic_negative_positive
109,471,118026,327.85,LBBB,L,,,,118003,118070,118075,118154,118174,biphasic_negative_positive
109,472,118287,328.575,LBBB,L,,,,118255,118332,118369,118413,118432,normal
109,473,118543,329.2861111111111,LBBB,L,,,,118518,118587,118625,118666,118682,normal
109,474,118793,329.98055555555555,LBBB,L,,,,118760,118835,118877,118910,118920,normal
109,475,119035,330.65277777777777,LBBB,L,,,,119009,119069,119089,119141,119162,biphasic_negative_positive
109,476,119275,331.31944444444446,LBBB,L,,,,119239,119316,119350,119394,119409,normal
109,477,119531,332.03055555555557,LBBB,L,,,,119498,119572,119587,119655,119665,biphasic_negative_positive
109,478,119786,332.7388888888889,LBBB,L,,,,119753,119830,119860,119916,119930,normal
109,479,120039,333.44166666666666,LBBB,L,,,,120016,120078,120136,120166,120174,normal
109,480,120290,334.1388888888889,LBBB,L,,,,120261,120331,120341,120433,120442,biphasic_negative_positive
109,481,120536,334.8222222222222,LBBB,L,120463,120486,120494,120505,120569,120612,120655,120666,normal
109,482,120779,335.4972222222222,LBBB,L,,,,120755,120821,,120849,120889,positive_monophasic
109,483,121015,336.15277777777777,LBBB,L,,,,120981,121059,,121071,121119,positive_monophasic
109,484,121238,336.77222222222224,LBBB,L,,,,121203,121275,,121308,121355,positive_monophasic
109,485,121465,337.40277777777777,LBBB,L,,,,121442,121512,121524,121533,121574,inverted
109,486,121699,338.0527777777778,LBBB,L,,,,121665,121748,121792,121838,121867,normal
109,487,121950,338.75,LBBB,L,,,,121917,121997,,122025,122061,positive_monophasic
109,488,122188,339.4111111111111,LBBB,L,,,,122149,122235,122268,122325,122335,normal
109,489,122430,340.0833333333333,LBBB,L,,,,122397,122472,122504,122559,122569,normal
109,490,122660,340.72222222222223,LBBB,L,,,,122629,122705,,122727,122781,positive_monophasic
109,491,122889,341.35833333333335,LBBB,L,,,,122870,122934,122962,123013,123021,normal
109,492,123116,341.9888888888889,LBBB,L,,,,123096,123159,,123174,123239,positive_monophasic
109,493,123353,342.64722222222224,LBBB,L,,,,123332,123396,,123414,123467,positive_monophasic
109,494,123576,343.26666666666665,LBBB,L,,,,123553,123615,123648,123697,123705,normal
109,495,123798,343.8833333333333,LBBB,L,,,,123771,123841,123844,123925,123935,biphasic_negative_positive
109,496,124035,344.5416666666667,LBBB,L,,,,124013,124083,124086,124174,124184,biphasic_negative_positive
109,497,124286,345.2388888888889,LBBB,L,,,,124253,124333,,124355,124410,positive_monophasic
109,498,124525,345.90277777777777,LBBB,L,,,,124491,124574,,124595,124645,positive_monophasic
109,499,124755,346.5416666666667,LBBB,L,,,,124735,124794,124823,124876,124883,biphasic_negative_positive
109,500,124992,347.2,LBBB,L,,,,124961,125033,,125060,125101,positive_monophasic
109,501,125220,347.8333333333333,LBBB,L,,,,125200,125261,,125279,125330,positive_monophasic
109,502,125451,348.475,LBBB,L,,,,125422,125492,125526,125578,125586,normal
109,503,125685,349.125,LBBB,L,,,,125665,125727,125756,125808,125817,normal
109,504,125916,349.76666666666665,LBBB,L,,,,125895,125958,125993,126047,126054,normal
109,505,126150,350.4166666666667,LBBB,L,,,,126129,126195,126228,126275,126294,normal
109,506,126397,351.10277777777776,LBBB,L,,,,126374,126441,126446,126536,126545,biphasic_negative_positive
109,507,126649,351.8027777777778,LBBB,L,,,,126629,126693,126726,126779,126788,normal
109,508,126890,352.47222222222223,LBBB,L,,,,126869,126934,,126952,127003,positive_monophasic
109,509,127119,353.10833333333335,LBBB,L,,,,127099,127162,127194,127247,127254,normal
109,510,127352,353.75555555555553,LBBB,L,,,,127331,127393,127428,127480,127489,normal
109,511,127579,354.3861111111111,LBBB,L,,,,127559,127621,,127641,127695,positive_monophasic
109,512,127815,355.0416666666667,LBBB,L,,,,127784,127857,127891,127945,127955,normal
109,513,128057,355.7138888888889,LBBB,L,,,,128035,128095,128130,128182,128193,normal
109,514,128295,356.375,LBBB,L,,,,128273,128338,,128360,128409,positive_monophasic
109,515,128536,357.0444444444444,LBBB,L,,,,128516,128580,,128600,128654,positive_monophasic
109,516,128792,357.75555555555553,LBBB,L,,,,128759,128837,,128861,128915,positive_monophasic
109,517,129047,358.4638888888889,LBBB,L,,,,129026,129089,129094,129111,129162,inverted
109,518,129294,359.15,LBBB,L,,,,129273,129333,,129355,129399,positive_monophasic
109,519,129524,359.7888888888889,LBBB,L,,,,129504,129563,129566,129585,129631,inverted
109,520,129758,360.43888888888887,LBBB,L,,,,129738,129799,129804,129821,129866,inverted
109,521,129993,361.09166666666664,LBBB,L,,,,129972,130036,130039,130059,130109,inverted
109,522,130239,361.775,LBBB,L,,,,130217,130282,130284,130365,130385,biphasic_negative_positive
109,523,130488,362.46666666666664,LBBB,L,,,,130467,130529,130532,130610,130621,biphasic_negative_positive
109,524,130740,363.1666666666667,LBBB,L,,,,130720,130784,130788,130859,130870,biphasic_negative_positive
109,525,130992,363.8666666666667,LBBB,L,,,,130971,131037,131041,131119,131131,biphasic_negative_positive
109,526,131256,364.6,LBBB,L,,,,131233,131300,131305,131379,131390,biphasic_negative_positive
109,527,131504,365.2888888888889,LBBB,L,,,,131484,131548,131550,131626,131636,biphasic_negative_positive
109,528,131744,365.9555555555556,LBBB,L,,,,131724,131783,131786,131859,131871,biphasic_negative_positive
109,529,131981,366.6138888888889,LBBB,L,,,,131960,132022,132027,132101,132113,biphasic_negative_positive
109,530,132222,367.28333333333336,LBBB,L,,,,132202,132262,132269,132342,132357,biphasic_negative_positive
109,531,132475,367.9861111111111,LBBB,L,,,,132454,132517,132521,132601,132616,biphasic_negative_positive
109,532,132740,368.72222222222223,LBBB,L,,,,132718,132781,132784,132858,132872,biphasic_negative_positive
109,533,132995,369.43055555555554,LBBB,L,,,,132974,133038,133043,133117,133130,biphasic_negative_positive
109,534,133249,370.1361111111111,LBBB,L,,,,133227,133292,133296,133375,133390,biphasic_negative_positive
109,535,133514,370.8722222222222,LBBB,L,,,,133492,133558,133561,133641,133657,biphasic_negative_positive
109,536,133772,371.5888888888889,LBBB,L,,,,133752,133811,133846,133888,133905,normal
109,537,134017,372.26944444444445,LBBB,L,,,,133986,134054,134059,134128,134143,biphasic_negative_positive
109,538,134257,372.93611111111113,LBBB,L,,,,134238,134297,134300,134375,134391,biphasic_negative_positive
109,539,134509,373.6361111111111,LBBB,L,,,,134489,134547,134581,134622,134641,normal
109,540,134764,374.34444444444443,LBBB,L,,,,134743,134806,134811,134888,134909,biphasic_negative_positive
109,541,135034,375.09444444444443,LBBB,L,,,,135010,135077,135082,135158,135177,biphasic_negative_positive
109,542,135296,375.8222222222222,LBBB,L,,,,135275,135340,135344,135421,135439,biphasic_negative_positive
109,543,135553,376.5361111111111,LBBB,L,,,,135532,135594,135629,135676,135694,normal
109,544,135812,377.25555555555553,LBBB,L,,,,135791,135855,135858,135936,135955,biphasic_negative_positive
109,545,136071,377.975,LBBB,L,,,,136052,136111,136115,136188,136205,biphasic_negative_positive
109,546,136320,378.6666666666667,LBBB,L,,,,136299,136358,136390,136429,136443,normal
109,547,136562,379.3388888888889,LBBB,L,,,,136541,136601,136605,136678,136695,biphasic_negative_positive
109,548,136816,380.0444444444444,LBBB,L,,,,136794,136858,136862,136935,136952,biphasic_negative_positive
109,549,137075,380.7638888888889,LBBB,L,,,,137051,137119,137123,137199,137218,biphasic_negative_positive
109,550,137345,381.5138888888889,LBBB,L,,,,137322,137390,137394,137474,137491,biphasic_negative_positive
109,551,137610,382.25,LBBB,L,,,,137588,137652,137655,137735,137753,biphasic_negative_positive
109,552,137869,382.96944444444443,LBBB,L,,,,137848,137907,137910,137983,137998,biphasic_negative_positive
109,553,138114,383.65,LBBB,L,,,,138094,138156,138160,138234,138251,biphasic_negative_positive
109,554,138372,384.3666666666667,LBBB,L,,,,138351,138413,138416,138487,138500,biphasic_negative_positive
109,555,138619,385.0527777777778,LBBB,L,,,,138597,138660,138693,138736,138748,normal
109,556,138860,385.72222222222223,LBBB,L,,,,138840,138902,138905,138981,138991,biphasic_negative_positive
109,557,139113,386.425,LBBB,L,,,,139091,139157,139160,139242,139255,biphasic_negative_positive
109,558,139374,387.15,LBBB,L,,,,139352,139417,139423,139505,139523,biphasic_negative_positive
109,559,139643,387.89722222222224,LBBB,L,,,,139621,139686,139690,139771,139788,biphasic_negative_positive
109,560,139911,388.64166666666665,LBBB,L,,,,139890,139953,139957,140032,140042,biphasic_negative_positive
109,561,140166,389.35,LBBB,L,,,,140145,140205,140209,140278,140292,biphasic_negative_positive
109,562,140407,390.01944444444445,LBBB,L,,,,140386,140448,140453,140472,140520,inverted
109,563,140659,390.71944444444443,LBBB,L,,,,140637,140701,140705,140783,140794,biphasic_negative_positive
109,564,140909,391.4138888888889,LBBB,L,,,,140888,140949,140989,141028,141045,normal
109,565,141160,392.1111111111111,LBBB,L,,,,141140,141201,141206,141281,141294,biphasic_negative_positive
109,566,141414,392.81666666666666,LBBB,L,,,,141392,141456,141459,141540,141554,biphasic_negative_positive
109,567,141677,393.5472222222222,LBBB,L,,,,141646,141717,141755,141799,141812,normal
109,568,141943,394.2861111111111,LBBB,L,,,,141920,141984,141987,142066,142081,biphasic_negative_positive
109,569,142203,395.0083333333333,LBBB,L,,,,142182,142245,142281,142318,142330,normal
109,570,142448,395.68888888888887,LBBB,L,,,,142427,142490,142525,142565,142576,normal
109,571,142688,396.35555555555555,LBBB,L,,,,142668,142728,142761,142805,142817,normal
109,572,142935,397.0416666666667,LBBB,L,,,,142914,142977,143014,143058,143070,normal
109,573,143189,397.7472222222222,LBBB,L,,,,143169,143228,143235,143253,143302,inverted
109,574,143442,398.45,LBBB,L,,,,143421,143484,143486,143560,143584,biphasic_negative_positive
109,575,143694,399.15,LBBB,L,,,,143673,143738,143776,143818,143829,normal
109,576,143956,399.8777777777778,LBBB,L,,,,143934,144001,144006,144026,144073,inverted
109,577,144210,400.5833333333333,LBBB,L,,,,144188,144254,144256,144336,144348,biphasic_negative_positive
109,578,144466,401.2944444444444,LBBB,L,,,,144445,144509,144511,144590,144600,biphasic_negative_positive
109,579,144712,401.97777777777776,LBBB,L,,,,144692,144753,144756,144829,144846,biphasic_negative_positive
109,580,144952,402.64444444444445,LBBB,L,,,,144921,144992,145026,145065,145077,normal
109,581,145195,403.31944444444446,LBBB,L,,,,145162,145237,145242,145317,145330,biphasic_negative_positive
109,582,145454,404.0388888888889,LBBB,L,,,,145433,145499,145502,145578,145591,biphasic_negative_positive
109,583,145711,404.7527777777778,LBBB,L,,,,145690,145754,145758,145838,145853,biphasic_negative_positive
109,584,145970,405.47222222222223,LBBB,L,,,,145948,146012,146016,146095,146108,biphasic_negative_positive
109,585,146230,406.19444444444446,LBBB,L,,,,146208,146274,146279,146358,146374,biphasic_negative_positive
109,586,146486,406.90555555555557,LBBB,L,,,,146466,146526,146530,146607,146624,biphasic_negative_positive
109,587,146742,407.6166666666667,LBBB,L,,,,146709,146782,146786,146862,146878,biphasic_negative_positive
109,588,146996,408.3222222222222,LBBB,L,,,,146976,147034,147036,147109,147125,biphasic_negative_positive
109,589,147242,409.00555555555553,LBBB,L,,,,147222,147281,147285,147356,147370,biphasic_negative_positive
109,590,147483,409.675,LBBB,L,,,,147464,147525,147530,147607,147624,biphasic_negative_positive
109,591,147750,410.4166666666667,LBBB,L,,,,147727,147796,147837,147882,147898,normal
109,592,148021,411.1694444444444,LBBB,L,,,,147999,148065,148069,148151,148167,biphasic_negative_positive
109,593,148282,411.89444444444445,LBBB,L,,,,148262,148321,148324,148402,148419,biphasic_negative_positive
109,594,148538,412.60555555555555,LBBB,L,,,,148516,148580,148585,148663,148679,biphasic_negative_positive
109,595,148793,413.31388888888887,LBBB,L,,,,148773,148832,148835,148911,148927,biphasic_negative_positive
109,596,149045,414.0138888888889,LBBB,L,,,,149024,149085,149121,149162,149174,normal
109,597,149298,414.71666666666664,LBBB,L,,,,149276,149338,149341,149412,149427,biphasic_negative_positive
109,598,149540,415.3888888888889,LBBB,L,,,,149519,149580,149584,149657,149669,biphasic_negative_positive
109,599,149786,416.0722222222222,LBBB,L,,,,149753,149828,149866,149910,149923,normal
109,600,150054,416.81666666666666,LBBB,L,,,,150030,150098,150103,150187,150203,biphasic_negative_positive
109,601,150325,417.56944444444446,LBBB,L,,,,150303,150366,150370,150450,150465,biphasic_negative_positive
109,602,150588,418.3,LBBB,L,,,,150567,150626,150631,150705,150720,biphasic_negative_positive
109,603,150836,418.9888888888889,LBBB,L,,,,150816,150875,150878,150954,150971,biphasic_negative_positive
109,604,151088,419.68888888888887,LBBB,L,,,,151068,151126,151129,151201,151214,biphasic_negative_positive
109,605,151336,420.3777777777778,LBBB,L,,,,151316,151375,151380,151454,151471,biphasic_negative_positive
109,606,151587,421.075,LBBB,L,,,,151566,151629,151664,151704,151714,normal
109,607,151834,421.7611111111111,LBBB,L,,,,151813,151876,151881,151957,151970,biphasic_negative_positive
109,608,152085,422.4583333333333,LBBB,L,,,,152064,152126,152131,152210,152226,biphasic_negative_positive
109,609,152354,423.2055555555556,LBBB,L,,,,152330,152397,152404,152487,152500,biphasic_negative_positive
109,610,152624,423.9555555555556,LBBB,L,,,,152602,152664,152668,152747,152762,biphasic_negative_positive
109,611,152884,424.6777777777778,LBBB,L,,,,152863,152925,152928,153000,153011,biphasic_negative_positive
109,612,153090,425.25,PVC,V,,,,153046,153132,153133,153179,153240,normal
109,613,153378,426.05,LBBB,L,,,,153356,153416,,153438,153489,positive_monophasic
109,614,153619,426.71944444444443,LBBB,L,,,,153598,153662,153667,153739,153755,biphasic_negative_positive
109,615,153875,427.43055555555554,LBBB,L,,,,153853,153918,153922,153943,153992,inverted
109,616,154124,428.1222222222222,LBBB,L,,,,154103,154168,154174,154195,154245,inverted
109,617,154337,428.7138888888889,PVC,V,,,,154295,154380,154386,154428,154489,normal
109,618,154645,429.56944444444446,LBBB,L,,,,154621,154690,154700,154718,154777,inverted
109,619,154915,430.31944444444446,LBBB,L,,,,154893,154956,154989,155034,155053,normal
109,620,155173,431.0361111111111,LBBB,L,,,,155143,155215,,155236,155283,positive_monophasic
109,621,155415,431.7083333333333,LBBB,L,,,,155395,155456,155489,155529,155539,normal
109,622,155658,432.3833333333333,LBBB,L,,,,155636,155699,155703,155724,155768,inverted
109,623,155896,433.0444444444444,LBBB,L,,,,155875,155939,155941,156018,156039,biphasic_negative_positive
109,624,156145,433.7361111111111,LBBB,L,,,,156122,156188,156195,156215,156264,inverted
109,625,156398,434.43888888888887,LBBB,L,,,,156378,156442,156447,156526,156538,biphasic_negative_positive
109,626,156654,435.15,LBBB,L,,,,156633,156695,,156717,156768,positive_monophasic
109,627,156903,435.84166666666664,LBBB,L,,,,156882,156949,156956,157044,157058,biphasic_negative_positive
109,628,157168,436.5777777777778,LBBB,L,,,,157145,157211,157216,157291,157301,biphasic_negative_positive
109,629,157414,437.2611111111111,LBBB,L,,,,157393,157459,,157484,157530,positive_monophasic
109,630,157651,437.9194444444444,LBBB,L,,,,157631,157692,157695,157770,157790,biphasic_negative_positive
109,631,157889,438.5805555555556,LBBB,L,,,,157869,157931,157968,158019,158038,normal
109,632,158132,439.25555555555553,LBBB,L,,,,158111,158174,158177,158256,158280,biphasic_negative_positive
109,633,158382,439.95,LBBB,L,,,,158361,158424,158462,158507,158520,normal
109,634,158644,440.6777777777778,LBBB,L,,,,158623,158687,158719,158766,158782,normal
109,635,158907,441.40833333333336,LBBB,L,,,,158885,158949,158957,159029,159054,biphasic_negative_positive
109,636,159160,442.1111111111111,LBBB,L,,,,159140,159203,159207,159286,159300,biphasic_negative_positive
109,637,159426,442.85,LBBB,L,,,,159404,159471,159475,159553,159566,biphasic_negative_positive
109,638,159680,443.55555555555554,LBBB,L,,,,159659,159720,159757,159799,159826,normal
109,639,159921,444.225,LBBB,L,,,,159902,159960,159963,160036,160051,biphasic_negative_positive
109,640,160160,444.8888888888889,LBBB,L,,,,160141,160203,160210,160281,160294,biphasic_negative_positive
109,641,160411,445.5861111111111,LBBB,L,,,,160392,160449,160452,160528,160545,biphasic_negative_positive
109,642,160669,446.3027777777778,LBBB,L,,,,160647,160711,160716,160796,160811,biphasic_negative_positive
109,643,160938,447.05,LBBB,L,,,,160916,160979,161015,161058,161073,normal
109,644,161197,447.76944444444445,LBBB,L,,,,161174,161240,161243,161320,161337,biphasic_negative_positive
109,645,161452,448.47777777777776,LBBB,L,,,,161431,161495,161501,161575,161592,biphasic_negative_positive
109,646,161714,449.2055555555556,LBBB,L,,,,161693,161756,161761,161840,161856,biphasic_negative_positive
109,647,161967,449.90833333333336,LBBB,L,,,,161948,162008,162013,162089,162102,biphasic_negative_positive
109,648,162216,450.6,LBBB,L,,,,162195,162252,162287,162327,162340,normal
109,649,162457,451.26944444444445,LBBB,L,,,,162437,162496,162502,162576,162594,biphasic_negative_positive
109,650,162709,451.96944444444443,LBBB,L,,,,162689,162747,162785,162826,162840,normal
109,651,162968,452.68888888888887,LBBB,L,,,,162947,163012,163018,163096,163113,biphasic_negative_positive
109,652,163242,453.45,LBBB,L,,,,163217,163284,163324,163364,163377,normal
109,653,163501,454.1694444444444,LBBB,L,,,,163480,163543,163548,163625,163638,biphasic_negative_positive
109,654,163754,454.8722222222222,LBBB,L,,,,163722,163794,163799,163874,163888,biphasic_negative_positive
109,655,164009,455.5805555555556,LBBB,L,,,,163987,164050,164053,164132,164147,biphasic_negative_positive
109,656,164265,456.2916666666667,LBBB,L,,,,164245,164305,164309,164383,164395,biphasic_negative_positive
109,657,164516,456.9888888888889,LBBB,L,,,,164494,164554,164557,164626,164642,biphasic_negative_positive
109,658,164761,457.6694444444444,LBBB,L,,,,164740,164799,164834,164877,164893,normal
109,659,165020,458.3888888888889,LBBB,L,,,,164998,165061,165065,165140,165158,biphasic_negative_positive
109,660,165282,459.1166666666667,LBBB,L,,,,165259,165325,165331,165409,165425,biphasic_negative_positive
109,661,165553,459.86944444444447,LBBB,L,,,,165531,165597,165601,165681,165696,biphasic_negative_positive
109,662,165816,460.6,LBBB,L,,,,165794,165858,165864,165939,165954,biphasic_negative_positive
109,663,166066,461.2944444444444,LBBB,L,,,,166047,166107,166112,166186,166201,biphasic_negative_positive
109,664,166316,461.9888888888889,LBBB,L,,,,166296,166359,166362,166440,166454,biphasic_negative_positive
109,665,166575,462.7083333333333,LBBB,L,,,,166556,166615,166619,166691,166704,biphasic_negative_positive
109,666,166825,463.40277777777777,LBBB,L,,,,166804,166865,166870,166939,166955,biphasic_negative_positive
109,667,167072,464.0888888888889,LBBB,L,,,,167050,167114,167119,167193,167207,biphasic_negative_positive
109,668,167334,464.81666666666666,LBBB,L,,,,167310,167377,167417,167457,167473,normal
109,669,167596,465.5444444444444,LBBB,L,,,,167574,167641,167681,167725,167740,normal
109,670,167866,466.2944444444444,LBBB,L,,,,167845,167910,167915,167994,168011,biphasic_negative_positive
109,671,168128,467.02222222222224,LBBB,L,,,,168108,168169,168174,168248,168267,biphasic_negative_positive
109,672,168380,467.72222222222223,LBBB,L,,,,168360,168418,168421,168494,168510,biphasic_negative_positive
109,673,168627,468.40833333333336,LBBB,L,,,,168607,168668,168673,168750,168768,biphasic_negative_positive
109,674,168889,469.1361111111111,LBBB,L,,,,168869,168930,168934,169008,169026,biphasic_negative_positive
109,675,169144,469.84444444444443,LBBB,L,,,,169123,169186,169222,169267,169285,normal
109,676,169401,470.55833333333334,LBBB,L,,,,169379,169444,169482,169528,169547,normal
109,677,169670,471.30555555555554,LBBB,L,,,,169647,169713,169721,169798,169816,biphasic_negative_positive
109,678,169934,472.0388888888889,LBBB,L,,,,169912,169978,169985,170066,170086,biphasic_negative_positive
109,679,170204,472.7888888888889,LBBB,L,,,,170182,170247,170253,170331,170349,biphasic_negative_positive
109,680,170462,473.50555555555553,LBBB,L,,,,170442,170501,170505,170583,170602,biphasic_negative_positive
109,681,170715,474.2083333333333,LBBB,L,,,,170695,170753,170756,170828,170848,biphasic_negative_positive
109,682,170961,474.89166666666665,LBBB,L,,,,170942,171002,171042,171082,171100,normal
109,683,171225,475.625,LBBB,L,,,,171202,171265,171270,171345,171360,biphasic_negative_positive
109,684,171482,476.3388888888889,LBBB,L,,,,171461,171526,171530,171611,171626,biphasic_negative_positive
109,685,171742,477.06111111111113,LBBB,L,,,,171722,171787,171791,171873,171889,biphasic_negative_positive
109,686,172008,477.8,LBBB,L,,,,171985,172051,172055,172137,172155,biphasic_negative_positive
109,687,172268,478.52222222222224,LBBB,L,,,,172247,172311,172314,172398,172416,biphasic_negative_positive
109,688,172532,479.25555555555553,LBBB,L,,,,172499,172574,172578,172660,172673,biphasic_negative_positive
109,689,172790,479.97222222222223,LBBB,L,,,,172770,172828,172832,172906,172920,biphasic_negative_positive
109,690,173036,480.65555555555557,LBBB,L,,,,173015,173075,173078,173150,173163,biphasic_negative_positive
109,691,173277,481.325,LBBB,L,,,,173256,173319,173357,173399,173412,normal
109,692,173538,482.05,LBBB,L,,,,173516,173582,173585,173668,173679,biphasic_negative_positive
109,693,173801,482.78055555555557,LBBB,L,,,,173779,173842,173846,173929,173942,biphasic_negative_positive
109,694,174063,483.5083333333333,LBBB,L,,,,174042,174103,174106,174185,174200,biphasic_negative_positive
109,695,174317,484.2138888888889,LBBB,L,,,,174296,174360,174365,174443,174468,biphasic_negative_positive
109,696,174576,484.93333333333334,LBBB,L,,,,174556,174614,,174642,174689,positive_monophasic
109,697,174825,485.625,LBBB,L,,,,174804,174864,174868,174891,174940,inverted
109,698,175075,486.31944444444446,LBBB,L,,,,175053,175115,,175140,175186,positive_monophasic
109,699,175314,486.98333333333335,LBBB,L,,,,175293,175355,175359,175433,175452,biphasic_negative_positive
109,700,175553,487.64722222222224,LBBB,L,,,,175523,175597,175600,175676,175687,biphasic_negative_positive
109,701,175812,488.3666666666667,LBBB,L,,,,175789,175855,175858,175882,175935,inverted
109,702,176071,489.0861111111111,PVC,V,,,,176038,176090,176118,176163,176210,normal
109,703,176339,489.8305555555556,LBBB,L,,,,176317,176381,176417,176480,176516,normal
109,704,176589,490.525,LBBB,L,,,,176567,176632,176635,176712,176734,biphasic_negative_positive
109,705,176845,491.2361111111111,LBBB,L,,,,176822,176887,,176911,176956,positive_monophasic
109,706,177086,491.90555555555557,LBBB,L,,,,177065,177129,177166,177206,177216,normal
109,707,177334,492.59444444444443,LBBB,L,,,,177314,177377,177380,177459,177471,biphasic_negative_positive
109,708,177584,493.2888888888889,LBBB,L,,,,177562,177623,177627,177702,177715,biphasic_negative_positive
109,709,177830,493.97222222222223,LBBB,L,,,,177797,177873,177876,177950,177959,biphasic_negative_positive
109,710,178083,494.675,LBBB,L,,,,178061,178128,178164,178211,178238,normal
109,711,178353,495.425,LBBB,L,,,,178331,178399,,178424,178473,positive_monophasic
109,712,178613,496.14722222222224,LBBB,L,,,,178591,178658,,178680,178733,positive_monophasic
109,713,178861,496.8361111111111,LBBB,L,,,,178841,178903,178906,178983,179002,biphasic_negative_positive
109,714,179103,497.5083333333333,LBBB,L,,,,179083,179148,179181,179230,179247,normal
109,715,179344,498.1777777777778,LBBB,L,,,,179324,179384,,179406,179456,positive_monophasic
109,716,179590,498.8611111111111,LBBB,L,,,,179571,179632,,179653,179703,positive_monophasic
109,717,179840,499.55555555555554,LBBB,L,,,,179820,179881,179884,179901,179952,inverted
109,718,180087,500.2416666666667,LBBB,L,,,,180065,180132,180135,180210,180232,biphasic_negative_positive
109,719,180334,500.9277777777778,LBBB,L,,,,180312,180377,,180400,180452,positive_monophasic
109,720,180598,501.6611111111111,LBBB,L,,,,180578,180645,180683,180730,180743,normal
109,721,180868,502.4111111111111,LBBB,L,,,,180846,180910,180913,180991,181004,biphasic_negative_positive
109,722,181125,503.125,LBBB,L,,,,181103,181162,181166,181236,181256,biphasic_negative_positive
109,723,181361,503.78055555555557,LBBB,L,,,,181342,181401,181405,181479,181504,biphasic_negative_positive
109,724,181609,504.46944444444443,LBBB,L,,,,181576,181646,181680,181723,181735,normal
109,725,181857,505.15833333333336,LBBB,L,,,,181836,181897,181901,181977,181993,biphasic_negative_positive
109,726,182114,505.8722222222222,LBBB,L,,,,182091,182156,182194,182234,182250,normal
109,727,182368,506.5777777777778,LBBB,L,,,,182347,182413,182452,182493,182509,normal
109,728,182628,507.3,LBBB,L,,,,182607,182672,182675,182754,182770,biphasic_negative_positive
109,729,182902,508.06111111111113,LBBB,L,,,,182880,182947,182987,183033,183051,normal
109,730,183173,508.81388888888887,LBBB,L,,,,183153,183214,183249,183294,183311,normal
109,731,183431,509.53055555555557,LBBB,L,,,,183411,183468,183503,183542,183560,normal
109,732,183642,510.1166666666667,PVC,V,,,,183596,183678,183686,183729,183792,normal
109,733,183929,510.9138888888889,LBBB,L,,,,183908,183967,184002,184048,184063,normal
109,734,184182,511.6166666666667,LBBB,L,,,,184161,184223,184258,184303,184328,normal
109,735,184456,512.3777777777777,LBBB,L,,,,184435,184500,184505,184583,184600,biphasic_negative_positive
109,736,184723,513.1194444444444,LBBB,L,,,,184701,184766,184801,184848,184866,normal
109,737,184986,513.85,LBBB,L,,,,184966,185029,185034,185116,185135,biphasic_negative_positive
109,738,185262,514.6166666666667,LBBB,L,,,,185240,185307,185310,185391,185412,biphasic_negative_positive
109,739,185529,515.3583333333333,LBBB,L,,,,185509,185568,185570,185648,185666,biphasic_negative_positive
109,740,185779,516.0527777777778,LBBB,L,,,,185760,185816,185819,185893,185909,biphasic_negative_positive
109,741,186027,516.7416666666667,LBBB,L,,,,186007,186066,186068,186145,186163,biphasic_negative_positive
109,742,186281,517.4472222222222,LBBB,L,,,,186261,186319,186356,186399,186413,normal
109,743,186538,518.1611111111112,LBBB,L,,,,186518,186579,186582,186664,186684,biphasic_negative_positive
109,744,186812,518.9222222222222,LBBB,L,,,,186790,186854,186861,186938,186954,biphasic_negative_positive
109,745,187077,519.6583333333333,LBBB,L,,,,187056,187122,187128,187205,187221,biphasic_negative_positive
109,746,187339,520.3861111111111,LBBB,L,,,,187318,187381,187386,187466,187480,biphasic_negative_positive
109,747,187606,521.1277777777777,LBBB,L,,,,187585,187649,187652,187734,187749,biphasic_negative_positive
109,748,187864,521.8444444444444,LBBB,L,,,,187845,187903,187907,187985,188001,biphasic_negative_positive
109,749,188115,522.5416666666666,LBBB,L,,,,188095,188151,188153,188230,188244,biphasic_negative_positive
109,750,188361,523.225,LBBB,L,,,,188341,188399,188439,188484,188501,normal
109,751,188618,523.9388888888889,LBBB,L,,,,188598,188657,188660,188742,188761,biphasic_negative_positive
109,752,188885,524.6805555555555,LBBB,L,,,,188863,188927,188935,189017,189031,biphasic_negative_positive
109,753,189163,525.4527777777778,LBBB,L,,,,189141,189205,189209,189287,189302,biphasic_negative_positive
109,754,189428,526.1888888888889,LBBB,L,,,,189405,189469,189473,189549,189563,biphasic_negative_positive
109,755,189683,526.8972222222222,LBBB,L,,,,189663,189724,189727,189806,189822,biphasic_negative_positive
109,756,189945,527.625,LBBB,L,,,,189923,189985,189988,190069,190081,biphasic_negative_positive
109,757,190197,528.325,LBBB,L,,,,190178,190237,190240,190318,190334,biphasic_negative_positive
109,758,190415,528.9305555555555,PVC,V,,,,190369,190448,190460,190499,190563,normal
109,759,190691,529.6972222222222,LBBB,L,,,,190671,190732,,190758,190817,positive_monophasic
109,760,190949,530.4138888888889,LBBB,L,,,,190929,190990,191031,191078,191100,normal
109,761,191225,531.1805555555555,LBBB,L,,,,191205,191269,191279,191362,191377,biphasic_negative_positive
109,762,191500,531.9444444444445,LBBB,L,,,,191478,191539,191544,191624,191640,biphasic_negative_positive
109,763,191759,532.6638888888889,LBBB,L,,,,191738,191800,191805,191882,191897,biphasic_negative_positive
109,764,192010,533.3611111111111,LBBB,L,,,,191989,192051,192056,192134,192149,biphasic_negative_positive
109,765,192269,534.0805555555555,LBBB,L,,,,192248,192312,192316,192394,192407,biphasic_negative_positive
109,766,192519,534.775,LBBB,L,,,,192499,192561,192564,192641,192655,biphasic_negative_positive
109,767,192767,535.4638888888888,LBBB,L,,,,192748,192806,192809,192887,192902,biphasic_negative_positive
109,768,193018,536.1611111111112,LBBB,L,,,,192997,193061,193064,193144,193163,biphasic_negative_positive
109,769,193278,536.8833333333333,LBBB,L,,,,193259,193322,193325,193406,193422,biphasic_negative_positive
109,770,193549,537.6361111111111,LBBB,L,,,,193527,193591,193594,193677,193692,biphasic_negative_positive
109,771,193818,538.3833333333333,LBBB,L,,,,193796,193857,193860,193938,193949,biphasic_negative_positive
109,772,194070,539.0833333333334,LBBB,L,,,,194049,194108,194145,194185,194196,normal
109,773,194310,539.75,LBBB,L,,,,194290,194351,194390,194431,194444,normal
109,774,194565,540.4583333333334,LBBB,L,,,,194543,194606,194646,194689,194700,normal
109,775,194814,541.15,LBBB,L,,,,194795,194854,194859,194938,194950,biphasic_negative_positive
109,776,195063,541.8416666666667,LBBB,L,,,,195043,195101,195104,195183,195196,biphasic_negative_positive
109,777,195316,542.5444444444445,LBBB,L,,,,195296,195359,195399,195443,195460,normal
109,778,195582,543.2833333333333,LBBB,L,,,,195563,195623,195663,195711,195724,normal
109,779,195849,544.025,LBBB,L,,,,195827,195891,195930,195978,195993,normal
109,780,196116,544.7666666666667,LBBB,L,,,,196094,196158,196163,196237,196252,biphasic_negative_positive
109,781,196366,545.4611111111111,LBBB,L,,,,196345,196408,196416,196485,196497,biphasic_negative_positive
109,782,196608,546.1333333333333,LBBB,L,,,,196588,196647,196653,196726,196737,biphasic_negative_positive
109,783,196857,546.825,LBBB,L,,,,196837,196901,196905,196984,196996,biphasic_negative_positive
109,784,197115,547.5416666666666,LBBB,L,,,,197094,197156,197158,197236,197252,biphasic_negative_positive
109,785,197370,548.25,LBBB,L,,,,197352,197412,197442,197486,197499,normal
109,786,197625,548.9583333333334,LBBB,L,,,,197604,197666,197669,197748,197763,biphasic_negative_positive
109,787,197891,549.6972222222222,LBBB,L,,,,197871,197931,197934,198011,198026,biphasic_negative_positive
109,788,198154,550.4277777777778,LBBB,L,,,,198132,198195,198198,198277,198291,biphasic_negative_positive
109,789,198416,551.1555555555556,LBBB,L,,,,198395,198458,,198480,198530,positive_monophasic
109,790,198663,551.8416666666667,LBBB,L,198565,198578,198597,198641,198701,198741,198784,198797,normal
109,791,198909,552.525,LBBB,L,198809,198823,198842,198887,198946,198954,199030,199046,biphasic_negative_positive
109,792,199163,553.2305555555556,LBBB,L,199080,199098,199108,199139,199204,199212,199292,199309,biphasic_negative_positive
109,793,199429,553.9694444444444,LBBB,L,199347,199367,199398,199408,199468,199475,199552,199571,biphasic_negative_positive
109,794,199696,554.7111111111111,LBBB,L,199610,199632,199662,199673,199732,199739,199814,199834,biphasic_negative_positive
109,795,199960,555.4444444444445,LBBB,L,199875,199895,199920,199937,199992,200037,200084,200104,normal
109,796,200231,556.1972222222222,LBBB,L,200141,200172,200199,200207,200267,200303,200351,200371,normal
109,797,200497,556.9361111111111,LBBB,L,200409,200439,200463,200471,200537,200543,200617,200637,biphasic_negative_positive
109,798,200760,557.6666666666666,LBBB,L,200676,200696,200722,200735,200783,200804,200877,200898,biphasic_negative_positive
109,799,201008,558.3555555555556,LBBB,L,200928,200946,200960,200986,201046,201055,201127,201146,biphasic_negative_positive
109,800,201257,559.0472222222222,LBBB,L,201158,201171,201190,201235,201298,201330,201377,201396,normal
109,801,201518,559.7722222222222,LBBB,L,201432,201460,201483,201494,201557,201563,201646,201667,biphasic_negative_positive
109,802,201786,560.5166666666667,LBBB,L,201705,201726,201745,201763,201824,201832,201914,201934,biphasic_negative_positive
109,803,202055,561.2638888888889,LBBB,L,201971,201990,202006,202031,202096,202132,202180,202197,normal
109,804,202320,562.0,LBBB,L,202235,202253,202289,202296,202360,202366,202443,202463,biphasic_negative_positive
109,805,202588,562.7444444444444,LBBB,L,202502,202524,202553,202565,202625,202629,202705,202724,biphasic_negative_positive
109,806,202846,563.4611111111111,LBBB,L,202761,202780,202801,202823,202884,202922,202967,202985,normal
109,807,203106,564.1833333333333,LBBB,L,203021,203039,203074,203082,203147,203153,203225,203242,biphasic_negative_positive
109,808,203358,564.8833333333333,LBBB,L,203277,203299,203326,203333,203383,203403,203478,203496,biphasic_negative_positive
109,809,203611,565.5861111111111,LBBB,L,203532,203552,203569,203590,203651,203655,203735,203755,biphasic_negative_positive
109,810,203877,566.325,LBBB,L,203790,203808,203818,203853,203916,203929,204011,204032,biphasic_negative_positive
109,811,204157,567.1027777777778,LBBB,L,204071,204091,204124,204132,204197,204201,204282,204303,biphasic_negative_positive
109,812,204428,567.8555555555556,LBBB,L,204343,204363,204387,204406,204467,204471,204549,204574,biphasic_negative_positive
109,813,204695,568.5972222222222,LBBB,L,204608,204627,204640,204672,204731,204769,204817,204836,normal
109,814,204958,569.3277777777778,LBBB,L,204873,204898,204927,204935,204995,204999,205071,205092,biphasic_negative_positive
109,815,205212,570.0333333333333,LBBB,L,205128,205147,205169,205188,205253,205256,205333,205354,biphasic_negative_positive
109,816,205474,570.7611111111111,LBBB,L,205387,205405,205419,205450,205513,205551,205596,205613,normal
109,817,205729,571.4694444444444,LBBB,L,205647,205672,205697,205708,205770,205776,205851,205871,biphasic_negative_positive
109,818,205986,572.1833333333333,LBBB,L,205905,205924,205947,205962,206023,206031,206113,206134,biphasic_negative_positive
109,819,206260,572.9444444444445,LBBB,L,206170,206187,206202,206236,206299,206342,206396,206417,normal
109,820,206543,573.7305555555556,LBBB,L,206456,206483,206509,206519,206580,206586,206666,206689,biphasic_negative_positive
109,821,206812,574.4777777777778,LBBB,L,206728,206748,206780,206790,206849,206887,206932,206952,normal
109,822,207070,575.1944444444445,LBBB,L,206986,207004,207014,207047,207107,207143,207190,207210,normal
109,823,207330,575.9166666666666,LBBB,L,207245,207268,207296,207306,207365,207370,207446,207467,biphasic_negative_positive
109,824,207583,576.6194444444444,LBBB,L,207499,207517,207536,207559,207623,207658,207704,207722,normal
109,825,207842,577.3388888888888,LBBB,L,207756,207780,207809,207817,207881,207888,207963,207981,biphasic_negative_positive
109,826,208099,578.0527777777778,LBBB,L,208015,208035,208062,208074,208140,208147,208229,208247,biphasic_negative_positive
109,827,208363,578.7861111111112,LBBB,L,208279,208296,208332,208338,208405,208442,208492,208508,normal
109,828,208636,579.5444444444445,LBBB,L,208547,208575,208602,208609,208679,208683,208769,208789,biphasic_negative_positive
109,829,208913,580.3138888888889,LBBB,L,208829,208850,208872,208890,208945,208957,209039,209059,biphasic_negative_positive
109,830,209176,581.0444444444445,LBBB,L,209094,209114,209128,209155,209214,209221,209294,209308,biphasic_negative_positive
109,831,209424,581.7333333333333,LBBB,L,209341,209359,209395,209401,209460,209466,209541,209554,biphasic_negative_positive
109,832,209675,582.4305555555555,LBBB,L,209591,209615,209642,209652,209711,209717,209790,209801,biphasic_negative_positive
109,833,209923,583.1194444444444,LBBB,L,209839,209860,209885,209898,209948,209968,210046,210058,biphasic_negative_positive
109,834,210180,583.8333333333334,LBBB,L,210096,210115,210150,210157,210221,210229,210307,210324,biphasic_negative_positive
109,835,210439,584.5527777777778,LBBB,L,210333,210348,210367,210415,210481,210490,210572,210585,biphasic_negative_positive
109,836,210702,585.2833333333333,LBBB,L,210618,210644,210670,210679,210744,210753,210831,210845,biphasic_negative_positive
109,837,210971,586.0305555555556,LBBB,L,210882,210903,210936,210946,211004,211019,211101,211116,biphasic_negative_positive
109,838,211240,586.7777777777778,LBBB,L,211155,211181,211207,211218,211278,211284,211360,211375,biphasic_negative_positive
109,839,211496,587.4888888888889,LBBB,L,211414,211434,211457,211476,211535,211541,211613,211627,biphasic_negative_positive
109,840,211741,588.1694444444445,LBBB,L,211660,211678,211693,211717,211778,211786,211860,211871,biphasic_negative_positive
109,841,211988,588.8555555555556,LBBB,L,211905,211922,211957,211963,212028,212033,212103,212117,biphasic_negative_positive
109,842,212238,589.55,LBBB,L,212152,212177,212202,212213,212280,212283,212359,212375,biphasic_negative_positive
109,843,212501,590.2805555555556,LBBB,L,212415,212435,212456,212478,212530,212550,212634,212650,biphasic_negative_positive
109,844,212766,591.0166666666667,LBBB,L,212683,212702,212713,212743,212808,212816,212896,212911,biphasic_negative_positive
109,845,213029,591.7472222222223,LBBB,L,212946,212964,212997,213006,213067,213075,213152,213166,biphasic_negative_positive
109,846,213290,592.4722222222222,LBBB,L,213205,213233,213258,213265,213331,213338,213419,213436,biphasic_negative_positive
109,847,213560,593.2222222222222,LBBB,L,213477,213498,213522,213535,213600,213637,213680,213693,normal
109,848,213811,593.9194444444445,LBBB,L,213730,213749,213764,213789,213852,213859,213929,213944,biphasic_negative_positive
109,849,214056,594.6,LBBB,L,213950,213964,213985,214032,214094,214100,214171,214189,biphasic_negative_positive
109,850,214307,595.2972222222222,LBBB,L,214224,214244,214272,214284,214345,214352,214427,214444,biphasic_negative_positive
109,851,214559,595.9972222222223,LBBB,L,214476,214494,214510,214536,214603,214642,214690,214707,normal
109,852,214831,596.7527777777777,LBBB,L,214743,214761,214800,214807,214873,214913,214963,214983,normal
109,853,215100,597.5,LBBB,L,215019,215041,215068,215076,215143,215147,215226,215246,biphasic_negative_positive
109,854,215364,598.2333333333333,LBBB,L,215283,215301,215321,215341,215396,215440,215487,215507,normal
109,855,215628,598.9666666666667,LBBB,L,215541,215560,215595,215604,215670,215707,215755,215775,normal
109,856,215897,599.7138888888888,LBBB,L,215814,215838,215865,215875,215934,215939,216012,216029,biphasic_negative_positive
109,857,216147,600.4083333333333,LBBB,L,216066,216085,216105,216126,216186,216222,216263,216279,normal
109,858,216392,601.0888888888888,LBBB,L,216311,216328,216364,216372,216432,216440,216509,216526,biphasic_negative_positive
109,859,216605,601.6805555555555,PVC,V,,,,216561,216623,216625,216701,216768,normal
109,860,216909,602.525,LBBB,L,216823,216843,216859,216884,216945,216994,217045,217057,normal
109,861,217181,603.2805555555556,LBBB,L,217091,217111,217123,217157,217224,217263,217313,217334,normal
109,862,217453,604.0361111111112,LBBB,L,217338,217362,217382,217429,217495,217501,217581,217601,biphasic_negative_positive
109,863,217714,604.7611111111111,LBBB,L,217634,217653,217671,217693,217753,217791,217837,217854,normal
109,864,217972,605.4777777777778,LBBB,L,217888,217914,217942,217951,218011,218019,218096,218115,biphasic_negative_positive
109,865,218235,606.2083333333334,LBBB,L,218153,218175,218201,218214,218271,218277,218351,218371,biphasic_negative_positive
109,866,218486,606.9055555555556,LBBB,L,218405,218424,218440,218466,218522,218531,218602,218618,biphasic_negative_positive
109,867,218733,607.5916666666667,LBBB,L,218650,218677,218704,218711,218773,218778,218849,218869,biphasic_negative_positive
109,868,218994,608.3166666666667,LBBB,L,218908,218931,218956,218971,219035,219073,219116,219135,normal
109,869,219261,609.0583333333333,LBBB,L,219172,219202,219227,219236,219302,219342,219390,219407,normal
109,870,219535,609.8194444444445,LBBB,L,219445,219465,219501,219511,219577,219582,219663,219677,biphasic_negative_positive
109,871,219759,610.4416666666667,PVC,V,,,,219707,219775,219805,219847,219892,normal
109,872,220055,611.2638888888889,LBBB,L,219943,219968,219985,220034,220093,220099,220178,220193,biphasic_negative_positive
109,873,220308,611.9666666666667,LBBB,L,220228,220251,220277,220285,220347,220387,220430,220452,normal
109,874,220572,612.7,LBBB,L,220468,220483,220503,220550,220609,220618,220693,220706,biphasic_negative_positive
109,875,220825,613.4027777777778,LBBB,L,220740,220759,220769,220802,220861,220869,220939,220956,biphasic_negative_positive
109,876,221077,614.1027777777778,LBBB,L,220993,221016,221042,221053,221115,221155,221198,221214,normal
109,877,221340,614.8333333333334,LBBB,L,221253,221272,221292,221317,221372,221385,221464,221481,biphasic_negative_positive
109,878,221607,615.575,LBBB,L,221517,221537,221576,221581,221642,221658,221734,221751,biphasic_negative_positive
109,879,221881,616.3361111111111,LBBB,L,221792,221816,221844,221857,221923,221929,222006,222021,biphasic_negative_positive
109,880,222139,617.0527777777778,LBBB,L,222036,222050,222069,222116,222180,222187,222262,222276,biphasic_negative_positive
109,881,222386,617.7388888888889,LBBB,L,222308,222333,222358,222366,222422,222430,222504,222521,biphasic_negative_positive
109,882,222639,618.4416666666667,LBBB,L,222557,222577,222603,222618,222679,222683,222765,222783,biphasic_negative_positive
109,883,222898,619.1611111111112,LBBB,L,222819,222836,222853,222877,222937,222941,223018,223034,biphasic_negative_positive
109,884,223152,619.8666666666667,LBBB,L,223070,223087,223124,223129,223189,223194,223267,223283,biphasic_negative_positive
109,885,223407,620.575,LBBB,L,223322,223346,223371,223385,223446,223452,223533,223551,biphasic_negative_positive
109,886,223676,621.3222222222222,LBBB,L,223587,223606,223622,223651,223716,223721,223798,223814,biphasic_negative_positive
109,887,223941,622.0583333333333,LBBB,L,223851,223870,223908,223915,223982,223987,224065,224084,biphasic_negative_positive
109,888,224212,622.8111111111111,LBBB,L,224124,224149,224174,224189,224251,224258,224336,224351,biphasic_negative_positive
109,889,224467,623.5194444444444,LBBB,L,224361,224377,224395,224443,224498,224513,224585,224600,biphasic_negative_positive
109,890,224712,624.2,LBBB,L,224610,224622,224644,224688,224748,224753,224829,224844,biphasic_negative_positive
109,891,224966,624.9055555555556,LBBB,L,224883,224900,224921,224942,225007,225012,225094,225111,biphasic_negative_positive
109,892,225228,625.6333333333333,LBBB,L,225148,225175,225197,225205,225264,225270,225350,225370,biphasic_negative_positive
109,893,225489,626.3583333333333,LBBB,L,225408,225426,225444,225467,225525,225561,225610,225628,normal
109,894,225750,627.0833333333334,LBBB,L,225667,225696,225720,225727,225782,225796,225877,225897,biphasic_negative_positive
109,895,226023,627.8416666666667,LBBB,L,225938,225958,225988,225998,226058,226065,226145,226164,biphasic_negative_positive
109,896,226290,628.5833333333334,LBBB,L,226203,226222,226240,226267,226321,226336,226415,226434,biphasic_negative_positive
109,897,226555,629.3194444444445,LBBB,L,226470,226490,226521,226531,226596,226632,226673,226689,normal
109,898,226806,630.0166666666667,LBBB,L,226724,226742,226756,226783,226842,226852,226924,226938,biphasic_negative_positive
109,899,227051,630.6972222222222,LBBB,L,226946,226962,226982,227029,227089,227095,227170,227187,biphasic_negative_positive
109,900,227307,631.4083333333333,LBBB,L,227224,227244,227271,227286,227347,227388,227437,227453,normal
109,901,227572,632.1444444444444,LBBB,L,227489,227511,227540,227549,227610,227616,227699,227718,biphasic_negative_positive
109,902,227839,632.8861111111111,LBBB,L,227756,227777,227795,227815,227875,227882,227963,227981,biphasic_negative_positive
109,903,228102,633.6166666666667,LBBB,L,228018,228036,228068,228078,228139,228146,228230,228248,biphasic_negative_positive
109,904,228370,634.3611111111111,LBBB,L,228288,228308,228335,228349,228409,228414,228495,228514,biphasic_negative_positive
109,905,228636,635.1,LBBB,L,228551,228571,228604,228613,228673,228680,228759,228775,biphasic_negative_positive
109,906,228896,635.8222222222222,LBBB,L,228813,228835,228862,228872,228935,228940,229014,229030,biphasic_negative_positive
109,907,229145,636.5138888888889,LBBB,L,229064,229081,229113,229122,229184,229188,229263,229279,biphasic_negative_positive
109,908,229392,637.2,LBBB,L,229288,229304,229325,229369,229429,229436,229516,229534,biphasic_negative_positive
109,909,229655,637.9305555555555,LBBB,L,229569,229587,229598,229629,229688,229704,229786,229804,biphasic_negative_positive
109,910,229926,638.6833333333333,LBBB,L,229842,229866,229891,229903,229967,229972,230056,230078,biphasic_negative_positive
109,911,230196,639.4333333333333,LBBB,L,230112,230133,230147,230173,230232,230271,230320,230339,normal
109,912,230457,640.1583333333333,LBBB,L,230374,230395,230424,230432,230497,230503,230585,230599,biphasic_negative_positive
109,913,230719,640.8861111111111,LBBB,L,230640,230660,230678,230699,230757,230797,230843,230861,normal
109,914,230980,641.6111111111111,LBBB,L,230897,230916,230950,230959,231019,231024,231102,231119,biphasic_negative_positive
109,915,231240,642.3333333333334,LBBB,L,231157,231177,231206,231217,231277,231282,231356,231370,biphasic_negative_positive
109,916,231487,643.0194444444444,LBBB,L,231406,231426,231450,231463,231523,231530,231605,231617,biphasic_negative_positive
109,917,231733,643.7027777777778,LBBB,L,231630,231643,231664,231710,231774,231781,231860,231876,biphasic_negative_positive
109,918,232003,644.4527777777778,LBBB,L,231915,231936,231969,231979,232046,232058,232137,232153,biphasic_negative_positive
109,919,232275,645.2083333333334,LBBB,L,232192,232215,232243,232254,232315,232322,232405,232419,biphasic_negative_positive
109,920,232539,645.9416666666667,LBBB,L,232458,232479,232503,232518,232578,232583,232667,232681,biphasic_negative_positive
109,921,232800,646.6666666666666,LBBB,L,232718,232735,232747,232777,232837,232848,232925,232941,biphasic_negative_positive
109,922,233057,647.3805555555556,LBBB,L,232976,233001,233027,233035,233096,233099,233174,233188,biphasic_negative_positive
109,923,233309,648.0805555555555,LBBB,L,233226,233249,233271,233287,233346,233384,233425,233444,normal
109,924,233563,648.7861111111112,LBBB,L,233481,233502,233522,233539,233601,233610,233682,233693,biphasic_negative_positive
109,925,233809,649.4694444444444,LBBB,L,233726,233744,233756,233786,233846,233856,233928,233942,biphasic_negative_positive
109,926,234056,650.1555555555556,LBBB,L,233975,234003,234025,234032,234097,234103,234182,234197,biphasic_negative_positive
109,927,234325,650.9027777777778,LBBB,L,234236,234257,234289,234301,234367,234373,234457,234474,biphasic_negative_positive
109,928,234597,651.6583333333333,LBBB,L,234515,234536,234558,234576,234637,234679,234724,234743,normal
109,929,234834,652.3166666666667,PVC,V,234758,234769,234796,234802,234847,234872,234922,234984,normal
109,930,235113,653.0916666666667,LBBB,L,235031,235058,235083,235092,235153,235158,235239,235248,biphasic_negative_positive
109,931,235367,653.7972222222222,LBBB,L,235285,235305,235335,235344,235401,235408,235479,235497,biphasic_negative_positive
109,932,235617,654.4916666666667,LBBB,L,235536,235559,235584,235596,235657,235694,235739,235754,normal
109,933,235872,655.2,LBBB,L,235789,235807,235818,235850,235914,235949,235993,236011,normal
109,934,236129,655.9138888888889,LBBB,L,236045,236064,236096,236103,236162,236177,236255,236270,biphasic_negative_positive
109,935,236388,656.6333333333333,LBBB,L,236306,236329,236349,236364,236426,236468,236513,236534,normal
109,936,236657,657.3805555555556,LBBB,L,236570,236589,236604,236633,236700,236741,236791,236812,normal
109,937,236934,658.15,LBBB,L,236850,236880,236903,236912,236977,236981,237058,237078,biphasic_negative_positive
109,938,237201,658.8916666666667,LBBB,L,237119,237140,237167,237180,237240,237276,237318,237335,normal
109,939,237452,659.5888888888888,LBBB,L,237370,237390,237404,237430,237487,237496,237568,237587,biphasic_negative_positive
109,940,237704,660.2888888888889,LBBB,L,237622,237641,237673,237681,237741,237748,237818,237836,biphasic_negative_positive
109,941,237956,660.9888888888889,LBBB,L,237873,237893,237920,237931,237996,238033,238078,238096,normal
109,942,238215,661.7083333333334,LBBB,L,238131,238150,238185,238194,238256,238264,238340,238359,biphasic_negative_positive
109,943,238478,662.4388888888889,LBBB,L,238396,238416,238443,238454,238520,238562,238611,238627,normal
109,944,238743,663.175,LBBB,L,238662,238679,238713,238722,238784,238790,238868,238890,biphasic_negative_positive
109,945,239015,663.9305555555555,LBBB,L,238928,238950,238975,238991,239048,239062,239150,239166,biphasic_negative_positive
109,946,239291,664.6972222222222,LBBB,L,239205,239223,239237,239269,239330,239338,239413,239431,biphasic_negative_positive
109,947,239551,665.4194444444445,LBBB,L,239468,239490,239519,239528,239588,239594,239665,239682,biphasic_negative_positive
109,948,239797,666.1027777777778,LBBB,L,239695,239709,239727,239774,239833,239845,239913,239929,biphasic_negative_positive
109,949,240049,666.8027777777778,LBBB,L,239962,239983,240014,240024,240085,240091,240163,240177,biphasic_negative_positive
109,950,240299,667.4972222222223,LBBB,L,240215,240238,240257,240276,240338,240346,240423,240441,biphasic_negative_positive
109,951,240566,668.2388888888889,LBBB,L,240478,240499,240514,240541,240607,240614,240695,240714,biphasic_negative_positive
109,952,240831,668.975,LBBB,L,240747,240771,240799,240807,240872,240879,240962,240977,biphasic_negative_positive
109,953,241100,669.7222222222222,LBBB,L,241017,241040,241064,241076,241130,241144,241225,241242,biphasic_negative_positive
109,954,241369,670.4694444444444,LBBB,L,241281,241300,241313,241345,241401,241420,241500,241516,biphasic_negative_positive
109,955,241638,671.2166666666667,LBBB,L,241555,241578,241605,241616,241675,241681,241756,241771,biphasic_negative_positive
109,956,241891,671.9194444444445,LBBB,L,241809,241831,241861,241868,241923,241935,242009,242025,biphasic_negative_positive
109,957,242138,672.6055555555556,LBBB,L,242035,242047,242067,242113,242179,242184,242256,242269,biphasic_negative_positive
109,958,242394,673.3166666666667,LBBB,L,242308,242329,242350,242370,242431,242437,242511,242524,biphasic_negative_positive
109,959,242647,674.0194444444444,LBBB,L,242561,242580,242593,242623,242688,242698,242775,242792,biphasic_negative_positive
109,960,242920,674.7777777777778,LBBB,L,242829,242858,242882,242894,242960,242969,243052,243068,biphasic_negative_positive
109,961,243188,675.5222222222222,LBBB,L,243105,243125,243148,243167,243230,243239,243320,243334,biphasic_negative_positive
109,962,243454,676.2611111111111,LBBB,L,243371,243388,243422,243433,243493,243499,243578,243593,biphasic_negative_positive
109,963,243720,677.0,LBBB,L,243634,243656,243686,243697,243752,243765,243848,243864,biphasic_negative_positive
109,964,243985,677.7361111111111,LBBB,L,243901,243920,243932,243962,244022,244029,244104,244118,biphasic_negative_positive
109,965,244239,678.4416666666667,LBBB,L,244155,244177,244205,244214,244269,244281,244354,244372,biphasic_negative_positive
109,966,244485,679.125,LBBB,L,244403,244420,244457,244465,244524,244531,244604,244621,biphasic_negative_positive
109,967,244746,679.85,LBBB,L,244659,244682,244710,244722,244784,244790,244868,244883,biphasic_negative_positive
109,968,245006,680.5722222222222,LBBB,L,244918,244936,244973,244981,245049,245055,245137,245155,biphasic_negative_positive
109,969,245285,681.3472222222222,LBBB,L,245194,245215,245239,245258,245329,245333,245420,245438,biphasic_negative_positive
109,970,245514,681.9833333333333,PVC,V,,,,245470,245533,245564,245612,245691,normal
109,971,245821,682.8361111111111,LBBB,L,245702,245730,245748,245797,245857,245868,245945,245959,biphasic_negative_positive
109,972,246077,683.5472222222222,LBBB,L,245993,246012,246045,246055,246116,246123,246201,246226,biphasic_negative_positive
109,973,246346,684.2944444444445,LBBB,L,246263,246282,246294,246325,246384,246391,246467,246483,biphasic_negative_positive
109,974,246602,685.0055555555556,LBBB,L,246519,246540,246570,246578,246638,246643,246717,246733,biphasic_negative_positive
109,975,246849,685.6916666666667,LBBB,L,246767,246785,246816,246829,246888,246895,246971,246989,biphasic_negative_positive
109,976,247117,686.4361111111111,LBBB,L,247026,247049,247074,247093,247148,247194,247242,247258,normal
109,977,247385,687.1805555555555,LBBB,L,247294,247324,247352,247361,247429,247434,247514,247532,biphasic_negative_positive
109,978,247659,687.9416666666667,LBBB,L,247570,247592,247617,247633,247700,247709,247791,247807,biphasic_negative_positive
109,979,247924,688.6777777777778,LBBB,L,247839,247868,247892,247901,247964,247972,248050,248064,biphasic_negative_positive
109,980,248179,689.3861111111111,LBBB,L,248099,248119,248144,248156,248211,248223,248303,248319,biphasic_negative_positive
109,981,248436,690.1,LBBB,L,248350,248368,248404,248413,248474,248483,248562,248578,biphasic_negative_positive
109,982,248696,690.8222222222222,LBBB,L,248616,248638,248663,248676,248732,248740,248817,248834,biphasic_negative_positive
109,983,248953,691.5361111111112,LBBB,L,248870,248898,248923,248930,248989,248996,249066,249079,biphasic_negative_positive
109,984,249205,692.2361111111111,LBBB,L,249120,249141,249167,249181,249241,249248,249329,249347,biphasic_negative_positive
109,985,249473,692.9805555555556,LBBB,L,249383,249402,249441,249446,249511,249517,249595,249611,biphasic_negative_positive
109,986,249741,693.725,LBBB,L,249651,249674,249700,249716,249781,249823,249871,249889,normal
109,987,250015,694.4861111111111,LBBB,L,249925,249944,249983,249991,250058,250062,250136,250153,biphasic_negative_positive
109,988,250273,695.2027777777778,LBBB,L,250191,250212,250234,250250,250311,250318,250396,250411,biphasic_negative_positive
109,989,250524,695.9,LBBB,L,250417,250434,250454,250501,250561,250567,250644,250661,biphasic_negative_positive
109,990,250783,696.6194444444444,LBBB,L,250698,250717,250744,250759,250819,250862,250911,250928,normal
109,991,251041,697.3361111111111,LBBB,L,250939,250953,250973,251018,251077,251085,251162,251182,biphasic_negative_positive
109,992,251301,698.0583333333333,LBBB,L,251221,251239,251259,251280,251338,251375,251425,251443,normal
109,993,251564,698.7888888888889,LBBB,L,251480,251505,251533,251540,251605,251646,251692,251713,normal
109,994,251835,699.5416666666666,LBBB,L,251752,251771,251791,251815,251875,251912,251960,251981,normal
109,995,252110,700.3055555555555,LBBB,L,252023,252045,252074,252086,252151,252191,252237,252258,normal
109,996,252380,701.0555555555555,LBBB,L,252295,252324,252349,252360,252421,252428,252499,252515,biphasic_negative_positive
109,997,252633,701.7583333333333,LBBB,L,252550,252569,252598,252608,252669,252674,252750,252769,biphasic_negative_positive
109,998,252877,702.4361111111111,LBBB,L,252777,252791,252809,252854,252914,252923,252998,253016,biphasic_negative_positive
109,999,253135,703.1527777777778,LBBB,L,253051,253073,253099,253112,253174,253181,253264,253282,biphasic_negative_positive
109,1000,253393,703.8694444444444,LBBB,L,253314,253332,253343,253374,253430,253442,253516,253534,biphasic_negative_positive
109,1001,253654,704.5944444444444,LBBB,L,253574,253595,253620,253633,253692,253733,253781,253800,normal
109,1002,253917,705.325,LBBB,L,253835,253853,253865,253897,253958,253967,254046,254065,biphasic_negative_positive
109,1003,254185,706.0694444444445,LBBB,L,254103,254127,254148,254162,254216,254229,254312,254330,biphasic_negative_positive
109,1004,254450,706.8055555555555,LBBB,L,254366,254385,254396,254427,254491,254497,254575,254594,biphasic_negative_positive
109,1005,254715,707.5416666666666,LBBB,L,254634,254654,254679,254695,254752,254791,254834,254852,normal
109,1006,254966,708.2388888888889,LBBB,L,254886,254903,254938,254945,254996,255011,255080,255095,biphasic_negative_positive
109,1007,255210,708.9166666666666,LBBB,L,255130,255151,255174,255187,255247,255253,255333,255349,biphasic_negative_positive
109,1008,255470,709.6388888888889,LBBB,L,255385,255410,255437,255445,255512,255518,255598,255614,biphasic_negative_positive
109,1009,255733,710.3694444444444,LBBB,L,255653,255672,255696,255710,255771,255780,255864,255882,biphasic_negative_positive
109,1010,255997,711.1027777777778,LBBB,L,255895,255908,255929,255973,256034,256042,256120,256140,biphasic_negative_positive
109,1011,256258,711.8277777777778,LBBB,L,256179,256198,256221,256237,256298,256341,256392,256409,normal
109,1012,256525,712.5694444444445,LBBB,L,256445,256469,256495,256502,256563,256571,256653,256669,biphasic_negative_positive
109,1013,256788,713.3,LBBB,L,256708,256727,256742,256765,256826,256838,256912,256928,biphasic_negative_positive
109,1014,257045,714.0138888888889,LBBB,L,256966,256989,257014,257023,257083,257086,257162,257183,biphasic_negative_positive
109,1015,257295,714.7083333333334,LBBB,L,257194,257207,257226,257277,257334,257339,257409,257426,biphasic_negative_positive
109,1016,257544,715.4,LBBB,L,257464,257484,257504,257521,257582,257622,257669,257686,normal
109,1017,257809,716.1361111111111,LBBB,L,257722,257746,257775,257784,257851,257856,257938,257959,biphasic_negative_positive
109,1018,258079,716.8861111111111,LBBB,L,257994,258012,258023,258056,258104,258130,258208,258226,biphasic_negative_positive
109,1019,258344,717.6222222222223,LBBB,L,258265,258284,258305,258319,258385,258398,258474,258490,biphasic_negative_positive
109,1020,258609,718.3583333333333,LBBB,L,258527,258556,258579,258587,258650,258655,258739,258761,biphasic_negative_positive
109,1021,258871,719.0861111111111,LBBB,L,258773,258786,258803,258852,258913,258921,258997,259014,biphasic_negative_positive
109,1022,259133,719.8138888888889,LBBB,L,259053,259072,259091,259111,259171,259177,259259,259275,biphasic_negative_positive
109,1023,259387,720.5194444444444,LBBB,L,259289,259300,259322,259365,259424,259429,259505,259521,biphasic_negative_positive
109,1024,259638,721.2166666666667,LBBB,L,259559,259576,259593,259615,259675,259682,259756,259770,biphasic_negative_positive
109,1025,259891,721.9194444444445,LBBB,L,259807,259830,259857,259867,259928,259934,260021,260038,biphasic_negative_positive
109,1026,260163,722.675,LBBB,L,260075,260093,260108,260137,260204,260217,260291,260309,biphasic_negative_positive
109,1027,260433,723.425,LBBB,L,260347,260370,260396,260407,260468,260483,260564,260581,biphasic_negative_positive
109,1028,260699,724.1638888888889,LBBB,L,260593,260606,260626,260673,260738,260746,260823,260842,biphasic_negative_positive
109,1029,260963,724.8972222222222,LBBB,L,260879,260897,260917,260940,260995,261010,261088,261104,biphasic_negative_positive
109,1030,261216,725.6,LBBB,L,261136,261154,261184,261193,261253,261260,261339,261356,biphasic_negative_positive
109,1031,261472,726.3111111111111,LBBB,L,261391,261410,261424,261446,261512,261520,261596,261612,biphasic_negative_positive
109,1032,261726,727.0166666666667,LBBB,L,261649,261674,261695,261704,261763,261803,261846,261862,normal
109,1033,261977,727.7138888888888,LBBB,L,261898,261917,261930,261956,262015,262023,262096,262110,biphasic_negative_positive
109,1034,262232,728.4222222222222,LBBB,L,262147,262172,262198,262207,262272,262277,262364,262394,biphasic_negative_positive
109,1035,262509,729.1916666666667,LBBB,L,262398,262414,262431,262483,262550,262561,262639,262653,biphasic_negative_positive
109,1036,262778,729.9388888888889,LBBB,L,262691,262717,262743,262753,262819,262826,262908,262931,biphasic_negative_positive
109,1037,263034,730.65,LBBB,L,262936,262949,262965,263011,263066,263084,263158,263171,biphasic_negative_positive
109,1038,263292,731.3666666666667,LBBB,L,263208,263230,263256,263268,263330,263336,263416,263441,biphasic_negative_positive
109,1039,263539,732.0527777777778,LBBB,L,263445,263455,263472,263516,263577,263586,263662,263676,biphasic_negative_positive
109,1040,263795,732.7638888888889,LBBB,L,263713,263733,263757,263772,263833,263840,263922,263936,biphasic_negative_positive
109,1041,264053,733.4805555555556,LBBB,L,263972,263991,264023,264031,264087,264096,264171,264186,biphasic_negative_positive
109,1042,264307,734.1861111111111,LBBB,L,264208,264220,264237,264287,264348,264355,264429,264444,biphasic_negative_positive
109,1043,264571,734.9194444444445,LBBB,L,264483,264509,264534,264546,264612,264616,264702,264735,biphasic_negative_positive
109,1044,264853,735.7027777777778,LBBB,L,264761,264794,264819,264828,264895,264903,264980,264996,biphasic_negative_positive
109,1045,265122,736.45,LBBB,L,265036,265056,265080,265098,265160,265169,265249,265264,biphasic_negative_positive
109,1046,265376,737.1555555555556,LBBB,L,265277,265287,265308,265353,265417,265420,265498,265513,biphasic_negative_positive
109,1047,265628,737.8555555555556,LBBB,L,265530,265542,265558,265603,265668,265676,265752,265766,biphasic_negative_positive
109,1048,265878,738.55,LBBB,L,265798,265825,265847,265855,265915,265921,266003,266021,biphasic_negative_positive
109,1049,266135,739.2638888888889,LBBB,L,266054,266071,266084,266112,266173,266183,266260,266276,biphasic_negative_positive
109,1050,266394,739.9833333333333,LBBB,L,266313,266336,266360,266371,266431,266437,266520,266536,biphasic_negative_positive
109,1051,266658,740.7166666666667,LBBB,L,266572,266591,266627,266634,266695,266704,266780,266796,biphasic_negative_positive
109,1052,266924,741.4555555555555,LBBB,L,266836,266858,266879,266899,266965,266970,267055,267072,biphasic_negative_positive
109,1053,267201,742.225,LBBB,L,267110,267137,267168,267175,267241,267248,267330,267344,biphasic_negative_positive
109,1054,267465,742.9583333333334,LBBB,L,267381,267399,267415,267439,267504,267512,267588,267603,biphasic_negative_positive
109,1055,267716,743.6555555555556,LBBB,L,267615,267627,267649,267691,267756,267759,267839,267854,biphasic_negative_positive
109,1056,267966,744.35,LBBB,L,267865,267877,267897,267943,268003,268013,268087,268102,biphasic_negative_positive
109,1057,268215,745.0416666666666,LBBB,L,268136,268157,268179,268194,268254,268295,268342,268360,normal
109,1058,268477,745.7694444444444,LBBB,L,268371,268385,268406,268453,268518,268522,268607,268624,biphasic_negative_positive
109,1059,268745,746.5138888888889,LBBB,L,268664,268682,268699,268722,268783,268789,268870,268886,biphasic_negative_positive
109,1060,269012,747.2555555555556,LBBB,L,268926,268952,268977,268987,269048,269055,269137,269154,biphasic_negative_positive
109,1061,269275,747.9861111111111,LBBB,L,269189,269208,269220,269251,269317,269323,269402,269419,biphasic_negative_positive
109,1062,269549,748.7472222222223,LBBB,L,269460,269483,269509,269521,269587,269595,269675,269689,biphasic_negative_positive
109,1063,269803,749.4527777777778,LBBB,L,269720,269739,269771,269779,269835,269850,269925,269939,biphasic_negative_positive
109,1064,270049,750.1361111111111,LBBB,L,269973,269993,270011,270026,270079,270092,270172,270187,biphasic_negative_positive
109,1065,270296,750.8222222222222,LBBB,L,270196,270207,270228,270272,270333,270341,270417,270433,biphasic_negative_positive
109,1066,270545,751.5138888888889,LBBB,L,270468,270487,270509,270523,270582,270589,270670,270686,biphasic_negative_positive
109,1067,270805,752.2361111111111,LBBB,L,270723,270750,270777,270781,270847,270853,270935,270951,biphasic_negative_positive
109,1068,271082,753.0055555555556,LBBB,L,270994,271016,271040,271057,271122,271127,271208,271222,biphasic_negative_positive
109,1069,271346,753.7388888888889,LBBB,L,271258,271285,271313,271321,271387,271390,271467,271480,biphasic_negative_positive
109,1070,271602,754.45,LBBB,L,271519,271538,271561,271579,271644,271649,271733,271746,biphasic_negative_positive
109,1071,271868,755.1888888888889,LBBB,L,271783,271808,271836,271843,271909,271916,271994,272009,biphasic_negative_positive
109,1072,272121,755.8916666666667,LBBB,L,272045,272064,272082,272101,272161,272165,272244,272258,biphasic_negative_positive
109,1073,272369,756.5805555555555,LBBB,L,272271,272282,272303,272347,272402,272410,272483,272496,biphasic_negative_positive
109,1074,272611,757.2527777777777,LBBB,L,272533,272553,272571,272588,272642,272654,272737,272750,biphasic_negative_positive
109,1075,272865,757.9583333333334,LBBB,L,272785,272811,272836,272844,272901,272909,272986,273001,biphasic_negative_positive
109,1076,273127,758.6861111111111,LBBB,L,273039,273062,273085,273103,273163,273173,273255,273273,biphasic_negative_positive
109,1077,273397,759.4361111111111,LBBB,L,273309,273339,273366,273373,273439,273445,273520,273536,biphasic_negative_positive
109,1078,273660,760.1666666666666,LBBB,L,273574,273595,273621,273637,273703,273743,273786,273798,normal
109,1079,273913,760.8694444444444,LBBB,L,273832,273849,273861,273890,273950,273959,274034,274051,biphasic_negative_positive
109,1080,274171,761.5861111111111,LBBB,L,274088,274109,274131,274147,274208,274218,274300,274313,biphasic_negative_positive
109,1081,274427,762.2972222222222,LBBB,L,274348,274373,274396,274405,274461,274469,274543,274557,biphasic_negative_positive
109,1082,274673,762.9805555555556,LBBB,L,274596,274616,274636,274651,274710,274745,274788,274801,normal
109,1083,274919,763.6638888888889,LBBB,L,274837,274856,274891,274897,274958,274963,275039,275052,biphasic_negative_positive
109,1084,275179,764.3861111111111,LBBB,L,275092,275116,275140,275155,275215,275223,275303,275318,biphasic_negative_positive
109,1085,275442,765.1166666666667,LBBB,L,275352,275371,275383,275418,275475,275491,275568,275582,biphasic_negative_positive
109,1086,275709,765.8583333333333,LBBB,L,275622,275642,275670,275683,275751,275759,275785,275834,inverted
109,1087,275970,766.5833333333334,LBBB,L,275888,275906,275941,275948,276013,276019,276095,276106,biphasic_negative_positive
109,1088,276223,767.2861111111112,LBBB,L,276144,276164,276189,276199,276259,276268,276345,276365,biphasic_negative_positive
109,1089,276471,767.975,LBBB,L,276390,276408,276419,276449,276511,276518,276596,276609,biphasic_negative_positive
109,1090,276727,768.6861111111111,LBBB,L,276645,276671,276694,276703,276764,276769,276847,276871,biphasic_negative_positive
109,1091,276975,769.375,LBBB,L,276875,276887,276904,276955,277016,277022,277092,277104,biphasic_negative_positive
109,1092,277224,770.0666666666667,LBBB,L,277140,277166,277189,277201,277262,277268,277288,277340,inverted
109,1093,277488,770.8,LBBB,L,277398,277417,277432,277460,277530,277536,277611,277626,biphasic_negative_positive
109,1094,277753,771.5361111111112,LBBB,L,277665,277687,277714,277729,277795,277802,277886,277902,biphasic_negative_positive
109,1095,278025,772.2916666666666,LBBB,L,277937,277966,277996,277999,278065,278075,278154,278170,biphasic_negative_positive
109,1096,278287,773.0194444444444,LBBB,L,278189,278200,278220,278264,278329,278364,278412,278428,normal
109,1097,278541,773.725,LBBB,L,278436,278450,278473,278517,278576,278582,278658,278676,biphasic_negative_positive
109,1098,278791,774.4194444444445,LBBB,L,278685,278702,278721,278768,278829,278838,278914,278933,biphasic_negative_positive
109,1099,279055,775.1527777777778,LBBB,L,278972,278992,279013,279031,279091,279102,279176,279192,biphasic_negative_positive
109,1100,279312,775.8666666666667,LBBB,L,279227,279252,279279,279289,279350,279356,279433,279451,biphasic_negative_positive
109,1101,279570,776.5833333333334,LBBB,L,279484,279512,279539,279547,279608,279616,279692,279712,biphasic_negative_positive
109,1102,279840,777.3333333333334,LBBB,L,279751,279770,279791,279815,279882,279918,279963,279982,normal
109,1103,280107,778.075,LBBB,L,280018,280043,280069,280081,280147,280156,280238,280257,biphasic_negative_positive
109,1104,280381,778.8361111111111,LBBB,L,280292,280320,280348,280357,280423,280427,280506,280524,biphasic_negative_positive
109,1105,280637,779.5472222222222,LBBB,L,280534,280550,280569,280615,280675,280684,280756,280773,biphasic_negative_positive
109,1106,280884,780.2333333333333,LBBB,L,280780,280798,280818,280862,280921,280960,281005,281022,normal
109,1107,281142,780.95,LBBB,L,281055,281080,281109,281118,281179,281186,281266,281284,biphasic_negative_positive
109,1108,281405,781.6805555555555,LBBB,L,281323,281340,281355,281383,281443,281451,281525,281542,biphasic_negative_positive
109,1109,281666,782.4055555555556,LBBB,L,281580,281603,281630,281641,281690,281710,281787,281806,biphasic_negative_positive
109,1110,281929,783.1361111111111,LBBB,L,281842,281871,281899,281905,281953,281976,282055,282071,biphasic_negative_positive
109,1111,282199,783.8861111111111,LBBB,L,282112,282131,282156,282176,282239,282245,282324,282339,biphasic_negative_positive
109,1112,282465,784.625,LBBB,L,282375,282393,282430,282439,282505,282509,282589,282608,biphasic_negative_positive
109,1113,282731,785.3638888888889,LBBB,L,282644,282674,282698,282707,282764,282779,282851,282866,biphasic_negative_positive
109,1114,282983,786.0638888888889,LBBB,L,282901,282922,282944,282959,283020,283026,283102,283119,biphasic_negative_positive
109,1115,283229,786.7472222222223,LBBB,L,283128,283141,283161,283206,283266,283271,283348,283364,biphasic_negative_positive
109,1116,283488,787.4666666666667,LBBB,L,283403,283422,283445,283464,283530,283541,283618,283634,biphasic_negative_positive
109,1117,283756,788.2111111111111,LBBB,L,283672,283700,283723,283734,283794,283799,283881,283897,biphasic_negative_positive
109,1118,284022,788.95,LBBB,L,283937,283956,283969,283999,284059,284068,284143,284160,biphasic_negative_positive
109,1119,284286,789.6833333333333,LBBB,L,284201,284225,284251,284263,284323,284365,284416,284432,normal
109,1120,284556,790.4333333333333,LBBB,L,284470,284496,284526,284533,284587,284600,284680,284691,biphasic_negative_positive
109,1121,284820,791.1666666666666,LBBB,L,284733,284751,284772,284796,284856,284865,284940,284954,biphasic_negative_positive
109,1122,285077,791.8805555555556,LBBB,L,284991,285014,285041,285054,285114,285119,285140,285190,inverted
109,1123,285326,792.5722222222222,LBBB,L,285243,285260,285293,285301,285362,285371,285444,285458,biphasic_negative_positive
109,1124,285571,793.2527777777777,LBBB,L,285493,285514,285537,285547,285607,285614,285695,285717,biphasic_negative_positive
109,1125,285830,793.9722222222222,LBBB,L,285745,285773,285799,285806,285871,285880,285961,285976,biphasic_negative_positive
109,1126,286102,794.7277777777778,LBBB,L,286017,286039,286061,286080,286136,286148,286234,286247,biphasic_negative_positive
109,1127,286370,795.4722222222222,LBBB,L,286286,286304,286340,286345,286410,286414,286493,286507,biphasic_negative_positive
109,1128,286632,796.2,LBBB,L,286548,286569,286594,286609,286669,286676,286760,286776,biphasic_negative_positive
109,1129,286896,796.9333333333333,LBBB,L,286812,286829,286866,286873,286933,286937,287014,287028,biphasic_negative_positive
109,1130,287153,797.6472222222222,LBBB,L,287069,287090,287112,287131,287190,287196,287276,287289,biphasic_negative_positive
109,1131,287412,798.3666666666667,LBBB,L,287326,287352,287379,287388,287448,287453,287527,287538,biphasic_negative_positive
109,1132,287659,799.0527777777778,LBBB,L,287577,287595,287613,287635,287696,287705,287779,287792,biphasic_negative_positive
109,1133,287908,799.7444444444444,LBBB,L,287827,287857,287877,287886,287946,287951,288035,288051,biphasic_negative_positive
109,1134,288176,800.4888888888889,LBBB,L,288089,288107,288144,288151,288217,288227,288309,288326,biphasic_negative_positive
109,1135,288451,801.2527777777777,LBBB,L,288366,288389,288416,288427,288491,288533,288584,288600,normal
109,1136,288719,801.9972222222223,LBBB,L,288637,288653,288688,288697,288757,288761,288842,288857,biphasic_negative_positive
109,1137,288978,802.7166666666667,LBBB,L,288897,288916,288934,288955,289015,289026,289105,289120,biphasic_negative_positive
109,1138,289235,803.4305555555555,LBBB,L,289156,289181,289204,289212,289272,289277,289358,289371,biphasic_negative_positive
109,1139,289489,804.1361111111111,LBBB,L,289409,289426,289443,289469,289526,289536,289612,289629,biphasic_negative_positive
109,1140,289747,804.8527777777778,LBBB,L,289666,289693,289717,289727,289775,289792,289863,289877,biphasic_negative_positive
109,1141,289999,805.5527777777778,LBBB,L,289916,289936,289962,289975,290035,290074,290118,290129,normal
109,1142,290250,806.25,LBBB,L,290165,290182,290217,290226,290288,290296,290378,290393,biphasic_negative_positive
109,1143,290526,807.0166666666667,LBBB,L,290435,290461,290485,290497,290568,290574,290660,290676,biphasic_negative_positive
109,1144,290795,807.7638888888889,LBBB,L,290710,290728,290763,290772,290828,290843,290923,290940,biphasic_negative_positive
109,1145,291055,808.4861111111111,LBBB,L,290978,291001,291025,291036,291096,291138,291184,291201,normal
109,1146,291318,809.2166666666667,LBBB,L,291209,291226,291246,291294,291355,291362,291441,291457,biphasic_negative_positive
109,1147,291569,809.9138888888889,LBBB,L,291493,291512,291536,291546,291606,291646,291693,291710,normal
109,1148,291823,810.6194444444444,LBBB,L,291743,291762,291791,291800,291864,291868,291946,291964,biphasic_negative_positive
109,1149,292082,811.3388888888888,LBBB,L,292003,292020,292046,292063,292122,292128,292202,292220,biphasic_negative_positive
109,1150,292340,812.0555555555555,LBBB,L,292255,292274,292307,292315,292379,292382,292459,292474,biphasic_negative_positive
109,1151,292598,812.7722222222222,LBBB,L,292511,292530,292548,292573,292639,292645,292729,292745,biphasic_negative_positive
109,1152,292874,813.5388888888889,LBBB,L,292784,292806,292838,292848,292910,292924,293007,293023,biphasic_negative_positive
109,1153,293144,814.2888888888889,LBBB,L,293058,293076,293098,293119,293185,293193,293271,293288,biphasic_negative_positive
109,1154,293400,815.0,LBBB,L,293323,293345,293372,293381,293442,293480,293526,293540,normal
109,1155,293655,815.7083333333334,LBBB,L,293555,293567,293586,293634,293695,293702,293778,293792,biphasic_negative_positive
109,1156,293905,816.4027777777778,LBBB,L,293828,293854,293872,293881,293942,293986,294030,294046,normal
109,1157,294162,817.1166666666667,LBBB,L,294081,294098,294112,294138,294199,294209,294286,294302,biphasic_negative_positive
109,1158,294420,817.8333333333334,LBBB,L,294339,294360,294387,294398,294456,294463,294544,294560,biphasic_negative_positive
109,1159,294682,818.5611111111111,LBBB,L,294599,294617,294654,294661,294722,294729,294805,294820,biphasic_negative_positive
109,1160,294944,819.2888888888889,LBBB,L,294859,294887,294911,294919,294984,295030,295079,295093,normal
109,1161,295221,820.0583333333333,LBBB,L,295131,295150,295188,295195,295256,295274,295351,295365,biphasic_negative_positive
109,1162,295489,820.8027777777778,LBBB,L,295403,295424,295451,295465,295530,295538,295617,295631,biphasic_negative_positive
109,1163,295741,821.5027777777777,LBBB,L,295664,295682,295713,295721,295778,295785,295860,295881,biphasic_negative_positive
109,1164,295988,822.1888888888889,LBBB,L,295910,295929,295956,295968,296029,296037,296112,296125,biphasic_negative_positive
109,1165,296239,822.8861111111111,LBBB,L,296159,296182,296206,296219,296280,296319,296363,296380,normal
109,1166,296498,823.6055555555556,LBBB,L,296416,296434,296458,296476,296538,296546,296626,296641,biphasic_negative_positive
109,1167,296763,824.3416666666667,LBBB,L,296681,296703,296731,296742,296803,296842,296889,296906,normal
109,1168,297026,825.0722222222222,LBBB,L,296942,296972,296998,297005,297067,297073,297149,297163,biphasic_negative_positive
109,1169,297291,825.8083333333333,LBBB,L,297204,297225,297255,297268,297331,297338,297424,297441,biphasic_negative_positive
109,1170,297570,826.5833333333334,LBBB,L,297479,297508,297534,297545,297612,297618,297695,297709,biphasic_negative_positive
109,1171,297829,827.3027777777778,LBBB,L,297747,297765,297786,297805,297871,,297900,297928,positive_monophasic
109,1172,298076,827.9888888888889,LBBB,L,297999,298020,298046,298061,298115,298120,298199,298224,biphasic_negative_positive
109,1173,298326,828.6833333333333,LBBB,L,298228,298240,298258,298307,298367,298373,298449,298463,biphasic_negative_positive
109,1174,298579,829.3861111111111,LBBB,L,298499,298519,298544,298561,298617,298622,298707,298721,biphasic_negative_positive
109,1175,298842,830.1166666666667,LBBB,L,298757,298775,298809,298823,298881,298890,298969,298984,biphasic_negative_positive
109,1176,299112,830.8666666666667,LBBB,L,299028,299049,299077,299094,299150,299157,299238,299254,biphasic_negative_positive
109,1177,299378,831.6055555555556,LBBB,L,299292,299311,299345,299358,299415,299421,299502,299519,biphasic_negative_positive
109,1178,299641,832.3361111111111,LBBB,L,299535,299549,299567,299621,299683,299690,299771,299786,biphasic_negative_positive
109,1179,299916,833.1,LBBB,L,299827,299855,299878,299896,299955,299961,300040,300051,biphasic_negative_positive
109,1180,300169,833.8027777777778,LBBB,L,300087,300105,300137,300150,300208,300215,300290,300302,biphasic_negative_positive
109,1181,300414,834.4833333333333,LBBB,L,300336,300357,300382,300397,300450,300455,300537,300561,biphasic_negative_positive
109,1182,300662,835.1722222222222,LBBB,L,300583,300600,300634,300646,300702,300709,300788,300801,biphasic_negative_positive
109,1183,300915,835.875,LBBB,L,300836,300860,300883,300898,300954,300959,301043,301055,biphasic_negative_positive
109,1184,301178,836.6055555555556,LBBB,L,301094,301114,301135,301160,301220,301229,301312,301326,biphasic_negative_positive
109,1185,301453,837.3694444444444,LBBB,L,301366,301398,301421,301435,301492,301499,301580,301609,biphasic_negative_positive
109,1186,301720,838.1111111111111,LBBB,L,301613,301627,301644,301703,301760,301767,301843,301854,biphasic_negative_positive
109,1187,301975,838.8194444444445,LBBB,L,301891,301919,301939,301957,302014,302020,302101,302115,biphasic_negative_positive
109,1188,302239,839.5527777777778,LBBB,L,302152,302170,302206,302219,302278,302286,302363,302375,biphasic_negative_positive
109,1189,302491,840.2527777777777,LBBB,L,302411,302431,302457,302473,302528,302533,302615,302639,biphasic_negative_positive
109,1190,302738,840.9388888888889,LBBB,L,302643,302655,302672,302723,302774,302780,302857,302871,biphasic_negative_positive
109,1191,302989,841.6361111111111,LBBB,L,302890,302901,302920,302969,303025,303031,303115,303133,biphasic_negative_positive
109,1192,303249,842.3583333333333,LBBB,L,303148,303162,303179,303232,303288,303296,303375,303391,biphasic_negative_positive
109,1193,303521,843.1138888888889,LBBB,L,303433,303458,303484,303503,303559,303565,303653,303670,biphasic_negative_positive
109,1194,303798,843.8833333333333,LBBB,L,303707,303726,303763,303778,303836,303843,303922,303951,biphasic_negative_positive
109,1195,304062,844.6166666666667,LBBB,L,303975,303994,304018,304043,304101,304109,304185,304197,biphasic_negative_positive
109,1196,304315,845.3194444444445,LBBB,L,304233,304261,304280,304297,304352,304358,304437,304465,biphasic_negative_positive
109,1197,304547,845.9638888888888,PVC,V,304472,304487,304496,304500,304562,304595,304635,304680,normal
109,1198,304827,846.7416666666667,LBBB,L,304748,304770,304794,304811,304865,304907,304956,304981,normal
109,1199,305082,847.45,LBBB,L,305003,305019,305051,305064,305116,305124,305197,305217,biphasic_negative_positive
109,1200,305337,848.1583333333333,LBBB,L,305236,305250,305267,305321,305376,305384,305465,305480,biphasic_negative_positive
109,1201,305606,848.9055555555556,LBBB,L,305522,305547,305570,305589,305645,305650,305735,305753,biphasic_negative_positive
109,1202,305881,849.6694444444445,LBBB,L,305769,305786,305803,305863,305919,305927,306007,306024,biphasic_negative_positive
109,1203,306152,850.4222222222222,LBBB,L,306067,306087,306116,306132,306191,306200,306277,306292,biphasic_negative_positive
109,1204,306416,851.1555555555556,LBBB,L,306331,306350,306383,306396,306455,306460,306538,306555,biphasic_negative_positive
109,1205,306667,851.8527777777778,LBBB,L,306566,306579,306597,306649,306705,306711,306788,306803,biphasic_negative_positive
109,1206,306925,852.5694444444445,LBBB,L,306841,306862,306886,306905,306964,306971,307053,307069,biphasic_negative_positive
109,1207,307182,853.2833333333333,LBBB,L,307101,307123,307148,307164,307219,307225,307307,307324,biphasic_negative_positive
109,1208,307441,854.0027777777777,LBBB,L,307338,307352,307370,307423,307478,307485,307562,307578,biphasic_negative_positive
109,1209,307704,854.7333333333333,LBBB,L,307619,307641,307660,307685,307742,307752,307833,307853,biphasic_negative_positive
109,1210,307976,855.4888888888889,LBBB,L,307891,307912,307943,307958,308014,308019,308104,308121,biphasic_negative_positive
109,1211,308248,856.2444444444444,LBBB,L,308137,308152,308172,308231,308287,308294,308375,308392,biphasic_negative_positive
109,1212,308521,857.0027777777777,LBBB,L,308435,308453,308472,308502,308559,308566,308638,308651,biphasic_negative_positive
109,1213,308773,857.7027777777778,LBBB,L,308691,308714,308739,308754,308811,308848,308891,308906,normal
109,1214,309020,858.3888888888889,LBBB,L,308940,308959,308989,309004,309058,309062,309145,309161,biphasic_negative_positive
109,1215,309279,859.1083333333333,LBBB,L,309195,309212,309247,309258,309318,309327,309405,309420,biphasic_negative_positive
109,1216,309537,859.825,LBBB,L,309457,309477,309500,309520,309574,309583,309665,309680,biphasic_negative_positive
109,1217,309799,860.5527777777778,LBBB,L,309719,309744,309761,309783,309838,309880,309927,309946,normal
109,1218,310068,861.3,LBBB,L,309983,310002,310034,310050,310107,310112,310199,310215,biphasic_negative_positive
109,1219,310335,862.0416666666666,LBBB,L,310228,310241,310264,310319,310373,310380,310458,310476,biphasic_negative_positive
109,1220,310603,862.7861111111112,LBBB,L,310516,310538,310567,310584,310641,310651,310729,310745,biphasic_negative_positive
109,1221,310867,863.5194444444444,LBBB,L,310781,310810,310834,310849,310904,310909,310986,311001,biphasic_negative_positive
109,1222,311115,864.2083333333334,LBBB,L,311034,311052,311085,311099,311154,311159,311230,311255,biphasic_negative_positive
109,1223,311360,864.8888888888889,LBBB,L,311282,311299,311333,311345,311400,311405,311481,311497,biphasic_negative_positive
109,1224,311618,865.6055555555556,LBBB,L,311534,311555,311578,311598,311659,311666,311751,311765,biphasic_negative_positive
109,1225,311886,866.35,LBBB,L,311801,311831,311852,311868,311923,311928,312015,312035,biphasic_negative_positive
109,1226,312149,867.0805555555555,LBBB,L,312045,312057,312078,312132,312187,312193,312271,312288,biphasic_negative_positive
109,1227,312410,867.8055555555555,LBBB,L,312329,312349,312369,312390,312450,312459,312539,312556,biphasic_negative_positive
109,1228,312679,868.5527777777778,LBBB,L,312597,312618,312646,312660,312715,,312742,312795,positive_monophasic
109,1229,312934,869.2611111111111,LBBB,L,312829,312839,312862,312918,312973,312981,313054,313071,biphasic_negative_positive
109,1230,313193,869.9805555555556,LBBB,L,313110,313131,313151,313176,313230,313237,313310,313323,biphasic_negative_positive
109,1231,313438,870.6611111111112,LBBB,L,313357,313387,313406,313421,313476,313481,313556,313580,biphasic_negative_positive
109,1232,313681,871.3361111111111,LBBB,L,313585,313597,313614,313662,313721,313729,313802,313820,biphasic_negative_positive
109,1233,313945,872.0694444444445,LBBB,L,313859,313882,313907,313926,313988,314029,314079,314094,normal
109,1234,314216,872.8222222222222,LBBB,L,314131,314157,314183,314197,314256,314261,314346,314360,biphasic_negative_positive
109,1235,314482,873.5611111111111,LBBB,L,314381,314394,314412,314466,314520,314530,314606,314622,biphasic_negative_positive
109,1236,314744,874.2888888888889,LBBB,L,314661,314683,314710,314726,314781,314789,314872,314898,biphasic_negative_positive
109,1237,315007,875.0194444444444,LBBB,L,314905,314919,314937,314990,315044,315052,315124,315145,biphasic_negative_positive
109,1238,315263,875.7305555555556,LBBB,L,315185,315204,315228,315247,315301,315311,315386,315402,biphasic_negative_positive
109,1239,315519,876.4416666666667,LBBB,L,315415,315426,315449,315503,315556,315560,315634,315651,biphasic_negative_positive
109,1240,315769,877.1361111111111,LBBB,L,315667,315681,315699,315751,315806,315813,315886,315902,biphasic_negative_positive
109,1241,316018,877.8277777777778,LBBB,L,315938,315958,315981,316002,316056,316066,316148,316164,biphasic_negative_positive
109,1242,316291,878.5861111111111,LBBB,L,316202,316229,316256,316271,316331,316337,316424,316451,biphasic_negative_positive
109,1243,316559,879.3305555555555,LBBB,L,316456,316471,316488,316542,316601,316610,316690,316707,biphasic_negative_positive
109,1244,316827,880.075,LBBB,L,316747,316769,316793,316811,316866,316873,316957,316973,biphasic_negative_positive
109,1245,317091,880.8083333333333,LBBB,L,316987,316998,317020,317070,317130,317134,317215,317232,biphasic_negative_positive
109,1246,317347,881.5194444444444,LBBB,L,317249,317263,317280,317328,317385,317396,317469,317486,biphasic_negative_positive
109,1247,317605,882.2361111111111,LBBB,L,317525,317548,317569,317587,317641,317682,317728,317747,normal
109,1248,317864,882.9555555555555,LBBB,L,317783,317814,317834,317847,317900,317940,317981,318002,normal
109,1249,318117,883.6583333333333,LBBB,L,318013,318029,318046,318101,318155,318163,318237,318253,biphasic_negative_positive
109,1250,318375,884.375,LBBB,L,318292,318313,318333,318358,318416,318423,318508,318525,biphasic_negative_positive
109,1251,318656,885.1555555555556,LBBB,L,318565,318594,318620,318636,318697,318702,318789,318809,biphasic_negative_positive
109,1252,318925,885.9027777777778,LBBB,L,318818,318832,318851,318906,318967,318974,319055,319071,biphasic_negative_positive
109,1253,319188,886.6333333333333,LBBB,L,319088,319100,319120,319171,319228,319236,319317,319332,biphasic_negative_positive
109,1254,319448,887.3555555555556,LBBB,L,319368,319392,319413,319430,319487,319494,319573,319589,biphasic_negative_positive
109,1255,319699,888.0527777777778,LBBB,L,319598,319610,319630,319681,319736,319741,319820,319836,biphasic_negative_positive
109,1256,319954,888.7611111111111,LBBB,L,319853,319862,319884,319937,319993,320002,320081,320096,biphasic_negative_positive
109,1257,320215,889.4861111111111,LBBB,L,320133,320160,320182,320197,320250,320256,320336,320357,biphasic_negative_positive
109,1258,320470,890.1944444444445,LBBB,L,320367,320379,320399,320454,320509,320515,320591,320607,biphasic_negative_positive
109,1259,320732,890.9222222222222,LBBB,L,320623,320637,320657,320713,320773,320781,320866,320881,biphasic_negative_positive
109,1260,321013,891.7027777777778,LBBB,L,320921,320951,320975,320990,321052,321059,321142,321167,biphasic_negative_positive
109,1261,321278,892.4388888888889,LBBB,L,321191,321210,321245,321259,321319,321327,321403,321414,biphasic_negative_positive
109,1262,321531,893.1416666666667,LBBB,L,321452,321474,321494,321515,321569,321576,321655,321677,biphasic_negative_positive
109,1263,321782,893.8388888888888,LBBB,L,321700,321719,321754,321762,321822,321827,321847,321899,inverted
109,1264,322031,894.5305555555556,LBBB,L,321952,321970,321990,322014,322070,322078,322158,322172,biphasic_negative_positive
109,1265,322286,895.2388888888889,LBBB,L,322185,322193,322215,322268,322326,322331,322414,322427,biphasic_negative_positive
109,1266,322545,895.9583333333334,LBBB,L,322445,322457,322476,322527,322584,322591,322673,322685,biphasic_negative_positive
109,1267,322805,896.6805555555555,LBBB,L,322722,322754,322773,322788,322844,322849,322948,322958,biphasic_negative_positive
109,1268,323068,897.4111111111112,LBBB,L,322961,322976,322993,323051,323110,323126,323202,323215,biphasic_negative_positive
109,1269,323347,898.1861111111111,LBBB,L,323254,323287,323311,323327,323386,323391,323470,323482,biphasic_negative_positive
109,1270,323607,898.9083333333333,LBBB,L,323502,323514,323532,323587,323647,323654,323729,323740,biphasic_negative_positive
109,1271,323853,899.5916666666667,LBBB,L,323772,323802,323820,323835,323892,323898,323986,323997,biphasic_negative_positive
109,1272,324102,900.2833333333333,LBBB,L,,,,324084,324140,324147,324222,324236,biphasic_negative_positive
109,1273,324348,900.9666666666667,LBBB,L,324247,324257,324277,324330,324387,324393,324490,324499,biphasic_negative_positive
109,1274,324604,901.6777777777778,LBBB,L,324503,324516,324533,324588,324646,324654,324733,324746,biphasic_negative_positive
109,1275,324862,902.3944444444444,LBBB,L,324781,324810,324830,324845,324900,324905,325008,325017,biphasic_negative_positive
109,1276,325127,903.1305555555556,LBBB,L,325020,325029,325053,325109,325165,325173,325252,325265,biphasic_negative_positive
109,1277,325390,903.8611111111111,LBBB,L,325303,325331,325355,325369,325429,325437,325523,325548,biphasic_negative_positive
109,1278,325662,904.6166666666667,LBBB,L,325553,325567,325586,325644,325703,325712,325786,325799,biphasic_negative_positive
109,1279,325921,905.3361111111111,LBBB,L,325836,325864,325887,325903,325960,325965,326041,326055,biphasic_negative_positive
109,1280,326168,906.0222222222222,LBBB,L,326068,326079,326098,326150,326207,326216,326287,326298,biphasic_negative_positive
109,1281,326418,906.7166666666667,LBBB,L,326334,326362,326384,326400,326455,326461,326536,326545,biphasic_negative_positive
109,1282,326665,907.4027777777778,LBBB,L,326565,326576,326594,326646,326704,326711,326793,326806,biphasic_negative_positive
109,1283,326926,908.1277777777777,LBBB,L,326840,326866,326893,326908,326968,326974,327056,327072,biphasic_negative_positive
109,1284,327194,908.8722222222223,LBBB,L,327111,327132,327153,327175,327233,327275,327324,327339,normal
109,1285,327459,909.6083333333333,LBBB,L,327352,327363,327386,327438,327497,327504,327579,327594,biphasic_negative_positive
109,1286,327720,910.3333333333334,LBBB,L,327633,327657,327682,327702,327759,327765,327788,327844,inverted
109,1287,327988,911.0777777777778,LBBB,L,327902,327922,327955,327971,328028,328035,328111,328124,biphasic_negative_positive
109,1288,328239,911.775,LBBB,L,328157,328189,328208,328223,328278,328284,328360,328371,biphasic_negative_positive
109,1289,328482,912.45,LBBB,L,328387,328396,328416,328465,328520,328526,328603,328615,biphasic_negative_positive
109,1290,328728,913.1333333333333,LBBB,L,328631,328635,328657,328710,328768,328774,328850,328860,biphasic_negative_positive
109,1291,328976,913.8222222222222,LBBB,L,328895,328920,328941,328957,329013,329021,329104,329128,biphasic_negative_positive
109,1292,329240,914.5555555555555,LBBB,L,329133,329147,329165,329220,329281,329295,329373,329386,biphasic_negative_positive
109,1293,329510,915.3055555555555,LBBB,L,329426,329455,329476,329491,329548,329554,329575,329630,inverted
109,1294,329770,916.0277777777778,LBBB,L,329689,329708,329727,329753,329809,329816,329894,329905,biphasic_negative_positive
109,1295,330027,916.7416666666667,LBBB,L,329940,329959,329995,330007,330066,330072,330154,330168,biphasic_negative_positive
109,1296,330256,917.3777777777777,PVC,V,,,,330207,330289,330305,330354,330410,normal
109,1297,330544,918.1777777777778,LBBB,L,330440,330454,330472,330526,330583,330588,330607,330661,inverted
109,1298,330783,918.8416666666667,LBBB,L,330707,330725,330744,330767,330821,330858,330904,330919,normal
109,1299,331035,919.5416666666666,LBBB,L,330954,330981,331002,331016,331074,331079,331099,331154,inverted
109,1300,331288,920.2444444444444,LBBB,L,331207,331225,331242,331271,331327,331336,331417,331431,biphasic_negative_positive
109,1301,331552,920.9777777777778,LBBB,L,331470,331500,331521,331535,331594,331599,331683,331696,biphasic_negative_positive
109,1302,331821,921.725,LBBB,L,331740,331757,331779,331801,331861,331867,331948,331960,biphasic_negative_positive
109,1303,332084,922.4555555555555,LBBB,L,331976,331985,332009,332065,332121,332126,332221,332230,biphasic_negative_positive
109,1304,332332,923.1444444444444,LBBB,L,332252,332271,332289,332315,332371,332380,332458,332480,biphasic_negative_positive
109,1305,332587,923.8527777777778,LBBB,L,332504,332521,332558,332569,332628,332633,332709,332720,biphasic_negative_positive
109,1306,332834,924.5388888888889,LBBB,L,332757,332778,332805,332818,332873,332914,332958,332969,normal
109,1307,333080,925.2222222222222,LBBB,L,332985,332996,333014,333062,333116,333123,333198,333210,biphasic_negative_positive
109,1308,333325,925.9027777777778,LBBB,L,333246,333269,333291,333307,333363,333405,333451,333480,normal
109,1309,333583,926.6194444444444,LBBB,L,333502,333521,333551,333565,333622,333629,333710,333727,biphasic_negative_positive
109,1310,333848,927.3555555555556,LBBB,L,333741,333752,333774,333828,333889,333895,333978,334005,biphasic_negative_positive
109,1311,334118,928.1055555555556,LBBB,L,334031,334050,334089,334100,334159,334166,334240,334254,biphasic_negative_positive
109,1312,334378,928.8277777777778,LBBB,L,334293,334317,334338,334357,334418,334457,334501,334514,normal
109,1313,334627,929.5194444444444,LBBB,L,334547,334565,334597,334610,334665,334671,334746,334757,biphasic_negative_positive
109,1314,334879,930.2194444444444,LBBB,L,334796,334818,334842,334860,334917,334923,335003,335027,biphasic_negative_positive
109,1315,335128,930.9111111111112,LBBB,L,335050,335067,335100,335112,335166,335172,335247,335259,biphasic_negative_positive
109,1316,335378,931.6055555555556,LBBB,L,335300,335318,335336,335358,335414,335425,335496,335510,biphasic_negative_positive
109,1317,335594,932.2055555555555,PVC,V,,,,335546,335627,335642,335687,335755,normal
109,1318,335894,933.0388888888889,LBBB,L,335783,335800,335817,335875,335931,335939,336033,336042,biphasic_negative_positive
109,1319,336154,933.7611111111111,LBBB,L,336065,336088,336119,336132,336195,336200,336280,336300,biphasic_negative_positive
109,1320,336426,934.5166666666667,LBBB,L,336339,336358,336396,336408,336468,336476,336552,336562,biphasic_negative_positive
109,1321,336678,935.2166666666667,LBBB,L,336581,336588,336611,336661,336718,336757,336803,336815,normal
109,1322,336925,935.9027777777778,LBBB,L,336828,336840,336858,336908,336962,336968,337043,337052,biphasic_negative_positive
109,1323,337174,936.5944444444444,LBBB,L,337073,337078,337102,337153,337211,337220,337298,337313,biphasic_negative_positive
109,1324,337431,937.3083333333333,LBBB,L,337350,337369,337399,337411,337467,337474,337549,337577,biphasic_negative_positive
109,1325,337683,938.0083333333333,LBBB,L,337599,337618,337648,337665,337721,337729,337802,337817,biphasic_negative_positive
109,1326,337936,938.7111111111111,LBBB,L,337851,337877,337902,337915,337977,,338006,338057,positive_monophasic
109,1327,338204,939.4555555555555,LBBB,L,338094,338107,338126,338184,338245,338251,338326,338339,biphasic_negative_positive
109,1328,338466,940.1833333333333,LBBB,L,338380,338406,338431,338447,338507,338513,338596,338621,biphasic_negative_positive
109,1329,338732,940.9222222222222,LBBB,L,338646,338664,338699,338713,338772,338778,338858,338886,biphasic_negative_positive
109,1330,338985,941.625,LBBB,L,338907,338927,338952,338969,339022,339030,339107,339122,biphasic_negative_positive
109,1331,339232,942.3111111111111,LBBB,L,339157,339177,339202,339217,339267,339273,339349,339364,biphasic_negative_positive
109,1332,339482,943.0055555555556,LBBB,L,339401,339418,339451,339464,339521,339526,339605,339620,biphasic_negative_positive
109,1333,339746,943.7388888888889,LBBB,L,339662,339683,339713,339728,339783,339791,339867,339883,biphasic_negative_positive
109,1334,340005,944.4583333333334,LBBB,L,339920,339939,339971,339987,340044,340050,340129,340157,biphasic_negative_positive
109,1335,340264,945.1777777777778,LBBB,L,340181,340198,340235,340244,340306,340314,340393,340408,biphasic_negative_positive
109,1336,340535,945.9305555555555,LBBB,L,340427,340442,340460,340514,340577,340583,340664,340679,biphasic_negative_positive
109,1337,340799,946.6638888888889,LBBB,L,340714,340740,340764,340777,340839,340846,340926,340942,biphasic_negative_positive
109,1338,341060,947.3888888888889,LBBB,L,340960,340971,340988,341042,341100,341107,341187,341201,biphasic_negative_positive
109,1339,341314,948.0944444444444,LBBB,L,341237,341258,341280,341298,341351,341357,341436,341450,biphasic_negative_positive
109,1340,341563,948.7861111111112,LBBB,L,341485,341506,341532,341547,341599,341604,341679,341694,biphasic_negative_positive
109,1341,341813,949.4805555555556,LBBB,L,341731,341748,341784,341796,341852,341859,341937,341954,biphasic_negative_positive
109,1342,342082,950.2277777777778,LBBB,L,341959,341988,342006,342062,342122,342129,342210,342224,biphasic_negative_positive
109,1343,342352,950.9777777777778,LBBB,L,342262,342285,342316,342332,342391,342398,342480,342494,biphasic_negative_positive
109,1344,342615,951.7083333333334,LBBB,L,342530,342548,342582,342596,342654,342660,342740,342754,biphasic_negative_positive
109,1345,342880,952.4444444444445,LBBB,L,342775,342789,342805,342861,342921,342930,343008,343023,biphasic_negative_positive
109,1346,343140,953.1666666666666,LBBB,L,343058,343080,343107,343123,343180,343186,343269,343282,biphasic_negative_positive
109,1347,343400,953.8888888888889,LBBB,L,343299,343310,343328,343382,343438,343444,343523,343538,biphasic_negative_positive
109,1348,343653,954.5916666666667,LBBB,L,343558,343570,343586,343633,343689,343697,343775,343790,biphasic_negative_positive
109,1349,343904,955.2888888888889,LBBB,L,343806,343817,343836,343886,343940,343944,344023,344041,biphasic_negative_positive
109,1350,344157,955.9916666666667,LBBB,L,344054,344068,344085,344138,344197,344203,344286,344301,biphasic_negative_positive
109,1351,344435,956.7638888888889,LBBB,L,344322,344338,344356,344413,344473,344481,344562,344578,biphasic_negative_positive
109,1352,344705,957.5138888888889,LBBB,L,344618,344643,344668,344684,344747,344752,344833,344849,biphasic_negative_positive
109,1353,344968,958.2444444444444,LBBB,L,344883,344913,344933,344948,345006,345012,345093,345107,biphasic_negative_positive
109,1354,345229,958.9694444444444,LBBB,L,345144,345162,345198,345211,345269,345275,345351,345362,biphasic_negative_positive
109,1355,345481,959.6694444444445,LBBB,L,345381,345394,345412,345464,345522,345534,345607,345623,biphasic_negative_positive
109,1356,345743,960.3972222222222,LBBB,L,345660,345683,345709,345725,345780,345785,345869,345885,biphasic_negative_positive
109,1357,345994,961.0944444444444,LBBB,L,345917,345936,345964,345978,346031,346036,346116,346132,biphasic_negative_positive
109,1358,346247,961.7972222222222,LBBB,L,346168,346185,346206,346230,346283,346290,346368,346384,biphasic_negative_positive
109,1359,346509,962.525,LBBB,L,346423,346450,346472,346490,346550,346595,346644,346661,normal
109,1360,346791,963.3083333333333,LBBB,L,346701,346722,346756,346772,346830,346836,346918,346935,biphasic_negative_positive
109,1361,347061,964.0583333333333,LBBB,L,346973,346991,347028,347042,347101,347106,347183,347194,biphasic_negative_positive
109,1362,347320,964.7777777777778,LBBB,L,347212,347227,347245,347301,347358,347366,347442,347456,biphasic_negative_positive
109,1363,347578,965.4944444444444,LBBB,L,347493,347526,347543,347559,347615,347622,347695,347710,biphasic_negative_positive
109,1364,347825,966.1805555555555,LBBB,L,347744,347760,347796,347809,347866,347873,347946,347960,biphasic_negative_positive
109,1365,348082,966.8944444444444,LBBB,L,347998,348020,348049,348063,348120,348130,348205,348219,biphasic_negative_positive
109,1366,348334,967.5944444444444,LBBB,L,348229,348242,348264,348315,348370,348377,348399,348450,inverted
109,1367,348587,968.2972222222222,LBBB,L,348488,348499,348517,348570,348625,348632,348709,348727,biphasic_negative_positive
109,1368,348855,969.0416666666666,LBBB,L,348767,348795,348818,348835,348895,348901,348990,349006,biphasic_negative_positive
109,1369,349132,969.8111111111111,LBBB,L,349045,349064,349102,349111,349171,349178,349254,349271,biphasic_negative_positive
109,1370,349397,970.5472222222222,LBBB,L,349313,349334,349362,349380,349435,349441,349517,349531,biphasic_negative_positive
109,1371,349650,971.25,LBBB,L,349543,349554,349576,349632,349687,349693,349767,349782,biphasic_negative_positive
109,1372,349905,971.9583333333334,LBBB,L,349799,349814,349832,349886,349941,349949,350019,350033,biphasic_negative_positive
109,1373,350151,972.6416666666667,LBBB,L,350069,350089,350120,350133,350191,350197,350269,350287,biphasic_negative_positive
109,1374,350406,973.35,LBBB,L,350302,350316,350335,350390,350449,350457,350532,350546,biphasic_negative_positive
109,1375,350664,974.0666666666667,LBBB,L,350582,350603,350629,350647,350704,350711,350793,350811,biphasic_negative_positive
109,1376,350928,974.8,LBBB,L,350823,350835,350856,350910,350967,350973,351052,351069,biphasic_negative_positive
109,1377,351196,975.5444444444445,LBBB,L,351109,351131,351158,351177,351237,351279,351329,351348,normal
109,1378,351473,976.3138888888889,LBBB,L,351387,351415,351441,351452,351512,351518,351594,351617,biphasic_negative_positive
109,1379,351737,977.0472222222222,LBBB,L,351632,351647,351667,351718,351776,351783,351852,351867,biphasic_negative_positive
109,1380,351987,977.7416666666667,LBBB,L,351907,351929,351955,351968,352024,352060,352105,352121,normal
109,1381,352239,978.4416666666667,LBBB,L,352156,352176,352207,352220,352274,352279,352352,352372,biphasic_negative_positive
109,1382,352491,979.1416666666667,LBBB,L,352383,352399,352419,352472,352529,352536,352610,352628,biphasic_negative_positive
109,1383,352750,979.8611111111111,LBBB,L,352667,352686,352717,352730,352791,352832,352875,352894,normal
109,1384,353013,980.5916666666667,LBBB,L,352929,352951,352984,352994,353054,353060,353139,353159,biphasic_negative_positive
109,1385,353277,981.325,LBBB,L,353173,353189,353208,353251,353319,353326,353404,353422,biphasic_negative_positive
109,1386,353548,982.0777777777778,LBBB,L,353462,353491,353510,353530,353590,353635,353683,353700,normal
109,1387,353822,982.8388888888888,LBBB,L,353715,353727,353750,353804,353860,353866,353944,353962,biphasic_negative_positive
109,1388,354080,983.5555555555555,LBBB,L,353999,354019,354047,354063,354114,354120,354192,354207,biphasic_negative_positive
109,1389,354324,984.2333333333333,LBBB,L,354246,354266,354293,354309,354360,354366,354441,354461,biphasic_negative_positive
109,1390,354578,984.9388888888889,LBBB,L,354497,354517,354545,354560,354612,354618,354693,354713,biphasic_negative_positive
109,1391,354834,985.65,LBBB,L,354726,354743,354763,354818,354872,354879,354959,354978,biphasic_negative_positive
109,1392,355101,986.3916666666667,LBBB,L,355016,355036,355067,355083,355141,355147,355224,355244,biphasic_negative_positive
109,1393,355366,987.1277777777777,LBBB,L,355282,355303,355333,355346,355407,355446,355491,355509,normal
109,1394,355629,987.8583333333333,LBBB,L,355547,355567,355594,355611,355669,355677,355758,355776,biphasic_negative_positive
109,1395,355901,988.6138888888889,LBBB,L,355787,355801,355825,355881,355943,355949,356029,356048,biphasic_negative_positive
109,1396,356161,989.3361111111111,LBBB,L,356083,356101,356129,356144,356199,356205,356284,356299,biphasic_negative_positive
109,1397,356410,990.0277777777778,LBBB,L,356333,356352,356379,356390,356444,356450,356524,356542,biphasic_negative_positive
109,1398,356654,990.7055555555555,LBBB,L,356555,356567,356589,356635,356692,356698,356776,356791,biphasic_negative_positive
109,1399,356907,991.4083333333333,LBBB,L,356829,356850,356876,356888,356943,356948,357026,357043,biphasic_negative_positive
109,1400,357164,992.1222222222223,LBBB,L,357080,357099,357131,357146,357202,357208,357291,357310,biphasic_negative_positive
109,1401,357437,992.8805555555556,LBBB,L,357324,357338,357361,357416,357476,357483,357561,357580,biphasic_negative_positive
109,1402,357705,993.625,LBBB,L,357619,357640,357670,357686,357744,357752,357829,357847,biphasic_negative_positive
109,1403,357966,994.35,LBBB,L,357884,357904,357935,357950,358006,358014,358096,358115,biphasic_negative_positive
109,1404,358240,995.1111111111111,LBBB,L,358126,358142,358165,358220,358278,358286,358366,358385,biphasic_negative_positive
109,1405,358498,995.8277777777778,LBBB,L,358396,358411,358431,358483,358536,358543,358622,358641,biphasic_negative_positive
109,1406,358750,996.5277777777778,LBBB,L,358675,358694,358719,358734,358786,358792,358869,358889,biphasic_negative_positive
109,1407,359003,997.2305555555556,LBBB,L,358924,358943,358970,358982,359039,359080,359128,359148,normal
109,1408,359262,997.95,LBBB,L,359185,359205,359231,359245,359301,359307,359390,359411,biphasic_negative_positive
109,1409,359535,998.7083333333334,LBBB,L,359449,359478,359501,359516,359574,359581,359665,359688,biphasic_negative_positive
109,1410,359814,999.4833333333333,LBBB,L,359701,359719,359740,359796,359852,359859,359938,359958,biphasic_negative_positive
109,1411,360084,1000.2333333333333,LBBB,L,359998,360019,360050,360067,360121,360128,360206,360226,biphasic_negative_positive
109,1412,360344,1000.9555555555555,LBBB,L,360260,360281,360310,360326,360381,360389,360468,360486,biphasic_negative_positive
109,1413,360609,1001.6916666666667,LBBB,L,360525,360543,360576,360591,360649,360655,360733,360749,biphasic_negative_positive
109,1414,360866,1002.4055555555556,LBBB,L,360785,360804,360833,360848,360904,360911,360989,361006,biphasic_negative_positive
109,1415,361115,1003.0972222222222,LBBB,L,361040,361057,361085,361099,361151,361158,361237,361252,biphasic_negative_positive
109,1416,361368,1003.8,LBBB,L,361286,361308,361333,361351,361406,361414,361496,361512,biphasic_negative_positive
109,1417,361630,1004.5277777777778,LBBB,L,361548,361566,361596,361610,361671,361678,361764,361782,biphasic_negative_positive
109,1418,361908,1005.3,LBBB,L,361821,361842,361874,361887,361949,361956,362044,362060,biphasic_negative_positive
109,1419,362182,1006.0611111111111,LBBB,L,362099,362119,362150,362163,362222,362228,362308,362326,biphasic_negative_positive
109,1420,362448,1006.8,LBBB,L,362364,362386,362416,362431,362485,362491,362568,362584,biphasic_negative_positive
109,1421,362704,1007.5111111111111,LBBB,L,362620,362639,362671,362684,362743,362750,362828,362844,biphasic_negative_positive
109,1422,362970,1008.25,LBBB,L,362883,362904,362935,362949,363007,363013,363089,363104,biphasic_negative_positive
109,1423,363222,1008.95,LBBB,L,363140,363157,363190,363205,363260,363267,363344,363360,biphasic_negative_positive
109,1424,363473,1009.6472222222222,LBBB,L,363394,363412,363441,363456,363512,363520,363597,363612,biphasic_negative_positive
109,1425,363735,1010.375,LBBB,L,363649,363669,363700,363716,363774,363780,363862,363878,biphasic_negative_positive
109,1426,364000,1011.1111111111111,LBBB,L,363914,363935,363964,363981,364040,364047,364134,364148,biphasic_negative_positive
109,1427,364272,1011.8666666666667,LBBB,L,364168,364180,364199,364255,364313,364321,364406,364423,biphasic_negative_positive
109,1428,364541,1012.6138888888889,LBBB,L,364461,364481,364510,364525,364580,364587,364667,364679,biphasic_negative_positive
109,1429,364798,1013.3277777777778,LBBB,L,364716,364735,364765,364778,364834,364840,364915,364929,biphasic_negative_positive
109,1430,365046,1014.0166666666667,LBBB,L,364945,364957,364975,365029,365083,365090,365170,365184,biphasic_negative_positive
109,1431,365307,1014.7416666666667,LBBB,L,365220,365238,365273,365288,365345,365351,365426,365438,biphasic_negative_positive
109,1432,365555,1015.4305555555555,LBBB,L,365455,365467,365484,365534,365594,365602,365678,365700,biphasic_negative_positive
109,1433,365805,1016.125,LBBB,L,365724,365744,365774,365787,365845,365852,365933,365945,biphasic_negative_positive
109,1434,366071,1016.8638888888889,LBBB,L,365963,365977,365995,366050,366112,366120,366202,366215,biphasic_negative_positive
109,1435,366335,1017.5972222222222,LBBB,L,366252,366271,366301,366314,366373,366381,366465,366479,biphasic_negative_positive
109,1436,366604,1018.3444444444444,LBBB,L,366518,366537,366570,366585,366643,366650,366734,366750,biphasic_negative_positive
109,1437,366868,1019.0777777777778,LBBB,L,366785,366808,366838,366849,366905,366912,366989,367006,biphasic_negative_positive
109,1438,367121,1019.7805555555556,LBBB,L,367040,367059,367091,367101,367158,367165,367236,367249,biphasic_negative_positive
109,1439,367366,1020.4611111111111,LBBB,L,367285,367304,367330,367347,367402,367409,367487,367516,biphasic_negative_positive
109,1440,367621,1021.1694444444445,LBBB,L,,,,367604,367662,367669,367748,367759,biphasic_negative_positive
109,1441,367876,1021.8777777777777,LBBB,L,367778,367787,367806,367858,367915,367922,368005,368023,biphasic_negative_positive
109,1442,368132,1022.5888888888888,LBBB,L,368053,368071,368102,368115,368169,368177,368258,368273,biphasic_negative_positive
109,1443,368393,1023.3138888888889,LBBB,L,368312,368331,368354,368377,368435,368443,368525,368541,biphasic_negative_positive
109,1444,368662,1024.0611111111111,LBBB,L,368558,368572,368592,368644,368700,368708,368789,368803,biphasic_negative_positive
109,1445,368927,1024.7972222222222,LBBB,L,368844,368863,368894,368907,368965,368971,369052,369067,biphasic_negative_positive
109,1446,369191,1025.5305555555556,LBBB,L,369106,369125,369158,369170,369228,369236,369307,369320,biphasic_negative_positive
109,1447,369438,1026.2166666666667,LBBB,L,369357,369378,369408,369421,369476,369482,369554,369571,biphasic_negative_positive
109,1448,369684,1026.9,LBBB,L,369605,369624,369654,369668,369723,369730,369804,369820,biphasic_negative_positive
109,1449,369943,1027.6194444444445,LBBB,L,369835,369845,369869,369925,369982,369990,370073,370091,biphasic_negative_positive
109,1450,370210,1028.361111111111,LBBB,L,370127,370145,370176,370191,370249,370255,370339,370355,biphasic_negative_positive
109,1451,370475,1029.0972222222222,LBBB,L,370393,370412,370445,370455,370512,370552,370598,370616,normal
109,1452,370735,1029.8194444444443,LBBB,L,370654,370673,370706,370719,370775,370782,370864,370880,biphasic_negative_positive
109,1453,370992,1030.5333333333333,PVC,V,370899,370912,370934,370963,371009,371038,371082,371137,normal
109,1454,371267,1031.2972222222222,LBBB,L,371155,371170,371193,371247,371304,371310,371391,371403,biphasic_negative_positive
109,1455,371521,1032.0027777777777,LBBB,L,371439,371457,371490,371505,371560,371596,371638,371655,normal
109,1456,371771,1032.6972222222223,LBBB,L,371667,371682,371701,371751,371810,371817,371890,371904,biphasic_negative_positive
109,1457,372018,1033.3833333333334,LBBB,L,371939,371958,371989,372002,372057,372063,372139,372155,biphasic_negative_positive
109,1458,372280,1034.111111111111,LBBB,L,372170,372182,372205,372261,372320,372325,372411,372427,biphasic_negative_positive
109,1459,372546,1034.85,LBBB,L,372464,372482,372514,372530,372587,372594,372677,372694,biphasic_negative_positive
109,1460,372816,1035.6,LBBB,L,372732,372752,372782,372796,372853,372860,372938,372952,biphasic_negative_positive
109,1461,373075,1036.3194444444443,LBBB,L,372991,373013,373043,373058,373114,373120,373200,373217,biphasic_negative_positive
109,1462,373338,1037.05,LBBB,L,373233,373249,373267,373323,373375,373382,373455,373471,biphasic_negative_positive
109,1463,373595,1037.763888888889,LBBB,L,373510,373531,373561,373576,373632,373637,373714,373728,biphasic_negative_positive
109,1464,373848,1038.4666666666667,LBBB,L,373765,373785,373816,373828,373887,373894,373966,373980,biphasic_negative_positive
109,1465,374093,1039.1472222222221,PVC,V,373998,374002,374026,374048,374104,374146,374191,374226,normal
109,1466,374345,1039.8472222222222,LBBB,L,374235,374254,374276,374326,374383,374389,374471,374485,biphasic_negative_positive
109,1467,374609,1040.5805555555555,LBBB,L,374521,374541,374574,374589,374649,374655,374742,374760,biphasic_negative_positive
109,1468,374882,1041.338888888889,LBBB,L,374800,374819,374852,374865,374923,374931,375010,375025,biphasic_negative_positive
109,1469,375150,1042.0833333333333,LBBB,L,375065,375084,375115,375130,375189,375195,375270,375287,biphasic_negative_positive
109,1470,375409,1042.8027777777777,LBBB,L,375301,375313,375336,375392,375447,375455,375529,375545,biphasic_negative_positive
109,1471,375665,1043.513888888889,LBBB,L,375582,375604,375629,375646,375701,375737,375781,375793,normal
109,1472,375913,1044.2027777777778,LBBB,L,375828,375846,375884,375896,375951,375958,376032,376047,biphasic_negative_positive
109,1473,376167,1044.9083333333333,LBBB,L,376084,376107,376129,376149,376206,376247,376287,376304,normal
109,1474,376417,1045.6027777777779,LBBB,L,376315,376327,376347,376401,376457,376464,376539,376552,biphasic_negative_positive
109,1475,376669,1046.3027777777777,LBBB,L,376588,376608,376635,376652,376706,376748,376796,376813,normal
109,1476,376937,1047.0472222222222,LBBB,L,376849,376869,376905,376918,376979,376989,377071,377089,biphasic_negative_positive
109,1477,377214,1047.8166666666666,LBBB,L,377129,377153,377175,377194,377253,377261,377343,377361,biphasic_negative_positive
109,1478,377479,1048.5527777777777,LBBB,L,377396,377414,377450,377462,377519,377525,377597,377609,biphasic_negative_positive
109,1479,377731,1049.2527777777777,LBBB,L,377648,377670,377696,377715,377767,377774,377852,377870,biphasic_negative_positive
109,1480,377986,1049.9611111111112,LBBB,L,377880,377893,377913,377967,378022,378028,378098,378111,biphasic_negative_positive
109,1481,378232,1050.6444444444444,LBBB,L,378148,378174,378196,378214,378269,378276,378353,378367,biphasic_negative_positive
109,1482,378485,1051.3472222222222,LBBB,L,378402,378420,378455,378467,378527,378534,378608,378622,biphasic_negative_positive
109,1483,378739,1052.0527777777777,LBBB,L,378658,378680,378704,378722,378780,378821,378866,378881,normal
109,1484,378997,1052.7694444444444,LBBB,L,378914,378934,378967,378980,379036,379045,379122,379139,biphasic_negative_positive
109,1485,379267,1053.5194444444444,LBBB,L,379143,379161,379191,379246,379310,379316,379403,379419,biphasic_negative_positive
109,1486,379545,1054.2916666666667,LBBB,L,379435,379446,379470,379527,379583,379588,379668,379697,biphasic_negative_positive
109,1487,379805,1055.013888888889,LBBB,L,379722,379743,379762,379787,379842,379850,379919,379934,biphasic_negative_positive
109,1488,380051,1055.6972222222223,LBBB,L,379970,379995,380020,380032,380087,380125,380167,380185,normal
109,1489,380303,1056.3972222222221,LBBB,L,380201,380214,380231,380285,380339,380347,380417,380433,biphasic_negative_positive
109,1490,380553,1057.0916666666667,LBBB,L,380470,380490,380518,380535,380590,380595,380674,380690,biphasic_negative_positive
109,1491,380810,1057.8055555555557,LBBB,L,380705,380718,380737,380792,380849,380856,380932,380950,biphasic_negative_positive
109,1492,381071,1058.5305555555556,LBBB,L,380967,380982,380999,381052,381110,381118,381199,381215,biphasic_negative_positive
109,1493,381296,1059.1555555555556,PVC,V,,,,381250,381329,381348,381393,381462,normal
109,1494,381610,1060.0277777777778,LBBB,L,381499,381515,381533,381587,381651,381661,381768,381780,biphasic_negative_positive
109,1495,381882,1060.7833333333333,LBBB,L,381801,381819,381844,381866,381920,381960,382007,382027,normal
109,1496,382145,1061.513888888889,LBBB,L,382042,382059,382077,382130,382180,382187,382262,382278,biphasic_negative_positive
109,1497,382393,1062.2027777777778,LBBB,L,382313,382331,382364,382377,382429,382436,382509,382524,biphasic_negative_positive
109,1498,382644,1062.9,LBBB,L,382564,382584,382611,382628,382679,382685,382763,382778,biphasic_negative_positive
109,1499,382901,1063.6138888888888,LBBB,L,382793,382804,382826,382882,382938,382943,383023,383041,biphasic_negative_positive
109,1500,383166,1064.35,LBBB,L,383056,383072,383090,383145,383206,383213,383290,383305,biphasic_negative_positive
109,1501,383430,1065.0833333333333,LBBB,L,383321,383336,383354,383410,383468,383476,383560,383576,biphasic_negative_positive
109,1502,383693,1065.8138888888889,LBBB,L,383590,383602,383620,383674,383731,383738,383820,383835,biphasic_negative_positive
109,1503,383960,1066.5555555555557,LBBB,L,383855,383868,383887,383943,384002,384008,384095,384109,biphasic_negative_positive
109,1504,384226,1067.2944444444445,LBBB,L,384146,384175,384194,384208,384262,384267,384347,384362,biphasic_negative_positive
109,1505,384476,1067.9888888888888,LBBB,L,384378,384391,384409,384460,384512,384521,384592,384606,biphasic_negative_positive
109,1506,384723,1068.675,LBBB,L,384620,384630,384654,384706,384758,384763,384842,384858,biphasic_negative_positive
109,1507,384973,1069.3694444444445,LBBB,L,384871,384886,384903,384957,385008,385015,385088,385102,biphasic_negative_positive
109,1508,385228,1070.0777777777778,LBBB,L,385143,385168,385191,385210,385267,385310,385357,385373,normal
109,1509,385501,1070.8361111111112,LBBB,L,385389,385403,385423,385480,385544,385549,385626,385640,biphasic_negative_positive
109,1510,385769,1071.5805555555555,LBBB,L,385660,385670,385695,385750,385807,385814,385896,385909,biphasic_negative_positive
109,1511,386027,1072.2972222222222,LBBB,L,385944,385961,385995,386007,386067,386073,386154,386167,biphasic_negative_positive
109,1512,386293,1073.036111111111,LBBB,L,386208,386231,386251,386276,386332,386341,386425,386443,biphasic_negative_positive
109,1513,386549,1073.7472222222223,LBBB,L,386451,386463,386482,386533,386587,386593,386668,386683,biphasic_negative_positive
109,1514,386796,1074.4333333333334,LBBB,L,386701,386713,386732,386781,386830,386836,386914,386927,biphasic_negative_positive
109,1515,387039,1075.1083333333333,LBBB,L,386939,386950,386971,387022,387075,387081,387159,387173,biphasic_negative_positive
109,1516,387293,1075.8138888888889,LBBB,L,387212,387234,387258,387275,387326,387333,387414,387429,biphasic_negative_positive
109,1517,387553,1076.536111111111,LBBB,L,387445,387460,387479,387532,387591,387601,387679,387694,biphasic_negative_positive
109,1518,387822,1077.2833333333333,LBBB,L,387734,387763,387787,387801,387862,387870,387948,387963,biphasic_negative_positive
109,1519,388087,1078.0194444444444,LBBB,L,387979,387994,388011,388066,388127,388137,388210,388226,biphasic_negative_positive
109,1520,388343,1078.7305555555556,LBBB,L,388262,388285,388307,388325,388381,388388,388471,388486,biphasic_negative_positive
109,1521,388606,1079.4611111111112,LBBB,L,388497,388508,388531,388587,388644,388651,388730,388747,biphasic_negative_positive
109,1522,388859,1080.1638888888888,LBBB,L,388763,388776,388793,388844,388898,388906,388981,388995,biphasic_negative_positive
109,1523,389108,1080.8555555555556,LBBB,L,389011,389023,389043,389093,389143,389181,389225,389240,normal
109,1524,389356,1081.5444444444445,LBBB,L,389254,389268,389288,389339,389393,389400,389478,389495,biphasic_negative_positive
109,1525,389615,1082.263888888889,LBBB,L,389534,389557,389579,389596,389652,389658,389742,389760,biphasic_negative_positive
109,1526,389886,1083.0166666666667,LBBB,L,389799,389826,389854,389865,389926,389931,390016,390032,biphasic_negative_positive
109,1527,390161,1083.7805555555556,LBBB,L,390075,390095,390114,390143,390200,390209,390284,390301,biphasic_negative_positive
109,1528,390426,1084.5166666666667,LBBB,L,390340,390366,390388,390407,390464,390472,390550,390562,biphasic_negative_positive
109,1529,390678,1085.2166666666667,LBBB,L,390576,390588,390609,390662,390718,390725,390801,390818,biphasic_negative_positive
109,1530,390938,1085.9388888888889,LBBB,L,390855,390875,390903,390916,390975,390983,391063,391079,biphasic_negative_positive
109,1531,391190,1086.638888888889,LBBB,L,391091,391101,391122,391174,391228,391233,391312,391329,biphasic_negative_positive
109,1532,391440,1087.3333333333333,LBBB,L,391365,391384,391399,391425,391479,391514,391562,391576,normal
109,1533,391694,1088.0388888888888,LBBB,L,391613,391639,391660,391676,391731,391738,391821,391836,biphasic_negative_positive
109,1534,391930,1088.6944444444443,PVC,V,,,,391874,391955,391979,392024,392090,normal
109,1535,392226,1089.5166666666667,LBBB,L,392138,392162,392187,392206,392265,392282,392361,392373,biphasic_negative_positive
109,1536,392498,1090.2722222222221,LBBB,L,392411,392430,392467,392481,392537,392543,392618,392635,biphasic_negative_positive
109,1537,392758,1090.9944444444445,LBBB,L,392654,392669,392686,392741,392798,392805,392877,392889,biphasic_negative_positive
109,1538,393005,1091.6805555555557,LBBB,L,392924,392950,392973,392987,393042,393047,393126,393141,biphasic_negative_positive
109,1539,393260,1092.388888888889,LBBB,L,393157,393171,393188,393243,393300,393309,393386,393400,biphasic_negative_positive
109,1540,393515,1093.0972222222222,LBBB,L,393435,393458,393482,393497,393551,393557,393581,393632,inverted
109,1541,393767,1093.7972222222222,LBBB,L,393670,393682,393699,393747,393803,393811,393886,393902,biphasic_negative_positive
109,1542,394020,1094.5,LBBB,L,393940,393963,393986,394005,394060,394067,394151,394168,biphasic_negative_positive
109,1543,394289,1095.2472222222223,LBBB,L,394206,394224,394258,394271,394327,394333,394413,394430,biphasic_negative_positive
109,1544,394522,1095.8944444444444,PVC,V,,,,394471,394554,394569,394619,394684,normal
109,1545,394829,1096.7472222222223,LBBB,L,394741,394772,394795,394811,394867,394873,394958,394977,biphasic_negative_positive
109,1546,395079,1097.4416666666666,LBBB,L,394998,395017,395051,395063,395117,395127,395196,395212,biphasic_negative_positive
109,1547,395326,1098.1277777777777,LBBB,L,395228,395242,395259,395309,395365,395374,395448,395461,biphasic_negative_positive
109,1548,395585,1098.8472222222222,LBBB,L,395500,395526,395548,395566,395623,395630,395713,395729,biphasic_negative_positive
109,1549,395840,1099.5555555555557,LBBB,L,395740,395751,395771,395824,395879,395885,395962,395975,biphasic_negative_positive
109,1550,396095,1100.263888888889,LBBB,L,395979,395996,396027,396077,396132,396139,396220,396232,biphasic_negative_positive
109,1551,396354,1100.9833333333333,LBBB,L,396249,396260,396282,396336,396393,396398,396483,396512,biphasic_negative_positive
109,1552,396620,1101.7222222222222,LBBB,L,396516,396532,396549,396604,396659,396664,396745,396761,biphasic_negative_positive
109,1553,396887,1102.463888888889,LBBB,L,396802,396826,396856,396869,396926,396932,397013,397027,biphasic_negative_positive
109,1554,397153,1103.2027777777778,LBBB,L,,397121,397126,397128,397184,397197,397272,397287,biphasic_negative_positive
109,1555,397405,1103.9027777777778,LBBB,L,397301,397312,397334,397381,397441,397449,397524,397539,biphasic_negative_positive
109,1556,397649,1104.5805555555555,LBBB,L,397548,397559,397582,397627,397681,397693,397770,397786,biphasic_negative_positive
109,1557,397907,1105.2972222222222,LBBB,L,397800,397812,397834,397884,397944,397952,398034,398051,biphasic_negative_positive
109,1558,398166,1106.0166666666667,LBBB,L,398067,398078,398098,398143,398208,398213,398294,398311,biphasic_negative_positive
109,1559,398415,1106.7083333333333,PVC,V,398328,398339,398375,398376,398433,398459,398506,398566,normal
109,1560,398696,1107.4888888888888,LBBB,L,398576,398600,398624,398670,398736,398742,398845,398855,biphasic_negative_positive
109,1561,398964,1108.2333333333333,LBBB,L,,,,398940,399000,399038,399085,399103,normal
109,1562,399229,1108.9694444444444,LBBB,L,399121,399137,399155,399205,399266,399272,399352,399367,biphasic_negative_positive
109,1563,399488,1109.6888888888889,LBBB,L,399384,399395,399416,399467,399529,399534,399606,399621,biphasic_negative_positive
109,1564,399738,1110.3833333333334,LBBB,L,399640,399644,399667,399715,399775,399782,399858,399869,biphasic_negative_positive
109,1565,399984,1111.0666666666666,LBBB,L,399889,399893,399917,399961,400021,400028,400106,400120,biphasic_negative_positive
109,1566,400241,1111.7805555555556,LBBB,L,400139,400144,400166,400218,400279,400286,400370,400387,biphasic_negative_positive
109,1567,400506,1112.5166666666667,LBBB,L,400400,400414,400435,400482,400544,400551,400633,400649,biphasic_negative_positive
109,1568,400775,1113.263888888889,LBBB,L,400666,400677,400701,400752,400807,400820,400898,400912,biphasic_negative_positive
109,1569,401037,1113.9916666666666,LBBB,L,400933,400938,400964,401015,401076,401082,401162,401176,biphasic_negative_positive
109,1570,401302,1114.7277777777779,LBBB,L,401191,401202,401226,401276,401340,401346,401421,401437,biphasic_negative_positive
109,1571,401561,1115.4472222222223,LBBB,L,401457,401461,401485,401538,401598,401606,401682,401697,biphasic_negative_positive
109,1572,401818,1116.161111111111,LBBB,L,401713,401725,401746,401796,401857,401865,401941,401951,biphasic_negative_positive
109,1573,402068,1116.8555555555556,LBBB,L,401972,401977,401998,402047,402104,402112,402190,402204,biphasic_negative_positive
109,1574,402316,1117.5444444444445,LBBB,L,402217,402228,402248,402294,402356,402361,402441,402455,biphasic_negative_positive
109,1575,402578,1118.2722222222221,LBBB,L,402469,402479,402502,402553,402618,402624,402709,402725,biphasic_negative_positive
109,1576,402851,1119.0305555555556,LBBB,L,402744,402757,402777,402829,402884,402897,402977,402991,biphasic_negative_positive
109,1577,403118,1119.7722222222221,LBBB,L,403010,403025,403043,403093,403158,403163,403240,403255,biphasic_negative_positive
109,1578,403377,1120.4916666666666,LBBB,L,403269,403285,403303,403351,403417,403421,403500,403512,biphasic_negative_positive
109,1579,403635,1121.2083333333333,LBBB,L,403530,403540,403562,403610,403675,403679,403754,403770,biphasic_negative_positive
109,1580,403884,1121.9,LBBB,L,403782,403793,403812,403861,403922,403930,404006,404018,biphasic_negative_positive
109,1581,404137,1122.6027777777779,LBBB,L,404036,404047,404065,404113,404178,404183,404262,404278,biphasic_negative_positive
109,1582,404387,1123.2972222222222,LBBB,L,404289,404301,404319,404365,404426,404431,404512,404524,biphasic_negative_positive
109,1583,404638,1123.9944444444445,LBBB,L,404541,404553,404571,404617,404676,404682,404761,404775,biphasic_negative_positive
109,1584,404901,1124.725,LBBB,L,404794,404808,404826,404876,404937,404950,405036,405051,biphasic_negative_positive
109,1585,405181,1125.5027777777777,LBBB,L,405069,405084,405104,405157,405218,405226,405305,405319,biphasic_negative_positive
109,1586,405445,1126.236111111111,LBBB,L,405336,405349,405369,405421,405483,405489,405511,405562,inverted
109,1587,405700,1126.9444444444443,LBBB,L,405595,405605,405625,405674,405739,405744,405821,405831,biphasic_negative_positive
109,1588,405953,1127.6472222222221,LBBB,L,405850,405863,405881,405931,405991,405999,406072,406084,biphasic_negative_positive
109,1589,406198,1128.3277777777778,LBBB,L,406100,406111,406129,406176,406238,406245,406321,406334,biphasic_negative_positive
109,1590,406453,1129.036111111111,LBBB,L,406349,406363,406381,406429,406491,406499,406579,406596,biphasic_negative_positive
109,1591,406707,1129.7416666666666,LBBB,L,406611,406622,406640,406686,406746,406752,406833,406848,biphasic_negative_positive
109,1592,406965,1130.4583333333333,LBBB,L,406863,406874,406896,406944,407004,407009,407090,407106,biphasic_negative_positive
109,1593,407228,1131.1888888888889,LBBB,L,407121,407136,407155,407204,407269,407277,407361,407376,biphasic_negative_positive
109,1594,407507,1131.963888888889,LBBB,L,407395,407411,407429,407484,407540,407555,407634,407647,biphasic_negative_positive
109,1595,407772,1132.7,LBBB,L,407663,407677,407698,407749,407810,407818,407840,407891,inverted
109,1596,407974,1133.2611111111112,PVC,V,,,,407933,407978,407990,408070,408137,normal
109,1597,408272,1134.088888888889,LBBB,L,408158,408183,408201,408247,408312,408318,408338,408395,inverted
109,1598,408518,1134.7722222222221,LBBB,L,,,,408497,408559,408598,408642,408661,normal
109,1599,408780,1135.5,LBBB,L,408677,408692,408710,408757,408819,408827,408909,408924,biphasic_negative_positive
109,1600,409041,1136.225,LBBB,L,408944,408949,408972,409019,409081,409086,409168,409187,biphasic_negative_positive
109,1601,409309,1136.9694444444444,LBBB,L,409210,409217,409237,409285,409345,409354,409433,409449,biphasic_negative_positive
109,1602,409574,1137.7055555555555,LBBB,L,409465,409476,409500,409550,409615,409622,409707,409724,biphasic_negative_positive
109,1603,409852,1138.4777777777779,LBBB,L,409740,409750,409776,409826,409892,409899,409980,409997,biphasic_negative_positive
109,1604,410115,1139.2083333333333,LBBB,L,410011,410026,410044,410090,410155,410161,410235,410252,biphasic_negative_positive
109,1605,410360,1139.888888888889,LBBB,L,410267,410278,410295,410336,410401,410406,410481,410493,biphasic_negative_positive
109,1606,410612,1140.588888888889,LBBB,L,410510,410521,410541,410587,410652,410656,410732,410746,biphasic_negative_positive
109,1607,410862,1141.2833333333333,LBBB,L,410762,410774,410792,410838,410900,410909,410989,411004,biphasic_negative_positive
109,1608,411123,1142.0083333333334,LBBB,L,411020,411033,411052,411098,411165,411172,411254,411271,biphasic_negative_positive
109,1609,411352,1142.6444444444444,PVC,V,,,,411276,411439,411445,411522,411562,inverted
109,1610,411655,1143.486111111111,LBBB,L,,,,411632,411697,411702,411785,411797,biphasic_negative_positive
109,1611,411924,1144.2333333333333,LBBB,L,411816,411823,411849,411896,411957,411972,412054,412074,biphasic_negative_positive
109,1612,412201,1145.0027777777777,LBBB,L,412078,412108,412127,412177,412238,412245,412323,412335,biphasic_negative_positive
109,1613,412453,1145.7027777777778,LBBB,L,412350,412360,412382,412430,412492,412498,412570,412584,biphasic_negative_positive
109,1614,412698,1146.3833333333334,LBBB,L,412599,412611,412629,412676,412736,412742,412817,412831,biphasic_negative_positive
109,1615,412950,1147.0833333333333,LBBB,L,412846,412859,412879,412927,412988,412994,413068,413082,biphasic_negative_positive
109,1616,413201,1147.7805555555556,LBBB,L,413098,413110,413129,413174,413240,413248,413330,413343,biphasic_negative_positive
109,1617,413467,1148.5194444444444,LBBB,L,413361,413374,413392,413443,413509,413514,413600,413616,biphasic_negative_positive
109,1618,413732,1149.2555555555555,LBBB,L,413632,413645,413662,413708,413773,413782,413862,413879,biphasic_negative_positive
109,1619,413995,1149.986111111111,LBBB,L,413895,413908,413926,413971,414033,414041,414121,414135,biphasic_negative_positive
109,1620,414259,1150.7194444444444,LBBB,L,414153,414164,414185,414235,414284,414307,414390,414405,biphasic_negative_positive
109,1621,414526,1151.4611111111112,LBBB,L,414422,414431,414454,414504,414548,414570,414643,414656,biphasic_negative_positive
109,1622,414772,1152.1444444444444,LBBB,L,414671,414682,414702,414751,414812,414846,414887,414896,normal
109,1623,415016,1152.8222222222223,LBBB,L,414915,414926,414944,414992,415052,415059,415134,415146,biphasic_negative_positive
109,1624,415265,1153.513888888889,LBBB,L,415163,415173,415192,415241,415303,415311,415385,415394,biphasic_negative_positive
109,1625,415516,1154.2111111111112,LBBB,L,415412,415422,415442,415490,415556,415563,415643,415658,biphasic_negative_positive
109,1626,415783,1154.9527777777778,LBBB,L,415674,415687,415706,415759,415825,415868,415915,415930,normal
109,1627,416051,1155.6972222222223,LBBB,L,415948,415961,415979,416028,416090,416097,416181,416195,biphasic_negative_positive
109,1628,416313,1156.425,LBBB,L,416213,416224,416243,416288,416349,416356,416434,416448,biphasic_negative_positive
109,1629,416567,1157.1305555555555,LBBB,L,416466,416477,416496,416545,416606,416613,416693,416706,biphasic_negative_positive
109,1630,416828,1157.8555555555556,LBBB,L,416724,416735,416757,416804,416865,416872,416947,416956,biphasic_negative_positive
109,1631,417078,1158.55,LBBB,L,416977,416988,417006,417054,417115,417119,417194,417208,biphasic_negative_positive
109,1632,417320,1159.2222222222222,LBBB,L,417221,417232,417250,417296,417358,417364,417439,417451,biphasic_negative_positive
109,1633,417570,1159.9166666666667,LBBB,L,417467,417479,417498,417546,417613,417616,417694,417706,biphasic_negative_positive
109,1634,417827,1160.6305555555555,LBBB,L,417723,417735,417754,417804,417872,417878,417958,417972,biphasic_negative_positive
109,1635,418097,1161.3805555555555,LBBB,L,417988,418002,418021,418075,418141,418149,418232,418245,biphasic_negative_positive
109,1636,418365,1162.125,LBBB,L,418264,418276,418294,418340,418405,418412,418492,418504,biphasic_negative_positive
109,1637,418623,1162.8416666666667,LBBB,L,418525,418536,418554,418599,418663,418666,418744,418755,biphasic_negative_positive
109,1638,418875,1163.5416666666667,LBBB,L,418774,418785,418804,418850,418899,418919,418999,419012,biphasic_negative_positive
109,1639,419131,1164.2527777777777,LBBB,L,419029,419041,419060,419108,419163,419177,419249,419262,biphasic_negative_positive
109,1640,419379,1164.9416666666666,LBBB,L,419277,419288,419307,419357,419410,419424,419497,419509,biphasic_negative_positive
109,1641,419624,1165.6222222222223,LBBB,L,419525,419535,419553,419600,419661,419669,419744,419754,biphasic_negative_positive
109,1642,419876,1166.3222222222223,LBBB,L,419772,419782,419801,419852,419900,419923,420001,420013,biphasic_negative_positive
109,1643,420137,1167.0472222222222,LBBB,L,420031,420044,420062,420110,420181,420187,420269,420283,biphasic_negative_positive
109,1644,420371,1167.6972222222223,PVC,V,,,,420322,420372,420373,420467,420519,normal
109,1645,420672,1168.5333333333333,LBBB,L,420568,420585,420602,420650,420710,420752,420804,420816,normal
109,1646,420930,1169.25,LBBB,L,420834,420842,420863,420907,420967,421004,421048,421067,normal
109,1647,421185,1169.9583333333333,LBBB,L,421081,421097,421115,421160,421225,421233,421311,421327,biphasic_negative_positive
109,1648,421445,1170.6805555555557,LBBB,L,421341,421351,421375,421423,421483,421488,421563,421577,biphasic_negative_positive
109,1649,421694,1171.3722222222223,LBBB,L,421593,421606,421624,421675,421736,421740,421813,421825,biphasic_negative_positive
109,1650,421945,1172.0694444444443,LBBB,L,421839,421854,421872,421922,421984,421991,422068,422084,biphasic_negative_positive
109,1651,422210,1172.8055555555557,LBBB,L,422100,422113,422134,422185,422251,422257,422335,422348,biphasic_negative_positive
109,1652,422473,1173.536111111111,LBBB,L,422363,422374,422396,422449,422516,422521,422603,422619,biphasic_negative_positive
109,1653,422745,1174.2916666666667,LBBB,L,422635,422649,422668,422719,422786,422793,422874,422890,biphasic_negative_positive
109,1654,423005,1175.013888888889,LBBB,L,422903,422917,422936,422983,423045,423051,423128,423143,biphasic_negative_positive
109,1655,423254,1175.7055555555555,LBBB,L,423157,423169,423189,423234,423290,423297,423373,423384,biphasic_negative_positive
109,1656,423503,1176.3972222222221,LBBB,L,423400,423410,423432,423480,423542,423548,423627,423641,biphasic_negative_positive
109,1657,423762,1177.1166666666666,LBBB,L,423658,423670,423691,423739,423800,423804,423880,423895,biphasic_negative_positive
109,1658,424014,1177.8166666666666,LBBB,L,423911,423923,423942,423991,424053,424059,424133,424145,biphasic_negative_positive
109,1659,424268,1178.5222222222221,LBBB,L,424162,424175,424194,424244,424310,424313,424393,424408,biphasic_negative_positive
109,1660,424537,1179.2694444444444,LBBB,L,424426,424439,424458,424509,424570,424583,424661,424674,biphasic_negative_positive
109,1661,424798,1179.9944444444445,LBBB,L,424690,424704,424722,424772,424839,424848,424927,424943,biphasic_negative_positive
109,1662,425066,1180.7388888888888,LBBB,L,424960,424974,424992,425041,425090,425115,425194,425210,biphasic_negative_positive
109,1663,425324,1181.4555555555555,LBBB,L,425226,425238,425255,425300,425362,425369,425446,425459,biphasic_negative_positive
109,1664,425574,1182.15,LBBB,L,425476,425487,425507,425552,425602,425615,425688,425706,biphasic_negative_positive
109,1665,425818,1182.8277777777778,LBBB,L,425720,425731,425749,425796,425857,425865,425943,425960,biphasic_negative_positive
109,1666,426082,1183.5611111111111,LBBB,L,425975,425990,426008,426056,426121,426125,426203,426219,biphasic_negative_positive
109,1667,426343,1184.286111111111,LBBB,L,426236,426249,426268,426318,426381,426388,426462,426478,biphasic_negative_positive
109,1668,426598,1184.9944444444445,LBBB,L,426494,426506,426525,426577,426639,426645,426723,426738,biphasic_negative_positive
109,1669,426865,1185.736111111111,LBBB,L,426755,426770,426790,426842,426908,426912,426991,427005,biphasic_negative_positive
109,1670,427130,1186.4722222222222,LBBB,L,427021,427033,427054,427105,427172,427176,427258,427273,biphasic_negative_positive
109,1671,427394,1187.2055555555555,LBBB,L,427289,427303,427321,427370,427435,427439,427519,427535,biphasic_negative_positive
109,1672,427643,1187.8972222222221,LBBB,L,427550,427561,427578,427622,427682,427688,427765,427779,biphasic_negative_positive
109,1673,427891,1188.5861111111112,LBBB,L,427795,427807,427825,427869,427928,427933,428008,428023,biphasic_negative_positive
109,1674,428142,1189.2833333333333,LBBB,L,428038,428050,428071,428119,428180,428188,428269,428284,biphasic_negative_positive
109,1675,428408,1190.0222222222221,LBBB,L,428299,428315,428333,428384,428439,428453,428530,428546,biphasic_negative_positive
109,1676,428670,1190.75,LBBB,L,428562,428576,428595,428647,428714,428717,428795,428810,biphasic_negative_positive
109,1677,428931,1191.475,LBBB,L,428824,428836,428857,428907,428974,428980,429058,429072,biphasic_negative_positive
109,1678,429197,1192.213888888889,LBBB,L,429088,429104,429122,429171,429237,429244,429322,429334,biphasic_negative_positive
109,1679,429457,1192.9361111111111,LBBB,L,429350,429362,429383,429433,429500,429503,429584,429597,biphasic_negative_positive
109,1680,429716,1193.6555555555556,LBBB,L,429612,429626,429645,429692,429754,429761,429839,429852,biphasic_negative_positive
109,1681,429962,1194.338888888889,LBBB,L,429868,429880,429897,429943,429999,430006,430081,430096,biphasic_negative_positive
109,1682,430210,1195.0277777777778,LBBB,L,430113,430125,430144,430189,430246,430254,430326,430340,biphasic_negative_positive
109,1683,430461,1195.725,LBBB,L,430357,430367,430390,430437,430502,430508,430588,430605,biphasic_negative_positive
109,1684,430732,1196.4777777777779,LBBB,L,430622,430635,430655,430706,430772,430778,430855,430868,biphasic_negative_positive
109,1685,430995,1197.2083333333333,LBBB,L,430886,430899,430918,430970,431037,431042,431120,431134,biphasic_negative_positive
109,1686,431253,1197.925,LBBB,L,431152,431163,431181,431228,431278,431301,431382,431396,biphasic_negative_positive
109,1687,431515,1198.6527777777778,LBBB,L,431410,431423,431442,431492,431558,431562,431641,431651,biphasic_negative_positive
109,1688,431767,1199.3527777777779,LBBB,L,431669,431681,431698,431744,431800,431813,431892,431904,biphasic_negative_positive
109,1689,432021,1200.0583333333334,LBBB,L,431922,431932,431950,431996,432061,432066,432145,432161,biphasic_negative_positive
109,1690,432273,1200.7583333333334,LBBB,L,432176,432189,432205,432248,432308,432315,432392,432416,biphasic_negative_positive
109,1691,432520,1201.4444444444443,LBBB,L,432421,432433,432452,432499,432557,432563,432637,432652,biphasic_negative_positive
109,1692,432771,1202.1416666666667,LBBB,L,432668,432682,432699,432747,432813,432818,432901,432916,biphasic_negative_positive
109,1693,433046,1202.9055555555556,LBBB,L,432934,432950,432969,433022,433089,433096,433177,433191,biphasic_negative_positive
109,1694,433316,1203.6555555555556,LBBB,L,433208,433221,433240,433291,433353,433362,433444,433458,biphasic_negative_positive
109,1695,433574,1204.3722222222223,LBBB,L,433474,433487,433504,433551,433605,433619,433701,433717,biphasic_negative_positive
109,1696,433832,1205.088888888889,LBBB,L,433733,433745,433763,433809,433864,433879,433959,433973,biphasic_negative_positive
109,1697,434083,1205.786111111111,LBBB,L,433988,433999,434017,434060,434120,434126,434207,434222,biphasic_negative_positive
109,1698,434337,1206.4916666666666,LBBB,L,434238,434252,434270,434313,434374,434381,434461,434477,biphasic_negative_positive
109,1699,434596,1207.2111111111112,LBBB,L,434493,434504,434526,434574,434626,434638,434716,434731,biphasic_negative_positive
109,1700,434849,1207.9138888888888,LBBB,L,434746,434757,434779,434828,434888,434893,434970,434986,biphasic_negative_positive
109,1701,435103,1208.6194444444445,LBBB,L,434999,435013,435031,435080,435147,435186,435234,435250,normal
109,1702,435380,1209.388888888889,LBBB,L,435268,435284,435303,435356,435424,435434,435516,435529,biphasic_negative_positive
109,1703,435652,1210.1444444444444,LBBB,L,435545,435557,435579,435627,435692,435698,435781,435796,biphasic_negative_positive
109,1704,435910,1210.861111111111,LBBB,L,435809,435820,435842,435889,435940,435953,436030,436048,biphasic_negative_positive
109,1705,436160,1211.5555555555557,LBBB,L,436062,436076,436094,436137,436184,436206,436285,436299,biphasic_negative_positive
109,1706,436413,1212.2583333333334,LBBB,L,436316,436329,436347,436392,436444,436457,436533,436550,biphasic_negative_positive
109,1707,436667,1212.963888888889,LBBB,L,436564,436575,436598,436646,436706,436710,436790,436805,biphasic_negative_positive
109,1708,436924,1213.6777777777777,LBBB,L,436819,436832,436854,436904,436947,436968,437043,437058,biphasic_negative_positive
109,1709,437181,1214.3916666666667,LBBB,L,437076,437089,437108,437157,437222,437228,437306,437319,biphasic_negative_positive
109,1710,437440,1215.111111111111,LBBB,L,437337,437350,437368,437419,437475,437491,437571,437586,biphasic_negative_positive
109,1711,437715,1215.875,LBBB,L,437603,437613,437638,437690,437757,437764,437849,437863,biphasic_negative_positive
109,1712,437983,1216.6194444444445,LBBB,L,437879,437889,437911,437959,438021,438027,438111,438125,biphasic_negative_positive
109,1713,438238,1217.3277777777778,LBBB,L,438140,438150,438172,438218,438274,438281,438356,438371,biphasic_negative_positive
109,1714,438485,1218.013888888889,LBBB,L,438389,438402,438420,438465,438507,438529,438606,438621,biphasic_negative_positive
109,1715,438736,1218.7111111111112,LBBB,L,438639,438652,438670,438716,438766,438780,438855,438871,biphasic_negative_positive
109,1716,438992,1219.4222222222222,LBBB,L,438885,438896,438920,438968,439028,439034,439116,439130,biphasic_negative_positive
109,1717,439256,1220.1555555555556,LBBB,L,439146,439160,439180,439231,439293,439299,439376,439391,biphasic_negative_positive
109,1718,439515,1220.875,LBBB,L,439405,439420,439440,439490,439539,439562,439639,439659,biphasic_negative_positive
109,1719,439779,1221.6083333333333,LBBB,L,439672,439688,439705,439754,439820,439826,439907,439923,biphasic_negative_positive
109,1720,440050,1222.361111111111,LBBB,L,439940,439953,439975,440025,440091,440099,440184,440202,biphasic_negative_positive
109,1721,440316,1223.1,LBBB,L,440211,440227,440246,440294,440354,440360,440438,440454,biphasic_negative_positive
109,1722,440570,1223.8055555555557,LBBB,L,440470,440480,440504,440547,440606,440610,440685,440704,biphasic_negative_positive
109,1723,440816,1224.4888888888888,LBBB,L,440718,440730,440750,440793,440853,440858,440937,440951,biphasic_negative_positive
109,1724,441068,1225.1888888888889,LBBB,L,440968,440983,441002,441045,441104,441110,441188,441202,biphasic_negative_positive
109,1725,441327,1225.9083333333333,LBBB,L,441217,441227,441252,441301,441363,441370,441453,441469,biphasic_negative_positive
109,1726,441596,1226.6555555555556,LBBB,L,441485,441501,441520,441572,441638,441644,441721,441736,biphasic_negative_positive
109,1727,441861,1227.3916666666667,LBBB,L,441754,441768,441786,441837,441885,441908,441986,442002,biphasic_negative_positive
109,1728,442122,1228.1166666666666,LBBB,L,442017,442029,442048,442099,442160,442168,442250,442261,biphasic_negative_positive
109,1729,442389,1228.8583333333333,LBBB,L,442280,442289,442315,442365,442430,442438,442520,442536,biphasic_negative_positive
109,1730,442651,1229.5861111111112,LBBB,L,442549,442561,442580,442627,442688,442692,442770,442782,biphasic_negative_positive
109,1731,442898,1230.2722222222221,LBBB,L,442801,442814,442831,442875,442932,442938,443012,443024,biphasic_negative_positive
109,1732,443139,1230.9416666666666,LBBB,L,443041,443053,443072,443119,443179,443216,443260,443275,normal
109,1733,443392,1231.6444444444444,LBBB,L,443293,443308,443326,443372,443421,443435,443513,443525,biphasic_negative_positive
109,1734,443649,1232.3583333333333,LBBB,L,443542,443552,443575,443625,443691,443695,443777,443791,biphasic_negative_positive
109,1735,443922,1233.1166666666666,LBBB,L,443811,443825,443844,443895,443960,443967,444047,444063,biphasic_negative_positive
109,1736,444181,1233.8361111111112,LBBB,L,444076,444089,444108,444158,444211,444229,444305,444320,biphasic_negative_positive
109,1737,444438,1234.55,LBBB,L,444337,444350,444369,444417,444471,444485,444568,444582,biphasic_negative_positive
109,1738,444706,1235.2944444444445,LBBB,L,444599,444613,444632,444680,444729,444752,444835,444849,biphasic_negative_positive
109,1739,444963,1236.0083333333334,LBBB,L,444865,444875,444896,444939,444999,445007,445084,445099,biphasic_negative_positive
109,1740,445212,1236.7,LBBB,L,445115,445126,445146,445190,445246,445251,445327,445343,biphasic_negative_positive
109,1741,445457,1237.3805555555555,LBBB,L,445360,445374,445390,445436,445496,445502,445579,445596,biphasic_negative_positive
109,1742,445715,1238.0972222222222,LBBB,L,445614,445626,445646,445693,445753,445759,445839,445856,biphasic_negative_positive
109,1743,445983,1238.8416666666667,LBBB,L,445873,445889,445909,445958,446024,446030,446112,446130,biphasic_negative_positive
109,1744,446258,1239.6055555555556,LBBB,L,446144,446153,446181,446233,446294,446302,446381,446395,biphasic_negative_positive
109,1745,446521,1240.3361111111112,LBBB,L,446413,446428,446446,446497,446553,446568,446644,446658,biphasic_negative_positive
109,1746,446776,1241.0444444444445,LBBB,L,446674,446687,446705,446754,446815,446821,446900,446916,biphasic_negative_positive
109,1747,447034,1241.7611111111112,LBBB,L,446931,446945,446964,447013,447074,447084,447161,447175,biphasic_negative_positive
109,1748,447289,1242.4694444444444,LBBB,L,447190,447199,447222,447266,447326,447332,447413,447428,biphasic_negative_positive
109,1749,447537,1243.1583333333333,LBBB,L,447442,447453,447472,447516,447572,447577,447657,447670,biphasic_negative_positive
109,1750,447787,1243.8527777777779,LBBB,L,447690,447701,447719,447764,447824,447833,447912,447926,biphasic_negative_positive
109,1751,448045,1244.5694444444443,LBBB,L,447944,447957,447975,448022,448083,448090,448174,448191,biphasic_negative_positive
109,1752,448317,1245.325,LBBB,L,448210,448226,448244,448292,448357,448366,448447,448465,biphasic_negative_positive
109,1753,448592,1246.088888888889,LBBB,L,448484,448498,448517,448567,448633,448638,448715,448731,biphasic_negative_positive
109,1754,448852,1246.8111111111111,LBBB,L,448747,448761,448779,448829,448892,448898,448975,448989,biphasic_negative_positive
109,1755,449103,1247.5083333333334,LBBB,L,449006,449017,449035,449083,449142,449149,449227,449242,biphasic_negative_positive
109,1756,449363,1248.2305555555556,LBBB,L,449258,449272,449290,449341,449403,449408,449487,449501,biphasic_negative_positive
109,1757,449617,1248.9361111111111,LBBB,L,449519,449532,449549,449594,449653,449661,449740,449753,biphasic_negative_positive
109,1758,449868,1249.6333333333334,LBBB,L,449773,449777,449800,449846,449905,449909,449991,450015,biphasic_negative_positive
109,1759,450123,1250.3416666666667,LBBB,L,450022,450035,450053,450099,450164,450171,450253,450269,biphasic_negative_positive
109,1760,450386,1251.0722222222223,LBBB,L,450286,450298,450318,450363,450424,450433,450519,450534,biphasic_negative_positive
109,1761,450655,1251.8194444444443,LBBB,L,450549,450565,450583,450630,450698,450705,450787,450804,biphasic_negative_positive
109,1762,450930,1252.5833333333333,LBBB,L,450825,450838,450857,450908,450968,451007,451054,451068,normal
109,1763,451185,1253.2916666666667,LBBB,L,451083,451094,451114,451164,451216,451228,451302,451314,biphasic_negative_positive
109,1764,451429,1253.9694444444444,LBBB,L,451330,451341,451361,451406,451466,451478,451552,451566,biphasic_negative_positive
109,1765,451687,1254.6861111111111,LBBB,L,451581,451591,451613,451659,451719,451731,451811,451835,biphasic_negative_positive
109,1766,451936,1255.3777777777777,LBBB,L,451840,451852,451869,451915,451977,451986,452062,452077,biphasic_negative_positive
109,1767,452189,1256.0805555555555,LBBB,L,452092,452106,452124,452168,452230,452234,452318,452333,biphasic_negative_positive
109,1768,452452,1256.8111111111111,LBBB,L,452346,452357,452379,452427,452492,452499,452586,452600,biphasic_negative_positive
109,1769,452720,1257.5555555555557,LBBB,L,452617,452630,452649,452696,452762,452769,452852,452869,biphasic_negative_positive
109,1770,452991,1258.3083333333334,LBBB,L,452887,452901,452920,452967,453015,453038,453123,453141,biphasic_negative_positive
109,1771,453259,1259.0527777777777,LBBB,L,453157,453170,453190,453237,453297,453302,453381,453396,biphasic_negative_positive
109,1772,453512,1259.7555555555555,LBBB,L,453409,453425,453445,453492,453549,453555,453627,453642,biphasic_negative_positive
109,1773,453759,1260.4416666666666,LBBB,L,453653,453669,453690,453735,453795,453802,453883,453898,biphasic_negative_positive
109,1774,454021,1261.1694444444445,LBBB,L,453913,453924,453947,453996,454058,454065,454143,454160,biphasic_negative_positive
109,1775,454275,1261.875,LBBB,L,454174,454186,454205,454251,454316,454324,454400,454415,biphasic_negative_positive
109,1776,454532,1262.588888888889,LBBB,L,454432,454444,454462,454508,454575,454582,454660,454674,biphasic_negative_positive
109,1777,454797,1263.325,LBBB,L,454688,454697,454722,454772,454839,454846,454932,454946,biphasic_negative_positive
109,1778,455065,1264.0694444444443,LBBB,L,454959,454971,454991,455040,455098,455112,455197,455212,biphasic_negative_positive
109,1779,455333,1264.8138888888889,LBBB,L,455229,455242,455260,455311,455373,455382,455462,455477,biphasic_negative_positive
109,1780,455590,1265.5277777777778,LBBB,L,455496,455503,455524,455569,455629,455665,455711,455723,normal
109,1781,455839,1266.2194444444444,LBBB,L,455739,455752,455772,455816,455876,455881,455954,455966,biphasic_negative_positive
109,1782,456085,1266.9027777777778,LBBB,L,455989,455993,456016,456062,456123,456131,456209,456224,biphasic_negative_positive
109,1783,456345,1267.625,LBBB,L,456238,456248,456271,456321,456387,456390,456467,456481,biphasic_negative_positive
109,1784,456604,1268.3444444444444,LBBB,L,456498,456512,456531,456579,456634,456655,456731,456745,biphasic_negative_positive
109,1785,456866,1269.0722222222223,LBBB,L,456762,456774,456795,456843,456908,456914,456997,457007,biphasic_negative_positive
109,1786,457131,1269.8083333333334,LBBB,L,457024,457032,457057,457107,457173,457181,457260,457273,biphasic_negative_positive
109,1787,457393,1270.536111111111,LBBB,L,457287,457295,457320,457366,457431,457440,457524,457540,biphasic_negative_positive
109,1788,457654,1271.2611111111112,LBBB,L,457552,457565,457584,457633,457695,457703,457781,457795,biphasic_negative_positive
109,1789,457909,1271.9694444444444,LBBB,L,457811,457823,457843,457887,457947,457984,458029,458040,normal
109,1790,458156,1272.6555555555556,LBBB,L,458057,458067,458089,458132,458192,458197,458272,458283,biphasic_negative_positive
109,1791,458402,1273.338888888889,LBBB,L,458300,458310,458330,458378,458439,458450,458527,458539,biphasic_negative_positive
109,1792,458667,1274.075,LBBB,L,458557,458568,458589,458642,458708,458711,458793,458808,biphasic_negative_positive
109,1793,458930,1274.8055555555557,LBBB,L,458823,458836,458853,458906,458954,458981,459057,459071,biphasic_negative_positive
109,1794,459188,1275.5222222222221,LBBB,L,459087,459098,459119,459165,459230,459271,459316,459330,normal
109,1795,459452,1276.2555555555555,LBBB,L,459346,459358,459378,459429,459494,459500,459581,459595,biphasic_negative_positive
109,1796,459711,1276.975,LBBB,L,459609,459619,459640,459687,459747,459756,459835,459850,biphasic_negative_positive
109,1797,459967,1277.6861111111111,LBBB,L,459862,459871,459895,459944,460005,460011,460094,460118,biphasic_negative_positive
109,1798,460220,1278.388888888889,LBBB,L,460122,460135,460152,460197,460256,460261,460335,460350,biphasic_negative_positive
109,1799,460466,1279.0722222222223,LBBB,L,460367,460381,460399,460442,460502,460507,460583,460594,biphasic_negative_positive
109,1800,460714,1279.7611111111112,LBBB,L,460614,460618,460641,460689,460737,460759,460842,460857,biphasic_negative_positive
109,1801,460987,1280.5194444444444,LBBB,L,460874,460888,460908,460960,461026,461034,461118,461132,biphasic_negative_positive
109,1802,461253,1281.2583333333334,LBBB,L,461147,461159,461179,461229,461278,461303,461384,461396,biphasic_negative_positive
109,1803,461511,1281.975,LBBB,L,461412,461423,461442,461487,461552,461561,461640,461653,biphasic_negative_positive
109,1804,461774,1282.7055555555555,LBBB,L,461670,461684,461701,461750,461816,461822,461903,461915,biphasic_negative_positive
109,1805,462028,1283.411111111111,LBBB,L,461929,461937,461961,462007,462068,462072,462153,462167,biphasic_negative_positive
109,1806,462281,1284.1138888888888,LBBB,L,462180,462191,462213,462260,462320,462325,462404,462420,biphasic_negative_positive
109,1807,462533,1284.8138888888889,LBBB,L,462433,462445,462466,462513,462572,462576,462652,462668,biphasic_negative_positive
109,1808,462784,1285.5111111111112,LBBB,L,462681,462696,462714,462763,462821,462827,462903,462913,biphasic_negative_positive
109,1809,463034,1286.2055555555555,LBBB,L,462928,462936,462961,463011,463072,463080,463162,463178,biphasic_negative_positive
109,1810,463305,1286.9583333333333,LBBB,L,463198,463204,463227,463280,463352,463356,463436,463450,biphasic_negative_positive
109,1811,463573,1287.7027777777778,LBBB,L,463467,463479,463501,463550,463616,463622,463703,463716,biphasic_negative_positive
109,1812,463833,1288.425,LBBB,L,463731,463742,463764,463808,463864,463878,463959,463970,biphasic_negative_positive
109,1813,464088,1289.1333333333334,LBBB,L,463975,463993,464018,464065,464127,464131,464213,464235,biphasic_negative_positive
109,1814,464337,1289.825,LBBB,L,464241,464250,464272,464314,464373,464381,464458,464471,biphasic_negative_positive
109,1815,464588,1290.5222222222221,LBBB,L,464489,464501,464520,464565,464625,464633,464711,464724,biphasic_negative_positive
109,1816,464843,1291.2305555555556,LBBB,L,464740,464750,464774,464822,464881,464887,464963,464972,biphasic_negative_positive
109,1817,465095,1291.9305555555557,LBBB,L,464990,464997,465021,465070,465135,465141,465218,465230,biphasic_negative_positive
109,1818,465350,1292.638888888889,LBBB,L,465244,465253,465277,465327,465388,465398,465479,465492,biphasic_negative_positive
109,1819,465619,1293.3861111111112,LBBB,L,465509,465523,465543,465595,465649,465669,465753,465766,biphasic_negative_positive
109,1820,465887,1294.1305555555555,LBBB,L,465782,465797,465814,465866,465928,465934,466017,466028,biphasic_negative_positive
109,1821,466149,1294.8583333333333,LBBB,L,466046,466054,466078,466125,466185,466190,466269,466279,biphasic_negative_positive
109,1822,466395,1295.5416666666667,LBBB,L,466297,466305,466327,466372,466432,466439,466526,466537,biphasic_negative_positive
109,1823,466641,1296.225,LBBB,L,,,,466618,466676,466682,466757,466779,biphasic_negative_positive
109,1824,466888,1296.911111111111,LBBB,L,466785,466797,466816,466867,466929,466934,466953,467005,inverted
109,1825,467145,1297.625,LBBB,L,467038,467050,467070,467121,467186,467190,467212,467262,inverted
109,1826,467397,1298.325,LBBB,L,467295,467305,467324,467373,467434,467443,467465,467518,inverted
109,1827,467651,1299.0305555555556,LBBB,L,467549,467559,467580,467631,467691,467699,467779,467790,biphasic_negative_positive
109,1828,467918,1299.7722222222221,LBBB,L,467810,467825,467843,467895,467961,467967,468052,468066,biphasic_negative_positive
109,1829,468191,1300.5305555555556,LBBB,L,468085,468098,468118,468166,468226,468234,468315,468325,biphasic_negative_positive
109,1830,468447,1301.2416666666666,LBBB,L,468343,468351,468375,468424,468483,468490,468563,468577,biphasic_negative_positive
109,1831,468690,1301.9166666666667,LBBB,L,468589,468600,468619,468668,468728,468732,468806,468817,biphasic_negative_positive
109,1832,468938,1302.6055555555556,LBBB,L,468836,468848,468866,468915,468975,468983,469054,469064,biphasic_negative_positive
109,1833,469185,1303.2916666666667,LBBB,L,469081,469094,469113,469161,469226,469232,469310,469331,biphasic_negative_positive
109,1834,469444,1304.0111111111112,LBBB,L,469336,469347,469369,469419,469485,469491,469573,469585,biphasic_negative_positive
109,1835,469703,1304.7305555555556,LBBB,L,469598,469608,469631,469681,469744,469752,469835,469850,biphasic_negative_positive
109,1836,469967,1305.463888888889,LBBB,L,469865,469877,469897,469946,470007,470046,470093,470110,normal
109,1837,470235,1306.2083333333333,LBBB,L,470128,470141,470160,470211,470278,470284,470368,470384,biphasic_negative_positive
109,1838,470509,1306.9694444444444,LBBB,L,470405,470410,470435,470487,470543,470551,470628,470642,biphasic_negative_positive
109,1839,470762,1307.6722222222222,LBBB,L,470656,470666,470691,470739,470799,470803,470876,470889,biphasic_negative_positive
109,1840,471005,1308.3472222222222,LBBB,L,470907,470911,470934,470981,471044,471049,471124,471138,biphasic_negative_positive
109,1841,471256,1309.0444444444445,LBBB,L,471151,471165,471186,471232,471298,471302,471374,471387,biphasic_negative_positive
109,1842,471507,1309.7416666666666,LBBB,L,471403,471415,471436,471482,471537,471556,471634,471649,biphasic_negative_positive
109,1843,471772,1310.4777777777779,LBBB,L,471668,471674,471697,471747,471813,471819,471906,471921,biphasic_negative_positive
109,1844,472041,1311.225,LBBB,L,471939,471944,471968,472017,472073,472087,472171,472188,biphasic_negative_positive
109,1845,472305,1311.9583333333333,LBBB,L,472207,472212,472235,472281,472342,472350,472430,472445,biphasic_negative_positive
109,1846,472567,1312.6861111111111,LBBB,L,472461,472473,472495,472545,472601,472616,472697,472713,biphasic_negative_positive
109,1847,472837,1313.4361111111111,LBBB,L,472736,472741,472764,472815,472875,472882,472957,472970,biphasic_negative_positive
109,1848,473090,1314.138888888889,LBBB,L,472981,472996,473018,473067,473127,473166,473207,473218,normal
109,1849,473332,1314.8111111111111,LBBB,L,473226,473241,473263,473308,473374,473377,473452,473465,biphasic_negative_positive
109,1850,473584,1315.5111111111112,LBBB,L,473473,473490,473512,473560,473625,473631,473706,473721,biphasic_negative_positive
109,1851,473841,1316.225,LBBB,L,473741,473747,473768,473817,473866,473891,473971,473988,biphasic_negative_positive
109,1852,474096,1316.9333333333334,PVC,V,474002,474015,474050,474056,474116,474143,474193,474254,normal
109,1853,474381,1317.725,LBBB,L,474265,474287,474309,474357,474419,474428,474515,474527,biphasic_negative_positive
109,1854,474644,1318.4555555555555,LBBB,L,474545,474548,474575,474621,474681,474689,474766,474783,biphasic_negative_positive
109,1855,474902,1319.1722222222222,LBBB,L,474797,474812,474832,474879,474931,474949,475029,475048,biphasic_negative_positive
109,1856,475167,1319.9083333333333,LBBB,L,475062,475075,475095,475144,475204,475212,475286,475300,biphasic_negative_positive
109,1857,475418,1320.6055555555556,LBBB,L,475313,475327,475349,475395,475459,475463,475537,475551,biphasic_negative_positive
109,1858,475661,1321.2805555555556,LBBB,L,475566,475570,475591,475635,475697,475705,475780,475793,biphasic_negative_positive
109,1859,475913,1321.9805555555556,LBBB,L,475807,475818,475840,475888,475953,475960,476039,476053,biphasic_negative_positive
109,1860,476173,1322.7027777777778,LBBB,L,476066,476079,476099,476150,476217,476225,476307,476320,biphasic_negative_positive
109,1861,476447,1323.463888888889,LBBB,L,476337,476350,476369,476422,476488,476496,476580,476594,biphasic_negative_positive
109,1862,476713,1324.2027777777778,LBBB,L,476610,476623,476642,476691,476752,476760,476840,476853,biphasic_negative_positive
109,1863,476972,1324.9222222222222,LBBB,L,476867,476875,476901,476948,477008,477014,477091,477103,biphasic_negative_positive
109,1864,477224,1325.6222222222223,LBBB,L,477120,477131,477152,477201,477263,477270,477350,477362,biphasic_negative_positive
109,1865,477483,1326.3416666666667,LBBB,L,477379,477392,477411,477458,477514,477527,477599,477612,biphasic_negative_positive
109,1866,477730,1327.0277777777778,LBBB,L,477628,477642,477660,477706,477771,477776,477849,477861,biphasic_negative_positive
109,1867,477976,1327.7111111111112,LBBB,L,477874,477884,477906,477952,478017,478023,478099,478111,biphasic_negative_positive
109,1868,478234,1328.4277777777777,LBBB,L,478126,478134,478159,478209,478275,478282,478360,478372,biphasic_negative_positive
109,1869,478496,1329.1555555555556,LBBB,L,478387,478399,478420,478472,478539,478544,478627,478642,biphasic_negative_positive
109,1870,478766,1329.9055555555556,LBBB,L,478657,478672,478690,478742,478809,478816,478897,478913,biphasic_negative_positive
109,1871,479030,1330.638888888889,LBBB,L,478929,478942,478962,479007,479072,479076,479157,479170,biphasic_negative_positive
109,1872,479283,1331.3416666666667,LBBB,L,479183,479194,479217,479259,479320,479327,479402,479413,biphasic_negative_positive
109,1873,479534,1332.0388888888888,LBBB,L,479429,479438,479462,479511,479572,479580,479657,479671,biphasic_negative_positive
109,1874,479792,1332.7555555555555,LBBB,L,479686,479695,479720,479769,479824,479836,479909,479924,biphasic_negative_positive
109,1875,480044,1333.4555555555555,LBBB,L,479939,479951,479972,480021,480081,480090,480161,480173,biphasic_negative_positive
109,1876,480296,1334.1555555555556,LBBB,L,480188,480200,480220,480272,480333,480341,480418,480429,biphasic_negative_positive
109,1877,480558,1334.8833333333334,LBBB,L,480450,480454,480480,480531,480592,480607,480684,480696,biphasic_negative_positive
109,1878,480823,1335.6194444444445,LBBB,L,480710,480720,480745,480796,480865,480873,480952,480965,biphasic_negative_positive
109,1879,481091,1336.3638888888888,LBBB,L,480982,480992,481014,481065,481125,481140,481222,481237,biphasic_negative_positive
109,1880,481352,1337.088888888889,LBBB,L,481252,481264,481283,481329,481391,481398,481476,481491,biphasic_negative_positive
109,1881,481604,1337.7888888888888,LBBB,L,481507,481519,481537,481581,481640,481646,481721,481733,biphasic_negative_positive
109,1882,481850,1338.4722222222222,LBBB,L,481747,481755,481779,481826,481881,481894,481974,482000,biphasic_negative_positive
109,1883,482109,1339.1916666666666,LBBB,L,482003,482016,482035,482085,482140,482153,482230,482251,biphasic_negative_positive
109,1884,482361,1339.8916666666667,LBBB,L,482256,482265,482287,482337,482403,482437,482480,482492,normal
109,1885,482614,1340.5944444444444,LBBB,L,482509,482520,482539,482589,482655,482661,482739,482752,biphasic_negative_positive
109,1886,482881,1341.3361111111112,LBBB,L,482770,482783,482803,482853,482914,482929,482952,483001,inverted
109,1887,483142,1342.0611111111111,LBBB,L,483032,483042,483066,483117,483184,483194,483274,483288,biphasic_negative_positive
109,1888,483411,1342.8083333333334,LBBB,L,483300,483312,483333,483386,483435,483458,483539,483562,biphasic_negative_positive
109,1889,483663,1343.5083333333334,LBBB,L,483566,483577,483595,483643,483687,483710,483785,483800,biphasic_negative_positive
109,1890,483910,1344.1944444444443,LBBB,L,483813,483826,483843,483890,483946,483953,484027,484039,biphasic_negative_positive
109,1891,484159,1344.8861111111112,LBBB,L,484054,484067,484087,484135,484191,484204,484283,484294,biphasic_negative_positive
109,1892,484418,1345.6055555555556,LBBB,L,484311,484319,484344,484394,484457,484463,484539,484550,biphasic_negative_positive
109,1893,484676,1346.3222222222223,LBBB,L,484567,484578,484598,484652,484715,484722,484798,484820,biphasic_negative_positive
109,1894,484933,1347.036111111111,LBBB,L,484826,484837,484856,484909,484971,484981,485056,485070,biphasic_negative_positive
109,1895,485195,1347.763888888889,LBBB,L,485087,485101,485120,485173,485236,485244,485321,485332,biphasic_negative_positive
109,1896,485458,1348.4944444444445,LBBB,L,485349,485360,485382,485432,485499,485509,485530,485582,inverted
109,1897,485720,1349.2222222222222,LBBB,L,485586,485618,485645,485696,485761,485769,485790,485842,inverted
109,1898,485970,1349.9166666666667,LBBB,L,485871,485879,485901,485948,486007,486013,486090,486111,biphasic_negative_positive
109,1899,486211,1350.5861111111112,LBBB,L,486117,486127,486145,486188,486249,486254,486329,486341,biphasic_negative_positive
109,1900,486460,1351.2777777777778,LBBB,L,486357,486370,486388,486438,486502,486507,486588,486600,biphasic_negative_positive
109,1901,486725,1352.013888888889,LBBB,L,486615,486628,486649,486698,486765,486769,486791,486842,inverted
109,1902,486984,1352.7333333333333,LBBB,L,486872,486879,486905,486959,487022,487028,487051,487101,inverted
109,1903,487239,1353.4416666666666,LBBB,L,487131,487142,487162,487214,487280,487288,487366,487389,biphasic_negative_positive
109,1904,487503,1354.175,LBBB,L,487393,487406,487425,487477,487545,487551,487626,487637,biphasic_negative_positive
109,1905,487760,1354.888888888889,LBBB,L,487654,487667,487686,487737,487802,487809,487885,487897,biphasic_negative_positive
109,1906,488020,1355.611111111111,LBBB,L,487916,487921,487945,487994,488060,488066,488143,488153,biphasic_negative_positive
109,1907,488269,1356.3027777777777,LBBB,L,488169,488177,488200,488246,488306,488312,488389,488399,biphasic_negative_positive
109,1908,488515,1356.986111111111,LBBB,L,488413,488421,488446,488491,488549,488556,488630,488643,biphasic_negative_positive
109,1909,488762,1357.6722222222222,LBBB,L,488657,488669,488690,488738,488804,488810,488890,488906,biphasic_negative_positive
109,1910,489032,1358.4222222222222,LBBB,L,488927,488933,488957,489008,489070,489078,489158,489170,biphasic_negative_positive
109,1911,489297,1359.1583333333333,LBBB,L,489191,489196,489220,489272,489338,489344,489421,489432,biphasic_negative_positive
109,1912,489556,1359.8777777777777,LBBB,L,489446,489455,489480,489530,489596,489602,489683,489694,biphasic_negative_positive
109,1913,489818,1360.6055555555556,LBBB,L,489713,489717,489742,489794,489860,489866,489942,489953,biphasic_negative_positive
109,1914,490072,1361.3111111111111,LBBB,L,489967,489977,490001,490046,490117,490120,490197,490209,biphasic_negative_positive
109,1915,490326,1362.0166666666667,LBBB,L,490229,490233,490255,490304,490359,490374,490452,490463,biphasic_negative_positive
109,1916,490575,1362.7083333333333,LBBB,L,490469,490484,490507,490552,490615,490619,490696,490707,biphasic_negative_positive
109,1917,490824,1363.4,LBBB,L,490728,490731,490755,490802,490861,490866,490941,490955,biphasic_negative_positive
109,1918,491072,1364.088888888889,LBBB,L,490973,490977,491001,491048,491097,491120,491202,491217,biphasic_negative_positive
109,1919,491348,1364.8555555555556,LBBB,L,491235,491248,491270,491324,491390,491396,491477,491488,biphasic_negative_positive
109,1920,491617,1365.6027777777779,LBBB,L,491502,491512,491538,491592,491660,491664,491743,491755,biphasic_negative_positive
109,1921,491875,1366.3194444444443,LBBB,L,491767,491776,491800,491851,491913,491920,491996,492010,biphasic_negative_positive
109,1922,492133,1367.036111111111,LBBB,L,492023,492032,492057,492108,492171,492178,492253,492263,biphasic_negative_positive
109,1923,492381,1367.725,LBBB,L,492282,492292,492312,492363,492423,492429,492506,492519,biphasic_negative_positive
109,1924,492637,1368.4361111111111,LBBB,L,492534,492545,492565,492614,492669,492683,492762,492772,biphasic_negative_positive
109,1925,492886,1369.1277777777777,LBBB,L,492791,492794,492818,492865,492925,492929,493006,493019,biphasic_negative_positive
109,1926,493135,1369.8194444444443,LBBB,L,493032,493041,493065,493112,493172,493179,493255,493266,biphasic_negative_positive
109,1927,493391,1370.5305555555556,LBBB,L,493282,493290,493316,493369,493425,493439,493525,493536,biphasic_negative_positive
109,1928,493667,1371.2972222222222,LBBB,L,493554,493566,493589,493645,493712,493718,493794,493804,biphasic_negative_positive
109,1929,493930,1372.0277777777778,LBBB,L,493822,493833,493854,493905,493965,493980,494057,494068,biphasic_negative_positive
109,1930,494186,1372.7388888888888,LBBB,L,494082,494090,494114,494162,494210,494233,494256,494305,inverted
109,1931,494439,1373.4416666666666,LBBB,L,494335,494342,494365,494414,494479,494483,494560,494573,biphasic_negative_positive
109,1932,494683,1374.1194444444445,LBBB,L,494583,494591,494614,494660,494720,494728,494806,494819,biphasic_negative_positive
109,1933,494934,1374.8166666666666,LBBB,L,494834,494846,494864,494911,494967,494980,495059,495072,biphasic_negative_positive
109,1934,495188,1375.5222222222221,LBBB,L,495086,495097,495120,495165,495219,495232,495309,495321,biphasic_negative_positive
109,1935,495441,1376.225,LBBB,L,495335,495343,495369,495417,495478,495485,495563,495575,biphasic_negative_positive
109,1936,495700,1376.9444444444443,LBBB,L,495590,495600,495624,495675,495739,495747,495832,495844,biphasic_negative_positive
109,1937,495974,1377.7055555555555,LBBB,L,495862,495871,495897,495950,496017,496025,496104,496117,biphasic_negative_positive
109,1938,496237,1378.4361111111111,LBBB,L,496132,496146,496164,496214,496281,496287,496366,496378,biphasic_negative_positive
109,1939,496492,1379.1444444444444,LBBB,L,,,,496475,496511,496537,496617,496625,biphasic_negative_positive
109,1940,496742,1379.838888888889,LBBB,L,496630,496648,496673,496717,496761,496787,496866,496878,biphasic_negative_positive
109,1941,496989,1380.525,LBBB,L,496891,496902,496923,496973,497007,497031,497112,497136,biphasic_negative_positive
109,1942,497240,1381.2222222222222,LBBB,L,497140,497150,497172,497224,497259,497286,497368,497380,biphasic_negative_positive
109,1943,497502,1381.95,LBBB,L,497396,497407,497429,497484,497521,497546,497626,497637,biphasic_negative_positive
109,1944,497763,1382.675,LBBB,L,497651,497662,497687,497743,497782,497809,497887,497900,biphasic_negative_positive
109,1945,498021,1383.3916666666667,LBBB,L,497917,497920,497947,497993,498041,498068,498152,498164,biphasic_negative_positive
109,1946,498295,1384.1527777777778,LBBB,L,498179,498189,498215,498275,498313,498344,498426,498439,biphasic_negative_positive
109,1947,498556,1384.8777777777777,LBBB,L,498453,498462,498486,498540,498575,498602,498683,498695,biphasic_negative_positive
109,1948,498808,1385.5777777777778,LBBB,L,498710,498721,498741,498792,498826,498849,498927,498940,biphasic_negative_positive
109,1949,499052,1386.2555555555555,LBBB,L,498952,498962,498985,499036,499070,499096,499175,499187,biphasic_negative_positive
109,1950,499300,1386.9444444444443,LBBB,L,499201,499211,499234,499284,499318,499344,499419,499434,biphasic_negative_positive
109,1951,499555,1387.6527777777778,LBBB,L,499454,499459,499484,499529,499592,499599,499678,499693,biphasic_negative_positive
109,1952,499822,1388.3944444444444,LBBB,L,499712,499728,499746,499804,499841,499868,499947,499960,biphasic_negative_positive
109,1953,500088,1389.1333333333334,LBBB,L,499975,499987,500010,500069,500106,500134,500213,500225,biphasic_negative_positive
109,1954,500345,1389.8472222222222,LBBB,L,500244,500248,500273,500327,500389,500392,500475,500489,biphasic_negative_positive
109,1955,500614,1390.5944444444444,LBBB,L,500510,500516,500539,500587,500634,500662,500748,500763,biphasic_negative_positive
109,1956,500878,1391.3277777777778,LBBB,L,500776,500789,500810,500861,500897,500923,501000,501014,biphasic_negative_positive
109,1957,501128,1392.0222222222221,LBBB,L,501030,501043,501062,501113,501165,501170,501243,501253,biphasic_negative_positive
109,1958,501368,1392.6888888888889,LBBB,L,501271,501275,501299,501351,501384,501409,501488,501501,biphasic_negative_positive
109,1959,501618,1393.3833333333334,LBBB,L,501514,501523,501548,501601,501636,501661,501737,501749,biphasic_negative_positive
109,1960,501876,1394.1,LBBB,L,501765,501776,501799,501858,501914,501920,502001,502012,biphasic_negative_positive
109,1961,502141,1394.8361111111112,LBBB,L,502026,502036,502062,502121,502161,502188,502266,502279,biphasic_negative_positive
109,1962,502401,1395.5583333333334,LBBB,L,502292,502302,502326,502374,502445,502451,502529,502543,biphasic_negative_positive
109,1963,502661,1396.2805555555556,LBBB,L,502557,502569,502591,502644,502702,502708,502789,502801,biphasic_negative_positive
109,1964,502926,1397.0166666666667,LBBB,L,502817,502829,502850,502907,502969,502971,503053,503062,biphasic_negative_positive
109,1965,503179,1397.7194444444444,LBBB,L,503066,503084,503110,503153,503217,503222,503298,503309,biphasic_negative_positive
109,1966,503426,1398.4055555555556,LBBB,L,503322,503332,503356,503408,503462,503467,503539,503551,biphasic_negative_positive
109,1967,503666,1399.0722222222223,LBBB,L,503563,503572,503596,503650,503685,503709,503783,503796,biphasic_negative_positive
109,1968,503918,1399.7722222222221,LBBB,L,503814,503824,503847,503902,503938,503964,504039,504054,biphasic_negative_positive
109,1969,504176,1400.4888888888888,LBBB,L,504066,504079,504100,504157,504223,504227,504306,504319,biphasic_negative_positive
109,1970,504448,1401.2444444444445,LBBB,L,504324,504342,504370,504420,504490,504497,504580,504596,biphasic_negative_positive
109,1971,504711,1401.975,LBBB,L,504613,504618,504640,504694,504732,504761,504841,504855,biphasic_negative_positive
109,1972,504973,1402.7027777777778,LBBB,L,504875,504879,504902,504954,504992,505017,505094,505109,biphasic_negative_positive
109,1973,505230,1403.4166666666667,LBBB,L,505126,505137,505160,505212,505251,505281,505357,505371,biphasic_negative_positive
109,1974,505489,1404.1361111111112,LBBB,L,505382,505396,505419,505474,505527,505531,505604,505618,biphasic_negative_positive
109,1975,505739,1404.8305555555555,LBBB,L,505630,505642,505668,505722,505756,505783,505856,505869,biphasic_negative_positive
109,1976,505985,1405.513888888889,LBBB,L,505877,505889,505912,505967,506003,506029,506103,506118,biphasic_negative_positive
109,1977,506242,1406.2277777777779,LBBB,L,506132,506144,506168,506215,506282,506320,506364,506379,normal
109,1978,506502,1406.95,LBBB,L,506391,506404,506426,506484,506529,506553,506632,506649,biphasic_negative_positive
109,1979,506778,1407.7166666666667,LBBB,L,506655,506677,506700,506759,506800,506825,506911,506927,biphasic_negative_positive
109,1980,507044,1408.4555555555555,LBBB,L,506939,506952,506973,507016,507064,507092,507171,507184,biphasic_negative_positive
109,1981,507299,1409.1638888888888,LBBB,L,507190,507206,507231,507282,507316,507342,507419,507436,biphasic_negative_positive
109,1982,507549,1409.8583333333333,LBBB,L,507452,507459,507479,507533,507567,507597,507674,507692,biphasic_negative_positive
109,1983,507811,1410.5861111111112,LBBB,L,507698,507718,507742,507794,507831,507856,507931,507946,biphasic_negative_positive
109,1984,508063,1411.286111111111,LBBB,L,507967,507972,507992,508047,508083,508110,508179,508193,biphasic_negative_positive
109,1985,508310,1411.9722222222222,LBBB,L,508200,508213,508237,508291,508330,508354,508435,508451,biphasic_negative_positive
109,1986,508575,1412.7083333333333,LBBB,L,508461,508476,508497,508556,508617,508627,508699,508714,biphasic_negative_positive
109,1987,508839,1413.4416666666666,LBBB,L,508719,508737,508761,508819,508859,508888,508971,508987,biphasic_negative_positive
109,1988,509109,1414.1916666666666,LBBB,L,508997,509013,509033,509092,509133,509162,509241,509255,biphasic_negative_positive
109,1989,509372,1414.9222222222222,LBBB,L,509266,509278,509303,509356,509397,509419,509497,509513,biphasic_negative_positive
109,1990,509624,1415.6222222222223,LBBB,L,509529,509535,509556,509607,509660,509669,509741,509753,biphasic_negative_positive
109,1991,509874,1416.3166666666666,LBBB,L,509764,509777,509801,509856,509912,509918,509997,510012,biphasic_negative_positive
109,1992,510135,1417.0416666666667,LBBB,L,510016,510036,510063,510118,510153,510209,510255,510270,normal
109,1993,510388,1417.7444444444445,LBBB,L,510289,510295,510316,510371,510417,510433,510504,510518,biphasic_negative_positive
109,1994,510641,1418.4472222222223,LBBB,L,510524,510543,510568,510623,510680,510719,510766,510781,normal
109,1995,510907,1419.1861111111111,LBBB,L,510792,510808,510828,510887,510928,510956,511030,511045,biphasic_negative_positive
109,1996,511163,1419.8972222222221,PVC,V,511050,511068,511095,511128,511178,511220,511263,511310,normal
109,1997,511442,1420.6722222222222,LBBB,L,511329,511343,511366,511423,511464,511492,511571,511583,biphasic_negative_positive
109,1998,511697,1421.3805555555555,LBBB,L,511594,511600,511627,511679,511739,511777,511818,511838,normal
109,1999,511950,1422.0833333333333,LBBB,L,511851,511864,511881,511932,511988,511994,512068,512081,biphasic_negative_positive
109,2000,512202,1422.7833333333333,LBBB,L,512087,512102,512127,512183,512240,512245,512327,512344,biphasic_negative_positive
109,2001,512465,1423.513888888889,LBBB,L,512356,512373,512392,512447,512481,512510,512584,512598,biphasic_negative_positive
109,2002,512724,1424.2333333333333,LBBB,L,512609,512621,512648,512705,512762,512766,512842,512857,biphasic_negative_positive
109,2003,512984,1424.9555555555555,LBBB,L,512872,512888,512908,512956,513003,513031,513109,513125,biphasic_negative_positive
109,2004,513251,1425.6972222222223,LBBB,L,513139,513151,513174,513233,513294,513331,513392,513443,normal
109,2005,513516,1426.4333333333334,LBBB,L,,,,513496,513537,513562,513643,513658,biphasic_negative_positive
109,2006,513781,1427.1694444444445,LBBB,L,513671,513683,513705,513762,513800,513829,513904,513916,biphasic_negative_positive
109,2007,514029,1427.8583333333333,LBBB,L,513923,513935,513960,514013,514047,514072,514092,514144,inverted
109,2008,514273,1428.536111111111,LBBB,L,514177,514186,514208,514259,514293,514318,514395,514408,biphasic_negative_positive
109,2009,514526,1429.2388888888888,LBBB,L,514420,514431,514454,514509,514545,514572,514653,514666,biphasic_negative_positive
109,2010,514788,1429.9666666666667,LBBB,L,514670,514688,514715,514770,514825,514831,514912,514923,biphasic_negative_positive
109,2011,515048,1430.6888888888889,LBBB,L,514938,514954,514972,515031,515067,515095,515169,515182,biphasic_negative_positive
109,2012,515310,1431.4166666666667,LBBB,L,515197,515206,515231,515291,515352,515390,515433,515445,normal
109,2013,515574,1432.15,LBBB,L,515463,515473,515498,515555,515594,515619,515697,515707,biphasic_negative_positive
109,2014,515833,1432.8694444444445,LBBB,L,515721,515731,515755,515813,515852,515880,515955,515966,biphasic_negative_positive
109,2015,516093,1433.5916666666667,LBBB,L,515971,515989,516016,516066,516112,516136,516155,516209,inverted
109,2016,516339,1434.275,LBBB,L,516240,516248,516271,516323,516358,516385,516462,516474,biphasic_negative_positive
109,2017,516582,1434.95,LBBB,L,516484,516494,516515,516566,516619,516625,516701,516713,biphasic_negative_positive
109,2018,516836,1435.6555555555556,LBBB,L,516729,516741,516764,516818,516855,516882,516908,516961,inverted
109,2019,517104,1436.4,LBBB,L,516994,517009,517028,517084,517141,517150,517226,517239,biphasic_negative_positive
109,2020,517368,1437.1333333333334,LBBB,L,517256,517265,517290,517350,517406,517410,517431,517482,inverted
109,2021,517625,1437.8472222222222,LBBB,L,517485,517529,517549,517606,517641,517669,517751,517773,biphasic_negative_positive
109,2022,517890,1438.5833333333333,LBBB,L,517779,517791,517812,517870,517916,517934,518008,518021,biphasic_negative_positive
109,2023,518143,1439.286111111111,LBBB,L,518036,518044,518070,518117,518163,518189,518280,518290,biphasic_negative_positive
109,2024,518396,1439.9888888888888,LBBB,L,518294,518307,518325,518380,518416,518446,518518,518528,biphasic_negative_positive
109,2025,518643,1440.675,LBBB,L,518539,518549,518573,518626,518661,518687,518709,518759,inverted
109,2026,518887,1441.3527777777779,LBBB,L,518775,518789,518823,518871,518924,518930,518953,519004,inverted
109,2027,519141,1442.0583333333334,LBBB,L,519006,519046,519066,519123,519161,519189,519270,519284,biphasic_negative_positive
109,2028,519411,1442.8083333333334,LBBB,L,519300,519313,519336,519394,519430,519458,519541,519564,biphasic_negative_positive
109,2029,519678,1443.55,LBBB,L,519568,519584,519602,519658,519716,519723,519797,519805,biphasic_negative_positive
109,2030,519935,1444.263888888889,LBBB,L,519811,519830,519858,519917,519952,519978,520063,520081,biphasic_negative_positive
109,2031,520195,1444.986111111111,LBBB,L,520085,520099,520118,520176,520231,520238,520311,520321,biphasic_negative_positive
109,2032,520446,1445.6833333333334,LBBB,L,520326,520341,520371,520428,520465,520491,520569,520589,biphasic_negative_positive
109,2033,520699,1446.3861111111112,LBBB,L,520594,520607,520625,520680,520718,520745,520817,520828,biphasic_negative_positive
109,2034,520945,1447.0694444444443,LBBB,L,520847,520850,520875,520920,520964,520989,521012,521062,inverted
109,2035,521194,1447.7611111111112,LBBB,L,521094,521104,521124,521177,521212,521240,521316,521329,biphasic_negative_positive
109,2036,521454,1448.4833333333333,LBBB,L,,,,521435,521474,521503,521589,521615,biphasic_negative_positive
109,2037,521727,1449.2416666666666,LBBB,L,521619,521635,521652,521710,521746,521774,521853,521868,biphasic_negative_positive
109,2038,521994,1449.9833333333333,LBBB,L,521888,521901,521921,521976,522014,522041,522120,522131,biphasic_negative_positive
109,2039,522254,1450.7055555555555,LBBB,L,522144,522156,522179,522237,522273,522299,522376,522388,biphasic_negative_positive
109,2040,522511,1451.4194444444445,LBBB,L,522405,522414,522439,522484,522530,522556,522627,522639,biphasic_negative_positive
109,2041,522758,1452.1055555555556,LBBB,L,522650,522660,522684,522730,522777,522803,522879,522889,biphasic_negative_positive
109,2042,523012,1452.8111111111111,LBBB,L,522911,522918,522938,522994,523032,523062,523133,523147,biphasic_negative_positive
109,2043,523262,1453.5055555555555,LBBB,L,523165,523169,523192,523246,523281,523307,523327,523379,inverted
109,2044,523513,1454.2027777777778,LBBB,L,523410,523420,523443,523497,523532,523559,523638,523649,biphasic_negative_positive
109,2045,523777,1454.9361111111111,LBBB,L,523662,523672,523698,523757,523797,523824,523912,523922,biphasic_negative_positive
109,2046,524051,1455.6972222222223,LBBB,L,523926,523946,523975,524033,524284,524095,524178,524194,biphasic_negative_positive
109,2047,524284,1456.3444444444444,PVC,V,524204,524217,524244,524251,,524288,524376,524439,normal
109,2048,524562,1457.1166666666666,LBBB,L,524454,524469,524491,524538,524583,524608,524621,524675,inverted
109,2049,524810,1457.8055555555557,LBBB,L,524678,524719,524742,524793,524851,524884,524922,524936,normal
109,2050,525054,1458.4833333333333,LBBB,L,524956,524960,524984,525036,525075,525101,525176,525187,biphasic_negative_positive
109,2051,525307,1459.1861111111111,LBBB,L,525202,525211,525235,525288,525327,525353,525430,525441,biphasic_negative_positive
109,2052,525554,1459.8722222222223,LBBB,L,525461,525465,525487,525538,525574,525601,525678,525690,biphasic_negative_positive
109,2053,525804,1460.5666666666666,LBBB,L,525704,525713,525737,525788,525825,525852,525928,525938,biphasic_negative_positive
109,2054,526063,1461.286111111111,LBBB,L,525957,525970,525990,526036,526086,526116,526137,526194,inverted
109,2055,526336,1462.0444444444445,LBBB,L,526226,526234,526260,526318,526358,526384,526460,526471,biphasic_negative_positive
109,2056,526590,1462.75,LBBB,L,526486,526493,526518,526564,526612,526639,526710,526731,biphasic_negative_positive
109,2057,526828,1463.411111111111,LBBB,L,526735,526744,526765,526811,526851,526876,526893,526944,inverted
109,2058,527071,1464.0861111111112,LBBB,L,526975,526985,527005,527055,527091,527118,527137,527188,inverted
109,2059,527312,1464.7555555555555,LBBB,L,527220,527228,527247,527296,527331,527358,527435,527448,biphasic_negative_positive
109,2060,527558,1465.4388888888889,LBBB,L,527464,527472,527494,527542,527587,527606,527683,527711,biphasic_negative_positive
109,2061,527809,1466.1361111111112,LBBB,L,527714,527724,527745,527793,527829,527857,527934,527961,biphasic_negative_positive
109,2062,528065,1466.8472222222222,LBBB,L,527965,527977,527996,528041,528087,528113,528188,528202,biphasic_negative_positive
109,2063,528319,1467.5527777777777,LBBB,L,528219,528229,528250,528294,528361,528368,528448,528462,biphasic_negative_positive
109,2064,528587,1468.2972222222222,LBBB,L,,,,528568,528608,528636,528716,528741,biphasic_negative_positive
109,2065,528841,1469.0027777777777,LBBB,L,528745,528758,528776,528825,528861,528889,528967,528989,biphasic_negative_positive
109,2066,529084,1469.6777777777777,LBBB,L,528993,529004,529024,529069,529102,529128,529202,529213,biphasic_negative_positive
109,2067,529322,1470.338888888889,LBBB,L,529232,529240,529260,529307,529341,529365,529449,529466,biphasic_negative_positive
109,2068,529560,1471.0,LBBB,L,,,,529545,529577,529603,529690,529703,biphasic_negative_positive
109,2069,529805,1471.6805555555557,LBBB,L,,,,529788,529844,529850,529868,529926,inverted
109,2070,530053,1472.3694444444445,LBBB,L,529927,529936,529979,530033,530073,530098,530186,530196,biphasic_negative_positive
109,2071,530299,1473.0527777777777,LBBB,L,,,,530266,530325,530368,530376,530430,inverted
109,2072,530549,1473.7472222222223,LBBB,L,,,,530531,530569,530594,530683,530692,biphasic_negative_positive
109,2073,530797,1474.4361111111111,LBBB,L,,,,530778,530815,530846,530867,530918,inverted
109,2074,531050,1475.138888888889,LBBB,L,,,,531031,531068,531091,531109,531166,inverted
109,2075,531280,1475.7777777777778,LBBB,L,,,,531262,531299,531325,531345,531396,inverted
109,2076,531503,1476.3972222222221,LBBB,L,,,,531484,531522,531553,531564,531622,inverted
109,2077,531717,1476.9916666666666,LBBB,L,,,,531701,531737,531764,531779,531839,inverted
109,2078,531934,1477.5944444444444,LBBB,L,,,,531908,531951,,531996,532050,positive_monophasic
109,2079,532153,1478.2027777777778,LBBB,L,,,,532136,532173,532205,532215,532274,inverted
109,2080,532380,1478.8333333333333,LBBB,L,,,,532363,532430,532445,532454,532511,inverted
109,2081,532620,1479.5,LBBB,L,,,,532594,532641,,532678,532742,positive_monophasic
109,2082,532866,1480.1833333333334,LBBB,L,532744,532756,532801,532851,532886,532912,532923,532990,inverted
109,2083,533106,1480.85,LBBB,L,,,,533088,533126,533153,533240,533253,biphasic_negative_positive
109,2084,533355,1481.5416666666667,LBBB,L,,,,533338,533377,533403,533417,533475,inverted
109,2085,533582,1482.1722222222222,LBBB,L,533477,533480,533518,533567,533602,533657,533712,533720,normal
109,2086,533814,1482.8166666666666,LBBB,L,533723,533730,533752,533799,533830,533857,533873,533934,inverted
109,2087,534041,1483.4472222222223,LBBB,L,533954,533962,533981,534024,534060,534085,534103,534166,inverted
109,2088,534277,1484.1027777777779,LBBB,L,,,,534262,534296,534321,534337,534401,inverted
109,2089,534518,1484.7722222222221,LBBB,L,,,,534501,534538,534567,534653,534662,biphasic_negative_positive
109,2090,534768,1485.4666666666667,LBBB,L,,,,534749,534789,534817,534901,534910,biphasic_negative_positive
109,2091,535012,1486.1444444444444,LBBB,L,534913,534917,534944,534995,535052,535060,535079,535135,inverted
109,2092,535253,1486.8138888888889,LBBB,L,535158,535164,535188,535236,535270,535298,535314,535368,inverted
109,2093,535490,1487.4722222222222,LBBB,L,535369,535381,535422,535473,535509,535536,535553,535608,inverted
109,2094,535734,1488.15,LBBB,L,535633,535639,535666,535719,535754,535781,535796,535847,inverted
109,2095,535966,1488.7944444444445,LBBB,L,535871,535876,535900,535949,536006,536012,536029,536079,inverted
109,2096,536197,1489.4361111111111,LBBB,L,536103,536112,536136,536181,536217,536242,536263,536315,inverted
109,2097,536440,1490.111111111111,LBBB,L,536317,536345,536373,536423,536462,536487,536567,536580,biphasic_negative_positive
109,2098,536691,1490.8083333333334,LBBB,L,536595,536604,536628,536674,536736,536739,536819,536837,biphasic_negative_positive
109,2099,536953,1491.536111111111,LBBB,L,536843,536859,536887,536937,536974,537001,537083,537097,biphasic_negative_positive
109,2100,537217,1492.2694444444444,LBBB,L,537102,537118,537148,537200,537238,537262,537338,537351,biphasic_negative_positive
109,2101,537467,1492.963888888889,LBBB,L,537366,537370,537398,537449,537506,537541,537585,537597,normal
109,2102,537704,1493.6222222222223,LBBB,L,537605,537617,537640,537688,537723,537749,537822,537837,biphasic_negative_positive
109,2103,537948,1494.3,LBBB,L,537849,537860,537883,537933,537968,537996,538075,538087,biphasic_negative_positive
109,2104,538194,1494.9833333333333,LBBB,L,538102,538106,538130,538179,538236,538268,538313,538324,normal
109,2105,538438,1495.661111111111,LBBB,L,538330,538346,538372,538421,538456,538480,538551,538564,biphasic_negative_positive
109,2106,538680,1496.3333333333333,LBBB,L,538572,538586,538612,538662,538718,538724,538802,538815,biphasic_negative_positive
109,2107,538937,1497.0472222222222,LBBB,L,538830,538838,538866,538919,538958,538983,539058,539072,biphasic_negative_positive
109,2108,539196,1497.7666666666667,LBBB,L,539087,539095,539122,539176,539216,539243,539322,539334,biphasic_negative_positive
109,2109,539455,1498.486111111111,LBBB,L,539352,539360,539384,539428,539475,539506,539583,539593,biphasic_negative_positive
109,2110,539706,1499.1833333333334,LBBB,L,539607,539616,539639,539688,539748,539782,539826,539836,normal
109,2111,539947,1499.8527777777779,LBBB,L,539842,539860,539884,539932,539984,539990,540063,540078,biphasic_negative_positive
109,2112,540192,1500.5333333333333,LBBB,L,540094,540102,540125,540166,540213,540238,540316,540332,biphasic_negative_positive
109,2113,540450,1501.25,LBBB,L,540349,540363,540381,540432,540492,540523,540569,540586,normal
109,2114,540704,1501.9555555555555,LBBB,L,540602,540615,540634,540687,540723,540749,540825,540841,biphasic_negative_positive
109,2115,540960,1502.6666666666667,LBBB,L,540857,540872,540889,540941,540981,541006,541083,541104,biphasic_negative_positive
109,2116,541229,1503.4138888888888,LBBB,L,541124,541137,541155,541210,541250,541276,541351,541371,biphasic_negative_positive
109,2117,541496,1504.1555555555556,LBBB,L,541390,541404,541422,541476,541516,541546,541624,541646,biphasic_negative_positive
109,2118,541770,1504.9166666666667,LBBB,L,,,,541751,541791,541817,541896,541915,biphasic_negative_positive
109,2119,542027,1505.6305555555555,LBBB,L,541932,541944,541961,542010,542044,542071,542145,542167,biphasic_negative_positive
109,2120,542278,1506.3277777777778,LBBB,L,542180,542195,542213,542261,542296,542321,542396,542418,biphasic_negative_positive
109,2121,542538,1507.05,LBBB,L,542441,542448,542468,542520,542559,542584,542666,542689,biphasic_negative_positive
109,2122,542807,1507.7972222222222,LBBB,L,542700,542717,542738,542789,542824,542850,542927,542951,biphasic_negative_positive
109,2123,543072,1508.5333333333333,LBBB,L,542967,542983,543003,543054,543092,543118,543192,543216,biphasic_negative_positive
109,2124,543342,1509.2833333333333,LBBB,L,543233,543248,543270,543323,543362,543388,543468,543490,biphasic_negative_positive
109,2125,543613,1510.036111111111,LBBB,L,543500,543518,543541,543597,543633,543657,543734,543760,biphasic_negative_positive
109,2126,543885,1510.7916666666667,LBBB,L,543767,543790,543810,543867,543904,543931,544008,544032,biphasic_negative_positive
109,2127,544154,1511.5388888888888,LBBB,L,544041,544063,544083,544138,544174,544230,544272,544295,normal
109,2128,544410,1512.25,LBBB,L,544305,544323,544342,544384,544430,544484,544526,544550,normal
109,2129,544663,1512.9527777777778,LBBB,L,544558,544576,544596,544646,544682,544707,544785,544809,biphasic_negative_positive
109,2130,544932,1513.7,LBBB,L,544818,544836,544858,544913,544952,544979,545060,545087,biphasic_negative_positive
109,2131,545184,1514.4,PVC,V,545095,545112,545140,545148,545195,545231,545278,545342,normal
109,2132,545475,1515.2083333333333,LBBB,L,545367,545387,545408,545458,545494,545521,545605,545627,biphasic_negative_positive
109,2133,545743,1515.9527777777778,LBBB,L,545635,545649,545675,545728,545764,545792,545875,545898,biphasic_negative_positive
109,2134,546013,1516.7027777777778,LBBB,L,545907,545924,545945,545997,546033,546059,546139,546159,biphasic_negative_positive
109,2135,546274,1517.4277777777777,LBBB,L,546166,546182,546206,546257,546292,546319,546397,546416,biphasic_negative_positive
109,2136,546534,1518.15,LBBB,L,546423,546445,546466,546516,546549,546574,546650,546668,biphasic_negative_positive
109,2137,546780,1518.8333333333333,LBBB,L,546686,546691,546712,546765,546800,546825,546895,546913,biphasic_negative_positive
109,2138,547027,1519.5194444444444,LBBB,L,546925,546940,546960,547011,547047,547072,547152,547167,biphasic_negative_positive
109,2139,547290,1520.25,LBBB,L,547180,547192,547215,547271,547313,547341,547420,547434,biphasic_negative_positive
109,2140,547556,1520.9888888888888,LBBB,L,547448,547457,547484,547539,547601,547603,547688,547701,biphasic_negative_positive
109,2141,547818,1521.7166666666667,LBBB,L,547716,547725,547750,547800,547838,547865,547946,547963,biphasic_negative_positive
109,2142,548082,1522.45,LBBB,L,547978,547993,548011,548063,548102,548128,548210,548238,biphasic_negative_positive
109,2143,548340,1523.1666666666667,LBBB,L,548243,548257,548273,548322,548378,548387,548466,548481,biphasic_negative_positive
109,2144,548597,1523.8805555555555,LBBB,L,548495,548504,548529,548580,548617,548642,548723,548741,biphasic_negative_positive
109,2145,548855,1524.5972222222222,LBBB,L,548756,548769,548788,548838,548872,548898,548972,548990,biphasic_negative_positive
109,2146,549107,1525.2972222222222,LBBB,L,549006,549020,549039,549090,549125,549150,549225,549243,biphasic_negative_positive
109,2147,549361,1526.0027777777777,LBBB,L,549258,549273,549290,549333,549381,549407,549488,549509,biphasic_negative_positive
109,2148,549637,1526.7694444444444,LBBB,L,549528,549545,549561,549609,549680,549689,549766,549785,biphasic_negative_positive
109,2149,549912,1527.5333333333333,LBBB,L,549801,549818,549837,549893,549933,549959,550040,550061,biphasic_negative_positive
109,2150,550178,1528.2722222222221,LBBB,L,550073,550089,550107,550159,550197,550225,550303,550321,biphasic_negative_positive
109,2151,550441,1529.0027777777777,LBBB,L,550340,550353,550370,550413,550461,550489,550564,550581,biphasic_negative_positive
109,2152,550693,1529.7027777777778,LBBB,L,550598,550610,550627,550678,550714,550740,550818,550839,biphasic_negative_positive
109,2153,550957,1530.4361111111111,LBBB,L,,,,550938,550976,551001,551079,551099,biphasic_negative_positive
109,2154,551213,1531.1472222222221,LBBB,L,551117,551130,551147,551195,551251,551256,551335,551354,biphasic_negative_positive
109,2155,551468,1531.8555555555556,LBBB,L,551370,551384,551408,551452,551486,551512,551590,551612,biphasic_negative_positive
109,2156,551736,1532.6,LBBB,L,,,,551717,551757,551785,551870,551892,biphasic_negative_positive
109,2157,552024,1533.4,LBBB,L,551914,551930,551947,552004,552041,552070,552148,552168,biphasic_negative_positive
109,2158,552295,1534.1527777777778,LBBB,L,552177,552196,552221,552267,552314,552339,552417,552434,biphasic_negative_positive
109,2159,552557,1534.8805555555555,LBBB,L,552458,552465,552484,552539,552595,552601,552677,552698,biphasic_negative_positive
109,2160,552821,1535.6138888888888,LBBB,L,552716,552732,552749,552803,552838,552863,552935,552955,biphasic_negative_positive
109,2161,553074,1536.3166666666666,LBBB,L,552972,552987,553005,553058,553094,553119,553194,553215,biphasic_negative_positive
109,2162,553337,1537.0472222222222,LBBB,L,553227,553242,553264,553319,553375,553383,553456,553475,biphasic_negative_positive
109,2163,553595,1537.763888888889,LBBB,L,553492,553507,553525,553577,553633,553640,553719,553739,biphasic_negative_positive
109,2164,553856,1538.4888888888888,LBBB,L,553749,553769,553788,553840,553875,553901,553983,554007,biphasic_negative_positive
109,2165,554135,1539.263888888889,LBBB,L,554025,554041,554059,554116,554156,554184,554270,554292,biphasic_negative_positive
109,2166,554416,1540.0444444444445,LBBB,L,554307,554323,554344,554397,554435,554460,554543,554566,biphasic_negative_positive
109,2167,554685,1540.7916666666667,LBBB,L,554581,554597,554617,554668,554703,554727,554805,554827,biphasic_negative_positive
109,2168,554943,1541.5083333333334,LBBB,L,554841,554857,554876,554926,554960,554986,555064,555088,biphasic_negative_positive
109,2169,555202,1542.2277777777779,LBBB,L,555103,555120,555137,555187,555220,555245,555321,555344,biphasic_negative_positive
109,2170,555463,1542.9527777777778,LBBB,L,555361,555377,555395,555447,555482,555507,555587,555608,biphasic_negative_positive
109,2171,555731,1543.6972222222223,LBBB,L,555617,555641,555660,555712,555769,555806,555852,555876,normal
109,2172,555998,1544.4388888888889,LBBB,L,555890,555905,555925,555980,556016,556043,556122,556147,biphasic_negative_positive
109,2173,556268,1545.1888888888889,LBBB,L,556161,556179,556196,556251,556287,556316,556399,556426,biphasic_negative_positive
109,2174,556554,1545.9833333333333,LBBB,L,556441,556461,556478,556534,556575,556604,556687,556708,biphasic_negative_positive
109,2175,556832,1546.7555555555555,LBBB,L,556715,556741,556760,556806,556852,556878,556962,556982,biphasic_negative_positive
109,2176,557093,1547.4805555555556,LBBB,L,556987,557008,557027,557076,557119,557170,557214,557235,normal
109,2177,557349,1548.1916666666666,LBBB,L,557246,557261,557280,557331,557367,557393,557470,557495,biphasic_negative_positive
109,2178,557606,1548.9055555555556,LBBB,L,557503,557521,557538,557589,557625,557653,557731,557755,biphasic_negative_positive
109,2179,557874,1549.65,LBBB,L,557769,557785,557803,557846,557894,557920,558003,558026,biphasic_negative_positive
109,2180,558144,1550.4,LBBB,L,558044,558059,558078,558128,558164,558223,558273,558293,normal
109,2181,558413,1551.1472222222221,LBBB,L,558299,558318,558343,558394,558433,558457,558539,558559,biphasic_negative_positive
109,2182,558685,1551.9027777777778,LBBB,L,558566,558593,558611,558665,558705,558733,558820,558841,biphasic_negative_positive
109,2183,558970,1552.6944444444443,LBBB,L,558855,558873,558893,558951,559008,559047,559092,559111,normal
109,2184,559231,1553.4194444444445,LBBB,L,559124,559140,559161,559215,559251,559276,559351,559369,biphasic_negative_positive
109,2185,559484,1554.1222222222223,LBBB,L,559380,559395,559415,559466,559502,559528,559601,559619,biphasic_negative_positive
109,2186,559738,1554.8277777777778,LBBB,L,559627,559643,559666,559719,559780,559813,559856,559873,normal
109,2187,559991,1555.5305555555556,LBBB,L,559885,559900,559921,559973,560012,560037,560119,560139,biphasic_negative_positive
109,2188,560261,1556.2805555555556,LBBB,L,560147,560164,560186,560242,560281,560307,560392,560415,biphasic_negative_positive
109,2189,560531,1557.0305555555556,LBBB,L,560427,560441,560462,560513,560573,560614,560660,560682,normal
109,2190,560801,1557.7805555555556,LBBB,L,560704,560711,560730,560782,560817,560845,560925,560943,biphasic_negative_positive
109,2191,561067,1558.5194444444444,LBBB,L,560949,560972,560994,561048,561087,561114,561198,561219,biphasic_negative_positive
109,2192,561341,1559.2805555555556,LBBB,L,561225,561248,561269,561322,561378,561383,561458,561476,biphasic_negative_positive
109,2193,561592,1559.9777777777779,LBBB,L,561486,561501,561523,561574,561610,561633,561707,561724,biphasic_negative_positive
109,2194,561835,1560.6527777777778,LBBB,L,561735,561748,561769,561820,561855,561881,561956,561974,biphasic_negative_positive
109,2195,562091,1561.3638888888888,LBBB,L,561993,561999,562020,562072,562111,562136,562208,562225,biphasic_negative_positive
109,2196,562343,1562.0638888888889,LBBB,L,562245,562251,562272,562325,562364,562393,562469,562487,biphasic_negative_positive
109,2197,562612,1562.8111111111111,LBBB,L,562496,562514,562538,562593,562633,562661,562745,562765,biphasic_negative_positive
109,2198,562883,1563.5638888888889,LBBB,L,562778,562791,562814,562865,562904,562931,563013,563033,biphasic_negative_positive
109,2199,563153,1564.3138888888889,LBBB,L,563055,563060,563082,563134,563170,563195,563274,563289,biphasic_negative_positive
109,2200,563410,1565.0277777777778,LBBB,L,563295,563315,563339,563392,563449,563489,563538,563557,normal
109,2201,563675,1565.763888888889,LBBB,L,563567,563584,563607,563659,563696,563720,563795,563814,biphasic_negative_positive
109,2202,563928,1566.4666666666667,LBBB,L,563825,563842,563860,563911,563966,563972,564044,564062,biphasic_negative_positive
109,2203,564173,1567.1472222222221,LBBB,L,564071,564085,564105,564154,564214,564249,564290,564306,normal
109,2204,564425,1567.8472222222222,LBBB,L,564321,564333,564356,564399,564447,564473,564550,564562,biphasic_negative_positive
109,2205,564682,1568.5611111111111,LBBB,L,564574,564586,564609,564663,564725,564731,564812,564826,biphasic_negative_positive
109,2206,564948,1569.3,LBBB,L,564841,564849,564877,564929,564970,564998,565083,565109,biphasic_negative_positive
109,2207,565211,1570.0305555555556,LBBB,L,565113,565125,565144,565196,565232,565261,565341,565363,biphasic_negative_positive
109,2208,565465,1570.736111111111,LBBB,L,565367,565376,565398,565449,565485,565511,565587,565606,biphasic_negative_positive
109,2209,565710,1571.4166666666667,LBBB,L,,,,565682,565731,565753,565841,565852,biphasic_negative_positive
109,2210,565954,1572.0944444444444,LBBB,L,,,,565911,565978,566011,566081,566090,biphasic_negative_positive
109,2211,566184,1572.7333333333333,LBBB,L,,,,566168,566235,566267,566317,566324,normal
109,2212,566418,1573.3833333333334,LBBB,L,,,,566393,566448,566468,566539,566546,biphasic_negative_positive
109,2213,566645,1574.013888888889,LBBB,L,,,,566613,566661,566687,566767,566777,biphasic_negative_positive
109,2214,566895,1574.7083333333333,LBBB,L,,,,566877,566918,566939,567020,567029,biphasic_negative_positive
109,2215,567142,1575.3944444444444,LBBB,L,,,,567105,567191,567218,567283,567299,normal
109,2216,567396,1576.1,LBBB,L,,,,567360,567426,567495,567502,567518,inverted
109,2217,567629,1576.7472222222223,LBBB,L,,,,567605,567673,567718,567744,567761,normal
109,2218,567873,1577.425,LBBB,L,,,,567847,567891,567947,567997,568009,normal
109,2219,568099,1578.0527777777777,LBBB,L,,,,568081,568119,568161,568220,568226,biphasic_negative_positive
109,2220,568345,1578.736111111111,LBBB,L,,,,568321,568376,568427,568470,568481,normal
109,2221,568573,1579.3694444444445,LBBB,L,,,,568527,568592,568622,568707,568720,biphasic_negative_positive
109,2222,568810,1580.0277777777778,LBBB,L,,,,568782,568828,568854,568867,568939,inverted
109,2223,569051,1580.6972222222223,LBBB,L,568940,568943,568983,569032,569070,569106,569185,569204,biphasic_negative_positive
109,2224,569299,1581.3861111111112,LBBB,L,,,,569276,569320,569344,569356,569418,inverted
109,2225,569545,1582.0694444444443,LBBB,L,569421,569432,569483,569529,569569,569594,569666,569693,biphasic_negative_positive
109,2226,569796,1582.7666666666667,LBBB,L,,,,569779,569807,569845,569920,569948,biphasic_negative_positive
109,2227,570031,1583.4194444444445,LBBB,L,,,,570014,570077,570111,570154,570168,normal
109,2228,570254,1584.0388888888888,LBBB,L,,,,570238,570277,570328,570376,570398,normal
109,2229,570491,1584.6972222222223,LBBB,L,,,,570471,570511,570542,570561,570610,inverted
109,2230,570749,1585.4138888888888,LBBB,L,,,,570704,570985,570773,570854,570905,biphasic_negative_positive
109,2231,570985,1586.0694444444443,LBBB,L,,,,570938,,571012,571033,571088,inverted
109,2232,571200,1586.6666666666667,LBBB,L,571090,571093,571135,571180,571241,571247,571270,571326,inverted
109,2233,571445,1587.3472222222222,LBBB,L,571327,571332,571376,571425,571464,571492,571517,571572,inverted
109,2234,571685,1588.013888888889,LBBB,L,571575,571578,571622,571665,571727,571730,571753,571812,inverted
109,2235,571932,1588.7,LBBB,L,571813,571818,571867,571912,571951,571977,571999,572055,inverted
109,2236,572174,1589.3722222222223,LBBB,L,572056,572061,572111,572157,572203,572217,572291,572310,biphasic_negative_positive
109,2237,572403,1590.0083333333334,LBBB,L,,,,572386,572443,572447,572467,572517,inverted
109,2238,572627,1590.6305555555555,LBBB,L,572518,572523,572567,572608,572664,572669,572692,572744,inverted
109,2239,572865,1591.2916666666667,LBBB,L,,,,572847,572909,572910,572934,572989,inverted
109,2240,573113,1591.9805555555556,LBBB,L,,,,573094,573134,573159,573179,573234,inverted
109,2241,573362,1592.6722222222222,LBBB,L,573235,573238,573297,573343,573391,573407,573482,573512,biphasic_negative_positive
109,2242,573610,1593.361111111111,LBBB,L,,,,573591,573653,573654,573734,573764,biphasic_negative_positive
109,2243,573866,1594.0722222222223,LBBB,L,,,,573845,573889,573913,573988,574020,biphasic_negative_positive
109,2244,574119,1594.775,LBBB,L,,,,574098,574140,574165,574243,574275,biphasic_negative_positive
109,2245,574370,1595.4722222222222,LBBB,L,,,,574353,574391,574417,574494,574525,biphasic_negative_positive
109,2246,574618,1596.161111111111,LBBB,L,,,,574600,574656,574661,574737,574771,biphasic_negative_positive
109,2247,574861,1596.8361111111112,LBBB,L,,,,574845,574880,574903,574977,575011,biphasic_negative_positive
109,2248,575111,1597.5305555555556,LBBB,L,,,,575092,575132,575158,575236,575272,biphasic_negative_positive
109,2249,575381,1598.2805555555556,LBBB,L,575278,575284,575312,575361,575402,575426,575504,575533,biphasic_negative_positive
109,2250,575647,1599.0194444444444,LBBB,L,575543,575550,575578,575627,575678,575694,575770,575796,biphasic_negative_positive
109,2251,575908,1599.7444444444445,LBBB,L,575805,575812,575839,575888,575929,575953,576030,576058,biphasic_negative_positive
109,2252,576172,1600.4777777777779,LBBB,L,576070,576077,576104,576152,576193,576219,576295,576323,biphasic_negative_positive
109,2253,576432,1601.2,LBBB,L,,,,576412,576454,576480,576555,576585,biphasic_negative_positive
109,2254,576690,1601.9166666666667,LBBB,L,,,,576671,576711,576737,576813,576838,biphasic_negative_positive
109,2255,576941,1602.6138888888888,LBBB,L,,,,576922,576960,576985,577060,577089,biphasic_negative_positive
109,2256,577191,1603.3083333333334,LBBB,L,577097,577106,577128,577174,577209,577233,577311,577339,biphasic_negative_positive
109,2257,577451,1604.0305555555556,LBBB,L,577350,577359,577384,577432,577472,577499,577581,577612,biphasic_negative_positive
109,2258,577728,1604.8,LBBB,L,577624,577635,577659,577708,577748,577772,577852,577880,biphasic_negative_positive
109,2259,577998,1605.55,LBBB,L,577893,577900,577930,577979,578018,578043,578118,578146,biphasic_negative_positive
109,2260,578264,1606.2888888888888,LBBB,L,578159,578169,578194,578244,578284,578307,578386,578416,biphasic_negative_positive
109,2261,578529,1607.025,LBBB,L,578426,578435,578462,578510,578557,578571,578645,578674,biphasic_negative_positive
109,2262,578786,1607.7388888888888,LBBB,L,,,,578766,578805,578830,578905,578933,biphasic_negative_positive
109,2263,579046,1608.4611111111112,LBBB,L,578945,578953,578978,579026,579066,579090,579165,579193,biphasic_negative_positive
109,2264,579299,1609.1638888888888,LBBB,L,,,,579280,579319,579343,579419,579445,biphasic_negative_positive
109,2265,579551,1609.8638888888888,LBBB,L,,,,579533,579571,579596,579676,579705,biphasic_negative_positive
109,2266,579823,1610.6194444444445,LBBB,L,579718,579728,579751,579803,579869,579872,579958,579987,biphasic_negative_positive
109,2267,580102,1611.3944444444444,LBBB,L,,,,580084,580123,580147,580230,580259,biphasic_negative_positive
109,2268,580349,1612.0805555555555,PVC,V,580267,580272,580301,580317,580361,580396,580440,580507,normal
109,2269,580628,1612.8555555555556,LBBB,L,580531,580535,580562,580611,580648,580671,580752,580778,biphasic_negative_positive
109,2270,580883,1613.5638888888889,LBBB,L,,,,580857,580920,580923,580998,581025,biphasic_negative_positive
109,2271,581136,1614.2666666666667,LBBB,L,581036,581045,581070,581120,581155,581177,581257,581286,biphasic_negative_positive
109,2272,581394,1614.9833333333333,LBBB,L,,,,581366,581413,581437,581511,581536,biphasic_negative_positive
109,2273,581644,1615.6777777777777,LBBB,L,,,,581626,581665,581689,581763,581792,biphasic_negative_positive
109,2274,581895,1616.375,LBBB,L,,,,581878,581917,581940,582022,582050,biphasic_negative_positive
109,2275,582167,1617.1305555555555,LBBB,L,582062,582069,582096,582147,582190,582217,582301,582329,biphasic_negative_positive
109,2276,582441,1617.8916666666667,LBBB,L,582341,582343,582373,582421,582480,582487,582570,582604,biphasic_negative_positive
109,2277,582701,1618.6138888888888,LBBB,L,,,,582683,582738,582742,582822,582857,biphasic_negative_positive
109,2278,582953,1619.3138888888889,LBBB,L,,,,582934,582973,582997,583076,583110,biphasic_negative_positive
109,2279,583204,1620.0111111111112,LBBB,L,,,,583186,583242,583246,583324,583354,biphasic_negative_positive
109,2280,583456,1620.7111111111112,LBBB,L,,,,583438,583477,583500,583522,583573,inverted
109,2281,583668,1621.3,PVC,V,,,,583639,583675,583687,583759,583844,normal
109,2282,583971,1622.1416666666667,LBBB,L,583857,583879,583902,583952,584010,584014,584037,584094,inverted
109,2283,584228,1622.8555555555556,LBBB,L,584099,584132,584160,584208,584250,584276,584357,584388,biphasic_negative_positive
109,2284,584512,1623.6444444444444,LBBB,L,,,,584491,584533,584560,584644,584680,biphasic_negative_positive
109,2285,584781,1624.3916666666667,LBBB,L,,,,584763,584803,584829,584908,584935,biphasic_negative_positive
109,2286,585042,1625.1166666666666,LBBB,L,,,,585024,585061,585086,585166,585194,biphasic_negative_positive
109,2287,585295,1625.8194444444443,LBBB,L,,,,585278,585314,585339,585419,585449,biphasic_negative_positive
109,2288,585550,1626.5277777777778,LBBB,L,,,,585532,585588,585594,585676,585708,biphasic_negative_positive
109,2289,585812,1627.2555555555555,LBBB,L,,,,585795,585834,585858,585938,585969,biphasic_negative_positive
109,2290,586078,1627.9944444444445,LBBB,L,585981,585989,586014,586059,586120,586121,586202,586232,biphasic_negative_positive
109,2291,586344,1628.7333333333333,LBBB,L,,,,586316,586364,586389,586470,586499,biphasic_negative_positive
109,2292,586616,1629.4888888888888,LBBB,L,,,,586598,586657,586663,586746,586783,biphasic_negative_positive
109,2293,586896,1630.2666666666667,LBBB,L,586790,586796,586823,586875,586918,586942,587018,587047,biphasic_negative_positive
109,2294,587162,1631.0055555555555,LBBB,L,,,,587144,587202,587208,587284,587314,biphasic_negative_positive
109,2295,587414,1631.7055555555555,LBBB,L,,,,587397,587454,587459,587535,587567,biphasic_negative_positive
109,2296,587668,1632.411111111111,LBBB,L,,,,587649,587688,587712,587788,587818,biphasic_negative_positive
109,2297,587917,1633.1027777777779,LBBB,L,,,,587900,587938,587962,588040,588066,biphasic_negative_positive
109,2298,588179,1633.8305555555555,LBBB,L,,,,588160,588222,588227,588311,588336,biphasic_negative_positive
109,2299,588446,1634.5722222222223,LBBB,L,588348,588352,588379,588429,588486,588492,588575,588608,biphasic_negative_positive
109,2300,588713,1635.3138888888889,LBBB,L,,,,588694,588733,588758,588837,588871,biphasic_negative_positive
109,2301,588980,1636.0555555555557,LBBB,L,,,,588961,589002,589027,589110,589150,biphasic_negative_positive
109,2302,589259,1636.8305555555555,LBBB,L,,,,589240,589280,589305,589381,589408,biphasic_negative_positive
109,2303,589519,1637.5527777777777,LBBB,L,,,,589502,589540,589562,589634,589666,biphasic_negative_positive
109,2304,589765,1638.236111111111,LBBB,L,,,,589748,589786,589809,589882,589918,biphasic_negative_positive
109,2305,590018,1638.9388888888889,LBBB,L,,,,590000,590057,590061,590136,590166,biphasic_negative_positive
109,2306,590271,1639.6416666666667,LBBB,L,,,,590253,590293,590316,590392,590433,biphasic_negative_positive
109,2307,590538,1640.3833333333334,LBBB,L,,,,590518,590562,590587,590672,590699,biphasic_negative_positive
109,2308,590812,1641.1444444444444,LBBB,L,,,,590793,590833,590859,590942,590980,biphasic_negative_positive
109,2309,591081,1641.8916666666667,LBBB,L,,,,591063,591102,591127,591207,591246,biphasic_negative_positive
109,2310,591354,1642.65,LBBB,L,,,,591334,591375,591401,591486,591523,biphasic_negative_positive
109,2311,591630,1643.4166666666667,LBBB,L,,,,591613,591649,591673,591749,591787,biphasic_negative_positive
109,2312,591891,1644.1416666666667,LBBB,L,,,,591873,591918,591933,592003,592031,biphasic_negative_positive
109,2313,592143,1644.8416666666667,LBBB,L,,,,592118,592162,592185,592261,592290,biphasic_negative_positive
109,2314,592407,1645.575,LBBB,L,592307,592323,592339,592390,592427,592449,592528,592557,biphasic_negative_positive
109,2315,592678,1646.3277777777778,LBBB,L,,,,592659,592698,592722,592805,592836,biphasic_negative_positive
109,2316,592960,1647.111111111111,LBBB,L,,,,592940,592980,593005,593085,593118,biphasic_negative_positive
109,2317,593234,1647.8722222222223,LBBB,L,593129,593142,593163,593216,593256,593281,593361,593395,biphasic_negative_positive
109,2318,593506,1648.6277777777777,LBBB,L,,,,593488,593527,593552,593634,593663,biphasic_negative_positive
109,2319,593779,1649.3861111111112,LBBB,L,593677,593694,593709,593762,593808,593824,593909,593934,biphasic_negative_positive
109,2320,594043,1650.1194444444445,LBBB,L,,,,594026,594062,594086,594168,594195,biphasic_negative_positive
109,2321,594303,1650.8416666666667,LBBB,L,,,,594285,594321,594342,594423,594452,biphasic_negative_positive
109,2322,594561,1651.5583333333334,LBBB,L,,,,594543,594599,594603,594687,594717,biphasic_negative_positive
109,2323,594827,1652.2972222222222,LBBB,L,594728,594740,594762,594809,594847,594872,594956,594990,biphasic_negative_positive
109,2324,595109,1653.0805555555555,LBBB,L,,,,595090,595130,595157,595243,595280,biphasic_negative_positive
109,2325,595396,1653.8777777777777,LBBB,L,595291,595308,595326,595378,595434,595441,595521,595550,biphasic_negative_positive
109,2326,595668,1654.6333333333334,LBBB,L,,,,595651,595688,,595738,595768,positive_monophasic
109,2327,595931,1655.3638888888888,LBBB,L,,,,595912,596173,595975,596056,596084,biphasic_negative_positive
109,2328,596173,1656.036111111111,PVC,V,,,,596143,,596175,596270,596330,normal
109,2329,596457,1656.825,LBBB,L,596356,596366,596389,596439,596496,596502,596583,596626,biphasic_negative_positive
109,2330,596710,1657.5277777777778,LBBB,L,,,,596692,596748,596752,596835,596861,biphasic_negative_positive
109,2331,596977,1658.2694444444444,LBBB,L,,,,596957,596997,597021,597108,597138,biphasic_negative_positive
109,2332,597244,1659.0111111111112,LBBB,L,,,,597226,597268,597294,597378,597407,biphasic_negative_positive
109,2333,597527,1659.7972222222222,LBBB,L,,,,597507,597548,597576,597664,597689,biphasic_negative_positive
109,2334,597804,1660.5666666666666,LBBB,L,597706,597709,597738,597788,597824,597847,597930,597961,biphasic_negative_positive
109,2335,598067,1661.2972222222222,LBBB,L,,,,598050,598104,598107,598185,598216,biphasic_negative_positive
109,2336,598321,1662.0027777777777,LBBB,L,,,,598304,598341,598366,598444,598471,biphasic_negative_positive
109,2337,598588,1662.7444444444445,LBBB,L,,,,598569,598610,598633,598709,598732,biphasic_negative_positive
109,2338,598845,1663.4583333333333,LBBB,L,,,,598826,598864,598888,598967,598997,biphasic_negative_positive
109,2339,599099,1664.1638888888888,LBBB,L,,,,599080,599119,599146,599224,599261,biphasic_negative_positive
109,2340,599368,1664.911111111111,LBBB,L,,,,599349,599391,599415,599499,599527,biphasic_negative_positive
109,2341,599637,1665.6583333333333,LBBB,L,,,,599619,599660,599684,599771,599805,biphasic_negative_positive
109,2342,599913,1666.425,LBBB,L,,,,599894,599934,599960,600045,600070,biphasic_negative_positive
109,2343,600181,1667.1694444444445,LBBB,L,,,,600164,600200,600224,600307,600332,biphasic_negative_positive
109,2344,600438,1667.8833333333334,LBBB,L,,,,600422,600457,600479,600555,600588,biphasic_negative_positive
109,2345,600690,1668.5833333333333,LBBB,L,,,,600674,600711,600736,600816,600842,biphasic_negative_positive
109,2346,600962,1669.338888888889,LBBB,L,,,,600945,600982,601006,601085,601108,biphasic_negative_positive
109,2347,601225,1670.0694444444443,LBBB,L,,,,601207,601265,601269,601348,601380,biphasic_negative_positive
109,2348,601488,1670.8,LBBB,L,,,,601467,601510,601537,601614,601652,biphasic_negative_positive
109,2349,601764,1671.5666666666666,LBBB,L,,,,601744,601788,601813,601891,601914,biphasic_negative_positive
109,2350,602035,1672.3194444444443,LBBB,L,,,,602017,602059,602083,602166,602193,biphasic_negative_positive
109,2351,602308,1673.0777777777778,LBBB,L,602205,602214,602238,602289,602329,602354,602435,602467,biphasic_negative_positive
109,2352,602565,1673.7916666666667,LBBB,L,,,,602547,602585,602609,602688,602713,biphasic_negative_positive
109,2353,602817,1674.4916666666666,LBBB,L,,,,602799,602836,602858,602936,602962,biphasic_negative_positive
109,2354,603072,1675.2,LBBB,L,602974,602981,603004,603053,603093,603117,603198,603236,biphasic_negative_positive
109,2355,603339,1675.9416666666666,LBBB,L,,,,603321,603359,603383,603408,603459,inverted
109,2356,603549,1676.525,PVC,V,603460,603465,603485,603510,603550,603551,603647,603728,normal
109,2357,603874,1677.4277777777777,LBBB,L,603767,603783,603801,603855,603897,603922,604004,604048,biphasic_negative_positive
109,2358,604142,1678.1722222222222,LBBB,L,,,,604124,604183,604188,604264,604291,biphasic_negative_positive
109,2359,604415,1678.9305555555557,LBBB,L,,,,604395,604437,604461,604543,604577,biphasic_negative_positive
109,2360,604680,1679.6666666666667,LBBB,L,,,,604663,604701,604727,604803,604836,biphasic_negative_positive
109,2361,604933,1680.3694444444445,LBBB,L,,,,604916,604954,604977,605055,605080,biphasic_negative_positive
109,2362,605184,1681.0666666666666,LBBB,L,,,,605168,605205,605227,605305,605333,biphasic_negative_positive
109,2363,605447,1681.7972222222222,LBBB,L,,,,605428,605469,605495,605579,605620,biphasic_negative_positive
109,2364,605723,1682.5638888888889,LBBB,L,,,,605704,605743,605769,605853,605880,biphasic_negative_positive
109,2365,605998,1683.3277777777778,LBBB,L,,,,605979,606036,606041,606121,606149,biphasic_negative_positive
109,2366,606263,1684.0638888888889,LBBB,L,,,,606244,606284,606309,606387,606429,biphasic_negative_positive
109,2367,606533,1684.8138888888889,LBBB,L,,,,606517,606553,606578,606653,606678,biphasic_negative_positive
109,2368,606798,1685.55,LBBB,L,,,,606781,606819,606841,606921,606956,biphasic_negative_positive
109,2369,607061,1686.2805555555556,LBBB,L,,,,607043,607081,607104,607179,607210,biphasic_negative_positive
109,2370,607312,1686.9777777777779,LBBB,L,,,,607293,607349,607355,607427,607461,biphasic_negative_positive
109,2371,607559,1687.6638888888888,LBBB,L,,,,607543,607581,607604,607686,607712,biphasic_negative_positive
109,2372,607835,1688.4305555555557,LBBB,L,,,,607815,607857,607883,607909,607965,inverted
109,2373,608051,1689.0305555555556,PVC,V,,,,608018,608093,608095,608176,608218,biphasic_negative_positive
109,2374,608382,1689.95,LBBB,L,608281,608302,608318,608365,608402,608426,608517,608555,biphasic_negative_positive
109,2375,608650,1690.6944444444443,LBBB,L,,,,608631,608671,608697,608779,608806,biphasic_negative_positive
109,2376,608918,1691.4388888888889,LBBB,L,,,,608900,608938,608962,609045,609072,biphasic_negative_positive
109,2377,609179,1692.1638888888888,LBBB,L,,,,609163,609199,609222,609304,609333,biphasic_negative_positive
109,2378,609442,1692.8944444444444,LBBB,L,609347,609359,609377,609424,609479,609484,609562,609599,biphasic_negative_positive
109,2379,609698,1693.6055555555556,LBBB,L,,,,609681,609718,609742,609817,609845,biphasic_negative_positive
109,2380,609960,1694.3333333333333,LBBB,L,,,,609943,609981,610007,610094,610120,biphasic_negative_positive
109,2381,610248,1695.1333333333334,LBBB,L,,,,610227,610269,610295,610379,610411,biphasic_negative_positive
109,2382,610524,1695.9,LBBB,L,,,,610503,610565,610571,610652,610684,biphasic_negative_positive
109,2383,610790,1696.638888888889,LBBB,L,,,,610771,610812,610836,610915,610942,biphasic_negative_positive
109,2384,611055,1697.375,LBBB,L,,,,611037,611076,611102,611179,611212,biphasic_negative_positive
109,2385,611316,1698.1,LBBB,L,,,,611296,611338,611363,611440,611469,biphasic_negative_positive
109,2386,611582,1698.838888888889,LBBB,L,,,,611564,611602,611628,611708,611734,biphasic_negative_positive
109,2387,611845,1699.5694444444443,LBBB,L,,,,611828,611885,611890,611973,612005,biphasic_negative_positive
109,2388,612111,1700.3083333333334,LBBB,L,,,,612093,612131,612156,612238,612270,biphasic_negative_positive
109,2389,612387,1701.075,LBBB,L,,,,612368,612409,612435,612523,612552,biphasic_negative_positive
109,2390,612670,1701.861111111111,LBBB,L,,,,612653,612692,612716,612797,612828,biphasic_negative_positive
109,2391,612943,1702.6194444444445,LBBB,L,,,,612926,612964,612987,613065,613101,biphasic_negative_positive
109,2392,613203,1703.3416666666667,LBBB,L,,,,613185,613240,613244,613323,613358,biphasic_negative_positive
109,2393,613457,1704.0472222222222,LBBB,L,,,,613442,613476,613498,613575,613612,biphasic_negative_positive
109,2394,613715,1704.763888888889,LBBB,L,,,,613699,613735,613757,613838,613875,biphasic_negative_positive
109,2395,613982,1705.5055555555555,LBBB,L,,,,613964,614002,614027,614101,614128,biphasic_negative_positive
109,2396,614245,1706.236111111111,LBBB,L,,,,614227,614285,614289,614370,614396,biphasic_negative_positive
109,2397,614514,1706.9833333333333,LBBB,L,,,,614495,614535,614561,614647,614678,biphasic_negative_positive
109,2398,614800,1707.7777777777778,LBBB,L,,,,614780,614822,614850,614936,614972,biphasic_negative_positive
109,2399,615077,1708.5472222222222,LBBB,L,,,,615051,615097,615123,615207,615237,biphasic_negative_positive
109,2400,615341,1709.2805555555556,LBBB,L,,,,615326,615362,615387,615467,615493,biphasic_negative_positive
109,2401,615603,1710.0083333333334,LBBB,L,615507,615519,615536,615584,615624,615647,615728,615756,biphasic_negative_positive
109,2402,615861,1710.725,LBBB,L,,,,615842,615881,615906,615988,616019,biphasic_negative_positive
109,2403,616128,1711.4666666666667,LBBB,L,,,,616111,616149,616174,616257,616288,biphasic_negative_positive
109,2404,616401,1712.225,LBBB,L,,,,616382,616423,616446,616528,616562,biphasic_negative_positive
109,2405,616676,1712.9888888888888,LBBB,L,,,,616657,616715,616720,616802,616833,biphasic_negative_positive
109,2406,616953,1713.7583333333334,LBBB,L,,,,616934,616974,617000,617090,617121,biphasic_negative_positive
109,2407,617242,1714.5611111111111,LBBB,L,,,,617222,617263,617285,617366,617396,biphasic_negative_positive
109,2408,617508,1715.3,LBBB,L,,,,617492,617528,617551,617623,617649,biphasic_negative_positive
109,2409,617763,1716.0083333333334,LBBB,L,617664,617672,617696,617745,617801,617805,617884,617912,biphasic_negative_positive
109,2410,618024,1716.7333333333333,LBBB,L,617924,617932,617955,618007,618043,618066,618142,618169,biphasic_negative_positive
109,2411,618285,1717.4583333333333,LBBB,L,,,,618267,618306,618329,618409,618436,biphasic_negative_positive
109,2412,618556,1718.2111111111112,LBBB,L,,,,618537,618577,618602,618681,618708,biphasic_negative_positive
109,2413,618828,1718.9666666666667,LBBB,L,,,,618808,618852,618875,618955,618982,biphasic_negative_positive
109,2414,619099,1719.7194444444444,LBBB,L,,,,619082,619121,619145,619230,619265,biphasic_negative_positive
109,2415,619377,1720.4916666666666,LBBB,L,,,,619358,619399,619424,619511,619543,biphasic_negative_positive
109,2416,619648,1721.2444444444445,LBBB,L,,,,619629,619667,619692,619774,619808,biphasic_negative_positive
109,2417,619904,1721.9555555555555,LBBB,L,,,,619878,619933,619948,620023,620057,biphasic_negative_positive
109,2418,620155,1722.6527777777778,LBBB,L,,,,620139,620175,620200,620281,620316,biphasic_negative_positive
109,2419,620411,1723.3638888888888,LBBB,L,,,,620395,620430,620455,620537,620574,biphasic_negative_positive
109,2420,620677,1724.1027777777779,LBBB,L,,,,620659,620716,620723,620808,620845,biphasic_negative_positive
109,2421,620951,1724.8638888888888,LBBB,L,,,,620935,620973,620997,621077,621101,biphasic_negative_positive
109,2422,621224,1725.6222222222223,LBBB,L,,,,621204,621245,621269,621350,621386,biphasic_negative_positive
109,2423,621490,1726.361111111111,LBBB,L,621390,621405,621421,621472,621512,621537,621621,621660,biphasic_negative_positive
109,2424,621767,1727.1305555555555,LBBB,L,,,,621747,621789,621813,621895,621929,biphasic_negative_positive
109,2425,622029,1727.8583333333333,LBBB,L,,,,622010,622051,622075,622154,622186,biphasic_negative_positive
109,2426,622282,1728.5611111111111,LBBB,L,,,,622266,622303,622327,622404,622438,biphasic_negative_positive
109,2427,622539,1729.275,LBBB,L,,,,622520,622561,622585,622666,622699,biphasic_negative_positive
109,2428,622801,1730.0027777777777,LBBB,L,,,,622783,622823,622848,622934,622971,biphasic_negative_positive
109,2429,623080,1730.7777777777778,LBBB,L,,,,623060,623102,623128,623217,623246,biphasic_negative_positive
109,2430,623360,1731.5555555555557,LBBB,L,,,,623341,623403,623406,623487,623514,biphasic_negative_positive
109,2431,623630,1732.3055555555557,LBBB,L,,,,623612,623651,623675,623756,623791,biphasic_negative_positive
109,2432,623901,1733.0583333333334,LBBB,L,623798,623815,623831,623882,623922,623947,624032,624070,biphasic_negative_positive
109,2433,624173,1733.8138888888889,LBBB,L,,,,624157,624192,624216,624293,624326,biphasic_negative_positive
109,2434,624428,1734.5222222222221,LBBB,L,,,,624410,624449,624472,624544,624576,biphasic_negative_positive
109,2435,624680,1735.2222222222222,LBBB,L,,,,624662,624721,624723,624801,624835,biphasic_negative_positive
109,2436,624943,1735.9527777777778,LBBB,L,624842,624854,624872,624924,624963,624989,625067,625102,biphasic_negative_positive
109,2437,625209,1736.6916666666666,LBBB,L,625108,625121,625137,625189,625231,625257,625341,625378,biphasic_negative_positive
109,2438,625489,1737.4694444444444,LBBB,L,625384,625399,625415,625470,625511,625538,625621,625655,biphasic_negative_positive
109,2439,625761,1738.225,LBBB,L,,,,625742,625783,625808,625888,625916,biphasic_negative_positive
109,2440,626027,1738.963888888889,LBBB,L,,,,626010,626046,626070,626150,626177,biphasic_negative_positive
109,2441,626292,1739.7,LBBB,L,626192,626204,626224,626275,626313,626338,626421,626450,biphasic_negative_positive
109,2442,626559,1740.4416666666666,LBBB,L,626464,626477,626494,626542,626578,626601,626681,626708,biphasic_negative_positive
109,2443,626817,1741.1583333333333,LBBB,L,,,,626802,626836,626859,626934,626963,biphasic_negative_positive
109,2444,627073,1741.8694444444445,LBBB,L,,,,627056,627116,627117,627197,627227,biphasic_negative_positive
109,2445,627347,1742.6305555555555,LBBB,L,,,,627330,627368,627392,627474,627502,biphasic_negative_positive
109,2446,627626,1743.4055555555556,LBBB,L,627519,627535,627552,627606,627648,627671,627756,627784,biphasic_negative_positive
109,2447,627908,1744.1888888888889,LBBB,L,,,,627889,627929,627955,628035,628063,biphasic_negative_positive
109,2448,628180,1744.9444444444443,LBBB,L,,,,628160,628201,628226,628305,628334,biphasic_negative_positive
109,2449,628438,1745.661111111111,LBBB,L,,,,628422,628459,628483,628558,628588,biphasic_negative_positive
109,2450,628702,1746.3944444444444,LBBB,L,,,,628686,628724,628749,628832,628860,biphasic_negative_positive
109,2451,628969,1747.1361111111112,LBBB,L,628872,628884,628904,628951,628988,629012,629095,629124,biphasic_negative_positive
109,2452,629230,1747.861111111111,LBBB,L,,,,629212,629249,629272,629356,629385,biphasic_negative_positive
109,2453,629497,1748.6027777777779,LBBB,L,629397,629412,629430,629479,629518,629543,629630,629658,biphasic_negative_positive
109,2454,629773,1749.3694444444445,LBBB,L,,,,629755,629794,629819,629904,629936,biphasic_negative_positive
109,2455,630055,1750.1527777777778,LBBB,L,,,,630037,630077,630103,630188,630217,biphasic_negative_positive
109,2456,630337,1750.9361111111111,LBBB,L,,,,630319,630356,630378,630458,630488,biphasic_negative_positive
109,2457,630600,1751.6666666666667,LBBB,L,630499,630514,630532,630583,630619,630643,630718,630745,biphasic_negative_positive
109,2458,630855,1752.375,LBBB,L,,,,630839,630876,630899,630979,631010,biphasic_negative_positive
109,2459,631124,1753.1222222222223,LBBB,L,,,,631105,631145,631171,631250,631279,biphasic_negative_positive
109,2460,631392,1753.8666666666666,LBBB,L,,,,631374,631414,631440,631522,631550,biphasic_negative_positive
109,2461,631628,1754.5222222222221,PVC,V,,,,631596,631643,631670,631755,631796,biphasic_negative_positive
109,2462,631938,1755.3833333333334,LBBB,L,,,,631917,631961,631984,632074,632108,biphasic_negative_positive
109,2463,632212,1756.1444444444444,LBBB,L,,,,632184,632234,632261,632346,632374,biphasic_negative_positive
109,2464,632492,1756.9222222222222,LBBB,L,,,,632473,632514,632539,632623,632654,biphasic_negative_positive
109,2465,632756,1757.6555555555556,LBBB,L,,,,632729,632794,632798,632877,632903,biphasic_negative_positive
109,2466,633010,1758.361111111111,LBBB,L,,,,632994,633029,633051,633129,633157,biphasic_negative_positive
109,2467,633263,1759.0638888888889,LBBB,L,,,,633246,633303,633307,633390,633418,biphasic_negative_positive
109,2468,633532,1759.8111111111111,LBBB,L,,,,633515,633554,633577,633654,633680,biphasic_negative_positive
109,2469,633797,1760.5472222222222,LBBB,L,,,,633778,633820,633844,633923,633947,biphasic_negative_positive
109,2470,634063,1761.286111111111,LBBB,L,,,,634044,634087,634111,634193,634218,biphasic_negative_positive
109,2471,634336,1762.0444444444445,LBBB,L,,,,634316,634358,634384,634464,634491,biphasic_negative_positive
109,2472,634603,1762.786111111111,LBBB,L,634501,634511,634532,634584,634625,634651,634731,634764,biphasic_negative_positive
109,2473,634870,1763.5277777777778,LBBB,L,,,,634853,634892,634917,634996,635029,biphasic_negative_positive
109,2474,635127,1764.2416666666666,LBBB,L,,,,635111,635149,635172,635252,635285,biphasic_negative_positive
109,2475,635382,1764.95,LBBB,L,,,,635365,635402,635424,635503,635538,biphasic_negative_positive
109,2476,635643,1765.675,LBBB,L,635546,635559,635575,635624,635665,635690,635774,635814,biphasic_negative_positive
109,2477,635920,1766.4444444444443,LBBB,L,,,,635903,635941,635965,636047,636076,biphasic_negative_positive
109,2478,636195,1767.2083333333333,LBBB,L,,,,636167,636210,636242,636319,636346,biphasic_negative_positive
109,2479,636466,1767.9611111111112,LBBB,L,,,,636440,636486,636511,636594,636624,biphasic_negative_positive
109,2480,636743,1768.7305555555556,LBBB,L,,,,636725,636764,636788,636864,636899,biphasic_negative_positive
109,2481,637007,1769.463888888889,LBBB,L,,,,636990,637047,637051,637128,637158,biphasic_negative_positive
109,2482,637271,1770.1972222222223,LBBB,L,,,,637253,637292,637317,637391,637418,biphasic_negative_positive
109,2483,637530,1770.9166666666667,LBBB,L,,,,637512,637569,637573,637651,637677,biphasic_negative_positive
109,2484,637785,1771.625,LBBB,L,,,,637757,637805,637830,637909,637938,biphasic_negative_positive
109,2485,638057,1772.3805555555555,LBBB,L,,,,638039,638080,638106,638194,638233,biphasic_negative_positive
109,2486,638340,1773.1666666666667,LBBB,L,,,,638322,638362,638387,638473,638510,biphasic_negative_positive
109,2487,638617,1773.9361111111111,LBBB,L,,,,638599,638655,638661,638743,638771,biphasic_negative_positive
109,2488,638885,1774.6805555555557,LBBB,L,,,,638868,638906,638931,639016,639045,biphasic_negative_positive
109,2489,639154,1775.4277777777777,LBBB,L,,,,639138,639174,639198,639279,639309,biphasic_negative_positive
109,2490,639421,1776.1694444444445,LBBB,L,,,,639404,639441,639465,639547,639576,biphasic_negative_positive
109,2491,639687,1776.9083333333333,LBBB,L,,,,639672,639707,639730,639804,639846,biphasic_negative_positive
109,2492,639948,1777.6333333333334,LBBB,L,,,,639933,639967,639991,640071,640094,biphasic_negative_positive
109,2493,640213,1778.3694444444445,LBBB,L,,,,640193,640234,640258,640348,640372,biphasic_negative_positive
109,2494,640494,1779.15,LBBB,L,,,,640476,640539,640544,640624,640659,biphasic_negative_positive
109,2495,640762,1779.8944444444444,LBBB,L,,,,640746,640786,640814,640891,640927,biphasic_negative_positive
109,2496,641017,1780.6027777777779,LBBB,L,,,,640991,641041,641066,641088,641139,inverted
109,2497,641264,1781.2888888888888,LBBB,L,,,,641237,641306,641311,641389,641417,biphasic_negative_positive
109,2498,641503,1781.9527777777778,LBBB,L,,,,641484,641524,641548,641570,641621,inverted
109,2499,641746,1782.6277777777777,LBBB,L,641636,641664,641686,641726,641765,641798,641816,641861,inverted
109,2500,641990,1783.3055555555557,LBBB,L,641909,641926,641959,641971,642014,642031,642057,642106,inverted
109,2501,642229,1783.9694444444444,LBBB,L,642107,642113,642160,642210,642247,642271,642295,642350,inverted
109,2502,642469,1784.6361111111112,LBBB,L,642351,642355,642398,642450,642490,642516,642541,642598,inverted
109,2503,642734,1785.3722222222223,LBBB,L,642606,642608,642660,642714,642757,642784,642810,642870,inverted
109,2504,642990,1786.0833333333333,LBBB,L,642871,642877,642922,642972,643011,643037,643118,643156,biphasic_negative_positive
109,2505,643241,1786.7805555555556,LBBB,L,,,,643225,643260,643285,643306,643361,inverted
109,2506,643483,1787.4527777777778,LBBB,L,,,,643465,643525,643559,643605,643628,normal
109,2507,643719,1788.1083333333333,LBBB,L,,,,643703,643739,643763,643778,643830,inverted
109,2508,643957,1788.7694444444444,LBBB,L,643831,643837,643890,643938,643978,644000,644022,644076,inverted
109,2509,644203,1789.4527777777778,LBBB,L,644077,644085,644135,644185,644225,644250,644327,644358,biphasic_negative_positive
109,2510,644452,1790.1444444444444,LBBB,L,,,,644435,644497,644500,644582,644615,biphasic_negative_positive
109,2511,644699,1790.8305555555555,LBBB,L,,,,644682,644743,644780,644827,644859,normal
109,2512,644961,1791.5583333333334,LBBB,L,,,,644942,644986,645011,645032,645090,inverted
109,2513,645227,1792.2972222222222,LBBB,L,645098,645133,645159,645209,645268,645274,645354,645384,biphasic_negative_positive
109,2514,645481,1793.0027777777777,LBBB,L,,,,645463,645501,645524,645599,645630,biphasic_negative_positive
109,2515,645721,1793.6694444444445,LBBB,L,,,,645702,645759,645763,645838,645869,biphasic_negative_positive
109,2516,645963,1794.3416666666667,LBBB,L,,,,645947,645983,646007,646080,646110,biphasic_negative_positive
109,2517,646205,1795.013888888889,LBBB,L,,,,646188,646227,646252,646326,646359,biphasic_negative_positive
109,2518,646459,1795.7194444444444,LBBB,L,,,,646440,646481,646506,646587,646619,biphasic_negative_positive
109,2519,646717,1796.4361111111111,LBBB,L,,,,646698,646738,646764,646848,646883,biphasic_negative_positive
109,2520,646981,1797.1694444444445,LBBB,L,,,,646962,647003,647027,647108,647145,biphasic_negative_positive
109,2521,647250,1797.9166666666667,LBBB,L,,,,647231,647273,647298,647384,647423,biphasic_negative_positive
109,2522,647527,1798.6861111111111,LBBB,L,,,,647508,647549,647572,647649,647688,biphasic_negative_positive
109,2523,647790,1799.4166666666667,LBBB,L,,,,647772,647811,647832,647904,647938,biphasic_negative_positive
109,2524,648040,1800.111111111111,LBBB,L,647945,647957,647974,648023,648058,648081,648155,648194,biphasic_negative_positive
109,2525,648295,1800.8194444444443,LBBB,L,,,,648280,648315,648337,648413,648444,biphasic_negative_positive
109,2526,648558,1801.55,LBBB,L,,,,648540,648579,648602,648681,648712,biphasic_negative_positive
109,2527,648785,1802.1805555555557,PVC,V,,,,648759,648796,648805,648881,648949,normal
109,2528,649107,1803.075,LBBB,L,649003,649019,649035,649088,649149,649154,649240,649277,biphasic_negative_positive
109,2529,649376,1803.8222222222223,LBBB,L,,,,649357,649397,649424,649507,649540,biphasic_negative_positive
109,2530,649663,1804.6194444444445,LBBB,L,,,,649644,649685,649712,649793,649827,biphasic_negative_positive
