record,beat_number,qrs_sample,qrs_seconds,qrs_annotation,qrs_symbol,p_onset_sample,p_peak_sample,p_offset_sample,qrs_onset_sample,qrs_offset_sample,t_onset_sample,t_peak_sample,t_offset_sample,t_wave_type
112,1,382,1.0611111111111111,NORMAL,N,309,326,347,366,403,424,505,537,biphasic_negative_positive
112,2,645,1.7916666666666667,NORMAL,N,569,585,608,622,665,696,761,797,biphasic_negative_positive
112,3,892,2.477777777777778,NORMAL,N,820,837,858,863,914,931,1013,1047,biphasic_negative_positive
112,4,1149,3.191666666666667,NORMAL,N,1075,1092,1113,1135,1168,1201,1265,1297,biphasic_negative_positive
112,5,1393,3.8694444444444445,NORMAL,N,1316,1339,1360,1365,1416,1430,1513,1548,biphasic_negative_positive
112,6,1648,4.5777777777777775,NORMAL,N,1575,1591,1614,1628,1664,1693,1768,1800,biphasic_negative_positive
112,7,1891,5.252777777777778,NORMAL,N,1818,1836,1856,1870,1908,1947,2017,2046,biphasic_negative_positive
112,8,2147,5.963888888888889,NORMAL,N,2071,2092,2111,2121,2164,2174,2266,2299,biphasic_negative_positive
112,9,2392,6.644444444444445,NORMAL,N,2319,2338,2358,2378,2413,2439,2511,2546,biphasic_negative_positive
112,10,2630,7.305555555555555,NORMAL,N,2557,2577,2598,2612,2653,2698,2752,2793,biphasic_negative_positive
112,11,2880,8.0,NORMAL,N,2805,2826,2845,2854,2903,2942,3001,3031,biphasic_negative_positive
112,12,3128,8.688888888888888,NORMAL,N,3056,3074,3093,3106,3148,3171,3251,3285,biphasic_negative_positive
112,13,3378,9.383333333333333,NORMAL,N,3306,3324,3347,3358,3394,3419,3495,3530,biphasic_negative_positive
112,14,3623,10.063888888888888,NORMAL,N,3549,3566,3587,3598,3638,3674,3745,3787,biphasic_negative_positive
112,15,3871,10.752777777777778,NORMAL,N,3798,3816,3839,3850,3887,3905,3995,4030,biphasic_negative_positive
112,16,4119,11.441666666666666,NORMAL,N,4046,4063,4086,4102,4139,4156,4238,4276,biphasic_negative_positive
112,17,4369,12.136111111111111,NORMAL,N,4294,4312,4335,4343,4390,4417,4490,4530,biphasic_negative_positive
112,18,4624,12.844444444444445,NORMAL,N,4550,4567,4591,4607,4647,4671,4744,4776,biphasic_negative_positive
112,19,4871,13.530555555555555,NORMAL,N,4799,4816,4835,4848,4890,4911,4988,5027,biphasic_negative_positive
112,20,5120,14.222222222222221,NORMAL,N,5046,5065,5088,5100,5141,5163,5236,5257,biphasic_negative_positive
112,21,5361,14.891666666666667,NORMAL,N,5290,5308,5326,5340,5384,5416,5447,5484,inverted
112,22,5618,15.605555555555556,NORMAL,N,5543,5561,5584,5592,5632,5659,5737,5780,biphasic_negative_positive
112,23,5866,16.294444444444444,NORMAL,N,5791,5809,5831,5844,5884,5909,5987,6022,biphasic_negative_positive
112,24,6109,16.969444444444445,NORMAL,N,6038,6054,6076,6085,6126,6157,6228,6270,biphasic_negative_positive
112,25,6361,17.669444444444444,NORMAL,N,6283,6303,6326,6345,6381,6412,6482,6516,biphasic_negative_positive
112,26,6610,18.36111111111111,NORMAL,N,6537,6554,6574,6589,6631,6652,6730,6761,biphasic_negative_positive
112,27,6863,19.06388888888889,NORMAL,N,6789,6806,6827,6839,6882,6913,6982,7007,biphasic_negative_positive
112,28,7117,19.769444444444446,NORMAL,N,7041,7059,7081,7093,7141,7168,7239,7272,biphasic_negative_positive
112,29,7378,20.494444444444444,NORMAL,N,7303,7321,7342,7364,7398,7421,7496,7526,biphasic_negative_positive
112,30,7633,21.20277777777778,NORMAL,N,7560,7577,7598,7609,7655,7665,7752,7786,biphasic_negative_positive
112,31,7887,21.908333333333335,NORMAL,N,7813,7831,7851,7861,7909,7924,8010,8047,biphasic_negative_positive
112,32,8150,22.63888888888889,NORMAL,N,8073,8093,8113,8135,8173,8201,8272,8305,biphasic_negative_positive
112,33,8405,23.34722222222222,NORMAL,N,8329,8346,8370,8379,8426,8464,8526,8564,biphasic_negative_positive
112,34,8658,24.05,NORMAL,N,8585,8602,8624,8641,8680,8696,8775,8797,biphasic_negative_positive
112,35,8908,24.744444444444444,NORMAL,N,8833,8850,8873,8882,8931,8960,9032,9059,biphasic_negative_positive
112,36,9168,25.466666666666665,NORMAL,N,9094,9111,9133,9146,9189,9220,9288,9325,biphasic_negative_positive
112,37,9424,26.177777777777777,NORMAL,N,9349,9366,9389,9398,9445,9473,9543,9585,biphasic_negative_positive
112,38,9678,26.883333333333333,NORMAL,N,9606,9620,9640,9660,9701,9721,9800,9826,biphasic_negative_positive
112,39,9940,27.61111111111111,NORMAL,N,9865,9882,9905,9915,9963,9981,10062,10085,biphasic_negative_positive
112,40,10195,28.319444444444443,NORMAL,N,10120,10138,10159,10167,10211,10240,10315,10335,biphasic_negative_positive
112,41,10446,29.016666666666666,NORMAL,N,10371,10387,10410,10429,10460,10490,10565,10597,biphasic_negative_positive
112,42,10702,29.727777777777778,NORMAL,N,10625,10643,10665,10683,10724,10743,10827,10862,biphasic_negative_positive
112,43,10963,30.45277777777778,NORMAL,N,10888,10905,10927,10936,10983,11006,11082,11110,biphasic_negative_positive
112,44,11220,31.166666666666668,NORMAL,N,11145,11164,11185,11201,11241,11274,11337,11357,biphasic_negative_positive
112,45,11465,31.84722222222222,NORMAL,N,11390,11410,11433,11439,11487,11514,11591,11620,biphasic_negative_positive
112,46,11732,32.58888888888889,NORMAL,N,11655,11674,11695,11715,11756,11779,11815,11849,inverted
112,47,11978,33.272222222222226,NORMAL,N,11905,11922,11943,11956,11993,12020,12102,12129,biphasic_negative_positive
112,48,12233,33.980555555555554,NORMAL,N,12158,12177,12197,12208,12248,12274,12356,12385,biphasic_negative_positive
112,49,12491,34.69722222222222,NORMAL,N,12412,12430,12455,12471,12506,12533,12615,12658,biphasic_negative_positive
112,50,12745,35.40277777777778,NORMAL,N,12673,12691,12713,12724,12766,12787,12865,12893,biphasic_negative_positive
112,51,12999,36.108333333333334,NORMAL,N,12925,12941,12963,12976,13017,13040,13116,13154,biphasic_negative_positive
112,52,13249,36.80277777777778,NORMAL,N,13176,13194,13215,13229,13270,13293,13374,13397,biphasic_negative_positive
112,53,13512,37.53333333333333,NORMAL,N,13436,13454,13478,13494,13533,13564,13631,13649,biphasic_negative_positive
112,54,13763,38.230555555555554,NORMAL,N,13687,13705,13730,13734,13785,13810,13882,13913,biphasic_negative_positive
112,55,14013,38.925,NORMAL,N,13939,13957,13977,13985,14034,14058,14127,14160,biphasic_negative_positive
112,56,14258,39.605555555555554,NORMAL,N,14184,14202,14223,14237,14280,14308,14379,14411,biphasic_negative_positive
112,57,14506,40.294444444444444,NORMAL,N,14436,14452,14473,14477,14529,14562,14624,14656,biphasic_negative_positive
112,58,14757,40.99166666666667,NORMAL,N,14684,14701,14723,14739,14776,14791,14877,14917,biphasic_negative_positive
112,59,15000,41.666666666666664,NORMAL,N,14929,14947,14967,14982,15022,15047,15127,15159,biphasic_negative_positive
112,60,15261,42.391666666666666,NORMAL,N,15184,15202,15223,15245,15276,15306,15379,15424,biphasic_negative_positive
112,61,15509,43.080555555555556,NORMAL,N,15436,15454,15475,15486,15525,15558,15629,15664,biphasic_negative_positive
112,62,15759,43.775,NORMAL,N,15686,15703,15725,15739,15780,15801,15877,15918,biphasic_negative_positive
112,63,16014,44.483333333333334,NORMAL,N,15936,15956,15977,15991,16036,16063,16137,16177,biphasic_negative_positive
112,64,16269,45.19166666666667,NORMAL,N,16198,16216,16237,16254,16292,16329,16390,16418,biphasic_negative_positive
112,65,16528,45.91111111111111,NORMAL,N,16450,16470,16491,16507,16549,16592,16648,16684,biphasic_negative_positive
112,66,16779,46.608333333333334,NORMAL,N,16708,16723,16746,16759,16796,16824,16900,16948,biphasic_negative_positive
112,67,17034,47.31666666666667,NORMAL,N,16958,16975,16997,17011,17050,17075,17154,17179,biphasic_negative_positive
112,68,17282,48.00555555555555,NORMAL,N,17209,17227,17249,17262,17304,17327,17401,17432,biphasic_negative_positive
112,69,17535,48.708333333333336,NORMAL,N,17462,17478,17502,17515,17554,17580,17655,17697,biphasic_negative_positive
112,70,17790,49.416666666666664,NORMAL,N,17715,17733,17757,17768,17811,17852,17914,17945,biphasic_negative_positive
112,71,18049,50.13611111111111,NORMAL,N,17976,17994,18015,18031,18070,18093,18162,18201,biphasic_negative_positive
112,72,18296,50.82222222222222,NORMAL,N,18224,18243,18264,18273,18318,18343,18415,18447,biphasic_negative_positive
112,73,18546,51.516666666666666,NORMAL,N,18475,18494,18513,18524,18568,18598,18666,18698,biphasic_negative_positive
112,74,18801,52.225,NORMAL,N,18724,18746,18765,18776,18821,18851,18922,18966,biphasic_negative_positive
112,75,19050,52.916666666666664,NORMAL,N,18980,18998,19017,19030,19067,19092,19172,19194,biphasic_negative_positive
112,76,19305,53.625,NORMAL,N,19231,19249,19270,19290,19321,19353,19422,19460,biphasic_negative_positive
112,77,19552,54.31111111111111,NORMAL,N,19480,19498,19519,19533,19573,19585,19674,19702,biphasic_negative_positive
112,78,19807,55.019444444444446,NORMAL,N,19735,19753,19773,19785,19825,19849,19924,19963,biphasic_negative_positive
112,79,20057,55.71388888888889,NORMAL,N,19985,20005,20024,20039,20078,20101,20176,20210,biphasic_negative_positive
112,80,20314,56.42777777777778,NORMAL,N,20241,20259,20280,20298,20333,20351,20435,20477,biphasic_negative_positive
112,81,20575,57.15277777777778,NORMAL,N,20503,20520,20541,20553,20597,20629,20696,20731,biphasic_negative_positive
112,82,20833,57.86944444444445,NORMAL,N,20761,20779,20800,20806,20853,20867,20952,20983,biphasic_negative_positive
112,83,21088,58.577777777777776,NORMAL,N,21015,21036,21055,21070,21110,21120,21208,21247,biphasic_negative_positive
112,84,21345,59.291666666666664,NORMAL,N,21270,21290,21309,21323,21361,21375,21468,21512,biphasic_negative_positive
112,85,21602,60.00555555555555,NORMAL,N,21530,21551,21572,21586,21618,21639,21722,21762,biphasic_negative_positive
112,86,21858,60.71666666666667,NORMAL,N,21784,21802,21825,21840,21878,21899,21976,22015,biphasic_negative_positive
112,87,22109,61.41388888888889,NORMAL,N,22038,22059,22078,22090,22130,22140,22228,22267,biphasic_negative_positive
112,88,22367,62.13055555555555,NORMAL,N,22293,22313,22332,22352,22386,22408,22481,22519,biphasic_negative_positive
112,89,22611,62.80833333333333,NORMAL,N,22542,22560,22578,22592,22635,22656,22729,22764,biphasic_negative_positive
112,90,22865,63.513888888888886,NORMAL,N,22796,22811,22835,22849,22888,22933,22987,23023,biphasic_negative_positive
112,91,23116,64.21111111111111,NORMAL,N,23043,23064,23083,23089,23137,23184,23245,23271,biphasic_negative_positive
112,92,23373,64.925,NORMAL,N,23302,23319,23340,23350,23391,23429,23493,23507,biphasic_negative_positive
112,93,23621,65.6138888888889,NORMAL,N,23546,23568,23593,23601,23637,23673,23743,23756,biphasic_negative_positive
112,94,23868,66.3,NORMAL,N,23796,23820,23834,23844,23885,23922,23988,23999,biphasic_negative_positive
112,95,24125,67.01388888888889,NORMAL,N,24053,24070,24087,24096,24146,24173,24241,24251,biphasic_negative_positive
112,96,24371,67.69722222222222,NORMAL,N,24299,24314,24338,24349,24390,24421,24491,24512,biphasic_negative_positive
112,97,24627,68.40833333333333,NORMAL,N,24562,24573,24593,24598,24650,24692,24741,24777,biphasic_negative_positive
112,98,24872,69.08888888888889,NORMAL,N,24807,24822,24842,24846,24893,24924,24998,25029,biphasic_negative_positive
112,99,25124,69.78888888888889,NORMAL,N,25051,25070,25095,25097,25147,25168,25247,25263,biphasic_negative_positive
112,100,25373,70.48055555555555,NORMAL,N,25303,25322,25338,25345,25393,25438,25494,25526,biphasic_negative_positive
112,101,25626,71.18333333333334,NORMAL,N,25559,25576,25593,25597,25648,25683,25745,25763,biphasic_negative_positive
112,102,25879,71.8861111111111,NORMAL,N,25806,25824,25842,25853,25901,25924,26000,26026,biphasic_negative_positive
112,103,26125,72.56944444444444,NORMAL,N,26051,26071,26097,26100,26148,26174,26248,26269,biphasic_negative_positive
112,104,26371,73.25277777777778,NORMAL,N,26306,26318,26336,26353,26393,26440,26504,26520,biphasic_negative_positive
112,105,26618,73.93888888888888,NORMAL,N,26555,26566,26584,26597,26636,26680,26742,26770,biphasic_negative_positive
112,106,26868,74.63333333333334,NORMAL,N,26795,26815,26837,26844,26889,26903,26988,27002,biphasic_negative_positive
112,107,27115,75.31944444444444,NORMAL,N,27043,27062,27079,27089,27139,27179,27236,27249,biphasic_negative_positive
112,108,27362,76.00555555555556,NORMAL,N,27291,27312,27326,27345,27380,27409,27476,27514,biphasic_negative_positive
112,109,27610,76.69444444444444,NORMAL,N,27532,27556,27581,27585,27633,27657,27734,27752,biphasic_negative_positive
112,110,27858,77.38333333333334,NORMAL,N,27786,27804,27825,27829,27877,27902,27937,27976,inverted
112,111,28107,78.075,NORMAL,N,28034,28057,28078,28083,28127,28160,28230,28248,biphasic_negative_positive
112,112,28354,78.7611111111111,NORMAL,N,28283,28301,28321,28333,28375,28397,28442,28474,inverted
112,113,28609,79.46944444444445,NORMAL,N,28538,28558,28580,28595,28626,28661,28731,28753,biphasic_negative_positive
112,114,28858,80.16111111111111,NORMAL,N,28786,28805,28824,28838,28877,28903,28945,28977,inverted
112,115,29109,80.85833333333333,NORMAL,N,29038,29056,29076,29091,29129,29163,29229,29258,biphasic_negative_positive
112,116,29360,81.55555555555556,NORMAL,N,29285,29306,29326,29341,29383,29407,29484,29498,biphasic_negative_positive
112,117,29610,82.25,NORMAL,N,29539,29556,29574,29592,29632,29649,29735,29751,biphasic_negative_positive
112,118,29866,82.96111111111111,NORMAL,N,29794,29813,29833,29847,29888,29913,29947,29984,inverted
112,119,30110,83.63888888888889,NORMAL,N,30039,30056,30076,30088,30128,30150,30233,30259,biphasic_negative_positive
112,120,30361,84.33611111111111,NORMAL,N,30291,30307,30327,30341,30376,30404,30483,30526,biphasic_negative_positive
112,121,30608,85.02222222222223,NORMAL,N,30536,30555,30575,30581,30622,30648,30728,30763,biphasic_negative_positive
112,122,30857,85.71388888888889,NORMAL,N,30784,30802,30823,30831,30872,30898,30976,31014,biphasic_negative_positive
112,123,31106,86.40555555555555,NORMAL,N,31033,31051,31074,31083,31126,31151,31226,31262,biphasic_negative_positive
112,124,31355,87.09722222222223,NORMAL,N,31285,31304,31323,31336,31378,31412,31471,31498,biphasic_negative_positive
112,125,31599,87.775,NORMAL,N,31526,31547,31568,31580,31619,31653,31720,31753,biphasic_negative_positive
112,126,31848,88.46666666666667,NORMAL,N,31773,31795,31815,31829,31869,31886,31970,31994,biphasic_negative_positive
112,127,32096,89.15555555555555,NORMAL,N,32023,32041,32059,32080,32114,32142,32216,32249,biphasic_negative_positive
112,128,32345,89.84722222222223,NORMAL,N,32274,32291,32311,32322,32361,32392,32469,32500,biphasic_negative_positive
112,129,32594,90.53888888888889,NORMAL,N,32523,32543,32560,32574,32612,32637,32709,32747,biphasic_negative_positive
112,130,32838,91.21666666666667,NORMAL,N,32764,32782,32803,32813,32854,32894,32960,32989,biphasic_negative_positive
112,131,33083,91.89722222222223,NORMAL,N,33014,33032,33051,33065,33103,33121,33203,33234,biphasic_negative_positive
112,132,33334,92.59444444444445,NORMAL,N,33263,33279,33299,33306,33353,33371,33452,33494,biphasic_negative_positive
112,133,33581,93.28055555555555,NORMAL,N,33507,33529,33549,33558,33602,33625,33702,33736,biphasic_negative_positive
112,134,33831,93.975,NORMAL,N,33768,33778,33796,33809,33853,33873,33952,33972,biphasic_negative_positive
112,135,34080,94.66666666666667,NORMAL,N,34006,34021,34046,34061,34102,34147,34203,34232,biphasic_negative_positive
112,136,34323,95.34166666666667,NORMAL,N,34252,34271,34293,34301,34340,34365,34441,34477,biphasic_negative_positive
112,137,34566,96.01666666666667,NORMAL,N,34493,34512,34531,34542,34582,34605,34690,34712,biphasic_negative_positive
112,138,34817,96.71388888888889,NORMAL,N,34744,34763,34784,34803,34832,34870,34936,34967,biphasic_negative_positive
112,139,35060,97.38888888888889,NORMAL,N,34992,35008,35028,35045,35077,35107,35183,35209,biphasic_negative_positive
112,140,35303,98.06388888888888,NORMAL,N,35235,35253,35272,35285,35319,35348,35417,35455,biphasic_negative_positive
112,141,35547,98.74166666666666,NORMAL,N,35472,35492,35511,35526,35565,35599,35665,35706,biphasic_negative_positive
112,142,35789,99.41388888888889,NORMAL,N,35720,35738,35760,35774,35808,35841,35909,35933,biphasic_negative_positive
112,143,36035,100.09722222222223,NORMAL,N,35963,35983,36001,36019,36056,36085,36155,36185,biphasic_negative_positive
112,144,36283,100.78611111111111,NORMAL,N,36211,36229,36249,36258,36302,36321,36401,36434,biphasic_negative_positive
112,145,36535,101.48611111111111,NORMAL,N,36463,36483,36503,36512,36556,36574,36651,36680,biphasic_negative_positive
112,146,36784,102.17777777777778,NORMAL,N,36714,36731,36751,36763,36804,36828,36900,36936,biphasic_negative_positive
112,147,37031,102.8638888888889,NORMAL,N,36960,36980,37000,37011,37054,37072,37149,37182,biphasic_negative_positive
112,148,37281,103.55833333333334,NORMAL,N,37205,37226,37244,37257,37305,37334,37402,37421,biphasic_negative_positive
112,149,37534,104.2611111111111,NORMAL,N,37459,37479,37501,37519,37549,37588,37656,37681,biphasic_negative_positive
112,150,37785,104.95833333333333,NORMAL,N,37710,37728,37751,37769,37802,37823,37903,37928,biphasic_negative_positive
112,151,38031,105.64166666666667,NORMAL,N,37960,37975,37997,38013,38051,38090,38152,38185,biphasic_negative_positive
112,152,38284,106.34444444444445,NORMAL,N,38213,38230,38251,38264,38305,38327,38402,38439,biphasic_negative_positive
112,153,38538,107.05,NORMAL,N,38466,38482,38500,38517,38557,38579,38654,38692,biphasic_negative_positive
112,154,38786,107.7388888888889,NORMAL,N,38715,38734,38755,38759,38807,38825,38905,38945,biphasic_negative_positive
112,155,39042,108.45,NORMAL,N,38967,38986,39008,39021,39064,39096,39162,39200,biphasic_negative_positive
112,156,39295,109.15277777777777,NORMAL,N,39223,39241,39263,39273,39316,39339,39418,39434,biphasic_negative_positive
112,157,39547,109.85277777777777,NORMAL,N,39474,39495,39515,39524,39568,39597,39630,39663,inverted
112,158,39793,110.53611111111111,NORMAL,N,39722,39738,39760,39776,39812,39849,39919,39942,biphasic_negative_positive
112,159,40051,111.25277777777778,NORMAL,N,39977,39996,40019,40036,40070,40112,40169,40185,biphasic_negative_positive
112,160,40302,111.95,NORMAL,N,40229,40244,40265,40281,40320,40356,40423,40451,biphasic_negative_positive
112,161,40552,112.64444444444445,NORMAL,N,40482,40500,40521,40535,40573,40589,40667,40693,biphasic_negative_positive
112,162,40804,113.34444444444445,NORMAL,N,40727,40747,40769,40786,40824,40840,40926,40960,biphasic_negative_positive
112,163,41058,114.05,NORMAL,N,40985,41003,41025,41038,41078,41093,41177,41206,biphasic_negative_positive
112,164,41310,114.75,NORMAL,N,41237,41254,41274,41292,41331,41342,41426,41457,biphasic_negative_positive
112,165,41556,115.43333333333334,NORMAL,N,41481,41502,41522,41541,41580,41608,41678,41695,biphasic_negative_positive
112,166,41817,116.15833333333333,NORMAL,N,41742,41762,41784,41794,41839,41872,41937,41962,biphasic_negative_positive
112,167,42064,116.84444444444445,NORMAL,N,41990,42010,42030,42048,42080,42109,42185,42223,biphasic_negative_positive
112,168,42314,117.53888888888889,NORMAL,N,42241,42260,42280,42287,42329,42348,42434,42476,biphasic_negative_positive
112,169,42570,118.25,NORMAL,N,42492,42510,42533,42539,42590,42616,42692,42729,biphasic_negative_positive
112,170,42822,118.95,NORMAL,N,42750,42768,42791,42803,42844,42854,42942,42982,biphasic_negative_positive
112,171,43075,119.65277777777777,NORMAL,N,43002,43018,43041,43056,43095,43122,43191,43231,biphasic_negative_positive
112,172,43319,120.33055555555555,NORMAL,N,43245,43262,43287,43296,43339,43372,43439,43462,biphasic_negative_positive
112,173,43573,121.03611111111111,NORMAL,N,43497,43519,43540,43547,43595,43625,43690,43723,biphasic_negative_positive
112,174,43817,121.71388888888889,NORMAL,N,43746,43763,43783,43789,43839,43875,43939,43965,biphasic_negative_positive
112,175,44069,122.41388888888889,NORMAL,N,43995,44015,44037,44052,44091,44100,44190,44230,biphasic_negative_positive
112,176,44317,123.10277777777777,NORMAL,N,44244,44260,44281,44293,44333,44365,44441,44475,biphasic_negative_positive
112,177,44564,123.78888888888889,NORMAL,N,44494,44512,44531,44544,44579,44611,44684,44720,biphasic_negative_positive
112,178,44813,124.48055555555555,NORMAL,N,44742,44760,44781,44785,44828,44863,44930,44951,biphasic_negative_positive
112,179,45058,125.16111111111111,NORMAL,N,44985,45003,45024,45037,45078,45098,45183,45205,biphasic_negative_positive
112,180,45317,125.88055555555556,NORMAL,N,45242,45261,45284,45298,45341,45367,45436,45456,biphasic_negative_positive
112,181,45568,126.57777777777778,NORMAL,N,45495,45511,45533,45541,45587,45610,45686,45721,biphasic_negative_positive
112,182,45817,127.26944444444445,NORMAL,N,45747,45765,45787,45794,45838,45868,45932,45961,biphasic_negative_positive
112,183,46066,127.96111111111111,NORMAL,N,45992,46010,46031,46047,46088,46132,46190,46218,biphasic_negative_positive
112,184,46321,128.66944444444445,NORMAL,N,46248,46267,46287,46305,46339,46366,46441,46464,biphasic_negative_positive
112,185,46571,129.36388888888888,NORMAL,N,46498,46515,46537,46550,46591,46606,46691,46713,biphasic_negative_positive
112,186,46823,130.0638888888889,NORMAL,N,46749,46765,46790,46802,46844,46879,46946,46973,biphasic_negative_positive
112,187,47085,130.79166666666666,NORMAL,N,47007,47026,47049,47065,47107,47140,47204,47235,biphasic_negative_positive
112,188,47338,131.49444444444444,NORMAL,N,47263,47279,47304,47318,47358,47393,47455,47488,biphasic_negative_positive
112,189,47590,132.19444444444446,NORMAL,N,47517,47535,47556,47569,47612,47642,47708,47733,biphasic_negative_positive
112,190,47849,132.9138888888889,NORMAL,N,47772,47789,47811,47821,47872,47896,47971,47985,biphasic_negative_positive
112,191,48109,133.63611111111112,NORMAL,N,48035,48053,48074,48086,48129,48151,48228,48247,biphasic_negative_positive
112,192,48363,134.34166666666667,NORMAL,N,48288,48305,48326,48349,48380,48410,48481,48502,biphasic_negative_positive
112,193,48611,135.03055555555557,NORMAL,N,48538,48555,48578,48591,48631,48664,48732,48750,biphasic_negative_positive
112,194,48871,135.75277777777777,NORMAL,N,48794,48811,48835,48854,48887,48914,48987,49023,biphasic_negative_positive
112,195,49122,136.45,NORMAL,N,49050,49066,49089,49107,49145,49173,49241,49273,biphasic_negative_positive
112,196,49377,137.15833333333333,NORMAL,N,49301,49319,49342,49359,49398,49424,49496,49526,biphasic_negative_positive
112,197,49639,137.88611111111112,NORMAL,N,49562,49580,49601,49622,49663,49673,49761,49778,biphasic_negative_positive
112,198,49896,138.6,NORMAL,N,49824,49838,49860,49877,49913,49951,50015,50042,biphasic_negative_positive
112,199,50146,139.29444444444445,NORMAL,N,50071,50091,50113,50128,50168,50190,50265,50282,biphasic_negative_positive
112,200,50399,139.99722222222223,NORMAL,N,50326,50340,50362,50368,50420,50452,50524,50559,biphasic_negative_positive
112,201,50665,140.73611111111111,NORMAL,N,50589,50605,50629,50645,50685,50710,50783,50801,biphasic_negative_positive
112,202,50920,141.44444444444446,NORMAL,N,50846,50861,50883,50894,50939,50973,51042,51068,biphasic_negative_positive
112,203,51178,142.1611111111111,NORMAL,N,51110,51124,51147,51160,51200,51237,51295,51340,biphasic_negative_positive
112,204,51437,142.88055555555556,NORMAL,N,51361,51378,51400,51422,51459,51491,51560,51580,biphasic_negative_positive
112,205,51694,143.59444444444443,NORMAL,N,51625,51640,51657,51676,51717,51752,51814,51856,biphasic_negative_positive
112,206,51949,144.30277777777778,NORMAL,N,51875,51891,51913,51918,51969,52000,52074,52106,biphasic_negative_positive
112,207,52207,145.01944444444445,NORMAL,N,52130,52149,52169,52181,52223,52246,52290,52327,inverted
112,208,52468,145.74444444444444,NORMAL,N,52393,52411,52432,52445,52485,52531,52589,52624,biphasic_negative_positive
112,209,52722,146.45,NORMAL,N,52649,52666,52686,52706,52744,52784,52841,52863,biphasic_negative_positive
112,210,52978,147.1611111111111,NORMAL,N,52902,52923,52942,52949,53001,53025,53099,53135,biphasic_negative_positive
112,211,53237,147.88055555555556,NORMAL,N,53160,53180,53204,53213,53261,53294,53362,53381,biphasic_negative_positive
112,212,53494,148.59444444444443,NORMAL,N,53419,53438,53460,53479,53516,53556,53615,53645,biphasic_negative_positive
112,213,53747,149.29722222222222,NORMAL,N,53670,53691,53711,53718,53769,53801,53869,53888,biphasic_negative_positive
112,214,53990,149.97222222222223,NORMAL,N,53919,53933,53955,53971,54012,54054,54076,54111,inverted
112,215,54243,150.675,NORMAL,N,54168,54183,54211,54223,54260,54277,54362,54376,biphasic_negative_positive
112,216,54488,151.35555555555555,NORMAL,N,54415,54432,54453,54462,54505,54530,54608,54640,biphasic_negative_positive
112,217,54737,152.04722222222222,NORMAL,N,54662,54681,54704,54714,54754,54781,54861,54878,biphasic_negative_positive
112,218,54993,152.75833333333333,NORMAL,N,54916,54936,54958,54966,55008,55049,55114,55157,biphasic_negative_positive
112,219,55243,153.45277777777778,NORMAL,N,55170,55188,55209,55219,55263,55293,55364,55395,biphasic_negative_positive
112,220,55491,154.14166666666668,NORMAL,N,55417,55438,55457,55471,55512,55544,55613,55633,biphasic_negative_positive
112,221,55742,154.8388888888889,NORMAL,N,55667,55685,55707,55724,55757,55786,55866,55901,biphasic_negative_positive
112,222,55995,155.54166666666666,NORMAL,N,55923,55940,55962,55975,56013,56044,56115,56140,biphasic_negative_positive
112,223,56244,156.23333333333332,NORMAL,N,56168,56187,56206,56227,56267,56291,56365,56411,biphasic_negative_positive
112,224,56497,156.9361111111111,NORMAL,N,56421,56442,56464,56480,56519,56541,56614,56645,biphasic_negative_positive
112,225,56747,157.63055555555556,NORMAL,N,56672,56689,56710,56719,56772,56805,56868,56905,biphasic_negative_positive
112,226,57000,158.33333333333334,NORMAL,N,56925,56945,56966,56972,57022,57053,57118,57146,biphasic_negative_positive
112,227,57252,159.03333333333333,NORMAL,N,57176,57197,57219,57225,57275,57289,57371,57415,biphasic_negative_positive
112,228,57504,159.73333333333332,NORMAL,N,57427,57449,57469,57476,57525,57550,57625,57660,biphasic_negative_positive
112,229,57762,160.45,NORMAL,N,57685,57706,57728,57741,57781,57794,57880,57915,biphasic_negative_positive
112,230,58010,161.13888888888889,NORMAL,N,57937,57955,57975,57994,58031,58055,58130,58170,biphasic_negative_positive
112,231,58263,161.84166666666667,NORMAL,N,58188,58206,58231,58244,58285,58298,58380,58421,biphasic_negative_positive
112,232,58517,162.54722222222222,NORMAL,N,58441,58458,58480,58497,58538,58565,58639,58674,biphasic_negative_positive
112,233,58768,163.24444444444444,NORMAL,N,58698,58715,58737,58752,58790,58816,58887,58921,biphasic_negative_positive
112,234,59023,163.95277777777778,NORMAL,N,58949,58967,58988,59001,59045,59075,59140,59170,biphasic_negative_positive
112,235,59272,164.64444444444445,NORMAL,N,59200,59219,59239,59253,59293,59315,59392,59432,biphasic_negative_positive
112,236,59528,165.35555555555555,NORMAL,N,59455,59474,59493,59508,59549,59567,59643,59683,biphasic_negative_positive
112,237,59779,166.05277777777778,NORMAL,N,59706,59723,59745,59757,59800,59820,59896,59935,biphasic_negative_positive
112,238,60031,166.75277777777777,NORMAL,N,59959,59977,59997,60010,60052,60072,60149,60185,biphasic_negative_positive
112,239,60284,167.45555555555555,NORMAL,N,60207,60229,60250,60263,60304,60327,60403,60438,biphasic_negative_positive
112,240,60537,168.15833333333333,NORMAL,N,60464,60484,60503,60514,60558,60601,60656,60689,biphasic_negative_positive
112,241,60787,168.8527777777778,NORMAL,N,60716,60732,60753,60766,60806,60816,60905,60946,biphasic_negative_positive
112,242,61034,169.5388888888889,NORMAL,N,60961,60978,61000,61017,61056,61068,61157,61197,biphasic_negative_positive
112,243,61290,170.25,NORMAL,N,61215,61235,61255,61271,61313,61345,61406,61445,biphasic_negative_positive
112,244,61538,170.9388888888889,NORMAL,N,61463,61481,61503,61511,61559,61586,61658,61691,biphasic_negative_positive
112,245,61789,171.63611111111112,NORMAL,N,61716,61735,61759,61770,61810,61827,61901,61929,biphasic_negative_positive
112,246,62035,172.31944444444446,NORMAL,N,61960,61978,62000,62014,62055,62091,62155,62199,biphasic_negative_positive
112,247,62286,173.01666666666668,NORMAL,N,62212,62229,62253,62267,62308,62330,62404,62450,biphasic_negative_positive
112,248,62540,173.72222222222223,NORMAL,N,62466,62481,62502,62519,62560,62585,62656,62697,biphasic_negative_positive
112,249,62791,174.41944444444445,NORMAL,N,62717,62736,62756,62760,62813,62834,62910,62952,biphasic_negative_positive
112,250,63048,175.13333333333333,NORMAL,N,62971,62990,63009,63024,63070,63094,63166,63192,biphasic_negative_positive
112,251,63297,175.825,NORMAL,N,63222,63241,63263,63277,63317,63349,63419,63455,biphasic_negative_positive
112,252,63551,176.53055555555557,NORMAL,N,63477,63494,63516,63528,63572,63601,63671,63717,biphasic_negative_positive
112,253,63807,177.24166666666667,NORMAL,N,63729,63747,63770,63781,63831,63855,63931,63969,biphasic_negative_positive
112,254,64071,177.975,NORMAL,N,63995,64014,64033,64044,64093,64107,64190,64216,biphasic_negative_positive
112,255,64329,178.69166666666666,NORMAL,N,64255,64272,64293,64308,64351,64373,64450,64479,biphasic_negative_positive
112,256,64584,179.4,NORMAL,N,64510,64528,64547,64562,64604,64629,64702,64730,biphasic_negative_positive
112,257,64842,180.11666666666667,NORMAL,N,64765,64785,64804,64824,64864,64888,64964,65000,biphasic_negative_positive
112,258,65100,180.83333333333334,NORMAL,N,65027,65043,65064,65077,65118,65139,65222,65245,biphasic_negative_positive
112,259,65354,181.5388888888889,NORMAL,N,65277,65297,65318,65329,65370,65402,65477,65492,biphasic_negative_positive
112,260,65612,182.25555555555556,NORMAL,N,65534,65552,65575,65594,65631,65656,65735,65759,biphasic_negative_positive
112,261,65870,182.97222222222223,NORMAL,N,65796,65813,65834,65846,65891,65917,65989,66022,biphasic_negative_positive
112,262,66126,183.68333333333334,NORMAL,N,66057,66068,66088,66110,66148,66194,66207,66243,inverted
112,263,66380,184.38888888888889,NORMAL,N,66308,66322,66344,66360,66402,66424,66468,66502,inverted
112,264,66645,185.125,NORMAL,N,66572,66586,66609,66626,66662,66690,66767,66791,biphasic_negative_positive
112,265,66902,185.8388888888889,NORMAL,N,66827,66844,66866,66887,66919,66961,67027,67044,biphasic_negative_positive
112,266,67160,186.55555555555554,NORMAL,N,67089,67101,67124,67142,67179,67194,67279,67303,biphasic_negative_positive
112,267,67421,187.28055555555557,NORMAL,N,67344,67362,67386,67394,67444,67455,67542,67580,biphasic_negative_positive
112,268,67679,187.99722222222223,NORMAL,N,67607,67620,67641,67658,67700,67723,67804,67835,biphasic_negative_positive
112,269,67942,188.7277777777778,NORMAL,N,67867,67885,67906,67923,67963,67997,68064,68077,biphasic_negative_positive
112,270,68201,189.44722222222222,NORMAL,N,68125,68142,68165,68175,68217,68249,68331,68351,biphasic_negative_positive
112,271,68465,190.18055555555554,NORMAL,N,68391,68408,68429,68439,68481,68508,68586,68631,biphasic_negative_positive
112,272,68723,190.8972222222222,NORMAL,N,68648,68666,68687,68704,68742,68765,68846,68878,biphasic_negative_positive
112,273,68981,191.61388888888888,NORMAL,N,68909,68923,68945,68956,69000,69027,69105,69147,biphasic_negative_positive
112,274,69248,192.35555555555555,NORMAL,N,69172,69191,69213,69220,69271,69296,69371,69419,biphasic_negative_positive
112,275,69511,193.0861111111111,NORMAL,N,69435,69451,69474,69484,69530,69560,69633,69669,biphasic_negative_positive
112,276,69771,193.80833333333334,NORMAL,N,69698,69717,69737,69748,69791,69812,69887,69914,biphasic_negative_positive
112,277,70027,194.51944444444445,NORMAL,N,69951,69967,69990,70000,70048,70077,70147,70179,biphasic_negative_positive
112,278,70284,195.23333333333332,NORMAL,N,70212,70227,70249,70262,70306,70328,70402,70431,biphasic_negative_positive
112,279,70538,195.9388888888889,NORMAL,N,70465,70482,70503,70515,70558,70591,70660,70699,biphasic_negative_positive
112,280,70795,196.65277777777777,NORMAL,N,70721,70737,70757,70780,70818,70841,70915,70956,biphasic_negative_positive
112,281,71055,197.375,NORMAL,N,70979,70996,71019,71032,71074,71097,71174,71196,biphasic_negative_positive
112,282,71309,198.08055555555555,NORMAL,N,71235,71252,71272,71285,71334,71338,71426,71462,biphasic_negative_positive
112,283,71555,198.76388888888889,NORMAL,N,71483,71500,71520,71526,71577,71622,71676,71707,biphasic_negative_positive
112,284,71818,199.49444444444444,NORMAL,N,71740,71760,71782,71789,71841,71861,71942,71970,biphasic_negative_positive
112,285,72069,200.19166666666666,NORMAL,N,71995,72012,72031,72042,72086,72112,72191,72231,biphasic_negative_positive
112,286,72326,200.90555555555557,NORMAL,N,72250,72268,72292,72305,72346,72370,72442,72483,biphasic_negative_positive
112,287,72576,201.6,NORMAL,N,72498,72516,72538,72556,72597,72643,72701,72736,biphasic_negative_positive
112,288,72835,202.31944444444446,NORMAL,N,72760,72778,72800,72809,72857,72873,72952,72989,biphasic_negative_positive
112,289,73090,203.02777777777777,NORMAL,N,73015,73032,73052,73062,73110,73138,73210,73248,biphasic_negative_positive
112,290,73342,203.7277777777778,NORMAL,N,73266,73285,73308,73315,73365,73399,73465,73491,biphasic_negative_positive
112,291,73604,204.45555555555555,NORMAL,N,73525,73541,73567,73577,73620,73637,73725,73768,biphasic_negative_positive
112,292,73854,205.15,NORMAL,N,73779,73797,73821,73838,73869,73906,73977,74015,biphasic_negative_positive
112,293,74105,205.84722222222223,NORMAL,N,74032,74048,74069,74082,74122,74144,74222,74252,biphasic_negative_positive
112,294,74354,206.5388888888889,NORMAL,N,74278,74296,74320,74334,74376,74397,74479,74511,biphasic_negative_positive
112,295,74609,207.24722222222223,NORMAL,N,74536,74554,74574,74588,74630,74661,74726,74753,biphasic_negative_positive
112,296,74858,207.9388888888889,NORMAL,N,74785,74801,74823,74828,74879,74891,74976,75005,biphasic_negative_positive
112,297,75098,208.60555555555555,NORMAL,N,75028,75047,75066,75080,75120,75141,75218,75234,biphasic_negative_positive
112,298,75352,209.3111111111111,NORMAL,N,75278,75295,75319,75330,75372,75397,75475,75512,biphasic_negative_positive
112,299,75600,210.0,NORMAL,N,75527,75543,75566,75582,75618,75646,75721,75751,biphasic_negative_positive
112,300,75849,210.69166666666666,NORMAL,N,75775,75793,75814,75823,75867,75896,75969,76007,biphasic_negative_positive
112,301,76102,211.39444444444445,NORMAL,N,76027,76044,76068,76076,76123,76152,76227,76256,biphasic_negative_positive
112,302,76359,212.10833333333332,NORMAL,N,76284,76304,76326,76339,76381,76394,76479,76513,biphasic_negative_positive
112,303,76616,212.82222222222222,NORMAL,N,76541,76559,76581,76601,76635,76667,76735,76764,biphasic_negative_positive
112,304,76869,213.525,NORMAL,N,76795,76813,76833,76844,76893,76908,76993,77024,biphasic_negative_positive
112,305,77135,214.26388888888889,NORMAL,N,77058,77078,77100,77118,77158,77184,77256,77283,biphasic_negative_positive
112,306,77392,214.9777777777778,NORMAL,N,77318,77337,77356,77361,77414,77443,77515,77529,biphasic_negative_positive
112,307,77647,215.6861111111111,NORMAL,N,77572,77591,77614,77625,77665,77690,77763,77799,biphasic_negative_positive
112,308,77898,216.38333333333333,NORMAL,N,77821,77841,77862,77876,77917,77955,78023,78053,biphasic_negative_positive
112,309,78154,217.09444444444443,NORMAL,N,78079,78097,78120,78128,78172,78194,78275,78308,biphasic_negative_positive
112,310,78410,217.80555555555554,NORMAL,N,78336,78352,78376,78393,78432,78452,78528,78559,biphasic_negative_positive
112,311,78662,218.50555555555556,NORMAL,N,78587,78606,78627,78633,78684,78711,78783,78823,biphasic_negative_positive
112,312,78925,219.23611111111111,NORMAL,N,78849,78868,78888,78897,78948,78971,79040,79071,biphasic_negative_positive
112,313,79174,219.92777777777778,NORMAL,N,79101,79120,79141,79157,79195,79224,79291,79316,biphasic_negative_positive
112,314,79421,220.61388888888888,NORMAL,N,79348,79369,79388,79401,79443,79466,79542,79578,biphasic_negative_positive
112,315,79682,221.3388888888889,NORMAL,N,79605,79622,79646,79665,79697,79736,79810,79846,biphasic_negative_positive
112,316,79935,222.04166666666666,NORMAL,N,79862,79881,79903,79917,79951,79979,80057,80092,biphasic_negative_positive
112,317,80188,222.74444444444444,NORMAL,N,80115,80131,80154,80159,80206,80231,80307,80335,biphasic_negative_positive
112,318,80435,223.43055555555554,NORMAL,N,80362,80379,80403,80411,80453,80483,80558,80590,biphasic_negative_positive
112,319,80694,224.15,NORMAL,N,80621,80637,80660,80674,80714,80735,80814,80850,biphasic_negative_positive
112,320,80947,224.8527777777778,NORMAL,N,80873,80891,80915,80929,80968,80990,81067,81099,biphasic_negative_positive
112,321,81206,225.57222222222222,NORMAL,N,81130,81146,81171,81179,81227,81253,81326,81372,biphasic_negative_positive
112,322,81468,226.3,NORMAL,N,81392,81411,81434,81445,81493,81506,81591,81628,biphasic_negative_positive
112,323,81727,227.01944444444445,NORMAL,N,81656,81671,81694,81706,81747,81761,81846,81883,biphasic_negative_positive
112,324,81976,227.7111111111111,NORMAL,N,81904,81923,81943,81958,81999,82021,82096,82126,biphasic_negative_positive
112,325,82233,228.425,NORMAL,N,82158,82175,82198,82210,82250,82275,82358,82377,biphasic_negative_positive
112,326,82493,229.1472222222222,NORMAL,N,82421,82441,82462,82472,82516,82541,82615,82634,biphasic_negative_positive
112,327,82749,229.85833333333332,NORMAL,N,82677,82694,82716,82727,82769,82799,82868,82908,biphasic_negative_positive
112,328,82999,230.55277777777778,NORMAL,N,82930,82947,82969,82980,83019,83044,83117,83143,biphasic_negative_positive
112,329,83257,231.26944444444445,NORMAL,N,83182,83199,83222,83232,83277,83307,83376,83397,biphasic_negative_positive
112,330,83509,231.96944444444443,NORMAL,N,83435,83453,83477,83485,83530,83547,83629,83651,biphasic_negative_positive
112,331,83765,232.68055555555554,NORMAL,N,83689,83707,83731,83738,83786,83804,83883,83912,biphasic_negative_positive
112,332,84019,233.38611111111112,NORMAL,N,83946,83964,83987,84000,84041,84063,84146,84169,biphasic_negative_positive
112,333,84282,234.11666666666667,NORMAL,N,84207,84225,84245,84253,84303,84320,84399,84432,biphasic_negative_positive
112,334,84532,234.8111111111111,NORMAL,N,84459,84477,84501,84515,84554,84570,84654,84686,biphasic_negative_positive
112,335,84789,235.525,NORMAL,N,84718,84733,84753,84769,84808,84826,84908,84948,biphasic_negative_positive
112,336,85055,236.26388888888889,NORMAL,N,84975,84996,85019,85033,85077,85096,85177,85213,biphasic_negative_positive
112,337,85317,236.99166666666667,NORMAL,N,85245,85260,85280,85296,85336,85362,85437,85474,biphasic_negative_positive
112,338,85580,237.72222222222223,NORMAL,N,85504,85523,85545,85560,85602,85614,85697,85726,biphasic_negative_positive
112,339,85837,238.4361111111111,NORMAL,N,85759,85778,85800,85815,85858,85887,85962,86001,biphasic_negative_positive
112,340,86099,239.1638888888889,NORMAL,N,86026,86044,86064,86078,86119,86154,86219,86254,biphasic_negative_positive
112,341,86352,239.86666666666667,NORMAL,N,86280,86296,86319,86331,86370,86396,86477,86510,biphasic_negative_positive
112,342,86615,240.59722222222223,NORMAL,N,86540,86558,86580,86594,86634,86658,86739,86780,biphasic_negative_positive
112,343,86883,241.34166666666667,NORMAL,N,86806,86825,86849,86858,86904,86925,87004,87025,biphasic_negative_positive
112,344,87146,242.07222222222222,NORMAL,N,87070,87089,87110,87122,87164,87201,87266,87297,biphasic_negative_positive
112,345,87404,242.7888888888889,NORMAL,N,87325,87347,87369,87374,87427,87439,87526,87556,biphasic_negative_positive
112,346,87671,243.53055555555557,NORMAL,N,87593,87614,87636,87651,87693,87713,87796,87829,biphasic_negative_positive
112,347,87931,244.25277777777777,NORMAL,N,87859,87876,87897,87913,87946,87979,88055,88081,biphasic_negative_positive
112,348,88191,244.975,NORMAL,N,88117,88133,88158,88167,88207,88241,88314,88346,biphasic_negative_positive
112,349,88446,245.68333333333334,NORMAL,N,88371,88387,88408,88419,88463,88494,88570,88598,biphasic_negative_positive
112,350,88705,246.40277777777777,NORMAL,N,88632,88651,88673,88683,88726,88755,88824,88855,biphasic_negative_positive
112,351,88962,247.11666666666667,NORMAL,N,88886,88904,88926,88946,88983,89011,89083,89100,biphasic_negative_positive
112,352,89217,247.825,NORMAL,N,89146,89165,89186,89200,89239,89256,89343,89388,biphasic_negative_positive
112,353,89482,248.5611111111111,NORMAL,N,89407,89423,89447,89452,89500,89525,89604,89643,biphasic_negative_positive
112,354,89735,249.26388888888889,NORMAL,N,89665,89682,89703,89714,89756,89780,89861,89884,biphasic_negative_positive
112,355,89993,249.98055555555555,NORMAL,N,89920,89937,89957,89966,90011,90041,90112,90157,biphasic_negative_positive
112,356,90248,250.6888888888889,NORMAL,N,90171,90193,90216,90221,90271,90293,90374,90410,biphasic_negative_positive
112,357,90509,251.4138888888889,NORMAL,N,90437,90454,90476,90484,90528,90548,90627,90662,biphasic_negative_positive
112,358,90761,252.11388888888888,NORMAL,N,90686,90707,90728,90736,90782,90803,90885,90916,biphasic_negative_positive
112,359,91014,252.81666666666666,NORMAL,N,90942,90963,90982,90988,91032,91056,91130,91153,biphasic_negative_positive
112,360,91266,253.51666666666668,NORMAL,N,91191,91212,91232,91251,91289,91303,91387,91423,biphasic_negative_positive
112,361,91516,254.2111111111111,NORMAL,N,91446,91464,91486,91493,91537,91555,91634,91669,biphasic_negative_positive
112,362,91765,254.90277777777777,NORMAL,N,91692,91714,91740,91746,91787,91833,91887,91912,biphasic_negative_positive
112,363,92016,255.6,NORMAL,N,91951,91965,91984,91985,92039,92083,92138,92171,biphasic_negative_positive
112,364,92265,256.2916666666667,NORMAL,N,92191,92209,92232,92238,92287,92315,92382,92416,biphasic_negative_positive
112,365,92511,256.975,NORMAL,N,92441,92460,92483,92490,92531,92564,92636,92652,biphasic_negative_positive
112,366,92758,257.6611111111111,NORMAL,N,92689,92707,92722,92740,92778,92804,92881,92897,biphasic_negative_positive
112,367,93011,258.3638888888889,NORMAL,N,92936,92957,92977,92983,93030,93056,93133,93171,biphasic_negative_positive
112,368,93257,259.0472222222222,NORMAL,N,93185,93206,93225,93233,93278,93295,93380,93411,biphasic_negative_positive
112,369,93509,259.7472222222222,NORMAL,N,93436,93454,93473,93493,93526,93549,93627,93660,biphasic_negative_positive
112,370,93751,260.4194444444444,NORMAL,N,93678,93699,93720,93735,93773,93781,93874,93906,biphasic_negative_positive
112,371,94001,261.1138888888889,NORMAL,N,93928,93950,93967,93977,94022,94034,94117,94129,biphasic_negative_positive
112,372,94241,261.78055555555557,NORMAL,N,94170,94187,94204,94222,94260,94291,94382,94398,biphasic_negative_positive
112,373,94489,262.46944444444443,NORMAL,N,94417,94427,94456,94472,94507,94540,94621,94640,biphasic_negative_positive
112,374,94732,263.14444444444445,NORMAL,N,94666,94672,94681,94690,94756,94777,94857,94871,biphasic_negative_positive
112,375,94978,263.8277777777778,NORMAL,N,94909,94929,94944,94951,94994,95039,95109,95127,biphasic_negative_positive
112,376,95221,264.5027777777778,NORMAL,N,95159,95171,95192,95193,95241,95266,95340,95352,biphasic_negative_positive
112,377,95462,265.1722222222222,NORMAL,N,95396,95413,95425,95434,95479,95523,95585,95614,biphasic_negative_positive
112,378,95712,265.8666666666667,NORMAL,N,95628,95651,95682,95686,95728,95785,95833,95850,biphasic_negative_positive
112,379,95954,266.5388888888889,NORMAL,N,95857,95876,95903,95920,95973,95989,96078,96100,biphasic_negative_positive
112,380,96203,267.23055555555555,NORMAL,N,96136,96151,96168,96176,96220,96257,96268,96315,inverted
112,381,96441,267.89166666666665,NORMAL,N,96370,96387,96409,96426,96458,96479,96559,96596,biphasic_negative_positive
112,382,96688,268.5777777777778,NORMAL,N,96622,96638,96651,96667,96709,96756,96805,96833,biphasic_negative_positive
112,383,96932,269.25555555555553,NORMAL,N,96865,96881,96901,96908,96952,96993,97053,97076,biphasic_negative_positive
112,384,97179,269.94166666666666,NORMAL,N,97104,97127,97143,97155,97201,97233,97299,97317,biphasic_negative_positive
112,385,97422,270.6166666666667,NORMAL,N,97348,97369,97390,97399,97445,97465,97545,97568,biphasic_negative_positive
112,386,97670,271.30555555555554,NORMAL,N,97601,97620,97637,97641,97693,97729,97789,97813,biphasic_negative_positive
112,387,97910,271.97222222222223,NORMAL,N,97837,97852,97876,97894,97932,97972,98032,98050,biphasic_negative_positive
112,388,98155,272.65277777777777,NORMAL,N,98086,98101,98122,98140,98175,98203,98293,98305,biphasic_negative_positive
112,389,98404,273.34444444444443,NORMAL,N,98332,98351,98374,98376,98425,98461,98528,98543,biphasic_negative_positive
112,390,98649,274.025,NORMAL,N,98577,98593,98616,98625,98668,98711,98773,98787,biphasic_negative_positive
112,391,98897,274.7138888888889,NORMAL,N,98824,98845,98870,98878,98917,98952,99014,99040,biphasic_negative_positive
112,392,99141,275.39166666666665,NORMAL,N,99067,99085,99105,99117,99158,99205,99224,99258,inverted
112,393,99387,276.075,NORMAL,N,,,,99375,99397,99456,99511,99539,biphasic_negative_positive
112,394,99642,276.78333333333336,NORMAL,N,,,,99631,99664,99687,99760,99779,biphasic_negative_positive
112,395,99895,277.4861111111111,NORMAL,N,,,,99886,99905,99956,100018,100061,biphasic_negative_positive
112,396,100150,278.19444444444446,NORMAL,N,,,,100137,100160,100200,100233,100265,inverted
112,397,100398,278.8833333333333,NORMAL,N,,,,100388,100406,100453,100519,100548,biphasic_negative_positive
112,398,100650,279.5833333333333,NORMAL,N,,,,100640,100660,100694,100735,100768,inverted
112,399,100899,280.275,NORMAL,N,,,,100882,100909,100956,101029,101060,biphasic_negative_positive
112,400,101154,280.98333333333335,NORMAL,N,,,,101136,101164,101203,101278,101303,biphasic_negative_positive
112,401,101411,281.6972222222222,NORMAL,N,,,,101399,101422,101455,101493,101530,inverted
112,402,101660,282.3888888888889,NORMAL,N,,,,101649,101670,101712,101780,101805,biphasic_negative_positive
112,403,101917,283.10277777777776,NORMAL,N,,,,101896,101927,101981,102036,102080,biphasic_negative_positive
112,404,102166,283.7944444444444,NORMAL,N,,,,102154,102177,102211,102291,102321,biphasic_negative_positive
112,405,102424,284.5111111111111,NORMAL,N,,,,102411,102434,102466,102547,102578,biphasic_negative_positive
112,406,102673,285.2027777777778,NORMAL,N,,,,102661,102683,102727,102801,102838,biphasic_negative_positive
112,407,102934,285.9277777777778,NORMAL,N,,,,102923,102944,102961,103054,103082,biphasic_negative_positive
112,408,103185,286.625,NORMAL,N,,,,103176,103195,103229,103305,103331,biphasic_negative_positive
112,409,103434,287.31666666666666,NORMAL,N,,,,103422,103443,103474,103554,103594,biphasic_negative_positive
112,410,103692,288.03333333333336,NORMAL,N,,,,103669,103700,103727,103812,103848,biphasic_negative_positive
112,411,103944,288.73333333333335,NORMAL,N,,,,103932,103955,103983,104065,104097,biphasic_negative_positive
112,412,104196,289.43333333333334,NORMAL,N,,,,104184,104221,104281,104309,104342,normal
112,413,104437,290.10277777777776,NORMAL,N,,,,104413,104447,104465,104559,104589,biphasic_negative_positive
112,414,104687,290.7972222222222,NORMAL,N,,,,104677,104697,104735,104806,104843,biphasic_negative_positive
112,415,104930,291.47222222222223,NORMAL,N,,,,104917,104940,104991,105051,105082,biphasic_negative_positive
112,416,105176,292.15555555555557,NORMAL,N,,,,105165,105185,105221,105297,105326,biphasic_negative_positive
112,417,105427,292.85277777777776,NORMAL,N,,,,105410,105438,105485,105546,105574,biphasic_negative_positive
112,418,105671,293.53055555555557,NORMAL,N,,,,105651,105680,105723,105791,105821,biphasic_negative_positive
112,419,105917,294.2138888888889,NORMAL,N,,,,105890,105927,105965,106032,106062,biphasic_negative_positive
112,420,106159,294.8861111111111,NORMAL,N,,,,106132,106169,106200,106281,106318,biphasic_negative_positive
112,421,106409,295.5805555555556,NORMAL,N,,,,106402,106418,106468,106523,106569,biphasic_negative_positive
112,422,106656,296.26666666666665,NORMAL,N,,,,106646,106667,106696,106775,106811,biphasic_negative_positive
112,423,106898,296.93888888888887,NORMAL,N,,,,106888,106908,106946,107014,107036,biphasic_negative_positive
112,424,107142,297.6166666666667,NORMAL,N,,,,107120,107152,107194,107264,107294,biphasic_negative_positive
112,425,107387,298.2972222222222,NORMAL,N,,,,107375,107397,107447,107507,107521,biphasic_negative_positive
112,426,107632,298.97777777777776,NORMAL,N,,,,107614,107642,107695,107749,107763,biphasic_negative_positive
112,427,107872,299.64444444444445,NORMAL,N,,,,107859,107881,107922,107995,108016,biphasic_negative_positive
112,428,108126,300.35,NORMAL,N,,,,108112,108136,108166,108252,108267,biphasic_negative_positive
112,429,108368,301.02222222222224,NORMAL,N,,,,108355,108377,108413,108486,108506,biphasic_negative_positive
112,430,108609,301.69166666666666,NORMAL,N,,,,108597,108619,108655,108729,108758,biphasic_negative_positive
112,431,108856,302.3777777777778,NORMAL,N,,,,108834,108867,108906,108980,109019,biphasic_negative_positive
112,432,109109,303.0805555555556,NORMAL,N,,,,109085,109118,109169,109227,109261,biphasic_negative_positive
112,433,109352,303.75555555555553,NORMAL,N,,,,109325,109362,109402,109475,109488,biphasic_negative_positive
112,434,109591,304.4194444444444,NORMAL,N,,,,109575,109601,109647,109712,109729,biphasic_negative_positive
112,435,109842,305.1166666666667,NORMAL,N,,,,109828,109851,109886,109964,109990,biphasic_negative_positive
112,436,110085,305.7916666666667,NORMAL,N,,,,110058,110095,110134,110206,110232,biphasic_negative_positive
112,437,110329,306.46944444444443,NORMAL,N,,,,110313,110351,110387,110448,110481,biphasic_negative_positive
112,438,110576,307.15555555555557,NORMAL,N,,,,110550,110585,110635,110661,110702,inverted
112,439,110830,307.8611111111111,NORMAL,N,,,,110810,110839,110874,110914,110948,inverted
112,440,111078,308.55,NORMAL,N,,,,111054,111087,111117,111198,111221,biphasic_negative_positive
112,441,111322,309.22777777777776,NORMAL,N,,,,111306,111332,111368,111448,111477,biphasic_negative_positive
112,442,111585,309.9583333333333,NORMAL,N,,,,111558,111594,111630,111706,111725,biphasic_negative_positive
112,443,111835,310.65277777777777,NORMAL,N,,,,111821,111845,111885,111960,111979,biphasic_negative_positive
112,444,112091,311.3638888888889,NORMAL,N,,,,112075,112101,112133,112206,112232,biphasic_negative_positive
112,445,112338,312.05,NORMAL,N,,,,112326,112348,112389,112461,112490,biphasic_negative_positive
112,446,112596,312.76666666666665,NORMAL,N,,,,112578,112607,112643,112715,112744,biphasic_negative_positive
112,447,112849,313.46944444444443,NORMAL,N,,,,112833,112858,112885,112969,113000,biphasic_negative_positive
112,448,113106,314.18333333333334,NORMAL,N,,,,113093,113116,113145,113225,113260,biphasic_negative_positive
112,449,113365,314.90277777777777,NORMAL,N,,,,113356,113374,113410,113485,113520,biphasic_negative_positive
112,450,113620,315.6111111111111,NORMAL,N,,,,113608,113630,113659,113737,113768,biphasic_negative_positive
112,451,113872,316.31111111111113,NORMAL,N,,,,113860,113882,113916,113990,114017,biphasic_negative_positive
112,452,114130,317.02777777777777,NORMAL,N,,,,114117,114141,114167,114253,114281,biphasic_negative_positive
112,453,114389,317.7472222222222,NORMAL,N,,,,114371,114400,114428,114510,114543,biphasic_negative_positive
112,454,114648,318.46666666666664,NORMAL,N,,,,114636,114658,114687,114762,114794,biphasic_negative_positive
112,455,114896,319.15555555555557,NORMAL,N,,,,114884,114905,114941,115019,115049,biphasic_negative_positive
112,456,115155,319.875,NORMAL,N,,,,115130,115171,115190,115271,115308,biphasic_negative_positive
112,457,115405,320.56944444444446,NORMAL,N,,,,115393,115414,115466,115525,115552,biphasic_negative_positive
112,458,115659,321.275,NORMAL,N,,,,115647,115669,115705,115783,115803,biphasic_negative_positive
112,459,115921,322.0027777777778,NORMAL,N,,,,115898,115930,115980,116048,116075,biphasic_negative_positive
112,460,116175,322.7083333333333,NORMAL,N,,,,116163,116185,116219,116294,116324,biphasic_negative_positive
112,461,116428,323.4111111111111,NORMAL,N,,,,116416,116436,116471,116545,116572,biphasic_negative_positive
112,462,116680,324.1111111111111,NORMAL,N,,,,116667,116689,116734,116806,116824,biphasic_negative_positive
112,463,116944,324.84444444444443,NORMAL,N,,,,116933,116952,116987,117067,117088,biphasic_negative_positive
112,464,117200,325.55555555555554,NORMAL,N,,,,117187,117221,117253,117324,117356,biphasic_negative_positive
112,465,117453,326.2583333333333,NORMAL,N,,,,117441,117461,117495,117577,117596,biphasic_negative_positive
112,466,117709,326.96944444444443,NORMAL,N,,,,117688,117719,117754,117794,117827,inverted
112,467,117962,327.6722222222222,NORMAL,N,,,,117950,117971,118009,118081,118121,biphasic_negative_positive
112,468,118216,328.3777777777778,NORMAL,N,,,,118204,118226,118259,118337,118353,biphasic_negative_positive
112,469,118480,329.1111111111111,NORMAL,N,,,,118470,118489,118527,118605,118640,biphasic_negative_positive
112,470,118745,329.84722222222223,NORMAL,N,,,,118732,118754,118779,118864,118906,biphasic_negative_positive
112,471,118999,330.5527777777778,NORMAL,N,,,,118990,119021,119043,119122,119146,biphasic_negative_positive
112,472,119258,331.27222222222224,NORMAL,N,,,,119242,119268,119299,119382,119422,biphasic_negative_positive
112,473,119525,332.0138888888889,NORMAL,N,,,,119515,119536,119570,119650,119676,biphasic_negative_positive
112,474,119788,332.74444444444447,NORMAL,N,,,,119775,119798,119826,119906,119940,biphasic_negative_positive
112,475,120041,333.4472222222222,NORMAL,N,,,,120013,120051,120087,120163,120177,biphasic_negative_positive
112,476,120304,334.1777777777778,NORMAL,N,,,,120292,120313,120341,120427,120444,biphasic_negative_positive
112,477,120554,334.8722222222222,NORMAL,N,,,,120541,120564,120603,120678,120693,biphasic_negative_positive
112,478,120811,335.5861111111111,NORMAL,N,,,,120799,120820,120867,120893,120930,inverted
112,479,121067,336.2972222222222,NORMAL,N,,,,121054,121077,121096,121193,121211,biphasic_negative_positive
112,480,121330,337.02777777777777,NORMAL,N,,,,121318,121339,121383,121450,121488,biphasic_negative_positive
112,481,121584,337.73333333333335,NORMAL,N,,,,121565,121594,121645,121705,121737,biphasic_negative_positive
112,482,121839,338.44166666666666,NORMAL,N,,,,121823,121848,121891,121959,121989,biphasic_negative_positive
112,483,122096,339.15555555555557,NORMAL,N,,,,122084,122107,122149,122221,122253,biphasic_negative_positive
112,484,122352,339.8666666666667,NORMAL,N,,,,122340,122362,122394,122468,122503,biphasic_negative_positive
112,485,122603,340.56388888888887,NORMAL,N,,,,122593,122613,122655,122722,122741,biphasic_negative_positive
112,486,122844,341.23333333333335,NORMAL,N,,,,122820,122854,122906,122969,123012,biphasic_negative_positive
112,487,123102,341.95,NORMAL,N,,,,123091,123112,123157,123223,123252,biphasic_negative_positive
112,488,123346,342.6277777777778,NORMAL,N,,,,123335,123356,123400,123468,123482,biphasic_negative_positive
112,489,123596,343.3222222222222,NORMAL,N,,,,123572,123604,123638,123716,123752,biphasic_negative_positive
112,490,123847,344.01944444444445,NORMAL,N,,,,123825,123857,123895,123972,124009,biphasic_negative_positive
112,491,124102,344.72777777777776,NORMAL,N,,,,124090,124112,124158,124220,124236,biphasic_negative_positive
112,492,124349,345.4138888888889,NORMAL,N,,,,124339,124360,124405,124472,124496,biphasic_negative_positive
112,493,124602,346.1166666666667,NORMAL,N,,,,124588,124612,124653,124726,124763,biphasic_negative_positive
112,494,124859,346.8305555555556,NORMAL,N,,,,124849,124869,124909,124981,125005,biphasic_negative_positive
112,495,125109,347.525,NORMAL,N,,,,125100,125118,125147,125228,125260,biphasic_negative_positive
112,496,125362,348.22777777777776,NORMAL,N,,,,125352,125370,125396,125477,125509,biphasic_negative_positive
112,497,125608,348.9111111111111,NORMAL,N,,,,125593,125618,125670,125729,125748,biphasic_negative_positive
112,498,125854,349.59444444444443,NORMAL,N,,,,125830,125864,125896,125973,125996,biphasic_negative_positive
112,499,126104,350.2888888888889,NORMAL,N,,,,126090,126113,126163,126227,126262,biphasic_negative_positive
112,500,126350,350.97222222222223,NORMAL,N,,,,126337,126373,126402,126474,126482,biphasic_negative_positive
112,501,126605,351.68055555555554,NORMAL,N,,,,126582,126614,126657,126723,126739,biphasic_negative_positive
112,502,126846,352.35,NORMAL,N,,,,126817,126856,126911,126969,126981,biphasic_negative_positive
112,503,127093,353.0361111111111,NORMAL,N,,,,127082,127126,127143,127216,127230,biphasic_negative_positive
112,504,127340,353.72222222222223,NORMAL,N,,,,127328,127381,127419,127461,127472,biphasic_negative_positive
112,505,127594,354.4277777777778,NORMAL,N,,,,127556,127604,127636,127707,127719,biphasic_negative_positive
112,506,127844,355.1222222222222,NORMAL,N,,,,127829,127854,127888,127963,127990,biphasic_negative_positive
112,507,128094,355.81666666666666,NORMAL,N,,,,128049,128102,128183,128209,128234,normal
112,508,128349,356.525,NORMAL,N,,,,128336,128358,128409,128468,128511,biphasic_negative_positive
112,509,128591,357.1972222222222,NORMAL,N,,,,128579,128601,128638,128717,128728,biphasic_negative_positive
112,510,128847,357.90833333333336,NORMAL,N,,,,128836,128857,128901,128971,129003,biphasic_negative_positive
112,511,129095,358.59722222222223,NORMAL,N,,,,129080,129118,129160,129185,129219,inverted
112,512,129353,359.31388888888887,NORMAL,N,,,,129339,129364,129420,129475,129495,biphasic_negative_positive
112,513,129599,359.9972222222222,NORMAL,N,,,,129589,129608,129644,129678,129717,inverted
112,514,129848,360.68888888888887,NORMAL,N,,,,129824,129858,129900,129967,130005,biphasic_negative_positive
112,515,130102,361.39444444444445,NORMAL,N,,,,130088,130113,130150,130223,130238,biphasic_negative_positive
112,516,130353,362.09166666666664,NORMAL,N,,,,130327,130363,130394,130472,130506,biphasic_negative_positive
112,517,130606,362.7944444444444,NORMAL,N,,,,130590,130615,130663,130720,130743,biphasic_negative_positive
112,518,130852,363.47777777777776,NORMAL,N,130768,130779,130790,130841,130885,130917,130971,131002,biphasic_negative_positive
112,519,131105,364.18055555555554,NORMAL,N,,,,131092,131114,131199,131221,131240,normal
112,520,131355,364.875,NORMAL,N,,,,131343,131385,131423,131470,131504,biphasic_negative_positive
112,521,131606,365.5722222222222,NORMAL,N,,,,131594,131616,131663,131724,131755,biphasic_negative_positive
112,522,131863,366.2861111111111,NORMAL,N,,,,131850,131872,131903,131979,132020,biphasic_negative_positive
112,523,132114,366.98333333333335,NORMAL,N,,,,132102,132125,132166,132232,132260,biphasic_negative_positive
112,524,132370,367.69444444444446,NORMAL,N,,,,132356,132379,132411,132483,132531,biphasic_negative_positive
112,525,132619,368.3861111111111,NORMAL,N,,,,132606,132629,132662,132743,132774,biphasic_negative_positive
112,526,132876,369.1,NORMAL,N,,,,132856,132885,132934,132993,133029,biphasic_negative_positive
112,527,133127,369.7972222222222,NORMAL,N,,,,133112,133136,133184,133251,133276,biphasic_negative_positive
112,528,133376,370.4888888888889,NORMAL,N,,,,133363,133386,133416,133496,133516,biphasic_negative_positive
112,529,133628,371.18888888888887,NORMAL,N,,,,133616,133638,133664,133751,133777,biphasic_negative_positive
112,530,133870,371.8611111111111,NORMAL,N,,,,133858,133880,133926,133994,134007,biphasic_negative_positive
112,531,134122,372.56111111111113,NORMAL,N,,,,134107,134132,134165,134242,134284,biphasic_negative_positive
112,532,134368,373.24444444444447,NORMAL,N,,,,134357,134379,134421,134491,134515,biphasic_negative_positive
112,533,134620,373.94444444444446,NORMAL,N,,,,134604,134629,134678,134741,134765,biphasic_negative_positive
112,534,134867,374.63055555555553,NORMAL,N,,,,134852,134877,134905,134990,135018,biphasic_negative_positive
112,535,135112,375.31111111111113,NORMAL,N,,,,135094,135121,135159,135233,135250,biphasic_negative_positive
112,536,135363,376.0083333333333,NORMAL,N,,,,135345,135386,135416,135488,135503,biphasic_negative_positive
112,537,135613,376.7027777777778,NORMAL,N,,,,135597,135622,135659,135694,135732,inverted
112,538,135863,377.39722222222224,NORMAL,N,,,,135850,135872,135898,135985,136013,biphasic_negative_positive
112,539,136109,378.0805555555556,NORMAL,N,,,,136099,136117,136153,136227,136264,biphasic_negative_positive
112,540,136357,378.76944444444445,NORMAL,N,,,,136341,136367,136409,136478,136508,biphasic_negative_positive
112,541,136607,379.4638888888889,NORMAL,N,,,,136594,136617,136654,136728,136750,biphasic_negative_positive
112,542,136856,380.15555555555557,NORMAL,N,,,,136846,136866,136907,136979,137022,biphasic_negative_positive
112,543,137110,380.8611111111111,NORMAL,N,,,,137087,137120,137164,137231,137255,biphasic_negative_positive
112,544,137361,381.55833333333334,NORMAL,N,,,,137349,137369,137401,137481,137507,biphasic_negative_positive
112,545,137614,382.2611111111111,NORMAL,N,,,,137603,137623,137655,137738,137770,biphasic_negative_positive
112,546,137863,382.9527777777778,NORMAL,N,,,,137852,137873,137907,137987,138021,biphasic_negative_positive
112,547,138116,383.65555555555557,NORMAL,N,,,,138104,138127,138160,138239,138273,biphasic_negative_positive
112,548,138366,384.35,NORMAL,N,,,,138354,138376,138409,138488,138524,biphasic_negative_positive
112,549,138617,385.0472222222222,NORMAL,N,,,,138609,138626,138661,138733,138755,biphasic_negative_positive
112,550,138861,385.725,NORMAL,N,,,,138840,138871,138893,138984,139017,biphasic_negative_positive
112,551,139112,386.4222222222222,NORMAL,N,,,,139102,139121,139166,139229,139261,biphasic_negative_positive
112,552,139360,387.1111111111111,NORMAL,N,,,,139343,139369,139397,139477,139507,biphasic_negative_positive
112,553,139607,387.7972222222222,NORMAL,N,,,,139584,139616,139644,139722,139768,biphasic_negative_positive
112,554,139855,388.4861111111111,NORMAL,N,,,,139845,139864,139900,139977,139997,biphasic_negative_positive
112,555,140106,389.18333333333334,NORMAL,N,,,,140089,140116,140149,140225,140254,biphasic_negative_positive
112,556,140352,389.8666666666667,NORMAL,N,,,,140339,140361,140401,140472,140504,biphasic_negative_positive
112,557,140598,390.55,NORMAL,N,,,,140575,140608,140667,140726,140762,biphasic_negative_positive
112,558,140854,391.2611111111111,NORMAL,N,,,,140842,140877,140889,140972,141008,biphasic_negative_positive
112,559,141102,391.95,NORMAL,N,,,,141091,141111,141151,141223,141253,biphasic_negative_positive
112,560,141350,392.6388888888889,NORMAL,N,,,,141337,141359,141393,141466,141503,biphasic_negative_positive
112,561,141603,393.34166666666664,NORMAL,N,,,,141589,141612,141653,141722,141765,biphasic_negative_positive
112,562,141850,394.02777777777777,NORMAL,N,,,,141840,141861,141905,141969,142006,biphasic_negative_positive
112,563,142097,394.7138888888889,NORMAL,N,,,,142081,142106,142135,142214,142243,biphasic_negative_positive
112,564,142346,395.40555555555557,NORMAL,N,,,,142324,142356,142392,142470,142502,biphasic_negative_positive
112,565,142601,396.1138888888889,NORMAL,N,,,,142585,142610,142627,142720,142760,biphasic_negative_positive
112,566,142847,396.7972222222222,NORMAL,N,,,,142825,142856,142900,142964,142993,biphasic_negative_positive
112,567,143087,397.4638888888889,NORMAL,N,,,,143078,143098,143121,143208,143243,biphasic_negative_positive
112,568,143338,398.1611111111111,NORMAL,N,,,,143329,143349,143380,143458,143486,biphasic_negative_positive
112,569,143586,398.85,NORMAL,N,,,,143558,143595,143641,143706,143739,biphasic_negative_positive
112,570,143838,399.55,NORMAL,N,,,,143823,143847,143887,143954,143986,biphasic_negative_positive
112,571,144079,400.21944444444443,NORMAL,N,,,,144062,144089,144138,144200,144237,biphasic_negative_positive
112,572,144334,400.9277777777778,NORMAL,N,,,,144322,144344,144368,144451,144484,biphasic_negative_positive
112,573,144585,401.625,NORMAL,N,,,,144572,144595,144641,144702,144737,biphasic_negative_positive
112,574,144835,402.31944444444446,NORMAL,N,,,,144810,144844,144872,144955,144985,biphasic_negative_positive
112,575,145092,403.03333333333336,NORMAL,N,,,,145080,145103,145137,145178,145211,inverted
112,576,145346,403.7388888888889,NORMAL,N,,,,145334,145356,145395,145470,145501,biphasic_negative_positive
112,577,145601,404.4472222222222,NORMAL,N,,,,145588,145611,145642,145719,145755,biphasic_negative_positive
112,578,145853,405.14722222222224,NORMAL,N,,,,145840,145863,145908,145979,146016,biphasic_negative_positive
112,579,146120,405.8888888888889,NORMAL,N,,,,146103,146129,146215,146241,146273,normal
112,580,146378,406.60555555555555,NORMAL,N,,,,146368,146387,146432,146499,146534,biphasic_negative_positive
112,581,146634,407.31666666666666,NORMAL,N,,,,146608,146644,146693,146751,146788,biphasic_negative_positive
112,582,146893,408.0361111111111,NORMAL,N,,,,146882,146903,146936,147014,147050,biphasic_negative_positive
112,583,147152,408.75555555555553,NORMAL,N,,,,147136,147162,147206,147270,147290,biphasic_negative_positive
112,584,147405,409.4583333333333,NORMAL,N,,,,147377,147414,147452,147527,147564,biphasic_negative_positive
112,585,147665,410.18055555555554,NORMAL,N,,,,147652,147676,147693,147790,147804,biphasic_negative_positive
112,586,147921,410.89166666666665,NORMAL,N,,,,147898,147930,147969,148043,148061,biphasic_negative_positive
112,587,148174,411.59444444444443,NORMAL,N,,,,148151,148184,148211,148292,148323,biphasic_negative_positive
112,588,148423,412.2861111111111,NORMAL,N,,,,148410,148432,148463,148547,148574,biphasic_negative_positive
112,589,148687,413.01944444444445,NORMAL,N,,,,148674,148696,148722,148806,148846,biphasic_negative_positive
112,590,148941,413.725,NORMAL,N,,,,148926,148951,148997,149065,149094,biphasic_negative_positive
112,591,149198,414.43888888888887,NORMAL,N,,,,149186,149208,149240,149314,149332,biphasic_negative_positive
112,592,149450,415.1388888888889,NORMAL,N,,,,149438,149461,149508,149578,149608,biphasic_negative_positive
112,593,149709,415.85833333333335,NORMAL,N,,,,149696,149719,149745,149829,149861,biphasic_negative_positive
112,594,149963,416.56388888888887,NORMAL,N,,,,149940,149974,150031,150086,150109,biphasic_negative_positive
112,595,150223,417.2861111111111,NORMAL,N,,,,150210,150233,150264,150349,150387,biphasic_negative_positive
112,596,150489,418.025,NORMAL,N,,,,150476,150499,150527,150610,150630,biphasic_negative_positive
112,597,150748,418.74444444444447,NORMAL,N,,,,150737,150758,150800,150869,150909,biphasic_negative_positive
112,598,151003,419.4527777777778,NORMAL,N,,,,150988,151013,151051,151122,151148,biphasic_negative_positive
112,599,151269,420.19166666666666,NORMAL,N,,,,151255,151277,151307,151391,151419,biphasic_negative_positive
112,600,151529,420.9138888888889,NORMAL,N,,,,151516,151538,151563,151651,151685,biphasic_negative_positive
112,601,151789,421.6361111111111,NORMAL,N,,,,151778,151797,151835,151907,151937,biphasic_negative_positive
112,602,152040,422.3333333333333,NORMAL,N,,,,152022,152049,152096,152164,152180,biphasic_negative_positive
112,603,152299,423.0527777777778,NORMAL,N,,,,152278,152309,152348,152421,152446,biphasic_negative_positive
112,604,152554,423.7611111111111,NORMAL,N,,,,152537,152564,152596,152673,152714,biphasic_negative_positive
112,605,152812,424.47777777777776,NORMAL,N,,,,152802,152834,152858,152936,152969,biphasic_negative_positive
112,606,153079,425.21944444444443,NORMAL,N,,,,153066,153089,153128,153197,153224,biphasic_negative_positive
112,607,153334,425.9277777777778,NORMAL,N,,,,153319,153344,153382,153457,153482,biphasic_negative_positive
112,608,153591,426.64166666666665,NORMAL,N,,,,153567,153602,153636,153711,153738,biphasic_negative_positive
112,609,153851,427.3638888888889,NORMAL,N,,,,153837,153861,153901,153979,154004,biphasic_negative_positive
112,610,154109,428.0805555555556,NORMAL,N,,,,154097,154120,154152,154231,154250,biphasic_negative_positive
112,611,154366,428.7944444444444,NORMAL,N,,,,154352,154376,154413,154486,154507,biphasic_negative_positive
112,612,154615,429.4861111111111,NORMAL,N,,,,154603,154626,154659,154740,154760,biphasic_negative_positive
112,613,154877,430.2138888888889,NORMAL,N,,,,154857,154887,154928,154998,155022,biphasic_negative_positive
112,614,155132,430.9222222222222,NORMAL,N,,,,155119,155141,155182,155255,155289,biphasic_negative_positive
112,615,155386,431.6277777777778,NORMAL,N,,,,155372,155396,155447,155510,155528,biphasic_negative_positive
112,616,155647,432.35277777777776,NORMAL,N,,,,155634,155658,155703,155770,155790,biphasic_negative_positive
112,617,155903,433.06388888888887,NORMAL,N,,,,155878,155913,155956,156025,156060,biphasic_negative_positive
112,618,156160,433.77777777777777,NORMAL,N,,,,156142,156170,156204,156277,156313,biphasic_negative_positive
112,619,156414,434.48333333333335,NORMAL,N,,,,156402,156424,156461,156541,156564,biphasic_negative_positive
112,620,156677,435.2138888888889,NORMAL,N,,,,156664,156687,156733,156797,156834,biphasic_negative_positive
112,621,156926,435.90555555555557,NORMAL,N,,,,156913,156936,156977,157049,157083,biphasic_negative_positive
112,622,157175,436.59722222222223,NORMAL,N,,,,157163,157186,157223,157295,157325,biphasic_negative_positive
112,623,157427,437.2972222222222,NORMAL,N,,,,157415,157437,157488,157549,157590,biphasic_negative_positive
112,624,157678,437.99444444444447,NORMAL,N,,,,157667,157688,157734,157797,157831,biphasic_negative_positive
112,625,157921,438.6694444444444,NORMAL,N,,,,157895,157930,157979,158040,158068,biphasic_negative_positive
112,626,158175,439.375,NORMAL,N,,,,158162,158184,158205,158299,158326,biphasic_negative_positive
112,627,158424,440.06666666666666,NORMAL,N,,,,158411,158434,158463,158543,158577,biphasic_negative_positive
112,628,158673,440.7583333333333,NORMAL,N,,,,158662,158695,158717,158795,158828,biphasic_negative_positive
112,629,158919,441.44166666666666,NORMAL,N,,,,158904,158929,158964,159040,159078,biphasic_negative_positive
112,630,159177,442.15833333333336,NORMAL,N,,,,159167,159186,159227,159301,159341,biphasic_negative_positive
112,631,159426,442.85,NORMAL,N,,,,159408,159436,159469,159548,159575,biphasic_negative_positive
112,632,159677,443.5472222222222,NORMAL,N,,,,159653,159688,159733,159793,159821,biphasic_negative_positive
112,633,159916,444.2111111111111,NORMAL,N,,,,159888,159926,159963,160042,160070,biphasic_negative_positive
112,634,160174,444.9277777777778,NORMAL,N,,,,160163,160183,160266,160292,160327,normal
112,635,160419,445.60833333333335,NORMAL,N,,,,160405,160428,160465,160540,160576,biphasic_negative_positive
112,636,160666,446.2944444444444,NORMAL,N,,,,160644,160677,160709,160789,160830,biphasic_negative_positive
112,637,160920,447.0,NORMAL,N,,,,160908,160930,160972,161044,161074,biphasic_negative_positive
112,638,161171,447.6972222222222,NORMAL,N,,,,161160,161182,161211,161292,161326,biphasic_negative_positive
112,639,161421,448.39166666666665,NORMAL,N,,,,161411,161431,161462,161542,161573,biphasic_negative_positive
112,640,161671,449.0861111111111,NORMAL,N,,,,161645,161681,161708,161798,161824,biphasic_negative_positive
112,641,161929,449.8027777777778,NORMAL,N,,,,161918,161939,161977,162050,162079,biphasic_negative_positive
112,642,162182,450.50555555555553,NORMAL,N,,,,162163,162191,162223,162306,162339,biphasic_negative_positive
112,643,162436,451.2111111111111,NORMAL,N,,,,162423,162446,162477,162553,162591,biphasic_negative_positive
112,644,162687,451.90833333333336,NORMAL,N,,,,162675,162696,162738,162811,162842,biphasic_negative_positive
112,645,162940,452.6111111111111,NORMAL,N,,,,162928,162950,162979,163060,163092,biphasic_negative_positive
112,646,163195,453.31944444444446,NORMAL,N,,,,163181,163204,163252,163316,163357,biphasic_negative_positive
112,647,163453,454.0361111111111,NORMAL,N,,,,163434,163463,163485,163577,163598,biphasic_negative_positive
112,648,163711,454.7527777777778,NORMAL,N,,,,163694,163720,163767,163832,163858,biphasic_negative_positive
112,649,163964,455.4555555555556,NORMAL,N,,,,163951,163974,164022,164085,164112,biphasic_negative_positive
112,650,164218,456.1611111111111,NORMAL,N,,,,164207,164228,164271,164339,164375,biphasic_negative_positive
112,651,164479,456.8861111111111,NORMAL,N,,,,164466,164489,164516,164603,164628,biphasic_negative_positive
112,652,164738,457.60555555555555,NORMAL,N,,,,164727,164747,164792,164857,164904,biphasic_negative_positive
112,653,164995,458.31944444444446,NORMAL,N,,,,164977,165004,165054,165113,165146,biphasic_negative_positive
112,654,165244,459.0111111111111,NORMAL,N,,,,165230,165252,165295,165367,165396,biphasic_negative_positive
112,655,165502,459.72777777777776,NORMAL,N,,,,165484,165512,165559,165622,165667,biphasic_negative_positive
112,656,165749,460.4138888888889,NORMAL,N,,,,165723,165759,165798,165869,165903,biphasic_negative_positive
112,657,166004,461.1222222222222,NORMAL,N,,,,165989,166014,166047,166128,166156,biphasic_negative_positive
112,658,166261,461.8361111111111,NORMAL,N,,,,166251,166272,166304,166386,166416,biphasic_negative_positive
112,659,166514,462.5388888888889,NORMAL,N,,,,166504,166523,166564,166635,166667,biphasic_negative_positive
112,660,166769,463.2472222222222,NORMAL,N,,,,166745,166779,166821,166889,166920,biphasic_negative_positive
112,661,167019,463.94166666666666,NORMAL,N,,,,167008,167029,167065,167144,167179,biphasic_negative_positive
112,662,167281,464.6694444444444,NORMAL,N,,,,167271,167291,167325,167398,167438,biphasic_negative_positive
112,663,167531,465.3638888888889,NORMAL,N,,,,167522,167540,167581,167656,167696,biphasic_negative_positive
112,664,167787,466.075,NORMAL,N,,,,167777,167797,167830,167902,167942,biphasic_negative_positive
112,665,168036,466.76666666666665,NORMAL,N,,,,168027,168046,168091,168159,168193,biphasic_negative_positive
112,666,168287,467.4638888888889,NORMAL,N,,,,168269,168298,168332,168407,168447,biphasic_negative_positive
112,667,168539,468.1638888888889,NORMAL,N,,,,168521,168548,168594,168659,168688,biphasic_negative_positive
112,668,168794,468.8722222222222,NORMAL,N,,,,168784,168805,168835,168917,168954,biphasic_negative_positive
112,669,169052,469.5888888888889,NORMAL,N,,,,169036,169061,169108,169171,169213,biphasic_negative_positive
112,670,169304,470.2888888888889,NORMAL,N,,,,169289,169314,169353,169424,169465,biphasic_negative_positive
112,671,169557,470.9916666666667,NORMAL,N,,,,169539,169566,169604,169676,169695,biphasic_negative_positive
112,672,169811,471.6972222222222,NORMAL,N,,,,169794,169821,169856,169934,169963,biphasic_negative_positive
112,673,170067,472.40833333333336,NORMAL,N,,,,170057,170078,170118,170188,170231,biphasic_negative_positive
112,674,170325,473.125,NORMAL,N,,,,170311,170335,170368,170445,170466,biphasic_negative_positive
112,675,170578,473.8277777777778,NORMAL,N,,,,170560,170588,170626,170699,170731,biphasic_negative_positive
112,676,170835,474.5416666666667,NORMAL,N,,,,170823,170850,170889,170954,170971,biphasic_negative_positive
112,677,171091,475.2527777777778,NORMAL,N,,,,171080,171100,171132,171212,171222,biphasic_negative_positive
112,678,171347,475.9638888888889,NORMAL,N,,,,171331,171357,171394,171431,171468,inverted
112,679,171607,476.68611111111113,NORMAL,N,,,,171595,171617,171649,171732,171761,biphasic_negative_positive
112,680,171862,477.39444444444445,NORMAL,N,,,,171839,171872,171901,171985,172026,biphasic_negative_positive
112,681,172123,478.11944444444447,NORMAL,N,,,,172102,172133,172176,172243,172257,biphasic_negative_positive
112,682,172381,478.8361111111111,NORMAL,N,,,,172363,172390,172427,172512,172527,biphasic_negative_positive
112,683,172649,479.5805555555556,NORMAL,N,,,,172627,172657,172690,172771,172807,biphasic_negative_positive
112,684,172910,480.30555555555554,NORMAL,N,,,,172885,172920,172966,172999,173031,inverted
112,685,173165,481.0138888888889,NORMAL,N,,,,173155,173176,173219,173288,173309,biphasic_negative_positive
112,686,173426,481.7388888888889,NORMAL,N,,,,173402,173441,173465,173548,173582,biphasic_negative_positive
112,687,173681,482.4472222222222,NORMAL,N,,,,173672,173691,173726,173766,173803,inverted
112,688,173942,483.1722222222222,NORMAL,N,,,,173926,173952,173989,174028,174063,inverted
112,689,174196,483.8777777777778,NORMAL,N,,,,174185,174207,174241,174324,174357,biphasic_negative_positive
112,690,174456,484.6,NORMAL,N,,,,174432,174466,174502,174577,174608,biphasic_negative_positive
112,691,174709,485.3027777777778,NORMAL,N,,,,174693,174718,174746,174832,174859,biphasic_negative_positive
112,692,174963,486.0083333333333,NORMAL,N,,,,174950,174973,175008,175086,175100,biphasic_negative_positive
112,693,175222,486.72777777777776,NORMAL,N,,,,175209,175233,175276,175346,175374,biphasic_negative_positive
112,694,175480,487.44444444444446,NORMAL,N,,,,175463,175491,175535,175602,175639,biphasic_negative_positive
112,695,175734,488.15,NORMAL,N,,,,175714,175743,175785,175851,175881,biphasic_negative_positive
112,696,175986,488.85,NORMAL,N,,,,175961,175996,176042,176109,176141,biphasic_negative_positive
112,697,176243,489.56388888888887,NORMAL,N,,,,176229,176253,176282,176369,176396,biphasic_negative_positive
112,698,176499,490.275,NORMAL,N,,,,176483,176509,176535,176620,176636,biphasic_negative_positive
112,699,176755,490.9861111111111,NORMAL,N,,,,176745,176766,176812,176882,176913,biphasic_negative_positive
112,700,177017,491.7138888888889,NORMAL,N,,,,177000,177028,177064,177136,177168,biphasic_negative_positive
112,701,177272,492.4222222222222,NORMAL,N,,,,177261,177282,177327,177394,177429,biphasic_negative_positive
112,702,177528,493.1333333333333,NORMAL,N,,,,177504,177538,177575,177648,177692,biphasic_negative_positive
112,703,177789,493.85833333333335,NORMAL,N,,,,177778,177801,177842,177912,177945,biphasic_negative_positive
112,704,178048,494.5777777777778,NORMAL,N,,,,178032,178059,178093,178169,178200,biphasic_negative_positive
112,705,178305,495.2916666666667,NORMAL,N,,,,178295,178316,178336,178422,178460,biphasic_negative_positive
112,706,178556,495.9888888888889,NORMAL,N,,,,178546,178565,178598,178677,178722,biphasic_negative_positive
112,707,178811,496.6972222222222,NORMAL,N,,,,178787,178833,178860,178931,178960,biphasic_negative_positive
112,708,179067,497.40833333333336,NORMAL,N,,,,179052,179076,179126,179184,179228,biphasic_negative_positive
112,709,179321,498.1138888888889,NORMAL,N,,,,179308,179330,179355,179441,179471,biphasic_negative_positive
112,710,179579,498.8305555555556,NORMAL,N,,,,179569,179591,179632,179700,179734,biphasic_negative_positive
112,711,179835,499.5416666666667,NORMAL,N,,,,179820,179844,179865,179955,179994,biphasic_negative_positive
112,712,180088,500.24444444444447,NORMAL,N,,,,180071,180098,180139,180207,180239,biphasic_negative_positive
112,713,180347,500.9638888888889,NORMAL,N,,,,180335,180357,180381,180471,180501,biphasic_negative_positive
112,714,180609,501.69166666666666,NORMAL,N,,,,180590,180619,180664,180732,180769,biphasic_negative_positive
112,715,180868,502.4111111111111,NORMAL,N,,,,180853,180878,180915,180992,181013,biphasic_negative_positive
112,716,181121,503.1138888888889,NORMAL,N,,,,181094,181130,181160,181246,181284,biphasic_negative_positive
112,717,181379,503.8305555555556,NORMAL,N,,,,181366,181389,181412,181502,181524,biphasic_negative_positive
112,718,181635,504.5416666666667,NORMAL,N,,,,181622,181645,181676,181757,181778,biphasic_negative_positive
112,719,181892,505.25555555555553,NORMAL,N,,,,181875,181902,181924,182012,182044,biphasic_negative_positive
112,720,182156,505.9888888888889,NORMAL,N,,,,182139,182164,182213,182283,182326,biphasic_negative_positive
112,721,182416,506.7111111111111,NORMAL,N,,,,182403,182426,182468,182502,182535,inverted
112,722,182675,507.43055555555554,NORMAL,N,,,,182664,182684,182722,182761,182793,inverted
112,723,182930,508.1388888888889,NORMAL,N,,,,182917,182941,182972,183021,183055,inverted
112,724,183197,508.88055555555553,NORMAL,N,,,,183183,183206,183257,183320,183347,biphasic_negative_positive
112,725,183457,509.60277777777776,NORMAL,N,,,,183443,183467,183497,183580,183613,biphasic_negative_positive
112,726,183713,510.31388888888887,NORMAL,N,,,,183698,183721,183766,183838,183863,biphasic_negative_positive
112,727,183978,511.05,NORMAL,N,,,,183965,183988,184029,184063,184098,inverted
112,728,184236,511.76666666666665,NORMAL,N,,,,184224,184246,184280,184359,184373,biphasic_negative_positive
112,729,184497,512.4916666666667,NORMAL,N,,,,184478,184507,184554,184624,184656,biphasic_negative_positive
112,730,184765,513.2361111111111,NORMAL,N,,,,184752,184776,184809,184891,184926,biphasic_negative_positive
112,731,185034,513.9833333333333,NORMAL,N,,,,185020,185043,185073,185158,185186,biphasic_negative_positive
112,732,185300,514.7222222222222,NORMAL,N,,,,185274,185308,185362,185423,185448,biphasic_negative_positive
112,733,185566,515.4611111111111,NORMAL,N,,,,185550,185576,185613,185696,185740,biphasic_negative_positive
112,734,185837,516.2138888888888,NORMAL,N,,,,185813,185848,185884,185963,185995,biphasic_negative_positive
112,735,186107,516.9638888888888,NORMAL,N,,,,186089,186117,186146,186228,186265,biphasic_negative_positive
112,736,186363,517.675,NORMAL,N,,,,186351,186385,186427,186487,186518,biphasic_negative_positive
112,737,186633,518.425,NORMAL,N,,,,186618,186643,186686,186754,186782,biphasic_negative_positive
112,738,186896,519.1555555555556,NORMAL,N,,,,186870,186907,186935,187016,187040,biphasic_negative_positive
112,739,187156,519.8777777777777,NORMAL,N,,,,187146,187166,187198,187278,187310,biphasic_negative_positive
112,740,187423,520.6194444444444,NORMAL,N,,,,187409,187432,187464,187548,187578,biphasic_negative_positive
112,741,187682,521.3388888888888,NORMAL,N,,,,187672,187693,187718,187807,187840,biphasic_negative_positive
112,742,187941,522.0583333333333,NORMAL,N,,,,187917,187950,187981,188062,188093,biphasic_negative_positive
112,743,188199,522.775,NORMAL,N,,,,188189,188210,188235,188329,188372,biphasic_negative_positive
112,744,188466,523.5166666666667,NORMAL,N,,,,188444,188488,188506,188590,188616,biphasic_negative_positive
112,745,188729,524.2472222222223,NORMAL,N,,,,188718,188740,188780,188850,188876,biphasic_negative_positive
112,746,188985,524.9583333333334,NORMAL,N,,,,188959,188994,189036,189108,189143,biphasic_negative_positive
112,747,189254,525.7055555555555,NORMAL,N,,,,189236,189262,189296,189376,189390,biphasic_negative_positive
112,748,189514,526.4277777777778,NORMAL,N,,,,189489,189523,189576,189638,189676,biphasic_negative_positive
112,749,189772,527.1444444444444,NORMAL,N,,,,189760,189783,189829,189899,189926,biphasic_negative_positive
112,750,190037,527.8805555555556,NORMAL,N,,,,190026,190049,190069,190166,190204,biphasic_negative_positive
112,751,190300,528.6111111111111,NORMAL,N,,,,190272,190309,190334,190426,190458,biphasic_negative_positive
112,752,190561,529.3361111111111,NORMAL,N,,,,190533,190571,190607,190680,190713,biphasic_negative_positive
112,753,190821,530.0583333333333,NORMAL,N,,,,190808,190844,190864,190947,190986,biphasic_negative_positive
112,754,191090,530.8055555555555,NORMAL,N,,,,191077,191098,191137,191209,191243,biphasic_negative_positive
112,755,191348,531.5222222222222,NORMAL,N,,,,191335,191358,191388,191467,191492,biphasic_negative_positive
112,756,191602,532.2277777777778,NORMAL,N,,,,191589,191610,191649,191724,191744,biphasic_negative_positive
112,757,191863,532.9527777777778,NORMAL,N,,,,191852,192128,191909,191982,192019,biphasic_negative_positive
112,758,192128,533.6888888888889,NORMAL,N,,,,192107,,192167,192241,192279,biphasic_negative_positive
112,759,192376,534.3777777777777,NORMAL,N,,,,192366,192386,192421,192498,192537,biphasic_negative_positive
112,760,192637,535.1027777777778,NORMAL,N,,,,192610,192905,192687,192766,192786,biphasic_negative_positive
112,761,192905,535.8472222222222,NORMAL,N,,,,192884,,192953,193015,193029,biphasic_negative_positive
112,762,193146,536.5166666666667,NORMAL,N,,,,193126,193155,193209,193272,193300,biphasic_negative_positive
112,763,193405,537.2361111111111,NORMAL,N,,,,193392,193415,193462,193531,193568,biphasic_negative_positive
112,764,193663,537.9527777777778,NORMAL,N,,,,193642,193673,193720,193788,193806,biphasic_negative_positive
112,765,193919,538.6638888888889,NORMAL,N,,,,193905,193929,193960,194043,194067,biphasic_negative_positive
112,766,194171,539.3638888888889,NORMAL,N,,,,194159,194179,194221,194290,194311,biphasic_negative_positive
112,767,194417,540.0472222222222,NORMAL,N,,,,194408,194434,194462,194543,194565,biphasic_negative_positive
112,768,194681,540.7805555555556,NORMAL,N,,,,194663,194682,194727,194794,194826,biphasic_negative_positive
112,769,194919,541.4416666666667,NORMAL,N,,,,194903,194928,194970,195039,195074,biphasic_negative_positive
112,770,195176,542.1555555555556,NORMAL,N,,,,195154,195177,195221,195285,195315,biphasic_negative_positive
112,771,195416,542.8222222222222,NORMAL,N,,,,195405,195425,195461,195538,195573,biphasic_negative_positive
112,772,195663,543.5083333333333,NORMAL,N,,,,195650,195673,195702,195783,195810,biphasic_negative_positive
112,773,195900,544.1666666666666,NORMAL,N,,,,195887,195911,195949,196020,196053,biphasic_negative_positive
112,774,196149,544.8583333333333,NORMAL,N,,,,196137,196412,196192,196277,196296,biphasic_negative_positive
112,775,196412,545.5888888888888,NORMAL,N,,,,196388,,196454,196520,196555,biphasic_negative_positive
112,776,196660,546.2777777777778,NORMAL,N,,,,196634,196899,196718,196768,196801,biphasic_negative_positive
112,777,196899,546.9416666666667,NORMAL,N,,,,196873,,196935,197011,197049,biphasic_negative_positive
112,778,197146,547.6277777777777,NORMAL,N,,,,197134,197157,197204,197267,197303,biphasic_negative_positive
112,779,197397,548.325,NORMAL,N,,,,197378,197647,197430,197509,197544,biphasic_negative_positive
112,780,197647,549.0194444444444,NORMAL,N,,,,197626,,197668,197758,197785,biphasic_negative_positive
112,781,197900,549.7222222222222,NORMAL,N,,,,197879,197901,197950,198017,198048,biphasic_negative_positive
112,782,198156,550.4333333333333,NORMAL,N,,,,198133,198403,198204,198263,198299,biphasic_negative_positive
112,783,198403,551.1194444444444,NORMAL,N,,,,198374,,198447,198514,198539,biphasic_negative_positive
112,784,198650,551.8055555555555,NORMAL,N,198561,198568,198582,198626,198663,198729,198764,198788,normal
112,785,198896,552.4888888888889,NORMAL,N,198819,198841,198861,198883,198919,198952,199018,199061,biphasic_negative_positive
112,786,199146,553.1833333333333,NORMAL,N,199070,199094,199114,199134,199168,199206,199267,199298,biphasic_negative_positive
112,787,199398,553.8833333333333,NORMAL,N,199322,199344,199365,199383,199421,199438,199516,199545,biphasic_negative_positive
112,788,199642,554.5611111111111,NORMAL,N,199571,199588,199605,199628,199663,199687,199760,199783,biphasic_negative_positive
112,789,199890,555.25,NORMAL,N,199824,199837,199861,199876,199913,199923,200011,200031,biphasic_negative_positive
112,790,200138,555.9388888888889,NORMAL,N,200065,200085,200103,200124,200159,200174,200259,200293,biphasic_negative_positive
112,791,200387,556.6305555555556,NORMAL,N,200313,200333,200355,200375,200404,200437,200511,200547,biphasic_negative_positive
112,792,200638,557.3277777777778,NORMAL,N,200560,200583,200605,200625,200660,200696,200764,200787,biphasic_negative_positive
112,793,200892,558.0333333333333,NORMAL,N,200822,200837,200857,200879,200911,200938,201012,201045,biphasic_negative_positive
112,794,201140,558.7222222222222,NORMAL,N,201068,201088,201108,201126,201163,201185,201261,201299,biphasic_negative_positive
112,795,201393,559.425,NORMAL,N,201322,201339,201358,201380,201414,201460,201518,201555,biphasic_negative_positive
112,796,201653,560.1472222222222,NORMAL,N,201578,201598,201618,201639,201674,201699,201774,201805,biphasic_negative_positive
112,797,201907,560.8527777777778,NORMAL,N,201834,201853,201872,201892,201930,201961,202029,202056,biphasic_negative_positive
112,798,202160,561.5555555555555,NORMAL,N,202084,202109,202128,202147,202182,202214,202277,202303,biphasic_negative_positive
112,799,202414,562.2611111111111,NORMAL,N,202337,202359,202377,202399,202436,202474,202536,202552,biphasic_negative_positive
112,800,202664,562.9555555555555,NORMAL,N,202592,202612,202632,202652,202687,202721,202789,202828,biphasic_negative_positive
112,801,202914,563.65,NORMAL,N,202840,202860,202882,202900,202931,202978,202997,203032,inverted
112,802,203165,564.3472222222222,NORMAL,N,203091,203110,203128,203151,203181,203206,203288,203308,biphasic_negative_positive
112,803,203417,565.0472222222222,NORMAL,N,203342,203362,203387,203403,203440,203460,203537,203571,biphasic_negative_positive
112,804,203665,565.7361111111111,NORMAL,N,203590,203610,203628,203651,203686,203701,203784,203796,biphasic_negative_positive
112,805,203911,566.4194444444445,NORMAL,N,203838,203859,203881,203898,203932,203971,204032,204057,biphasic_negative_positive
112,806,204159,567.1083333333333,NORMAL,N,204084,204104,204124,204145,204180,204200,204285,204302,biphasic_negative_positive
112,807,204412,567.8111111111111,NORMAL,N,204340,204359,204378,204398,204430,204443,204532,204562,biphasic_negative_positive
112,808,204658,568.4944444444444,NORMAL,N,204585,204604,204624,204645,204681,204708,204783,204810,biphasic_negative_positive
112,809,204906,569.1833333333333,NORMAL,N,204841,204854,204872,204893,204926,204954,205027,205049,biphasic_negative_positive
112,810,205159,569.8861111111111,NORMAL,N,205083,205104,205126,205145,205178,205210,205279,205311,biphasic_negative_positive
112,811,205406,570.5722222222222,NORMAL,N,205336,205353,205373,205393,205428,205474,205525,205556,biphasic_negative_positive
112,812,205657,571.2694444444444,NORMAL,N,205583,205601,205623,205644,205679,205717,205777,205807,biphasic_negative_positive
112,813,205909,571.9694444444444,NORMAL,N,205836,205857,205877,205896,205933,205946,206035,206067,biphasic_negative_positive
112,814,206162,572.6722222222222,NORMAL,N,206091,206107,206130,206149,206180,206197,206284,206318,biphasic_negative_positive
112,815,206409,573.3583333333333,NORMAL,N,206335,206356,206377,206395,206427,206447,206533,206561,biphasic_negative_positive
112,816,206659,574.0527777777778,NORMAL,N,206585,206605,206622,206645,206678,206697,206779,206820,biphasic_negative_positive
112,817,206909,574.7472222222223,NORMAL,N,206837,206855,206875,206896,206930,206952,207031,207067,biphasic_negative_positive
112,818,207156,575.4333333333333,NORMAL,N,207085,207105,207125,207142,207179,207194,207276,207316,biphasic_negative_positive
112,819,207407,576.1305555555556,NORMAL,N,207332,207352,207375,207392,207429,207495,207520,207557,normal
112,820,207645,576.7916666666666,NORMAL,N,207571,207592,207611,207630,207669,207681,207767,207793,biphasic_negative_positive
112,821,207896,577.4888888888889,NORMAL,N,207823,207845,207862,207882,207916,207925,208015,208036,biphasic_negative_positive
112,822,208143,578.175,NORMAL,N,208071,208092,208107,208131,208159,208197,208262,208292,biphasic_negative_positive
112,823,208387,578.8527777777778,NORMAL,N,208313,208331,208352,208364,208406,208426,208506,208543,biphasic_negative_positive
112,824,208639,579.5527777777778,NORMAL,N,208568,208584,208603,208626,208658,208700,208756,208792,biphasic_negative_positive
112,825,208885,580.2361111111111,NORMAL,N,208818,208834,208855,208872,208905,208935,209003,209032,biphasic_negative_positive
112,826,209134,580.9277777777778,NORMAL,N,209064,209084,209102,209120,209154,209176,209251,209279,biphasic_negative_positive
112,827,209382,581.6166666666667,NORMAL,N,209312,209327,209347,209369,209401,209424,209504,209531,biphasic_negative_positive
112,828,209636,582.3222222222222,NORMAL,N,209570,209582,209604,209623,209656,209729,209755,209789,normal
112,829,209886,583.0166666666667,NORMAL,N,209814,209833,209853,209873,209908,209950,210004,210035,biphasic_negative_positive
112,830,210138,583.7166666666667,NORMAL,N,210066,210089,210104,210125,210158,210225,210251,210283,normal
112,831,210386,584.4055555555556,NORMAL,N,210317,210332,210353,210370,210410,210445,210505,210535,biphasic_negative_positive
112,832,210635,585.0972222222222,NORMAL,N,210564,210582,210603,210622,210658,210682,210753,210787,biphasic_negative_positive
112,833,210883,585.7861111111112,NORMAL,N,210811,210830,210849,210869,210905,210946,211003,211043,biphasic_negative_positive
112,834,211136,586.4888888888889,NORMAL,N,211064,211082,211100,211123,211156,211200,211255,211295,biphasic_negative_positive
112,835,211385,587.1805555555555,NORMAL,N,211311,211331,211354,211371,211406,211433,211506,211533,biphasic_negative_positive
112,836,211630,587.8611111111111,NORMAL,N,211558,211576,211595,211616,211649,211673,211749,211780,biphasic_negative_positive
112,837,211874,588.5388888888889,NORMAL,N,211801,211820,211841,211861,211897,211966,211993,212025,normal
112,838,212120,589.2222222222222,NORMAL,N,212046,212067,212087,212107,212142,212160,212243,212274,biphasic_negative_positive
112,839,212369,589.9138888888889,NORMAL,N,212296,212317,212337,212356,212391,212421,212487,212520,biphasic_negative_positive
112,840,212615,590.5972222222222,NORMAL,N,212543,212563,212583,212603,212633,212665,212736,212772,biphasic_negative_positive
112,841,212854,591.2611111111111,NORMAL,N,212783,212803,212824,212841,212872,212893,212974,213011,biphasic_negative_positive
112,842,213100,591.9444444444445,NORMAL,N,213029,213046,213066,213086,213123,213154,213216,213247,biphasic_negative_positive
112,843,213342,592.6166666666667,NORMAL,N,213271,213289,213309,213329,213364,213377,213462,213501,biphasic_negative_positive
112,844,213587,593.2972222222222,NORMAL,N,213516,213534,213553,213573,213609,213616,213706,213740,biphasic_negative_positive
112,845,213834,593.9833333333333,NORMAL,N,213763,213781,213801,213819,213855,213891,213955,213995,biphasic_negative_positive
112,846,214082,594.6722222222222,NORMAL,N,214010,214030,214051,214069,214101,214117,214200,214234,biphasic_negative_positive
112,847,214328,595.3555555555556,NORMAL,N,214256,214277,214297,214315,214350,214372,214446,214476,biphasic_negative_positive
112,848,214574,596.0388888888889,NORMAL,N,214502,214520,214541,214560,214591,214612,214689,214724,biphasic_negative_positive
112,849,214823,596.7305555555556,NORMAL,N,214748,214769,214790,214809,214845,214863,214946,214979,biphasic_negative_positive
112,850,215074,597.4277777777778,NORMAL,N,215004,215023,215042,215061,215097,215125,215192,215224,biphasic_negative_positive
112,851,215326,598.1277777777777,NORMAL,N,215265,215275,215292,215314,215347,215371,215442,215471,biphasic_negative_positive
112,852,215568,598.8,NORMAL,N,215495,215517,215536,215554,215587,215605,215692,215730,biphasic_negative_positive
112,853,215820,599.5,NORMAL,N,215748,215766,215786,215806,215836,215869,215936,215963,biphasic_negative_positive
112,854,216064,600.1777777777778,NORMAL,N,215992,216011,216033,216050,216081,216106,216185,216217,biphasic_negative_positive
112,855,216312,600.8666666666667,NORMAL,N,216239,216259,216279,216299,216332,216365,216432,216458,biphasic_negative_positive
112,856,216563,601.5638888888889,NORMAL,N,216487,216509,216528,216550,216583,216605,216684,216717,biphasic_negative_positive
112,857,216813,602.2583333333333,NORMAL,N,216742,216762,216785,216799,216835,216860,216931,216963,biphasic_negative_positive
112,858,217062,602.95,NORMAL,N,216994,217009,217028,217048,217079,217106,217178,217214,biphasic_negative_positive
112,859,217307,603.6305555555556,NORMAL,N,217234,217253,217275,217294,217329,217361,217426,217464,biphasic_negative_positive
112,860,217562,604.3388888888888,NORMAL,N,217489,217510,217528,217548,217587,217611,217682,217707,biphasic_negative_positive
112,861,217811,605.0305555555556,NORMAL,N,217736,217760,217777,217799,217833,217860,217934,217969,biphasic_negative_positive
112,862,218060,605.7222222222222,NORMAL,N,217989,218010,218030,218047,218077,218104,218179,218206,biphasic_negative_positive
112,863,218309,606.4138888888889,NORMAL,N,218232,218252,218271,218294,218323,218353,218429,218454,biphasic_negative_positive
112,864,218552,607.0888888888888,NORMAL,N,218481,218499,218523,218539,218571,218602,218675,218700,biphasic_negative_positive
112,865,218803,607.7861111111112,NORMAL,N,218734,218751,218770,218790,218824,218860,218921,218955,biphasic_negative_positive
112,866,219054,608.4833333333333,NORMAL,N,218981,218999,219020,219040,219077,219099,219177,219195,biphasic_negative_positive
112,867,219312,609.2,NORMAL,N,219239,219259,219280,219299,219334,219365,219429,219470,biphasic_negative_positive
112,868,219565,609.9027777777778,NORMAL,N,219490,219510,219530,219552,219585,219618,219684,219710,biphasic_negative_positive
112,869,219815,610.5972222222222,NORMAL,N,219744,219764,219782,219802,219836,219864,219933,219962,biphasic_negative_positive
112,870,220075,611.3194444444445,NORMAL,N,219998,220017,220040,220062,220096,220122,220196,220239,biphasic_negative_positive
112,871,220329,612.025,NORMAL,N,220257,220276,220297,220314,220352,220363,220450,220478,biphasic_negative_positive
112,872,220585,612.7361111111111,NORMAL,N,220513,220530,220550,220571,220602,220648,220703,220732,biphasic_negative_positive
112,873,220826,613.4055555555556,NORMAL,N,220755,220776,220797,220813,220844,220878,220950,220995,biphasic_negative_positive
112,874,221083,614.1194444444444,NORMAL,N,221005,221030,221051,221069,221101,221118,221201,221227,biphasic_negative_positive
112,875,221329,614.8027777777778,NORMAL,N,221257,221278,221298,221317,221349,221369,221447,221489,biphasic_negative_positive
112,876,221580,615.5,NORMAL,N,221507,221527,221546,221566,221602,221621,221696,221719,biphasic_negative_positive
112,877,221832,616.2,NORMAL,N,221758,221779,221798,221820,221853,221898,221954,221987,biphasic_negative_positive
112,878,222086,616.9055555555556,NORMAL,N,222015,222034,222054,222073,222107,222124,222204,222237,biphasic_negative_positive
112,879,222338,617.6055555555556,NORMAL,N,222266,222283,222305,222326,222357,222390,222455,222494,biphasic_negative_positive
112,880,222589,618.3027777777778,NORMAL,N,222517,222537,222556,222576,222613,222632,222714,222752,biphasic_negative_positive
112,881,222850,619.0277777777778,NORMAL,N,222776,222794,222816,222836,222869,222883,222968,223002,biphasic_negative_positive
112,882,223104,619.7333333333333,NORMAL,N,223031,223051,223072,223091,223126,223148,223223,223257,biphasic_negative_positive
112,883,223355,620.4305555555555,NORMAL,N,223287,223301,223321,223339,223374,223406,223473,223493,biphasic_negative_positive
112,884,223609,621.1361111111111,NORMAL,N,223536,223556,223579,223596,223631,223659,223730,223756,biphasic_negative_positive
112,885,223863,621.8416666666667,NORMAL,N,223793,223809,223836,223848,223884,223925,223983,224008,biphasic_negative_positive
112,886,224115,622.5416666666666,NORMAL,N,224043,224064,224082,224101,224137,224155,224237,224264,biphasic_negative_positive
112,887,224370,623.25,NORMAL,N,224296,224315,224338,224356,224390,224425,224515,224529,biphasic_negative_positive
112,888,224625,623.9583333333334,NORMAL,N,224550,224575,224594,224612,224647,224675,224749,224786,biphasic_negative_positive
112,889,224879,624.6638888888889,NORMAL,N,224807,224825,224847,224865,224902,224924,224999,225033,biphasic_negative_positive
112,890,225127,625.3527777777778,NORMAL,N,225063,225077,225097,225114,225147,225181,225251,225266,biphasic_negative_positive
112,891,225390,626.0833333333334,NORMAL,N,225324,225337,225353,225376,225411,225440,225508,225529,biphasic_negative_positive
112,892,225641,626.7805555555556,NORMAL,N,225568,225588,225605,225628,225661,225683,225763,225800,biphasic_negative_positive
112,893,225893,627.4805555555556,NORMAL,N,225821,225844,225863,225879,225913,225935,226008,226024,biphasic_negative_positive
112,894,226139,628.1638888888889,NORMAL,N,226067,226085,226107,226125,226159,226198,226266,226304,biphasic_negative_positive
112,895,226392,628.8666666666667,NORMAL,N,226324,226341,226361,226379,226410,226430,226512,226551,biphasic_negative_positive
112,896,226642,629.5611111111111,NORMAL,N,226567,226589,226609,226628,226664,226691,226763,226805,biphasic_negative_positive
112,897,226889,630.2472222222223,NORMAL,N,226817,226835,226855,226875,226912,226934,227016,227033,biphasic_negative_positive
112,898,227148,630.9666666666667,NORMAL,N,227076,227095,227112,227135,227170,227192,227270,227299,biphasic_negative_positive
112,899,227398,631.6611111111112,NORMAL,N,227328,227345,227368,227386,227414,227449,227521,227538,biphasic_negative_positive
112,900,227645,632.3472222222222,NORMAL,N,227573,227594,227614,227632,227662,227697,227767,227792,biphasic_negative_positive
112,901,227899,633.0527777777778,NORMAL,N,227826,227843,227864,227886,227916,227940,228024,228057,biphasic_negative_positive
112,902,228157,633.7694444444444,NORMAL,N,228087,228107,228126,228143,228180,228205,228279,228318,biphasic_negative_positive
112,903,228415,634.4861111111111,NORMAL,N,228342,228361,228381,228401,228433,228445,228534,228574,biphasic_negative_positive
112,904,228661,635.1694444444445,NORMAL,N,228590,228610,228630,228647,228684,228706,228783,228821,biphasic_negative_positive
112,905,228921,635.8916666666667,NORMAL,N,228848,228866,228885,228907,228940,228970,229039,229064,biphasic_negative_positive
112,906,229172,636.5888888888888,NORMAL,N,229101,229120,229141,229158,229195,229226,229293,229328,biphasic_negative_positive
112,907,229427,637.2972222222222,NORMAL,N,229352,229373,229396,229412,229447,229485,229550,229572,biphasic_negative_positive
112,908,229686,638.0166666666667,NORMAL,N,229610,229631,229654,229672,229708,229720,229813,229854,biphasic_negative_positive
112,909,229943,638.7305555555556,NORMAL,N,229873,229890,229911,229930,229960,229981,230063,230101,biphasic_negative_positive
112,910,230192,639.4222222222222,NORMAL,N,230121,230141,230162,230179,230209,230242,230314,230336,biphasic_negative_positive
112,911,230442,640.1166666666667,NORMAL,N,230373,230390,230409,230429,230462,230502,230568,230600,biphasic_negative_positive
112,912,230704,640.8444444444444,NORMAL,N,230626,230650,230673,230692,230726,230760,230825,230864,biphasic_negative_positive
112,913,230958,641.55,NORMAL,N,230886,230905,230922,230945,230980,231010,231078,231105,biphasic_negative_positive
112,914,231211,642.2527777777777,NORMAL,N,231141,231159,231179,231199,231231,231252,231327,231360,biphasic_negative_positive
112,915,231461,642.9472222222222,NORMAL,N,231389,231409,231428,231448,231484,231523,231583,231608,biphasic_negative_positive
112,916,231717,643.6583333333333,NORMAL,N,231644,231664,231683,231704,231737,231770,231835,231868,biphasic_negative_positive
112,917,231965,644.3472222222222,NORMAL,N,231892,231913,231933,231951,231987,232001,232085,232119,biphasic_negative_positive
112,918,232219,645.0527777777778,NORMAL,N,232143,232165,232183,232206,232239,232267,232344,232374,biphasic_negative_positive
112,919,232475,645.7638888888889,NORMAL,N,232401,232421,232443,232461,232492,232525,232599,232629,biphasic_negative_positive
112,920,232724,646.4555555555555,NORMAL,N,232653,232671,232690,232711,232742,232766,232842,232883,biphasic_negative_positive
112,921,232970,647.1388888888889,NORMAL,N,232897,232918,232938,232957,232993,233020,233092,233124,biphasic_negative_positive
112,922,233224,647.8444444444444,NORMAL,N,233147,233169,233187,233210,233248,233280,233347,233394,biphasic_negative_positive
112,923,233478,648.55,NORMAL,N,233407,233427,233446,233466,233500,233517,233598,233637,biphasic_negative_positive
112,924,233729,649.2472222222223,NORMAL,N,233661,233676,233694,233714,233752,233758,233847,233861,biphasic_negative_positive
112,925,233975,649.9305555555555,NORMAL,N,233905,233921,233940,233962,233994,234015,234097,234139,biphasic_negative_positive
112,926,234229,650.6361111111111,NORMAL,N,234154,234178,234198,234215,234253,234278,234352,234370,biphasic_negative_positive
112,927,234477,651.325,NORMAL,N,234405,234422,234441,234464,234495,234520,234595,234627,biphasic_negative_positive
112,928,234721,652.0027777777777,NORMAL,N,234647,234668,234689,234708,234738,234770,234844,234875,biphasic_negative_positive
112,929,234971,652.6972222222222,NORMAL,N,234897,234918,234937,234958,234989,235013,235096,235127,biphasic_negative_positive
112,930,235224,653.4,NORMAL,N,235153,235170,235190,235210,235240,235272,235340,235379,biphasic_negative_positive
112,931,235467,654.075,NORMAL,N,235391,235416,235438,235454,235489,235506,235589,235619,biphasic_negative_positive
112,932,235715,654.7638888888889,NORMAL,N,235645,235662,235682,235702,235734,235764,235837,235881,biphasic_negative_positive
112,933,235972,655.4777777777778,NORMAL,N,235897,235919,235939,235958,235995,236033,236092,236121,biphasic_negative_positive
112,934,236218,656.1611111111112,NORMAL,N,236147,236167,236186,236205,236238,236259,236339,236379,biphasic_negative_positive
112,935,236481,656.8916666666667,NORMAL,N,236400,236419,236439,236458,236490,236513,236586,236615,biphasic_negative_positive
112,936,236717,657.5472222222222,NORMAL,N,236639,236661,236684,236704,236740,236767,236838,236864,biphasic_negative_positive
112,937,236973,658.2583333333333,NORMAL,N,236900,236919,236939,236958,236994,237028,237088,237108,biphasic_negative_positive
112,938,237218,658.9388888888889,NORMAL,N,237145,237167,237188,237204,237241,237254,237342,237371,biphasic_negative_positive
112,939,237472,659.6444444444444,NORMAL,N,237399,237417,237437,237458,237491,237514,237594,237635,biphasic_negative_positive
112,940,237723,660.3416666666667,NORMAL,N,237648,237668,237689,237710,237739,237780,237848,237879,biphasic_negative_positive
112,941,237971,661.0305555555556,NORMAL,N,237901,237920,237940,237958,237990,238010,238090,238129,biphasic_negative_positive
112,942,238220,661.7222222222222,NORMAL,N,238145,238165,238185,238205,238241,238254,238340,238370,biphasic_negative_positive
112,943,238468,662.4111111111112,NORMAL,N,238395,238415,238436,238455,238491,238516,238593,238619,biphasic_negative_positive
112,944,238725,663.125,NORMAL,N,238651,238672,238691,238713,238747,238765,238842,238872,biphasic_negative_positive
112,945,238971,663.8083333333333,NORMAL,N,238898,238919,238939,238958,238993,239018,239089,239125,biphasic_negative_positive
112,946,239217,664.4916666666667,NORMAL,N,239160,239171,239186,239194,239240,239268,239335,239379,biphasic_negative_positive
112,947,239469,665.1916666666667,NORMAL,N,239401,239413,239437,239456,239491,239537,239592,239626,biphasic_negative_positive
112,948,239717,665.8805555555556,NORMAL,N,239646,239669,239685,239703,239737,239757,239840,239853,biphasic_negative_positive
112,949,239965,666.5694444444445,NORMAL,N,239897,239912,239936,239951,239983,240020,240090,240116,biphasic_negative_positive
112,950,240216,667.2666666666667,NORMAL,N,240144,240161,240185,240203,240235,240262,240343,240363,biphasic_negative_positive
112,951,240482,668.0055555555556,NORMAL,N,240399,240419,240440,240458,240490,240534,240589,240614,biphasic_negative_positive
112,952,240719,668.6638888888889,NORMAL,N,240641,240665,240684,240707,240739,240762,240843,240877,biphasic_negative_positive
112,953,240981,669.3916666666667,NORMAL,N,240910,240920,240936,240957,240989,241029,241090,241131,biphasic_negative_positive
112,954,241237,670.1027777777778,NORMAL,N,241154,241170,241190,241213,241244,241291,241351,241376,biphasic_negative_positive
112,955,241490,670.8055555555555,NORMAL,N,241408,241431,241445,241466,241499,241533,241605,241627,biphasic_negative_positive
112,956,241746,671.5166666666667,NORMAL,N,241657,241680,241703,241721,241754,241775,241855,241885,biphasic_negative_positive
112,957,241989,672.1916666666667,NORMAL,N,241911,241930,241950,241966,242000,242021,242103,242123,biphasic_negative_positive
112,958,242235,672.875,NORMAL,N,242164,242183,242200,242222,242256,242275,242351,242400,biphasic_negative_positive
112,959,242489,673.5805555555555,NORMAL,N,242410,242426,242447,242466,242503,242543,242597,242612,biphasic_negative_positive
112,960,242739,674.275,NORMAL,N,242658,242677,242695,242715,242753,242786,242812,242848,inverted
112,961,242979,674.9416666666667,NORMAL,N,242906,242925,242945,242966,242998,243021,243104,243127,biphasic_negative_positive
112,962,243224,675.6222222222223,NORMAL,N,243157,243173,243195,243211,243240,243272,243345,243364,biphasic_negative_positive
112,963,243468,676.3,NORMAL,N,243397,243416,243434,243454,243488,243526,243588,243619,biphasic_negative_positive
112,964,243712,676.9777777777778,NORMAL,N,243642,243660,243680,243700,243730,243765,243836,243867,biphasic_negative_positive
112,965,243965,677.6805555555555,NORMAL,N,243891,243912,243934,243951,243985,244016,244086,244105,biphasic_negative_positive
112,966,244223,678.3972222222222,NORMAL,N,244141,244161,244178,244199,244233,244274,244335,244355,biphasic_negative_positive
112,967,244463,679.0638888888889,NORMAL,N,244389,244411,244433,244450,244481,244522,244580,244592,biphasic_negative_positive
112,968,244708,679.7444444444444,NORMAL,N,244617,244626,244640,244671,244728,244760,244831,244850,biphasic_negative_positive
112,969,244959,680.4416666666667,NORMAL,N,244891,244911,244926,244947,244980,245026,245088,245109,biphasic_negative_positive
112,970,245222,681.1722222222222,NORMAL,N,245137,245154,245182,245199,245232,245265,245329,245339,biphasic_negative_positive
112,971,245468,681.8555555555556,NORMAL,N,245397,245415,245432,245455,245486,245527,245596,245611,biphasic_negative_positive
112,972,245725,682.5694444444445,NORMAL,N,245652,245670,245693,245712,245742,245775,245797,245847,inverted
112,973,245977,683.2694444444444,NORMAL,N,245903,245922,245941,245962,245994,246050,246095,246108,biphasic_negative_positive
112,974,246226,683.9611111111111,NORMAL,N,246158,246175,246194,246206,246242,246265,246352,246366,biphasic_negative_positive
112,975,246490,684.6944444444445,NORMAL,N,246406,246421,246440,246466,246497,246536,246606,246638,biphasic_negative_positive
112,976,246792,685.5333333333333,NORMAL,N,246720,246729,246741,246742,246799,246828,246844,246851,normal
112,977,246985,686.0694444444445,NORMAL,N,246854,246861,246881,246950,247002,247027,247109,247129,biphasic_negative_positive
112,978,247241,686.7805555555556,NORMAL,N,247160,247180,247200,247209,247250,247276,247344,247357,biphasic_negative_positive
112,979,247493,687.4805555555556,NORMAL,N,247421,247432,247447,247467,247503,247558,247622,247635,biphasic_negative_positive
112,980,247738,688.1611111111112,NORMAL,N,247660,247673,247686,247708,247747,247773,247798,247841,inverted
112,981,247987,688.8527777777778,NORMAL,N,247904,247920,247933,247954,247997,248024,248099,248118,biphasic_negative_positive
112,982,248238,689.55,NORMAL,N,248156,248176,248195,248213,248246,248270,248345,248383,biphasic_negative_positive
112,983,248489,690.2472222222223,NORMAL,N,248408,248428,248455,248467,248498,248567,248596,248621,normal
112,984,248738,690.9388888888889,NORMAL,N,248659,248677,248697,248713,248746,248821,248845,248865,normal
112,985,248986,691.6277777777777,NORMAL,N,248908,248923,248946,248963,248994,249068,249094,249107,normal
112,986,249244,692.3444444444444,NORMAL,N,249156,249182,249203,249218,249258,249308,249354,249375,biphasic_negative_positive
112,987,249491,693.0305555555556,NORMAL,N,249425,249440,249453,249467,249508,249575,249609,249665,normal
112,988,249758,693.7722222222222,NORMAL,N,249677,249692,249726,249734,249766,249806,249867,249888,biphasic_negative_positive
112,989,250002,694.45,NORMAL,N,249922,249951,249967,249987,250022,250037,250119,250155,biphasic_negative_positive
112,990,250268,695.1888888888889,NORMAL,N,250190,250209,250228,250245,250278,250307,250378,250399,biphasic_negative_positive
112,991,250527,695.9083333333333,NORMAL,N,250448,250466,250485,250505,250538,250570,250636,250677,biphasic_negative_positive
112,992,250783,696.6194444444444,NORMAL,N,250697,250721,250739,250759,250794,250808,250891,250931,biphasic_negative_positive
112,993,251039,697.3305555555555,NORMAL,N,250956,250976,250996,251015,251048,251069,251147,251184,biphasic_negative_positive
112,994,251290,698.0277777777778,NORMAL,N,251208,251229,251248,251266,251302,251328,251403,251424,biphasic_negative_positive
112,995,251544,698.7333333333333,NORMAL,N,251461,251480,251503,251521,251551,251578,251654,251683,biphasic_negative_positive
112,996,251798,699.4388888888889,NORMAL,N,251711,251735,251756,251773,251806,251834,251913,251938,biphasic_negative_positive
112,997,252055,700.1527777777778,NORMAL,N,251975,251992,252011,252031,252065,252083,252163,252207,biphasic_negative_positive
112,998,252314,700.8722222222223,NORMAL,N,252232,252254,252273,252291,252327,252351,252424,252449,biphasic_negative_positive
112,999,252571,701.5861111111111,NORMAL,N,252494,252510,252528,252548,252581,252609,252687,252728,biphasic_negative_positive
112,1000,252842,702.3388888888888,NORMAL,N,252763,252780,252800,252818,252853,252869,252954,252987,biphasic_negative_positive
112,1001,253109,703.0805555555555,NORMAL,N,253025,253046,253067,253085,253119,253149,253226,253248,biphasic_negative_positive
112,1002,253382,703.8388888888888,NORMAL,N,253302,253320,253340,253359,253390,253422,253496,253527,biphasic_negative_positive
112,1003,253608,704.4666666666667,APC,A,253537,253551,253566,253586,253614,253659,253725,253749,biphasic_negative_positive
112,1004,253956,705.4333333333333,NORMAL,N,253873,253884,253918,253932,253972,253974,254069,254109,biphasic_negative_positive
112,1005,254247,706.2416666666667,NORMAL,N,254163,254179,254209,254224,254254,254282,254366,254382,biphasic_negative_positive
112,1006,254550,707.0833333333334,NORMAL,N,254468,254478,254509,254526,254560,254587,254662,254693,biphasic_negative_positive
112,1007,254835,707.875,NORMAL,N,254754,254769,254793,254811,254847,254876,254952,254984,biphasic_negative_positive
112,1008,255104,708.6222222222223,NORMAL,N,255025,255045,255065,255081,255113,255128,255217,255237,biphasic_negative_positive
112,1009,255374,709.3722222222223,NORMAL,N,255290,255309,255327,255350,255383,255411,255486,255525,biphasic_negative_positive
112,1010,255637,710.1027777777778,NORMAL,N,255556,255573,255592,255613,255644,255677,255752,255792,biphasic_negative_positive
112,1011,255897,710.825,NORMAL,N,255816,255834,255853,255873,255907,255942,256026,256037,biphasic_negative_positive
112,1012,256155,711.5416666666666,NORMAL,N,256079,256094,256112,256132,256167,256196,256268,256307,biphasic_negative_positive
112,1013,256410,712.25,NORMAL,N,256333,256351,256370,256387,256423,256448,256526,256558,biphasic_negative_positive
112,1014,256669,712.9694444444444,NORMAL,N,256587,256605,256625,256645,256679,256710,256742,256777,inverted
112,1015,256917,713.6583333333333,NORMAL,N,256834,256854,256877,256893,256927,256953,257042,257054,biphasic_negative_positive
112,1016,257181,714.3916666666667,NORMAL,N,257102,257117,257136,257155,257190,257236,257252,257285,inverted
112,1017,257432,715.0888888888888,NORMAL,N,257344,257369,257392,257408,257440,257486,257548,257564,biphasic_negative_positive
112,1018,257687,715.7972222222222,NORMAL,N,257604,257624,257647,257664,257696,257724,257790,257801,biphasic_negative_positive
112,1019,257934,716.4833333333333,NORMAL,N,257822,257835,257853,257876,257945,257979,258055,258071,biphasic_negative_positive
112,1020,258188,717.1888888888889,NORMAL,N,258107,258126,258145,258165,258200,258240,258318,258344,biphasic_negative_positive
112,1021,258439,717.8861111111111,NORMAL,N,258354,258372,258395,258406,258451,258488,258553,258567,biphasic_negative_positive
112,1022,258690,718.5833333333334,NORMAL,N,258609,258627,258647,258665,258704,258749,258802,258818,biphasic_negative_positive
112,1023,258947,719.2972222222222,NORMAL,N,258861,258882,258902,258924,258957,258975,259060,259095,biphasic_negative_positive
112,1024,259195,719.9861111111111,NORMAL,N,259116,259133,259153,259170,259205,259229,259269,259306,inverted
112,1025,259444,720.6777777777778,NORMAL,N,259360,259378,259401,259418,259450,259470,259556,259576,biphasic_negative_positive
112,1026,259691,721.3638888888889,NORMAL,N,259607,259625,259644,259668,259700,259728,259808,259839,biphasic_negative_positive
112,1027,259942,722.0611111111111,NORMAL,N,259863,259879,259900,259916,259952,259967,260055,260082,biphasic_negative_positive
112,1028,260192,722.7555555555556,NORMAL,N,260109,260126,260146,260168,260199,260219,260301,260334,biphasic_negative_positive
112,1029,260431,723.4194444444445,NORMAL,N,260350,260371,260392,260407,260443,260459,260545,260571,biphasic_negative_positive
112,1030,260682,724.1166666666667,NORMAL,N,260597,260618,260636,260657,260694,260721,260791,260821,biphasic_negative_positive
112,1031,260928,724.8,NORMAL,N,260845,260865,260884,260906,260939,260969,261037,261075,biphasic_negative_positive
112,1032,261175,725.4861111111111,NORMAL,N,261093,261114,261134,261151,261187,261221,261288,261306,biphasic_negative_positive
112,1033,261426,726.1833333333333,NORMAL,N,261349,261361,261378,261402,261438,261470,261541,261567,biphasic_negative_positive
112,1034,261678,726.8833333333333,NORMAL,N,261597,261618,261635,261654,261688,261741,261791,261800,biphasic_negative_positive
112,1035,261929,727.5805555555555,NORMAL,N,261847,261864,261883,261896,261982,262014,262040,262060,normal
112,1036,262172,728.2555555555556,NORMAL,N,262095,262110,262125,262142,262178,262213,262287,262299,biphasic_negative_positive
112,1037,262432,728.9777777777778,NORMAL,N,262361,262372,262384,262406,262465,262488,262563,262576,biphasic_negative_positive
112,1038,262682,729.6722222222222,NORMAL,N,262579,262620,262641,262659,262691,262728,262800,262818,biphasic_negative_positive
112,1039,262934,730.3722222222223,NORMAL,N,262855,262875,262892,262910,262945,262978,263038,263050,biphasic_negative_positive
112,1040,263181,731.0583333333333,NORMAL,N,263098,263115,263130,263154,263189,263241,263293,263323,biphasic_negative_positive
112,1041,263432,731.7555555555556,NORMAL,N,263361,263373,263391,263409,263440,263485,263538,263572,biphasic_negative_positive
112,1042,263681,732.4472222222222,NORMAL,N,263598,263616,263634,263649,263707,263730,263797,263818,biphasic_negative_positive
112,1043,263928,733.1333333333333,NORMAL,N,263859,263869,263889,263904,263939,263976,264035,264057,biphasic_negative_positive
112,1044,264185,733.8472222222222,NORMAL,N,264097,264107,264113,264160,264196,264227,264293,264317,biphasic_negative_positive
112,1045,264435,734.5416666666666,NORMAL,N,264353,264372,264391,264412,264445,264466,264539,264576,biphasic_negative_positive
112,1046,264677,735.2138888888888,NORMAL,N,264596,264616,264636,264654,264687,264720,264784,264817,biphasic_negative_positive
112,1047,264923,735.8972222222222,NORMAL,N,264840,264859,264879,264899,264936,264984,265037,265062,biphasic_negative_positive
112,1048,265173,736.5916666666667,NORMAL,N,265091,265109,265132,265150,265184,265198,265284,265304,biphasic_negative_positive
112,1049,265418,737.2722222222222,NORMAL,N,265335,265356,265377,265394,265429,265447,265530,265557,biphasic_negative_positive
112,1050,265656,737.9333333333333,NORMAL,N,265580,265596,265614,265631,265668,265694,265767,265784,biphasic_negative_positive
112,1051,265903,738.6194444444444,NORMAL,N,265820,265838,265858,265880,265911,265944,266013,266041,biphasic_negative_positive
112,1052,266143,739.2861111111112,NORMAL,N,266062,266080,266099,266119,266152,266182,266255,266287,biphasic_negative_positive
112,1053,266387,739.9638888888888,NORMAL,N,266310,266326,266347,266363,266399,266431,266498,266527,biphasic_negative_positive
112,1054,266634,740.65,NORMAL,N,266551,266569,266589,266612,266645,266678,266749,266793,biphasic_negative_positive
112,1055,266888,741.3555555555556,NORMAL,N,266805,266823,266846,266864,266899,266914,266996,267008,biphasic_negative_positive
112,1056,267134,742.0388888888889,NORMAL,N,267053,267071,267092,267109,267147,267188,267245,267262,biphasic_negative_positive
112,1057,267377,742.7138888888888,NORMAL,N,267295,267317,267336,267355,267389,267413,267491,267523,biphasic_negative_positive
112,1058,267635,743.4305555555555,NORMAL,N,267548,267569,267588,267609,267644,267675,267750,267777,biphasic_negative_positive
112,1059,267881,744.1138888888889,NORMAL,N,267801,267817,267839,267859,267887,267918,267955,267990,inverted
112,1060,268130,744.8055555555555,NORMAL,N,268046,268066,268087,268106,268136,268167,268240,268275,biphasic_negative_positive
112,1061,268373,745.4805555555556,NORMAL,N,268290,268311,268330,268349,268382,268407,268488,268520,biphasic_negative_positive
112,1062,268627,746.1861111111111,NORMAL,N,268547,268564,268587,268604,268637,268669,268740,268769,biphasic_negative_positive
112,1063,268879,746.8861111111111,NORMAL,N,268796,268816,268836,268856,268891,268910,268985,269021,biphasic_negative_positive
112,1064,269128,747.5777777777778,NORMAL,N,269046,269069,269089,269106,269141,269175,269242,269269,biphasic_negative_positive
112,1065,269385,748.2916666666666,NORMAL,N,269301,269321,269339,269360,269397,269432,269508,269531,biphasic_negative_positive
112,1066,269642,749.0055555555556,NORMAL,N,269558,269580,269602,269621,269652,269677,269755,269797,biphasic_negative_positive
112,1067,269892,749.7,NORMAL,N,269810,269830,269850,269868,269901,269912,269965,270001,inverted
112,1068,270143,750.3972222222222,NORMAL,N,270059,270078,270099,270120,270149,270184,270261,270295,biphasic_negative_positive
112,1069,270403,751.1194444444444,NORMAL,N,270318,270339,270360,270379,270411,270430,270517,270537,biphasic_negative_positive
112,1070,270656,751.8222222222222,NORMAL,N,270573,270591,270611,270632,270665,270684,270766,270801,biphasic_negative_positive
112,1071,270902,752.5055555555556,NORMAL,N,270825,270841,270861,270879,270913,270941,271012,271041,biphasic_negative_positive
112,1072,271155,753.2083333333334,NORMAL,N,271069,271092,271110,271131,271168,271204,271266,271285,biphasic_negative_positive
112,1073,271402,753.8944444444444,NORMAL,N,271330,271340,271360,271380,271413,271439,271516,271545,biphasic_negative_positive
112,1074,271653,754.5916666666667,NORMAL,N,271571,271590,271610,271629,271662,271685,271764,271782,biphasic_negative_positive
112,1075,271899,755.275,NORMAL,N,271815,271834,271855,271876,271906,271947,271974,272011,inverted
112,1076,272150,755.9722222222222,NORMAL,N,272069,272089,272108,272126,272159,272187,272261,272299,biphasic_negative_positive
112,1077,272394,756.65,NORMAL,N,272314,272334,272351,272370,272405,272428,272503,272531,biphasic_negative_positive
112,1078,272638,757.3277777777778,NORMAL,N,272557,272576,272596,272617,272647,272664,272747,272783,biphasic_negative_positive
112,1079,272890,758.0277777777778,NORMAL,N,272802,272826,272846,272866,272901,272937,273005,273034,biphasic_negative_positive
112,1080,273141,758.725,NORMAL,N,273060,273079,273097,273118,273151,273163,273250,273268,biphasic_negative_positive
112,1081,273385,759.4027777777778,NORMAL,N,273300,273325,273342,273362,273398,273422,273499,273525,biphasic_negative_positive
112,1082,273627,760.075,NORMAL,N,273542,273566,273590,273594,273640,273679,273744,273767,biphasic_negative_positive
112,1083,273879,760.775,NORMAL,N,273796,273808,273833,273856,273887,273928,273950,273983,inverted
112,1084,274119,761.4416666666667,NORMAL,N,274033,274057,274074,274094,274126,274169,274231,274247,biphasic_negative_positive
112,1085,274365,762.125,NORMAL,N,274295,274304,274322,274340,274373,274446,274480,274493,normal
112,1086,274612,762.8111111111111,NORMAL,N,274529,274548,274561,274593,274620,274672,274732,274741,biphasic_negative_positive
112,1087,274863,763.5083333333333,NORMAL,N,274785,274801,274814,274839,274870,274894,274973,275006,biphasic_negative_positive
112,1088,275107,764.1861111111111,NORMAL,N,275028,275046,275061,275083,275118,275164,275219,275239,biphasic_negative_positive
112,1089,275353,764.8694444444444,NORMAL,N,275269,275291,275312,275331,275363,275384,275471,275496,biphasic_negative_positive
112,1090,275609,765.5805555555555,NORMAL,N,275529,275543,275572,275582,275614,275669,275722,275734,biphasic_negative_positive
112,1091,275858,766.2722222222222,NORMAL,N,275775,275796,275809,275834,275866,275891,275964,275977,biphasic_negative_positive
112,1092,276104,766.9555555555555,NORMAL,N,276021,276047,276061,276080,276111,276138,276163,276212,inverted
112,1093,276346,767.6277777777777,NORMAL,N,276268,276283,276298,276319,276357,276396,276459,276480,biphasic_negative_positive
112,1094,276593,768.3138888888889,NORMAL,N,276519,276532,276550,276569,276601,276647,276698,276717,biphasic_negative_positive
112,1095,276835,768.9861111111111,NORMAL,N,276765,276775,276791,276809,276843,276895,276963,276977,biphasic_negative_positive
112,1096,277082,769.6722222222222,NORMAL,N,276995,277014,277038,277047,277089,277148,277189,277214,biphasic_negative_positive
112,1097,277328,770.3555555555556,NORMAL,N,277248,277264,277291,277307,277336,277377,277441,277453,biphasic_negative_positive
112,1098,277583,771.0638888888889,NORMAL,N,277496,277517,277538,277555,277641,277667,277685,277708,normal
112,1099,277818,771.7166666666667,NORMAL,N,277732,277753,277787,277793,277832,277871,277948,277960,biphasic_negative_positive
112,1100,278058,772.3833333333333,NORMAL,N,277973,277997,278015,278033,278067,278117,278172,278187,biphasic_negative_positive
112,1101,278313,773.0916666666667,NORMAL,N,278241,278250,278269,278285,278347,278375,278421,278428,biphasic_negative_positive
112,1102,278503,773.6194444444444,APC,A,278430,278433,278458,278470,278514,278549,278625,278643,biphasic_negative_positive
112,1103,278798,774.4388888888889,NORMAL,N,278716,278732,278743,278767,278808,278826,278905,278937,biphasic_negative_positive
112,1104,279040,775.1111111111111,NORMAL,N,278964,278979,279000,279017,279052,279076,279152,279159,biphasic_negative_positive
112,1105,279292,775.8111111111111,NORMAL,N,279204,279211,279220,279268,279301,279333,279396,279409,biphasic_negative_positive
112,1106,279536,776.4888888888889,NORMAL,N,279459,279472,279488,279514,279547,279572,279649,279669,biphasic_negative_positive
112,1107,279791,777.1972222222222,NORMAL,N,279718,279728,279739,279769,279810,279848,279901,279913,biphasic_negative_positive
112,1108,280047,777.9083333333333,NORMAL,N,279959,279986,280001,280022,280055,280117,280161,280185,biphasic_negative_positive
112,1109,280299,778.6083333333333,NORMAL,N,280208,280230,280266,280276,280309,280337,280415,280435,biphasic_negative_positive
112,1110,280555,779.3194444444445,NORMAL,N,280482,280491,280503,280532,280564,280606,280690,280702,biphasic_negative_positive
112,1111,280810,780.0277777777778,NORMAL,N,280741,280752,280766,280786,280821,280877,280887,280923,inverted
112,1112,281071,780.7527777777777,NORMAL,N,280992,281014,281027,281036,281081,281110,281181,281193,biphasic_negative_positive
112,1113,281328,781.4666666666667,NORMAL,N,281244,281260,281274,281302,281341,281380,281443,281468,biphasic_negative_positive
112,1114,281579,782.1638888888889,NORMAL,N,281500,281516,281539,281557,281591,281618,281690,281707,biphasic_negative_positive
112,1115,281835,782.875,NORMAL,N,281764,281773,281791,281811,281846,281891,281943,281967,biphasic_negative_positive
112,1116,282083,783.5638888888889,NORMAL,N,281985,281995,282012,282059,282095,282141,282203,282217,biphasic_negative_positive
112,1117,282334,784.2611111111111,NORMAL,N,282252,282275,282290,282307,282345,282402,282441,282451,biphasic_negative_positive
112,1118,282587,784.9638888888888,NORMAL,N,282495,282514,282541,282564,282602,282624,282720,282731,biphasic_negative_positive
112,1119,282836,785.6555555555556,NORMAL,N,282767,282780,282800,282803,282850,282874,282945,282958,biphasic_negative_positive
112,1120,283088,786.3555555555556,NORMAL,N,282996,283022,283042,283062,283097,283121,283163,283191,inverted
112,1121,283338,787.05,NORMAL,N,283248,283271,283296,283313,283360,283395,283454,283471,biphasic_negative_positive
112,1122,283597,787.7694444444444,NORMAL,N,283512,283533,283550,283570,283607,283657,283706,283723,biphasic_negative_positive
112,1123,283845,788.4583333333334,NORMAL,N,283765,283781,283805,283823,283853,283903,283918,283950,inverted
112,1124,284104,789.1777777777778,NORMAL,N,284025,284041,284062,284081,284110,284146,284226,284237,biphasic_negative_positive
112,1125,284351,789.8638888888889,NORMAL,N,284261,284283,284312,284327,284360,284389,284468,284489,biphasic_negative_positive
112,1126,284606,790.5722222222222,NORMAL,N,284526,284544,284565,284576,284616,284662,284739,284754,biphasic_negative_positive
112,1127,284858,791.2722222222222,NORMAL,N,284774,284793,284814,284836,284866,284885,284968,285016,biphasic_negative_positive
112,1128,285111,791.975,NORMAL,N,285025,285047,285067,285085,285123,285147,285219,285240,biphasic_negative_positive
112,1129,285367,792.6861111111111,NORMAL,N,285296,285303,285316,285335,285376,285406,285473,285506,biphasic_negative_positive
112,1130,285611,793.3638888888889,NORMAL,N,285533,285551,285567,285588,285625,285675,285723,285738,biphasic_negative_positive
112,1131,285862,794.0611111111111,NORMAL,N,285776,285794,285821,285837,285875,285909,285973,285989,biphasic_negative_positive
112,1132,286110,794.75,NORMAL,N,286026,286044,286064,286086,286120,286141,286236,286250,biphasic_negative_positive
112,1133,286360,795.4444444444445,NORMAL,N,286274,286298,286316,286336,286366,286405,286472,286483,biphasic_negative_positive
112,1134,286608,796.1333333333333,NORMAL,N,286524,286541,286562,286583,286617,286653,286720,286751,biphasic_negative_positive
112,1135,286852,796.8111111111111,NORMAL,N,286772,286791,286809,286830,286863,286898,286959,286992,biphasic_negative_positive
112,1136,287100,797.5,NORMAL,N,287025,287036,287055,287074,287113,287153,287228,287240,biphasic_negative_positive
112,1137,287344,798.1777777777778,NORMAL,N,287264,287280,287300,287322,287356,287383,287459,287485,biphasic_negative_positive
112,1138,287593,798.8694444444444,NORMAL,N,287512,287530,287552,287569,287603,287644,287713,287725,biphasic_negative_positive
112,1139,287844,799.5666666666667,NORMAL,N,287756,287775,287800,287810,287851,287906,287959,287980,biphasic_negative_positive
112,1140,288090,800.25,NORMAL,N,288009,288030,288044,288065,288103,288147,288160,288195,inverted
112,1141,288342,800.95,NORMAL,N,288234,288245,288254,288285,288353,288403,288462,288486,biphasic_negative_positive
112,1142,288583,801.6194444444444,NORMAL,N,288497,288518,288539,288558,288592,288618,288695,288710,biphasic_negative_positive
112,1143,288836,802.3222222222222,NORMAL,N,288733,288774,288792,288811,288849,288904,288951,288971,biphasic_negative_positive
112,1144,289083,803.0083333333333,NORMAL,N,288997,289005,289017,289026,289094,289132,289192,289203,biphasic_negative_positive
112,1145,289331,803.6972222222222,NORMAL,N,289247,289266,289288,289309,289340,289363,289436,289463,biphasic_negative_positive
112,1146,289570,804.3611111111111,NORMAL,N,289491,289506,289528,289547,289578,289609,289680,289702,biphasic_negative_positive
112,1147,289817,805.0472222222222,NORMAL,N,289737,289755,289775,289793,289830,289876,289920,289943,biphasic_negative_positive
112,1148,290056,805.7111111111111,NORMAL,N,289975,289993,290011,290032,290069,290097,290165,290190,biphasic_negative_positive
112,1149,290301,806.3916666666667,NORMAL,N,290216,290234,290256,290266,290313,290354,290430,290446,biphasic_negative_positive
112,1150,290550,807.0833333333334,NORMAL,N,290449,290476,290498,290501,290558,290567,290616,290657,biphasic_positive_negative
112,1151,290787,807.7416666666667,NORMAL,N,290694,290709,290717,290764,290796,290867,290898,290913,normal
112,1152,291027,808.4083333333333,NORMAL,N,290975,290987,290994,291002,291035,291063,291092,291132,inverted
112,1153,291264,809.0666666666667,NORMAL,N,291188,291197,291219,291236,291273,291303,291377,291387,biphasic_negative_positive
112,1154,291509,809.7472222222223,NORMAL,N,291428,291441,291458,291482,291517,291547,291621,291635,biphasic_negative_positive
112,1155,291748,810.4111111111112,NORMAL,N,291663,291684,291700,291726,291756,291788,291861,291873,biphasic_negative_positive
112,1156,291992,811.0888888888888,NORMAL,N,291911,291921,291951,291967,292003,292041,292101,292128,biphasic_negative_positive
112,1157,292228,811.7444444444444,NORMAL,N,292141,292166,292182,292201,292236,292292,292340,292352,biphasic_negative_positive
112,1158,292469,812.4138888888889,NORMAL,N,292393,292409,292429,292447,292479,292522,292584,292613,biphasic_negative_positive
112,1159,292714,813.0944444444444,NORMAL,N,292627,292652,292670,292689,292724,292735,292842,292859,biphasic_negative_positive
112,1160,292957,813.7694444444444,NORMAL,N,292864,292891,292907,292934,293007,293039,293082,293117,normal
112,1161,293207,814.4638888888888,NORMAL,N,293121,293131,293156,293163,293214,293257,293323,293339,biphasic_negative_positive
112,1162,293451,815.1416666666667,NORMAL,N,293371,293387,293404,293428,293460,293491,293564,293575,biphasic_negative_positive
112,1163,293696,815.8222222222222,NORMAL,N,293607,293621,293629,293655,293707,293726,293801,293819,biphasic_negative_positive
112,1164,293937,816.4916666666667,NORMAL,N,293867,293878,293892,293906,293948,293975,294048,294065,biphasic_negative_positive
112,1165,294191,817.1972222222222,NORMAL,N,294104,294127,294140,294167,294199,294219,294321,294333,biphasic_negative_positive
112,1166,294436,817.8777777777777,NORMAL,N,294349,294367,294386,294392,294446,294485,294549,294567,biphasic_negative_positive
112,1167,294680,818.5555555555555,NORMAL,N,294602,294620,294638,294659,294691,294731,294787,294813,biphasic_negative_positive
112,1168,294921,819.225,NORMAL,N,294841,294857,294875,294887,294933,294941,295030,295055,biphasic_negative_positive
112,1169,295164,819.9,NORMAL,N,295077,295102,295120,295139,295173,295247,295270,295299,normal
112,1170,295400,820.5555555555555,NORMAL,N,295326,295338,295359,295374,295412,295451,295466,295517,inverted
112,1171,295641,821.225,NORMAL,N,295554,295573,295598,295615,295652,295687,295751,295766,biphasic_negative_positive
112,1172,295885,821.9027777777778,NORMAL,N,295777,295787,295808,295851,295956,295968,295997,296011,normal
112,1173,296123,822.5638888888889,NORMAL,N,296051,296062,296080,296103,296146,296162,296242,296258,biphasic_negative_positive
112,1174,296358,823.2166666666667,NORMAL,N,296262,296289,296319,296336,296371,296394,296468,296478,biphasic_negative_positive
112,1175,296595,823.875,NORMAL,N,296511,296526,296554,296571,296606,296638,296660,296710,biphasic_positive_negative
112,1176,296839,824.5527777777778,NORMAL,N,296745,296769,296802,296813,296851,296868,296947,296957,biphasic_negative_positive
112,1177,297081,825.225,NORMAL,N,296999,297015,297036,297056,297089,297133,297195,297229,biphasic_negative_positive
112,1178,297317,825.8805555555556,NORMAL,N,297236,297253,297274,297291,297339,297360,297444,297459,biphasic_negative_positive
112,1179,297553,826.5361111111112,NORMAL,N,297468,297489,297503,297529,297564,297608,297662,297678,biphasic_negative_positive
112,1180,297792,827.2,NORMAL,N,297713,297729,297749,297767,297803,297821,297852,297929,inverted
112,1181,298022,827.8388888888888,NORMAL,N,,,,298008,298041,298065,298161,298180,biphasic_negative_positive
112,1182,298260,828.5,NORMAL,N,,,,298247,298282,298305,298390,298405,biphasic_negative_positive
112,1183,298503,829.175,NORMAL,N,,,,298489,298525,298574,298637,298649,biphasic_negative_positive
112,1184,298743,829.8416666666667,NORMAL,N,,,,298730,298770,298793,298816,298850,inverted
112,1185,298983,830.5083333333333,NORMAL,N,,,,298965,299016,299101,299112,299124,normal
112,1186,299221,831.1694444444445,NORMAL,N,,,,299179,299257,299278,299357,299375,biphasic_negative_positive
112,1187,299467,831.8527777777778,NORMAL,N,,,,299452,299490,299507,299589,299606,biphasic_negative_positive
112,1188,299708,832.5222222222222,NORMAL,N,,,,299676,299744,299785,299856,299865,biphasic_negative_positive
112,1189,299947,833.1861111111111,NORMAL,N,,,,299933,299968,299987,300011,300059,biphasic_positive_negative
112,1190,300186,833.85,NORMAL,N,,,,300174,300230,300265,300275,300305,inverted
112,1191,300430,834.5277777777778,NORMAL,N,,,,300410,300446,300470,300551,300566,biphasic_negative_positive
112,1192,300671,835.1972222222222,NORMAL,N,,,,300654,300684,300733,300791,300811,biphasic_negative_positive
112,1193,300911,835.8638888888889,NORMAL,N,,,,300890,300926,300961,301033,301048,biphasic_negative_positive
112,1194,301162,836.5611111111111,NORMAL,N,,,,301143,301181,301208,301284,301306,biphasic_negative_positive
112,1195,301402,837.2277777777778,NORMAL,N,,,,301382,301419,301456,301524,301553,biphasic_negative_positive
112,1196,301644,837.9,NORMAL,N,,,,301627,301660,301687,301766,301784,biphasic_negative_positive
112,1197,301885,838.5694444444445,NORMAL,N,,,,301852,301908,301945,302009,302032,biphasic_negative_positive
112,1198,302136,839.2666666666667,NORMAL,N,,,,302115,302150,302186,302257,302299,biphasic_negative_positive
112,1199,302377,839.9361111111111,NORMAL,N,,,,302359,302398,302441,302500,302523,biphasic_negative_positive
112,1200,302614,840.5944444444444,NORMAL,N,302542,302552,302563,302595,302636,302655,302729,302746,biphasic_negative_positive
112,1201,302857,841.2694444444444,NORMAL,N,,,,302836,302876,302933,302977,302994,biphasic_negative_positive
112,1202,303098,841.9388888888889,NORMAL,N,,,,303085,303115,303137,303223,303258,biphasic_negative_positive
112,1203,303338,842.6055555555556,NORMAL,N,,,,303314,303362,303409,303419,303452,inverted
112,1204,303578,843.2722222222222,NORMAL,N,,,,303564,303599,303628,303699,303717,biphasic_negative_positive
112,1205,303820,843.9444444444445,NORMAL,N,,,,303809,303836,303866,303957,303970,biphasic_negative_positive
112,1206,304058,844.6055555555556,NORMAL,N,,,,304036,304080,304105,304139,304179,inverted
112,1207,304297,845.2694444444444,NORMAL,N,,,,304274,304314,304340,304420,304435,biphasic_negative_positive
112,1208,304537,845.9361111111111,NORMAL,N,,,,304518,304553,304598,304660,304686,biphasic_negative_positive
112,1209,304781,846.6138888888889,NORMAL,N,,,,304771,304802,304816,304902,304929,biphasic_negative_positive
112,1210,305024,847.2888888888889,NORMAL,N,,,,304983,305045,305063,305141,305149,biphasic_negative_positive
112,1211,305262,847.95,NORMAL,N,,,,305250,305281,305326,305379,305407,biphasic_negative_positive
112,1212,305504,848.6222222222223,NORMAL,N,,,,305491,305524,305568,305624,305636,biphasic_negative_positive
112,1213,305750,849.3055555555555,NORMAL,N,,,,305737,305767,305779,305872,305902,biphasic_negative_positive
112,1214,305996,849.9888888888889,NORMAL,N,,,,305984,306017,306046,306111,306151,biphasic_negative_positive
112,1215,306237,850.6583333333333,NORMAL,N,,,,306225,306259,306289,306362,306384,biphasic_negative_positive
112,1216,306486,851.35,NORMAL,N,,,,306474,306501,306547,306568,306604,inverted
112,1217,306731,852.0305555555556,NORMAL,N,,,,306718,306749,306783,306854,306886,biphasic_negative_positive
112,1218,306970,852.6944444444445,NORMAL,N,,,,306958,306987,307015,307092,307122,biphasic_negative_positive
112,1219,307215,853.375,NORMAL,N,,,,307202,307234,307267,307340,307366,biphasic_negative_positive
112,1220,307465,854.0694444444445,NORMAL,N,,,,307452,307482,307522,307584,307619,biphasic_negative_positive
112,1221,307709,854.7472222222223,NORMAL,N,,,,307686,307726,307763,307826,307859,biphasic_negative_positive
112,1222,307945,855.4027777777778,NORMAL,N,307874,307895,307915,307932,307963,307984,308065,308087,biphasic_negative_positive
112,1223,308194,856.0944444444444,NORMAL,N,,,,308181,308213,308234,308311,308326,biphasic_negative_positive
112,1224,308435,856.7638888888889,NORMAL,N,,,,308418,308480,308495,308551,308567,biphasic_negative_positive
112,1225,308677,857.4361111111111,NORMAL,N,,,,308661,308714,308739,308822,308835,biphasic_negative_positive
112,1226,308924,858.1222222222223,NORMAL,N,,,,308911,308944,309020,309044,309056,normal
112,1227,309172,858.8111111111111,NORMAL,N,,,,309162,309186,309228,309294,309311,biphasic_negative_positive
112,1228,309414,859.4833333333333,NORMAL,N,,,,309402,309432,309455,309535,309561,biphasic_negative_positive
112,1229,309655,860.1527777777778,NORMAL,N,,,,309643,309699,309724,309771,309785,biphasic_negative_positive
112,1230,309904,860.8444444444444,NORMAL,N,,,,309889,309924,309949,310024,310048,biphasic_negative_positive
112,1231,310151,861.5305555555556,NORMAL,N,,,,310131,310165,310248,310274,310287,normal
112,1232,310401,862.225,NORMAL,N,,,,310387,310429,310448,310537,310549,biphasic_negative_positive
112,1233,310639,862.8861111111111,NORMAL,N,,,,310624,310653,310699,310765,310779,biphasic_negative_positive
112,1234,310890,863.5833333333334,NORMAL,N,,,,310876,310904,310944,311008,311017,biphasic_negative_positive
112,1235,311134,864.2611111111111,NORMAL,N,,,,311122,311155,311177,311213,311251,inverted
112,1236,311378,864.9388888888889,NORMAL,N,,,,311365,311387,311431,311467,311497,inverted
112,1237,311626,865.6277777777777,NORMAL,N,,,,311614,311637,311680,311753,311779,biphasic_negative_positive
112,1238,311877,866.325,NORMAL,N,,,,311866,311899,311929,312001,312014,biphasic_negative_positive
112,1239,312120,867.0,NORMAL,N,,,,312108,312141,312172,312202,312236,inverted
112,1240,312369,867.6916666666667,NORMAL,N,,,,312356,312384,312438,312452,312486,inverted
112,1241,312621,868.3916666666667,NORMAL,N,,,,312608,312644,312672,312744,312772,biphasic_negative_positive
112,1242,312870,869.0833333333334,NORMAL,N,,,,312858,312893,312917,312951,312989,inverted
112,1243,313117,869.7694444444444,NORMAL,N,,,,313105,313136,313169,313236,313262,biphasic_negative_positive
112,1244,313359,870.4416666666667,NORMAL,N,,,,313346,313378,313405,313446,313482,inverted
112,1245,313609,871.1361111111111,NORMAL,N,,,,313596,313627,313654,313729,313745,biphasic_negative_positive
112,1246,313853,871.8138888888889,NORMAL,N,,,,313841,313870,313906,313974,313998,biphasic_negative_positive
112,1247,314100,872.5,NORMAL,N,,,,314088,314122,314158,314224,314246,biphasic_negative_positive
112,1248,314355,873.2083333333334,NORMAL,N,,,,314341,314374,314420,314474,314488,biphasic_negative_positive
112,1249,314601,873.8916666666667,NORMAL,N,,,,314583,314616,314674,314686,314722,inverted
112,1250,314851,874.5861111111111,NORMAL,N,,,,314831,314870,314945,314978,314991,normal
112,1251,315095,875.2638888888889,NORMAL,N,,,,315064,315115,315152,315223,315255,biphasic_negative_positive
112,1252,315351,875.975,NORMAL,N,,,,315338,315370,315402,315434,315466,inverted
112,1253,315596,876.6555555555556,NORMAL,N,,,,315573,315612,315645,315717,315737,biphasic_negative_positive
112,1254,315840,877.3333333333334,NORMAL,N,,,,315816,315856,315886,315959,315976,biphasic_negative_positive
112,1255,316089,878.025,NORMAL,N,,,,316069,316111,316145,316213,316224,biphasic_negative_positive
112,1256,316335,878.7083333333334,NORMAL,N,,,,316324,316354,316397,316456,316469,biphasic_negative_positive
112,1257,316580,879.3888888888889,NORMAL,N,,,,316567,316597,316618,316701,316719,biphasic_negative_positive
112,1258,316828,880.0777777777778,NORMAL,N,,,,316815,316847,316890,316949,316986,biphasic_negative_positive
112,1259,317081,880.7805555555556,NORMAL,N,,,,317069,317100,317123,317201,317235,biphasic_negative_positive
112,1260,317329,881.4694444444444,NORMAL,N,,,,317305,317350,317388,317447,317480,biphasic_negative_positive
112,1261,317579,882.1638888888889,NORMAL,N,317507,317524,317550,317556,317601,317629,317697,317740,biphasic_negative_positive
112,1262,317835,882.875,NORMAL,N,,,,317820,317850,317898,317957,317972,biphasic_negative_positive
112,1263,318091,883.5861111111111,NORMAL,N,,,,318072,318110,318145,318213,318242,biphasic_negative_positive
112,1264,318342,884.2833333333333,NORMAL,N,,,,318326,318363,318394,318422,318462,inverted
112,1265,318594,884.9833333333333,NORMAL,N,,,,318583,318611,318638,318718,318762,biphasic_negative_positive
112,1266,318851,885.6972222222222,NORMAL,N,,,,318838,318869,318912,318971,319006,biphasic_negative_positive
112,1267,319106,886.4055555555556,NORMAL,N,,,,319094,319123,319165,319226,319256,biphasic_negative_positive
112,1268,319362,887.1166666666667,NORMAL,N,,,,319349,319384,319393,319483,319506,biphasic_negative_positive
112,1269,319623,887.8416666666667,NORMAL,N,,,,319611,319637,319671,319749,319778,biphasic_negative_positive
112,1270,319880,888.5555555555555,NORMAL,N,,,,319867,319901,319917,320000,320043,biphasic_negative_positive
112,1271,320137,889.2694444444444,NORMAL,N,,,,320125,320153,320185,320258,320292,biphasic_negative_positive
112,1272,320392,889.9777777777778,NORMAL,N,,,,320379,320413,320444,320478,320515,inverted
112,1273,320656,890.7111111111111,NORMAL,N,,,,320645,320672,320705,320774,320811,biphasic_negative_positive
112,1274,320908,891.4111111111112,NORMAL,N,,,,320896,320927,320955,320993,321027,inverted
112,1275,321163,892.1194444444444,NORMAL,N,,,,321152,321180,321207,321283,321317,biphasic_negative_positive
112,1276,321419,892.8305555555555,NORMAL,N,,,,321406,321437,321459,321539,321570,biphasic_negative_positive
112,1277,321673,893.5361111111112,NORMAL,N,321602,321619,321645,321653,321690,321718,321793,321825,biphasic_negative_positive
112,1278,321929,894.2472222222223,NORMAL,N,,,,321916,321943,321988,322050,322088,biphasic_negative_positive
112,1279,322183,894.9527777777778,NORMAL,N,,,,322168,322204,322250,322310,322336,biphasic_negative_positive
112,1280,322443,895.675,NORMAL,N,,,,322419,322463,322494,322561,322592,biphasic_negative_positive
112,1281,322693,896.3694444444444,NORMAL,N,,,,322671,322709,322738,322775,322812,inverted
112,1282,322945,897.0694444444445,NORMAL,N,,,,322932,322963,322983,323068,323108,biphasic_negative_positive
112,1283,323206,897.7944444444445,NORMAL,N,,,,323194,323223,323255,323328,323368,biphasic_negative_positive
112,1284,323459,898.4972222222223,NORMAL,N,,,,323442,323480,323522,323584,323601,biphasic_negative_positive
112,1285,323719,899.2194444444444,NORMAL,N,,,,323704,323739,323754,323834,323861,biphasic_negative_positive
112,1286,323969,899.9138888888889,NORMAL,N,,,,323944,323991,324024,324054,324091,inverted
112,1287,324226,900.6277777777777,NORMAL,N,,,,324210,324242,324278,324349,324380,biphasic_negative_positive
112,1288,324479,901.3305555555555,NORMAL,N,,,,324466,324496,324525,324601,324625,biphasic_negative_positive
112,1289,324735,902.0416666666666,NORMAL,N,,,,324712,324751,324781,324857,324885,biphasic_negative_positive
112,1290,324991,902.7527777777777,NORMAL,N,,,,324977,325013,325036,325111,325140,biphasic_negative_positive
112,1291,325242,903.45,NORMAL,N,,,,325220,325263,325296,325362,325389,biphasic_negative_positive
112,1292,325493,904.1472222222222,NORMAL,N,,,,325481,325516,325527,325612,325647,biphasic_negative_positive
112,1293,325748,904.8555555555556,NORMAL,N,,,,325734,325764,325794,325871,325914,biphasic_negative_positive
112,1294,326002,905.5611111111111,NORMAL,N,,,,325985,326022,326055,326128,326156,biphasic_negative_positive
112,1295,326260,906.2777777777778,NORMAL,N,,,,326241,326278,326316,326344,326379,inverted
112,1296,326507,906.9638888888888,NORMAL,N,,,,326495,326525,326557,326634,326667,biphasic_negative_positive
112,1297,326764,907.6777777777778,NORMAL,N,,,,326751,326782,326821,326844,326880,inverted
112,1298,327016,908.3777777777777,NORMAL,N,,,,327003,327032,327067,327138,327178,biphasic_negative_positive
112,1299,327275,909.0972222222222,NORMAL,N,,,,327262,327294,327335,327396,327431,biphasic_negative_positive
112,1300,327536,909.8222222222222,NORMAL,N,,,,327521,327558,327589,327661,327696,biphasic_negative_positive
112,1301,327796,910.5444444444445,NORMAL,N,,,,327778,327815,327843,327914,327957,biphasic_negative_positive
112,1302,328053,911.2583333333333,NORMAL,N,,,,328032,328075,328093,328172,328204,biphasic_negative_positive
112,1303,328310,911.9722222222222,NORMAL,N,,,,328293,328325,328371,328434,328455,biphasic_negative_positive
112,1304,328568,912.6888888888889,NORMAL,N,,,,328543,328590,328612,328690,328720,biphasic_negative_positive
112,1305,328829,913.4138888888889,NORMAL,N,,,,328808,328846,328875,328952,328974,biphasic_negative_positive
112,1306,329079,914.1083333333333,NORMAL,N,,,,329067,329096,329118,329201,329232,biphasic_negative_positive
112,1307,329333,914.8138888888889,NORMAL,N,,,,329320,329351,329380,329450,329480,biphasic_negative_positive
112,1308,329582,915.5055555555556,NORMAL,N,,,,329564,329599,329634,329702,329734,biphasic_negative_positive
112,1309,329836,916.2111111111111,NORMAL,N,,,,329817,329853,329886,329956,329978,biphasic_negative_positive
112,1310,330093,916.925,NORMAL,N,,,,330082,330112,330150,330217,330250,biphasic_negative_positive
112,1311,330350,917.6388888888889,NORMAL,N,,,,330333,330368,330407,330471,330500,biphasic_negative_positive
112,1312,330606,918.35,NORMAL,N,,,,330585,330623,330655,330726,330764,biphasic_negative_positive
112,1313,330859,919.0527777777778,NORMAL,N,,,,330840,330883,330899,330983,331009,biphasic_negative_positive
112,1314,331123,919.7861111111112,NORMAL,N,,,,331101,331142,331161,331242,331274,biphasic_negative_positive
112,1315,331376,920.4888888888889,NORMAL,N,,,,331353,331390,331420,331499,331525,biphasic_negative_positive
112,1316,331632,921.2,NORMAL,N,,,,331606,331652,331677,331750,331775,biphasic_negative_positive
112,1317,331883,921.8972222222222,NORMAL,N,,,,331871,331905,331935,332008,332037,biphasic_negative_positive
112,1318,332137,922.6027777777778,NORMAL,N,,,,332126,332153,332201,332260,332273,biphasic_negative_positive
112,1319,332390,923.3055555555555,NORMAL,N,,,,332377,332409,332445,332472,332506,inverted
112,1320,332647,924.0194444444444,NORMAL,N,,,,332626,332666,332706,332765,332807,biphasic_negative_positive
112,1321,332903,924.7305555555556,NORMAL,N,,,,332877,332918,332968,333023,333047,biphasic_negative_positive
112,1322,333158,925.4388888888889,NORMAL,N,,,,333131,333177,333203,333278,333315,biphasic_negative_positive
112,1323,333413,926.1472222222222,NORMAL,N,,,,333396,333432,333458,333497,333532,inverted
112,1324,333673,926.8694444444444,NORMAL,N,,,,333660,333689,333729,333794,333831,biphasic_negative_positive
112,1325,333926,927.5722222222222,NORMAL,N,,,,333911,333946,333970,334049,334069,biphasic_negative_positive
112,1326,334184,928.2888888888889,NORMAL,N,,,,334163,334200,334230,334302,334334,biphasic_negative_positive
112,1327,334435,928.9861111111111,NORMAL,N,334360,334382,334405,334414,334454,334486,334557,334579,biphasic_negative_positive
112,1328,334694,929.7055555555555,NORMAL,N,,,,334680,334711,334736,334812,334851,biphasic_negative_positive
112,1329,334950,930.4166666666666,NORMAL,N,,,,334932,334970,335003,335069,335093,biphasic_negative_positive
112,1330,335207,931.1305555555556,NORMAL,N,,,,335185,335227,335247,335327,335366,biphasic_negative_positive
112,1331,335465,931.8472222222222,NORMAL,N,,,,335448,335480,335529,335586,335607,biphasic_negative_positive
112,1332,335722,932.5611111111111,NORMAL,N,,,,335700,335740,335769,335843,335871,biphasic_negative_positive
112,1333,335975,933.2638888888889,NORMAL,N,335900,335921,335946,335954,335995,336024,336053,336092,inverted
112,1334,336232,933.9777777777778,NORMAL,N,,,,336218,336250,336284,336357,336374,biphasic_negative_positive
112,1335,336488,934.6888888888889,NORMAL,N,,,,336469,336506,336548,336611,336640,biphasic_negative_positive
112,1336,336746,935.4055555555556,NORMAL,N,,,,336735,336763,336802,336866,336887,biphasic_negative_positive
112,1337,336994,936.0944444444444,NORMAL,N,,,,336974,337012,337053,337114,337132,biphasic_negative_positive
112,1338,337254,936.8166666666667,NORMAL,N,,,,337237,337272,337313,337372,337407,biphasic_negative_positive
112,1339,337507,937.5194444444444,NORMAL,N,,,,337489,337526,337545,337628,337666,biphasic_negative_positive
112,1340,337765,938.2361111111111,NORMAL,N,,,,337742,337783,337814,337884,337913,biphasic_negative_positive
112,1341,338021,938.9472222222222,NORMAL,N,,,,338007,338041,338065,338146,338188,biphasic_negative_positive
112,1342,338282,939.6722222222222,NORMAL,N,,,,338259,338302,338341,338398,338430,biphasic_negative_positive
112,1343,338531,940.3638888888889,NORMAL,N,,,,338510,338545,338575,338651,338673,biphasic_negative_positive
112,1344,338779,941.0527777777778,NORMAL,N,,,,338764,338800,338831,338902,338912,biphasic_negative_positive
112,1345,339038,941.7722222222222,NORMAL,N,,,,339015,339060,339096,339163,339187,biphasic_negative_positive
112,1346,339293,942.4805555555556,NORMAL,N,,,,339279,339312,339338,339416,339447,biphasic_negative_positive
112,1347,339541,943.1694444444445,NORMAL,N,,,,339520,339557,339579,339659,339699,biphasic_negative_positive
112,1348,339790,943.8611111111111,NORMAL,N,,,,339771,339809,339843,339913,339943,biphasic_negative_positive
112,1349,340042,944.5611111111111,NORMAL,N,,,,340021,340059,340092,340162,340184,biphasic_negative_positive
112,1350,340295,945.2638888888889,NORMAL,N,,,,340275,340309,340363,340414,340437,biphasic_negative_positive
112,1351,340550,945.9722222222222,NORMAL,N,,,,340527,340563,340600,340673,340710,biphasic_negative_positive
112,1352,340805,946.6805555555555,NORMAL,N,,,,340780,340827,340850,340929,340954,biphasic_negative_positive
112,1353,341060,947.3888888888889,NORMAL,N,,,,341043,341078,341115,341182,341212,biphasic_negative_positive
112,1354,341307,948.075,NORMAL,N,,,,341284,341328,341362,341429,341456,biphasic_negative_positive
112,1355,341561,948.7805555555556,NORMAL,N,,,,341548,341582,341612,341685,341706,biphasic_negative_positive
112,1356,341814,949.4833333333333,NORMAL,N,,,,341800,341832,341862,341935,341977,biphasic_negative_positive
112,1357,342070,950.1944444444445,NORMAL,N,,,,342053,342089,342131,342187,342214,biphasic_negative_positive
112,1358,342315,950.875,NORMAL,N,,,,342294,342337,342363,342437,342462,biphasic_negative_positive
112,1359,342569,951.5805555555555,NORMAL,N,,,,342545,342592,342610,342687,342721,biphasic_negative_positive
112,1360,342820,952.2777777777778,NORMAL,N,,,,342809,342836,342876,342938,342968,biphasic_negative_positive
112,1361,343071,952.975,NORMAL,N,,,,343049,343093,343113,343191,343222,biphasic_negative_positive
112,1362,343327,953.6861111111111,NORMAL,N,,,,343311,343348,343394,343448,343485,biphasic_negative_positive
112,1363,343581,954.3916666666667,NORMAL,N,,,,343565,343595,343632,343701,343721,biphasic_negative_positive
112,1364,343829,955.0805555555555,NORMAL,N,,,,343809,343844,343896,343949,343967,biphasic_negative_positive
112,1365,344081,955.7805555555556,NORMAL,N,,,,344057,344099,344141,344208,344237,biphasic_negative_positive
112,1366,344339,956.4972222222223,NORMAL,N,,,,344326,344356,344388,344459,344472,biphasic_negative_positive
112,1367,344593,957.2027777777778,NORMAL,N,,,,344575,344610,344653,344715,344745,biphasic_negative_positive
112,1368,344843,957.8972222222222,NORMAL,N,,,,344830,344861,344897,344960,344988,biphasic_negative_positive
112,1369,345100,958.6111111111111,NORMAL,N,,,,345080,345123,345187,345221,345247,biphasic_negative_positive
112,1370,345354,959.3166666666667,NORMAL,N,,,,345317,345367,345435,345474,345487,biphasic_negative_positive
112,1371,345609,960.025,NORMAL,N,,,,345599,345629,345680,345731,345743,biphasic_negative_positive
112,1372,345865,960.7361111111111,NORMAL,N,,,,345844,345885,345908,345995,346007,biphasic_negative_positive
112,1373,346126,961.4611111111111,NORMAL,N,,,,346110,346144,346190,346248,346261,biphasic_negative_positive
112,1374,346377,962.1583333333333,NORMAL,N,,,,346365,346396,346430,346502,346533,biphasic_negative_positive
112,1375,346628,962.8555555555556,NORMAL,N,,,,346616,346644,346683,346752,346772,biphasic_negative_positive
112,1376,346884,963.5666666666667,NORMAL,N,,,,346872,346904,346948,347012,347041,biphasic_negative_positive
112,1377,347139,964.275,NORMAL,N,,,,347120,347155,347194,347262,347285,biphasic_negative_positive
112,1378,347393,964.9805555555556,NORMAL,N,347348,347353,347359,347380,347416,347461,347510,347520,biphasic_negative_positive
112,1379,347640,965.6666666666666,NORMAL,N,,,,347627,347661,347707,347765,347786,biphasic_negative_positive
112,1380,347898,966.3833333333333,NORMAL,N,,,,347885,347920,347944,348018,348056,biphasic_negative_positive
112,1381,348149,967.0805555555555,NORMAL,N,,,,348135,348170,348203,348270,348295,biphasic_negative_positive
112,1382,348399,967.775,NORMAL,N,,,,348381,348421,348449,348518,348539,biphasic_negative_positive
112,1383,348655,968.4861111111111,NORMAL,N,,,,348642,348669,348716,348782,348801,biphasic_negative_positive
112,1384,348908,969.1888888888889,NORMAL,N,,,,348897,348922,348967,349029,349051,biphasic_negative_positive
112,1385,349156,969.8777777777777,NORMAL,N,,,,349144,349175,349199,349276,349305,biphasic_negative_positive
112,1386,349409,970.5805555555555,NORMAL,N,,,,349387,349425,349449,349551,349567,biphasic_negative_positive
112,1387,349664,971.2888888888889,NORMAL,N,,,,349652,349678,349727,349789,349823,biphasic_negative_positive
112,1388,349917,971.9916666666667,NORMAL,N,,,,349895,349939,349973,350038,350054,biphasic_negative_positive
112,1389,350164,972.6777777777778,NORMAL,N,,,,350151,350181,350224,350286,350309,biphasic_negative_positive
112,1390,350416,973.3777777777777,NORMAL,N,,,,350398,350432,350480,350538,350558,biphasic_negative_positive
112,1391,350667,974.075,NORMAL,N,,,,350649,350686,350721,350787,350801,biphasic_negative_positive
112,1392,350916,974.7666666666667,NORMAL,N,,,,350889,350934,350972,351036,351067,biphasic_negative_positive
112,1393,351169,975.4694444444444,NORMAL,N,,,,351153,351183,351215,351295,351326,biphasic_negative_positive
112,1394,351426,976.1833333333333,NORMAL,N,,,,351406,351440,351486,351544,351565,biphasic_negative_positive
112,1395,351675,976.875,NORMAL,N,,,,351661,351694,351728,351795,351821,biphasic_negative_positive
112,1396,351922,977.5611111111111,NORMAL,N,,,,351898,351936,351979,352044,352072,biphasic_negative_positive
112,1397,352182,978.2833333333333,NORMAL,N,,,,352161,352200,352244,352306,352334,biphasic_negative_positive
112,1398,352433,978.9805555555556,NORMAL,N,,,,352418,352451,352489,352557,352583,biphasic_negative_positive
112,1399,352690,979.6944444444445,NORMAL,N,,,,352669,352710,352749,352807,352836,biphasic_negative_positive
112,1400,352939,980.3861111111111,NORMAL,N,,,,352920,352956,352994,353064,353078,biphasic_negative_positive
112,1401,353203,981.1194444444444,NORMAL,N,,,,353183,353218,353252,353326,353339,biphasic_negative_positive
112,1402,353463,981.8416666666667,NORMAL,N,,,,353452,353485,353506,353589,353624,biphasic_negative_positive
112,1403,353726,982.5722222222222,NORMAL,N,,,,353713,353745,353768,353853,353877,biphasic_negative_positive
112,1404,353992,983.3111111111111,NORMAL,N,,,,353975,354013,354048,354117,354138,biphasic_negative_positive
112,1405,354254,984.0388888888889,NORMAL,N,,,,354240,354275,354307,354378,354414,biphasic_negative_positive
112,1406,354516,984.7666666666667,NORMAL,N,,,,354492,354531,354570,354636,354651,biphasic_negative_positive
112,1407,354783,985.5083333333333,NORMAL,N,,,,354769,354798,354846,354908,354931,biphasic_negative_positive
112,1408,355051,986.2527777777777,NORMAL,N,,,,355035,355066,355108,355172,355181,biphasic_negative_positive
112,1409,355314,986.9833333333333,NORMAL,N,,,,355300,355327,355380,355396,355428,inverted
112,1410,355569,987.6916666666667,NORMAL,N,,,,355547,355583,355620,355697,355734,biphasic_negative_positive
112,1411,355835,988.4305555555555,NORMAL,N,,,,355818,355858,355885,355958,355973,biphasic_negative_positive
112,1412,356093,989.1472222222222,NORMAL,N,,,,356079,356112,356130,356216,356253,biphasic_negative_positive
112,1413,356351,989.8638888888889,NORMAL,N,,,,356331,356368,356406,356435,356469,inverted
112,1414,356617,990.6027777777778,NORMAL,N,,,,356597,356631,356672,356740,356755,biphasic_negative_positive
112,1415,356878,991.3277777777778,NORMAL,N,,,,356857,356893,356948,356997,357042,biphasic_negative_positive
112,1416,357135,992.0416666666666,NORMAL,N,,,,357122,357149,357191,357261,357295,biphasic_negative_positive
112,1417,357397,992.7694444444444,NORMAL,N,,,,357375,357411,357463,357528,357564,biphasic_negative_positive
112,1418,357668,993.5222222222222,NORMAL,N,,,,357650,357686,357740,357790,357822,biphasic_negative_positive
112,1419,357930,994.25,NORMAL,N,,,,357917,357950,357979,358056,358072,biphasic_negative_positive
112,1420,358186,994.9611111111111,NORMAL,N,358117,358131,358156,358167,358200,358227,358315,358330,biphasic_negative_positive
112,1421,358450,995.6944444444445,NORMAL,N,,,,358433,358465,358502,358573,358609,biphasic_negative_positive
112,1422,358707,996.4083333333333,NORMAL,N,,,,358695,358726,358746,358834,358868,biphasic_negative_positive
112,1423,358968,997.1333333333333,NORMAL,N,,,,358947,358982,359011,359100,359116,biphasic_negative_positive
112,1424,359230,997.8611111111111,NORMAL,N,,,,359212,359250,359269,359359,359374,biphasic_negative_positive
112,1425,359485,998.5694444444445,NORMAL,N,,,,359466,359500,359525,359571,359604,inverted
112,1426,359738,999.2722222222222,NORMAL,N,,,,359716,359759,359774,359860,359883,biphasic_negative_positive
112,1427,359992,999.9777777777778,NORMAL,N,,,,359967,360014,360038,360118,360132,biphasic_negative_positive
112,1428,360250,1000.6944444444445,NORMAL,N,,,,360233,360268,360310,360371,360394,biphasic_negative_positive
112,1429,360496,1001.3777777777777,NORMAL,N,,,,360471,360512,360539,360620,360642,biphasic_negative_positive
112,1430,360746,1002.0722222222222,NORMAL,N,,,,360733,360764,360794,360829,360864,inverted
112,1431,360997,1002.7694444444444,NORMAL,N,,,,360983,361014,361045,361119,361155,biphasic_negative_positive
112,1432,361245,1003.4583333333334,NORMAL,N,,,,361233,361264,361303,361368,361399,biphasic_negative_positive
112,1433,361494,1004.15,NORMAL,N,,,,361483,361514,361556,361618,361650,biphasic_negative_positive
112,1434,361750,1004.8611111111111,NORMAL,N,,,,361737,361769,361803,361878,361899,biphasic_negative_positive
112,1435,362010,1005.5833333333334,NORMAL,N,,,,361999,362027,362053,362129,362158,biphasic_negative_positive
112,1436,362263,1006.2861111111112,NORMAL,N,,,,362251,362283,362310,362384,362418,biphasic_negative_positive
112,1437,362518,1006.9944444444444,NORMAL,N,,,,362506,362537,362558,362639,362676,biphasic_negative_positive
112,1438,362781,1007.725,NORMAL,N,,,,362764,362801,362877,362899,362938,normal
112,1439,363036,1008.4333333333333,NORMAL,N,,,,363019,363057,363127,363156,363189,normal
112,1440,363297,1009.1583333333333,NORMAL,N,,,,363280,363312,363337,363412,363442,biphasic_negative_positive
112,1441,363547,1009.8527777777778,NORMAL,N,,,,363534,363562,363596,363675,363693,biphasic_negative_positive
112,1442,363804,1010.5666666666667,NORMAL,N,,,,363791,363826,363842,363921,363955,biphasic_negative_positive
112,1443,364053,1011.2583333333333,NORMAL,N,,,,364041,364073,364106,364179,364212,biphasic_negative_positive
112,1444,364309,1011.9694444444444,NORMAL,N,,,,364296,364329,364348,364431,364462,biphasic_negative_positive
112,1445,364564,1012.6777777777778,NORMAL,N,364491,364497,364505,364542,364582,364607,364684,364708,biphasic_negative_positive
112,1446,364806,1013.35,NORMAL,N,,,,364782,364828,364846,364927,364951,biphasic_negative_positive
112,1447,365055,1014.0416666666666,NORMAL,N,,,,365042,365073,365087,365173,365219,biphasic_negative_positive
112,1448,365317,1014.7694444444444,NORMAL,N,,,,365294,365328,365402,365434,365458,normal
112,1449,365558,1015.4388888888889,NORMAL,N,,,,365545,365580,365597,365679,365709,biphasic_negative_positive
112,1450,365810,1016.1388888888889,NORMAL,N,,,,365797,365828,365848,365930,365965,biphasic_negative_positive
112,1451,366054,1016.8166666666667,NORMAL,N,,,,366042,366076,366087,366179,366207,biphasic_negative_positive
112,1452,366321,1017.5583333333333,NORMAL,N,,,,366294,366330,366343,366428,366465,biphasic_negative_positive
112,1453,366570,1018.25,NORMAL,N,,,,366537,366582,366603,366681,366707,biphasic_negative_positive
112,1454,366811,1018.9194444444445,NORMAL,N,,,,366790,366833,366857,366934,366972,biphasic_negative_positive
112,1455,367065,1019.625,NORMAL,N,,,,367041,367087,367115,367191,367213,biphasic_negative_positive
112,1456,367316,1020.3222222222222,NORMAL,N,,,,367304,367331,367364,367437,367461,biphasic_negative_positive
112,1457,367567,1021.0194444444444,NORMAL,N,,,,367556,367588,367616,367689,367724,biphasic_negative_positive
112,1458,367817,1021.7138888888888,NORMAL,N,,,,367803,367837,367869,367942,367980,biphasic_negative_positive
112,1459,368087,1022.4638888888888,NORMAL,N,,,,368065,368095,368114,368199,368233,biphasic_negative_positive
112,1460,368323,1023.1194444444444,NORMAL,N,,,,368311,368344,368368,368449,368484,biphasic_negative_positive
112,1461,368589,1023.8583333333333,NORMAL,N,,,,368565,368597,368624,368693,368726,biphasic_negative_positive
112,1462,368836,1024.5444444444445,NORMAL,N,,,,368812,368844,368883,368950,368987,biphasic_negative_positive
112,1463,369090,1025.25,NORMAL,N,,,,369066,369099,369116,369201,369226,biphasic_negative_positive
112,1464,369347,1025.963888888889,NORMAL,N,,,,369324,369356,369379,369460,369495,biphasic_negative_positive
112,1465,369607,1026.6861111111111,NORMAL,N,,,,369584,369614,369631,369719,369758,biphasic_negative_positive
112,1466,369866,1027.4055555555556,NORMAL,N,,,,369843,369874,369897,369978,370005,biphasic_negative_positive
112,1467,370123,1028.1194444444445,NORMAL,N,,,,370099,370131,370157,370232,370261,biphasic_negative_positive
112,1468,370381,1028.8361111111112,NORMAL,N,,,,370358,370389,370411,370494,370532,biphasic_negative_positive
112,1469,370648,1029.5777777777778,NORMAL,N,,,,370618,370657,370675,370760,370788,biphasic_negative_positive
112,1470,370906,1030.2944444444445,NORMAL,N,,,,370883,370910,370945,371019,371033,biphasic_negative_positive
112,1471,371166,1031.0166666666667,NORMAL,N,,,,371146,371173,371213,371275,371296,biphasic_negative_positive
112,1472,371420,1031.7222222222222,NORMAL,N,,,,371398,371430,371452,371533,371556,biphasic_negative_positive
112,1473,371673,1032.425,NORMAL,N,,,,371653,371682,371700,371785,371832,biphasic_negative_positive
112,1474,371930,1033.138888888889,NORMAL,N,,,,371904,371940,371974,372040,372051,biphasic_negative_positive
112,1475,372184,1033.8444444444444,NORMAL,N,,,,372155,372196,372236,372299,372329,biphasic_negative_positive
112,1476,372444,1034.5666666666666,NORMAL,N,,,,372421,372455,372475,372517,372551,inverted
112,1477,372696,1035.2666666666667,NORMAL,N,,,,372673,372706,372742,372810,372842,biphasic_negative_positive
112,1478,372949,1035.9694444444444,NORMAL,N,,,,372922,372958,372997,373024,373056,inverted
112,1479,373202,1036.6722222222222,NORMAL,N,,,,373175,373211,373234,373280,373315,inverted
112,1480,373457,1037.3805555555555,NORMAL,N,,,,373427,373467,373491,373532,373569,inverted
112,1481,373708,1038.0777777777778,NORMAL,N,,,,373695,373726,373760,373831,373863,biphasic_negative_positive
112,1482,373967,1038.7972222222222,NORMAL,N,,,,373944,373978,374013,374045,374080,inverted
112,1483,374227,1039.5194444444444,NORMAL,N,,,,374204,374236,374264,374304,374339,inverted
112,1484,374489,1040.2472222222223,NORMAL,N,,,,374465,374499,374528,374566,374600,inverted
112,1485,374750,1040.9722222222222,NORMAL,N,,,,374728,374760,374793,374870,374906,biphasic_negative_positive
112,1486,375018,1041.7166666666667,NORMAL,N,,,,374994,375028,375062,375132,375143,biphasic_negative_positive
112,1487,375279,1042.4416666666666,NORMAL,N,,,,375256,375289,375331,375358,375392,inverted
112,1488,375544,1043.1777777777777,NORMAL,N,,,,375521,375552,375586,375620,375656,inverted
112,1489,375809,1043.9138888888888,NORMAL,N,,,,375785,375818,375849,375889,375924,inverted
112,1490,376072,1044.6444444444444,NORMAL,N,,,,376051,376080,376115,376189,376225,biphasic_negative_positive
112,1491,376341,1045.3916666666667,NORMAL,N,,,,376317,376351,376388,376452,376480,biphasic_negative_positive
112,1492,376597,1046.1027777777779,NORMAL,N,,,,376573,376607,376637,376712,376725,biphasic_negative_positive
112,1493,376860,1046.8333333333333,NORMAL,N,,,,376828,376870,376893,376970,377009,biphasic_negative_positive
112,1494,377120,1047.5555555555557,NORMAL,N,,,,377088,377130,377147,377234,377269,biphasic_negative_positive
112,1495,377381,1048.2805555555556,NORMAL,N,,,,377353,377389,377423,377494,377519,biphasic_negative_positive
112,1496,377644,1049.0111111111112,NORMAL,N,,,,377620,377655,377700,377758,377786,biphasic_negative_positive
112,1497,377900,1049.7222222222222,NORMAL,N,,,,377873,377911,377936,378014,378050,biphasic_negative_positive
112,1498,378162,1050.45,NORMAL,N,,,,378138,378171,378205,378271,378297,biphasic_negative_positive
112,1499,378418,1051.161111111111,NORMAL,N,,,,378386,378430,378451,378536,378559,biphasic_negative_positive
112,1500,378679,1051.8861111111112,NORMAL,N,,,,378656,378688,378709,378791,378811,biphasic_negative_positive
112,1501,378936,1052.6,NORMAL,N,,,,378903,378948,378969,379049,379076,biphasic_negative_positive
112,1502,379191,1053.3083333333334,NORMAL,N,,,,379168,379201,379242,379301,379322,biphasic_negative_positive
112,1503,379446,1054.0166666666667,NORMAL,N,,,,379418,379457,379475,379561,379581,biphasic_negative_positive
112,1504,379703,1054.7305555555556,NORMAL,N,,,,379669,379714,379738,379814,379844,biphasic_negative_positive
112,1505,379956,1055.4333333333334,NORMAL,N,,,,379933,379966,379994,380070,380107,biphasic_negative_positive
112,1506,380211,1056.1416666666667,NORMAL,N,,,,380187,380221,380238,380324,380361,biphasic_negative_positive
112,1507,380465,1056.8472222222222,NORMAL,N,,,,380439,380473,380500,380577,380608,biphasic_negative_positive
112,1508,380717,1057.5472222222222,NORMAL,N,,,,380693,380726,380748,380827,380860,biphasic_negative_positive
112,1509,380965,1058.236111111111,NORMAL,N,,,,380942,380973,380989,381079,381115,biphasic_negative_positive
112,1510,381223,1058.9527777777778,NORMAL,N,,,,381195,381235,381271,381334,381352,biphasic_negative_positive
112,1511,381473,1059.6472222222221,NORMAL,N,,,,381437,381483,381504,381545,381580,inverted
112,1512,381721,1060.3361111111112,NORMAL,N,,,,381700,381733,381757,381831,381855,biphasic_negative_positive
112,1513,381970,1061.0277777777778,NORMAL,N,,,,381946,381981,381997,382084,382126,biphasic_negative_positive
112,1514,382221,1061.725,NORMAL,N,,,,382191,382230,382268,382335,382371,biphasic_negative_positive
112,1515,382471,1062.4194444444445,NORMAL,N,,,,382448,382482,382498,382585,382613,biphasic_negative_positive
112,1516,382720,1063.111111111111,NORMAL,N,,,,382698,382729,382755,382834,382871,biphasic_negative_positive
112,1517,382977,1063.825,NORMAL,N,,,,382953,382987,383016,383090,383123,biphasic_negative_positive
112,1518,383228,1064.5222222222221,NORMAL,N,,,,383205,383237,383261,383302,383337,inverted
112,1519,383479,1065.2194444444444,NORMAL,N,,,,383456,383489,383508,383593,383624,biphasic_negative_positive
112,1520,383733,1065.925,NORMAL,N,,,,383709,383743,383780,383850,383886,biphasic_negative_positive
112,1521,383990,1066.638888888889,NORMAL,N,,,,383968,384000,384029,384105,384139,biphasic_negative_positive
112,1522,384246,1067.35,NORMAL,N,,,,384223,384257,384292,384359,384381,biphasic_negative_positive
112,1523,384492,1068.0333333333333,NORMAL,N,,,,384460,384502,384537,384604,384618,biphasic_negative_positive
112,1524,384747,1068.7416666666666,NORMAL,N,,,,384716,384751,384783,384861,384879,biphasic_negative_positive
112,1525,385000,1069.4444444444443,NORMAL,N,,,,384977,385012,385037,385115,385138,biphasic_negative_positive
112,1526,385256,1070.1555555555556,NORMAL,N,,,,385234,385266,385287,385370,385405,biphasic_negative_positive
112,1527,385511,1070.8638888888888,NORMAL,N,,,,385482,385519,385542,385587,385625,inverted
112,1528,385771,1071.5861111111112,NORMAL,N,,,,385746,385781,385796,385882,385916,biphasic_negative_positive
112,1529,386023,1072.286111111111,NORMAL,N,,,,385999,386032,386056,386135,386173,biphasic_negative_positive
112,1530,386275,1072.986111111111,NORMAL,N,,,,386238,386286,386314,386390,386416,biphasic_negative_positive
112,1531,386539,1073.7194444444444,NORMAL,N,,,,386514,386548,386571,386653,386685,biphasic_negative_positive
112,1532,386795,1074.4305555555557,NORMAL,N,,,,386767,386803,386823,386906,386949,biphasic_negative_positive
112,1533,387049,1075.1361111111112,NORMAL,N,,,,387018,387058,387086,387157,387184,biphasic_negative_positive
112,1534,387299,1075.8305555555555,NORMAL,N,,,,387273,387311,387328,387372,387413,inverted
112,1535,387556,1076.5444444444445,NORMAL,N,,,,387535,387565,387593,387671,387702,biphasic_negative_positive
112,1536,387811,1077.2527777777777,NORMAL,N,,,,387775,387822,387835,387924,387940,biphasic_negative_positive
112,1537,388063,1077.9527777777778,NORMAL,N,,,,388041,388071,388106,388180,388208,biphasic_negative_positive
112,1538,388323,1078.675,NORMAL,N,,,,388290,388332,388362,388436,388462,biphasic_negative_positive
112,1539,388575,1079.375,NORMAL,N,,,,388543,388583,388615,388688,388714,biphasic_negative_positive
112,1540,388822,1080.0611111111111,NORMAL,N,,,,388784,388833,388854,388896,388935,inverted
112,1541,389081,1080.7805555555556,NORMAL,N,,,,389056,389092,389125,389201,389214,biphasic_negative_positive
112,1542,389335,1081.486111111111,NORMAL,N,,,,389314,389345,389382,389414,389448,inverted
112,1543,389592,1082.2,NORMAL,N,,,,389568,389603,389634,389671,389701,inverted
112,1544,389837,1082.8805555555555,NORMAL,N,,,,389815,389848,389881,389914,389949,inverted
112,1545,390095,1083.5972222222222,NORMAL,N,,,,390070,390122,390147,390224,390235,biphasic_negative_positive
112,1546,390344,1084.2888888888888,NORMAL,N,,,,390322,390355,390389,390454,390467,biphasic_negative_positive
112,1547,390594,1084.9833333333333,NORMAL,N,,,,390562,390606,390621,390712,390730,biphasic_negative_positive
112,1548,390850,1085.6944444444443,NORMAL,N,,,,390815,390861,390895,390972,390999,biphasic_negative_positive
112,1549,391109,1086.4138888888888,NORMAL,N,,,,391085,391120,391165,391186,391218,inverted
112,1550,391360,1087.111111111111,NORMAL,N,,,,391339,391367,391409,391473,391513,biphasic_negative_positive
112,1551,391612,1087.8111111111111,NORMAL,N,,,,391581,391623,391651,391691,391728,inverted
112,1552,391877,1088.5472222222222,NORMAL,N,,,,391854,391884,391916,391952,391988,inverted
112,1553,392134,1089.2611111111112,NORMAL,N,,,,392110,392144,392187,392252,392276,biphasic_negative_positive
112,1554,392389,1089.9694444444444,NORMAL,N,,,,392368,392397,392421,392463,392497,inverted
112,1555,392651,1090.6972222222223,NORMAL,N,,,,392628,392662,392683,392765,392798,biphasic_negative_positive
112,1556,392907,1091.4083333333333,NORMAL,N,,,,392877,392918,392953,393021,393059,biphasic_negative_positive
112,1557,393162,1092.1166666666666,NORMAL,N,,,,393131,393169,393199,393275,393300,biphasic_negative_positive
112,1558,393420,1092.8333333333333,NORMAL,N,,,,393395,393431,393468,393539,393556,biphasic_negative_positive
112,1559,393683,1093.5638888888889,NORMAL,N,,,,393659,393694,393728,393791,393818,biphasic_negative_positive
112,1560,393936,1094.2666666666667,NORMAL,N,,,,393914,393946,393979,394049,394084,biphasic_negative_positive
112,1561,394189,1094.9694444444444,NORMAL,N,,,,394163,394198,394217,394300,394322,biphasic_negative_positive
112,1562,394449,1095.6916666666666,NORMAL,N,,,,394428,394461,394485,394525,394562,inverted
112,1563,394704,1096.4,NORMAL,N,,,,394681,394714,394737,394817,394853,biphasic_negative_positive
112,1564,394959,1097.1083333333333,NORMAL,N,,,,394938,394967,395000,395069,395099,biphasic_negative_positive
112,1565,395208,1097.8,NORMAL,N,,,,395177,395220,395265,395325,395353,biphasic_negative_positive
112,1566,395463,1098.5083333333334,NORMAL,N,,,,395435,395468,395514,395578,395598,biphasic_negative_positive
112,1567,395715,1099.2083333333333,NORMAL,N,,,,395692,395723,395767,395829,395858,biphasic_negative_positive
112,1568,395970,1099.9166666666667,NORMAL,N,,,,395948,395979,396024,396102,396119,biphasic_negative_positive
112,1569,396231,1100.6416666666667,NORMAL,N,,,,396208,396285,396315,396375,396388,biphasic_positive_negative
112,1570,396485,1101.3472222222222,NORMAL,N,,,,396448,396491,396527,396596,396608,biphasic_negative_positive
112,1571,396735,1102.0416666666667,NORMAL,N,,,,396704,396743,396790,396853,396874,biphasic_negative_positive
112,1572,396994,1102.7611111111112,NORMAL,N,,,,396965,397000,397044,397066,397106,inverted
112,1573,397252,1103.4777777777779,NORMAL,N,,,,397230,397262,397336,397363,397377,normal
112,1574,397496,1104.1555555555556,NORMAL,N,,,,397481,397518,397535,397618,397646,biphasic_negative_positive
112,1575,397744,1104.8444444444444,NORMAL,N,,,,397731,397765,397785,397870,397895,biphasic_negative_positive
112,1576,398003,1105.5638888888889,NORMAL,N,,,,397988,398022,398040,398123,398153,biphasic_negative_positive
112,1577,398252,1106.2555555555555,NORMAL,N,,,,398238,398273,398306,398373,398402,biphasic_negative_positive
112,1578,398503,1106.9527777777778,NORMAL,N,,,,398480,398524,398541,398623,398650,biphasic_negative_positive
112,1579,398757,1107.6583333333333,NORMAL,N,,,,398743,398779,398804,398886,398916,biphasic_negative_positive
112,1580,399013,1108.3694444444445,NORMAL,N,,,,399000,399034,399046,399133,399153,biphasic_negative_positive
112,1581,399263,1109.0638888888889,NORMAL,N,,,,399250,399284,399316,399384,399406,biphasic_negative_positive
112,1582,399512,1109.7555555555555,NORMAL,N,,,,399500,399534,399572,399641,399676,biphasic_negative_positive
112,1583,399778,1110.4944444444445,NORMAL,N,,,,399752,399796,399825,399897,399931,biphasic_negative_positive
112,1584,400029,1111.1916666666666,NORMAL,N,,,,400016,400052,400066,400152,400184,biphasic_negative_positive
112,1585,400284,1111.9,NORMAL,N,,,,400271,400303,400342,400361,400399,inverted
112,1586,400540,1112.611111111111,NORMAL,N,,,,400530,400562,400577,400664,400689,biphasic_negative_positive
112,1587,400796,1113.3222222222223,NORMAL,N,,,,400784,400814,400848,400918,400958,biphasic_negative_positive
112,1588,401053,1114.036111111111,NORMAL,N,,,,401025,401075,401094,401178,401210,biphasic_negative_positive
112,1589,401317,1114.7694444444444,NORMAL,N,,,,401300,401339,401370,401446,401478,biphasic_negative_positive
112,1590,401586,1115.5166666666667,NORMAL,N,,,,401576,401606,401621,401705,401730,biphasic_negative_positive
112,1591,401843,1116.2305555555556,NORMAL,N,,,,401828,401864,401880,401965,402002,biphasic_negative_positive
112,1592,402105,1116.9583333333333,NORMAL,N,,,,402091,402124,402158,402232,402261,biphasic_negative_positive
112,1593,402377,1117.713888888889,NORMAL,N,,,,402368,402399,402434,402499,402533,biphasic_negative_positive
112,1594,402638,1118.4388888888889,NORMAL,N,,,,402625,402660,402686,402765,402786,biphasic_negative_positive
112,1595,402902,1119.1722222222222,NORMAL,N,,,,402883,402922,402937,403022,403053,biphasic_negative_positive
112,1596,403163,1119.8972222222221,NORMAL,N,,,,403148,403182,403205,403286,403310,biphasic_negative_positive
112,1597,403419,1120.6083333333333,NORMAL,N,,,,403402,403439,403477,403539,403575,biphasic_negative_positive
112,1598,403678,1121.3277777777778,NORMAL,N,,,,403666,403698,403711,403801,403824,biphasic_negative_positive
112,1599,403940,1122.0555555555557,NORMAL,N,,,,403927,403960,403983,404068,404097,biphasic_negative_positive
112,1600,404206,1122.7944444444445,NORMAL,N,,,,404183,404228,404256,404324,404358,biphasic_negative_positive
112,1601,404465,1123.513888888889,NORMAL,N,,,,404446,404488,404513,404588,404611,biphasic_negative_positive
112,1602,404727,1124.2416666666666,NORMAL,N,,,,404711,404749,404788,404852,404868,biphasic_negative_positive
112,1603,404997,1124.9916666666666,NORMAL,N,,,,404986,405017,405036,405122,405143,biphasic_negative_positive
112,1604,405257,1125.713888888889,NORMAL,N,,,,405229,405276,405299,405384,405414,biphasic_negative_positive
112,1605,405520,1126.4444444444443,NORMAL,N,,,,405504,405541,405565,405640,405668,biphasic_negative_positive
112,1606,405781,1127.1694444444445,NORMAL,N,,,,405766,405804,405840,405905,405943,biphasic_negative_positive
112,1607,406042,1127.8944444444444,NORMAL,N,,,,406020,406064,406084,406165,406183,biphasic_negative_positive
112,1608,406299,1128.6083333333333,NORMAL,N,,,,406286,406321,406349,406426,406449,biphasic_negative_positive
112,1609,406567,1129.3527777777779,NORMAL,N,,,,406557,406586,406623,406694,406719,biphasic_negative_positive
112,1610,406830,1130.0833333333333,NORMAL,N,,,,406813,406851,406873,406916,406948,inverted
112,1611,407088,1130.8,NORMAL,N,,,,407075,407106,407140,407209,407251,biphasic_negative_positive
112,1612,407347,1131.5194444444444,NORMAL,N,,,,407335,407369,407401,407474,407491,biphasic_negative_positive
112,1613,407613,1132.2583333333334,NORMAL,N,,,,407604,407633,407667,407734,407769,biphasic_negative_positive
112,1614,407872,1132.9777777777779,NORMAL,N,,,,407855,407896,407920,407995,408009,biphasic_negative_positive
112,1615,408132,1133.7,NORMAL,N,,,,408120,408151,408178,408256,408285,biphasic_negative_positive
112,1616,408398,1134.4388888888889,NORMAL,N,,,,408383,408415,408444,408520,408553,biphasic_negative_positive
112,1617,408653,1135.1472222222221,NORMAL,N,,,,408643,408674,408702,408776,408813,biphasic_negative_positive
112,1618,408914,1135.8722222222223,NORMAL,N,,,,408900,408933,408954,409039,409066,biphasic_negative_positive
112,1619,409179,1136.6083333333333,NORMAL,N,,,,409164,409203,409223,409304,409337,biphasic_negative_positive
112,1620,409444,1137.3444444444444,NORMAL,N,,,,409419,409465,409503,409567,409587,biphasic_negative_positive
112,1621,409708,1138.0777777777778,NORMAL,N,,,,409694,409729,409756,409830,409865,biphasic_negative_positive
112,1622,409970,1138.8055555555557,NORMAL,N,,,,409958,409993,410009,410096,410123,biphasic_negative_positive
112,1623,410242,1139.5611111111111,NORMAL,N,,,,410231,410263,410288,410361,410382,biphasic_negative_positive
112,1624,410500,1140.2777777777778,NORMAL,N,,,,410485,410524,410548,410626,410663,biphasic_negative_positive
112,1625,410762,1141.0055555555555,NORMAL,N,,,,410736,410781,410811,410884,410899,biphasic_negative_positive
112,1626,411021,1141.725,NORMAL,N,,,,411011,411042,411078,411144,411169,biphasic_negative_positive
112,1627,411287,1142.463888888889,NORMAL,N,,,,411255,411296,411329,411400,411425,biphasic_negative_positive
112,1628,411534,1143.15,NORMAL,N,,,,411519,411555,411587,411657,411691,biphasic_negative_positive
112,1629,411806,1143.9055555555556,NORMAL,N,,,,411784,411818,411834,411921,411950,biphasic_negative_positive
112,1630,412068,1144.6333333333334,NORMAL,N,,,,412036,412076,412107,412175,412203,biphasic_negative_positive
112,1631,412314,1145.3166666666666,NORMAL,N,,,,412300,412336,412361,412434,412466,biphasic_negative_positive
112,1632,412571,1146.0305555555556,NORMAL,N,,,,412562,412591,412637,412697,412719,biphasic_negative_positive
112,1633,412845,1146.7916666666667,NORMAL,N,,,,412821,412856,412892,412955,412972,biphasic_negative_positive
112,1634,413102,1147.5055555555555,NORMAL,N,,,,413079,413110,413131,413217,413249,biphasic_negative_positive
112,1635,413361,1148.225,NORMAL,N,,,,413341,413371,413382,413469,413505,biphasic_negative_positive
112,1636,413616,1148.9333333333334,NORMAL,N,,,,413596,413626,413660,413731,413752,biphasic_negative_positive
112,1637,413873,1149.6472222222221,NORMAL,N,,,,413848,413884,413902,413987,414010,biphasic_negative_positive
112,1638,414134,1150.3722222222223,NORMAL,N,,,,414101,414144,414165,414250,414278,biphasic_negative_positive
112,1639,414399,1151.1083333333333,NORMAL,N,,,,414376,414407,414441,414513,414551,biphasic_negative_positive
112,1640,414663,1151.8416666666667,NORMAL,N,,,,414641,414675,414707,414774,414806,biphasic_negative_positive
112,1641,414921,1152.5583333333334,NORMAL,N,,,,414901,414931,414955,415033,415048,biphasic_negative_positive
112,1642,415181,1153.2805555555556,NORMAL,N,,,,415148,415192,415229,415296,415332,biphasic_negative_positive
112,1643,415446,1154.0166666666667,NORMAL,N,,,,415419,415455,415496,415562,415587,biphasic_negative_positive
112,1644,415705,1154.736111111111,NORMAL,N,,,,415683,415714,415746,415819,415851,biphasic_negative_positive
112,1645,415963,1155.4527777777778,NORMAL,N,,,,415944,415973,416014,416074,416092,biphasic_negative_positive
112,1646,416217,1156.1583333333333,NORMAL,N,,,,416190,416230,416264,416328,416357,biphasic_negative_positive
112,1647,416472,1156.8666666666666,NORMAL,N,,,,416443,416483,416516,416586,416615,biphasic_negative_positive
112,1648,416729,1157.5805555555555,NORMAL,N,,,,416706,416741,416775,416840,416877,biphasic_negative_positive
112,1649,416987,1158.2972222222222,NORMAL,N,,,,416958,417000,417035,417102,417136,biphasic_negative_positive
112,1650,417248,1159.0222222222221,NORMAL,N,,,,417210,417261,417302,417362,417399,biphasic_negative_positive
112,1651,417506,1159.7388888888888,NORMAL,N,,,,417475,417515,417549,417621,417642,biphasic_negative_positive
112,1652,417761,1160.4472222222223,NORMAL,N,,,,417738,417770,417801,417875,417904,biphasic_negative_positive
112,1653,418022,1161.1722222222222,NORMAL,N,,,,418001,418031,418066,418140,418164,biphasic_negative_positive
112,1654,418285,1161.9027777777778,NORMAL,N,,,,418265,418295,418340,418400,418421,biphasic_negative_positive
112,1655,418550,1162.638888888889,NORMAL,N,,,,418528,418560,418590,418662,418694,biphasic_negative_positive
112,1656,418806,1163.35,NORMAL,N,,,,418785,418814,418850,418919,418955,biphasic_negative_positive
112,1657,419070,1164.0833333333333,NORMAL,N,,,,419047,419078,419120,419183,419203,biphasic_negative_positive
112,1658,419330,1164.8055555555557,NORMAL,N,,,,419310,419339,419370,419444,419472,biphasic_negative_positive
112,1659,419593,1165.536111111111,NORMAL,N,,,,419573,419603,419640,419705,419740,biphasic_negative_positive
112,1660,419856,1166.2666666666667,NORMAL,N,,,,419827,419868,419899,419970,419992,biphasic_negative_positive
112,1661,420116,1166.9888888888888,NORMAL,N,,,,420090,420127,420170,420232,420246,biphasic_negative_positive
112,1662,420374,1167.7055555555555,NORMAL,N,,,,420354,420384,420395,420485,420517,biphasic_negative_positive
112,1663,420631,1168.4194444444445,NORMAL,N,,,,420609,420639,420672,420744,420793,biphasic_negative_positive
112,1664,420889,1169.1361111111112,NORMAL,N,,,,420870,420902,420924,421001,421017,biphasic_negative_positive
112,1665,421148,1169.8555555555556,NORMAL,N,,,,421128,421156,421198,421261,421288,biphasic_negative_positive
112,1666,421402,1170.5611111111111,NORMAL,N,,,,421374,421409,421449,421512,421541,biphasic_negative_positive
112,1667,421662,1171.2833333333333,NORMAL,N,,,,421633,421669,421699,421773,421811,biphasic_negative_positive
112,1668,421920,1172.0,NORMAL,N,,,,421895,421931,421943,422031,422060,biphasic_negative_positive
112,1669,422179,1172.7194444444444,NORMAL,N,,,,422156,422191,422231,422293,422310,biphasic_negative_positive
112,1670,422441,1173.4472222222223,NORMAL,N,,,,422420,422453,422487,422557,422590,biphasic_negative_positive
112,1671,422706,1174.1833333333334,NORMAL,N,,,,422685,422715,422746,422823,422862,biphasic_negative_positive
112,1672,422968,1174.911111111111,NORMAL,N,,,,422943,422978,423021,423081,423098,biphasic_negative_positive
112,1673,423223,1175.6194444444445,NORMAL,N,,,,423201,423233,423260,423340,423358,biphasic_negative_positive
112,1674,423488,1176.3555555555556,NORMAL,N,,,,423464,423497,423539,423600,423643,biphasic_negative_positive
112,1675,423748,1177.0777777777778,NORMAL,N,,,,423708,423760,423803,423862,423881,biphasic_negative_positive
112,1676,424005,1177.7916666666667,NORMAL,N,,,,423984,424014,424034,424113,424130,biphasic_negative_positive
112,1677,424264,1178.5111111111112,NORMAL,N,,,,424239,424275,424290,424377,424395,biphasic_negative_positive
112,1678,424521,1179.225,NORMAL,N,,,,424497,424529,424563,424635,424666,biphasic_negative_positive
112,1679,424780,1179.9444444444443,NORMAL,N,,,,424751,424791,424813,424892,424920,biphasic_negative_positive
112,1680,425038,1180.661111111111,NORMAL,N,,,,425014,425048,425090,425155,425190,biphasic_negative_positive
112,1681,425305,1181.4027777777778,NORMAL,N,,,,425282,425317,425341,425415,425445,biphasic_negative_positive
112,1682,425563,1182.1194444444445,NORMAL,N,,,,425534,425573,425596,425677,425708,biphasic_negative_positive
112,1683,425823,1182.8416666666667,NORMAL,N,,,,425804,425835,425864,425934,425962,biphasic_negative_positive
112,1684,426090,1183.5833333333333,NORMAL,N,,,,426066,426101,426132,426204,426237,biphasic_negative_positive
112,1685,426351,1184.3083333333334,NORMAL,N,,,,426327,426360,426399,426465,426502,biphasic_negative_positive
112,1686,426613,1185.036111111111,NORMAL,N,,,,426586,426622,426640,426721,426752,biphasic_negative_positive
112,1687,426873,1185.7583333333334,NORMAL,N,,,,426850,426882,426905,426987,427026,biphasic_negative_positive
112,1688,427138,1186.4944444444445,NORMAL,N,,,,427116,427147,427180,427249,427285,biphasic_negative_positive
112,1689,427399,1187.2194444444444,NORMAL,N,,,,427369,427409,427431,427511,427551,biphasic_negative_positive
112,1690,427660,1187.9444444444443,NORMAL,N,,,,427632,427672,427699,427774,427804,biphasic_negative_positive
112,1691,427927,1188.6861111111111,NORMAL,N,,,,427907,427939,427983,428040,428071,biphasic_negative_positive
112,1692,428188,1189.411111111111,NORMAL,N,,,,428162,428200,428222,428300,428336,biphasic_negative_positive
112,1693,428449,1190.1361111111112,NORMAL,N,,,,428424,428457,428469,428563,428593,biphasic_negative_positive
112,1694,428714,1190.8722222222223,NORMAL,N,,,,428678,428724,428752,428827,428845,biphasic_negative_positive
112,1695,428975,1191.5972222222222,NORMAL,N,,,,428953,428983,429015,429086,429120,biphasic_negative_positive
112,1696,429233,1192.3138888888889,NORMAL,N,,,,429206,429244,429258,429341,429372,biphasic_negative_positive
112,1697,429492,1193.0333333333333,NORMAL,N,,,,429458,429500,429532,429606,429637,biphasic_negative_positive
112,1698,429754,1193.7611111111112,NORMAL,N,,,,429734,429763,429784,429865,429896,biphasic_negative_positive
112,1699,430015,1194.486111111111,NORMAL,N,,,,429995,430025,430052,430125,430157,biphasic_negative_positive
112,1700,430279,1195.2194444444444,NORMAL,N,,,,430250,430290,430336,430394,430429,biphasic_negative_positive
112,1701,430548,1195.9666666666667,NORMAL,N,,,,430526,430560,430590,430659,430697,biphasic_negative_positive
112,1702,430808,1196.6888888888889,NORMAL,N,,,,430787,430819,430841,430919,430948,biphasic_negative_positive
112,1703,431066,1197.4055555555556,NORMAL,N,,,,431032,431078,431101,431180,431215,biphasic_negative_positive
112,1704,431335,1198.1527777777778,NORMAL,N,,,,431316,431345,431370,431452,431484,biphasic_negative_positive
112,1705,431599,1198.8861111111112,NORMAL,N,,,,431575,431610,431634,431714,431739,biphasic_negative_positive
112,1706,431860,1199.611111111111,NORMAL,N,,,,431826,431871,431892,431970,432001,biphasic_negative_positive
112,1707,432120,1200.3333333333333,NORMAL,N,,,,432099,432129,432153,432233,432273,biphasic_negative_positive
112,1708,432381,1201.0583333333334,NORMAL,N,,,,432343,432393,432468,432493,432528,normal
112,1709,432640,1201.7777777777778,NORMAL,N,,,,432616,432651,432677,432755,432783,biphasic_negative_positive
112,1710,432904,1202.5111111111112,NORMAL,N,,,,432878,432916,432943,433019,433057,biphasic_negative_positive
112,1711,433169,1203.2472222222223,NORMAL,N,,,,433146,433178,433208,433281,433309,biphasic_negative_positive
112,1712,433429,1203.9694444444444,NORMAL,N,,,,433404,433438,433459,433537,433573,biphasic_negative_positive
112,1713,433682,1204.6722222222222,NORMAL,N,,,,433660,433691,433724,433797,433815,biphasic_negative_positive
112,1714,433952,1205.4222222222222,NORMAL,N,,,,433925,433961,433988,434064,434101,biphasic_negative_positive
112,1715,434215,1206.1527777777778,NORMAL,N,,,,434188,434226,434242,434330,434368,biphasic_negative_positive
112,1716,434480,1206.888888888889,NORMAL,N,,,,434462,434491,434528,434589,434621,biphasic_negative_positive
112,1717,434744,1207.6222222222223,NORMAL,N,,,,434706,434755,434790,434859,434879,biphasic_negative_positive
112,1718,435010,1208.361111111111,NORMAL,N,,,,434989,435020,435046,435122,435151,biphasic_negative_positive
112,1719,435275,1209.0972222222222,NORMAL,N,,,,435256,435285,435321,435387,435412,biphasic_negative_positive
112,1720,435540,1209.8333333333333,NORMAL,N,,,,435520,435553,435591,435657,435705,biphasic_negative_positive
112,1721,435812,1210.588888888889,NORMAL,N,,,,435786,435825,435856,435926,435952,biphasic_negative_positive
112,1722,436076,1211.3222222222223,NORMAL,N,,,,436049,436084,436124,436187,436226,biphasic_negative_positive
112,1723,436336,1212.0444444444445,NORMAL,N,,,,436304,436344,436367,436449,436487,biphasic_negative_positive
112,1724,436603,1212.786111111111,NORMAL,N,,,,436579,436612,436642,436719,436752,biphasic_negative_positive
112,1725,436867,1213.5194444444444,NORMAL,N,,,,436842,436880,436894,436980,437007,biphasic_negative_positive
112,1726,437129,1214.2472222222223,NORMAL,N,,,,437106,437137,437166,437239,437274,biphasic_negative_positive
112,1727,437392,1214.9777777777779,NORMAL,N,,,,437358,437401,437423,437506,437535,biphasic_negative_positive
112,1728,437655,1215.7083333333333,NORMAL,N,,,,437634,437665,437675,437765,437802,biphasic_negative_positive
112,1729,437912,1216.4222222222222,NORMAL,N,,,,437874,437923,437938,438023,438053,biphasic_negative_positive
112,1730,438174,1217.15,NORMAL,N,,,,438149,438186,438228,438290,438321,biphasic_negative_positive
112,1731,438441,1217.8916666666667,NORMAL,N,,,,438418,438451,438483,438555,438605,biphasic_negative_positive
112,1732,438701,1218.6138888888888,NORMAL,N,,,,438677,438709,438744,438813,438844,biphasic_negative_positive
112,1733,438956,1219.3222222222223,NORMAL,N,,,,438931,438964,439003,439072,439114,biphasic_negative_positive
112,1734,439226,1220.0722222222223,NORMAL,N,,,,439205,439235,439270,439338,439374,biphasic_negative_positive
112,1735,439485,1220.7916666666667,NORMAL,N,,,,439460,439496,439510,439599,439624,biphasic_negative_positive
112,1736,439745,1221.513888888889,NORMAL,N,,,,439725,439755,439787,439855,439890,biphasic_negative_positive
112,1737,440007,1222.2416666666666,NORMAL,N,,,,439977,440019,440044,440125,440150,biphasic_negative_positive
112,1738,440269,1222.9694444444444,NORMAL,N,,,,440242,440280,440302,440385,440407,biphasic_negative_positive
112,1739,440529,1223.6916666666666,NORMAL,N,,,,440504,440537,440578,440643,440678,biphasic_negative_positive
112,1740,440787,1224.4083333333333,NORMAL,N,,,,440766,440797,440819,440904,440924,biphasic_negative_positive
112,1741,441054,1225.15,NORMAL,N,,,,441033,441062,441101,441165,441184,biphasic_negative_positive
112,1742,441310,1225.861111111111,NORMAL,N,,,,441285,441320,441350,441422,441466,biphasic_negative_positive
112,1743,441567,1226.575,NORMAL,N,,,,441548,441580,441602,441681,441712,biphasic_negative_positive
112,1744,441832,1227.3111111111111,NORMAL,N,,,,441811,441844,441855,441949,441987,biphasic_negative_positive
112,1745,442094,1228.0388888888888,NORMAL,N,,,,442075,442106,442128,442208,442243,biphasic_negative_positive
112,1746,442352,1228.7555555555555,NORMAL,N,,,,442319,442360,442402,442462,442496,biphasic_negative_positive
112,1747,442608,1229.4666666666667,NORMAL,N,,,,442583,442619,442646,442725,442759,biphasic_negative_positive
112,1748,442872,1230.2,NORMAL,N,,,,442847,442882,442913,442984,443017,biphasic_negative_positive
112,1749,443131,1230.9194444444445,NORMAL,N,,,,443110,443141,443155,443244,443276,biphasic_negative_positive
112,1750,443395,1231.6527777777778,NORMAL,N,,,,443375,443405,443437,443510,443543,biphasic_negative_positive
112,1751,443663,1232.3972222222221,NORMAL,N,,,,443642,443677,443715,443773,443804,biphasic_negative_positive
112,1752,443921,1233.1138888888888,NORMAL,N,,,,443903,443934,443967,444037,444067,biphasic_negative_positive
112,1753,444183,1233.8416666666667,NORMAL,N,,,,444159,444194,444209,444298,444322,biphasic_negative_positive
112,1754,444453,1234.5916666666667,NORMAL,N,444360,444369,444381,444430,444462,444496,444567,444588,biphasic_negative_positive
112,1755,444714,1235.3166666666666,NORMAL,N,,,,444694,444724,444749,444827,444849,biphasic_negative_positive
112,1756,444975,1236.0416666666667,NORMAL,N,,,,444954,444987,445016,445083,445103,biphasic_negative_positive
112,1757,445231,1236.7527777777777,NORMAL,N,,,,445211,445242,445272,445345,445382,biphasic_negative_positive
112,1758,445492,1237.4777777777779,NORMAL,N,,,,445472,445505,445520,445602,445630,biphasic_negative_positive
112,1759,445749,1238.1916666666666,NORMAL,N,,,,445729,445760,445787,445863,445896,biphasic_negative_positive
112,1760,446010,1238.9166666666667,NORMAL,N,,,,445990,446022,446065,446124,446148,biphasic_negative_positive
112,1761,446274,1239.65,NORMAL,N,,,,446254,446286,446321,446383,446418,biphasic_negative_positive
112,1762,446529,1240.3583333333333,NORMAL,N,,,,446508,446540,446561,446642,446663,biphasic_negative_positive
112,1763,446782,1241.0611111111111,NORMAL,N,,,,446762,446794,446813,446897,446934,biphasic_negative_positive
112,1764,447047,1241.7972222222222,NORMAL,N,,,,447026,447056,447075,447161,447191,biphasic_negative_positive
112,1765,447303,1242.5083333333334,NORMAL,N,,,,447283,447315,447330,447419,447445,biphasic_negative_positive
112,1766,447563,1243.2305555555556,NORMAL,N,,,,447543,447574,447601,447671,447705,biphasic_negative_positive
112,1767,447819,1243.9416666666666,NORMAL,N,,,,447797,447832,447857,447933,447963,biphasic_negative_positive
112,1768,448080,1244.6666666666667,NORMAL,N,,,,448059,448089,448109,448192,448222,biphasic_negative_positive
112,1769,448339,1245.3861111111112,NORMAL,N,,,,448318,448351,448362,448449,448479,biphasic_negative_positive
112,1770,448599,1246.1083333333333,NORMAL,N,,,,448580,448614,448657,448717,448744,biphasic_negative_positive
112,1771,448870,1246.861111111111,NORMAL,N,,,,448849,448881,448912,448981,449012,biphasic_negative_positive
112,1772,449126,1247.5722222222223,NORMAL,N,,,,449106,449137,449163,449240,449275,biphasic_negative_positive
112,1773,449384,1248.2888888888888,NORMAL,N,,,,449363,449395,449415,449494,449518,biphasic_negative_positive
112,1774,449648,1249.0222222222221,NORMAL,N,,,,449627,449660,449704,449764,449797,biphasic_negative_positive
112,1775,449910,1249.75,NORMAL,N,,,,449890,449921,449955,450021,450059,biphasic_negative_positive
112,1776,450172,1250.4777777777779,NORMAL,N,,,,450151,450186,450214,450282,450309,biphasic_negative_positive
112,1777,450427,1251.1861111111111,NORMAL,N,,,,450408,450439,450483,450543,450573,biphasic_negative_positive
112,1778,450694,1251.9277777777777,NORMAL,N,,,,450673,450705,450729,450803,450837,biphasic_negative_positive
112,1779,450951,1252.6416666666667,NORMAL,N,,,,450931,450965,450999,451064,451096,biphasic_negative_positive
112,1780,451216,1253.3777777777777,NORMAL,N,,,,451195,451229,451255,451330,451359,biphasic_negative_positive
112,1781,451486,1254.1277777777777,NORMAL,N,,,,451465,451496,451517,451600,451634,biphasic_negative_positive
112,1782,451748,1254.8555555555556,NORMAL,N,,,,451730,451758,451794,451860,451888,biphasic_negative_positive
112,1783,452013,1255.5916666666667,NORMAL,N,,,,451992,452025,452048,452125,452151,biphasic_negative_positive
112,1784,452284,1256.3444444444444,NORMAL,N,,,,452263,452298,452345,452400,452425,biphasic_negative_positive
112,1785,452551,1257.0861111111112,NORMAL,N,,,,452532,452563,452595,452667,452699,biphasic_negative_positive
112,1786,452821,1257.8361111111112,NORMAL,N,,,,452800,452832,452851,452933,452964,biphasic_negative_positive
112,1787,453083,1258.5638888888889,NORMAL,N,,,,453062,453093,453117,453201,453237,biphasic_negative_positive
112,1788,453351,1259.3083333333334,NORMAL,N,453286,453316,453336,453340,453359,453381,453464,453505,biphasic_negative_positive
112,1789,453611,1260.0305555555556,NORMAL,N,,,,453590,453623,453653,453724,453746,biphasic_negative_positive
112,1790,453870,1260.75,NORMAL,N,,,,453851,453883,453911,453985,454014,biphasic_negative_positive
112,1791,454135,1261.486111111111,NORMAL,N,,,,454115,454148,454171,454248,454271,biphasic_negative_positive
112,1792,454391,1262.1972222222223,NORMAL,N,,,,454372,454402,454436,454507,454542,biphasic_negative_positive
112,1793,454650,1262.9166666666667,NORMAL,N,,,,454629,454662,454679,454762,454786,biphasic_negative_positive
112,1794,454911,1263.6416666666667,NORMAL,N,,,,454890,454921,454954,455028,455057,biphasic_negative_positive
112,1795,455170,1264.361111111111,NORMAL,N,,,,455150,455183,455220,455282,455309,biphasic_negative_positive
112,1796,455427,1265.075,NORMAL,N,,,,455407,455440,455468,455541,455569,biphasic_negative_positive
112,1797,455682,1265.7833333333333,NORMAL,N,,,,455661,455694,455723,455797,455834,biphasic_negative_positive
112,1798,455943,1266.5083333333334,NORMAL,N,,,,455923,455953,455978,456057,456076,biphasic_negative_positive
112,1799,456199,1267.2194444444444,NORMAL,N,,,,456179,456209,456249,456313,456352,biphasic_negative_positive
112,1800,456461,1267.9472222222223,NORMAL,N,,,,456440,456474,456499,456575,456604,biphasic_negative_positive
112,1801,456725,1268.6805555555557,NORMAL,N,,,,456706,456737,456766,456840,456878,biphasic_negative_positive
112,1802,456987,1269.4083333333333,NORMAL,N,,,,456965,456999,457014,457097,457130,biphasic_negative_positive
112,1803,457245,1270.125,NORMAL,N,,,,457226,457259,457278,457358,457394,biphasic_negative_positive
112,1804,457508,1270.8555555555556,NORMAL,N,,,,457486,457522,457544,457625,457659,biphasic_negative_positive
112,1805,457772,1271.588888888889,NORMAL,N,,,,457753,457784,457809,457886,457924,biphasic_negative_positive
112,1806,458033,1272.3138888888889,NORMAL,N,,,,458012,458043,458061,458147,458187,biphasic_negative_positive
112,1807,458286,1273.0166666666667,NORMAL,N,,,,458265,458295,458322,458400,458431,biphasic_negative_positive
112,1808,458548,1273.7444444444445,NORMAL,N,,,,458528,458557,458591,458657,458684,biphasic_negative_positive
112,1809,458804,1274.4555555555555,NORMAL,N,,,,458784,458818,458864,458918,458953,biphasic_negative_positive
112,1810,459065,1275.1805555555557,NORMAL,N,,,,459046,459075,459101,459177,459218,biphasic_negative_positive
112,1811,459328,1275.911111111111,NORMAL,N,,,,459307,459340,459370,459439,459476,biphasic_negative_positive
112,1812,459584,1276.6222222222223,NORMAL,N,,,,459566,459599,459636,459697,459723,biphasic_negative_positive
112,1813,459844,1277.3444444444444,NORMAL,N,,,,459823,459856,459886,459955,459988,biphasic_negative_positive
112,1814,460101,1278.0583333333334,NORMAL,N,,,,460081,460113,460141,460220,460252,biphasic_negative_positive
112,1815,460368,1278.8,NORMAL,N,,,,460348,460380,460404,460478,460510,biphasic_negative_positive
112,1816,460623,1279.5083333333334,NORMAL,N,,,,460603,460635,460676,460740,460772,biphasic_negative_positive
112,1817,460881,1280.225,NORMAL,N,,,,460861,460893,460919,460989,461019,biphasic_negative_positive
112,1818,461136,1280.9333333333334,NORMAL,N,,,,461116,461149,461185,461251,461279,biphasic_negative_positive
112,1819,461395,1281.6527777777778,NORMAL,N,,,,461373,461406,461415,461507,461532,biphasic_negative_positive
112,1820,461653,1282.3694444444445,NORMAL,N,,,,461633,461666,461675,461766,461792,biphasic_negative_positive
112,1821,461914,1283.0944444444444,NORMAL,N,,,,461894,461927,461971,462028,462048,biphasic_negative_positive
112,1822,462175,1283.8194444444443,NORMAL,N,,,,462154,462188,462217,462286,462320,biphasic_negative_positive
112,1823,462432,1284.5333333333333,NORMAL,N,,,,462411,462441,462469,462546,462581,biphasic_negative_positive
112,1824,462688,1285.2444444444445,NORMAL,N,,,,462668,462699,462720,462804,462824,biphasic_negative_positive
112,1825,462951,1285.975,NORMAL,N,,,,462932,462963,462999,463064,463097,biphasic_negative_positive
112,1826,463211,1286.6972222222223,NORMAL,N,,,,463189,463223,463260,463324,463362,biphasic_negative_positive
112,1827,463469,1287.4138888888888,NORMAL,N,,,,463450,463479,463503,463577,463614,biphasic_negative_positive
112,1828,463724,1288.1222222222223,NORMAL,N,,,,463703,463735,463764,463837,463880,biphasic_negative_positive
112,1829,463980,1288.8333333333333,NORMAL,N,,,,463961,463994,464024,464094,464119,biphasic_negative_positive
112,1830,464241,1289.5583333333334,NORMAL,N,,,,464220,464254,464289,464352,464384,biphasic_negative_positive
112,1831,464500,1290.2777777777778,NORMAL,N,,,,464479,464512,464549,464616,464646,biphasic_negative_positive
112,1832,464765,1291.013888888889,NORMAL,N,,,,464744,464775,464797,464873,464912,biphasic_negative_positive
112,1833,465021,1291.725,NORMAL,N,,,,465001,465033,465052,465136,465157,biphasic_negative_positive
112,1834,465280,1292.4444444444443,NORMAL,N,,,,465261,465291,465326,465390,465407,biphasic_negative_positive
112,1835,465545,1293.1805555555557,NORMAL,N,,,,465524,465557,465578,465660,465692,biphasic_negative_positive
112,1836,465806,1293.9055555555556,NORMAL,N,,,,465788,465820,465854,465923,465959,biphasic_negative_positive
112,1837,466075,1294.6527777777778,NORMAL,N,,,,466054,466087,466105,466181,466210,biphasic_negative_positive
112,1838,466329,1295.3583333333333,NORMAL,N,,,,466308,466340,466362,466445,466473,biphasic_negative_positive
112,1839,466593,1296.0916666666667,NORMAL,N,,,,466573,466603,466628,466703,466743,biphasic_negative_positive
112,1840,466853,1296.8138888888889,NORMAL,N,,,,466833,466866,466891,466966,466990,biphasic_negative_positive
112,1841,467115,1297.5416666666667,NORMAL,N,,,,467097,467129,467159,467228,467268,biphasic_negative_positive
112,1842,467382,1298.2833333333333,NORMAL,N,,,,467361,467395,467405,467495,467526,biphasic_negative_positive
112,1843,467642,1299.0055555555555,NORMAL,N,,,,467623,467655,467682,467756,467781,biphasic_negative_positive
112,1844,467902,1299.7277777777779,NORMAL,N,,,,467880,467911,467946,468012,468035,biphasic_negative_positive
112,1845,468160,1300.4444444444443,NORMAL,N,,,,468139,468172,468209,468277,468309,biphasic_negative_positive
112,1846,468421,1301.1694444444445,NORMAL,N,,,,468400,468433,468472,468534,468568,biphasic_negative_positive
112,1847,468682,1301.8944444444444,NORMAL,N,,,,468661,468693,468720,468792,468815,biphasic_negative_positive
112,1848,468935,1302.5972222222222,NORMAL,N,,,,468914,468946,468977,469051,469079,biphasic_negative_positive
112,1849,469197,1303.325,NORMAL,N,,,,469176,469208,469231,469311,469335,biphasic_negative_positive
112,1850,469456,1304.0444444444445,NORMAL,N,,,,469437,469468,469498,469572,469598,biphasic_negative_positive
112,1851,469716,1304.7666666666667,NORMAL,N,,,,469695,469730,469758,469832,469870,biphasic_negative_positive
112,1852,469983,1305.5083333333334,NORMAL,N,,,,469964,469996,470031,470099,470124,biphasic_negative_positive
112,1853,470248,1306.2444444444445,NORMAL,N,,,,470226,470260,470288,470361,470397,biphasic_negative_positive
112,1854,470511,1306.975,NORMAL,N,,,,470490,470525,470547,470622,470665,biphasic_negative_positive
112,1855,470776,1307.7111111111112,NORMAL,N,,,,470757,470791,470816,470897,470917,biphasic_negative_positive
112,1856,471045,1308.4583333333333,NORMAL,N,,,,471025,471057,471084,471160,471183,biphasic_negative_positive
112,1857,471312,1309.2,NORMAL,N,,,,471291,471322,471353,471424,471444,biphasic_negative_positive
112,1858,471569,1309.9138888888888,NORMAL,N,,,,471548,471581,471623,471685,471723,biphasic_negative_positive
112,1859,471837,1310.6583333333333,NORMAL,N,,,,471817,471849,471860,471949,471972,biphasic_negative_positive
112,1860,472100,1311.388888888889,NORMAL,N,,,,472081,472112,472148,472214,472241,biphasic_negative_positive
112,1861,472364,1312.1222222222223,NORMAL,N,,,,472344,472376,472409,472474,472502,biphasic_negative_positive
112,1862,472632,1312.8666666666666,NORMAL,N,,,,472612,472645,472675,472747,472774,biphasic_negative_positive
112,1863,472899,1313.6083333333333,NORMAL,N,,,,472880,472909,472938,473010,473047,biphasic_negative_positive
112,1864,473164,1314.3444444444444,NORMAL,N,,,,473144,473178,473194,473275,473303,biphasic_negative_positive
112,1865,473435,1315.0972222222222,NORMAL,N,,,,473414,473449,473468,473553,473571,biphasic_negative_positive
112,1866,473705,1315.8472222222222,NORMAL,N,,,,473686,473714,473733,473822,473861,biphasic_negative_positive
112,1867,473973,1316.5916666666667,NORMAL,N,,,,473953,473985,474005,474083,474122,biphasic_negative_positive
112,1868,474237,1317.325,NORMAL,N,,,,474216,474250,474270,474356,474387,biphasic_negative_positive
112,1869,474508,1318.0777777777778,NORMAL,N,,,,474488,474519,474560,474623,474658,biphasic_negative_positive
112,1870,474779,1318.8305555555555,NORMAL,N,,,,474759,474790,474836,474892,474929,biphasic_negative_positive
112,1871,475048,1319.5777777777778,NORMAL,N,,,,475027,475058,475140,475165,475206,normal
112,1872,475324,1320.3444444444444,NORMAL,N,,,,475305,475336,475365,475437,475470,biphasic_negative_positive
112,1873,475592,1321.088888888889,NORMAL,N,,,,475571,475606,475642,475704,475733,biphasic_negative_positive
112,1874,475855,1321.8194444444443,NORMAL,N,,,,475834,475867,475897,475971,475995,biphasic_negative_positive
112,1875,476129,1322.5805555555555,NORMAL,N,,,,476110,476139,476160,476244,476281,biphasic_negative_positive
112,1876,476395,1323.3194444444443,NORMAL,N,476331,476357,476380,476384,476408,476445,476510,476543,biphasic_negative_positive
112,1877,476658,1324.05,NORMAL,N,,,,476638,476667,476686,476766,476791,biphasic_negative_positive
112,1878,476920,1324.7777777777778,NORMAL,N,,,,476900,476931,476962,477033,477053,biphasic_negative_positive
112,1879,477182,1325.5055555555555,NORMAL,N,,,,477162,477194,477229,477297,477309,biphasic_negative_positive
112,1880,477443,1326.2305555555556,NORMAL,N,,,,477424,477456,477490,477560,477590,biphasic_negative_positive
112,1881,477709,1326.9694444444444,NORMAL,N,,,,477688,477720,477753,477827,477848,biphasic_negative_positive
112,1882,477975,1327.7083333333333,NORMAL,N,,,,477954,477985,478010,478091,478110,biphasic_negative_positive
112,1883,478237,1328.4361111111111,NORMAL,N,,,,478217,478247,478274,478349,478374,biphasic_negative_positive
112,1884,478496,1329.1555555555556,NORMAL,N,,,,478475,478509,478535,478615,478652,biphasic_negative_positive
112,1885,478769,1329.9138888888888,NORMAL,N,,,,478750,478780,478804,478886,478903,biphasic_negative_positive
112,1886,479040,1330.6666666666667,NORMAL,N,,,,479019,479051,479088,479154,479190,biphasic_negative_positive
112,1887,479301,1331.3916666666667,NORMAL,N,,,,479281,479314,479351,479414,479447,biphasic_negative_positive
112,1888,479570,1332.138888888889,NORMAL,N,,,,479551,479582,479617,479685,479717,biphasic_negative_positive
112,1889,479834,1332.8722222222223,NORMAL,N,,,,479814,479848,479891,479950,479973,biphasic_negative_positive
112,1890,480097,1333.6027777777779,NORMAL,N,,,,480076,480110,480133,480212,480231,biphasic_negative_positive
112,1891,480362,1334.338888888889,NORMAL,N,,,,480342,480373,480410,480481,480520,biphasic_negative_positive
112,1892,480627,1335.075,NORMAL,N,,,,480607,480638,480658,480739,480774,biphasic_negative_positive
112,1893,480886,1335.7944444444445,NORMAL,N,,,,480866,480896,480937,480998,481029,biphasic_negative_positive
112,1894,481143,1336.5083333333334,NORMAL,N,,,,481123,481155,481178,481259,481288,biphasic_negative_positive
112,1895,481411,1337.2527777777777,NORMAL,N,,,,481391,481425,481457,481522,481553,biphasic_negative_positive
112,1896,481672,1337.9777777777779,NORMAL,N,,,,481651,481685,481730,481785,481815,biphasic_negative_positive
112,1897,481928,1338.6888888888889,NORMAL,N,,,,481908,481940,482007,482040,482064,normal
112,1898,482191,1339.4194444444445,NORMAL,N,,,,482170,482200,482233,482304,482334,biphasic_negative_positive
112,1899,482448,1340.1333333333334,NORMAL,N,,,,482427,482462,482496,482561,482589,biphasic_negative_positive
112,1900,482705,1340.8472222222222,NORMAL,N,,,,482685,482715,482761,482818,482855,biphasic_negative_positive
112,1901,482966,1341.5722222222223,NORMAL,N,,,,482946,482980,483015,483084,483112,biphasic_negative_positive
112,1902,483231,1342.3083333333334,NORMAL,N,,,,483212,483244,483278,483345,483373,biphasic_negative_positive
112,1903,483493,1343.036111111111,NORMAL,N,,,,483472,483507,483574,483604,483634,normal
112,1904,483747,1343.7416666666666,NORMAL,N,,,,483727,483762,483778,483866,483898,biphasic_negative_positive
112,1905,484015,1344.486111111111,NORMAL,N,,,,483995,484026,484052,484127,484165,biphasic_negative_positive
112,1906,484274,1345.2055555555555,NORMAL,N,,,,484253,484287,484300,484390,484424,biphasic_negative_positive
112,1907,484529,1345.9138888888888,NORMAL,N,,,,484509,484539,484564,484640,484672,biphasic_negative_positive
112,1908,484789,1346.6361111111112,NORMAL,N,,,,484768,484801,484829,484903,484933,biphasic_negative_positive
112,1909,485047,1347.3527777777779,NORMAL,N,,,,485027,485058,485080,485159,485197,biphasic_negative_positive
112,1910,485305,1348.0694444444443,NORMAL,N,,,,485284,485317,485390,485415,485447,normal
112,1911,485565,1348.7916666666667,NORMAL,N,,,,485546,485578,485595,485683,485713,biphasic_negative_positive
112,1912,485832,1349.5333333333333,NORMAL,N,,,,485812,485846,485881,485942,485982,biphasic_negative_positive
112,1913,486089,1350.2472222222223,NORMAL,N,,,,486070,486101,486145,486204,486230,biphasic_negative_positive
112,1914,486348,1350.9666666666667,NORMAL,N,,,,486327,486357,486393,486464,486501,biphasic_negative_positive
112,1915,486619,1351.7194444444444,NORMAL,N,,,,486598,486631,486642,486732,486768,biphasic_negative_positive
112,1916,486882,1352.45,NORMAL,N,,,,486863,486893,486917,486996,487032,biphasic_negative_positive
112,1917,487146,1353.1833333333334,NORMAL,N,,,,487126,487159,487180,487256,487295,biphasic_negative_positive
112,1918,487411,1353.9194444444445,NORMAL,N,,,,487390,487424,487466,487527,487558,biphasic_negative_positive
112,1919,487677,1354.6583333333333,NORMAL,N,,,,487657,487688,487703,487789,487810,biphasic_negative_positive
112,1920,487936,1355.3777777777777,NORMAL,N,,,,487916,487950,488027,488052,488087,normal
112,1921,488202,1356.1166666666666,NORMAL,N,,,,488183,488215,488237,488322,488352,biphasic_negative_positive
112,1922,488467,1356.8527777777779,NORMAL,N,,,,488447,488479,488501,488580,488606,biphasic_negative_positive
112,1923,488723,1357.5638888888889,NORMAL,N,,,,488704,488733,488765,488836,488861,biphasic_negative_positive
112,1924,488982,1358.2833333333333,NORMAL,N,,,,488961,488994,489029,489098,489135,biphasic_negative_positive
112,1925,489249,1359.025,NORMAL,N,,,,489229,489261,489333,489362,489391,normal
112,1926,489506,1359.7388888888888,NORMAL,N,,,,489485,489519,489548,489618,489642,biphasic_negative_positive
112,1927,489757,1360.4361111111111,NORMAL,N,,,,489737,489769,489785,489870,489892,biphasic_negative_positive
112,1928,490014,1361.15,NORMAL,N,,,,489992,490025,490040,490129,490155,biphasic_negative_positive
112,1929,490268,1361.8555555555556,NORMAL,N,,,,490248,490279,490305,490382,490407,biphasic_negative_positive
112,1930,490524,1362.5666666666666,NORMAL,N,,,,490503,490533,490568,490637,490669,biphasic_negative_positive
112,1931,490779,1363.275,NORMAL,N,,,,490758,490790,490830,490897,490933,biphasic_negative_positive
112,1932,491046,1364.0166666666667,NORMAL,N,,,,491025,491056,491084,491156,491190,biphasic_negative_positive
112,1933,491300,1364.7222222222222,NORMAL,N,,,,491280,491314,491385,491414,491452,normal
112,1934,491561,1365.4472222222223,NORMAL,N,,,,491541,491571,491590,491674,491714,biphasic_negative_positive
112,1935,491828,1366.1888888888889,NORMAL,N,,,,491807,491842,491918,491943,491978,normal
112,1936,492088,1366.911111111111,NORMAL,N,,,,492070,492101,492125,492204,492239,biphasic_negative_positive
112,1937,492350,1367.638888888889,NORMAL,N,,,,492329,492361,492372,492460,492484,biphasic_negative_positive
112,1938,492604,1368.3444444444444,NORMAL,N,,,,492583,492614,492645,492724,492759,biphasic_negative_positive
112,1939,492866,1369.0722222222223,NORMAL,N,,,,492845,492877,492898,492979,493009,biphasic_negative_positive
112,1940,493121,1369.7805555555556,NORMAL,N,,,,493101,493131,493158,493235,493271,biphasic_negative_positive
112,1941,493385,1370.513888888889,NORMAL,N,,,,493363,493395,493424,493499,493530,biphasic_negative_positive
112,1942,493648,1371.2444444444445,NORMAL,N,,,,493627,493661,493689,493762,493791,biphasic_negative_positive
112,1943,493907,1371.963888888889,NORMAL,N,,,,493887,493919,493930,494018,494046,biphasic_negative_positive
112,1944,494164,1372.6777777777777,NORMAL,N,,,,494143,494175,494192,494277,494308,biphasic_negative_positive
112,1945,494430,1373.4166666666667,NORMAL,N,,,,494411,494442,494455,494549,494582,biphasic_negative_positive
112,1946,494694,1374.15,NORMAL,N,,,,494674,494706,494737,494807,494846,biphasic_negative_positive
112,1947,494962,1374.8944444444444,NORMAL,N,,,,494941,494974,494996,495072,495109,biphasic_negative_positive
112,1948,495221,1375.6138888888888,NORMAL,N,,,,495200,495232,495264,495336,495377,biphasic_negative_positive
112,1949,495487,1376.3527777777779,NORMAL,N,,,,495466,495502,495572,495599,495619,normal
112,1950,495750,1377.0833333333333,NORMAL,N,,,,495730,495761,495791,495866,495902,biphasic_negative_positive
112,1951,496018,1377.8277777777778,NORMAL,N,,,,495998,496029,496052,496135,496171,biphasic_negative_positive
112,1952,496290,1378.5833333333333,NORMAL,N,,,,496269,496301,496340,496362,496401,inverted
112,1953,496549,1379.3027777777777,NORMAL,N,,,,496527,496553,496632,496665,496693,normal
112,1954,496801,1380.0027777777777,NORMAL,N,496727,496748,496767,496788,496816,496847,496923,496952,biphasic_negative_positive
112,1955,497065,1380.736111111111,NORMAL,N,496989,497007,497030,497052,497085,497113,497195,497236,biphasic_negative_positive
112,1956,497332,1381.4777777777779,NORMAL,N,,,,497320,497350,497360,497453,497494,biphasic_negative_positive
112,1957,497591,1382.1972222222223,NORMAL,N,497516,497536,497556,497578,497609,497638,497717,497746,biphasic_negative_positive
112,1958,497849,1382.9138888888888,NORMAL,N,497777,497794,497814,497837,497864,497884,497973,498009,biphasic_negative_positive
112,1959,498109,1383.6361111111112,NORMAL,N,498038,498055,498077,498097,498124,498157,498230,498261,biphasic_negative_positive
112,1960,498364,1384.3444444444444,NORMAL,N,,,,498352,498378,498398,498484,498518,biphasic_negative_positive
112,1961,498622,1385.0611111111111,NORMAL,N,498549,498568,498587,498609,498642,498684,498748,498780,biphasic_negative_positive
112,1962,498885,1385.7916666666667,NORMAL,N,498810,498828,498851,498873,498903,498927,499012,499040,biphasic_negative_positive
112,1963,499145,1386.513888888889,NORMAL,N,,,,499123,499163,499202,499268,499303,biphasic_negative_positive
112,1964,499403,1387.2305555555556,NORMAL,N,499327,499348,499370,499386,499421,499454,499527,499565,biphasic_negative_positive
112,1965,499666,1387.9611111111112,NORMAL,N,499591,499609,499629,499651,499685,499719,499792,499830,biphasic_negative_positive
112,1966,499929,1388.6916666666666,NORMAL,N,499858,499876,499895,499918,499949,499971,500052,500087,biphasic_negative_positive
112,1967,500194,1389.4277777777777,NORMAL,N,,,,500180,500213,500243,500317,500351,biphasic_negative_positive
112,1968,500449,1390.1361111111112,NORMAL,N,500372,500397,500418,500436,500464,500496,500576,500602,biphasic_negative_positive
112,1969,500716,1390.8777777777777,NORMAL,N,500640,500660,500683,500705,500733,500765,500839,500873,biphasic_negative_positive
112,1970,500974,1391.5944444444444,NORMAL,N,500899,500918,500937,500961,500993,501013,501096,501131,biphasic_negative_positive
112,1971,501232,1392.3111111111111,NORMAL,N,,,,501221,501251,501268,501357,501391,biphasic_negative_positive
112,1972,501498,1393.05,NORMAL,N,501423,501442,501463,501476,501519,501542,501623,501657,biphasic_negative_positive
112,1973,501761,1393.7805555555556,NORMAL,N,501686,501708,501730,501748,501777,501796,501884,501920,biphasic_negative_positive
112,1974,502026,1394.5166666666667,NORMAL,N,,,,502014,502042,502068,502148,502182,biphasic_negative_positive
112,1975,502288,1395.2444444444445,NORMAL,N,502212,502232,502251,502275,502308,502385,502413,502449,normal
112,1976,502554,1395.9833333333333,NORMAL,N,502483,502500,502524,502531,502573,502586,502675,502712,biphasic_negative_positive
112,1977,502817,1396.713888888889,NORMAL,N,502743,502759,502782,502795,502840,502873,502940,502976,biphasic_negative_positive
112,1978,503077,1397.4361111111111,NORMAL,N,,,,503065,503094,503127,503200,503230,biphasic_negative_positive
112,1979,503343,1398.175,NORMAL,N,503267,503285,503307,503330,503358,503382,503463,503495,biphasic_negative_positive
112,1980,503602,1398.8944444444444,NORMAL,N,503529,503548,503569,503590,503622,503645,503724,503759,biphasic_negative_positive
112,1981,503863,1399.6194444444445,NORMAL,N,,,,503851,503882,503907,503989,504018,biphasic_negative_positive
112,1982,504131,1400.3638888888888,NORMAL,N,,,,504118,504151,504180,504256,504292,biphasic_negative_positive
112,1983,504393,1401.0916666666667,NORMAL,N,,,,504369,504416,504445,504520,504552,biphasic_negative_positive
112,1984,504658,1401.8277777777778,NORMAL,N,,,,504646,504678,504698,504781,504805,biphasic_negative_positive
112,1985,504921,1402.5583333333334,NORMAL,N,,,,504909,504944,504963,505051,505090,biphasic_negative_positive
112,1986,505190,1403.3055555555557,NORMAL,N,505118,505134,505157,505178,505208,505237,505315,505351,biphasic_negative_positive
112,1987,505457,1404.0472222222222,NORMAL,N,505380,505398,505420,505443,505475,505519,505581,505618,biphasic_negative_positive
112,1988,505716,1404.7666666666667,NORMAL,N,505644,505661,505683,505704,505737,505770,505841,505874,biphasic_negative_positive
112,1989,505986,1405.5166666666667,NORMAL,N,505907,505926,505954,505966,506000,506022,506106,506137,biphasic_negative_positive
112,1990,506247,1406.2416666666666,NORMAL,N,,,,506234,506268,506295,506373,506409,biphasic_negative_positive
112,1991,506514,1406.9833333333333,NORMAL,N,506440,506458,506480,506501,506533,506549,506640,506663,biphasic_negative_positive
112,1992,506782,1407.7277777777779,NORMAL,N,506705,506722,506744,506759,506798,506841,506910,506946,biphasic_negative_positive
112,1993,507045,1408.4583333333333,NORMAL,N,506971,506989,507014,507021,507065,507100,507169,507196,biphasic_negative_positive
112,1994,507309,1409.1916666666666,NORMAL,N,507232,507253,507275,507298,507325,507365,507434,507456,biphasic_negative_positive
112,1995,507575,1409.9305555555557,NORMAL,N,,,,507550,507596,507625,507705,507726,biphasic_negative_positive
112,1996,507845,1410.6805555555557,NORMAL,N,507771,507790,507810,507832,507863,507892,507970,507997,biphasic_negative_positive
112,1997,508111,1411.4194444444445,NORMAL,N,508036,508053,508075,508098,508127,508159,508239,508261,biphasic_negative_positive
112,1998,508373,1412.1472222222221,NORMAL,N,508300,508317,508336,508355,508391,508424,508498,508538,biphasic_negative_positive
112,1999,508639,1412.8861111111112,NORMAL,N,508565,508582,508608,508619,508655,508685,508763,508802,biphasic_negative_positive
112,2000,508905,1413.625,NORMAL,N,,,,508883,508920,508962,509030,509066,biphasic_negative_positive
112,2001,509173,1414.3694444444445,NORMAL,N,,,,509161,509194,509229,509300,509338,biphasic_negative_positive
112,2002,509443,1415.1194444444445,NORMAL,N,509367,509383,509405,509430,509461,509504,509569,509596,biphasic_negative_positive
112,2003,509711,1415.8638888888888,NORMAL,N,509636,509652,509672,509687,509726,509757,509835,509874,biphasic_negative_positive
112,2004,509974,1416.5944444444444,NORMAL,N,509901,509918,509943,509951,509997,510022,510098,510132,biphasic_negative_positive
112,2005,510242,1417.338888888889,NORMAL,N,,,,510229,510262,510301,510370,510401,biphasic_negative_positive
112,2006,510511,1418.0861111111112,NORMAL,N,510438,510453,510473,510498,510528,510554,510635,510674,biphasic_negative_positive
112,2007,510781,1418.8361111111112,NORMAL,N,,,,510769,510803,510877,510901,510929,normal
112,2008,511039,1419.5527777777777,NORMAL,N,,,,511027,511054,511088,511167,511194,biphasic_negative_positive
112,2009,511306,1420.2944444444445,NORMAL,N,511232,511248,511270,511284,511323,511357,511427,511461,biphasic_negative_positive
112,2010,511568,1421.0222222222221,NORMAL,N,,,,511555,511586,511608,511693,511731,biphasic_negative_positive
112,2011,511832,1421.7555555555555,NORMAL,N,,,,511820,511849,511884,511958,511984,biphasic_negative_positive
112,2012,512100,1422.5,NORMAL,N,512024,512042,512067,512077,512123,512163,512221,512261,biphasic_negative_positive
112,2013,512361,1423.225,NORMAL,N,512286,512305,512329,512349,512376,512407,512487,512511,biphasic_negative_positive
112,2014,512625,1423.9583333333333,NORMAL,N,512554,512569,512589,512605,512645,512663,512748,512781,biphasic_negative_positive
112,2015,512891,1424.6972222222223,NORMAL,N,512815,512833,512860,512868,512907,512952,513020,513050,biphasic_negative_positive
112,2016,513156,1425.4333333333334,NORMAL,N,513081,513098,513121,513144,513173,513204,513283,513318,biphasic_negative_positive
112,2017,513423,1426.175,NORMAL,N,,,,513411,513444,513487,513545,513571,biphasic_negative_positive
112,2018,513680,1426.888888888889,NORMAL,N,,,,513667,513695,513733,513807,513833,biphasic_negative_positive
112,2019,513944,1427.6222222222223,NORMAL,N,513869,513888,513907,513930,513962,513982,514067,514095,biphasic_negative_positive
112,2020,514203,1428.3416666666667,NORMAL,N,514130,514150,514171,514191,514222,514258,514328,514350,biphasic_negative_positive
112,2021,514465,1429.0694444444443,NORMAL,N,514391,514407,514430,514454,514482,514519,514590,514614,biphasic_negative_positive
112,2022,514727,1429.7972222222222,NORMAL,N,514653,514671,514694,514705,514745,514772,514851,514881,biphasic_negative_positive
112,2023,514987,1430.5194444444444,NORMAL,N,514912,514930,514954,514975,515005,515043,515112,515139,biphasic_negative_positive
112,2024,515247,1431.2416666666666,NORMAL,N,,,,515234,515262,515295,515368,515408,biphasic_negative_positive
112,2025,515508,1431.9666666666667,NORMAL,N,515433,515452,515475,515485,515523,515550,515638,515666,biphasic_negative_positive
112,2026,515772,1432.7,NORMAL,N,,,,515759,515791,515808,515896,515925,biphasic_negative_positive
112,2027,516033,1433.425,NORMAL,N,515959,515978,516001,516016,516051,516084,516156,516184,biphasic_negative_positive
112,2028,516287,1434.1305555555555,NORMAL,N,516213,516229,516251,516273,516304,516326,516412,516447,biphasic_negative_positive
112,2029,516547,1434.8527777777779,NORMAL,N,516473,516493,516516,516535,516565,516602,516670,516693,biphasic_negative_positive
112,2030,516806,1435.5722222222223,NORMAL,N,,,,516794,516822,516853,516927,516966,biphasic_negative_positive
112,2031,517065,1436.2916666666667,NORMAL,N,516991,517010,517031,517053,517083,517101,517187,517218,biphasic_negative_positive
112,2032,517330,1437.0277777777778,NORMAL,N,,,,517318,517347,517381,517454,517486,biphasic_negative_positive
112,2033,517591,1437.7527777777777,NORMAL,N,,,,517578,517607,517632,517713,517749,biphasic_negative_positive
112,2034,517853,1438.4805555555556,NORMAL,N,,,,517841,517872,517909,517978,518004,biphasic_negative_positive
112,2035,518119,1439.2194444444444,NORMAL,N,,,,518107,518138,518161,518246,518282,biphasic_negative_positive
112,2036,518385,1439.9583333333333,NORMAL,N,,,,518370,518403,518424,518508,518540,biphasic_negative_positive
112,2037,518650,1440.6944444444443,NORMAL,N,518577,518593,518613,518638,518667,518739,518771,518805,normal
112,2038,518907,1441.4083333333333,NORMAL,N,518832,518851,518875,518885,518922,518943,519031,519067,biphasic_negative_positive
112,2039,519170,1442.138888888889,NORMAL,N,519095,519116,519141,519149,519185,519208,519295,519322,biphasic_negative_positive
112,2040,519434,1442.8722222222223,NORMAL,N,519358,519376,519399,519421,519450,519496,519556,519592,biphasic_negative_positive
112,2041,519692,1443.588888888889,NORMAL,N,519619,519639,519660,519681,519711,519755,519819,519850,biphasic_negative_positive
112,2042,519958,1444.3277777777778,NORMAL,N,519883,519899,519923,519946,519975,520014,520078,520112,biphasic_negative_positive
112,2043,520218,1445.05,NORMAL,N,,,,520194,520233,520284,520341,520375,biphasic_negative_positive
112,2044,520476,1445.7666666666667,NORMAL,N,,,,520464,520496,520521,520600,520629,biphasic_negative_positive
112,2045,520740,1446.5,NORMAL,N,,,,520727,520760,520779,520867,520910,biphasic_negative_positive
112,2046,521000,1447.2222222222222,NORMAL,N,,,,520988,521018,521056,521128,521158,biphasic_negative_positive
112,2047,521264,1447.9555555555555,NORMAL,N,521190,521208,521228,521252,521283,521318,521383,521419,biphasic_negative_positive
112,2048,521513,1448.6472222222221,NORMAL,N,,,,521490,521533,521560,521642,521675,biphasic_negative_positive
112,2049,521775,1449.375,NORMAL,N,521703,521720,521742,521755,521790,521825,521899,521940,biphasic_negative_positive
112,2050,522034,1450.0944444444444,NORMAL,N,,,,522022,522053,522074,522162,522184,biphasic_negative_positive
112,2051,522295,1450.8194444444443,NORMAL,N,,,,522283,522312,522351,522421,522454,biphasic_negative_positive
112,2052,522558,1451.55,NORMAL,N,,,,522545,522580,522604,522686,522706,biphasic_negative_positive
112,2053,522819,1452.275,NORMAL,N,,,,522807,522835,522869,522943,522972,biphasic_negative_positive
112,2054,523078,1452.9944444444445,NORMAL,N,,,,523052,523097,523141,523199,523231,biphasic_negative_positive
112,2055,523337,1453.713888888889,NORMAL,N,523260,523279,523301,523315,523352,523384,523467,523488,biphasic_negative_positive
112,2056,523605,1454.4583333333333,NORMAL,N,,,,523593,523626,523648,523732,523767,biphasic_negative_positive
112,2057,523868,1455.1888888888889,NORMAL,N,523791,523812,523833,523855,523887,523911,523990,524025,biphasic_negative_positive
112,2058,524122,1455.8944444444444,NORMAL,N,,,,524109,524140,524170,524247,524270,biphasic_negative_positive
112,2059,524385,1456.625,NORMAL,N,,,,524373,524404,524451,524507,524539,biphasic_negative_positive
112,2060,524647,1457.3527777777779,NORMAL,N,524572,524590,524612,524626,524663,524696,524770,524808,biphasic_negative_positive
112,2061,524909,1458.0805555555555,NORMAL,N,,,,524896,524927,524947,525032,525066,biphasic_negative_positive
112,2062,525179,1458.8305555555555,NORMAL,N,,,,525167,525199,525213,525304,525343,biphasic_negative_positive
112,2063,525446,1459.5722222222223,NORMAL,N,,,,525434,525463,525508,525569,525600,biphasic_negative_positive
112,2064,525711,1460.3083333333334,NORMAL,N,525635,525654,525674,525698,525728,525774,525830,525862,biphasic_negative_positive
112,2065,525976,1461.0444444444445,NORMAL,N,,,,525956,525994,526036,526108,526139,biphasic_negative_positive
112,2066,526251,1461.8083333333334,NORMAL,N,526170,526171,526187,526238,526268,526292,526374,526406,biphasic_negative_positive
112,2067,526522,1462.5611111111111,NORMAL,N,,,,526510,526542,526564,526643,526677,biphasic_negative_positive
112,2068,526781,1463.2805555555556,NORMAL,N,526708,526723,526743,526769,526796,526837,526910,526947,biphasic_negative_positive
112,2069,527055,1464.0416666666667,NORMAL,N,,,,527042,527072,527108,527178,527209,biphasic_negative_positive
112,2070,527319,1464.775,NORMAL,N,527245,527262,527282,527306,527335,527418,527443,527463,normal
112,2071,527586,1465.5166666666667,NORMAL,N,,,,527574,527603,527643,527714,527735,biphasic_negative_positive
112,2072,527857,1466.2694444444444,NORMAL,N,527780,527795,527822,527844,527875,527899,527983,528002,biphasic_negative_positive
112,2073,528123,1467.0083333333334,NORMAL,N,,,,528105,528139,528172,528245,528277,biphasic_negative_positive
112,2074,528383,1467.7305555555556,NORMAL,N,528309,528324,528347,528371,528397,528440,528507,528529,biphasic_negative_positive
112,2075,528650,1468.4722222222222,NORMAL,N,,,,528637,528670,528708,528777,528812,biphasic_negative_positive
112,2076,528917,1469.213888888889,NORMAL,N,,,,528898,528934,528966,529043,529081,biphasic_negative_positive
112,2077,529180,1469.9444444444443,NORMAL,N,,,,529167,529197,529234,529300,529340,biphasic_negative_positive
112,2078,529436,1470.6555555555556,NORMAL,N,,,,529422,529450,529483,529564,529598,biphasic_negative_positive
112,2079,529701,1471.3916666666667,NORMAL,N,529603,529622,529641,529688,529715,529750,529825,529862,biphasic_negative_positive
112,2080,529963,1472.1194444444445,NORMAL,N,529888,529904,529924,529943,529982,530010,530085,530119,biphasic_negative_positive
112,2081,530221,1472.8361111111112,NORMAL,N,,,,530209,530241,530274,530352,530369,biphasic_negative_positive
112,2082,530492,1473.588888888889,NORMAL,N,,,,530471,530509,530548,530617,530654,biphasic_negative_positive
112,2083,530755,1474.3194444444443,NORMAL,N,,,,530742,530773,530813,530882,530921,biphasic_negative_positive
112,2084,531018,1475.05,NORMAL,N,530944,530960,530980,531006,531035,531070,531142,531166,biphasic_negative_positive
112,2085,531287,1475.7972222222222,NORMAL,N,531208,531225,531250,531275,531310,531340,531417,531454,biphasic_negative_positive
112,2086,531554,1476.5388888888888,NORMAL,N,,,,531542,531575,531598,531681,531721,biphasic_negative_positive
112,2087,531824,1477.2888888888888,NORMAL,N,,,,531812,531839,531888,531945,531985,biphasic_negative_positive
112,2088,532082,1478.0055555555555,NORMAL,N,,,,532070,532102,532148,532212,532250,biphasic_negative_positive
112,2089,532353,1478.7583333333334,NORMAL,N,532278,532295,532316,532331,532371,532399,532476,532506,biphasic_negative_positive
112,2090,532617,1479.4916666666666,NORMAL,N,,,,532604,532632,532663,532738,532775,biphasic_negative_positive
112,2091,532879,1480.2194444444444,NORMAL,N,,,,532861,532894,532939,533003,533033,biphasic_negative_positive
112,2092,533149,1480.9694444444444,NORMAL,N,,,,533137,533163,533207,533274,533298,biphasic_negative_positive
112,2093,533414,1481.7055555555555,NORMAL,N,533341,533356,533377,533402,533434,533467,533536,533571,biphasic_negative_positive
112,2094,533677,1482.4361111111111,NORMAL,N,,,,533665,533699,533720,533801,533827,biphasic_negative_positive
112,2095,533947,1483.1861111111111,NORMAL,N,533870,533885,533910,533935,533964,533989,534076,534107,biphasic_negative_positive
112,2096,534217,1483.9361111111111,NORMAL,N,534141,534158,534180,534192,534232,534267,534341,534366,biphasic_negative_positive
112,2097,534482,1484.6722222222222,NORMAL,N,,,,534470,534504,534536,534606,534629,biphasic_negative_positive
112,2098,534745,1485.4027777777778,NORMAL,N,534668,534684,534705,534734,534767,534790,534875,534907,biphasic_negative_positive
112,2099,535017,1486.1583333333333,NORMAL,N,534941,534957,534979,534998,535033,535057,535142,535176,biphasic_negative_positive
112,2100,535284,1486.9,NORMAL,N,535206,535223,535248,535262,535298,535323,535408,535443,biphasic_negative_positive
112,2101,535551,1487.6416666666667,NORMAL,N,535472,535489,535515,535539,535571,535593,535679,535705,biphasic_negative_positive
112,2102,535825,1488.4027777777778,NORMAL,N,,,,535812,535847,535867,535950,535986,biphasic_negative_positive
112,2103,536087,1489.1305555555555,NORMAL,N,536012,536030,536054,536074,536105,536134,536214,536248,biphasic_negative_positive
112,2104,536352,1489.8666666666666,NORMAL,N,536276,536292,536317,536329,536367,536400,536475,536491,biphasic_negative_positive
112,2105,536620,1490.611111111111,NORMAL,N,536540,536558,536583,536607,536636,536665,536749,536777,biphasic_negative_positive
112,2106,536883,1491.3416666666667,NORMAL,N,536810,536829,536851,536871,536902,536925,537008,537043,biphasic_negative_positive
112,2107,537147,1492.075,NORMAL,N,,,,537122,537167,537203,537267,537303,biphasic_negative_positive
112,2108,537401,1492.7805555555556,NORMAL,N,537328,537345,537366,537389,537421,537460,537530,537562,biphasic_negative_positive
112,2109,537667,1493.5194444444444,NORMAL,N,,,,537654,537685,537729,537789,537822,biphasic_negative_positive
112,2110,537923,1494.2305555555556,NORMAL,N,537849,537870,537892,537910,537938,537961,538048,538084,biphasic_negative_positive
112,2111,538187,1494.963888888889,NORMAL,N,538111,538130,538157,538167,538203,538238,538316,538348,biphasic_negative_positive
112,2112,538454,1495.7055555555555,NORMAL,N,538379,538397,538416,538441,538473,538517,538577,538614,biphasic_negative_positive
112,2113,538711,1496.4194444444445,NORMAL,N,,,,538699,538730,538767,538837,538870,biphasic_negative_positive
112,2114,538974,1497.15,NORMAL,N,,,,538948,538994,539029,539099,539131,biphasic_negative_positive
112,2115,539242,1497.8944444444444,NORMAL,N,539164,539186,539209,539223,539258,539306,539371,539408,biphasic_negative_positive
112,2116,539510,1498.638888888889,NORMAL,N,539436,539457,539478,539500,539527,539556,539637,539670,biphasic_negative_positive
112,2117,539778,1499.3833333333334,NORMAL,N,,,,539766,539798,539818,539899,539927,biphasic_negative_positive
112,2118,540039,1500.1083333333333,NORMAL,N,539962,539983,540004,540015,540060,540104,540166,540197,biphasic_negative_positive
112,2119,540306,1500.85,NORMAL,N,,,,540295,540320,540369,540428,540462,biphasic_negative_positive
112,2120,540567,1501.575,NORMAL,N,,,,540555,540582,540598,540691,540732,biphasic_negative_positive
112,2121,540834,1502.3166666666666,NORMAL,N,,,,540808,540854,540887,540962,541003,biphasic_negative_positive
112,2122,541106,1503.0722222222223,NORMAL,N,,,,541093,541123,541154,541227,541265,biphasic_negative_positive
112,2123,541367,1503.7972222222222,NORMAL,N,541292,541312,541333,541354,541384,541407,541490,541531,biphasic_negative_positive
112,2124,541629,1504.525,NORMAL,N,,,,541618,541648,541663,541754,541788,biphasic_negative_positive
112,2125,541903,1505.286111111111,NORMAL,N,541829,541844,541867,541889,541924,541959,542029,542072,biphasic_negative_positive
112,2126,542171,1506.0305555555556,NORMAL,N,542097,542116,542137,542158,542187,542204,542295,542333,biphasic_negative_positive
112,2127,542443,1506.786111111111,NORMAL,N,,,,542431,542464,542486,542562,542595,biphasic_negative_positive
112,2128,542710,1507.5277777777778,NORMAL,N,,,,542697,542728,542755,542836,542875,biphasic_negative_positive
112,2129,542978,1508.2722222222221,NORMAL,N,542906,542924,542945,542965,542995,543016,543100,543135,biphasic_negative_positive
112,2130,543247,1509.0194444444444,NORMAL,N,,,,543235,543268,543302,543373,543408,biphasic_negative_positive
112,2131,543524,1509.7888888888888,NORMAL,N,,,,543512,543542,543555,543652,543682,biphasic_negative_positive
112,2132,543802,1510.5611111111111,NORMAL,N,,,,543790,543822,543855,543922,543942,biphasic_negative_positive
112,2133,544066,1511.2944444444445,NORMAL,N,,,,544053,544080,544099,544191,544225,biphasic_negative_positive
112,2134,544333,1512.036111111111,NORMAL,N,544259,544277,544298,544320,544350,544376,544462,544496,biphasic_negative_positive
112,2135,544608,1512.8,NORMAL,N,,,,544595,544627,544670,544732,544760,biphasic_negative_positive
112,2136,544874,1513.5388888888888,NORMAL,N,544798,544819,544840,544861,544892,544912,545002,545035,biphasic_negative_positive
112,2137,545143,1514.286111111111,NORMAL,N,545070,545086,545111,545133,545161,545185,545266,545293,biphasic_negative_positive
112,2138,545412,1515.0333333333333,NORMAL,N,,,,545395,545428,545449,545533,545560,biphasic_negative_positive
112,2139,545672,1515.7555555555555,NORMAL,N,,,,545649,545687,545718,545798,545830,biphasic_negative_positive
112,2140,545938,1516.4944444444445,NORMAL,N,,,,545926,545956,545991,546064,546098,biphasic_negative_positive
112,2141,546204,1517.2333333333333,NORMAL,N,,,,546191,546222,546254,546331,546368,biphasic_negative_positive
112,2142,546468,1517.9666666666667,NORMAL,N,546395,546413,546437,546457,546485,546521,546593,546624,biphasic_negative_positive
112,2143,546732,1518.7,NORMAL,N,,,,546720,546751,546765,546856,546888,biphasic_negative_positive
112,2144,546993,1519.425,NORMAL,N,546920,546935,546961,546969,547007,547060,547124,547154,biphasic_negative_positive
112,2145,547268,1520.1888888888889,NORMAL,N,,,,547256,547284,547311,547394,547418,biphasic_negative_positive
112,2146,547532,1520.9222222222222,NORMAL,N,,,,547519,547553,547578,547659,547691,biphasic_negative_positive
112,2147,547797,1521.6583333333333,NORMAL,N,547725,547741,547767,547773,547814,547844,547923,547958,biphasic_negative_positive
112,2148,548067,1522.4083333333333,NORMAL,N,,,,548054,548081,548131,548191,548217,biphasic_negative_positive
112,2149,548327,1523.1305555555555,NORMAL,N,,,,548315,548348,548379,548454,548494,biphasic_negative_positive
112,2150,548594,1523.8722222222223,NORMAL,N,,,,548581,548612,548637,548721,548747,biphasic_negative_positive
112,2151,548864,1524.6222222222223,NORMAL,N,,,,548852,548880,548924,548992,549026,biphasic_negative_positive
112,2152,549130,1525.361111111111,NORMAL,N,,,,549118,549149,549177,549254,549289,biphasic_negative_positive
112,2153,549395,1526.0972222222222,NORMAL,N,549320,549336,549361,549384,549414,549448,549521,549555,biphasic_negative_positive
112,2154,549665,1526.8472222222222,NORMAL,N,,,,549652,549681,549723,549795,549817,biphasic_negative_positive
112,2155,549933,1527.5916666666667,NORMAL,N,549858,549875,549897,549920,549947,549966,550056,550079,biphasic_negative_positive
112,2156,550199,1528.3305555555555,NORMAL,N,,,,550187,550213,550265,550326,550360,biphasic_negative_positive
112,2157,550461,1529.0583333333334,NORMAL,N,,,,550448,550478,550521,550585,550619,biphasic_negative_positive
112,2158,550727,1529.7972222222222,NORMAL,N,,,,550715,550746,550770,550849,550883,biphasic_negative_positive
112,2159,550992,1530.5333333333333,NORMAL,N,550914,550930,550956,550981,551010,551037,551117,551148,biphasic_negative_positive
112,2160,551260,1531.2777777777778,NORMAL,N,,,,551247,551279,551309,551385,551427,biphasic_negative_positive
112,2161,551531,1532.0305555555556,NORMAL,N,551452,551469,551494,551518,551546,551574,551657,551677,biphasic_negative_positive
112,2162,551797,1532.7694444444444,NORMAL,N,551722,551735,551764,551785,551810,551832,551922,551955,biphasic_negative_positive
112,2163,552064,1533.5111111111112,NORMAL,N,,,,552051,552083,552119,552189,552217,biphasic_negative_positive
112,2164,552334,1534.2611111111112,NORMAL,N,,,,552311,552351,552380,552463,552509,biphasic_negative_positive
112,2165,552603,1535.0083333333334,NORMAL,N,,,,552591,552622,552647,552727,552762,biphasic_negative_positive
112,2166,552869,1535.7472222222223,NORMAL,N,,,,552856,552884,552918,552992,553030,biphasic_negative_positive
112,2167,553124,1536.4555555555555,NORMAL,N,,,,553112,553141,553184,553254,553277,biphasic_negative_positive
112,2168,553389,1537.1916666666666,NORMAL,N,,,,553376,553409,553451,553510,553543,biphasic_negative_positive
112,2169,553647,1537.9083333333333,NORMAL,N,,,,553635,553667,553699,553772,553793,biphasic_negative_positive
112,2170,553911,1538.6416666666667,NORMAL,N,553844,553850,553869,553898,553930,553967,554036,554068,biphasic_negative_positive
112,2171,554174,1539.3722222222223,NORMAL,N,,,,554162,554189,554240,554297,554327,biphasic_negative_positive
112,2172,554433,1540.0916666666667,NORMAL,N,554358,554373,554395,554413,554448,554482,554557,554592,biphasic_negative_positive
112,2173,554691,1540.8083333333334,NORMAL,N,,,,554679,554711,554732,554815,554839,biphasic_negative_positive
112,2174,554958,1541.55,NORMAL,N,554880,554896,554920,554945,554976,555009,555086,555103,biphasic_negative_positive
112,2175,555222,1542.2833333333333,NORMAL,N,,,,555210,555238,555276,555347,555374,biphasic_negative_positive
112,2176,555489,1543.025,NORMAL,N,555414,555430,555451,555470,555504,555536,555612,555642,biphasic_negative_positive
112,2177,555749,1543.7472222222223,NORMAL,N,555682,555688,555711,555737,555767,555805,555878,555915,biphasic_negative_positive
112,2178,556015,1544.486111111111,NORMAL,N,,,,556002,556033,556064,556137,556169,biphasic_negative_positive
112,2179,556277,1545.213888888889,NORMAL,N,556204,556218,556240,556265,556296,556321,556404,556435,biphasic_negative_positive
112,2180,556546,1545.9611111111112,NORMAL,N,,,,556525,556561,556586,556670,556707,biphasic_negative_positive
112,2181,556814,1546.7055555555555,NORMAL,N,,,,556801,556828,556862,556938,556960,biphasic_negative_positive
112,2182,557076,1547.4333333333334,NORMAL,N,557002,557017,557037,557054,557092,557118,557201,557230,biphasic_negative_positive
112,2183,557343,1548.175,NORMAL,N,557268,557283,557305,557319,557360,557387,557466,557502,biphasic_negative_positive
112,2184,557607,1548.9083333333333,NORMAL,N,557528,557547,557570,557595,557626,557662,557734,557754,biphasic_negative_positive
112,2185,557874,1549.65,NORMAL,N,557798,557813,557837,557862,557891,557932,557999,558029,biphasic_negative_positive
112,2186,558141,1550.3916666666667,NORMAL,N,558065,558081,558103,558128,558155,558193,558263,558304,biphasic_negative_positive
112,2187,558398,1551.1055555555556,NORMAL,N,,,,558385,558413,558431,558525,558544,biphasic_negative_positive
112,2188,558662,1551.838888888889,NORMAL,N,558598,558603,558627,558650,558679,558692,558787,558811,biphasic_negative_positive
112,2189,558921,1552.5583333333334,NORMAL,N,,,,558908,558939,558964,559046,559072,biphasic_negative_positive
112,2190,559186,1553.2944444444445,NORMAL,N,,,,559174,559202,559233,559312,559342,biphasic_negative_positive
112,2191,559452,1554.0333333333333,NORMAL,N,559375,559393,559416,559439,559467,559503,559576,559598,biphasic_negative_positive
112,2192,559714,1554.7611111111112,NORMAL,N,,,,559701,559728,559777,559839,559867,biphasic_negative_positive
112,2193,559975,1555.486111111111,NORMAL,N,,,,559961,559994,560022,560102,560134,biphasic_negative_positive
112,2194,560243,1556.2305555555556,NORMAL,N,,,,560225,560261,560286,560368,560395,biphasic_negative_positive
112,2195,560507,1556.963888888889,NORMAL,N,560426,560434,560444,560494,560522,560558,560633,560665,biphasic_negative_positive
112,2196,560773,1557.7027777777778,NORMAL,N,560696,560714,560735,560760,560787,560823,560894,560926,biphasic_negative_positive
112,2197,561032,1558.4222222222222,NORMAL,N,,,,561019,561050,561076,561161,561198,biphasic_negative_positive
112,2198,561296,1559.1555555555556,NORMAL,N,,,,561280,561315,561362,561419,561452,biphasic_negative_positive
112,2199,561557,1559.8805555555555,NORMAL,N,561480,561496,561522,561532,561574,561611,561681,561717,biphasic_negative_positive
112,2200,561819,1560.6083333333333,NORMAL,N,,,,561807,561833,561878,561946,561976,biphasic_negative_positive
112,2201,562085,1561.3472222222222,NORMAL,N,562007,562026,562049,562061,562107,562150,562207,562245,biphasic_negative_positive
112,2202,562344,1562.0666666666666,NORMAL,N,,,,562332,562361,562398,562469,562500,biphasic_negative_positive
112,2203,562605,1562.7916666666667,NORMAL,N,,,,562590,562625,562670,562727,562764,biphasic_negative_positive
112,2204,562867,1563.5194444444444,NORMAL,N,562791,562806,562828,562855,562889,562925,562993,563022,biphasic_negative_positive
112,2205,563128,1564.2444444444445,NORMAL,N,,,,563115,563142,563174,563251,563281,biphasic_negative_positive
112,2206,563390,1564.9722222222222,NORMAL,N,563313,563330,563353,563372,563407,563439,563512,563547,biphasic_negative_positive
112,2207,563646,1565.6833333333334,NORMAL,N,,,,563633,563662,563707,563771,563815,biphasic_negative_positive
112,2208,563906,1566.4055555555556,NORMAL,N,,,,563888,563924,563955,564030,564046,biphasic_negative_positive
112,2209,564168,1567.1333333333334,NORMAL,N,,,,564156,564182,564222,564290,564320,biphasic_negative_positive
112,2210,564427,1567.8527777777779,NORMAL,N,564353,564369,564392,564403,564442,564486,564555,564584,biphasic_negative_positive
112,2211,564691,1568.5861111111112,NORMAL,N,564612,564631,564655,564680,564707,564742,564817,564850,biphasic_negative_positive
112,2212,564950,1569.3055555555557,NORMAL,N,,,,564937,564967,564989,565076,565105,biphasic_negative_positive
112,2213,565207,1570.0194444444444,NORMAL,N,,,,565196,565230,565248,565332,565361,biphasic_negative_positive
112,2214,565470,1570.75,NORMAL,N,565392,565410,565433,565447,565485,565536,565596,565630,biphasic_negative_positive
112,2215,565728,1571.4666666666667,NORMAL,N,,,,565712,565743,565781,565855,565872,biphasic_negative_positive
112,2216,565991,1572.1972222222223,NORMAL,N,,,,565979,566010,566042,566115,566143,biphasic_negative_positive
112,2217,566241,1572.8916666666667,NORMAL,N,,,,566229,566260,566288,566370,566408,biphasic_negative_positive
112,2218,566505,1573.625,NORMAL,N,,,,566479,566521,566562,566625,566660,biphasic_negative_positive
112,2219,566761,1574.3361111111112,NORMAL,N,,,,566748,566776,566807,566885,566919,biphasic_negative_positive
112,2220,567018,1575.05,NORMAL,N,,,,566999,567032,567079,567143,567168,biphasic_negative_positive
112,2221,567277,1575.7694444444444,NORMAL,N,,,,567261,567295,567327,567404,567443,biphasic_negative_positive
112,2222,567535,1576.486111111111,NORMAL,N,,,,567513,567551,567590,567659,567696,biphasic_negative_positive
112,2223,567792,1577.2,NORMAL,N,,,,567777,567811,567835,567914,567929,biphasic_negative_positive
112,2224,568049,1577.9138888888888,NORMAL,N,567973,567989,568011,568030,568066,568085,568178,568204,biphasic_negative_positive
112,2225,568312,1578.6444444444444,NORMAL,N,568236,568256,568275,568299,568328,568354,568434,568476,biphasic_negative_positive
112,2226,568572,1579.3666666666666,NORMAL,N,568495,568511,568537,568560,568585,568631,568699,568719,biphasic_negative_positive
112,2227,568825,1580.0694444444443,NORMAL,N,,,,568812,568841,568873,568948,568980,biphasic_negative_positive
112,2228,569084,1580.7888888888888,NORMAL,N,569007,569023,569050,569062,569103,569140,569210,569240,biphasic_negative_positive
112,2229,569344,1581.5111111111112,NORMAL,N,,,,569326,569363,569404,569468,569496,biphasic_negative_positive
112,2230,569603,1582.2305555555556,NORMAL,N,569526,569542,569566,569590,569623,569659,569729,569768,biphasic_negative_positive
112,2231,569866,1582.9611111111112,NORMAL,N,569788,569804,569825,569841,569882,569911,569991,570019,biphasic_negative_positive
112,2232,570127,1583.6861111111111,NORMAL,N,,,,570114,570141,570174,570251,570286,biphasic_negative_positive
112,2233,570388,1584.411111111111,NORMAL,N,570306,570309,570325,570375,570403,570440,570510,570537,biphasic_negative_positive
112,2234,570642,1585.1166666666666,NORMAL,N,570567,570583,570604,570629,570660,570692,570772,570803,biphasic_negative_positive
112,2235,570910,1585.861111111111,NORMAL,N,570832,570848,570871,570897,570926,570969,571032,571069,biphasic_negative_positive
112,2236,571181,1586.6138888888888,NORMAL,N,,,,571157,571188,571222,571293,571321,biphasic_negative_positive
112,2237,571427,1587.2972222222222,NORMAL,N,,,,571416,571440,571471,571546,571573,biphasic_negative_positive
112,2238,571685,1588.013888888889,NORMAL,N,,,,571666,571700,571749,571808,571841,biphasic_negative_positive
112,2239,571942,1588.7277777777779,NORMAL,N,571866,571883,571908,571929,571958,571984,572066,572100,biphasic_negative_positive
112,2240,572200,1589.4444444444443,NORMAL,N,,,,572187,572219,572241,572321,572355,biphasic_negative_positive
112,2241,572465,1590.1805555555557,NORMAL,N,,,,572437,572472,572506,572584,572621,biphasic_negative_positive
112,2242,572730,1590.9166666666667,NORMAL,N,,,,572706,572737,572757,572840,572862,biphasic_negative_positive
112,2243,572972,1591.588888888889,NORMAL,N,,,,572952,572987,573012,573097,573122,biphasic_negative_positive
112,2244,573227,1592.2972222222222,NORMAL,N,573154,573169,573194,573204,573243,573258,573351,573385,biphasic_negative_positive
112,2245,573489,1593.025,NORMAL,N,573412,573431,573452,573476,573508,573536,573615,573648,biphasic_negative_positive
112,2246,573759,1593.775,NORMAL,N,573675,573691,573712,573736,573766,573793,573873,573907,biphasic_negative_positive
112,2247,574018,1594.4944444444445,NORMAL,N,573933,573949,573975,573985,574025,574042,574127,574152,biphasic_negative_positive
112,2248,574272,1595.2,NORMAL,N,574185,574200,574223,574240,574277,574320,574389,574416,biphasic_negative_positive
112,2249,574523,1595.8972222222221,NORMAL,N,574446,574465,574488,574503,574537,574557,574647,574675,biphasic_negative_positive
112,2250,574780,1596.611111111111,NORMAL,N,,,,574765,574797,574831,574905,574930,biphasic_negative_positive
112,2251,575039,1597.3305555555555,NORMAL,N,574963,574981,575000,575026,575057,575075,575165,575200,biphasic_negative_positive
112,2252,575313,1598.0916666666667,NORMAL,N,575226,575243,575266,575282,575320,575349,575427,575458,biphasic_negative_positive
112,2253,575575,1598.8194444444443,NORMAL,N,575488,575505,575525,575551,575579,575599,575687,575716,biphasic_negative_positive
112,2254,575819,1599.4972222222223,NORMAL,N,575744,575761,575785,575800,575834,575876,575944,575977,biphasic_negative_positive
112,2255,576085,1600.236111111111,NORMAL,N,576007,576022,576045,576071,576102,576118,576210,576246,biphasic_negative_positive
112,2256,576354,1600.9833333333333,NORMAL,N,,,,576331,576362,576393,576469,576503,biphasic_negative_positive
112,2257,576616,1601.7111111111112,NORMAL,N,576531,576547,576568,576594,576626,576649,576724,576754,biphasic_negative_positive
112,2258,576868,1602.411111111111,NORMAL,N,,,,576844,576872,576923,576985,577013,biphasic_negative_positive
112,2259,577131,1603.1416666666667,NORMAL,N,,,,577111,577140,577164,577245,577278,biphasic_negative_positive
112,2260,577390,1603.861111111111,NORMAL,N,577303,577320,577340,577358,577397,577422,577502,577545,biphasic_negative_positive
112,2261,577646,1604.5722222222223,NORMAL,N,,,,577623,577657,577689,577761,577785,biphasic_negative_positive
112,2262,577910,1605.3055555555557,NORMAL,N,,,,577887,577914,577963,578024,578047,biphasic_negative_positive
112,2263,578164,1606.0111111111112,NORMAL,N,,,,578142,578175,578218,578279,578311,biphasic_negative_positive
112,2264,578421,1606.725,NORMAL,N,578336,578355,578379,578392,578429,578449,578533,578564,biphasic_negative_positive
112,2265,578680,1607.4444444444443,NORMAL,N,,,,578657,578689,578723,578799,578838,biphasic_negative_positive
112,2266,578943,1608.175,NORMAL,N,,,,578920,578953,578983,579053,579085,biphasic_negative_positive
112,2267,579198,1608.8833333333334,NORMAL,N,579113,579132,579156,579169,579203,579234,579310,579342,biphasic_negative_positive
112,2268,579452,1609.588888888889,NORMAL,N,,,,579428,579457,579471,579566,579606,biphasic_negative_positive
112,2269,579712,1610.3111111111111,NORMAL,N,,,,579689,579721,579743,579825,579858,biphasic_negative_positive
112,2270,579969,1611.025,NORMAL,N,,,,579946,579976,580008,580079,580100,biphasic_negative_positive
112,2271,580223,1611.7305555555556,NORMAL,N,580137,580157,580177,580199,580231,580260,580336,580367,biphasic_negative_positive
112,2272,580487,1612.463888888889,NORMAL,N,580400,580417,580441,580458,580493,580568,580598,580628,normal
112,2273,580743,1613.175,NORMAL,N,,,,580721,580748,580769,580855,580882,biphasic_negative_positive
112,2274,581000,1613.888888888889,NORMAL,N,580917,580933,580955,580977,581008,581038,581110,581152,biphasic_negative_positive
112,2275,581260,1614.611111111111,NORMAL,N,581170,581189,581213,581225,581270,581287,581376,581407,biphasic_negative_positive
112,2276,581524,1615.3444444444444,NORMAL,N,,,,581504,581531,581568,581636,581680,biphasic_negative_positive
112,2277,581786,1616.0722222222223,NORMAL,N,,,,581762,581791,581820,581895,581934,biphasic_negative_positive
112,2278,582038,1616.7722222222221,NORMAL,N,,,,582017,582043,582124,582154,582188,normal
112,2279,582306,1617.5166666666667,NORMAL,N,,,,582283,582315,582388,582417,582455,normal
112,2280,582566,1618.2388888888888,NORMAL,N,582480,582496,582519,582533,582574,582589,582679,582706,biphasic_negative_positive
112,2281,582827,1618.963888888889,NORMAL,N,,,,582797,582835,582877,582940,582979,biphasic_negative_positive
112,2282,583093,1619.7027777777778,NORMAL,N,583005,583022,583045,583060,583098,583130,583208,583245,biphasic_negative_positive
112,2283,583355,1620.4305555555557,NORMAL,N,,,,583335,583360,583404,583467,583501,biphasic_negative_positive
112,2284,583616,1621.1555555555556,NORMAL,N,,,,583594,583621,583657,583729,583756,biphasic_negative_positive
112,2285,583881,1621.8916666666667,NORMAL,N,,,,583857,583888,583910,583999,584037,biphasic_negative_positive
112,2286,584149,1622.6361111111112,NORMAL,N,,,,584119,584155,584179,584262,584301,biphasic_negative_positive
112,2287,584407,1623.3527777777779,NORMAL,N,584321,584338,584361,584384,584418,584433,584518,584543,biphasic_negative_positive
112,2288,584661,1624.0583333333334,NORMAL,N,,,,584639,584668,584703,584776,584815,biphasic_negative_positive
112,2289,584921,1624.7805555555556,NORMAL,N,,,,584899,584926,584948,585035,585072,biphasic_negative_positive
112,2290,585179,1625.4972222222223,NORMAL,N,,,,585157,585186,585219,585291,585330,biphasic_negative_positive
112,2291,585433,1626.2027777777778,NORMAL,N,585347,585364,585387,585403,585440,585471,585548,585584,biphasic_negative_positive
112,2292,585695,1626.9305555555557,NORMAL,N,,,,585673,585704,585744,585810,585849,biphasic_negative_positive
112,2293,585951,1627.6416666666667,NORMAL,N,585865,585884,585905,585927,585955,585978,586062,586100,biphasic_negative_positive
112,2294,586204,1628.3444444444444,NORMAL,N,,,,586183,586209,586254,586317,586353,biphasic_negative_positive
112,2295,586464,1629.0666666666666,NORMAL,N,,,,586436,586471,586503,586582,586617,biphasic_negative_positive
112,2296,586728,1629.8,NORMAL,N,586643,586661,586682,586698,586735,586767,586843,586876,biphasic_negative_positive
112,2297,586990,1630.5277777777778,NORMAL,N,,,,586966,586999,587022,587104,587144,biphasic_negative_positive
112,2298,587243,1631.2305555555556,NORMAL,N,587162,587177,587197,587221,587249,587293,587359,587389,biphasic_negative_positive
112,2299,587511,1631.975,NORMAL,N,,,,587487,587517,587558,587622,587659,biphasic_negative_positive
112,2300,587768,1632.6888888888889,NORMAL,N,587683,587699,587723,587746,587776,587806,587881,587916,biphasic_negative_positive
112,2301,588028,1633.411111111111,NORMAL,N,587942,587957,587979,587995,588035,588064,588142,588180,biphasic_negative_positive
112,2302,588295,1634.1527777777778,NORMAL,N,588207,588223,588246,588263,588301,588327,588410,588446,biphasic_negative_positive
112,2303,588557,1634.8805555555555,NORMAL,N,588475,588490,588508,588529,588562,588592,588670,588704,biphasic_negative_positive
112,2304,588817,1635.6027777777779,NORMAL,N,588733,588749,588769,588794,588824,588856,588928,588968,biphasic_negative_positive
112,2305,589080,1636.3333333333333,NORMAL,N,588988,588991,589006,589057,589087,589131,589198,589224,biphasic_negative_positive
112,2306,589348,1637.0777777777778,NORMAL,N,589266,589279,589299,589325,589354,589387,589460,589500,biphasic_negative_positive
112,2307,589611,1637.8083333333334,NORMAL,N,,,,589587,589617,589650,589722,589753,biphasic_negative_positive
112,2308,589867,1638.5194444444444,NORMAL,N,,,,589847,589871,589906,589985,590016,biphasic_negative_positive
112,2309,590135,1639.263888888889,NORMAL,N,,,,590112,590139,590165,590246,590276,biphasic_negative_positive
112,2310,590394,1639.9833333333333,NORMAL,N,590310,590325,590350,590372,590399,590441,590508,590540,biphasic_negative_positive
112,2311,590655,1640.7083333333333,NORMAL,N,590569,590585,590607,590625,590661,590674,590771,590808,biphasic_negative_positive
112,2312,590921,1641.4472222222223,NORMAL,N,590833,590848,590878,590898,590929,590958,591036,591072,biphasic_negative_positive
112,2313,591182,1642.1722222222222,NORMAL,N,,,,591154,591187,591204,591297,591324,biphasic_negative_positive
112,2314,591444,1642.9,NORMAL,N,,,,591420,591448,591475,591555,591587,biphasic_negative_positive
112,2315,591707,1643.6305555555555,NORMAL,N,591620,591636,591657,591684,591717,591765,591827,591866,biphasic_negative_positive
112,2316,591974,1644.3722222222223,NORMAL,N,,,,591951,591981,592004,592085,592118,biphasic_negative_positive
112,2317,592229,1645.0805555555555,NORMAL,N,592143,592160,592183,592206,592237,592270,592345,592372,biphasic_negative_positive
112,2318,592483,1645.786111111111,NORMAL,N,,,,592449,592488,592520,592598,592635,biphasic_negative_positive
112,2319,592745,1646.513888888889,NORMAL,N,,,,592722,592751,592793,592858,592886,biphasic_negative_positive
112,2320,593000,1647.2222222222222,NORMAL,N,592917,592931,592951,592967,593007,593036,593110,593145,biphasic_negative_positive
112,2321,593255,1647.9305555555557,NORMAL,N,,,,593232,593264,593299,593368,593403,biphasic_negative_positive
112,2322,593516,1648.6555555555556,NORMAL,N,,,,593483,593521,593563,593629,593660,biphasic_negative_positive
112,2323,593772,1649.3666666666666,NORMAL,N,,,,593750,593782,593805,593885,593920,biphasic_negative_positive
112,2324,594030,1650.0833333333333,NORMAL,N,,,,594008,594036,594060,594141,594178,biphasic_negative_positive
112,2325,594290,1650.8055555555557,NORMAL,N,594203,594220,594241,594266,594298,594323,594407,594438,biphasic_negative_positive
112,2326,594554,1651.5388888888888,NORMAL,N,594470,594487,594509,594533,594563,594593,594668,594703,biphasic_negative_positive
112,2327,594816,1652.2666666666667,NORMAL,N,,,,594793,594821,594857,594928,594955,biphasic_negative_positive
112,2328,595070,1652.9722222222222,NORMAL,N,,,,595048,595077,595100,595186,595209,biphasic_negative_positive
112,2329,595337,1653.713888888889,NORMAL,N,,,,595308,595344,595366,595449,595480,biphasic_negative_positive
112,2330,595594,1654.4277777777777,NORMAL,N,,,,595571,595604,595627,595709,595740,biphasic_negative_positive
112,2331,595847,1655.1305555555555,NORMAL,N,,,,595831,595857,595940,595971,596017,normal
112,2332,596116,1655.8777777777777,NORMAL,N,,,,596105,596127,596182,596242,596272,biphasic_negative_positive
112,2333,596380,1656.611111111111,NORMAL,N,,,,596368,596389,596422,596503,596532,biphasic_negative_positive
112,2334,596642,1657.338888888889,NORMAL,N,596565,596582,596606,596632,596653,596696,596764,596800,biphasic_negative_positive
112,2335,596902,1658.0611111111111,NORMAL,N,,,,596889,596912,596938,597033,597063,biphasic_negative_positive
112,2336,597174,1658.8166666666666,NORMAL,N,597090,597100,597112,597161,597183,597216,597293,597333,biphasic_negative_positive
112,2337,597431,1659.5305555555556,NORMAL,N,597357,597373,597396,597415,597440,597473,597554,597586,biphasic_negative_positive
112,2338,597688,1660.2444444444445,NORMAL,N,,,,597677,597696,597738,597812,597837,biphasic_negative_positive
112,2339,597950,1660.9722222222222,NORMAL,N,597872,597888,597912,597938,597961,597994,598072,598101,biphasic_negative_positive
112,2340,598206,1661.6833333333334,NORMAL,N,,,,598193,598216,598253,598330,598361,biphasic_negative_positive
112,2341,598468,1662.411111111111,NORMAL,N,,,,598455,598478,598512,598592,598625,biphasic_negative_positive
112,2342,598731,1663.1416666666667,NORMAL,N,,,,598721,598741,598797,598859,598886,biphasic_negative_positive
112,2343,598996,1663.8777777777777,NORMAL,N,,,,598983,599005,599037,599117,599153,biphasic_negative_positive
112,2344,599254,1664.5944444444444,NORMAL,N,,,,599240,599264,599310,599378,599408,biphasic_negative_positive
112,2345,599516,1665.3222222222223,NORMAL,N,599436,599439,599451,599504,599526,599577,599646,599677,biphasic_negative_positive
112,2346,599787,1666.075,NORMAL,N,599709,599727,599748,599768,599796,599832,599908,599943,biphasic_negative_positive
112,2347,600048,1666.8,NORMAL,N,,,,600035,600058,600088,600176,600199,biphasic_negative_positive
112,2348,600310,1667.5277777777778,NORMAL,N,,,,600296,600320,600361,600434,600463,biphasic_negative_positive
112,2349,600572,1668.2555555555555,NORMAL,N,600496,600513,600536,600560,600583,600619,600696,600729,biphasic_negative_positive
112,2350,600831,1668.975,NORMAL,N,600755,600770,600797,600819,600840,600890,600953,600990,biphasic_negative_positive
112,2351,601091,1669.6972222222223,NORMAL,N,,,,601077,601101,601188,601214,601249,normal
112,2352,601354,1670.4277777777777,NORMAL,N,,,,601342,601364,601405,601482,601508,biphasic_negative_positive
112,2353,601616,1671.1555555555556,NORMAL,N,601542,601559,601579,601606,601626,601665,601736,601782,biphasic_negative_positive
112,2354,601872,1671.8666666666666,NORMAL,N,,,,601856,601882,601922,601997,602032,biphasic_negative_positive
112,2355,602129,1672.5805555555555,NORMAL,N,,,,602119,602140,602185,602257,602297,biphasic_negative_positive
112,2356,602396,1673.3222222222223,NORMAL,N,602319,602337,602360,602385,602406,602437,602517,602555,biphasic_negative_positive
112,2357,602655,1674.0416666666667,NORMAL,N,602578,602593,602614,602638,602664,602700,602777,602817,biphasic_negative_positive
112,2358,602913,1674.7583333333334,NORMAL,N,602840,602857,602883,602890,602923,602957,603036,603069,biphasic_negative_positive
112,2359,603174,1675.4833333333333,NORMAL,N,603099,603114,603139,603164,603184,603218,603298,603332,biphasic_negative_positive
112,2360,603432,1676.2,NORMAL,N,603357,603375,603395,603417,603442,603472,603556,603588,biphasic_negative_positive
112,2361,603692,1676.9222222222222,NORMAL,N,603616,603631,603654,603672,603701,603745,603817,603849,biphasic_negative_positive
112,2362,603957,1677.6583333333333,NORMAL,N,603878,603895,603922,603945,603967,603991,604084,604124,biphasic_negative_positive
112,2363,604221,1678.3916666666667,NORMAL,N,,,,604210,604231,604272,604347,604365,biphasic_negative_positive
112,2364,604481,1679.1138888888888,NORMAL,N,,,,604468,604492,604538,604606,604641,biphasic_negative_positive
112,2365,604739,1679.8305555555555,NORMAL,N,604663,604681,604702,604716,604749,604788,604866,604907,biphasic_negative_positive
112,2366,605008,1680.5777777777778,NORMAL,N,,,,604994,605016,605054,605128,605156,biphasic_negative_positive
112,2367,605265,1681.2916666666667,NORMAL,N,,,,605254,605275,605330,605390,605422,biphasic_negative_positive
112,2368,605526,1682.0166666666667,NORMAL,N,605449,605466,605488,605507,605534,605569,605644,605683,biphasic_negative_positive
112,2369,605783,1682.7305555555556,NORMAL,N,,,,605770,605794,605838,605908,605938,biphasic_negative_positive
112,2370,606038,1683.4388888888889,NORMAL,N,605963,605979,606005,606011,606048,606087,606162,606193,biphasic_negative_positive
112,2371,606296,1684.1555555555556,NORMAL,N,,,,606286,606307,606345,606419,606460,biphasic_negative_positive
112,2372,606553,1684.8694444444445,NORMAL,N,,,,606540,606563,606598,606680,606709,biphasic_negative_positive
112,2373,606815,1685.5972222222222,NORMAL,N,,,,606792,606825,606858,606935,606969,biphasic_negative_positive
112,2374,607070,1686.3055555555557,NORMAL,N,,,,607057,607080,607120,607196,607223,biphasic_negative_positive
112,2375,607328,1687.0222222222221,NORMAL,N,,,,607316,607339,607362,607450,607483,biphasic_negative_positive
112,2376,607589,1687.7472222222223,NORMAL,N,607512,607530,607554,607576,607599,607640,607715,607760,biphasic_negative_positive
112,2377,607848,1688.4666666666667,NORMAL,N,,,,607824,607858,607889,607971,608008,biphasic_negative_positive
112,2378,608109,1689.1916666666666,NORMAL,N,,,,608097,608119,608153,608230,608264,biphasic_negative_positive
112,2379,608365,1689.9027777777778,NORMAL,N,,,,608353,608375,608416,608491,608530,biphasic_negative_positive
112,2380,608625,1690.625,NORMAL,N,,,,608615,608636,608668,608749,608779,biphasic_negative_positive
112,2381,608884,1691.3444444444444,NORMAL,N,608809,608825,608851,608858,608893,608923,609008,609042,biphasic_negative_positive
112,2382,609145,1692.0694444444443,NORMAL,N,609068,609088,609107,609134,609155,609185,609268,609299,biphasic_negative_positive
112,2383,609406,1692.7944444444445,NORMAL,N,609328,609347,609374,609397,609415,609438,609531,609563,biphasic_negative_positive
112,2384,609663,1693.5083333333334,NORMAL,N,609589,609607,609627,609651,609673,609695,609786,609823,biphasic_negative_positive
112,2385,609920,1694.2222222222222,NORMAL,N,,,,609902,609929,609958,610042,610079,biphasic_negative_positive
112,2386,610179,1694.9416666666666,NORMAL,N,,,,610166,610189,610219,610304,610336,biphasic_negative_positive
112,2387,610434,1695.65,NORMAL,N,610360,610378,610400,610419,610443,610474,610556,610586,biphasic_negative_positive
112,2388,610692,1696.3666666666666,NORMAL,N,,,,610681,610701,610785,610812,610848,normal
112,2389,610938,1697.05,NORMAL,N,,,,610923,610947,610993,611065,611099,biphasic_negative_positive
112,2390,611196,1697.7666666666667,NORMAL,N,,,,611185,611206,611235,611315,611351,biphasic_negative_positive
112,2391,611450,1698.4722222222222,NORMAL,N,,,,611440,611459,611488,611573,611607,biphasic_negative_positive
112,2392,611708,1699.1888888888889,NORMAL,N,,,,611691,611718,611748,611829,611861,biphasic_negative_positive
112,2393,611968,1699.911111111111,NORMAL,N,,,,611955,611978,612008,612092,612125,biphasic_negative_positive
112,2394,612226,1700.6277777777777,NORMAL,N,,,,612216,612236,612321,612347,612386,normal
112,2395,612487,1701.3527777777779,NORMAL,N,,,,612459,612497,612529,612608,612641,biphasic_negative_positive
112,2396,612746,1702.0722222222223,NORMAL,N,,,,612735,612756,612841,612873,612912,normal
112,2397,613011,1702.8083333333334,NORMAL,N,,,,613000,613022,613061,613135,613170,biphasic_negative_positive
112,2398,613275,1703.5416666666667,NORMAL,N,,,,613252,613285,613325,613398,613432,biphasic_negative_positive
112,2399,613529,1704.2472222222223,NORMAL,N,613458,613474,613494,613517,613540,613563,613650,613693,biphasic_negative_positive
112,2400,613789,1704.9694444444444,NORMAL,N,,,,613779,613798,613840,613908,613943,biphasic_negative_positive
112,2401,614048,1705.6888888888889,NORMAL,N,613970,613988,614009,614033,614057,614139,614168,614202,normal
112,2402,614307,1706.4083333333333,NORMAL,N,614231,614247,614272,614296,614316,614396,614431,614469,normal
112,2403,614568,1707.1333333333334,NORMAL,N,,,,614556,614579,614601,614692,614728,biphasic_negative_positive
112,2404,614828,1707.8555555555556,NORMAL,N,614755,614770,614791,614812,614838,614876,614950,614981,biphasic_negative_positive
112,2405,615086,1708.5722222222223,NORMAL,N,,,,615076,615097,615136,615205,615242,biphasic_negative_positive
112,2406,615341,1709.2805555555556,NORMAL,N,,,,615328,615351,615403,615466,615509,biphasic_negative_positive
112,2407,615608,1710.0222222222221,NORMAL,N,615532,615548,615570,615581,615618,615655,615728,615764,biphasic_negative_positive
112,2408,615867,1710.7416666666666,NORMAL,N,615790,615806,615830,615856,615877,615922,615994,616020,biphasic_negative_positive
112,2409,616127,1711.463888888889,NORMAL,N,616057,616069,616089,616110,616136,616180,616247,616285,biphasic_negative_positive
112,2410,616387,1712.1861111111111,NORMAL,N,,,,616375,616398,616438,616509,616542,biphasic_negative_positive
112,2411,616644,1712.9,NORMAL,N,616569,616584,616609,616632,616654,616699,616770,616813,biphasic_negative_positive
112,2412,616907,1713.6305555555555,NORMAL,N,616830,616846,616867,616890,616917,616943,617030,617060,biphasic_negative_positive
112,2413,617167,1714.3527777777779,NORMAL,N,617091,617109,617132,617143,617177,617202,617299,617331,biphasic_negative_positive
112,2414,617435,1715.0972222222222,NORMAL,N,617360,617376,617396,617418,617444,617491,617556,617595,biphasic_negative_positive
112,2415,617694,1715.8166666666666,NORMAL,N,,,,617681,617704,617738,617817,617850,biphasic_negative_positive
112,2416,617950,1716.5277777777778,NORMAL,N,,,,617937,617959,617997,618076,618110,biphasic_negative_positive
112,2417,618216,1717.2666666666667,NORMAL,N,618138,618156,618180,618204,618227,618251,618340,618361,biphasic_negative_positive
112,2418,618478,1717.9944444444445,NORMAL,N,,,,618461,618486,618541,618606,618642,biphasic_negative_positive
112,2419,618738,1718.7166666666667,NORMAL,N,,,,618715,618749,618794,618858,618883,biphasic_negative_positive
112,2420,618997,1719.4361111111111,NORMAL,N,618919,618936,618958,618984,619007,619040,619122,619154,biphasic_negative_positive
112,2421,619258,1720.161111111111,NORMAL,N,,,,619243,619268,619310,619381,619411,biphasic_negative_positive
112,2422,619518,1720.8833333333334,NORMAL,N,,,,619505,619528,619569,619644,619662,biphasic_negative_positive
112,2423,619783,1721.6194444444445,NORMAL,N,,,,619771,619792,619822,619912,619957,biphasic_negative_positive
112,2424,620050,1722.361111111111,NORMAL,N,619974,619991,620013,620037,620060,620088,620174,620216,biphasic_negative_positive
112,2425,620314,1723.0944444444444,NORMAL,N,620239,620256,620276,620303,620324,620359,620438,620470,biphasic_negative_positive
112,2426,620577,1723.825,NORMAL,N,,,,620564,620587,620625,620703,620741,biphasic_negative_positive
112,2427,620850,1724.5833333333333,NORMAL,N,,,,620839,620860,620898,620972,620994,biphasic_negative_positive
112,2428,621119,1725.3305555555555,NORMAL,N,621042,621057,621080,621092,621128,621180,621244,621278,biphasic_negative_positive
112,2429,621385,1726.0694444444443,NORMAL,N,621314,621327,621346,621368,621394,621423,621506,621544,biphasic_negative_positive
112,2430,621654,1726.8166666666666,NORMAL,N,,,,621643,621665,621699,621777,621811,biphasic_negative_positive
112,2431,621920,1727.5555555555557,NORMAL,N,,,,621898,621930,621959,622043,622080,biphasic_negative_positive
112,2432,622184,1728.2888888888888,NORMAL,N,,,,622173,622195,622230,622307,622349,biphasic_negative_positive
112,2433,622451,1729.0305555555556,NORMAL,N,,,,622438,622461,622510,622578,622614,biphasic_negative_positive
112,2434,622720,1729.7777777777778,NORMAL,N,622642,622649,622658,622711,622728,622775,622841,622877,biphasic_negative_positive
112,2435,622984,1730.5111111111112,NORMAL,N,,,,622972,622994,623049,623104,623141,biphasic_negative_positive
112,2436,623247,1731.2416666666666,NORMAL,N,623172,623188,623210,623230,623257,623292,623376,623407,biphasic_negative_positive
112,2437,623520,1732.0,NORMAL,N,,,,623506,623529,623569,623642,623683,biphasic_negative_positive
112,2438,623786,1732.7388888888888,NORMAL,N,623709,623726,623750,623769,623796,623881,623907,623946,normal
112,2439,624042,1733.45,NORMAL,N,,,,624023,624052,624079,624170,624199,biphasic_negative_positive
112,2440,624313,1734.2027777777778,NORMAL,N,624238,624254,624276,624289,624323,624372,624435,624478,biphasic_negative_positive
112,2441,624576,1734.9333333333334,NORMAL,N,624500,624518,624538,624563,624587,624612,624700,624733,biphasic_negative_positive
112,2442,624839,1735.6638888888888,NORMAL,N,,,,624826,624848,624885,624963,625001,biphasic_negative_positive
112,2443,625105,1736.4027777777778,NORMAL,N,625028,625045,625067,625091,625115,625162,625228,625260,biphasic_negative_positive
112,2444,625367,1737.1305555555555,NORMAL,N,,,,625352,625377,625409,625494,625522,biphasic_negative_positive
112,2445,625632,1737.8666666666666,NORMAL,N,625556,625573,625595,625608,625642,625680,625753,625795,biphasic_negative_positive
112,2446,625894,1738.5944444444444,NORMAL,N,,,,625883,625905,625936,626024,626071,biphasic_negative_positive
112,2447,626163,1739.3416666666667,NORMAL,N,,,,626150,626171,626211,626286,626327,biphasic_negative_positive
112,2448,626425,1740.0694444444443,NORMAL,N,626348,626367,626387,626412,626435,626478,626546,626574,biphasic_negative_positive
112,2449,626676,1740.7666666666667,NORMAL,N,,,,626663,626685,626728,626804,626838,biphasic_negative_positive
112,2450,626943,1741.5083333333334,NORMAL,N,,,,626930,626953,626980,627065,627095,biphasic_negative_positive
112,2451,627198,1742.2166666666667,NORMAL,N,627124,627140,627160,627179,627208,627250,627325,627352,biphasic_negative_positive
112,2452,627459,1742.9416666666666,NORMAL,N,,,,627443,627468,627519,627579,627606,biphasic_negative_positive
112,2453,627717,1743.6583333333333,NORMAL,N,,,,627706,627727,627773,627845,627874,biphasic_negative_positive
112,2454,627977,1744.3805555555555,NORMAL,N,,,,627960,627987,628012,628098,628137,biphasic_negative_positive
112,2455,628231,1745.0861111111112,NORMAL,N,,,,628222,628241,628274,628354,628389,biphasic_negative_positive
112,2456,628490,1745.8055555555557,NORMAL,N,,,,628477,628499,628543,628615,628653,biphasic_negative_positive
112,2457,628751,1746.5305555555556,NORMAL,N,,,,628728,628761,628800,628875,628912,biphasic_negative_positive
112,2458,629013,1747.2583333333334,NORMAL,N,,,,628993,629022,629066,629136,629171,biphasic_negative_positive
112,2459,629265,1747.9583333333333,NORMAL,N,,,,629254,629275,629332,629390,629421,biphasic_negative_positive
112,2460,629530,1748.6944444444443,NORMAL,N,629454,629470,629493,629510,629538,629580,629651,629688,biphasic_negative_positive
112,2461,629789,1749.4138888888888,NORMAL,N,629713,629730,629751,629776,629799,629847,629913,629946,biphasic_negative_positive
112,2462,630048,1750.1333333333334,NORMAL,N,629948,629971,629989,630038,630058,630091,630173,630204,biphasic_negative_positive
112,2463,630316,1750.8777777777777,NORMAL,N,630242,630256,630276,630301,630326,630363,630442,630482,biphasic_negative_positive
112,2464,630578,1751.6055555555556,NORMAL,N,,,,630567,630588,630620,630702,630741,biphasic_negative_positive
112,2465,630840,1752.3333333333333,NORMAL,N,630767,630781,630803,630820,630850,630892,630961,631001,biphasic_negative_positive
112,2466,631100,1753.0555555555557,NORMAL,N,631022,631039,631060,631082,631110,631201,631228,631259,normal
112,2467,631368,1753.8,NORMAL,N,631294,631310,631332,631359,631377,631410,631492,631520,biphasic_negative_positive
112,2468,631634,1754.5388888888888,NORMAL,N,631559,631574,631594,631611,631644,631685,631756,631789,biphasic_negative_positive
112,2469,631888,1755.2444444444445,NORMAL,N,631816,631831,631858,631864,631898,631926,632015,632046,biphasic_negative_positive
112,2470,632155,1755.986111111111,NORMAL,N,632081,632095,632117,632138,632165,632203,632277,632313,biphasic_negative_positive
112,2471,632414,1756.7055555555555,NORMAL,N,,,,632392,632424,632465,632535,632567,biphasic_negative_positive
112,2472,632673,1757.425,NORMAL,N,632597,632614,632634,632663,632682,632731,632798,632831,biphasic_negative_positive
112,2473,632938,1758.161111111111,NORMAL,N,632861,632879,632903,632929,632949,632995,633066,633100,biphasic_negative_positive
112,2474,633201,1758.8916666666667,NORMAL,N,633125,633143,633166,633192,633211,633258,633325,633360,biphasic_negative_positive
112,2475,633459,1759.6083333333333,NORMAL,N,,,,633447,633469,633518,633580,633613,biphasic_negative_positive
112,2476,633719,1760.3305555555555,NORMAL,N,,,,633707,633729,633775,633849,633876,biphasic_negative_positive
112,2477,633987,1761.075,NORMAL,N,,,,633963,633997,634041,634112,634145,biphasic_negative_positive
112,2478,634248,1761.8,NORMAL,N,634173,634189,634211,634237,634259,634315,634372,634413,biphasic_negative_positive
112,2479,634504,1762.5111111111112,NORMAL,N,,,,634491,634513,634554,634629,634659,biphasic_negative_positive
112,2480,634770,1763.25,NORMAL,N,634695,634712,634730,634755,634780,634830,634892,634923,biphasic_negative_positive
112,2481,635030,1763.9722222222222,NORMAL,N,634949,634955,634969,635020,635040,635124,635156,635187,normal
112,2482,635292,1764.7,NORMAL,N,,,,635275,635302,635325,635417,635452,biphasic_negative_positive
112,2483,635558,1765.4388888888889,NORMAL,N,635480,635496,635524,635547,635570,635610,635686,635725,biphasic_negative_positive
112,2484,635823,1766.175,NORMAL,N,,,,635812,635831,635877,635946,635984,biphasic_negative_positive
112,2485,636082,1766.8944444444444,NORMAL,N,,,,636054,636092,636178,636202,636221,normal
112,2486,636343,1767.6194444444445,NORMAL,N,636266,636283,636305,636328,636353,636401,636474,636510,biphasic_negative_positive
112,2487,636612,1768.3666666666666,NORMAL,N,636533,636538,636553,636602,636622,636654,636735,636760,biphasic_negative_positive
112,2488,636873,1769.0916666666667,NORMAL,N,,,,636857,636882,636918,636996,637032,biphasic_negative_positive
112,2489,637130,1769.8055555555557,NORMAL,N,,,,637118,637139,637173,637252,637294,biphasic_negative_positive
112,2490,637394,1770.5388888888888,NORMAL,N,637316,637323,637332,637384,637404,637438,637517,637543,biphasic_negative_positive
112,2491,637656,1771.2666666666667,NORMAL,N,637579,637586,637594,637647,637665,637702,637778,637812,biphasic_negative_positive
112,2492,637917,1771.9916666666666,NORMAL,N,637843,637858,637880,637890,637927,637963,638041,638075,biphasic_negative_positive
112,2493,638183,1772.7305555555556,NORMAL,N,638106,638122,638147,638165,638193,638229,638310,638345,biphasic_negative_positive
112,2494,638448,1773.4666666666667,NORMAL,N,638373,638388,638416,638437,638457,638485,638570,638607,biphasic_negative_positive
112,2495,638706,1774.1833333333334,NORMAL,N,,,,638693,638716,638754,638829,638859,biphasic_negative_positive
112,2496,638969,1774.9138888888888,NORMAL,N,638894,638909,638930,638959,638979,639020,639100,639135,biphasic_negative_positive
112,2497,639237,1775.6583333333333,NORMAL,N,639161,639178,639200,639222,639247,639286,639360,639401,biphasic_negative_positive
112,2498,639498,1776.3833333333334,NORMAL,N,639423,639438,639461,639487,639508,639547,639621,639648,biphasic_negative_positive
112,2499,639751,1777.0861111111112,NORMAL,N,639680,639695,639713,639738,639761,639800,639876,639904,biphasic_negative_positive
112,2500,640015,1777.8194444444443,NORMAL,N,639939,639956,639978,640002,640025,640060,640138,640168,biphasic_negative_positive
112,2501,640275,1778.5416666666667,NORMAL,N,640197,640198,640212,640265,640284,640327,640398,640432,biphasic_negative_positive
112,2502,640530,1779.25,NORMAL,N,,,,640519,640541,640574,640654,640694,biphasic_negative_positive
112,2503,640793,1779.9805555555556,NORMAL,N,640726,640731,640755,640781,640802,640835,640920,640949,biphasic_negative_positive
112,2504,641051,1780.6972222222223,NORMAL,N,640972,640979,640992,641023,641060,641085,641173,641210,biphasic_negative_positive
112,2505,641307,1781.4083333333333,NORMAL,N,641228,641231,641245,641296,641316,641348,641428,641464,biphasic_negative_positive
112,2506,641560,1782.111111111111,NORMAL,N,641486,641501,641525,641540,641571,641607,641690,641717,biphasic_negative_positive
112,2507,641829,1782.8583333333333,NORMAL,N,,,,641815,641838,641868,641949,641983,biphasic_negative_positive
112,2508,642084,1783.5666666666666,NORMAL,N,642010,642025,642048,642068,642094,642139,642207,642234,biphasic_negative_positive
112,2509,642339,1784.275,NORMAL,N,642262,642270,642282,642330,642347,642383,642458,642497,biphasic_negative_positive
112,2510,642598,1784.9944444444445,NORMAL,N,642521,642537,642560,642583,642608,642647,642722,642754,biphasic_negative_positive
112,2511,642856,1785.7111111111112,NORMAL,N,642776,642784,642794,642844,642865,642902,642980,643010,biphasic_negative_positive
112,2512,643114,1786.4277777777777,NORMAL,N,643038,643054,643073,643099,643124,643161,643237,643268,biphasic_negative_positive
112,2513,643374,1787.15,NORMAL,N,,,,643364,643384,643424,643502,643535,biphasic_negative_positive
112,2514,643640,1787.888888888889,NORMAL,N,643560,643564,643580,643629,643650,643680,643763,643804,biphasic_negative_positive
112,2515,643897,1788.6027777777779,NORMAL,N,,,,643869,643907,643936,644023,644046,biphasic_negative_positive
112,2516,644156,1789.3222222222223,NORMAL,N,644091,644096,644118,644145,644166,644194,644284,644323,biphasic_negative_positive
112,2517,644425,1790.0694444444443,NORMAL,N,644348,644364,644388,644407,644435,644463,644548,644583,biphasic_negative_positive
112,2518,644685,1790.7916666666667,NORMAL,N,644610,644626,644650,644676,644693,644733,644809,644839,biphasic_negative_positive
112,2519,644943,1791.5083333333334,NORMAL,N,644871,644886,644908,644930,644952,644998,645061,645104,biphasic_negative_positive
112,2520,645200,1792.2222222222222,NORMAL,N,645125,645140,645162,645177,645210,645241,645326,645356,biphasic_negative_positive
112,2521,645458,1792.9388888888889,NORMAL,N,645385,645400,645420,645440,645467,645505,645578,645613,biphasic_negative_positive
112,2522,645714,1793.65,NORMAL,N,645638,645654,645680,645703,645723,645758,645836,645873,biphasic_negative_positive
112,2523,645974,1794.3722222222223,NORMAL,N,645900,645915,645934,645958,645985,646071,646104,646139,normal
112,2524,646239,1795.1083333333333,NORMAL,N,646162,646169,646178,646212,646250,646291,646361,646390,biphasic_negative_positive
112,2525,646495,1795.8194444444443,NORMAL,N,,,,646485,646505,646536,646617,646643,biphasic_negative_positive
112,2526,646751,1796.5305555555556,NORMAL,N,646677,646694,646716,646739,646761,646802,646875,646908,biphasic_negative_positive
112,2527,647018,1797.2722222222221,NORMAL,N,,,,647003,647027,647068,647144,647180,biphasic_negative_positive
112,2528,647277,1797.9916666666666,NORMAL,N,647204,647219,647242,647266,647288,647317,647402,647441,biphasic_negative_positive
112,2529,647540,1798.7222222222222,NORMAL,N,647465,647479,647503,647530,647549,647593,647661,647696,biphasic_negative_positive
112,2530,647798,1799.4388888888889,NORMAL,N,,,,647783,647808,647834,647925,647958,biphasic_negative_positive
112,2531,648060,1800.1666666666667,NORMAL,N,,,,648037,648069,648099,648184,648213,biphasic_negative_positive
112,2532,648320,1800.888888888889,NORMAL,N,648255,648259,648280,648309,648330,648384,648444,648477,biphasic_negative_positive
112,2533,648582,1801.6166666666666,NORMAL,N,648508,648523,648547,648563,648593,648635,648709,648744,biphasic_negative_positive
112,2534,648848,1802.3555555555556,NORMAL,N,648782,648787,648809,648838,648857,648903,648971,649004,biphasic_negative_positive
112,2535,649105,1803.0694444444443,NORMAL,N,649031,649047,649068,649091,649115,649135,649228,649258,biphasic_negative_positive
112,2536,649362,1803.7833333333333,NORMAL,N,649286,649303,649331,649353,649371,649420,649488,649510,biphasic_negative_positive
112,2537,649626,1804.5166666666667,NORMAL,N,649549,649565,649586,649608,649637,649671,649750,649797,biphasic_negative_positive
