record,sample,time_seconds,annotation_code,annotation,symbol,description,event,wave,subtype,channel,number,aux
121,93,0.25833333333333336,39,WFON,(,Waveform onset,p_onset,p,0,0,0,
121,122,0.3388888888888889,24,PWAVE,p,P-wave peak,p_peak,p,0,0,0,
121,134,0.37222222222222223,40,WFOFF,),Waveform end,p_offset,p,0,0,0,
121,136,0.37777777777777777,39,WFON,(,Waveform onset,qrs_onset,qrs,0,0,1,
121,165,0.4583333333333333,1,NORMAL,N,Normal beat,qrs_peak,qrs,0,0,0,
121,180,0.5,40,WFOFF,),Waveform end,qrs_offset,qrs,0,0,1,
121,223,0.6194444444444445,39,WFON,(,Waveform onset,t_onset,t,0,0,2,
121,257,0.7138888888888889,27,TWAVE,t,T-wave peak,t_peak,t,0,0,5,
121,355,0.9861111111111112,27,TWAVE,t,T-wave peak,t_peak,t,0,0,5,
121,397,1.1027777777777779,40,WFOFF,),Waveform end,t_offset,t,0,0,2,
121,443,1.2305555555555556,39,WFON,(,Waveform onset,p_onset,p,0,0,0,
121,466,1.2944444444444445,24,PWAVE,p,P-wave peak,p_peak,p,0,0,0,
121,482,1.3388888888888888,40,WFOFF,),Waveform end,p_offset,p,0,0,0,
121,485,1.3472222222222223,39,WFON,(,Waveform onset,qrs_onset,qrs,0,0,1,
121,514,1.4277777777777778,1,NORMAL,N,Normal beat,qrs_peak,qrs,0,0,0,
121,529,1.4694444444444446,40,WFOFF,),Waveform end,qrs_offset,qrs,0,0,1,
121,566,1.5722222222222222,39,WFON,(,Waveform onset,t_onset,t,0,0,2,
121,603,1.675,27,TWAVE,t,T-wave peak,t_peak,t,0,0,5,
121,693,1.925,27,TWAVE,t,T-wave peak,t_peak,t,0,0,5,
121,707,1.9638888888888888,40,WFOFF,),Waveform end,t_offset,t,0,0,2,
121,803,2.2305555555555556,39,WFON,(,Waveform onset,p_onset,p,0,0,0,
121,816,2.2666666666666666,24,PWAVE,p,P-wave peak,p_peak,p,0,0,0,
121,840,2.3333333333333335,40,WFOFF,),Waveform end,p_offset,p,0,0,0,
121,844,2.3444444444444446,39,WFON,(,Waveform onset,qrs_onset,qrs,0,0,1,
121,875,2.4305555555555554,1,NORMAL,N,Normal beat,qrs_peak,qrs,0,0,0,
121,898,2.4944444444444445,40,WFOFF,),Waveform end,qrs_offset,qrs,0,0,1,
121,929,2.5805555555555557,39,WFON,(,Waveform onset,t_onset,t,0,0,2,
121,966,2.683333333333333,27,TWAVE,t,T-wave peak,t_peak,t,0,0,5,
121,1067,2.963888888888889,27,TWAVE,t,T-wave peak,t_peak,t,0,0,5,
121,1098,3.05,40,WFOFF,),Waveform end,t_offset,t,0,0,2,
121,1145,3.1805555555555554,39,WFON,(,Waveform onset,p_onset,p,0,0,0,
121,1169,3.2472222222222222,24,PWAVE,p,P-wave peak,p_peak,p,0,0,0,
121,1185,3.2916666666666665,40,WFOFF,),Waveform end,p_offset,p,0,0,0,
121,1192,3.311111111111111,39,WFON,(,Waveform onset,qrs_onset,qrs,0,0,1,
121,1218,3.3833333333333333,1,NORMAL,N,Normal beat,qrs_peak,qrs,0,0,0,
121,1234,3.4277777777777776,40,WFOFF,),Waveform end,qrs_offset,qrs,0,0,1,
121,1283,3.563888888888889,39,WFON,(,Waveform onset,t_onset,t,0,0,2,
121,1307,3.6305555555555555,27,TWAVE,t,T-wave peak,t_peak,t,0,0,5,
121,1398,3.8833333333333333,27,TWAVE,t,T-wave peak,t_peak,t,0,0,5,
121,1434,3.9833333333333334,40,WFOFF,),Waveform end,t_offset,t,0,0,2,
121,1501,4.169444444444444,39,WFON,(,Waveform onset,p_onset,p,0,0,0,
121,1523,4.230555555555555,24,PWAVE,p,P-wave peak,p_peak,p,0,0,0,
121,1538,4.272222222222222,40,WFOFF,),Waveform end,p_offset,p,0,0,0,
121,1541,4.280555555555556,39,WFON,(,Waveform onset,qrs_onset,qrs,0,0,1,
121,1569,4.358333333333333,1,NORMAL,N,Normal beat,qrs_peak,qrs,0,0,0,
121,1586,4.405555555555556,40,WFOFF,),Waveform end,qrs_offset,qrs,0,0,1,
121,1611,4.475,39,WFON,(,Waveform onset,t_onset,t,0,0,2,
121,1652,4.588888888888889,27,TWAVE,t,T-wave peak,t_peak,t,0,0,5,
121,1762,4.894444444444445,27,TWAVE,t,T-wave peak,t_peak,t,0,0,5,
121,1775,4.930555555555555,40,WFOFF,),Waveform end,t_offset,t,0,0,2,
121,1853,5.147222222222222,39,WFON,(,Waveform onset,p_onset,p,0,0,0,
121,1874,5.205555555555556,24,PWAVE,p,P-wave peak,p_peak,p,0,0,0,
121,1891,5.252777777777778,40,WFOFF,),Waveform end,p_offset,p,0,0,0,
121,1899,5.275,39,WFON,(,Waveform onset,qrs_onset,qrs,0,0,1,
121,1925,5.347222222222222,1,NORMAL,N,Normal beat,qrs_peak,qrs,0,0,0,
121,1942,5.394444444444445,40,WFOFF,),Waveform end,qrs_offset,qrs,0,0,1,
121,1953,5.425,39,WFON,(,Waveform onset,t_onset,t,0,0,2,
121,2015,5.597222222222222,27,TWAVE,t,T-wave peak,t_peak,t,0,0,5,
121,2057,5.713888888888889,27,TWAVE,t,T-wave peak,t_peak,t,0,0,5,
121,2069,5.747222222222222,40,WFOFF,),Waveform end,t_offset,t,0,0,2,
121,2211,6.141666666666667,39,WFON,(,Waveform onset,p_onset,p,0,0,0,
121,2241,6.225,24,PWAVE,p,P-wave peak,p_peak,p,0,0,0,
121,2250,6.25,40,WFOFF,),Waveform end,p_offset,p,0,0,0,
121,2260,6.277777777777778,39,WFON,(,Waveform onset,qrs_onset,qrs,0,0,1,
121,2281,6.336111111111111,1,NORMAL,N,Normal beat,qrs_peak,qrs,0,0,0,
121,2298,6.383333333333334,40,WFOFF,),Waveform end,qrs_offset,qrs,0,0,1,
121,2330,6.472222222222222,39,WFON,(,Waveform onset,t_onset,t,0,0,2,
121,2374,6.594444444444444,27,TWAVE,t,T-wave peak,t_peak,t,0,0,5,
121,2471,6.863888888888889,27,TWAVE,t,T-wave peak,t_peak,t,0,0,5,
121,2517,6.991666666666666,40,WFOFF,),Waveform end,t_offset,t,0,0,2,
121,2572,7.144444444444445,39,WFON,(,Waveform onset,p_onset,p,0,0,0,
121,2595,7.208333333333333,24,PWAVE,p,P-wave peak,p_peak,p,0,0,0,
121,2612,7.2555555555555555,40,WFOFF,),Waveform end,p_offset,p,0,0,0,
121,2619,7.275,39,WFON,(,Waveform onset,qrs_onset,qrs,0,0,1,
121,2642,7.338888888888889,1,NORMAL,N,Normal beat,qrs_peak,qrs,0,0,0,
121,2657,7.3805555555555555,40,WFOFF,),Waveform end,qrs_offset,qrs,0,0,1,
121,2700,7.5,39,WFON,(,Waveform onset,t_onset,t,0,0,2,
121,2733,7.591666666666667,27,TWAVE,t,T-wave peak,t_peak,t,0,0,5,
121,2826,7.85,27,TWAVE,t,T-wave peak,t_peak,t,0,0,5,
121,2888,8.022222222222222,40,WFOFF,),Waveform end,t_offset,t,0,0,2,
121,2940,8.166666666666666,39,WFON,(,Waveform onset,p_onset,p,0,0,0,
121,2960,8.222222222222221,24,PWAVE,p,P-wave peak,p_peak,p,0,0,0,
121,2980,8.277777777777779,40,WFOFF,),Waveform end,p_offset,p,0,0,0,
121,2981,8.280555555555555,39,WFON,(,Waveform onset,qrs_onset,qrs,0,0,1,
121,3012,8.366666666666667,1,NORMAL,N,Normal beat,qrs_peak,qrs,0,0,0,
121,3028,8.411111111111111,40,WFOFF,),Waveform end,qrs_offset,qrs,0,0,1,
121,3078,8.55,39,WFON,(,Waveform onset,t_onset,t,0,0,2,
121,3106,8.627777777777778,27,TWAVE,t,T-wave peak,t_peak,t,0,0,5,
121,3231,8.975,27,TWAVE,t,T-wave peak,t_peak,t,0,0,5,
121,3265,9.069444444444445,40,WFOFF,),Waveform end,t_offset,t,0,0,2,
121,3310,9.194444444444445,39,WFON,(,Waveform onset,p_onset,p,0,0,0,
121,3329,9.247222222222222,24,PWAVE,p,P-wave peak,p_peak,p,0,0,0,
121,3349,9.302777777777777,40,WFOFF,),Waveform end,p_offset,p,0,0,0,
121,3353,9.313888888888888,39,WFON,(,Waveform onset,qrs_onset,qrs,0,0,1,
121,3381,9.391666666666667,1,NORMAL,N,Normal beat,qrs_peak,qrs,0,0,0,
121,3396,9.433333333333334,40,WFOFF,),Waveform end,qrs_offset,qrs,0,0,1,
121,3409,9.469444444444445,39,WFON,(,Waveform onset,t_onset,t,0,0,2,
121,3474,9.65,27,TWAVE,t,T-wave peak,t_peak,t,0,0,5,
121,3558,9.883333333333333,27,TWAVE,t,T-wave peak,t_peak,t,0,0,5,
121,3598,9.994444444444444,40,WFOFF,),Waveform end,t_offset,t,0,0,2,
121,3669,10.191666666666666,39,WFON,(,Waveform onset,p_onset,p,0,0,0,
121,3693,10.258333333333333,24,PWAVE,p,P-wave peak,p_peak,p,0,0,0,
121,3708,10.3,40,WFOFF,),Waveform end,p_offset,p,0,0,0,
121,3714,10.316666666666666,39,WFON,(,Waveform onset,qrs_onset,qrs,0,0,1,
121,3741,10.391666666666667,1,NORMAL,N,Normal beat,qrs_peak,qrs,0,0,0,
121,3757,10.436111111111112,40,WFOFF,),Waveform end,qrs_offset,qrs,0,0,1,
121,3798,10.55,39,WFON,(,Waveform onset,t_onset,t,0,0,2,
121,3834,10.65,27,TWAVE,t,T-wave peak,t_peak,t,0,0,5,
121,3951,10.975,27,TWAVE,t,T-wave peak,t_peak,t,0,0,5,
121,3970,11.027777777777779,40,WFOFF,),Waveform end,t_offset,t,0,0,2,
121,4039,11.219444444444445,39,WFON,(,Waveform onset,p_onset,p,0,0,0,
121,4062,11.283333333333333,24,PWAVE,p,P-wave peak,p_peak,p,0,0,0,
121,4078,11.327777777777778,40,WFOFF,),Waveform end,p_offset,p,0,0,0,
121,4084,11.344444444444445,39,WFON,(,Waveform onset,qrs_onset,qrs,0,0,1,
121,4113,11.425,1,NORMAL,N,Normal beat,qrs_peak,qrs,0,0,0,
121,4128,11.466666666666667,40,WFOFF,),Waveform end,qrs_offset,qrs,0,0,1,
121,4151,11.530555555555555,39,WFON,(,Waveform onset,t_onset,t,0,0,2,
121,4193,11.647222222222222,27,TWAVE,t,T-wave peak,t_peak,t,0,0,5,
121,4303,11.952777777777778,27,TWAVE,t,T-wave peak,t_peak,t,0,0,5,
121,4344,12.066666666666666,40,WFOFF,),Waveform end,t_offset,t,0,0,2,
121,4393,12.202777777777778,39,WFON,(,Waveform onset,p_onset,p,0,0,0,
121,4413,12.258333333333333,24,PWAVE,p,P-wave peak,p_peak,p,0,0,0,
121,4432,12.311111111111112,40,WFOFF,),Waveform end,p_offset,p,0,0,0,
121,4442,12.338888888888889,39,WFON,(,Waveform onset,qrs_onset,qrs,0,0,1,
121,4463,12.397222222222222,1,NORMAL,N,Normal beat,qrs_peak,qrs,0,0,0,
121,4487,12.463888888888889,40,WFOFF,),Waveform end,qrs_offset,qrs,0,0,1,
121,4512,12.533333333333333,39,WFON,(,Waveform onset,t_onset,t,0,0,2,
121,4557,12.658333333333333,27,TWAVE,t,T-wave peak,t_peak,t,0,0,5,
121,4625,12.847222222222221,27,TWAVE,t,T-wave peak,t_peak,t,0,0,5,
121,4640,12.88888888888889,40,WFOFF,),Waveform end,t_offset,t,0,0,2,
121,4748,13.188888888888888,39,WFON,(,Waveform onset,p_onset,p,0,0,0,
121,4774,13.261111111111111,24,PWAVE,p,P-wave peak,p_peak,p,0,0,0,
121,4787,13.297222222222222,40,WFOFF,),Waveform end,p_offset,p,0,0,0,
121,4793,13.313888888888888,39,WFON,(,Waveform onset,qrs_onset,qrs,0,0,1,
121,4822,13.394444444444444,1,NORMAL,N,Normal beat,qrs_peak,qrs,0,0,0,
121,4846,13.46111111111111,40,WFOFF,),Waveform end,qrs_offset,qrs,0,0,1,
121,5118,14.216666666666667,39,WFON,(,Waveform onset,p_onset,p,0,0,0,
121,5136,14.266666666666667,24,PWAVE,p,P-wave peak,p_peak,p,0,0,0,
121,5156,14.322222222222223,40,WFOFF,),Waveform end,p_offset,p,0,0,0,
121,5164,14.344444444444445,39,WFON,(,Waveform onset,qrs_onset,qrs,0,0,1,
121,5189,14.41388888888889,1,NORMAL,N,Normal beat,qrs_peak,qrs,0,0,0,
121,5208,14.466666666666667,40,WFOFF,),Waveform end,qrs_offset,qrs,0,0,1,
121,5247,14.575,39,WFON,(,Waveform onset,t_onset,t,0,0,2,
121,5277,14.658333333333333,27,TWAVE,t,T-wave peak,t_peak,t,0,0,0,
121,5331,14.808333333333334,40,WFOFF,),Waveform end,t_offset,t,0,0,2,
121,5472,15.2,39,WFON,(,Waveform onset,p_onset,p,0,0,0,
121,5498,15.272222222222222,24,PWAVE,p,P-wave peak,p_peak,p,0,0,0,
121,5508,15.3,40,WFOFF,),Waveform end,p_offset,p,0,0,0,
121,5514,15.316666666666666,39,WFON,(,Waveform onset,qrs_onset,qrs,0,0,1,
121,5544,15.4,1,NORMAL,N,Normal beat,qrs_peak,qrs,0,0,0,
121,5559,15.441666666666666,40,WFOFF,),Waveform end,qrs_offset,qrs,0,0,1,
121,5609,15.580555555555556,39,WFON,(,Waveform onset,t_onset,t,0,0,2,
121,5638,15.661111111111111,27,TWAVE,t,T-wave peak,t_peak,t,0,0,5,
121,5717,15.880555555555556,27,TWAVE,t,T-wave peak,t_peak,t,0,0,5,
121,5745,15.958333333333334,40,WFOFF,),Waveform end,t_offset,t,0,0,2,
121,5831,16.197222222222223,39,WFON,(,Waveform onset,p_onset,p,0,0,0,
121,5848,16.244444444444444,24,PWAVE,p,P-wave peak,p_peak,p,0,0,0,
121,5869,16.302777777777777,40,WFOFF,),Waveform end,p_offset,p,0,0,0,
121,5875,16.319444444444443,39,WFON,(,Waveform onset,qrs_onset,qrs,0,0,1,
121,5902,16.394444444444446,1,NORMAL,N,Normal beat,qrs_peak,qrs,0,0,0,
121,5917,16.43611111111111,40,WFOFF,),Waveform end,qrs_offset,qrs,0,0,1,
121,5944,16.511111111111113,39,WFON,(,Waveform onset,t_onset,t,0,0,2,
121,5998,16.66111111111111,27,TWAVE,t,T-wave peak,t_peak,t,0,0,5,
121,6089,16.913888888888888,27,TWAVE,t,T-wave peak,t_peak,t,0,0,5,
121,6106,16.961111111111112,40,WFOFF,),Waveform end,t_offset,t,0,0,2,
121,6196,17.211111111111112,39,WFON,(,Waveform onset,p_onset,p,0,0,0,
121,6216,17.266666666666666,24,PWAVE,p,P-wave peak,p_peak,p,0,0,0,
121,6232,17.31111111111111,40,WFOFF,),Waveform end,p_offset,p,0,0,0,
121,6236,17.322222222222223,39,WFON,(,Waveform onset,qrs_onset,qrs,0,0,1,
121,6266,17.405555555555555,1,NORMAL,N,Normal beat,qrs_peak,qrs,0,0,0,
121,6280,17.444444444444443,40,WFOFF,),Waveform end,qrs_offset,qrs,0,0,1,
121,6329,17.580555555555556,39,WFON,(,Waveform onset,t_onset,t,0,0,2,
121,6358,17.66111111111111,27,TWAVE,t,T-wave peak,t_peak,t,0,0,5,
121,6437,17.880555555555556,27,TWAVE,t,T-wave peak,t_peak,t,0,0,5,
121,6463,17.95277777777778,40,WFOFF,),Waveform end,t_offset,t,0,0,2,
121,6556,18.211111111111112,39,WFON,(,Waveform onset,p_onset,p,0,0,0,
121,6571,18.252777777777776,24,PWAVE,p,P-wave peak,p_peak,p,0,0,0,
121,6593,18.31388888888889,40,WFOFF,),Waveform end,p_offset,p,0,0,0,
121,6596,18.322222222222223,39,WFON,(,Waveform onset,qrs_onset,qrs,0,0,1,
121,6626,18.405555555555555,1,NORMAL,N,Normal beat,qrs_peak,qrs,0,0,0,
121,6648,18.466666666666665,40,WFOFF,),Waveform end,qrs_offset,qrs,0,0,1,
121,6698,18.605555555555554,39,WFON,(,Waveform onset,t_onset,t,0,0,2,
121,6720,18.666666666666668,27,TWAVE,t,T-wave peak,t_peak,t,0,0,5,
121,6793,18.869444444444444,27,TWAVE,t,T-wave peak,t_peak,t,0,0,5,
121,6831,18.975,40,WFOFF,),Waveform end,t_offset,t,0,0,2,
121,6914,19.205555555555556,39,WFON,(,Waveform onset,p_onset,p,0,0,0,
121,6934,19.261111111111113,24,PWAVE,p,P-wave peak,p_peak,p,0,0,0,
121,6952,19.31111111111111,40,WFOFF,),Waveform end,p_offset,p,0,0,0,
121,6955,19.319444444444443,39,WFON,(,Waveform onset,qrs_onset,qrs,0,0,1,
121,6985,19.40277777777778,1,NORMAL,N,Normal beat,qrs_peak,qrs,0,0,0,
121,7001,19.447222222222223,40,WFOFF,),Waveform end,qrs_offset,qrs,0,0,1,
121,7049,19.580555555555556,39,WFON,(,Waveform onset,t_onset,t,0,0,2,
121,7079,19.663888888888888,27,TWAVE,t,T-wave peak,t_peak,t,0,0,5,
121,7165,19.90277777777778,27,TWAVE,t,T-wave peak,t_peak,t,0,0,5,
121,7222,20.06111111111111,40,WFOFF,),Waveform end,t_offset,t,0,0,2,
121,7272,20.2,39,WFON,(,Waveform onset,p_onset,p,0,0,0,
121,7292,20.255555555555556,24,PWAVE,p,P-wave peak,p_peak,p,0,0,0,
121,7311,20.308333333333334,40,WFOFF,),Waveform end,p_offset,p,0,0,0,
121,7315,20.319444444444443,39,WFON,(,Waveform onset,qrs_onset,qrs,0,0,1,
121,7344,20.4,1,NORMAL,N,Normal beat,qrs_peak,qrs,0,0,0,
121,7369,20.469444444444445,40,WFOFF,),Waveform end,qrs_offset,qrs,0,0,1,
121,7410,20.583333333333332,39,WFON,(,Waveform onset,t_onset,t,0,0,2,
121,7436,20.655555555555555,27,TWAVE,t,T-wave peak,t_peak,t,0,0,5,
121,7554,20.983333333333334,27,TWAVE,t,T-wave peak,t_peak,t,0,0,5,
121,7575,21.041666666666668,40,WFOFF,),Waveform end,t_offset,t,0,0,2,
121,7629,21.191666666666666,39,WFON,(,Waveform onset,p_onset,p,0,0,0,
121,7652,21.255555555555556,24,PWAVE,p,P-wave peak,p_peak,p,0,0,0,
121,7665,21.291666666666668,40,WFOFF,),Waveform end,p_offset,p,0,0,0,
121,7674,21.316666666666666,39,WFON,(,Waveform onset,qrs_onset,qrs,0,0,1,
121,7699,21.386111111111113,1,NORMAL,N,Normal beat,qrs_peak,qrs,0,0,0,
121,7713,21.425,40,WFOFF,),Waveform end,qrs_offset,qrs,0,0,1,
121,7767,21.575,39,WFON,(,Waveform onset,t_onset,t,0,0,2,
121,7788,21.633333333333333,27,TWAVE,t,T-wave peak,t_peak,t,0,0,0,
121,7841,21.780555555555555,40,WFOFF,),Waveform end,t_offset,t,0,0,2,
121,7975,22.15277777777778,39,WFON,(,Waveform onset,p_onset,p,0,0,0,
121,8001,22.225,24,PWAVE,p,P-wave peak,p_peak,p,0,0,0,
121,8015,22.26388888888889,40,WFOFF,),Waveform end,p_offset,p,0,0,0,
121,8023,22.28611111111111,39,WFON,(,Waveform onset,qrs_onset,qrs,0,0,1,
121,8049,22.358333333333334,1,NORMAL,N,Normal beat,qrs_peak,qrs,0,0,0,
121,8063,22.397222222222222,40,WFOFF,),Waveform end,qrs_offset,qrs,0,0,1,
121,8116,22.544444444444444,39,WFON,(,Waveform onset,t_onset,t,0,0,2,
121,8139,22.608333333333334,27,TWAVE,t,T-wave peak,t_peak,t,0,0,5,
121,8224,22.844444444444445,27,TWAVE,t,T-wave peak,t_peak,t,0,0,5,
121,8240,22.88888888888889,40,WFOFF,),Waveform end,t_offset,t,0,0,2,
121,8326,23.127777777777776,39,WFON,(,Waveform onset,p_onset,p,0,0,0,
121,8351,23.197222222222223,24,PWAVE,p,P-wave peak,p_peak,p,0,0,0,
121,8364,23.233333333333334,40,WFOFF,),Waveform end,p_offset,p,0,0,0,
121,8370,23.25,39,WFON,(,Waveform onset,qrs_onset,qrs,0,0,1,
121,8399,23.330555555555556,1,NORMAL,N,Normal beat,qrs_peak,qrs,0,0,0,
121,8413,23.369444444444444,40,WFOFF,),Waveform end,qrs_offset,qrs,0,0,1,
121,8468,23.522222222222222,39,WFON,(,Waveform onset,t_onset,t,0,0,2,
121,8490,23.583333333333332,27,TWAVE,t,T-wave peak,t_peak,t,0,0,5,
121,8574,23.816666666666666,27,TWAVE,t,T-wave peak,t_peak,t,0,0,5,
121,8616,23.933333333333334,40,WFOFF,),Waveform end,t_offset,t,0,0,2,
121,8681,24.113888888888887,39,WFON,(,Waveform onset,p_onset,p,0,0,0,
121,8702,24.17222222222222,24,PWAVE,p,P-wave peak,p_peak,p,0,0,0,
121,8718,24.216666666666665,40,WFOFF,),Waveform end,p_offset,p,0,0,0,
121,8721,24.225,39,WFON,(,Waveform onset,qrs_onset,qrs,0,0,1,
121,8749,24.302777777777777,1,NORMAL,N,Normal beat,qrs_peak,qrs,0,0,0,
121,8763,24.341666666666665,40,WFOFF,),Waveform end,qrs_offset,qrs,0,0,1,
121,8812,24.477777777777778,39,WFON,(,Waveform onset,t_onset,t,0,0,2,
121,8836,24.544444444444444,27,TWAVE,t,T-wave peak,t_peak,t,0,0,5,
121,8934,24.816666666666666,27,TWAVE,t,T-wave peak,t_peak,t,0,0,5,
121,8971,24.919444444444444,40,WFOFF,),Waveform end,t_offset,t,0,0,2,
121,9031,25.086111111111112,39,WFON,(,Waveform onset,p_onset,p,0,0,0,
121,9048,25.133333333333333,24,PWAVE,p,P-wave peak,p_peak,p,0,0,0,
121,9069,25.191666666666666,40,WFOFF,),Waveform end,p_offset,p,0,0,0,
121,9070,25.194444444444443,39,WFON,(,Waveform onset,qrs_onset,qrs,0,0,1,
121,9102,25.283333333333335,1,NORMAL,N,Normal beat,qrs_peak,qrs,0,0,0,
121,9117,25.325,40,WFOFF,),Waveform end,qrs_offset,qrs,0,0,1,
121,9174,25.483333333333334,39,WFON,(,Waveform onset,t_onset,t,0,0,2,
121,9192,25.533333333333335,27,TWAVE,t,T-wave peak,t_peak,t,0,0,5,
121,9315,25.875,27,TWAVE,t,T-wave peak,t_peak,t,0,0,5,
121,9338,25.93888888888889,40,WFOFF,),Waveform end,t_offset,t,0,0,2,
121,9381,26.058333333333334,39,WFON,(,Waveform onset,p_onset,p,0,0,0,
121,9403,26.119444444444444,24,PWAVE,p,P-wave peak,p_peak,p,0,0,0,
121,9419,26.163888888888888,40,WFOFF,),Waveform end,p_offset,p,0,0,0,
121,9428,26.18888888888889,39,WFON,(,Waveform onset,qrs_onset,qrs,0,0,1,
121,9451,26.252777777777776,1,NORMAL,N,Normal beat,qrs_peak,qrs,0,0,0,
121,9467,26.29722222222222,40,WFOFF,),Waveform end,qrs_offset,qrs,0,0,1,
121,9528,26.466666666666665,39,WFON,(,Waveform onset,t_onset,t,0,0,2,
121,9542,26.505555555555556,27,TWAVE,t,T-wave peak,t_peak,t,0,0,5,
121,9643,26.78611111111111,27,TWAVE,t,T-wave peak,t_peak,t,0,0,5,
121,9657,26.825,40,WFOFF,),Waveform end,t_offset,t,0,0,2,
121,9728,27.022222222222222,39,WFON,(,Waveform onset,p_onset,p,0,0,0,
121,9753,27.091666666666665,24,PWAVE,p,P-wave peak,p_peak,p,0,0,0,
121,9765,27.125,40,WFOFF,),Waveform end,p_offset,p,0,0,0,
121,9775,27.15277777777778,39,WFON,(,Waveform onset,qrs_onset,qrs,0,0,1,
121,9797,27.21388888888889,1,NORMAL,N,Normal beat,qrs_peak,qrs,0,0,0,
121,9813,27.258333333333333,40,WFOFF,),Waveform end,qrs_offset,qrs,0,0,1,
121,9820,27.27777777777778,39,WFON,(,Waveform onset,t_onset,t,0,0,2,
121,9889,27.469444444444445,27,TWAVE,t,T-wave peak,t_peak,t,0,0,0,
121,9931,27.586111111111112,40,WFOFF,),Waveform end,t_offset,t,0,0,2,
121,10088,28.022222222222222,39,WFON,(,Waveform onset,p_onset,p,0,0,0,
121,10113,28.091666666666665,24,PWAVE,p,P-wave peak,p_peak,p,0,0,0,
121,10125,28.125,40,WFOFF,),Waveform end,p_offset,p,0,0,0,
121,10136,28.155555555555555,39,WFON,(,Waveform onset,qrs_onset,qrs,0,0,1,
121,10161,28.225,1,NORMAL,N,Normal beat,qrs_peak,qrs,0,0,0,
121,10175,28.26388888888889,40,WFOFF,),Waveform end,qrs_offset,qrs,0,0,1,
121,10194,28.316666666666666,39,WFON,(,Waveform onset,t_onset,t,0,0,2,
121,10249,28.469444444444445,27,TWAVE,t,T-wave peak,t_peak,t,0,0,5,
121,10349,28.747222222222224,27,TWAVE,t,T-wave peak,t_peak,t,0,0,5,
121,10373,28.81388888888889,40,WFOFF,),Waveform end,t_offset,t,0,0,2,
121,10441,29.002777777777776,39,WFON,(,Waveform onset,p_onset,p,0,0,0,
121,10464,29.066666666666666,24,PWAVE,p,P-wave peak,p_peak,p,0,0,0,
121,10481,29.113888888888887,40,WFOFF,),Waveform end,p_offset,p,0,0,0,
121,10486,29.127777777777776,39,WFON,(,Waveform onset,qrs_onset,qrs,0,0,1,
121,10512,29.2,1,NORMAL,N,Normal beat,qrs_peak,qrs,0,0,0,
121,10528,29.244444444444444,40,WFOFF,),Waveform end,qrs_offset,qrs,0,0,1,
121,10566,29.35,39,WFON,(,Waveform onset,t_onset,t,0,0,2,
121,10603,29.45277777777778,27,TWAVE,t,T-wave peak,t_peak,t,0,0,5,
121,10700,29.72222222222222,27,TWAVE,t,T-wave peak,t_peak,t,0,0,5,
121,10716,29.766666666666666,40,WFOFF,),Waveform end,t_offset,t,0,0,2,
121,10787,29.96388888888889,39,WFON,(,Waveform onset,p_onset,p,0,0,0,
121,10814,30.038888888888888,24,PWAVE,p,P-wave peak,p_peak,p,0,0,0,
121,10827,30.075,40,WFOFF,),Waveform end,p_offset,p,0,0,0,
121,10832,30.08888888888889,39,WFON,(,Waveform onset,qrs_onset,qrs,0,0,1,
121,10859,30.163888888888888,1,NORMAL,N,Normal beat,qrs_peak,qrs,0,0,0,
121,10873,30.20277777777778,40,WFOFF,),Waveform end,qrs_offset,qrs,0,0,1,
121,10924,30.344444444444445,39,WFON,(,Waveform onset,t_onset,t,0,0,2,
121,10948,30.41111111111111,27,TWAVE,t,T-wave peak,t_peak,t,0,0,5,
121,11059,30.719444444444445,27,TWAVE,t,T-wave peak,t_peak,t,0,0,5,
121,11068,30.744444444444444,40,WFOFF,),Waveform end,t_offset,t,0,0,2,
121,11150,30.97222222222222,39,WFON,(,Waveform onset,p_onset,p,0,0,0,
121,11178,31.05,24,PWAVE,p,P-wave peak,p_peak,p,0,0,0,
121,11192,31.08888888888889,40,WFOFF,),Waveform end,p_offset,p,0,0,0,
121,11195,31.09722222222222,39,WFON,(,Waveform onset,qrs_onset,qrs,0,0,1,
121,11224,31.177777777777777,1,NORMAL,N,Normal beat,qrs_peak,qrs,0,0,0,
121,11247,31.241666666666667,40,WFOFF,),Waveform end,qrs_offset,qrs,0,0,1,
121,11287,31.352777777777778,39,WFON,(,Waveform onset,t_onset,t,0,0,2,
121,11316,31.433333333333334,27,TWAVE,t,T-wave peak,t_peak,t,0,0,5,
121,11433,31.758333333333333,27,TWAVE,t,T-wave peak,t_peak,t,0,0,5,
121,11463,31.841666666666665,40,WFOFF,),Waveform end,t_offset,t,0,0,2,
121,11507,31.96388888888889,39,WFON,(,Waveform onset,p_onset,p,0,0,0,
121,11526,32.016666666666666,24,PWAVE,p,P-wave peak,p_peak,p,0,0,0,
121,11546,32.07222222222222,40,WFOFF,),Waveform end,p_offset,p,0,0,0,
121,11553,32.09166666666667,39,WFON,(,Waveform onset,qrs_onset,qrs,0,0,1,
121,11577,32.15833333333333,1,NORMAL,N,Normal beat,qrs_peak,qrs,0,0,0,
121,11592,32.2,40,WFOFF,),Waveform end,qrs_offset,qrs,0,0,1,
121,11640,32.333333333333336,39,WFON,(,Waveform onset,t_onset,t,0,0,2,
121,11670,32.416666666666664,27,TWAVE,t,T-wave peak,t_peak,t,0,0,5,
121,11767,32.68611111111111,27,TWAVE,t,T-wave peak,t_peak,t,0,0,5,
121,11825,32.84722222222222,40,WFOFF,),Waveform end,t_offset,t,0,0,2,
121,11864,32.955555555555556,39,WFON,(,Waveform onset,p_onset,p,0,0,0,
121,11888,33.022222222222226,24,PWAVE,p,P-wave peak,p_peak,p,0,0,0,
121,11902,33.06111111111111,40,WFOFF,),Waveform end,p_offset,p,0,0,0,
121,11903,33.06388888888889,39,WFON,(,Waveform onset,qrs_onset,qrs,0,0,1,
121,11934,33.15,1,NORMAL,N,Normal beat,qrs_peak,qrs,0,0,0,
121,11949,33.19166666666667,40,WFOFF,),Waveform end,qrs_offset,qrs,0,0,1,
121,11994,33.31666666666667,39,WFON,(,Waveform onset,t_onset,t,0,0,2,
121,12026,33.40555555555556,27,TWAVE,t,T-wave peak,t_peak,t,0,0,5,
121,12120,33.666666666666664,27,TWAVE,t,T-wave peak,t_peak,t,0,0,5,
121,12172,33.81111111111111,40,WFOFF,),Waveform end,t_offset,t,0,0,2,
121,12225,33.958333333333336,39,WFON,(,Waveform onset,p_onset,p,0,0,0,
121,12248,34.022222222222226,24,PWAVE,p,P-wave peak,p_peak,p,0,0,0,
121,12258,34.05,40,WFOFF,),Waveform end,p_offset,p,0,0,0,
121,12264,34.06666666666667,39,WFON,(,Waveform onset,qrs_onset,qrs,0,0,1,
121,12296,34.15555555555556,1,NORMAL,N,Normal beat,qrs_peak,qrs,0,0,0,
121,12310,34.19444444444444,40,WFOFF,),Waveform end,qrs_offset,qrs,0,0,1,
121,12341,34.28055555555556,39,WFON,(,Waveform onset,t_onset,t,0,0,2,
121,12384,34.4,27,TWAVE,t,T-wave peak,t_peak,t,0,0,5,
121,12487,34.68611111111111,27,TWAVE,t,T-wave peak,t_peak,t,0,0,5,
121,12508,34.74444444444445,40,WFOFF,),Waveform end,t_offset,t,0,0,2,
121,12586,34.96111111111111,39,WFON,(,Waveform onset,p_onset,p,0,0,0,
121,12606,35.016666666666666,24,PWAVE,p,P-wave peak,p_peak,p,0,0,0,
121,12623,35.06388888888889,40,WFOFF,),Waveform end,p_offset,p,0,0,0,
121,12633,35.09166666666667,39,WFON,(,Waveform onset,qrs_onset,qrs,0,0,1,
121,12656,35.15555555555556,1,NORMAL,N,Normal beat,qrs_peak,qrs,0,0,0,
121,12670,35.19444444444444,40,WFOFF,),Waveform end,qrs_offset,qrs,0,0,1,
121,12722,35.33888888888889,39,WFON,(,Waveform onset,t_onset,t,0,0,2,
121,12748,35.41111111111111,27,TWAVE,t,T-wave peak,t_peak,t,0,0,5,
121,12898,35.827777777777776,27,TWAVE,t,T-wave peak,t_peak,t,0,0,5,
121,12916,35.87777777777778,40,WFOFF,),Waveform end,t_offset,t,0,0,2,
121,12950,35.97222222222222,39,WFON,(,Waveform onset,p_onset,p,0,0,0,
121,12974,36.03888888888889,24,PWAVE,p,P-wave peak,p_peak,p,0,0,0,
121,12989,36.080555555555556,40,WFOFF,),Waveform end,p_offset,p,0,0,0,
121,12995,36.09722222222222,39,WFON,(,Waveform onset,qrs_onset,qrs,0,0,1,
121,13022,36.172222222222224,1,NORMAL,N,Normal beat,qrs_peak,qrs,0,0,0,
121,13037,36.21388888888889,40,WFOFF,),Waveform end,qrs_offset,qrs,0,0,1,
121,13086,36.35,39,WFON,(,Waveform onset,t_onset,t,0,0,2,
121,13116,36.43333333333333,27,TWAVE,t,T-wave peak,t_peak,t,0,0,5,
121,13245,36.791666666666664,27,TWAVE,t,T-wave peak,t_peak,t,0,0,5,
121,13264,36.84444444444444,40,WFOFF,),Waveform end,t_offset,t,0,0,2,
121,13325,37.013888888888886,39,WFON,(,Waveform onset,p_onset,p,0,0,0,
121,13347,37.075,24,PWAVE,p,P-wave peak,p_peak,p,0,0,0,
121,13365,37.125,40,WFOFF,),Waveform end,p_offset,p,0,0,0,
121,13367,37.13055555555555,39,WFON,(,Waveform onset,qrs_onset,qrs,0,0,1,
121,13396,37.21111111111111,1,NORMAL,N,Normal beat,qrs_peak,qrs,0,0,0,
121,13411,37.25277777777778,40,WFOFF,),Waveform end,qrs_offset,qrs,0,0,1,
121,13461,37.391666666666666,39,WFON,(,Waveform onset,t_onset,t,0,0,2,
121,13483,37.452777777777776,27,TWAVE,t,T-wave peak,t_peak,t,0,0,5,
121,13584,37.733333333333334,27,TWAVE,t,T-wave peak,t_peak,t,0,0,5,
121,13642,37.894444444444446,40,WFOFF,),Waveform end,t_offset,t,0,0,2,
121,13691,38.03055555555556,39,WFON,(,Waveform onset,p_onset,p,0,0,0,
121,13721,38.11388888888889,24,PWAVE,p,P-wave peak,p_peak,p,0,0,0,
121,13733,38.147222222222226,40,WFOFF,),Waveform end,p_offset,p,0,0,0,
121,13739,38.16388888888889,39,WFON,(,Waveform onset,qrs_onset,qrs,0,0,1,
121,13766,38.23888888888889,1,NORMAL,N,Normal beat,qrs_peak,qrs,0,0,0,
121,13781,38.28055555555556,40,WFOFF,),Waveform end,qrs_offset,qrs,0,0,1,
121,13825,38.40277777777778,39,WFON,(,Waveform onset,t_onset,t,0,0,2,
121,13852,38.477777777777774,27,TWAVE,t,T-wave peak,t_peak,t,0,0,5,
121,13951,38.75277777777778,27,TWAVE,t,T-wave peak,t_peak,t,0,0,5,
121,13974,38.81666666666667,40,WFOFF,),Waveform end,t_offset,t,0,0,2,
121,14067,39.075,39,WFON,(,Waveform onset,p_onset,p,0,0,0,
121,14094,39.15,24,PWAVE,p,P-wave peak,p_peak,p,0,0,0,
121,14109,39.19166666666667,40,WFOFF,),Waveform end,p_offset,p,0,0,0,
121,14112,39.2,39,WFON,(,Waveform onset,qrs_onset,qrs,0,0,1,
121,14142,39.28333333333333,1,NORMAL,N,Normal beat,qrs_peak,qrs,0,0,0,
121,14157,39.325,40,WFOFF,),Waveform end,qrs_offset,qrs,0,0,1,
121,14216,39.48888888888889,39,WFON,(,Waveform onset,t_onset,t,0,0,2,
121,14238,39.55,27,TWAVE,t,T-wave peak,t_peak,t,0,0,5,
121,14318,39.772222222222226,27,TWAVE,t,T-wave peak,t_peak,t,0,0,5,
121,14392,39.977777777777774,40,WFOFF,),Waveform end,t_offset,t,0,0,2,
121,14444,40.12222222222222,39,WFON,(,Waveform onset,p_onset,p,0,0,0,
121,14471,40.19722222222222,24,PWAVE,p,P-wave peak,p_peak,p,0,0,0,
121,14484,40.233333333333334,40,WFOFF,),Waveform end,p_offset,p,0,0,0,
121,14494,40.26111111111111,39,WFON,(,Waveform onset,qrs_onset,qrs,0,0,1,
121,14516,40.32222222222222,1,NORMAL,N,Normal beat,qrs_peak,qrs,0,0,0,
121,14531,40.36388888888889,40,WFOFF,),Waveform end,qrs_offset,qrs,0,0,1,
121,14551,40.419444444444444,39,WFON,(,Waveform onset,t_onset,t,0,0,2,
121,14611,40.58611111111111,27,TWAVE,t,T-wave peak,t_peak,t,0,0,5,
121,14723,40.897222222222226,27,TWAVE,t,T-wave peak,t_peak,t,0,0,5,
121,14778,41.05,40,WFOFF,),Waveform end,t_offset,t,0,0,2,
121,14821,41.169444444444444,39,WFON,(,Waveform onset,p_onset,p,0,0,0,
121,14847,41.24166666666667,24,PWAVE,p,P-wave peak,p_peak,p,0,0,0,
121,14858,41.272222222222226,40,WFOFF,),Waveform end,p_offset,p,0,0,0,
121,14866,41.294444444444444,39,WFON,(,Waveform onset,qrs_onset,qrs,0,0,1,
121,14890,41.361111111111114,1,NORMAL,N,Normal beat,qrs_peak,qrs,0,0,0,
121,14904,41.4,40,WFOFF,),Waveform end,qrs_offset,qrs,0,0,1,
121,14955,41.541666666666664,39,WFON,(,Waveform onset,t_onset,t,0,0,2,
121,14981,41.61388888888889,27,TWAVE,t,T-wave peak,t_peak,t,0,0,5,
121,15080,41.888888888888886,27,TWAVE,t,T-wave peak,t_peak,t,0,0,5,
121,15161,42.11388888888889,40,WFOFF,),Waveform end,t_offset,t,0,0,2,
121,15196,42.21111111111111,39,WFON,(,Waveform onset,p_onset,p,0,0,0,
121,15219,42.275,24,PWAVE,p,P-wave peak,p_peak,p,0,0,0,
121,15231,42.30833333333333,40,WFOFF,),Waveform end,p_offset,p,0,0,0,
121,15240,42.333333333333336,39,WFON,(,Waveform onset,qrs_onset,qrs,0,0,1,
121,15269,42.41388888888889,1,NORMAL,N,Normal beat,qrs_peak,qrs,0,0,0,
121,15283,42.452777777777776,40,WFOFF,),Waveform end,qrs_offset,qrs,0,0,1,
121,15334,42.59444444444444,39,WFON,(,Waveform onset,t_onset,t,0,0,2,
121,15358,42.66111111111111,27,TWAVE,t,T-wave peak,t_peak,t,0,0,5,
121,15453,42.925,27,TWAVE,t,T-wave peak,t_peak,t,0,0,5,
121,15486,43.016666666666666,40,WFOFF,),Waveform end,t_offset,t,0,0,2,
121,15563,43.230555555555554,39,WFON,(,Waveform onset,p_onset,p,0,0,0,
121,15588,43.3,24,PWAVE,p,P-wave peak,p_peak,p,0,0,0,
121,15601,43.33611111111111,40,WFOFF,),Waveform end,p_offset,p,0,0,0,
121,15612,43.36666666666667,39,WFON,(,Waveform onset,qrs_onset,qrs,0,0,1,
121,15637,43.43611111111111,1,NORMAL,N,Normal beat,qrs_peak,qrs,0,0,0,
121,15653,43.480555555555554,40,WFOFF,),Waveform end,qrs_offset,qrs,0,0,1,
121,15661,43.50277777777778,39,WFON,(,Waveform onset,t_onset,t,0,0,2,
121,15728,43.68888888888889,27,TWAVE,t,T-wave peak,t_peak,t,0,0,5,
121,15871,44.08611111111111,27,TWAVE,t,T-wave peak,t_peak,t,0,0,5,
121,15877,44.102777777777774,40,WFOFF,),Waveform end,t_offset,t,0,0,2,
121,15932,44.25555555555555,39,WFON,(,Waveform onset,p_onset,p,0,0,0,
121,15960,44.333333333333336,24,PWAVE,p,P-wave peak,p_peak,p,0,0,0,
121,15975,44.375,40,WFOFF,),Waveform end,p_offset,p,0,0,0,
121,15983,44.397222222222226,39,WFON,(,Waveform onset,qrs_onset,qrs,0,0,1,
121,16008,44.46666666666667,1,NORMAL,N,Normal beat,qrs_peak,qrs,0,0,0,
121,16024,44.51111111111111,40,WFOFF,),Waveform end,qrs_offset,qrs,0,0,1,
121,16042,44.56111111111111,39,WFON,(,Waveform onset,t_onset,t,0,0,2,
121,16102,44.727777777777774,27,TWAVE,t,T-wave peak,t_peak,t,0,0,5,
121,16226,45.07222222222222,27,TWAVE,t,T-wave peak,t_peak,t,0,0,5,
121,16256,45.15555555555556,40,WFOFF,),Waveform end,t_offset,t,0,0,2,
121,16315,45.31944444444444,39,WFON,(,Waveform onset,p_onset,p,0,0,0,
121,16338,45.38333333333333,24,PWAVE,p,P-wave peak,p_peak,p,0,0,0,
121,16353,45.425,40,WFOFF,),Waveform end,p_offset,p,0,0,0,
121,16357,45.43611111111111,39,WFON,(,Waveform onset,qrs_onset,qrs,0,0,1,
121,16386,45.516666666666666,1,NORMAL,N,Normal beat,qrs_peak,qrs,0,0,0,
121,16410,45.583333333333336,40,WFOFF,),Waveform end,qrs_offset,qrs,0,0,1,
121,16449,45.69166666666667,39,WFON,(,Waveform onset,t_onset,t,0,0,2,
121,16472,45.75555555555555,27,TWAVE,t,T-wave peak,t_peak,t,0,0,5,
121,16546,45.96111111111111,27,TWAVE,t,T-wave peak,t_peak,t,0,0,5,
121,16599,46.108333333333334,40,WFOFF,),Waveform end,t_offset,t,0,0,2,
121,16676,46.32222222222222,39,WFON,(,Waveform onset,p_onset,p,0,0,0,
121,16700,46.388888888888886,24,PWAVE,p,P-wave peak,p_peak,p,0,0,0,
121,16714,46.42777777777778,40,WFOFF,),Waveform end,p_offset,p,0,0,0,
121,16717,46.43611111111111,39,WFON,(,Waveform onset,qrs_onset,qrs,0,0,1,
121,16748,46.522222222222226,1,NORMAL,N,Normal beat,qrs_peak,qrs,0,0,0,
121,16769,46.580555555555556,40,WFOFF,),Waveform end,qrs_offset,qrs,0,0,1,
121,16785,46.625,39,WFON,(,Waveform onset,t_onset,t,0,0,2,
121,16840,46.77777777777778,27,TWAVE,t,T-wave peak,t_peak,t,0,0,5,
121,16919,46.99722222222222,27,TWAVE,t,T-wave peak,t_peak,t,0,0,5,
121,16957,47.102777777777774,40,WFOFF,),Waveform end,t_offset,t,0,0,2,
121,17041,47.33611111111111,39,WFON,(,Waveform onset,p_onset,p,0,0,0,
121,17060,47.388888888888886,24,PWAVE,p,P-wave peak,p_peak,p,0,0,0,
121,17078,47.43888888888889,40,WFOFF,),Waveform end,p_offset,p,0,0,0,
121,17090,47.47222222222222,39,WFON,(,Waveform onset,qrs_onset,qrs,0,0,1,
121,17115,47.541666666666664,1,NORMAL,N,Normal beat,qrs_peak,qrs,0,0,0,
121,17144,47.62222222222222,40,WFOFF,),Waveform end,qrs_offset,qrs,0,0,1,
121,17158,47.66111111111111,39,WFON,(,Waveform onset,t_onset,t,0,0,2,
121,17208,47.8,27,TWAVE,t,T-wave peak,t_peak,t,0,0,5,
121,17305,48.06944444444444,27,TWAVE,t,T-wave peak,t_peak,t,0,0,5,
121,17328,48.13333333333333,40,WFOFF,),Waveform end,t_offset,t,0,0,2,
121,17401,48.33611111111111,39,WFON,(,Waveform onset,p_onset,p,0,0,0,
121,17429,48.41388888888889,24,PWAVE,p,P-wave peak,p_peak,p,0,0,0,
121,17449,48.46944444444444,40,WFOFF,),Waveform end,p_offset,p,0,0,0,
121,17459,48.49722222222222,39,WFON,(,Waveform onset,qrs_onset,qrs,0,0,1,
121,17482,48.56111111111111,1,NORMAL,N,Normal beat,qrs_peak,qrs,0,0,0,
121,17501,48.61388888888889,40,WFOFF,),Waveform end,qrs_offset,qrs,0,0,1,
121,17553,48.75833333333333,39,WFON,(,Waveform onset,t_onset,t,0,0,2,
121,17575,48.81944444444444,27,TWAVE,t,T-wave peak,t_peak,t,0,0,5,
121,17662,49.06111111111111,27,TWAVE,t,T-wave peak,t_peak,t,0,0,5,
121,17686,49.12777777777778,40,WFOFF,),Waveform end,t_offset,t,0,0,2,
121,17771,49.36388888888889,39,WFON,(,Waveform onset,p_onset,p,0,0,0,
121,17789,49.41388888888889,24,PWAVE,p,P-wave peak,p_peak,p,0,0,0,
121,17807,49.46388888888889,40,WFOFF,),Waveform end,p_offset,p,0,0,0,
121,17810,49.47222222222222,39,WFON,(,Waveform onset,qrs_onset,qrs,0,0,1,
121,17840,49.55555555555556,1,NORMAL,N,Normal beat,qrs_peak,qrs,0,0,0,
121,17862,49.61666666666667,40,WFOFF,),Waveform end,qrs_offset,qrs,0,0,1,
121,17903,49.730555555555554,39,WFON,(,Waveform onset,t_onset,t,0,0,2,
121,17929,49.80277777777778,27,TWAVE,t,T-wave peak,t_peak,t,0,0,5,
121,18046,50.12777777777778,27,TWAVE,t,T-wave peak,t_peak,t,0,0,5,
121,18076,50.21111111111111,40,WFOFF,),Waveform end,t_offset,t,0,0,2,
121,18119,50.330555555555556,39,WFON,(,Waveform onset,p_onset,p,0,0,0,
121,18138,50.38333333333333,24,PWAVE,p,P-wave peak,p_peak,p,0,0,0,
121,18157,50.43611111111111,40,WFOFF,),Waveform end,p_offset,p,0,0,0,
121,18159,50.44166666666667,39,WFON,(,Waveform onset,qrs_onset,qrs,0,0,1,
121,18191,50.53055555555556,1,NORMAL,N,Normal beat,qrs_peak,qrs,0,0,0,
121,18205,50.56944444444444,40,WFOFF,),Waveform end,qrs_offset,qrs,0,0,1,
121,18214,50.59444444444444,39,WFON,(,Waveform onset,t_onset,t,0,0,2,
121,18282,50.78333333333333,27,TWAVE,t,T-wave peak,t_peak,t,0,0,5,
121,18379,51.05277777777778,27,TWAVE,t,T-wave peak,t_peak,t,0,0,5,
121,18426,51.18333333333333,40,WFOFF,),Waveform end,t_offset,t,0,0,2,
121,18468,51.3,39,WFON,(,Waveform onset,p_onset,p,0,0,0,
121,18491,51.36388888888889,24,PWAVE,p,P-wave peak,p_peak,p,0,0,0,
121,18507,51.40833333333333,40,WFOFF,),Waveform end,p_offset,p,0,0,0,
121,18516,51.43333333333333,39,WFON,(,Waveform onset,qrs_onset,qrs,0,0,1,
121,18540,51.5,1,NORMAL,N,Normal beat,qrs_peak,qrs,0,0,0,
121,18555,51.541666666666664,40,WFOFF,),Waveform end,qrs_offset,qrs,0,0,1,
121,18607,51.68611111111111,39,WFON,(,Waveform onset,t_onset,t,0,0,2,
121,18632,51.75555555555555,27,TWAVE,t,T-wave peak,t_peak,t,0,0,5,
121,18755,52.09722222222222,27,TWAVE,t,T-wave peak,t_peak,t,0,0,5,
121,18777,52.15833333333333,40,WFOFF,),Waveform end,t_offset,t,0,0,2,
121,18815,52.263888888888886,39,WFON,(,Waveform onset,p_onset,p,0,0,0,
121,18836,52.32222222222222,24,PWAVE,p,P-wave peak,p_peak,p,0,0,0,
121,18854,52.37222222222222,40,WFOFF,),Waveform end,p_offset,p,0,0,0,
121,18863,52.397222222222226,39,WFON,(,Waveform onset,qrs_onset,qrs,0,0,1,
121,18887,52.46388888888889,1,NORMAL,N,Normal beat,qrs_peak,qrs,0,0,0,
121,18902,52.50555555555555,40,WFOFF,),Waveform end,qrs_offset,qrs,0,0,1,
121,18957,52.65833333333333,39,WFON,(,Waveform onset,t_onset,t,0,0,2,
121,18979,52.71944444444444,27,TWAVE,t,T-wave peak,t_peak,t,0,0,5,
121,19069,52.96944444444444,27,TWAVE,t,T-wave peak,t_peak,t,0,0,5,
121,19090,53.02777777777778,40,WFOFF,),Waveform end,t_offset,t,0,0,2,
121,19173,53.25833333333333,39,WFON,(,Waveform onset,p_onset,p,0,0,0,
121,19192,53.31111111111111,24,PWAVE,p,P-wave peak,p_peak,p,0,0,0,
121,19212,53.36666666666667,40,WFOFF,),Waveform end,p_offset,p,0,0,0,
121,19215,53.375,39,WFON,(,Waveform onset,qrs_onset,qrs,0,0,1,
121,19246,53.46111111111111,1,NORMAL,N,Normal beat,qrs_peak,qrs,0,0,0,
121,19259,53.49722222222222,40,WFOFF,),Waveform end,qrs_offset,qrs,0,0,1,
121,19269,53.525,39,WFON,(,Waveform onset,t_onset,t,0,0,2,
121,19337,53.71388888888889,27,TWAVE,t,T-wave peak,t_peak,t,0,0,5,
121,19427,53.96388888888889,27,TWAVE,t,T-wave peak,t_peak,t,0,0,5,
121,19456,54.044444444444444,40,WFOFF,),Waveform end,t_offset,t,0,0,2,
121,19530,54.25,39,WFON,(,Waveform onset,p_onset,p,0,0,0,
121,19550,54.30555555555556,24,PWAVE,p,P-wave peak,p_peak,p,0,0,0,
121,19565,54.34722222222222,40,WFOFF,),Waveform end,p_offset,p,0,0,0,
121,19573,54.36944444444445,39,WFON,(,Waveform onset,qrs_onset,qrs,0,0,1,
121,19601,54.44722222222222,1,NORMAL,N,Normal beat,qrs_peak,qrs,0,0,0,
121,19614,54.483333333333334,40,WFOFF,),Waveform end,qrs_offset,qrs,0,0,1,
121,19660,54.611111111111114,39,WFON,(,Waveform onset,t_onset,t,0,0,2,
121,19691,54.69722222222222,27,TWAVE,t,T-wave peak,t_peak,t,0,0,0,
121,19725,54.791666666666664,40,WFOFF,),Waveform end,t_offset,t,0,0,2,
121,19882,55.227777777777774,39,WFON,(,Waveform onset,p_onset,p,0,0,0,
121,19901,55.28055555555556,24,PWAVE,p,P-wave peak,p_peak,p,0,0,0,
121,19922,55.33888888888889,40,WFOFF,),Waveform end,p_offset,p,0,0,0,
121,19925,55.34722222222222,39,WFON,(,Waveform onset,qrs_onset,qrs,0,0,1,
121,19953,55.425,1,NORMAL,N,Normal beat,qrs_peak,qrs,0,0,0,
121,19969,55.46944444444444,40,WFOFF,),Waveform end,qrs_offset,qrs,0,0,1,
121,20020,55.611111111111114,39,WFON,(,Waveform onset,t_onset,t,0,0,2,
121,20044,55.67777777777778,27,TWAVE,t,T-wave peak,t_peak,t,0,0,5,
121,20147,55.96388888888889,27,TWAVE,t,T-wave peak,t_peak,t,0,0,5,
121,20178,56.05,40,WFOFF,),Waveform end,t_offset,t,0,0,2,
121,20247,56.24166666666667,39,WFON,(,Waveform onset,p_onset,p,0,0,0,
121,20266,56.294444444444444,24,PWAVE,p,P-wave peak,p_peak,p,0,0,0,
121,20286,56.35,40,WFOFF,),Waveform end,p_offset,p,0,0,0,
121,20294,56.37222222222222,39,WFON,(,Waveform onset,qrs_onset,qrs,0,0,1,
121,20321,56.44722222222222,1,NORMAL,N,Normal beat,qrs_peak,qrs,0,0,0,
121,20338,56.49444444444445,40,WFOFF,),Waveform end,qrs_offset,qrs,0,0,1,
121,20377,56.602777777777774,39,WFON,(,Waveform onset,t_onset,t,0,0,2,
121,20414,56.705555555555556,27,TWAVE,t,T-wave peak,t_peak,t,0,0,5,
121,20509,56.96944444444444,27,TWAVE,t,T-wave peak,t_peak,t,0,0,5,
121,20576,57.15555555555556,40,WFOFF,),Waveform end,t_offset,t,0,0,2,
121,20609,57.24722222222222,39,WFON,(,Waveform onset,p_onset,p,0,0,0,
121,20635,57.31944444444444,24,PWAVE,p,P-wave peak,p_peak,p,0,0,0,
121,20649,57.358333333333334,40,WFOFF,),Waveform end,p_offset,p,0,0,0,
121,20655,57.375,39,WFON,(,Waveform onset,qrs_onset,qrs,0,0,1,
121,20683,57.452777777777776,1,NORMAL,N,Normal beat,qrs_peak,qrs,0,0,0,
121,20699,57.49722222222222,40,WFOFF,),Waveform end,qrs_offset,qrs,0,0,1,
121,20724,57.56666666666667,39,WFON,(,Waveform onset,t_onset,t,0,0,2,
121,20776,57.71111111111111,27,TWAVE,t,T-wave peak,t_peak,t,0,0,5,
121,20869,57.96944444444444,27,TWAVE,t,T-wave peak,t_peak,t,0,0,5,
121,20900,58.05555555555556,40,WFOFF,),Waveform end,t_offset,t,0,0,2,
121,20980,58.27777777777778,39,WFON,(,Waveform onset,p_onset,p,0,0,0,
121,21001,58.33611111111111,24,PWAVE,p,P-wave peak,p_peak,p,0,0,0,
121,21016,58.37777777777778,40,WFOFF,),Waveform end,p_offset,p,0,0,0,
121,21017,58.38055555555555,39,WFON,(,Waveform onset,qrs_onset,qrs,0,0,1,
121,21049,58.46944444444444,1,NORMAL,N,Normal beat,qrs_peak,qrs,0,0,0,
121,21064,58.51111111111111,40,WFOFF,),Waveform end,qrs_offset,qrs,0,0,1,
121,21110,58.638888888888886,39,WFON,(,Waveform onset,t_onset,t,0,0,2,
121,21141,58.725,27,TWAVE,t,T-wave peak,t_peak,t,0,0,5,
121,21243,59.00833333333333,27,TWAVE,t,T-wave peak,t_peak,t,0,0,5,
121,21284,59.12222222222222,40,WFOFF,),Waveform end,t_offset,t,0,0,2,
121,21349,59.30277777777778,39,WFON,(,Waveform onset,p_onset,p,0,0,0,
121,21373,59.36944444444445,24,PWAVE,p,P-wave peak,p_peak,p,0,0,0,
121,21388,59.41111111111111,40,WFOFF,),Waveform end,p_offset,p,0,0,0,
121,21389,59.41388888888889,39,WFON,(,Waveform onset,qrs_onset,qrs,0,0,1,
121,21421,59.50277777777778,1,NORMAL,N,Normal beat,qrs_peak,qrs,0,0,0,
121,21436,59.544444444444444,40,WFOFF,),Waveform end,qrs_offset,qrs,0,0,1,
121,21480,59.666666666666664,39,WFON,(,Waveform onset,t_onset,t,0,0,2,
121,21511,59.75277777777778,27,TWAVE,t,T-wave peak,t_peak,t,0,0,5,
121,21602,60.00555555555555,27,TWAVE,t,T-wave peak,t_peak,t,0,0,5,
121,21621,60.05833333333333,40,WFOFF,),Waveform end,t_offset,t,0,0,2,
121,21708,60.3,39,WFON,(,Waveform onset,p_onset,p,0,0,0,
121,21732,60.36666666666667,24,PWAVE,p,P-wave peak,p_peak,p,0,0,0,
121,21746,60.40555555555556,40,WFOFF,),Waveform end,p_offset,p,0,0,0,
121,21748,60.41111111111111,39,WFON,(,Waveform onset,qrs_onset,qrs,0,0,1,
121,21779,60.49722222222222,1,NORMAL,N,Normal beat,qrs_peak,qrs,0,0,0,
121,21795,60.541666666666664,40,WFOFF,),Waveform end,qrs_offset,qrs,0,0,1,
121,21825,60.625,39,WFON,(,Waveform onset,t_onset,t,0,0,2,
121,21870,60.75,27,TWAVE,t,T-wave peak,t_peak,t,0,0,5,
121,21972,61.03333333333333,27,TWAVE,t,T-wave peak,t_peak,t,0,0,5,
121,22015,61.15277777777778,40,WFOFF,),Waveform end,t_offset,t,0,0,2,
121,22081,61.33611111111111,39,WFON,(,Waveform onset,p_onset,p,0,0,0,
121,22099,61.38611111111111,24,PWAVE,p,P-wave peak,p_peak,p,0,0,0,
121,22119,61.44166666666667,40,WFOFF,),Waveform end,p_offset,p,0,0,0,
121,22122,61.45,39,WFON,(,Waveform onset,qrs_onset,qrs,0,0,1,
121,22152,61.53333333333333,1,NORMAL,N,Normal beat,qrs_peak,qrs,0,0,0,
121,22167,61.575,40,WFOFF,),Waveform end,qrs_offset,qrs,0,0,1,
121,22217,61.71388888888889,39,WFON,(,Waveform onset,t_onset,t,0,0,2,
121,22248,61.8,27,TWAVE,t,T-wave peak,t_peak,t,0,0,5,
121,22335,62.041666666666664,27,TWAVE,t,T-wave peak,t_peak,t,0,0,5,
121,22368,62.13333333333333,40,WFOFF,),Waveform end,t_offset,t,0,0,2,
121,22452,62.36666666666667,39,WFON,(,Waveform onset,p_onset,p,0,0,0,
121,22470,62.416666666666664,24,PWAVE,p,P-wave peak,p_peak,p,0,0,0,
121,22487,62.46388888888889,40,WFOFF,),Waveform end,p_offset,p,0,0,0,
121,22492,62.477777777777774,39,WFON,(,Waveform onset,qrs_onset,qrs,0,0,1,
121,22518,62.55,1,NORMAL,N,Normal beat,qrs_peak,qrs,0,0,0,
121,22536,62.6,40,WFOFF,),Waveform end,qrs_offset,qrs,0,0,1,
121,22586,62.73888888888889,39,WFON,(,Waveform onset,t_onset,t,0,0,2,
121,22609,62.80277777777778,27,TWAVE,t,T-wave peak,t_peak,t,0,0,0,
121,22646,62.90555555555556,40,WFOFF,),Waveform end,t_offset,t,0,0,2,
121,22805,63.34722222222222,39,WFON,(,Waveform onset,p_onset,p,0,0,0,
121,22823,63.397222222222226,24,PWAVE,p,P-wave peak,p_peak,p,0,0,0,
121,22845,63.458333333333336,40,WFOFF,),Waveform end,p_offset,p,0,0,0,
121,22852,63.477777777777774,39,WFON,(,Waveform onset,qrs_onset,qrs,0,0,1,
121,22878,63.55,1,NORMAL,N,Normal beat,qrs_peak,qrs,0,0,0,
121,22892,63.58888888888889,40,WFOFF,),Waveform end,qrs_offset,qrs,0,0,1,
121,22935,63.708333333333336,39,WFON,(,Waveform onset,t_onset,t,0,0,2,
121,22966,63.794444444444444,27,TWAVE,t,T-wave peak,t_peak,t,0,0,5,
121,23094,64.15,27,TWAVE,t,T-wave peak,t_peak,t,0,0,5,
121,23121,64.225,40,WFOFF,),Waveform end,t_offset,t,0,0,2,
121,23169,64.35833333333333,39,WFON,(,Waveform onset,p_onset,p,0,0,0,
121,23187,64.40833333333333,24,PWAVE,p,P-wave peak,p_peak,p,0,0,0,
121,23209,64.46944444444445,40,WFOFF,),Waveform end,p_offset,p,0,0,0,
121,23213,64.48055555555555,39,WFON,(,Waveform onset,qrs_onset,qrs,0,0,1,
121,23241,64.55833333333334,1,NORMAL,N,Normal beat,qrs_peak,qrs,0,0,0,
121,23257,64.60277777777777,40,WFOFF,),Waveform end,qrs_offset,qrs,0,0,1,
121,23303,64.73055555555555,39,WFON,(,Waveform onset,t_onset,t,0,0,2,
121,23335,64.81944444444444,27,TWAVE,t,T-wave peak,t_peak,t,0,0,5,
121,23424,65.06666666666666,27,TWAVE,t,T-wave peak,t_peak,t,0,0,5,
121,23473,65.20277777777778,40,WFOFF,),Waveform end,t_offset,t,0,0,2,
121,23533,65.36944444444444,39,WFON,(,Waveform onset,p_onset,p,0,0,0,
121,23559,65.44166666666666,24,PWAVE,p,P-wave peak,p_peak,p,0,0,0,
121,23573,65.48055555555555,40,WFOFF,),Waveform end,p_offset,p,0,0,0,
121,23574,65.48333333333333,39,WFON,(,Waveform onset,qrs_onset,qrs,0,0,1,
121,23603,65.56388888888888,1,NORMAL,N,Normal beat,qrs_peak,qrs,0,0,0,
121,23619,65.60833333333333,40,WFOFF,),Waveform end,qrs_offset,qrs,0,0,1,
121,23628,65.63333333333334,39,WFON,(,Waveform onset,t_onset,t,0,0,2,
121,23694,65.81666666666666,27,TWAVE,t,T-wave peak,t_peak,t,0,0,5,
121,23810,66.13888888888889,27,TWAVE,t,T-wave peak,t_peak,t,0,0,5,
121,23823,66.175,40,WFOFF,),Waveform end,t_offset,t,0,0,2,
121,23892,66.36666666666666,39,WFON,(,Waveform onset,p_onset,p,0,0,0,
121,23913,66.425,24,PWAVE,p,P-wave peak,p_peak,p,0,0,0,
121,23931,66.475,40,WFOFF,),Waveform end,p_offset,p,0,0,0,
121,23934,66.48333333333333,39,WFON,(,Waveform onset,qrs_onset,qrs,0,0,1,
121,23961,66.55833333333334,1,NORMAL,N,Normal beat,qrs_peak,qrs,0,0,0,
121,23976,66.6,40,WFOFF,),Waveform end,qrs_offset,qrs,0,0,1,
121,24027,66.74166666666666,39,WFON,(,Waveform onset,t_onset,t,0,0,2,
121,24049,66.80277777777778,27,TWAVE,t,T-wave peak,t_peak,t,0,0,5,
121,24146,67.07222222222222,27,TWAVE,t,T-wave peak,t_peak,t,0,0,5,
121,24196,67.21111111111111,40,WFOFF,),Waveform end,t_offset,t,0,0,2,
121,24242,67.33888888888889,39,WFON,(,Waveform onset,p_onset,p,0,0,0,
121,24264,67.4,24,PWAVE,p,P-wave peak,p_peak,p,0,0,0,
121,24281,67.44722222222222,40,WFOFF,),Waveform end,p_offset,p,0,0,0,
121,24293,67.48055555555555,39,WFON,(,Waveform onset,qrs_onset,qrs,0,0,1,
121,24314,67.53888888888889,1,NORMAL,N,Normal beat,qrs_peak,qrs,0,0,0,
121,24329,67.58055555555555,40,WFOFF,),Waveform end,qrs_offset,qrs,0,0,1,
121,24338,67.60555555555555,39,WFON,(,Waveform onset,t_onset,t,0,0,2,
121,24407,67.79722222222222,27,TWAVE,t,T-wave peak,t_peak,t,0,0,5,
121,24510,68.08333333333333,27,TWAVE,t,T-wave peak,t_peak,t,0,0,5,
121,24538,68.16111111111111,40,WFOFF,),Waveform end,t_offset,t,0,0,2,
121,24589,68.30277777777778,39,WFON,(,Waveform onset,p_onset,p,0,0,0,
121,24612,68.36666666666666,24,PWAVE,p,P-wave peak,p_peak,p,0,0,0,
121,24628,68.41111111111111,40,WFOFF,),Waveform end,p_offset,p,0,0,0,
121,24630,68.41666666666667,39,WFON,(,Waveform onset,qrs_onset,qrs,0,0,1,
121,24660,68.5,1,NORMAL,N,Normal beat,qrs_peak,qrs,0,0,0,
121,24675,68.54166666666667,40,WFOFF,),Waveform end,qrs_offset,qrs,0,0,1,
121,24687,68.575,39,WFON,(,Waveform onset,t_onset,t,0,0,2,
121,24753,68.75833333333334,27,TWAVE,t,T-wave peak,t_peak,t,0,0,5,
121,24844,69.0111111111111,27,TWAVE,t,T-wave peak,t_peak,t,0,0,5,
121,24862,69.06111111111112,40,WFOFF,),Waveform end,t_offset,t,0,0,2,
121,24931,69.25277777777778,39,WFON,(,Waveform onset,p_onset,p,0,0,0,
121,24954,69.31666666666666,24,PWAVE,p,P-wave peak,p_peak,p,0,0,0,
121,24973,69.36944444444444,40,WFOFF,),Waveform end,p_offset,p,0,0,0,
121,24977,69.38055555555556,39,WFON,(,Waveform onset,qrs_onset,qrs,0,0,1,
121,25005,69.45833333333333,1,NORMAL,N,Normal beat,qrs_peak,qrs,0,0,0,
121,25030,69.52777777777777,40,WFOFF,),Waveform end,qrs_offset,qrs,0,0,1,
121,25033,69.53611111111111,39,WFON,(,Waveform onset,t_onset,t,0,0,2,
121,25093,69.70277777777778,27,TWAVE,t,T-wave peak,t_peak,t,0,0,5,
121,25186,69.96111111111111,27,TWAVE,t,T-wave peak,t_peak,t,0,0,5,
121,25244,70.12222222222222,40,WFOFF,),Waveform end,t_offset,t,0,0,2,
121,25288,70.24444444444444,39,WFON,(,Waveform onset,p_onset,p,0,0,0,
121,25309,70.30277777777778,24,PWAVE,p,P-wave peak,p_peak,p,0,0,0,
121,25330,70.36111111111111,40,WFOFF,),Waveform end,p_offset,p,0,0,0,
121,25337,70.38055555555556,39,WFON,(,Waveform onset,qrs_onset,qrs,0,0,1,
121,25363,70.45277777777778,1,NORMAL,N,Normal beat,qrs_peak,qrs,0,0,0,
121,25390,70.52777777777777,40,WFOFF,),Waveform end,qrs_offset,qrs,0,0,1,
121,25429,70.6361111111111,39,WFON,(,Waveform onset,t_onset,t,0,0,2,
121,25458,70.71666666666667,27,TWAVE,t,T-wave peak,t_peak,t,0,0,5,
121,25564,71.0111111111111,27,TWAVE,t,T-wave peak,t_peak,t,0,0,5,
121,25595,71.09722222222223,40,WFOFF,),Waveform end,t_offset,t,0,0,2,
121,25646,71.2388888888889,39,WFON,(,Waveform onset,p_onset,p,0,0,0,
121,25665,71.29166666666667,24,PWAVE,p,P-wave peak,p_peak,p,0,0,0,
121,25685,71.34722222222223,40,WFOFF,),Waveform end,p_offset,p,0,0,0,
121,25687,71.35277777777777,39,WFON,(,Waveform onset,qrs_onset,qrs,0,0,1,
121,25716,71.43333333333334,1,NORMAL,N,Normal beat,qrs_peak,qrs,0,0,0,
121,25732,71.47777777777777,40,WFOFF,),Waveform end,qrs_offset,qrs,0,0,1,
121,25787,71.63055555555556,39,WFON,(,Waveform onset,t_onset,t,0,0,2,
121,25799,71.66388888888889,27,TWAVE,t,T-wave peak,t_peak,t,0,0,5,
121,25899,71.94166666666666,27,TWAVE,t,T-wave peak,t_peak,t,0,0,5,
121,25907,71.96388888888889,40,WFOFF,),Waveform end,t_offset,t,0,0,2,
121,25998,72.21666666666667,39,WFON,(,Waveform onset,p_onset,p,0,0,0,
121,26015,72.26388888888889,24,PWAVE,p,P-wave peak,p_peak,p,0,0,0,
121,26033,72.31388888888888,40,WFOFF,),Waveform end,p_offset,p,0,0,0,
121,26040,72.33333333333333,39,WFON,(,Waveform onset,qrs_onset,qrs,0,0,1,
121,26068,72.41111111111111,1,NORMAL,N,Normal beat,qrs_peak,qrs,0,0,0,
121,26084,72.45555555555555,40,WFOFF,),Waveform end,qrs_offset,qrs,0,0,1,
121,26140,72.61111111111111,39,WFON,(,Waveform onset,t_onset,t,0,0,2,
121,26162,72.67222222222222,27,TWAVE,t,T-wave peak,t_peak,t,0,0,5,
121,26309,73.08055555555555,27,TWAVE,t,T-wave peak,t_peak,t,0,0,5,
121,26327,73.13055555555556,40,WFOFF,),Waveform end,t_offset,t,0,0,2,
121,26361,73.225,39,WFON,(,Waveform onset,p_onset,p,0,0,0,
121,26383,73.28611111111111,24,PWAVE,p,P-wave peak,p_peak,p,0,0,0,
121,26405,73.34722222222223,40,WFOFF,),Waveform end,p_offset,p,0,0,0,
121,26406,73.35,39,WFON,(,Waveform onset,qrs_onset,qrs,0,0,1,
121,26434,73.42777777777778,1,NORMAL,N,Normal beat,qrs_peak,qrs,0,0,0,
121,26450,73.47222222222223,40,WFOFF,),Waveform end,qrs_offset,qrs,0,0,1,
121,26478,73.55,39,WFON,(,Waveform onset,t_onset,t,0,0,2,
121,26527,73.68611111111112,27,TWAVE,t,T-wave peak,t_peak,t,0,0,5,
121,26618,73.93888888888888,27,TWAVE,t,T-wave peak,t_peak,t,0,0,5,
121,26666,74.07222222222222,40,WFOFF,),Waveform end,t_offset,t,0,0,2,
121,26720,74.22222222222223,39,WFON,(,Waveform onset,p_onset,p,0,0,0,
121,26740,74.27777777777777,24,PWAVE,p,P-wave peak,p_peak,p,0,0,0,
121,26757,74.325,40,WFOFF,),Waveform end,p_offset,p,0,0,0,
121,26767,74.35277777777777,39,WFON,(,Waveform onset,qrs_onset,qrs,0,0,1,
121,26792,74.42222222222222,1,NORMAL,N,Normal beat,qrs_peak,qrs,0,0,0,
121,26807,74.46388888888889,40,WFOFF,),Waveform end,qrs_offset,qrs,0,0,1,
121,26828,74.52222222222223,39,WFON,(,Waveform onset,t_onset,t,0,0,2,
121,26845,74.56944444444444,27,TWAVE,t,T-wave peak,t_peak,t,0,0,5,
121,26989,74.96944444444445,27,TWAVE,t,T-wave peak,t_peak,t,0,0,5,
121,27001,75.00277777777778,40,WFOFF,),Waveform end,t_offset,t,0,0,2,
121,27075,75.20833333333333,39,WFON,(,Waveform onset,p_onset,p,0,0,0,
121,27098,75.27222222222223,24,PWAVE,p,P-wave peak,p_peak,p,0,0,0,
121,27113,75.31388888888888,40,WFOFF,),Waveform end,p_offset,p,0,0,0,
121,27121,75.33611111111111,39,WFON,(,Waveform onset,qrs_onset,qrs,0,0,1,
121,27145,75.40277777777777,1,NORMAL,N,Normal beat,qrs_peak,qrs,0,0,0,
121,27160,75.44444444444444,40,WFOFF,),Waveform end,qrs_offset,qrs,0,0,1,
121,27176,75.4888888888889,39,WFON,(,Waveform onset,t_onset,t,0,0,2,
121,27234,75.65,27,TWAVE,t,T-wave peak,t_peak,t,0,0,5,
121,27354,75.98333333333333,27,TWAVE,t,T-wave peak,t_peak,t,0,0,5,
121,27372,76.03333333333333,40,WFOFF,),Waveform end,t_offset,t,0,0,2,
121,27441,76.225,39,WFON,(,Waveform onset,p_onset,p,0,0,0,
121,27458,76.27222222222223,24,PWAVE,p,P-wave peak,p_peak,p,0,0,0,
121,27479,76.33055555555555,40,WFOFF,),Waveform end,p_offset,p,0,0,0,
121,27485,76.34722222222223,39,WFON,(,Waveform onset,qrs_onset,qrs,0,0,1,
121,27513,76.425,1,NORMAL,N,Normal beat,qrs_peak,qrs,0,0,0,
121,27526,76.46111111111111,40,WFOFF,),Waveform end,qrs_offset,qrs,0,0,1,
121,27536,76.4888888888889,39,WFON,(,Waveform onset,t_onset,t,0,0,2,
121,27599,76.66388888888889,27,TWAVE,t,T-wave peak,t_peak,t,0,0,5,
121,27712,76.97777777777777,27,TWAVE,t,T-wave peak,t_peak,t,0,0,5,
121,27725,77.01388888888889,40,WFOFF,),Waveform end,t_offset,t,0,0,2,
121,27805,77.23611111111111,39,WFON,(,Waveform onset,p_onset,p,0,0,0,
121,27827,77.29722222222222,24,PWAVE,p,P-wave peak,p_peak,p,0,0,0,
121,27842,77.33888888888889,40,WFOFF,),Waveform end,p_offset,p,0,0,0,
121,27847,77.35277777777777,39,WFON,(,Waveform onset,qrs_onset,qrs,0,0,1,
121,27875,77.43055555555556,1,NORMAL,N,Normal beat,qrs_peak,qrs,0,0,0,
121,27890,77.47222222222223,40,WFOFF,),Waveform end,qrs_offset,qrs,0,0,1,
121,27939,77.60833333333333,39,WFON,(,Waveform onset,t_onset,t,0,0,2,
121,27962,77.67222222222222,27,TWAVE,t,T-wave peak,t_peak,t,0,0,5,
121,28118,78.10555555555555,27,TWAVE,t,T-wave peak,t_peak,t,0,0,5,
121,28135,78.15277777777777,40,WFOFF,),Waveform end,t_offset,t,0,0,2,
121,28167,78.24166666666666,39,WFON,(,Waveform onset,p_onset,p,0,0,0,
121,28184,78.28888888888889,24,PWAVE,p,P-wave peak,p_peak,p,0,0,0,
121,28208,78.35555555555555,40,WFOFF,),Waveform end,p_offset,p,0,0,0,
121,28209,78.35833333333333,39,WFON,(,Waveform onset,qrs_onset,qrs,0,0,1,
121,28240,78.44444444444444,1,NORMAL,N,Normal beat,qrs_peak,qrs,0,0,0,
121,28255,78.48611111111111,40,WFOFF,),Waveform end,qrs_offset,qrs,0,0,1,
121,28300,78.61111111111111,39,WFON,(,Waveform onset,t_onset,t,0,0,2,
121,28330,78.69444444444444,27,TWAVE,t,T-wave peak,t_peak,t,0,0,0,
121,28371,78.80833333333334,40,WFOFF,),Waveform end,t_offset,t,0,0,2,
121,28541,79.28055555555555,39,WFON,(,Waveform onset,p_onset,p,0,0,0,
121,28563,79.34166666666667,24,PWAVE,p,P-wave peak,p_peak,p,0,0,0,
121,28576,79.37777777777778,40,WFOFF,),Waveform end,p_offset,p,0,0,0,
121,28579,79.3861111111111,39,WFON,(,Waveform onset,qrs_onset,qrs,0,0,1,
121,28609,79.46944444444445,1,NORMAL,N,Normal beat,qrs_peak,qrs,0,0,0,
121,28623,79.50833333333334,40,WFOFF,),Waveform end,qrs_offset,qrs,0,0,1,
121,28632,79.53333333333333,39,WFON,(,Waveform onset,t_onset,t,0,0,2,
121,28695,79.70833333333333,27,TWAVE,t,T-wave peak,t_peak,t,0,0,5,
121,28782,79.95,27,TWAVE,t,T-wave peak,t_peak,t,0,0,5,
121,28847,80.13055555555556,40,WFOFF,),Waveform end,t_offset,t,0,0,2,
121,28902,80.28333333333333,39,WFON,(,Waveform onset,p_onset,p,0,0,0,
121,28914,80.31666666666666,24,PWAVE,p,P-wave peak,p_peak,p,0,0,0,
121,28939,80.3861111111111,40,WFOFF,),Waveform end,p_offset,p,0,0,0,
121,28941,80.39166666666667,39,WFON,(,Waveform onset,qrs_onset,qrs,0,0,1,
121,28971,80.475,1,NORMAL,N,Normal beat,qrs_peak,qrs,0,0,0,
121,28994,80.53888888888889,40,WFOFF,),Waveform end,qrs_offset,qrs,0,0,1,
121,29036,80.65555555555555,39,WFON,(,Waveform onset,t_onset,t,0,0,2,
121,29063,80.73055555555555,27,TWAVE,t,T-wave peak,t_peak,t,0,0,5,
121,29105,80.84722222222223,27,TWAVE,t,T-wave peak,t_peak,t,0,0,5,
121,29110,80.86111111111111,40,WFOFF,),Waveform end,t_offset,t,0,0,2,
121,29264,81.28888888888889,39,WFON,(,Waveform onset,p_onset,p,0,0,0,
121,29291,81.3638888888889,24,PWAVE,p,P-wave peak,p_peak,p,0,0,0,
121,29310,81.41666666666667,40,WFOFF,),Waveform end,p_offset,p,0,0,0,
121,29313,81.425,39,WFON,(,Waveform onset,qrs_onset,qrs,0,0,1,
121,29341,81.50277777777778,1,NORMAL,N,Normal beat,qrs_peak,qrs,0,0,0,
121,29357,81.54722222222222,40,WFOFF,),Waveform end,qrs_offset,qrs,0,0,1,
121,29409,81.69166666666666,39,WFON,(,Waveform onset,t_onset,t,0,0,2,
121,29435,81.76388888888889,27,TWAVE,t,T-wave peak,t_peak,t,0,0,5,
121,29535,82.04166666666667,27,TWAVE,t,T-wave peak,t_peak,t,0,0,5,
121,29546,82.07222222222222,40,WFOFF,),Waveform end,t_offset,t,0,0,2,
121,29645,82.34722222222223,39,WFON,(,Waveform onset,p_onset,p,0,0,0,
121,29661,82.39166666666667,24,PWAVE,p,P-wave peak,p_peak,p,0,0,0,
121,29683,82.45277777777778,40,WFOFF,),Waveform end,p_offset,p,0,0,0,
121,29685,82.45833333333333,39,WFON,(,Waveform onset,qrs_onset,qrs,0,0,1,
121,29716,82.54444444444445,1,NORMAL,N,Normal beat,qrs_peak,qrs,0,0,0,
121,29738,82.60555555555555,40,WFOFF,),Waveform end,qrs_offset,qrs,0,0,1,
121,29773,82.70277777777778,39,WFON,(,Waveform onset,t_onset,t,0,0,2,
121,29807,82.79722222222222,27,TWAVE,t,T-wave peak,t_peak,t,0,0,5,
121,29901,83.05833333333334,27,TWAVE,t,T-wave peak,t_peak,t,0,0,5,
121,29915,83.09722222222223,40,WFOFF,),Waveform end,t_offset,t,0,0,2,
121,30018,83.38333333333334,39,WFON,(,Waveform onset,p_onset,p,0,0,0,
121,30042,83.45,24,PWAVE,p,P-wave peak,p_peak,p,0,0,0,
121,30057,83.49166666666666,40,WFOFF,),Waveform end,p_offset,p,0,0,0,
121,30068,83.52222222222223,39,WFON,(,Waveform onset,qrs_onset,qrs,0,0,1,
121,30088,83.57777777777778,1,NORMAL,N,Normal beat,qrs_peak,qrs,0,0,0,
121,30104,83.62222222222222,40,WFOFF,),Waveform end,qrs_offset,qrs,0,0,1,
121,30152,83.75555555555556,39,WFON,(,Waveform onset,t_onset,t,0,0,2,
121,30177,83.825,27,TWAVE,t,T-wave peak,t_peak,t,0,0,5,
121,30268,84.07777777777778,27,TWAVE,t,T-wave peak,t_peak,t,0,0,5,
121,30315,84.20833333333333,40,WFOFF,),Waveform end,t_offset,t,0,0,2,
121,30384,84.4,39,WFON,(,Waveform onset,p_onset,p,0,0,0,
121,30409,84.46944444444445,24,PWAVE,p,P-wave peak,p_peak,p,0,0,0,
121,30425,84.51388888888889,40,WFOFF,),Waveform end,p_offset,p,0,0,0,
121,30429,84.525,39,WFON,(,Waveform onset,qrs_onset,qrs,0,0,1,
121,30457,84.60277777777777,1,NORMAL,N,Normal beat,qrs_peak,qrs,0,0,0,
121,30481,84.66944444444445,40,WFOFF,),Waveform end,qrs_offset,qrs,0,0,1,
121,30512,84.75555555555556,39,WFON,(,Waveform onset,t_onset,t,0,0,2,
121,30551,84.8638888888889,27,TWAVE,t,T-wave peak,t_peak,t,0,0,5,
121,30666,85.18333333333334,27,TWAVE,t,T-wave peak,t_peak,t,0,0,5,
121,30689,85.24722222222222,40,WFOFF,),Waveform end,t_offset,t,0,0,2,
121,30761,85.44722222222222,39,WFON,(,Waveform onset,p_onset,p,0,0,0,
121,30783,85.50833333333334,24,PWAVE,p,P-wave peak,p_peak,p,0,0,0,
121,30799,85.55277777777778,40,WFOFF,),Waveform end,p_offset,p,0,0,0,
121,30802,85.56111111111112,39,WFON,(,Waveform onset,qrs_onset,qrs,0,0,1,
121,30831,85.64166666666667,1,NORMAL,N,Normal beat,qrs_peak,qrs,0,0,0,
121,30854,85.70555555555555,40,WFOFF,),Waveform end,qrs_offset,qrs,0,0,1,
121,30895,85.81944444444444,39,WFON,(,Waveform onset,t_onset,t,0,0,2,
121,30925,85.90277777777777,27,TWAVE,t,T-wave peak,t_peak,t,0,0,5,
121,31006,86.12777777777778,27,TWAVE,t,T-wave peak,t_peak,t,0,0,5,
121,31062,86.28333333333333,40,WFOFF,),Waveform end,t_offset,t,0,0,2,
121,31130,86.47222222222223,39,WFON,(,Waveform onset,p_onset,p,0,0,0,
121,31155,86.54166666666667,24,PWAVE,p,P-wave peak,p_peak,p,0,0,0,
121,31168,86.57777777777778,40,WFOFF,),Waveform end,p_offset,p,0,0,0,
121,31173,86.59166666666667,39,WFON,(,Waveform onset,qrs_onset,qrs,0,0,1,
121,31200,86.66666666666667,1,NORMAL,N,Normal beat,qrs_peak,qrs,0,0,0,
121,31215,86.70833333333333,40,WFOFF,),Waveform end,qrs_offset,qrs,0,0,1,
121,31257,86.825,39,WFON,(,Waveform onset,t_onset,t,0,0,2,
121,31286,86.90555555555555,27,TWAVE,t,T-wave peak,t_peak,t,0,0,5,
121,31433,87.31388888888888,27,TWAVE,t,T-wave peak,t_peak,t,0,0,5,
121,31455,87.375,40,WFOFF,),Waveform end,t_offset,t,0,0,2,
121,31508,87.52222222222223,39,WFON,(,Waveform onset,p_onset,p,0,0,0,
121,31529,87.58055555555555,24,PWAVE,p,P-wave peak,p_peak,p,0,0,0,
121,31547,87.63055555555556,40,WFOFF,),Waveform end,p_offset,p,0,0,0,
121,31555,87.65277777777777,39,WFON,(,Waveform onset,qrs_onset,qrs,0,0,1,
121,31580,87.72222222222223,1,NORMAL,N,Normal beat,qrs_peak,qrs,0,0,0,
121,31594,87.7611111111111,40,WFOFF,),Waveform end,qrs_offset,qrs,0,0,1,
121,31603,87.78611111111111,39,WFON,(,Waveform onset,t_onset,t,0,0,2,
121,31670,87.97222222222223,27,TWAVE,t,T-wave peak,t_peak,t,0,0,5,
121,31759,88.21944444444445,27,TWAVE,t,T-wave peak,t_peak,t,0,0,5,
121,31788,88.3,40,WFOFF,),Waveform end,t_offset,t,0,0,2,
121,31880,88.55555555555556,39,WFON,(,Waveform onset,p_onset,p,0,0,0,
121,31902,88.61666666666666,24,PWAVE,p,P-wave peak,p_peak,p,0,0,0,
121,31916,88.65555555555555,40,WFOFF,),Waveform end,p_offset,p,0,0,0,
121,31919,88.66388888888889,39,WFON,(,Waveform onset,qrs_onset,qrs,0,0,1,
121,31949,88.74722222222222,1,NORMAL,N,Normal beat,qrs_peak,qrs,0,0,0,
121,31964,88.78888888888889,40,WFOFF,),Waveform end,qrs_offset,qrs,0,0,1,
121,31975,88.81944444444444,39,WFON,(,Waveform onset,t_onset,t,0,0,2,
121,32043,89.00833333333334,27,TWAVE,t,T-wave peak,t_peak,t,0,0,5,
121,32123,89.23055555555555,27,TWAVE,t,T-wave peak,t_peak,t,0,0,5,
121,32172,89.36666666666666,40,WFOFF,),Waveform end,t_offset,t,0,0,2,
121,32242,89.56111111111112,39,WFON,(,Waveform onset,p_onset,p,0,0,0,
121,32266,89.62777777777778,24,PWAVE,p,P-wave peak,p_peak,p,0,0,0,
121,32279,89.66388888888889,40,WFOFF,),Waveform end,p_offset,p,0,0,0,
121,32288,89.68888888888888,39,WFON,(,Waveform onset,qrs_onset,qrs,0,0,1,
121,32316,89.76666666666667,1,NORMAL,N,Normal beat,qrs_peak,qrs,0,0,0,
121,32331,89.80833333333334,40,WFOFF,),Waveform end,qrs_offset,qrs,0,0,1,
121,32358,89.88333333333334,39,WFON,(,Waveform onset,t_onset,t,0,0,2,
121,32404,90.0111111111111,27,TWAVE,t,T-wave peak,t_peak,t,0,0,5,
121,32559,90.44166666666666,27,TWAVE,t,T-wave peak,t_peak,t,0,0,5,
121,32573,90.48055555555555,40,WFOFF,),Waveform end,t_offset,t,0,0,2,
121,32617,90.60277777777777,39,WFON,(,Waveform onset,p_onset,p,0,0,0,
121,32633,90.64722222222223,24,PWAVE,p,P-wave peak,p_peak,p,0,0,0,
121,32655,90.70833333333333,40,WFOFF,),Waveform end,p_offset,p,0,0,0,
121,32661,90.725,39,WFON,(,Waveform onset,qrs_onset,qrs,0,0,1,
121,32689,90.80277777777778,1,NORMAL,N,Normal beat,qrs_peak,qrs,0,0,0,
121,32704,90.84444444444445,40,WFOFF,),Waveform end,qrs_offset,qrs,0,0,1,
121,32756,90.9888888888889,39,WFON,(,Waveform onset,t_onset,t,0,0,2,
121,32779,91.05277777777778,27,TWAVE,t,T-wave peak,t_peak,t,0,0,5,
121,32880,91.33333333333333,27,TWAVE,t,T-wave peak,t_peak,t,0,0,5,
121,32895,91.375,40,WFOFF,),Waveform end,t_offset,t,0,0,2,
121,32988,91.63333333333334,39,WFON,(,Waveform onset,p_onset,p,0,0,0,
121,33008,91.68888888888888,24,PWAVE,p,P-wave peak,p_peak,p,0,0,0,
121,33025,91.73611111111111,40,WFOFF,),Waveform end,p_offset,p,0,0,0,
121,33033,91.75833333333334,39,WFON,(,Waveform onset,qrs_onset,qrs,0,0,1,
121,33062,91.83888888888889,1,NORMAL,N,Normal beat,qrs_peak,qrs,0,0,0,
121,33089,91.91388888888889,40,WFOFF,),Waveform end,qrs_offset,qrs,0,0,1,
121,33102,91.95,39,WFON,(,Waveform onset,t_onset,t,0,0,2,
121,33149,92.08055555555555,27,TWAVE,t,T-wave peak,t_peak,t,0,0,5,
121,33246,92.35,27,TWAVE,t,T-wave peak,t_peak,t,0,0,5,
121,33267,92.40833333333333,40,WFOFF,),Waveform end,t_offset,t,0,0,2,
121,33350,92.63888888888889,39,WFON,(,Waveform onset,p_onset,p,0,0,0,
121,33365,92.68055555555556,24,PWAVE,p,P-wave peak,p_peak,p,0,0,0,
121,33388,92.74444444444444,40,WFOFF,),Waveform end,p_offset,p,0,0,0,
121,33393,92.75833333333334,39,WFON,(,Waveform onset,qrs_onset,qrs,0,0,1,
121,33422,92.83888888888889,1,NORMAL,N,Normal beat,qrs_peak,qrs,0,0,0,
121,33439,92.8861111111111,40,WFOFF,),Waveform end,qrs_offset,qrs,0,0,1,
121,33449,92.91388888888889,39,WFON,(,Waveform onset,t_onset,t,0,0,2,
121,33520,93.11111111111111,27,TWAVE,t,T-wave peak,t_peak,t,0,0,5,
121,33600,93.33333333333333,27,TWAVE,t,T-wave peak,t_peak,t,0,0,5,
121,33627,93.40833333333333,40,WFOFF,),Waveform end,t_offset,t,0,0,2,
121,33710,93.63888888888889,39,WFON,(,Waveform onset,p_onset,p,0,0,0,
121,33732,93.7,24,PWAVE,p,P-wave peak,p_peak,p,0,0,0,
121,33748,93.74444444444444,40,WFOFF,),Waveform end,p_offset,p,0,0,0,
121,33755,93.76388888888889,39,WFON,(,Waveform onset,qrs_onset,qrs,0,0,1,
121,33783,93.84166666666667,1,NORMAL,N,Normal beat,qrs_peak,qrs,0,0,0,
121,33807,93.90833333333333,40,WFOFF,),Waveform end,qrs_offset,qrs,0,0,1,
121,33836,93.9888888888889,39,WFON,(,Waveform onset,t_onset,t,0,0,2,
121,33876,94.1,27,TWAVE,t,T-wave peak,t_peak,t,0,0,5,
121,33979,94.3861111111111,27,TWAVE,t,T-wave peak,t_peak,t,0,0,5,
121,33989,94.41388888888889,40,WFOFF,),Waveform end,t_offset,t,0,0,2,
121,34076,94.65555555555555,39,WFON,(,Waveform onset,p_onset,p,0,0,0,
121,34101,94.725,24,PWAVE,p,P-wave peak,p_peak,p,0,0,0,
121,34116,94.76666666666667,40,WFOFF,),Waveform end,p_offset,p,0,0,0,
121,34125,94.79166666666667,39,WFON,(,Waveform onset,qrs_onset,qrs,0,0,1,
121,34149,94.85833333333333,1,NORMAL,N,Normal beat,qrs_peak,qrs,0,0,0,
121,34180,94.94444444444444,40,WFOFF,),Waveform end,qrs_offset,qrs,0,0,1,
121,34192,94.97777777777777,39,WFON,(,Waveform onset,t_onset,t,0,0,2,
121,34241,95.1138888888889,27,TWAVE,t,T-wave peak,t_peak,t,0,0,5,
121,34350,95.41666666666667,27,TWAVE,t,T-wave peak,t_peak,t,0,0,5,
121,34371,95.475,40,WFOFF,),Waveform end,t_offset,t,0,0,2,
121,34448,95.68888888888888,39,WFON,(,Waveform onset,p_onset,p,0,0,0,
121,34470,95.75,24,PWAVE,p,P-wave peak,p_peak,p,0,0,0,
121,34486,95.79444444444445,40,WFOFF,),Waveform end,p_offset,p,0,0,0,
121,34488,95.8,39,WFON,(,Waveform onset,qrs_onset,qrs,0,0,1,
121,34520,95.88888888888889,1,NORMAL,N,Normal beat,qrs_peak,qrs,0,0,0,
121,34535,95.93055555555556,40,WFOFF,),Waveform end,qrs_offset,qrs,0,0,1,
121,34581,96.05833333333334,39,WFON,(,Waveform onset,t_onset,t,0,0,2,
121,34612,96.14444444444445,27,TWAVE,t,T-wave peak,t_peak,t,0,0,5,
121,34712,96.42222222222222,27,TWAVE,t,T-wave peak,t_peak,t,0,0,5,
121,34728,96.46666666666667,40,WFOFF,),Waveform end,t_offset,t,0,0,2,
121,34814,96.70555555555555,39,WFON,(,Waveform onset,p_onset,p,0,0,0,
121,34834,96.7611111111111,24,PWAVE,p,P-wave peak,p_peak,p,0,0,0,
121,34853,96.81388888888888,40,WFOFF,),Waveform end,p_offset,p,0,0,0,
121,34858,96.82777777777778,39,WFON,(,Waveform onset,qrs_onset,qrs,0,0,1,
121,34888,96.91111111111111,1,NORMAL,N,Normal beat,qrs_peak,qrs,0,0,0,
121,34903,96.95277777777778,40,WFOFF,),Waveform end,qrs_offset,qrs,0,0,1,
121,34949,97.08055555555555,39,WFON,(,Waveform onset,t_onset,t,0,0,2,
121,34979,97.16388888888889,27,TWAVE,t,T-wave peak,t_peak,t,0,0,5,
121,35078,97.43888888888888,27,TWAVE,t,T-wave peak,t_peak,t,0,0,5,
121,35137,97.60277777777777,40,WFOFF,),Waveform end,t_offset,t,0,0,2,
121,35182,97.72777777777777,39,WFON,(,Waveform onset,p_onset,p,0,0,0,
121,35200,97.77777777777777,24,PWAVE,p,P-wave peak,p_peak,p,0,0,0,
121,35219,97.83055555555555,40,WFOFF,),Waveform end,p_offset,p,0,0,0,
121,35221,97.83611111111111,39,WFON,(,Waveform onset,qrs_onset,qrs,0,0,1,
121,35251,97.91944444444445,1,NORMAL,N,Normal beat,qrs_peak,qrs,0,0,0,
121,35267,97.96388888888889,40,WFOFF,),Waveform end,qrs_offset,qrs,0,0,1,
121,35315,98.09722222222223,39,WFON,(,Waveform onset,t_onset,t,0,0,2,
121,35345,98.18055555555556,27,TWAVE,t,T-wave peak,t_peak,t,0,0,0,
121,35383,98.28611111111111,40,WFOFF,),Waveform end,t_offset,t,0,0,2,
121,35552,98.75555555555556,39,WFON,(,Waveform onset,p_onset,p,0,0,0,
121,35567,98.79722222222222,24,PWAVE,p,P-wave peak,p_peak,p,0,0,0,
121,35592,98.86666666666666,40,WFOFF,),Waveform end,p_offset,p,0,0,0,
121,35593,98.86944444444444,39,WFON,(,Waveform onset,qrs_onset,qrs,0,0,1,
121,35624,98.95555555555555,1,NORMAL,N,Normal beat,qrs_peak,qrs,0,0,0,
121,35639,98.99722222222222,40,WFOFF,),Waveform end,qrs_offset,qrs,0,0,1,
121,35694,99.15,39,WFON,(,Waveform onset,t_onset,t,0,0,2,
121,35715,99.20833333333333,27,TWAVE,t,T-wave peak,t_peak,t,0,0,5,
121,35806,99.46111111111111,27,TWAVE,t,T-wave peak,t_peak,t,0,0,5,
121,35833,99.53611111111111,40,WFOFF,),Waveform end,t_offset,t,0,0,2,
121,35923,99.78611111111111,39,WFON,(,Waveform onset,p_onset,p,0,0,0,
121,35947,99.85277777777777,24,PWAVE,p,P-wave peak,p_peak,p,0,0,0,
121,35960,99.88888888888889,40,WFOFF,),Waveform end,p_offset,p,0,0,0,
121,35964,99.9,39,WFON,(,Waveform onset,qrs_onset,qrs,0,0,1,
121,35993,99.98055555555555,1,NORMAL,N,Normal beat,qrs_peak,qrs,0,0,0,
121,36009,100.025,40,WFOFF,),Waveform end,qrs_offset,qrs,0,0,1,
121,36057,100.15833333333333,39,WFON,(,Waveform onset,t_onset,t,0,0,2,
121,36081,100.225,27,TWAVE,t,T-wave peak,t_peak,t,0,0,5,
121,36200,100.55555555555556,27,TWAVE,t,T-wave peak,t_peak,t,0,0,5,
121,36220,100.61111111111111,40,WFOFF,),Waveform end,t_offset,t,0,0,2,
121,36287,100.79722222222222,39,WFON,(,Waveform onset,p_onset,p,0,0,0,
121,36307,100.85277777777777,24,PWAVE,p,P-wave peak,p_peak,p,0,0,0,
121,36324,100.9,40,WFOFF,),Waveform end,p_offset,p,0,0,0,
121,36325,100.90277777777777,39,WFON,(,Waveform onset,qrs_onset,qrs,0,0,1,
121,36355,100.98611111111111,1,NORMAL,N,Normal beat,qrs_peak,qrs,0,0,0,
121,36372,101.03333333333333,40,WFOFF,),Waveform end,qrs_offset,qrs,0,0,1,
121,36419,101.16388888888889,39,WFON,(,Waveform onset,t_onset,t,0,0,2,
121,36446,101.2388888888889,27,TWAVE,t,T-wave peak,t_peak,t,0,0,5,
121,36548,101.52222222222223,27,TWAVE,t,T-wave peak,t_peak,t,0,0,5,
121,36554,101.53888888888889,40,WFOFF,),Waveform end,t_offset,t,0,0,2,
121,36655,101.81944444444444,39,WFON,(,Waveform onset,p_onset,p,0,0,0,
121,36677,101.88055555555556,24,PWAVE,p,P-wave peak,p_peak,p,0,0,0,
121,36691,101.91944444444445,40,WFOFF,),Waveform end,p_offset,p,0,0,0,
121,36696,101.93333333333334,39,WFON,(,Waveform onset,qrs_onset,qrs,0,0,1,
121,36725,102.01388888888889,1,NORMAL,N,Normal beat,qrs_peak,qrs,0,0,0,
121,36740,102.05555555555556,40,WFOFF,),Waveform end,qrs_offset,qrs,0,0,1,
121,36749,102.08055555555555,39,WFON,(,Waveform onset,t_onset,t,0,0,2,
121,36818,102.27222222222223,27,TWAVE,t,T-wave peak,t_peak,t,0,0,5,
121,36944,102.62222222222222,27,TWAVE,t,T-wave peak,t_peak,t,0,0,5,
121,36955,102.65277777777777,40,WFOFF,),Waveform end,t_offset,t,0,0,2,
121,37021,102.83611111111111,39,WFON,(,Waveform onset,p_onset,p,0,0,0,
121,37045,102.90277777777777,24,PWAVE,p,P-wave peak,p_peak,p,0,0,0,
121,37057,102.93611111111112,40,WFOFF,),Waveform end,p_offset,p,0,0,0,
121,37067,102.96388888888889,39,WFON,(,Waveform onset,qrs_onset,qrs,0,0,1,
121,37092,103.03333333333333,1,NORMAL,N,Normal beat,qrs_peak,qrs,0,0,0,
121,37107,103.075,40,WFOFF,),Waveform end,qrs_offset,qrs,0,0,1,
121,37151,103.19722222222222,39,WFON,(,Waveform onset,t_onset,t,0,0,2,
121,37182,103.28333333333333,27,TWAVE,t,T-wave peak,t_peak,t,0,0,5,
121,37294,103.59444444444445,27,TWAVE,t,T-wave peak,t_peak,t,0,0,5,
121,37315,103.65277777777777,40,WFOFF,),Waveform end,t_offset,t,0,0,2,
121,37389,103.85833333333333,39,WFON,(,Waveform onset,p_onset,p,0,0,0,
121,37414,103.92777777777778,24,PWAVE,p,P-wave peak,p_peak,p,0,0,0,
121,37429,103.96944444444445,40,WFOFF,),Waveform end,p_offset,p,0,0,0,
121,37431,103.975,39,WFON,(,Waveform onset,qrs_onset,qrs,0,0,1,
121,37464,104.06666666666666,1,NORMAL,N,Normal beat,qrs_peak,qrs,0,0,0,
121,37478,104.10555555555555,40,WFOFF,),Waveform end,qrs_offset,qrs,0,0,1,
121,37532,104.25555555555556,39,WFON,(,Waveform onset,t_onset,t,0,0,2,
121,37554,104.31666666666666,27,TWAVE,t,T-wave peak,t_peak,t,0,0,5,
121,37645,104.56944444444444,27,TWAVE,t,T-wave peak,t_peak,t,0,0,5,
121,37686,104.68333333333334,40,WFOFF,),Waveform end,t_offset,t,0,0,2,
121,37767,104.90833333333333,39,WFON,(,Waveform onset,p_onset,p,0,0,0,
121,37782,104.95,24,PWAVE,p,P-wave peak,p_peak,p,0,0,0,
121,37808,105.02222222222223,40,WFOFF,),Waveform end,p_offset,p,0,0,0,
121,37814,105.03888888888889,39,WFON,(,Waveform onset,qrs_onset,qrs,0,0,1,
121,37840,105.11111111111111,1,NORMAL,N,Normal beat,qrs_peak,qrs,0,0,0,
121,37853,105.14722222222223,40,WFOFF,),Waveform end,qrs_offset,qrs,0,0,1,
121,37883,105.23055555555555,39,WFON,(,Waveform onset,t_onset,t,0,0,2,
121,37929,105.35833333333333,27,TWAVE,t,T-wave peak,t_peak,t,0,0,5,
121,38037,105.65833333333333,27,TWAVE,t,T-wave peak,t_peak,t,0,0,5,
121,38048,105.68888888888888,40,WFOFF,),Waveform end,t_offset,t,0,0,2,
121,38138,105.93888888888888,39,WFON,(,Waveform onset,p_onset,p,0,0,0,
121,38165,106.01388888888889,24,PWAVE,p,P-wave peak,p_peak,p,0,0,0,
121,38178,106.05,40,WFOFF,),Waveform end,p_offset,p,0,0,0,
121,38184,106.06666666666666,39,WFON,(,Waveform onset,qrs_onset,qrs,0,0,1,
121,38209,106.1361111111111,1,NORMAL,N,Normal beat,qrs_peak,qrs,0,0,0,
121,38226,106.18333333333334,40,WFOFF,),Waveform end,qrs_offset,qrs,0,0,1,
121,38232,106.2,39,WFON,(,Waveform onset,t_onset,t,0,0,2,
121,38299,106.3861111111111,27,TWAVE,t,T-wave peak,t_peak,t,0,0,5,
121,38393,106.64722222222223,27,TWAVE,t,T-wave peak,t_peak,t,0,0,5,
121,38406,106.68333333333334,40,WFOFF,),Waveform end,t_offset,t,0,0,2,
121,38509,106.96944444444445,39,WFON,(,Waveform onset,p_onset,p,0,0,0,
121,38538,107.05,24,PWAVE,p,P-wave peak,p_peak,p,0,0,0,
121,38550,107.08333333333333,40,WFOFF,),Waveform end,p_offset,p,0,0,0,
121,38557,107.10277777777777,39,WFON,(,Waveform onset,qrs_onset,qrs,0,0,1,
121,38584,107.17777777777778,1,NORMAL,N,Normal beat,qrs_peak,qrs,0,0,0,
121,38600,107.22222222222223,40,WFOFF,),Waveform end,qrs_offset,qrs,0,0,1,
121,38663,107.39722222222223,39,WFON,(,Waveform onset,t_onset,t,0,0,2,
121,38680,107.44444444444444,27,TWAVE,t,T-wave peak,t_peak,t,0,0,5,
121,38796,107.76666666666667,27,TWAVE,t,T-wave peak,t_peak,t,0,0,5,
121,38813,107.81388888888888,40,WFOFF,),Waveform end,t_offset,t,0,0,2,
121,38881,108.00277777777778,39,WFON,(,Waveform onset,p_onset,p,0,0,0,
121,38908,108.07777777777778,24,PWAVE,p,P-wave peak,p_peak,p,0,0,0,
121,38925,108.125,40,WFOFF,),Waveform end,p_offset,p,0,0,0,
121,38929,108.1361111111111,39,WFON,(,Waveform onset,qrs_onset,qrs,0,0,1,
121,38956,108.21111111111111,1,NORMAL,N,Normal beat,qrs_peak,qrs,0,0,0,
121,38971,108.25277777777778,40,WFOFF,),Waveform end,qrs_offset,qrs,0,0,1,
121,39011,108.3638888888889,39,WFON,(,Waveform onset,t_onset,t,0,0,2,
121,39032,108.42222222222222,27,TWAVE,t,T-wave peak,t_peak,t,0,0,5,
121,39133,108.70277777777778,27,TWAVE,t,T-wave peak,t_peak,t,0,0,5,
121,39197,108.88055555555556,40,WFOFF,),Waveform end,t_offset,t,0,0,2,
121,39242,109.00555555555556,39,WFON,(,Waveform onset,p_onset,p,0,0,0,
121,39269,109.08055555555555,24,PWAVE,p,P-wave peak,p_peak,p,0,0,0,
121,39283,109.11944444444444,40,WFOFF,),Waveform end,p_offset,p,0,0,0,
121,39290,109.13888888888889,39,WFON,(,Waveform onset,qrs_onset,qrs,0,0,1,
121,39313,109.20277777777778,1,NORMAL,N,Normal beat,qrs_peak,qrs,0,0,0,
121,39329,109.24722222222222,40,WFOFF,),Waveform end,qrs_offset,qrs,0,0,1,
121,39337,109.26944444444445,39,WFON,(,Waveform onset,t_onset,t,0,0,2,
121,39400,109.44444444444444,27,TWAVE,t,T-wave peak,t_peak,t,0,0,5,
121,39512,109.75555555555556,27,TWAVE,t,T-wave peak,t_peak,t,0,0,5,
121,39523,109.78611111111111,40,WFOFF,),Waveform end,t_offset,t,0,0,2,
121,39601,110.00277777777778,39,WFON,(,Waveform onset,p_onset,p,0,0,0,
121,39629,110.08055555555555,24,PWAVE,p,P-wave peak,p_peak,p,0,0,0,
121,39642,110.11666666666666,40,WFOFF,),Waveform end,p_offset,p,0,0,0,
121,39648,110.13333333333334,39,WFON,(,Waveform onset,qrs_onset,qrs,0,0,1,
121,39675,110.20833333333333,1,NORMAL,N,Normal beat,qrs_peak,qrs,0,0,0,
121,39688,110.24444444444444,40,WFOFF,),Waveform end,qrs_offset,qrs,0,0,1,
121,39707,110.29722222222222,39,WFON,(,Waveform onset,t_onset,t,0,0,2,
121,39760,110.44444444444444,27,TWAVE,t,T-wave peak,t_peak,t,0,0,5,
121,39853,110.70277777777778,27,TWAVE,t,T-wave peak,t_peak,t,0,0,5,
121,39868,110.74444444444444,40,WFOFF,),Waveform end,t_offset,t,0,0,2,
121,39959,110.99722222222222,39,WFON,(,Waveform onset,p_onset,p,0,0,0,
121,39982,111.06111111111112,24,PWAVE,p,P-wave peak,p_peak,p,0,0,0,
121,39997,111.10277777777777,40,WFOFF,),Waveform end,p_offset,p,0,0,0,
121,39999,111.10833333333333,39,WFON,(,Waveform onset,qrs_onset,qrs,0,0,1,
121,40030,111.19444444444444,1,NORMAL,N,Normal beat,qrs_peak,qrs,0,0,0,
121,40043,111.23055555555555,40,WFOFF,),Waveform end,qrs_offset,qrs,0,0,1,
121,40068,111.3,39,WFON,(,Waveform onset,t_onset,t,0,0,2,
121,40122,111.45,27,TWAVE,t,T-wave peak,t_peak,t,0,0,5,
121,40206,111.68333333333334,27,TWAVE,t,T-wave peak,t_peak,t,0,0,5,
121,40219,111.71944444444445,40,WFOFF,),Waveform end,t_offset,t,0,0,2,
121,40317,111.99166666666666,39,WFON,(,Waveform onset,p_onset,p,0,0,0,
121,40339,112.05277777777778,24,PWAVE,p,P-wave peak,p_peak,p,0,0,0,
121,40354,112.09444444444445,40,WFOFF,),Waveform end,p_offset,p,0,0,0,
121,40359,112.10833333333333,39,WFON,(,Waveform onset,qrs_onset,qrs,0,0,1,
121,40387,112.18611111111112,1,NORMAL,N,Normal beat,qrs_peak,qrs,0,0,0,
121,40412,112.25555555555556,40,WFOFF,),Waveform end,qrs_offset,qrs,0,0,1,
121,40458,112.38333333333334,39,WFON,(,Waveform onset,t_onset,t,0,0,2,
121,40473,112.425,27,TWAVE,t,T-wave peak,t_peak,t,0,0,5,
121,40560,112.66666666666667,27,TWAVE,t,T-wave peak,t_peak,t,0,0,5,
121,40603,112.78611111111111,40,WFOFF,),Waveform end,t_offset,t,0,0,2,
121,40670,112.97222222222223,39,WFON,(,Waveform onset,p_onset,p,0,0,0,
121,40697,113.04722222222222,24,PWAVE,p,P-wave peak,p_peak,p,0,0,0,
121,40707,113.075,40,WFOFF,),Waveform end,p_offset,p,0,0,0,
121,40718,113.10555555555555,39,WFON,(,Waveform onset,qrs_onset,qrs,0,0,1,
121,40744,113.17777777777778,1,NORMAL,N,Normal beat,qrs_peak,qrs,0,0,0,
121,40758,113.21666666666667,40,WFOFF,),Waveform end,qrs_offset,qrs,0,0,1,
121,40774,113.2611111111111,39,WFON,(,Waveform onset,t_onset,t,0,0,2,
121,40829,113.41388888888889,27,TWAVE,t,T-wave peak,t_peak,t,0,0,5,
121,40920,113.66666666666667,27,TWAVE,t,T-wave peak,t_peak,t,0,0,5,
121,40960,113.77777777777777,40,WFOFF,),Waveform end,t_offset,t,0,0,2,
121,41018,113.93888888888888,39,WFON,(,Waveform onset,p_onset,p,0,0,0,
121,41045,114.01388888888889,24,PWAVE,p,P-wave peak,p_peak,p,0,0,0,
121,41058,114.05,40,WFOFF,),Waveform end,p_offset,p,0,0,0,
121,41065,114.06944444444444,39,WFON,(,Waveform onset,qrs_onset,qrs,0,0,1,
121,41092,114.14444444444445,1,NORMAL,N,Normal beat,qrs_peak,qrs,0,0,0,
121,41106,114.18333333333334,40,WFOFF,),Waveform end,qrs_offset,qrs,0,0,1,
121,41127,114.24166666666666,39,WFON,(,Waveform onset,t_onset,t,0,0,2,
121,41181,114.39166666666667,27,TWAVE,t,T-wave peak,t_peak,t,0,0,5,
121,41279,114.66388888888889,27,TWAVE,t,T-wave peak,t_peak,t,0,0,5,
121,41299,114.71944444444445,40,WFOFF,),Waveform end,t_offset,t,0,0,2,
121,41371,114.91944444444445,39,WFON,(,Waveform onset,p_onset,p,0,0,0,
121,41394,114.98333333333333,24,PWAVE,p,P-wave peak,p_peak,p,0,0,0,
121,41408,115.02222222222223,40,WFOFF,),Waveform end,p_offset,p,0,0,0,
121,41414,115.03888888888889,39,WFON,(,Waveform onset,qrs_onset,qrs,0,0,1,
121,41440,115.11111111111111,1,NORMAL,N,Normal beat,qrs_peak,qrs,0,0,0,
121,41455,115.15277777777777,40,WFOFF,),Waveform end,qrs_offset,qrs,0,0,1,
121,41472,115.2,39,WFON,(,Waveform onset,t_onset,t,0,0,2,
121,41537,115.38055555555556,27,TWAVE,t,T-wave peak,t_peak,t,0,0,5,
121,41626,115.62777777777778,27,TWAVE,t,T-wave peak,t_peak,t,0,0,5,
121,41648,115.68888888888888,40,WFOFF,),Waveform end,t_offset,t,0,0,2,
121,41733,115.925,39,WFON,(,Waveform onset,p_onset,p,0,0,0,
121,41759,115.99722222222222,24,PWAVE,p,P-wave peak,p_peak,p,0,0,0,
121,41773,116.03611111111111,40,WFOFF,),Waveform end,p_offset,p,0,0,0,
121,41776,116.04444444444445,39,WFON,(,Waveform onset,qrs_onset,qrs,0,0,1,
121,41805,116.125,1,NORMAL,N,Normal beat,qrs_peak,qrs,0,0,0,
121,41819,116.16388888888889,40,WFOFF,),Waveform end,qrs_offset,qrs,0,0,1,
121,41863,116.28611111111111,39,WFON,(,Waveform onset,t_onset,t,0,0,2,
121,41897,116.38055555555556,27,TWAVE,t,T-wave peak,t_peak,t,0,0,5,
121,41983,116.61944444444444,27,TWAVE,t,T-wave peak,t_peak,t,0,0,5,
121,42021,116.725,40,WFOFF,),Waveform end,t_offset,t,0,0,2,
121,42088,116.91111111111111,39,WFON,(,Waveform onset,p_onset,p,0,0,0,
121,42110,116.97222222222223,24,PWAVE,p,P-wave peak,p_peak,p,0,0,0,
121,42128,117.02222222222223,40,WFOFF,),Waveform end,p_offset,p,0,0,0,
121,42134,117.03888888888889,39,WFON,(,Waveform onset,qrs_onset,qrs,0,0,1,
121,42162,117.11666666666666,1,NORMAL,N,Normal beat,qrs_peak,qrs,0,0,0,
121,42174,117.15,40,WFOFF,),Waveform end,qrs_offset,qrs,0,0,1,
121,42228,117.3,39,WFON,(,Waveform onset,t_onset,t,0,0,2,
121,42248,117.35555555555555,27,TWAVE,t,T-wave peak,t_peak,t,0,0,5,
121,42373,117.70277777777778,27,TWAVE,t,T-wave peak,t_peak,t,0,0,5,
121,42389,117.74722222222222,40,WFOFF,),Waveform end,t_offset,t,0,0,2,
121,42439,117.8861111111111,39,WFON,(,Waveform onset,p_onset,p,0,0,0,
121,42464,117.95555555555555,24,PWAVE,p,P-wave peak,p_peak,p,0,0,0,
121,42478,117.99444444444444,40,WFOFF,),Waveform end,p_offset,p,0,0,0,
121,42483,118.00833333333334,39,WFON,(,Waveform onset,qrs_onset,qrs,0,0,1,
121,42511,118.08611111111111,1,NORMAL,N,Normal beat,qrs_peak,qrs,0,0,0,
121,42524,118.12222222222222,40,WFOFF,),Waveform end,qrs_offset,qrs,0,0,1,
121,42540,118.16666666666667,39,WFON,(,Waveform onset,t_onset,t,0,0,2,
121,42605,118.34722222222223,27,TWAVE,t,T-wave peak,t_peak,t,0,0,5,
121,42690,118.58333333333333,27,TWAVE,t,T-wave peak,t_peak,t,0,0,5,
121,42760,118.77777777777777,40,WFOFF,),Waveform end,t_offset,t,0,0,2,
121,42795,118.875,39,WFON,(,Waveform onset,p_onset,p,0,0,0,
121,42818,118.93888888888888,24,PWAVE,p,P-wave peak,p_peak,p,0,0,0,
121,42826,118.96111111111111,40,WFOFF,),Waveform end,p_offset,p,0,0,0,
121,42832,118.97777777777777,39,WFON,(,Waveform onset,qrs_onset,qrs,0,0,1,
121,42865,119.06944444444444,1,NORMAL,N,Normal beat,qrs_peak,qrs,0,0,0,
121,42881,119.1138888888889,40,WFOFF,),Waveform end,qrs_offset,qrs,0,0,1,
121,42936,119.26666666666667,39,WFON,(,Waveform onset,t_onset,t,0,0,2,
121,42953,119.31388888888888,27,TWAVE,t,T-wave peak,t_peak,t,0,0,5,
121,43034,119.53888888888889,27,TWAVE,t,T-wave peak,t_peak,t,0,0,5,
121,43072,119.64444444444445,40,WFOFF,),Waveform end,t_offset,t,0,0,2,
121,43146,119.85,39,WFON,(,Waveform onset,p_onset,p,0,0,0,
121,43168,119.91111111111111,24,PWAVE,p,P-wave peak,p_peak,p,0,0,0,
121,43181,119.94722222222222,40,WFOFF,),Waveform end,p_offset,p,0,0,0,
121,43190,119.97222222222223,39,WFON,(,Waveform onset,qrs_onset,qrs,0,0,1,
121,43212,120.03333333333333,1,NORMAL,N,Normal beat,qrs_peak,qrs,0,0,0,
121,43229,120.08055555555555,40,WFOFF,),Waveform end,qrs_offset,qrs,0,0,1,
121,43273,120.20277777777778,39,WFON,(,Waveform onset,t_onset,t,0,0,2,
121,43300,120.27777777777777,27,TWAVE,t,T-wave peak,t_peak,t,0,0,5,
121,43395,120.54166666666667,27,TWAVE,t,T-wave peak,t_peak,t,0,0,5,
121,43412,120.58888888888889,40,WFOFF,),Waveform end,t_offset,t,0,0,2,
121,43498,120.82777777777778,39,WFON,(,Waveform onset,p_onset,p,0,0,0,
121,43522,120.89444444444445,24,PWAVE,p,P-wave peak,p_peak,p,0,0,0,
121,43536,120.93333333333334,40,WFOFF,),Waveform end,p_offset,p,0,0,0,
121,43540,120.94444444444444,39,WFON,(,Waveform onset,qrs_onset,qrs,0,0,1,
121,43569,121.025,1,NORMAL,N,Normal beat,qrs_peak,qrs,0,0,0,
121,43584,121.06666666666666,40,WFOFF,),Waveform end,qrs_offset,qrs,0,0,1,
121,43600,121.11111111111111,39,WFON,(,Waveform onset,t_onset,t,0,0,2,
121,43624,121.17777777777778,27,TWAVE,t,T-wave peak,t_peak,t,0,0,5,
121,43759,121.55277777777778,27,TWAVE,t,T-wave peak,t_peak,t,0,0,5,
121,43788,121.63333333333334,40,WFOFF,),Waveform end,t_offset,t,0,0,2,
121,43853,121.81388888888888,39,WFON,(,Waveform onset,p_onset,p,0,0,0,
121,43879,121.8861111111111,24,PWAVE,p,P-wave peak,p_peak,p,0,0,0,
121,43893,121.925,40,WFOFF,),Waveform end,p_offset,p,0,0,0,
121,43899,121.94166666666666,39,WFON,(,Waveform onset,qrs_onset,qrs,0,0,1,
121,43925,122.01388888888889,1,NORMAL,N,Normal beat,qrs_peak,qrs,0,0,0,
121,43938,122.05,40,WFOFF,),Waveform end,qrs_offset,qrs,0,0,1,
121,43992,122.2,39,WFON,(,Waveform onset,t_onset,t,0,0,2,
121,44011,122.25277777777778,27,TWAVE,t,T-wave peak,t_peak,t,0,0,5,
121,44103,122.50833333333334,27,TWAVE,t,T-wave peak,t_peak,t,0,0,5,
121,44144,122.62222222222222,40,WFOFF,),Waveform end,t_offset,t,0,0,2,
121,44210,122.80555555555556,39,WFON,(,Waveform onset,p_onset,p,0,0,0,
121,44236,122.87777777777778,24,PWAVE,p,P-wave peak,p_peak,p,0,0,0,
121,44243,122.89722222222223,40,WFOFF,),Waveform end,p_offset,p,0,0,0,
121,44249,122.91388888888889,39,WFON,(,Waveform onset,qrs_onset,qrs,0,0,1,
121,44281,123.00277777777778,1,NORMAL,N,Normal beat,qrs_peak,qrs,0,0,0,
121,44294,123.03888888888889,40,WFOFF,),Waveform end,qrs_offset,qrs,0,0,1,
121,44342,123.17222222222222,39,WFON,(,Waveform onset,t_onset,t,0,0,2,
121,44364,123.23333333333333,27,TWAVE,t,T-wave peak,t_peak,t,0,0,5,
121,44451,123.475,27,TWAVE,t,T-wave peak,t_peak,t,0,0,5,
121,44503,123.61944444444444,40,WFOFF,),Waveform end,t_offset,t,0,0,2,
121,44567,123.79722222222222,39,WFON,(,Waveform onset,p_onset,p,0,0,0,
121,44589,123.85833333333333,24,PWAVE,p,P-wave peak,p_peak,p,0,0,0,
121,44607,123.90833333333333,40,WFOFF,),Waveform end,p_offset,p,0,0,0,
121,44615,123.93055555555556,39,WFON,(,Waveform onset,qrs_onset,qrs,0,0,1,
121,44642,124.00555555555556,1,NORMAL,N,Normal beat,qrs_peak,qrs,0,0,0,
121,44654,124.03888888888889,40,WFOFF,),Waveform end,qrs_offset,qrs,0,0,1,
121,44712,124.2,39,WFON,(,Waveform onset,t_onset,t,0,0,2,
121,44735,124.26388888888889,27,TWAVE,t,T-wave peak,t_peak,t,0,0,5,
121,44821,124.50277777777778,27,TWAVE,t,T-wave peak,t_peak,t,0,0,5,
121,44842,124.56111111111112,40,WFOFF,),Waveform end,t_offset,t,0,0,2,
121,44934,124.81666666666666,39,WFON,(,Waveform onset,p_onset,p,0,0,0,
121,44954,124.87222222222222,24,PWAVE,p,P-wave peak,p_peak,p,0,0,0,
121,44972,124.92222222222222,40,WFOFF,),Waveform end,p_offset,p,0,0,0,
121,44979,124.94166666666666,39,WFON,(,Waveform onset,qrs_onset,qrs,0,0,1,
121,45008,125.02222222222223,1,NORMAL,N,Normal beat,qrs_peak,qrs,0,0,0,
121,45020,125.05555555555556,40,WFOFF,),Waveform end,qrs_offset,qrs,0,0,1,
121,45072,125.2,39,WFON,(,Waveform onset,t_onset,t,0,0,2,
121,45100,125.27777777777777,27,TWAVE,t,T-wave peak,t_peak,t,0,0,5,
121,45190,125.52777777777777,27,TWAVE,t,T-wave peak,t_peak,t,0,0,5,
121,45226,125.62777777777778,40,WFOFF,),Waveform end,t_offset,t,0,0,2,
121,45299,125.83055555555555,39,WFON,(,Waveform onset,p_onset,p,0,0,0,
121,45315,125.875,24,PWAVE,p,P-wave peak,p_peak,p,0,0,0,
121,45336,125.93333333333334,40,WFOFF,),Waveform end,p_offset,p,0,0,0,
121,45340,125.94444444444444,39,WFON,(,Waveform onset,qrs_onset,qrs,0,0,1,
121,45369,126.025,1,NORMAL,N,Normal beat,qrs_peak,qrs,0,0,0,
121,45384,126.06666666666666,40,WFOFF,),Waveform end,qrs_offset,qrs,0,0,1,
121,45584,126.62222222222222,39,WFON,(,Waveform onset,t_onset,t,0,0,2,
121,45593,126.64722222222223,27,TWAVE,t,T-wave peak,t_peak,t,0,0,1,
121,45606,126.68333333333334,40,WFOFF,),Waveform end,t_offset,t,0,0,2,
121,45647,126.79722222222222,39,WFON,(,Waveform onset,p_onset,p,0,0,0,
121,45666,126.85,24,PWAVE,p,P-wave peak,p_peak,p,0,0,0,
121,45686,126.90555555555555,40,WFOFF,),Waveform end,p_offset,p,0,0,0,
121,45698,126.93888888888888,39,WFON,(,Waveform onset,qrs_onset,qrs,0,0,1,
121,45717,126.99166666666666,1,NORMAL,N,Normal beat,qrs_peak,qrs,0,0,0,
121,45733,127.03611111111111,40,WFOFF,),Waveform end,qrs_offset,qrs,0,0,1,
121,45782,127.17222222222222,39,WFON,(,Waveform onset,t_onset,t,0,0,2,
121,45811,127.25277777777778,27,TWAVE,t,T-wave peak,t_peak,t,0,0,5,
121,45902,127.50555555555556,27,TWAVE,t,T-wave peak,t_peak,t,0,0,5,
121,45928,127.57777777777778,40,WFOFF,),Waveform end,t_offset,t,0,0,2,
121,46001,127.78055555555555,39,WFON,(,Waveform onset,p_onset,p,0,0,0,
121,46024,127.84444444444445,24,PWAVE,p,P-wave peak,p_peak,p,0,0,0,
121,46037,127.88055555555556,40,WFOFF,),Waveform end,p_offset,p,0,0,0,
121,46048,127.91111111111111,39,WFON,(,Waveform onset,qrs_onset,qrs,0,0,1,
121,46073,127.98055555555555,1,NORMAL,N,Normal beat,qrs_peak,qrs,0,0,0,
121,46088,128.0222222222222,40,WFOFF,),Waveform end,qrs_offset,qrs,0,0,1,
121,46096,128.04444444444445,39,WFON,(,Waveform onset,t_onset,t,0,0,2,
121,46160,128.22222222222223,27,TWAVE,t,T-wave peak,t_peak,t,0,0,5,
121,46284,128.56666666666666,27,TWAVE,t,T-wave peak,t_peak,t,0,0,5,
121,46297,128.6027777777778,40,WFOFF,),Waveform end,t_offset,t,0,0,2,
121,46353,128.75833333333333,39,WFON,(,Waveform onset,p_onset,p,0,0,0,
121,46380,128.83333333333334,24,PWAVE,p,P-wave peak,p_peak,p,0,0,0,
121,46393,128.86944444444444,40,WFOFF,),Waveform end,p_offset,p,0,0,0,
121,46397,128.88055555555556,39,WFON,(,Waveform onset,qrs_onset,qrs,0,0,1,
121,46426,128.9611111111111,1,NORMAL,N,Normal beat,qrs_peak,qrs,0,0,0,
121,46440,129.0,40,WFOFF,),Waveform end,qrs_offset,qrs,0,0,1,
121,46455,129.04166666666666,39,WFON,(,Waveform onset,t_onset,t,0,0,2,
121,46515,129.20833333333334,27,TWAVE,t,T-wave peak,t_peak,t,0,0,5,
121,46606,129.4611111111111,27,TWAVE,t,T-wave peak,t_peak,t,0,0,5,
121,46621,129.50277777777777,40,WFOFF,),Waveform end,t_offset,t,0,0,2,
121,46708,129.74444444444444,39,WFON,(,Waveform onset,p_onset,p,0,0,0,
121,46733,129.8138888888889,24,PWAVE,p,P-wave peak,p_peak,p,0,0,0,
121,46747,129.8527777777778,40,WFOFF,),Waveform end,p_offset,p,0,0,0,
121,46755,129.875,39,WFON,(,Waveform onset,qrs_onset,qrs,0,0,1,
121,46781,129.94722222222222,1,NORMAL,N,Normal beat,qrs_peak,qrs,0,0,0,
121,46796,129.98888888888888,40,WFOFF,),Waveform end,qrs_offset,qrs,0,0,1,
121,46812,130.03333333333333,39,WFON,(,Waveform onset,t_onset,t,0,0,2,
121,46871,130.19722222222222,27,TWAVE,t,T-wave peak,t_peak,t,0,0,5,
121,46994,130.5388888888889,27,TWAVE,t,T-wave peak,t_peak,t,0,0,5,
121,47003,130.5638888888889,40,WFOFF,),Waveform end,t_offset,t,0,0,2,
121,47058,130.71666666666667,39,WFON,(,Waveform onset,p_onset,p,0,0,0,
121,47076,130.76666666666668,24,PWAVE,p,P-wave peak,p_peak,p,0,0,0,
121,47092,130.8111111111111,40,WFOFF,),Waveform end,p_offset,p,0,0,0,
121,47095,130.81944444444446,39,WFON,(,Waveform onset,qrs_onset,qrs,0,0,1,
121,47129,130.9138888888889,1,NORMAL,N,Normal beat,qrs_peak,qrs,0,0,0,
121,47141,130.94722222222222,40,WFOFF,),Waveform end,qrs_offset,qrs,0,0,1,
121,47188,131.07777777777778,39,WFON,(,Waveform onset,t_onset,t,0,0,2,
121,47218,131.1611111111111,27,TWAVE,t,T-wave peak,t_peak,t,0,0,5,
121,47301,131.39166666666668,27,TWAVE,t,T-wave peak,t_peak,t,0,0,5,
121,47313,131.425,40,WFOFF,),Waveform end,t_offset,t,0,0,2,
121,47404,131.67777777777778,39,WFON,(,Waveform onset,p_onset,p,0,0,0,
121,47424,131.73333333333332,24,PWAVE,p,P-wave peak,p_peak,p,0,0,0,
121,47441,131.78055555555557,40,WFOFF,),Waveform end,p_offset,p,0,0,0,
121,47451,131.80833333333334,39,WFON,(,Waveform onset,qrs_onset,qrs,0,0,1,
121,47474,131.87222222222223,1,NORMAL,N,Normal beat,qrs_peak,qrs,0,0,0,
121,47494,131.92777777777778,40,WFOFF,),Waveform end,qrs_offset,qrs,0,0,1,
121,47545,132.06944444444446,39,WFON,(,Waveform onset,t_onset,t,0,0,2,
121,47563,132.11944444444444,27,TWAVE,t,T-wave peak,t_peak,t,0,0,5,
121,47642,132.3388888888889,27,TWAVE,t,T-wave peak,t_peak,t,0,0,5,
121,47684,132.45555555555555,40,WFOFF,),Waveform end,t_offset,t,0,0,2,
121,47744,132.62222222222223,39,WFON,(,Waveform onset,p_onset,p,0,0,0,
121,47772,132.7,24,PWAVE,p,P-wave peak,p_peak,p,0,0,0,
121,47787,132.74166666666667,40,WFOFF,),Waveform end,p_offset,p,0,0,0,
121,47790,132.75,39,WFON,(,Waveform onset,qrs_onset,qrs,0,0,1,
121,47819,132.83055555555555,1,NORMAL,N,Normal beat,qrs_peak,qrs,0,0,0,
121,47835,132.875,40,WFOFF,),Waveform end,qrs_offset,qrs,0,0,1,
121,47849,132.9138888888889,39,WFON,(,Waveform onset,t_onset,t,0,0,2,
121,47903,133.0638888888889,27,TWAVE,t,T-wave peak,t_peak,t,0,0,5,
121,48038,133.4388888888889,27,TWAVE,t,T-wave peak,t_peak,t,0,0,5,
121,48057,133.49166666666667,40,WFOFF,),Waveform end,t_offset,t,0,0,2,
121,48090,133.58333333333334,39,WFON,(,Waveform onset,p_onset,p,0,0,0,
121,48105,133.625,24,PWAVE,p,P-wave peak,p_peak,p,0,0,0,
121,48127,133.6861111111111,40,WFOFF,),Waveform end,p_offset,p,0,0,0,
121,48136,133.7111111111111,39,WFON,(,Waveform onset,qrs_onset,qrs,0,0,1,
121,48160,133.77777777777777,1,NORMAL,N,Normal beat,qrs_peak,qrs,0,0,0,
121,48173,133.8138888888889,40,WFOFF,),Waveform end,qrs_offset,qrs,0,0,1,
121,48183,133.84166666666667,39,WFON,(,Waveform onset,t_onset,t,0,0,2,
121,48247,134.01944444444445,27,TWAVE,t,T-wave peak,t_peak,t,0,0,5,
121,48368,134.35555555555555,27,TWAVE,t,T-wave peak,t_peak,t,0,0,5,
121,48381,134.39166666666668,40,WFOFF,),Waveform end,t_offset,t,0,0,2,
121,48427,134.51944444444445,39,WFON,(,Waveform onset,p_onset,p,0,0,0,
121,48452,134.5888888888889,24,PWAVE,p,P-wave peak,p_peak,p,0,0,0,
121,48463,134.61944444444444,40,WFOFF,),Waveform end,p_offset,p,0,0,0,
121,48471,134.64166666666668,39,WFON,(,Waveform onset,qrs_onset,qrs,0,0,1,
121,48494,134.70555555555555,1,NORMAL,N,Normal beat,qrs_peak,qrs,0,0,0,
121,48509,134.74722222222223,40,WFOFF,),Waveform end,qrs_offset,qrs,0,0,1,
121,48554,134.87222222222223,39,WFON,(,Waveform onset,t_onset,t,0,0,2,
121,48576,134.93333333333334,27,TWAVE,t,T-wave peak,t_peak,t,0,0,5,
121,48674,135.20555555555555,27,TWAVE,t,T-wave peak,t_peak,t,0,0,5,
121,48717,135.325,40,WFOFF,),Waveform end,t_offset,t,0,0,2,
121,48762,135.45,39,WFON,(,Waveform onset,p_onset,p,0,0,0,
121,48789,135.525,24,PWAVE,p,P-wave peak,p_peak,p,0,0,0,
121,48802,135.5611111111111,40,WFOFF,),Waveform end,p_offset,p,0,0,0,
121,48808,135.57777777777778,39,WFON,(,Waveform onset,qrs_onset,qrs,0,0,1,
121,48833,135.6472222222222,1,NORMAL,N,Normal beat,qrs_peak,qrs,0,0,0,
121,48849,135.69166666666666,40,WFOFF,),Waveform end,qrs_offset,qrs,0,0,1,
121,48856,135.7111111111111,39,WFON,(,Waveform onset,t_onset,t,0,0,2,
121,48923,135.8972222222222,27,TWAVE,t,T-wave peak,t_peak,t,0,0,5,
121,49010,136.13888888888889,27,TWAVE,t,T-wave peak,t_peak,t,0,0,5,
121,49064,136.2888888888889,40,WFOFF,),Waveform end,t_offset,t,0,0,2,
121,49104,136.4,39,WFON,(,Waveform onset,p_onset,p,0,0,0,
121,49130,136.47222222222223,24,PWAVE,p,P-wave peak,p_peak,p,0,0,0,
121,49143,136.50833333333333,40,WFOFF,),Waveform end,p_offset,p,0,0,0,
121,49146,136.51666666666668,39,WFON,(,Waveform onset,qrs_onset,qrs,0,0,1,
121,49175,136.59722222222223,1,NORMAL,N,Normal beat,qrs_peak,qrs,0,0,0,
121,49189,136.63611111111112,40,WFOFF,),Waveform end,qrs_offset,qrs,0,0,1,
121,49203,136.675,39,WFON,(,Waveform onset,t_onset,t,0,0,2,
121,49263,136.84166666666667,27,TWAVE,t,T-wave peak,t_peak,t,0,0,5,
121,49349,137.08055555555555,27,TWAVE,t,T-wave peak,t_peak,t,0,0,5,
121,49389,137.19166666666666,40,WFOFF,),Waveform end,t_offset,t,0,0,2,
121,49448,137.35555555555555,39,WFON,(,Waveform onset,p_onset,p,0,0,0,
121,49472,137.42222222222222,24,PWAVE,p,P-wave peak,p_peak,p,0,0,0,
121,49486,137.4611111111111,40,WFOFF,),Waveform end,p_offset,p,0,0,0,
121,49493,137.48055555555555,39,WFON,(,Waveform onset,qrs_onset,qrs,0,0,1,
121,49519,137.55277777777778,1,NORMAL,N,Normal beat,qrs_peak,qrs,0,0,0,
121,49533,137.59166666666667,40,WFOFF,),Waveform end,qrs_offset,qrs,0,0,1,
121,49589,137.74722222222223,39,WFON,(,Waveform onset,t_onset,t,0,0,2,
121,49607,137.79722222222222,27,TWAVE,t,T-wave peak,t_peak,t,0,0,5,
121,49731,138.14166666666668,27,TWAVE,t,T-wave peak,t_peak,t,0,0,5,
121,49752,138.2,40,WFOFF,),Waveform end,t_offset,t,0,0,2,
121,49797,138.325,39,WFON,(,Waveform onset,p_onset,p,0,0,0,
121,49825,138.40277777777777,24,PWAVE,p,P-wave peak,p_peak,p,0,0,0,
121,49839,138.44166666666666,40,WFOFF,),Waveform end,p_offset,p,0,0,0,
121,49842,138.45,39,WFON,(,Waveform onset,qrs_onset,qrs,0,0,1,
121,49872,138.53333333333333,1,NORMAL,N,Normal beat,qrs_peak,qrs,0,0,0,
121,49886,138.57222222222222,40,WFOFF,),Waveform end,qrs_offset,qrs,0,0,1,
121,49936,138.7111111111111,39,WFON,(,Waveform onset,t_onset,t,0,0,2,
121,49962,138.78333333333333,27,TWAVE,t,T-wave peak,t_peak,t,0,0,5,
121,50054,139.0388888888889,27,TWAVE,t,T-wave peak,t_peak,t,0,0,5,
121,50065,139.06944444444446,40,WFOFF,),Waveform end,t_offset,t,0,0,2,
121,50144,139.2888888888889,39,WFON,(,Waveform onset,p_onset,p,0,0,0,
121,50163,139.34166666666667,24,PWAVE,p,P-wave peak,p_peak,p,0,0,0,
121,50185,139.40277777777777,40,WFOFF,),Waveform end,p_offset,p,0,0,0,
121,50190,139.41666666666666,39,WFON,(,Waveform onset,qrs_onset,qrs,0,0,1,
121,50219,139.49722222222223,1,NORMAL,N,Normal beat,qrs_peak,qrs,0,0,0,
121,50233,139.5361111111111,40,WFOFF,),Waveform end,qrs_offset,qrs,0,0,1,
121,50245,139.56944444444446,39,WFON,(,Waveform onset,t_onset,t,0,0,2,
121,50311,139.75277777777777,27,TWAVE,t,T-wave peak,t_peak,t,0,0,5,
121,50419,140.05277777777778,27,TWAVE,t,T-wave peak,t_peak,t,0,0,5,
121,50439,140.10833333333332,40,WFOFF,),Waveform end,t_offset,t,0,0,2,
121,50499,140.275,39,WFON,(,Waveform onset,p_onset,p,0,0,0,
121,50522,140.3388888888889,24,PWAVE,p,P-wave peak,p_peak,p,0,0,0,
121,50536,140.37777777777777,40,WFOFF,),Waveform end,p_offset,p,0,0,0,
121,50539,140.38611111111112,39,WFON,(,Waveform onset,qrs_onset,qrs,0,0,1,
121,50568,140.46666666666667,1,NORMAL,N,Normal beat,qrs_peak,qrs,0,0,0,
121,50582,140.50555555555556,40,WFOFF,),Waveform end,qrs_offset,qrs,0,0,1,
121,50635,140.65277777777777,39,WFON,(,Waveform onset,t_onset,t,0,0,2,
121,50660,140.72222222222223,27,TWAVE,t,T-wave peak,t_peak,t,0,0,5,
121,50750,140.97222222222223,27,TWAVE,t,T-wave peak,t_peak,t,0,0,5,
121,50778,141.05,40,WFOFF,),Waveform end,t_offset,t,0,0,2,
121,50848,141.24444444444444,39,WFON,(,Waveform onset,p_onset,p,0,0,0,
121,50866,141.29444444444445,24,PWAVE,p,P-wave peak,p_peak,p,0,0,0,
121,50888,141.35555555555555,40,WFOFF,),Waveform end,p_offset,p,0,0,0,
121,50896,141.37777777777777,39,WFON,(,Waveform onset,qrs_onset,qrs,0,0,1,
121,50921,141.44722222222222,1,NORMAL,N,Normal beat,qrs_peak,qrs,0,0,0,
121,50936,141.48888888888888,40,WFOFF,),Waveform end,qrs_offset,qrs,0,0,1,
121,50943,141.50833333333333,39,WFON,(,Waveform onset,t_onset,t,0,0,2,
121,51013,141.70277777777778,27,TWAVE,t,T-wave peak,t_peak,t,0,0,0,
121,51053,141.8138888888889,40,WFOFF,),Waveform end,t_offset,t,0,0,2,
121,51186,142.18333333333334,39,WFON,(,Waveform onset,p_onset,p,0,0,0,
121,51207,142.24166666666667,24,PWAVE,p,P-wave peak,p_peak,p,0,0,0,
121,51224,142.2888888888889,40,WFOFF,),Waveform end,p_offset,p,0,0,0,
121,51233,142.3138888888889,39,WFON,(,Waveform onset,qrs_onset,qrs,0,0,1,
121,51258,142.38333333333333,1,NORMAL,N,Normal beat,qrs_peak,qrs,0,0,0,
121,51272,142.42222222222222,40,WFOFF,),Waveform end,qrs_offset,qrs,0,0,1,
121,51312,142.53333333333333,39,WFON,(,Waveform onset,t_onset,t,0,0,2,
121,51347,142.63055555555556,27,TWAVE,t,T-wave peak,t_peak,t,0,0,5,
121,51452,142.92222222222222,27,TWAVE,t,T-wave peak,t_peak,t,0,0,5,
121,51466,142.9611111111111,40,WFOFF,),Waveform end,t_offset,t,0,0,2,
121,51529,143.13611111111112,39,WFON,(,Waveform onset,p_onset,p,0,0,0,
121,51551,143.19722222222222,24,PWAVE,p,P-wave peak,p_peak,p,0,0,0,
121,51569,143.24722222222223,40,WFOFF,),Waveform end,p_offset,p,0,0,0,
121,51572,143.25555555555556,39,WFON,(,Waveform onset,qrs_onset,qrs,0,0,1,
121,51600,143.33333333333334,1,NORMAL,N,Normal beat,qrs_peak,qrs,0,0,0,
121,51613,143.36944444444444,40,WFOFF,),Waveform end,qrs_offset,qrs,0,0,1,
121,51664,143.51111111111112,39,WFON,(,Waveform onset,t_onset,t,0,0,2,
121,51686,143.57222222222222,27,TWAVE,t,T-wave peak,t_peak,t,0,0,5,
121,51787,143.8527777777778,27,TWAVE,t,T-wave peak,t_peak,t,0,0,5,
121,51813,143.925,40,WFOFF,),Waveform end,t_offset,t,0,0,2,
121,51872,144.0888888888889,39,WFON,(,Waveform onset,p_onset,p,0,0,0,
121,51892,144.14444444444445,24,PWAVE,p,P-wave peak,p_peak,p,0,0,0,
121,51908,144.1888888888889,40,WFOFF,),Waveform end,p_offset,p,0,0,0,
121,51914,144.20555555555555,39,WFON,(,Waveform onset,qrs_onset,qrs,0,0,1,
121,51942,144.28333333333333,1,NORMAL,N,Normal beat,qrs_peak,qrs,0,0,0,
121,51957,144.325,40,WFOFF,),Waveform end,qrs_offset,qrs,0,0,1,
121,51965,144.34722222222223,39,WFON,(,Waveform onset,t_onset,t,0,0,2,
121,52031,144.53055555555557,27,TWAVE,t,T-wave peak,t_peak,t,0,0,5,
121,52131,144.80833333333334,27,TWAVE,t,T-wave peak,t_peak,t,0,0,5,
121,52147,144.8527777777778,40,WFOFF,),Waveform end,t_offset,t,0,0,2,
121,52207,145.01944444444445,39,WFON,(,Waveform onset,p_onset,p,0,0,0,
121,52226,145.07222222222222,24,PWAVE,p,P-wave peak,p_peak,p,0,0,0,
121,52246,145.12777777777777,40,WFOFF,),Waveform end,p_offset,p,0,0,0,
121,52254,145.15,39,WFON,(,Waveform onset,qrs_onset,qrs,0,0,1,
121,52278,145.21666666666667,1,NORMAL,N,Normal beat,qrs_peak,qrs,0,0,0,
121,52292,145.25555555555556,40,WFOFF,),Waveform end,qrs_offset,qrs,0,0,1,
121,52300,145.27777777777777,39,WFON,(,Waveform onset,t_onset,t,0,0,2,
121,52367,145.4638888888889,27,TWAVE,t,T-wave peak,t_peak,t,0,0,5,
121,52447,145.6861111111111,27,TWAVE,t,T-wave peak,t_peak,t,0,0,5,
121,52489,145.80277777777778,40,WFOFF,),Waveform end,t_offset,t,0,0,2,
121,52532,145.92222222222222,39,WFON,(,Waveform onset,p_onset,p,0,0,0,
121,52552,145.9777777777778,24,PWAVE,p,P-wave peak,p_peak,p,0,0,0,
121,52570,146.02777777777777,40,WFOFF,),Waveform end,p_offset,p,0,0,0,
121,52578,146.05,39,WFON,(,Waveform onset,qrs_onset,qrs,0,0,1,
121,52604,146.12222222222223,1,NORMAL,N,Normal beat,qrs_peak,qrs,0,0,0,
121,52618,146.1611111111111,40,WFOFF,),Waveform end,qrs_offset,qrs,0,0,1,
121,52627,146.1861111111111,39,WFON,(,Waveform onset,t_onset,t,0,0,2,
121,52692,146.36666666666667,27,TWAVE,t,T-wave peak,t_peak,t,0,0,5,
121,52793,146.6472222222222,27,TWAVE,t,T-wave peak,t_peak,t,0,0,5,
121,52823,146.73055555555555,40,WFOFF,),Waveform end,t_offset,t,0,0,2,
121,52870,146.86111111111111,39,WFON,(,Waveform onset,p_onset,p,0,0,0,
121,52891,146.91944444444445,24,PWAVE,p,P-wave peak,p_peak,p,0,0,0,
121,52910,146.97222222222223,40,WFOFF,),Waveform end,p_offset,p,0,0,0,
121,52915,146.98611111111111,39,WFON,(,Waveform onset,qrs_onset,qrs,0,0,1,
121,52942,147.0611111111111,1,NORMAL,N,Normal beat,qrs_peak,qrs,0,0,0,
121,52957,147.1027777777778,40,WFOFF,),Waveform end,qrs_offset,qrs,0,0,1,
121,53010,147.25,39,WFON,(,Waveform onset,t_onset,t,0,0,2,
121,53030,147.30555555555554,27,TWAVE,t,T-wave peak,t_peak,t,0,0,5,
121,53127,147.575,27,TWAVE,t,T-wave peak,t_peak,t,0,0,5,
121,53150,147.63888888888889,40,WFOFF,),Waveform end,t_offset,t,0,0,2,
121,53206,147.79444444444445,39,WFON,(,Waveform onset,p_onset,p,0,0,0,
121,53227,147.8527777777778,24,PWAVE,p,P-wave peak,p_peak,p,0,0,0,
121,53246,147.90555555555557,40,WFOFF,),Waveform end,p_offset,p,0,0,0,
121,53252,147.92222222222222,39,WFON,(,Waveform onset,qrs_onset,qrs,0,0,1,
121,53278,147.99444444444444,1,NORMAL,N,Normal beat,qrs_peak,qrs,0,0,0,
121,53292,148.03333333333333,40,WFOFF,),Waveform end,qrs_offset,qrs,0,0,1,
121,53343,148.175,39,WFON,(,Waveform onset,t_onset,t,0,0,2,
121,53365,148.23611111111111,27,TWAVE,t,T-wave peak,t_peak,t,0,0,5,
121,53478,148.55,27,TWAVE,t,T-wave peak,t_peak,t,0,0,5,
121,53495,148.59722222222223,40,WFOFF,),Waveform end,t_offset,t,0,0,2,
121,53552,148.75555555555556,39,WFON,(,Waveform onset,p_onset,p,0,0,0,
121,53572,148.8111111111111,24,PWAVE,p,P-wave peak,p_peak,p,0,0,0,
121,53590,148.86111111111111,40,WFOFF,),Waveform end,p_offset,p,0,0,0,
121,53599,148.88611111111112,39,WFON,(,Waveform onset,qrs_onset,qrs,0,0,1,
121,53622,148.95,1,NORMAL,N,Normal beat,qrs_peak,qrs,0,0,0,
121,53638,148.99444444444444,40,WFOFF,),Waveform end,qrs_offset,qrs,0,0,1,
121,53659,149.05277777777778,39,WFON,(,Waveform onset,t_onset,t,0,0,2,
121,53711,149.19722222222222,27,TWAVE,t,T-wave peak,t_peak,t,0,0,5,
121,53810,149.47222222222223,27,TWAVE,t,T-wave peak,t_peak,t,0,0,5,
121,53823,149.50833333333333,40,WFOFF,),Waveform end,t_offset,t,0,0,2,
121,53907,149.74166666666667,39,WFON,(,Waveform onset,p_onset,p,0,0,0,
121,53930,149.80555555555554,24,PWAVE,p,P-wave peak,p_peak,p,0,0,0,
121,53948,149.85555555555555,40,WFOFF,),Waveform end,p_offset,p,0,0,0,
121,53957,149.88055555555556,39,WFON,(,Waveform onset,qrs_onset,qrs,0,0,1,
121,53983,149.95277777777778,1,NORMAL,N,Normal beat,qrs_peak,qrs,0,0,0,
121,53998,149.99444444444444,40,WFOFF,),Waveform end,qrs_offset,qrs,0,0,1,
121,54051,150.14166666666668,39,WFON,(,Waveform onset,t_onset,t,0,0,2,
121,54073,150.20277777777778,27,TWAVE,t,T-wave peak,t_peak,t,0,0,5,
121,54174,150.48333333333332,27,TWAVE,t,T-wave peak,t_peak,t,0,0,5,
121,54189,150.525,40,WFOFF,),Waveform end,t_offset,t,0,0,2,
121,54268,150.74444444444444,39,WFON,(,Waveform onset,p_onset,p,0,0,0,
121,54294,150.81666666666666,24,PWAVE,p,P-wave peak,p_peak,p,0,0,0,
121,54308,150.85555555555555,40,WFOFF,),Waveform end,p_offset,p,0,0,0,
121,54318,150.88333333333333,39,WFON,(,Waveform onset,qrs_onset,qrs,0,0,1,
121,54341,150.94722222222222,1,NORMAL,N,Normal beat,qrs_peak,qrs,0,0,0,
121,54355,150.98611111111111,40,WFOFF,),Waveform end,qrs_offset,qrs,0,0,1,
121,54377,151.04722222222222,39,WFON,(,Waveform onset,t_onset,t,0,0,2,
121,54432,151.2,27,TWAVE,t,T-wave peak,t_peak,t,0,0,5,
121,54530,151.47222222222223,27,TWAVE,t,T-wave peak,t_peak,t,0,0,5,
121,54579,151.60833333333332,40,WFOFF,),Waveform end,t_offset,t,0,0,2,
121,54632,151.75555555555556,39,WFON,(,Waveform onset,p_onset,p,0,0,0,
121,54658,151.82777777777778,24,PWAVE,p,P-wave peak,p_peak,p,0,0,0,
121,54669,151.85833333333332,40,WFOFF,),Waveform end,p_offset,p,0,0,0,
121,54676,151.87777777777777,39,WFON,(,Waveform onset,qrs_onset,qrs,0,0,1,
121,54700,151.94444444444446,1,NORMAL,N,Normal beat,qrs_peak,qrs,0,0,0,
121,54720,152.0,40,WFOFF,),Waveform end,qrs_offset,qrs,0,0,1,
121,54766,152.12777777777777,39,WFON,(,Waveform onset,t_onset,t,0,0,2,
121,54792,152.2,27,TWAVE,t,T-wave peak,t_peak,t,0,0,5,
121,54891,152.475,27,TWAVE,t,T-wave peak,t_peak,t,0,0,5,
121,54933,152.59166666666667,40,WFOFF,),Waveform end,t_offset,t,0,0,2,
121,54993,152.75833333333333,39,WFON,(,Waveform onset,p_onset,p,0,0,0,
121,55020,152.83333333333334,24,PWAVE,p,P-wave peak,p_peak,p,0,0,0,
121,55035,152.875,40,WFOFF,),Waveform end,p_offset,p,0,0,0,
121,55040,152.88888888888889,39,WFON,(,Waveform onset,qrs_onset,qrs,0,0,1,
121,55067,152.9638888888889,1,NORMAL,N,Normal beat,qrs_peak,qrs,0,0,0,
121,55080,153.0,40,WFOFF,),Waveform end,qrs_offset,qrs,0,0,1,
121,55133,153.1472222222222,39,WFON,(,Waveform onset,t_onset,t,0,0,2,
121,55155,153.20833333333334,27,TWAVE,t,T-wave peak,t_peak,t,0,0,5,
121,55243,153.45277777777778,27,TWAVE,t,T-wave peak,t_peak,t,0,0,5,
121,55284,153.56666666666666,40,WFOFF,),Waveform end,t_offset,t,0,0,2,
121,55357,153.76944444444445,39,WFON,(,Waveform onset,p_onset,p,0,0,0,
121,55380,153.83333333333334,24,PWAVE,p,P-wave peak,p_peak,p,0,0,0,
121,55395,153.875,40,WFOFF,),Waveform end,p_offset,p,0,0,0,
121,55401,153.89166666666668,39,WFON,(,Waveform onset,qrs_onset,qrs,0,0,1,
121,55425,153.95833333333334,1,NORMAL,N,Normal beat,qrs_peak,qrs,0,0,0,
121,55441,154.00277777777777,40,WFOFF,),Waveform end,qrs_offset,qrs,0,0,1,
121,55482,154.11666666666667,39,WFON,(,Waveform onset,t_onset,t,0,0,2,
121,55515,154.20833333333334,27,TWAVE,t,T-wave peak,t_peak,t,0,0,5,
121,55602,154.45,27,TWAVE,t,T-wave peak,t_peak,t,0,0,5,
121,55643,154.5638888888889,40,WFOFF,),Waveform end,t_offset,t,0,0,2,
121,55712,154.75555555555556,39,WFON,(,Waveform onset,p_onset,p,0,0,0,
121,55737,154.825,24,PWAVE,p,P-wave peak,p_peak,p,0,0,0,
121,55749,154.85833333333332,40,WFOFF,),Waveform end,p_offset,p,0,0,0,
121,55750,154.86111111111111,39,WFON,(,Waveform onset,qrs_onset,qrs,0,0,1,
121,55780,154.94444444444446,1,NORMAL,N,Normal beat,qrs_peak,qrs,0,0,0,
121,55795,154.98611111111111,40,WFOFF,),Waveform end,qrs_offset,qrs,0,0,1,
121,55832,155.0888888888889,39,WFON,(,Waveform onset,t_onset,t,0,0,2,
121,55872,155.2,27,TWAVE,t,T-wave peak,t_peak,t,0,0,5,
121,55953,155.425,27,TWAVE,t,T-wave peak,t_peak,t,0,0,5,
121,56003,155.5638888888889,40,WFOFF,),Waveform end,t_offset,t,0,0,2,
121,56074,155.76111111111112,39,WFON,(,Waveform onset,p_onset,p,0,0,0,
121,56096,155.82222222222222,24,PWAVE,p,P-wave peak,p_peak,p,0,0,0,
121,56112,155.86666666666667,40,WFOFF,),Waveform end,p_offset,p,0,0,0,
121,56120,155.88888888888889,39,WFON,(,Waveform onset,qrs_onset,qrs,0,0,1,
121,56142,155.95,1,NORMAL,N,Normal beat,qrs_peak,qrs,0,0,0,
121,56163,156.00833333333333,40,WFOFF,),Waveform end,qrs_offset,qrs,0,0,1,
121,56202,156.11666666666667,39,WFON,(,Waveform onset,t_onset,t,0,0,2,
121,56230,156.19444444444446,27,TWAVE,t,T-wave peak,t_peak,t,0,0,5,
121,56331,156.475,27,TWAVE,t,T-wave peak,t_peak,t,0,0,5,
121,56391,156.64166666666668,40,WFOFF,),Waveform end,t_offset,t,0,0,2,
121,56418,156.71666666666667,39,WFON,(,Waveform onset,p_onset,p,0,0,0,
121,56441,156.78055555555557,24,PWAVE,p,P-wave peak,p_peak,p,0,0,0,
121,56460,156.83333333333334,40,WFOFF,),Waveform end,p_offset,p,0,0,0,
121,56465,156.84722222222223,39,WFON,(,Waveform onset,qrs_onset,qrs,0,0,1,
121,56493,156.925,1,NORMAL,N,Normal beat,qrs_peak,qrs,0,0,0,
121,56506,156.9611111111111,40,WFOFF,),Waveform end,qrs_offset,qrs,0,0,1,
121,56562,157.11666666666667,39,WFON,(,Waveform onset,t_onset,t,0,0,2,
121,56578,157.1611111111111,27,TWAVE,t,T-wave peak,t_peak,t,0,0,5,
121,56705,157.51388888888889,27,TWAVE,t,T-wave peak,t_peak,t,0,0,5,
121,56739,157.60833333333332,40,WFOFF,),Waveform end,t_offset,t,0,0,2,
121,56771,157.69722222222222,39,WFON,(,Waveform onset,p_onset,p,0,0,0,
121,56796,157.76666666666668,24,PWAVE,p,P-wave peak,p_peak,p,0,0,0,
121,56808,157.8,40,WFOFF,),Waveform end,p_offset,p,0,0,0,
121,56816,157.82222222222222,39,WFON,(,Waveform onset,qrs_onset,qrs,0,0,1,
121,56843,157.8972222222222,1,NORMAL,N,Normal beat,qrs_peak,qrs,0,0,0,
121,56857,157.9361111111111,40,WFOFF,),Waveform end,qrs_offset,qrs,0,0,1,
121,56874,157.98333333333332,39,WFON,(,Waveform onset,t_onset,t,0,0,2,
121,56928,158.13333333333333,27,TWAVE,t,T-wave peak,t_peak,t,0,0,5,
121,57020,158.38888888888889,27,TWAVE,t,T-wave peak,t_peak,t,0,0,5,
121,57086,158.57222222222222,40,WFOFF,),Waveform end,t_offset,t,0,0,2,
121,57120,158.66666666666666,39,WFON,(,Waveform onset,p_onset,p,0,0,0,
121,57148,158.74444444444444,24,PWAVE,p,P-wave peak,p_peak,p,0,0,0,
121,57163,158.7861111111111,40,WFOFF,),Waveform end,p_offset,p,0,0,0,
121,57166,158.79444444444445,39,WFON,(,Waveform onset,qrs_onset,qrs,0,0,1,
121,57194,158.87222222222223,1,NORMAL,N,Normal beat,qrs_peak,qrs,0,0,0,
121,57209,158.9138888888889,40,WFOFF,),Waveform end,qrs_offset,qrs,0,0,1,
121,57233,158.98055555555555,39,WFON,(,Waveform onset,t_onset,t,0,0,2,
121,57279,159.10833333333332,27,TWAVE,t,T-wave peak,t_peak,t,0,0,5,
121,57380,159.38888888888889,27,TWAVE,t,T-wave peak,t_peak,t,0,0,5,
121,57420,159.5,40,WFOFF,),Waveform end,t_offset,t,0,0,2,
121,57469,159.63611111111112,39,WFON,(,Waveform onset,p_onset,p,0,0,0,
121,57498,159.71666666666667,24,PWAVE,p,P-wave peak,p_peak,p,0,0,0,
121,57510,159.75,40,WFOFF,),Waveform end,p_offset,p,0,0,0,
121,57514,159.76111111111112,39,WFON,(,Waveform onset,qrs_onset,qrs,0,0,1,
121,57542,159.8388888888889,1,NORMAL,N,Normal beat,qrs_peak,qrs,0,0,0,
121,57557,159.88055555555556,40,WFOFF,),Waveform end,qrs_offset,qrs,0,0,1,
121,57606,160.01666666666668,39,WFON,(,Waveform onset,t_onset,t,0,0,2,
121,57629,160.08055555555555,27,TWAVE,t,T-wave peak,t_peak,t,0,0,5,
121,57708,160.3,27,TWAVE,t,T-wave peak,t_peak,t,0,0,5,
121,57768,160.46666666666667,40,WFOFF,),Waveform end,t_offset,t,0,0,2,
121,57815,160.59722222222223,39,WFON,(,Waveform onset,p_onset,p,0,0,0,
121,57835,160.65277777777777,24,PWAVE,p,P-wave peak,p_peak,p,0,0,0,
121,57854,160.70555555555555,40,WFOFF,),Waveform end,p_offset,p,0,0,0,
121,57860,160.72222222222223,39,WFON,(,Waveform onset,qrs_onset,qrs,0,0,1,
121,57887,160.79722222222222,1,NORMAL,N,Normal beat,qrs_peak,qrs,0,0,0,
121,57902,160.8388888888889,40,WFOFF,),Waveform end,qrs_offset,qrs,0,0,1,
121,57952,160.9777777777778,39,WFON,(,Waveform onset,t_onset,t,0,0,2,
121,57973,161.0361111111111,27,TWAVE,t,T-wave peak,t_peak,t,0,0,5,
121,58064,161.2888888888889,27,TWAVE,t,T-wave peak,t_peak,t,0,0,5,
121,58128,161.46666666666667,40,WFOFF,),Waveform end,t_offset,t,0,0,2,
121,58162,161.5611111111111,39,WFON,(,Waveform onset,p_onset,p,0,0,0,
121,58183,161.61944444444444,24,PWAVE,p,P-wave peak,p_peak,p,0,0,0,
121,58197,161.65833333333333,40,WFOFF,),Waveform end,p_offset,p,0,0,0,
121,58207,161.6861111111111,39,WFON,(,Waveform onset,qrs_onset,qrs,0,0,1,
121,58230,161.75,1,NORMAL,N,Normal beat,qrs_peak,qrs,0,0,0,
121,58246,161.79444444444445,40,WFOFF,),Waveform end,qrs_offset,qrs,0,0,1,
121,58301,161.94722222222222,39,WFON,(,Waveform onset,t_onset,t,0,0,2,
121,58316,161.98888888888888,27,TWAVE,t,T-wave peak,t_peak,t,0,0,5,
121,58411,162.25277777777777,27,TWAVE,t,T-wave peak,t_peak,t,0,0,5,
121,58453,162.36944444444444,40,WFOFF,),Waveform end,t_offset,t,0,0,2,
121,58510,162.52777777777777,39,WFON,(,Waveform onset,p_onset,p,0,0,0,
121,58535,162.59722222222223,24,PWAVE,p,P-wave peak,p_peak,p,0,0,0,
121,58548,162.63333333333333,40,WFOFF,),Waveform end,p_offset,p,0,0,0,
121,58556,162.65555555555557,39,WFON,(,Waveform onset,qrs_onset,qrs,0,0,1,
121,58579,162.71944444444443,1,NORMAL,N,Normal beat,qrs_peak,qrs,0,0,0,
121,58593,162.75833333333333,40,WFOFF,),Waveform end,qrs_offset,qrs,0,0,1,
121,58604,162.7888888888889,39,WFON,(,Waveform onset,t_onset,t,0,0,2,
121,58661,162.94722222222222,27,TWAVE,t,T-wave peak,t_peak,t,0,0,5,
121,58763,163.23055555555555,27,TWAVE,t,T-wave peak,t_peak,t,0,0,5,
121,58793,163.3138888888889,40,WFOFF,),Waveform end,t_offset,t,0,0,2,
121,58855,163.48611111111111,39,WFON,(,Waveform onset,p_onset,p,0,0,0,
121,58881,163.55833333333334,24,PWAVE,p,P-wave peak,p_peak,p,0,0,0,
121,58894,163.59444444444443,40,WFOFF,),Waveform end,p_offset,p,0,0,0,
121,58896,163.6,39,WFON,(,Waveform onset,qrs_onset,qrs,0,0,1,
121,58928,163.6888888888889,1,NORMAL,N,Normal beat,qrs_peak,qrs,0,0,0,
121,58942,163.7277777777778,40,WFOFF,),Waveform end,qrs_offset,qrs,0,0,1,
121,58996,163.87777777777777,39,WFON,(,Waveform onset,t_onset,t,0,0,2,
121,59016,163.93333333333334,27,TWAVE,t,T-wave peak,t_peak,t,0,0,5,
121,59155,164.31944444444446,27,TWAVE,t,T-wave peak,t_peak,t,0,0,5,
121,59166,164.35,40,WFOFF,),Waveform end,t_offset,t,0,0,2,
121,59210,164.47222222222223,39,WFON,(,Waveform onset,p_onset,p,0,0,0,
121,59230,164.52777777777777,24,PWAVE,p,P-wave peak,p_peak,p,0,0,0,
121,59249,164.58055555555555,40,WFOFF,),Waveform end,p_offset,p,0,0,0,
121,59254,164.59444444444443,39,WFON,(,Waveform onset,qrs_onset,qrs,0,0,1,
121,59282,164.67222222222222,1,NORMAL,N,Normal beat,qrs_peak,qrs,0,0,0,
121,59303,164.73055555555555,40,WFOFF,),Waveform end,qrs_offset,qrs,0,0,1,
121,59356,164.87777777777777,39,WFON,(,Waveform onset,t_onset,t,0,0,2,
121,59371,164.91944444444445,27,TWAVE,t,T-wave peak,t_peak,t,0,0,5,
121,59455,165.15277777777777,27,TWAVE,t,T-wave peak,t_peak,t,0,0,5,
121,59476,165.2111111111111,40,WFOFF,),Waveform end,t_offset,t,0,0,2,
121,59554,165.42777777777778,39,WFON,(,Waveform onset,p_onset,p,0,0,0,
121,59569,165.46944444444443,24,PWAVE,p,P-wave peak,p_peak,p,0,0,0,
121,59595,165.54166666666666,40,WFOFF,),Waveform end,p_offset,p,0,0,0,
121,59601,165.55833333333334,39,WFON,(,Waveform onset,qrs_onset,qrs,0,0,1,
121,59625,165.625,1,NORMAL,N,Normal beat,qrs_peak,qrs,0,0,0,
121,59645,165.68055555555554,40,WFOFF,),Waveform end,qrs_offset,qrs,0,0,1,
121,59665,165.73611111111111,39,WFON,(,Waveform onset,t_onset,t,0,0,2,
121,59715,165.875,27,TWAVE,t,T-wave peak,t_peak,t,0,0,5,
121,59811,166.14166666666668,27,TWAVE,t,T-wave peak,t_peak,t,0,0,5,
121,59835,166.20833333333334,40,WFOFF,),Waveform end,t_offset,t,0,0,2,
121,59902,166.39444444444445,39,WFON,(,Waveform onset,p_onset,p,0,0,0,
121,59928,166.46666666666667,24,PWAVE,p,P-wave peak,p_peak,p,0,0,0,
121,59940,166.5,40,WFOFF,),Waveform end,p_offset,p,0,0,0,
121,59950,166.52777777777777,39,WFON,(,Waveform onset,qrs_onset,qrs,0,0,1,
121,59974,166.59444444444443,1,NORMAL,N,Normal beat,qrs_peak,qrs,0,0,0,
121,60001,166.66944444444445,40,WFOFF,),Waveform end,qrs_offset,qrs,0,0,1,
121,60006,166.68333333333334,39,WFON,(,Waveform onset,t_onset,t,0,0,2,
121,60064,166.84444444444443,27,TWAVE,t,T-wave peak,t_peak,t,0,0,5,
121,60153,167.09166666666667,27,TWAVE,t,T-wave peak,t_peak,t,0,0,5,
121,60183,167.175,40,WFOFF,),Waveform end,t_offset,t,0,0,2,
121,60253,167.36944444444444,39,WFON,(,Waveform onset,p_onset,p,0,0,0,
121,60274,167.42777777777778,24,PWAVE,p,P-wave peak,p_peak,p,0,0,0,
121,60293,167.48055555555555,40,WFOFF,),Waveform end,p_offset,p,0,0,0,
121,60299,167.49722222222223,39,WFON,(,Waveform onset,qrs_onset,qrs,0,0,1,
121,60325,167.56944444444446,1,NORMAL,N,Normal beat,qrs_peak,qrs,0,0,0,
121,60339,167.60833333333332,40,WFOFF,),Waveform end,qrs_offset,qrs,0,0,1,
121,60401,167.78055555555557,39,WFON,(,Waveform onset,t_onset,t,0,0,2,
121,60414,167.81666666666666,27,TWAVE,t,T-wave peak,t_peak,t,0,0,5,
121,60501,168.05833333333334,27,TWAVE,t,T-wave peak,t_peak,t,0,0,5,
121,60507,168.075,40,WFOFF,),Waveform end,t_offset,t,0,0,2,
121,60597,168.325,39,WFON,(,Waveform onset,p_onset,p,0,0,0,
121,60618,168.38333333333333,24,PWAVE,p,P-wave peak,p_peak,p,0,0,0,
121,60633,168.425,40,WFOFF,),Waveform end,p_offset,p,0,0,0,
121,60635,168.43055555555554,39,WFON,(,Waveform onset,qrs_onset,qrs,0,0,1,
121,60667,168.51944444444445,1,NORMAL,N,Normal beat,qrs_peak,qrs,0,0,0,
121,60680,168.55555555555554,40,WFOFF,),Waveform end,qrs_offset,qrs,0,0,1,
121,60689,168.58055555555555,39,WFON,(,Waveform onset,t_onset,t,0,0,2,
121,60749,168.74722222222223,27,TWAVE,t,T-wave peak,t_peak,t,0,0,5,
121,60837,168.99166666666667,27,TWAVE,t,T-wave peak,t_peak,t,0,0,5,
121,60871,169.0861111111111,40,WFOFF,),Waveform end,t_offset,t,0,0,2,
121,60937,169.26944444444445,39,WFON,(,Waveform onset,p_onset,p,0,0,0,
121,60954,169.31666666666666,24,PWAVE,p,P-wave peak,p_peak,p,0,0,0,
121,60975,169.375,40,WFOFF,),Waveform end,p_offset,p,0,0,0,
121,60982,169.39444444444445,39,WFON,(,Waveform onset,qrs_onset,qrs,0,0,1,
121,61008,169.46666666666667,1,NORMAL,N,Normal beat,qrs_peak,qrs,0,0,0,
121,61024,169.51111111111112,40,WFOFF,),Waveform end,qrs_offset,qrs,0,0,1,
121,61077,169.65833333333333,39,WFON,(,Waveform onset,t_onset,t,0,0,2,
121,61093,169.70277777777778,27,TWAVE,t,T-wave peak,t_peak,t,0,0,5,
121,61174,169.92777777777778,27,TWAVE,t,T-wave peak,t_peak,t,0,0,5,
121,61219,170.05277777777778,40,WFOFF,),Waveform end,t_offset,t,0,0,2,
121,61279,170.21944444444443,39,WFON,(,Waveform onset,p_onset,p,0,0,0,
121,61298,170.2722222222222,24,PWAVE,p,P-wave peak,p_peak,p,0,0,0,
121,61317,170.325,40,WFOFF,),Waveform end,p_offset,p,0,0,0,
121,61321,170.3361111111111,39,WFON,(,Waveform onset,qrs_onset,qrs,0,0,1,
121,61350,170.41666666666666,1,NORMAL,N,Normal beat,qrs_peak,qrs,0,0,0,
121,61364,170.45555555555555,40,WFOFF,),Waveform end,qrs_offset,qrs,0,0,1,
121,61387,170.51944444444445,39,WFON,(,Waveform onset,t_onset,t,0,0,2,
121,61433,170.6472222222222,27,TWAVE,t,T-wave peak,t_peak,t,0,0,5,
121,61526,170.90555555555557,27,TWAVE,t,T-wave peak,t_peak,t,0,0,5,
121,61539,170.94166666666666,40,WFOFF,),Waveform end,t_offset,t,0,0,2,
121,61622,171.17222222222222,39,WFON,(,Waveform onset,p_onset,p,0,0,0,
121,61645,171.23611111111111,24,PWAVE,p,P-wave peak,p_peak,p,0,0,0,
121,61659,171.275,40,WFOFF,),Waveform end,p_offset,p,0,0,0,
121,61666,171.29444444444445,39,WFON,(,Waveform onset,qrs_onset,qrs,0,0,1,
121,61693,171.36944444444444,1,NORMAL,N,Normal beat,qrs_peak,qrs,0,0,0,
121,61706,171.40555555555557,40,WFOFF,),Waveform end,qrs_offset,qrs,0,0,1,
121,61716,171.43333333333334,39,WFON,(,Waveform onset,t_onset,t,0,0,2,
121,61780,171.61111111111111,27,TWAVE,t,T-wave peak,t_peak,t,0,0,5,
121,61882,171.89444444444445,27,TWAVE,t,T-wave peak,t_peak,t,0,0,5,
121,61891,171.91944444444445,40,WFOFF,),Waveform end,t_offset,t,0,0,2,
121,61971,172.14166666666668,39,WFON,(,Waveform onset,p_onset,p,0,0,0,
121,61984,172.17777777777778,24,PWAVE,p,P-wave peak,p_peak,p,0,0,0,
121,62007,172.24166666666667,40,WFOFF,),Waveform end,p_offset,p,0,0,0,
121,62015,172.26388888888889,39,WFON,(,Waveform onset,qrs_onset,qrs,0,0,1,
121,62040,172.33333333333334,1,NORMAL,N,Normal beat,qrs_peak,qrs,0,0,0,
121,62057,172.38055555555556,40,WFOFF,),Waveform end,qrs_offset,qrs,0,0,1,
121,62095,172.48611111111111,39,WFON,(,Waveform onset,t_onset,t,0,0,2,
121,62127,172.575,27,TWAVE,t,T-wave peak,t_peak,t,0,0,5,
121,62229,172.85833333333332,27,TWAVE,t,T-wave peak,t_peak,t,0,0,5,
121,62248,172.9111111111111,40,WFOFF,),Waveform end,t_offset,t,0,0,2,
121,62314,173.09444444444443,39,WFON,(,Waveform onset,p_onset,p,0,0,0,
121,62336,173.15555555555557,24,PWAVE,p,P-wave peak,p_peak,p,0,0,0,
121,62353,173.20277777777778,40,WFOFF,),Waveform end,p_offset,p,0,0,0,
121,62360,173.22222222222223,39,WFON,(,Waveform onset,qrs_onset,qrs,0,0,1,
121,62383,173.2861111111111,1,NORMAL,N,Normal beat,qrs_peak,qrs,0,0,0,
121,62398,173.32777777777778,40,WFOFF,),Waveform end,qrs_offset,qrs,0,0,1,
121,62443,173.45277777777778,39,WFON,(,Waveform onset,t_onset,t,0,0,2,
121,62471,173.53055555555557,27,TWAVE,t,T-wave peak,t_peak,t,0,0,5,
121,62598,173.88333333333333,27,TWAVE,t,T-wave peak,t_peak,t,0,0,5,
121,62608,173.9111111111111,40,WFOFF,),Waveform end,t_offset,t,0,0,2,
121,62651,174.03055555555557,39,WFON,(,Waveform onset,p_onset,p,0,0,0,
121,62674,174.09444444444443,24,PWAVE,p,P-wave peak,p_peak,p,0,0,0,
121,62690,174.13888888888889,40,WFOFF,),Waveform end,p_offset,p,0,0,0,
121,62697,174.15833333333333,39,WFON,(,Waveform onset,qrs_onset,qrs,0,0,1,
121,62723,174.23055555555555,1,NORMAL,N,Normal beat,qrs_peak,qrs,0,0,0,
121,62742,174.28333333333333,40,WFOFF,),Waveform end,qrs_offset,qrs,0,0,1,
121,62747,174.29722222222222,39,WFON,(,Waveform onset,t_onset,t,0,0,2,
121,62773,174.36944444444444,27,TWAVE,t,T-wave peak,t_peak,t,0,0,5,
121,62900,174.72222222222223,27,TWAVE,t,T-wave peak,t_peak,t,0,0,5,
121,62919,174.775,40,WFOFF,),Waveform end,t_offset,t,0,0,2,
121,62990,174.97222222222223,39,WFON,(,Waveform onset,p_onset,p,0,0,0,
121,63003,175.00833333333333,24,PWAVE,p,P-wave peak,p_peak,p,0,0,0,
121,63010,175.02777777777777,40,WFOFF,),Waveform end,p_offset,p,0,0,0,
121,63017,175.04722222222222,39,WFON,(,Waveform onset,qrs_onset,qrs,0,0,1,
121,63061,175.16944444444445,1,NORMAL,N,Normal beat,qrs_peak,qrs,0,0,0,
121,63089,175.24722222222223,40,WFOFF,),Waveform end,qrs_offset,qrs,0,0,1,
121,63140,175.38888888888889,39,WFON,(,Waveform onset,t_onset,t,0,0,2,
121,63149,175.4138888888889,27,TWAVE,t,T-wave peak,t_peak,t,0,0,5,
121,63226,175.62777777777777,27,TWAVE,t,T-wave peak,t_peak,t,0,0,5,
121,63268,175.74444444444444,40,WFOFF,),Waveform end,t_offset,t,0,0,2,
121,63320,175.88888888888889,39,WFON,(,Waveform onset,p_onset,p,0,0,0,
121,63343,175.95277777777778,24,PWAVE,p,P-wave peak,p_peak,p,0,0,0,
121,63361,176.00277777777777,40,WFOFF,),Waveform end,p_offset,p,0,0,0,
121,63362,176.00555555555556,39,WFON,(,Waveform onset,qrs_onset,qrs,0,0,1,
121,63393,176.09166666666667,1,NORMAL,N,Normal beat,qrs_peak,qrs,0,0,0,
121,63414,176.15,40,WFOFF,),Waveform end,qrs_offset,qrs,0,0,1,
121,63455,176.26388888888889,39,WFON,(,Waveform onset,t_onset,t,0,0,2,
121,63481,176.3361111111111,27,TWAVE,t,T-wave peak,t_peak,t,0,0,5,
121,63574,176.59444444444443,27,TWAVE,t,T-wave peak,t_peak,t,0,0,5,
121,63615,176.70833333333334,40,WFOFF,),Waveform end,t_offset,t,0,0,2,
121,63665,176.84722222222223,39,WFON,(,Waveform onset,p_onset,p,0,0,0,
121,63678,176.88333333333333,24,PWAVE,p,P-wave peak,p_peak,p,0,0,0,
121,63701,176.94722222222222,40,WFOFF,),Waveform end,p_offset,p,0,0,0,
121,63707,176.9638888888889,39,WFON,(,Waveform onset,qrs_onset,qrs,0,0,1,
121,63732,177.03333333333333,1,NORMAL,N,Normal beat,qrs_peak,qrs,0,0,0,
121,63746,177.07222222222222,40,WFOFF,),Waveform end,qrs_offset,qrs,0,0,1,
121,63769,177.13611111111112,39,WFON,(,Waveform onset,t_onset,t,0,0,2,
121,63815,177.26388888888889,27,TWAVE,t,T-wave peak,t_peak,t,0,0,5,
121,63922,177.5611111111111,27,TWAVE,t,T-wave peak,t_peak,t,0,0,5,
121,63942,177.61666666666667,40,WFOFF,),Waveform end,t_offset,t,0,0,2,
121,63985,177.73611111111111,39,WFON,(,Waveform onset,p_onset,p,0,0,0,
121,64003,177.7861111111111,24,PWAVE,p,P-wave peak,p_peak,p,0,0,0,
121,64026,177.85,40,WFOFF,),Waveform end,p_offset,p,0,0,0,
121,64031,177.86388888888888,39,WFON,(,Waveform onset,qrs_onset,qrs,0,0,1,
121,64059,177.94166666666666,1,NORMAL,N,Normal beat,qrs_peak,qrs,0,0,0,
121,64074,177.98333333333332,40,WFOFF,),Waveform end,qrs_offset,qrs,0,0,1,
121,64082,178.00555555555556,39,WFON,(,Waveform onset,t_onset,t,0,0,2,
121,64145,178.18055555555554,27,TWAVE,t,T-wave peak,t_peak,t,0,0,5,
121,64238,178.4388888888889,27,TWAVE,t,T-wave peak,t_peak,t,0,0,5,
121,64248,178.46666666666667,40,WFOFF,),Waveform end,t_offset,t,0,0,2,
121,64318,178.6611111111111,39,WFON,(,Waveform onset,p_onset,p,0,0,0,
121,64334,178.70555555555555,24,PWAVE,p,P-wave peak,p_peak,p,0,0,0,
121,64356,178.76666666666668,40,WFOFF,),Waveform end,p_offset,p,0,0,0,
121,64358,178.7722222222222,39,WFON,(,Waveform onset,qrs_onset,qrs,0,0,1,
121,64387,178.8527777777778,1,NORMAL,N,Normal beat,qrs_peak,qrs,0,0,0,
121,64402,178.89444444444445,40,WFOFF,),Waveform end,qrs_offset,qrs,0,0,1,
121,64453,179.0361111111111,39,WFON,(,Waveform onset,t_onset,t,0,0,2,
121,64472,179.0888888888889,27,TWAVE,t,T-wave peak,t_peak,t,0,0,5,
121,64569,179.35833333333332,27,TWAVE,t,T-wave peak,t_peak,t,0,0,5,
121,64599,179.44166666666666,40,WFOFF,),Waveform end,t_offset,t,0,0,2,
121,64644,179.56666666666666,39,WFON,(,Waveform onset,p_onset,p,0,0,0,
121,64665,179.625,24,PWAVE,p,P-wave peak,p_peak,p,0,0,0,
121,64686,179.68333333333334,40,WFOFF,),Waveform end,p_offset,p,0,0,0,
121,64692,179.7,39,WFON,(,Waveform onset,qrs_onset,qrs,0,0,1,
121,64716,179.76666666666668,1,NORMAL,N,Normal beat,qrs_peak,qrs,0,0,0,
121,64732,179.8111111111111,40,WFOFF,),Waveform end,qrs_offset,qrs,0,0,1,
121,64774,179.92777777777778,39,WFON,(,Waveform onset,t_onset,t,0,0,2,
121,64808,180.0222222222222,27,TWAVE,t,T-wave peak,t_peak,t,0,0,5,
121,64904,180.2888888888889,27,TWAVE,t,T-wave peak,t_peak,t,0,0,5,
121,64916,180.32222222222222,40,WFOFF,),Waveform end,t_offset,t,0,0,2,
121,64977,180.49166666666667,39,WFON,(,Waveform onset,p_onset,p,0,0,0,
121,64992,180.53333333333333,24,PWAVE,p,P-wave peak,p_peak,p,0,0,0,
121,65015,180.59722222222223,40,WFOFF,),Waveform end,p_offset,p,0,0,0,
121,65018,180.60555555555555,39,WFON,(,Waveform onset,qrs_onset,qrs,0,0,1,
121,65050,180.69444444444446,1,NORMAL,N,Normal beat,qrs_peak,qrs,0,0,0,
121,65064,180.73333333333332,40,WFOFF,),Waveform end,qrs_offset,qrs,0,0,1,
121,65108,180.85555555555555,39,WFON,(,Waveform onset,t_onset,t,0,0,2,
121,65140,180.94444444444446,27,TWAVE,t,T-wave peak,t_peak,t,0,0,5,
121,65239,181.21944444444443,27,TWAVE,t,T-wave peak,t_peak,t,0,0,5,
121,65275,181.31944444444446,40,WFOFF,),Waveform end,t_offset,t,0,0,2,
121,65319,181.44166666666666,39,WFON,(,Waveform onset,p_onset,p,0,0,0,
121,65339,181.49722222222223,24,PWAVE,p,P-wave peak,p_peak,p,0,0,0,
121,65359,181.55277777777778,40,WFOFF,),Waveform end,p_offset,p,0,0,0,
121,65364,181.56666666666666,39,WFON,(,Waveform onset,qrs_onset,qrs,0,0,1,
121,65390,181.63888888888889,1,NORMAL,N,Normal beat,qrs_peak,qrs,0,0,0,
121,65405,181.68055555555554,40,WFOFF,),Waveform end,qrs_offset,qrs,0,0,1,
121,65421,181.725,39,WFON,(,Waveform onset,t_onset,t,0,0,2,
121,65477,181.88055555555556,27,TWAVE,t,T-wave peak,t_peak,t,0,0,5,
121,65566,182.12777777777777,27,TWAVE,t,T-wave peak,t_peak,t,0,0,5,
121,65612,182.25555555555556,40,WFOFF,),Waveform end,t_offset,t,0,0,2,
121,65661,182.39166666666668,39,WFON,(,Waveform onset,p_onset,p,0,0,0,
121,65676,182.43333333333334,24,PWAVE,p,P-wave peak,p_peak,p,0,0,0,
121,65699,182.49722222222223,40,WFOFF,),Waveform end,p_offset,p,0,0,0,
121,65702,182.50555555555556,39,WFON,(,Waveform onset,qrs_onset,qrs,0,0,1,
121,65731,182.5861111111111,1,NORMAL,N,Normal beat,qrs_peak,qrs,0,0,0,
121,65745,182.625,40,WFOFF,),Waveform end,qrs_offset,qrs,0,0,1,
121,65768,182.6888888888889,39,WFON,(,Waveform onset,t_onset,t,0,0,2,
121,65816,182.82222222222222,27,TWAVE,t,T-wave peak,t_peak,t,0,0,5,
121,65952,183.2,27,TWAVE,t,T-wave peak,t_peak,t,0,0,5,
121,65972,183.25555555555556,40,WFOFF,),Waveform end,t_offset,t,0,0,2,
121,66000,183.33333333333334,39,WFON,(,Waveform onset,p_onset,p,0,0,0,
121,66028,183.4111111111111,24,PWAVE,p,P-wave peak,p_peak,p,0,0,0,
121,66039,183.44166666666666,40,WFOFF,),Waveform end,p_offset,p,0,0,0,
121,66047,183.4638888888889,39,WFON,(,Waveform onset,qrs_onset,qrs,0,0,1,
121,66076,183.54444444444445,1,NORMAL,N,Normal beat,qrs_peak,qrs,0,0,0,
121,66090,183.58333333333334,40,WFOFF,),Waveform end,qrs_offset,qrs,0,0,1,
121,66145,183.73611111111111,39,WFON,(,Waveform onset,t_onset,t,0,0,2,
121,66160,183.77777777777777,27,TWAVE,t,T-wave peak,t_peak,t,0,0,5,
121,66274,184.09444444444443,27,TWAVE,t,T-wave peak,t_peak,t,0,0,5,
121,66292,184.14444444444445,40,WFOFF,),Waveform end,t_offset,t,0,0,2,
121,66349,184.30277777777778,39,WFON,(,Waveform onset,p_onset,p,0,0,0,
121,66377,184.38055555555556,24,PWAVE,p,P-wave peak,p_peak,p,0,0,0,
121,66389,184.4138888888889,40,WFOFF,),Waveform end,p_offset,p,0,0,0,
121,66397,184.4361111111111,39,WFON,(,Waveform onset,qrs_onset,qrs,0,0,1,
121,66422,184.50555555555556,1,NORMAL,N,Normal beat,qrs_peak,qrs,0,0,0,
121,66436,184.54444444444445,40,WFOFF,),Waveform end,qrs_offset,qrs,0,0,1,
121,66482,184.67222222222222,39,WFON,(,Waveform onset,t_onset,t,0,0,2,
121,66514,184.76111111111112,27,TWAVE,t,T-wave peak,t_peak,t,0,0,5,
121,66602,185.00555555555556,27,TWAVE,t,T-wave peak,t_peak,t,0,0,5,
121,66653,185.1472222222222,40,WFOFF,),Waveform end,t_offset,t,0,0,2,
121,66699,185.275,39,WFON,(,Waveform onset,p_onset,p,0,0,0,
121,66718,185.32777777777778,24,PWAVE,p,P-wave peak,p_peak,p,0,0,0,
121,66737,185.38055555555556,40,WFOFF,),Waveform end,p_offset,p,0,0,0,
121,66744,185.4,39,WFON,(,Waveform onset,qrs_onset,qrs,0,0,1,
121,66769,185.46944444444443,1,NORMAL,N,Normal beat,qrs_peak,qrs,0,0,0,
121,66782,185.50555555555556,40,WFOFF,),Waveform end,qrs_offset,qrs,0,0,1,
121,66838,185.6611111111111,39,WFON,(,Waveform onset,t_onset,t,0,0,2,
121,66854,185.70555555555555,27,TWAVE,t,T-wave peak,t_peak,t,0,0,5,
121,66958,185.99444444444444,27,TWAVE,t,T-wave peak,t_peak,t,0,0,5,
121,66982,186.0611111111111,40,WFOFF,),Waveform end,t_offset,t,0,0,2,
121,67039,186.21944444444443,39,WFON,(,Waveform onset,p_onset,p,0,0,0,
121,67066,186.29444444444445,24,PWAVE,p,P-wave peak,p_peak,p,0,0,0,
121,67079,186.33055555555555,40,WFOFF,),Waveform end,p_offset,p,0,0,0,
121,67082,186.3388888888889,39,WFON,(,Waveform onset,qrs_onset,qrs,0,0,1,
121,67114,186.42777777777778,1,NORMAL,N,Normal beat,qrs_peak,qrs,0,0,0,
121,67127,186.4638888888889,40,WFOFF,),Waveform end,qrs_offset,qrs,0,0,1,
121,67140,186.5,39,WFON,(,Waveform onset,t_onset,t,0,0,2,
121,67205,186.68055555555554,27,TWAVE,t,T-wave peak,t_peak,t,0,0,5,
121,67285,186.90277777777777,27,TWAVE,t,T-wave peak,t_peak,t,0,0,5,
121,67335,187.04166666666666,40,WFOFF,),Waveform end,t_offset,t,0,0,2,
121,67384,187.17777777777778,39,WFON,(,Waveform onset,p_onset,p,0,0,0,
121,67407,187.24166666666667,24,PWAVE,p,P-wave peak,p_peak,p,0,0,0,
121,67421,187.28055555555557,40,WFOFF,),Waveform end,p_offset,p,0,0,0,
121,67429,187.30277777777778,39,WFON,(,Waveform onset,qrs_onset,qrs,0,0,1,
121,67454,187.37222222222223,1,NORMAL,N,Normal beat,qrs_peak,qrs,0,0,0,
121,67483,187.45277777777778,40,WFOFF,),Waveform end,qrs_offset,qrs,0,0,1,
121,67494,187.48333333333332,39,WFON,(,Waveform onset,t_onset,t,0,0,2,
121,67544,187.62222222222223,27,TWAVE,t,T-wave peak,t_peak,t,0,0,5,
121,67638,187.88333333333333,27,TWAVE,t,T-wave peak,t_peak,t,0,0,5,
121,67649,187.9138888888889,40,WFOFF,),Waveform end,t_offset,t,0,0,2,
121,67726,188.12777777777777,39,WFON,(,Waveform onset,p_onset,p,0,0,0,
121,67747,188.1861111111111,24,PWAVE,p,P-wave peak,p_peak,p,0,0,0,
121,67764,188.23333333333332,40,WFOFF,),Waveform end,p_offset,p,0,0,0,
121,67767,188.24166666666667,39,WFON,(,Waveform onset,qrs_onset,qrs,0,0,1,
121,67797,188.325,1,NORMAL,N,Normal beat,qrs_peak,qrs,0,0,0,
121,67819,188.38611111111112,40,WFOFF,),Waveform end,qrs_offset,qrs,0,0,1,
121,67821,188.39166666666668,39,WFON,(,Waveform onset,t_onset,t,0,0,2,
121,67890,188.58333333333334,27,TWAVE,t,T-wave peak,t_peak,t,0,0,5,
121,67990,188.86111111111111,27,TWAVE,t,T-wave peak,t_peak,t,0,0,5,
121,67999,188.88611111111112,40,WFOFF,),Waveform end,t_offset,t,0,0,2,
121,68066,189.07222222222222,39,WFON,(,Waveform onset,p_onset,p,0,0,0,
121,68090,189.13888888888889,24,PWAVE,p,P-wave peak,p_peak,p,0,0,0,
121,68109,189.19166666666666,40,WFOFF,),Waveform end,p_offset,p,0,0,0,
121,68113,189.20277777777778,39,WFON,(,Waveform onset,qrs_onset,qrs,0,0,1,
121,68142,189.28333333333333,1,NORMAL,N,Normal beat,qrs_peak,qrs,0,0,0,
121,68157,189.325,40,WFOFF,),Waveform end,qrs_offset,qrs,0,0,1,
121,68209,189.46944444444443,39,WFON,(,Waveform onset,t_onset,t,0,0,2,
121,68232,189.53333333333333,27,TWAVE,t,T-wave peak,t_peak,t,0,0,5,
121,68317,189.76944444444445,27,TWAVE,t,T-wave peak,t_peak,t,0,0,5,
121,68348,189.85555555555555,40,WFOFF,),Waveform end,t_offset,t,0,0,2,
121,68408,190.0222222222222,39,WFON,(,Waveform onset,p_onset,p,0,0,0,
121,68429,190.08055555555555,24,PWAVE,p,P-wave peak,p_peak,p,0,0,0,
121,68448,190.13333333333333,40,WFOFF,),Waveform end,p_offset,p,0,0,0,
121,68451,190.14166666666668,39,WFON,(,Waveform onset,qrs_onset,qrs,0,0,1,
121,68479,190.21944444444443,1,NORMAL,N,Normal beat,qrs_peak,qrs,0,0,0,
121,68494,190.26111111111112,40,WFOFF,),Waveform end,qrs_offset,qrs,0,0,1,
121,68510,190.30555555555554,39,WFON,(,Waveform onset,t_onset,t,0,0,2,
121,68564,190.45555555555555,27,TWAVE,t,T-wave peak,t_peak,t,0,0,5,
121,68654,190.70555555555555,27,TWAVE,t,T-wave peak,t_peak,t,0,0,5,
121,68692,190.8111111111111,40,WFOFF,),Waveform end,t_offset,t,0,0,2,
121,68746,190.9611111111111,39,WFON,(,Waveform onset,p_onset,p,0,0,0,
121,68769,191.025,24,PWAVE,p,P-wave peak,p_peak,p,0,0,0,
121,68784,191.06666666666666,40,WFOFF,),Waveform end,p_offset,p,0,0,0,
121,68786,191.07222222222222,39,WFON,(,Waveform onset,qrs_onset,qrs,0,0,1,
121,68815,191.15277777777777,1,NORMAL,N,Normal beat,qrs_peak,qrs,0,0,0,
121,68831,191.19722222222222,40,WFOFF,),Waveform end,qrs_offset,qrs,0,0,1,
121,68838,191.21666666666667,39,WFON,(,Waveform onset,t_onset,t,0,0,2,
121,68901,191.39166666666668,27,TWAVE,t,T-wave peak,t_peak,t,0,0,5,
121,69023,191.73055555555555,27,TWAVE,t,T-wave peak,t_peak,t,0,0,5,
121,69055,191.81944444444446,40,WFOFF,),Waveform end,t_offset,t,0,0,2,
121,69093,191.925,39,WFON,(,Waveform onset,p_onset,p,0,0,0,
121,69120,192.0,24,PWAVE,p,P-wave peak,p_peak,p,0,0,0,
121,69134,192.0388888888889,40,WFOFF,),Waveform end,p_offset,p,0,0,0,
121,69135,192.04166666666666,39,WFON,(,Waveform onset,qrs_onset,qrs,0,0,1,
121,69168,192.13333333333333,1,NORMAL,N,Normal beat,qrs_peak,qrs,0,0,0,
121,69182,192.17222222222222,40,WFOFF,),Waveform end,qrs_offset,qrs,0,0,1,
121,69190,192.19444444444446,39,WFON,(,Waveform onset,t_onset,t,0,0,2,
121,69255,192.375,27,TWAVE,t,T-wave peak,t_peak,t,0,0,5,
121,69363,192.675,27,TWAVE,t,T-wave peak,t_peak,t,0,0,5,
121,69391,192.75277777777777,40,WFOFF,),Waveform end,t_offset,t,0,0,2,
121,69445,192.90277777777777,39,WFON,(,Waveform onset,p_onset,p,0,0,0,
121,69471,192.975,24,PWAVE,p,P-wave peak,p_peak,p,0,0,0,
121,69483,193.00833333333333,40,WFOFF,),Waveform end,p_offset,p,0,0,0,
121,69485,193.01388888888889,39,WFON,(,Waveform onset,qrs_onset,qrs,0,0,1,
121,69518,193.10555555555555,1,NORMAL,N,Normal beat,qrs_peak,qrs,0,0,0,
121,69532,193.14444444444445,40,WFOFF,),Waveform end,qrs_offset,qrs,0,0,1,
121,69541,193.16944444444445,39,WFON,(,Waveform onset,t_onset,t,0,0,2,
121,69607,193.3527777777778,27,TWAVE,t,T-wave peak,t_peak,t,0,0,0,
121,69640,193.44444444444446,40,WFOFF,),Waveform end,t_offset,t,0,0,2,
121,69788,193.85555555555555,39,WFON,(,Waveform onset,p_onset,p,0,0,0,
121,69809,193.9138888888889,24,PWAVE,p,P-wave peak,p_peak,p,0,0,0,
121,69827,193.9638888888889,40,WFOFF,),Waveform end,p_offset,p,0,0,0,
121,69830,193.97222222222223,39,WFON,(,Waveform onset,qrs_onset,qrs,0,0,1,
121,69857,194.04722222222222,1,NORMAL,N,Normal beat,qrs_peak,qrs,0,0,0,
121,69883,194.11944444444444,40,WFOFF,),Waveform end,qrs_offset,qrs,0,0,1,
121,69917,194.2138888888889,39,WFON,(,Waveform onset,t_onset,t,0,0,2,
121,69941,194.28055555555557,27,TWAVE,t,T-wave peak,t_peak,t,0,0,0,
121,69978,194.38333333333333,40,WFOFF,),Waveform end,t_offset,t,0,0,2,
121,70132,194.8111111111111,39,WFON,(,Waveform onset,p_onset,p,0,0,0,
121,70149,194.85833333333332,24,PWAVE,p,P-wave peak,p_peak,p,0,0,0,
121,70173,194.925,40,WFOFF,),Waveform end,p_offset,p,0,0,0,
121,70178,194.9388888888889,39,WFON,(,Waveform onset,qrs_onset,qrs,0,0,1,
121,70204,195.01111111111112,1,NORMAL,N,Normal beat,qrs_peak,qrs,0,0,0,
121,70218,195.05,40,WFOFF,),Waveform end,qrs_offset,qrs,0,0,1,
121,70271,195.19722222222222,39,WFON,(,Waveform onset,t_onset,t,0,0,2,
121,70293,195.25833333333333,27,TWAVE,t,T-wave peak,t_peak,t,0,0,5,
121,70393,195.5361111111111,27,TWAVE,t,T-wave peak,t_peak,t,0,0,5,
121,70424,195.62222222222223,40,WFOFF,),Waveform end,t_offset,t,0,0,2,
121,70481,195.78055555555557,39,WFON,(,Waveform onset,p_onset,p,0,0,0,
121,70507,195.8527777777778,24,PWAVE,p,P-wave peak,p_peak,p,0,0,0,
121,70519,195.88611111111112,40,WFOFF,),Waveform end,p_offset,p,0,0,0,
121,70526,195.90555555555557,39,WFON,(,Waveform onset,qrs_onset,qrs,0,0,1,
121,70553,195.98055555555555,1,NORMAL,N,Normal beat,qrs_peak,qrs,0,0,0,
121,70566,196.01666666666668,40,WFOFF,),Waveform end,qrs_offset,qrs,0,0,1,
121,70584,196.06666666666666,39,WFON,(,Waveform onset,t_onset,t,0,0,2,
121,70640,196.22222222222223,27,TWAVE,t,T-wave peak,t_peak,t,0,0,5,
121,70776,196.6,27,TWAVE,t,T-wave peak,t_peak,t,0,0,5,
121,70794,196.65,40,WFOFF,),Waveform end,t_offset,t,0,0,2,
121,70837,196.76944444444445,39,WFON,(,Waveform onset,p_onset,p,0,0,0,
121,70859,196.83055555555555,24,PWAVE,p,P-wave peak,p_peak,p,0,0,0,
121,70877,196.88055555555556,40,WFOFF,),Waveform end,p_offset,p,0,0,0,
121,70885,196.90277777777777,39,WFON,(,Waveform onset,qrs_onset,qrs,0,0,1,
121,70912,196.9777777777778,1,NORMAL,N,Normal beat,qrs_peak,qrs,0,0,0,
121,70926,197.01666666666668,40,WFOFF,),Waveform end,qrs_offset,qrs,0,0,1,
121,70933,197.0361111111111,39,WFON,(,Waveform onset,t_onset,t,0,0,2,
121,71000,197.22222222222223,27,TWAVE,t,T-wave peak,t_peak,t,0,0,5,
121,71099,197.49722222222223,27,TWAVE,t,T-wave peak,t_peak,t,0,0,5,
121,71113,197.5361111111111,40,WFOFF,),Waveform end,t_offset,t,0,0,2,
121,71206,197.79444444444445,39,WFON,(,Waveform onset,p_onset,p,0,0,0,
121,71227,197.8527777777778,24,PWAVE,p,P-wave peak,p_peak,p,0,0,0,
121,71244,197.9,40,WFOFF,),Waveform end,p_offset,p,0,0,0,
121,71248,197.9111111111111,39,WFON,(,Waveform onset,qrs_onset,qrs,0,0,1,
121,71279,197.99722222222223,1,NORMAL,N,Normal beat,qrs_peak,qrs,0,0,0,
121,71293,198.0361111111111,40,WFOFF,),Waveform end,qrs_offset,qrs,0,0,1,
121,71302,198.0611111111111,39,WFON,(,Waveform onset,t_onset,t,0,0,2,
121,71368,198.24444444444444,27,TWAVE,t,T-wave peak,t_peak,t,0,0,5,
121,71475,198.54166666666666,27,TWAVE,t,T-wave peak,t_peak,t,0,0,5,
121,71489,198.58055555555555,40,WFOFF,),Waveform end,t_offset,t,0,0,2,
121,71555,198.76388888888889,39,WFON,(,Waveform onset,p_onset,p,0,0,0,
121,71576,198.82222222222222,24,PWAVE,p,P-wave peak,p_peak,p,0,0,0,
121,71592,198.86666666666667,40,WFOFF,),Waveform end,p_offset,p,0,0,0,
121,71596,198.87777777777777,39,WFON,(,Waveform onset,qrs_onset,qrs,0,0,1,
121,71624,198.95555555555555,1,NORMAL,N,Normal beat,qrs_peak,qrs,0,0,0,
121,71639,198.99722222222223,40,WFOFF,),Waveform end,qrs_offset,qrs,0,0,1,
121,71685,199.125,39,WFON,(,Waveform onset,t_onset,t,0,0,2,
121,71711,199.19722222222222,27,TWAVE,t,T-wave peak,t_peak,t,0,0,5,
121,71844,199.56666666666666,27,TWAVE,t,T-wave peak,t_peak,t,0,0,5,
121,71863,199.61944444444444,40,WFOFF,),Waveform end,t_offset,t,0,0,2,
121,71907,199.74166666666667,39,WFON,(,Waveform onset,p_onset,p,0,0,0,
121,71925,199.79166666666666,24,PWAVE,p,P-wave peak,p_peak,p,0,0,0,
121,71945,199.84722222222223,40,WFOFF,),Waveform end,p_offset,p,0,0,0,
121,71954,199.87222222222223,39,WFON,(,Waveform onset,qrs_onset,qrs,0,0,1,
121,71980,199.94444444444446,1,NORMAL,N,Normal beat,qrs_peak,qrs,0,0,0,
121,72010,200.02777777777777,40,WFOFF,),Waveform end,qrs_offset,qrs,0,0,1,
121,72034,200.09444444444443,39,WFON,(,Waveform onset,t_onset,t,0,0,2,
121,72070,200.19444444444446,27,TWAVE,t,T-wave peak,t_peak,t,0,0,5,
121,72170,200.47222222222223,27,TWAVE,t,T-wave peak,t_peak,t,0,0,5,
121,72211,200.5861111111111,40,WFOFF,),Waveform end,t_offset,t,0,0,2,
121,72279,200.775,39,WFON,(,Waveform onset,p_onset,p,0,0,0,
121,72298,200.82777777777778,24,PWAVE,p,P-wave peak,p_peak,p,0,0,0,
121,72317,200.88055555555556,40,WFOFF,),Waveform end,p_offset,p,0,0,0,
121,72326,200.90555555555557,39,WFON,(,Waveform onset,qrs_onset,qrs,0,0,1,
121,72351,200.975,1,NORMAL,N,Normal beat,qrs_peak,qrs,0,0,0,
121,72381,201.05833333333334,40,WFOFF,),Waveform end,qrs_offset,qrs,0,0,1,
121,72394,201.09444444444443,39,WFON,(,Waveform onset,t_onset,t,0,0,2,
121,72441,201.225,27,TWAVE,t,T-wave peak,t_peak,t,0,0,5,
121,72542,201.50555555555556,27,TWAVE,t,T-wave peak,t_peak,t,0,0,5,
121,72568,201.57777777777778,40,WFOFF,),Waveform end,t_offset,t,0,0,2,
121,72642,201.78333333333333,39,WFON,(,Waveform onset,p_onset,p,0,0,0,
121,72668,201.85555555555555,24,PWAVE,p,P-wave peak,p_peak,p,0,0,0,
121,72683,201.8972222222222,40,WFOFF,),Waveform end,p_offset,p,0,0,0,
121,72688,201.9111111111111,39,WFON,(,Waveform onset,qrs_onset,qrs,0,0,1,
121,72716,201.98888888888888,1,NORMAL,N,Normal beat,qrs_peak,qrs,0,0,0,
121,72731,202.03055555555557,40,WFOFF,),Waveform end,qrs_offset,qrs,0,0,1,
121,72790,202.19444444444446,39,WFON,(,Waveform onset,t_onset,t,0,0,2,
121,72807,202.24166666666667,27,TWAVE,t,T-wave peak,t_peak,t,0,0,5,
121,72904,202.51111111111112,27,TWAVE,t,T-wave peak,t_peak,t,0,0,5,
121,72932,202.5888888888889,40,WFOFF,),Waveform end,t_offset,t,0,0,2,
121,73005,202.79166666666666,39,WFON,(,Waveform onset,p_onset,p,0,0,0,
121,73028,202.85555555555555,24,PWAVE,p,P-wave peak,p_peak,p,0,0,0,
121,73045,202.90277777777777,40,WFOFF,),Waveform end,p_offset,p,0,0,0,
121,73049,202.9138888888889,39,WFON,(,Waveform onset,qrs_onset,qrs,0,0,1,
121,73078,202.99444444444444,1,NORMAL,N,Normal beat,qrs_peak,qrs,0,0,0,
121,73094,203.0388888888889,40,WFOFF,),Waveform end,qrs_offset,qrs,0,0,1,
121,73113,203.09166666666667,39,WFON,(,Waveform onset,t_onset,t,0,0,2,
121,73172,203.25555555555556,27,TWAVE,t,T-wave peak,t_peak,t,0,0,0,
121,73207,203.3527777777778,40,WFOFF,),Waveform end,t_offset,t,0,0,2,
121,73383,203.84166666666667,39,WFON,(,Waveform onset,p_onset,p,0,0,0,
121,73400,203.88888888888889,24,PWAVE,p,P-wave peak,p_peak,p,0,0,0,
121,73421,203.94722222222222,40,WFOFF,),Waveform end,p_offset,p,0,0,0,
121,73427,203.9638888888889,39,WFON,(,Waveform onset,qrs_onset,qrs,0,0,1,
121,73452,204.03333333333333,1,NORMAL,N,Normal beat,qrs_peak,qrs,0,0,0,
121,73468,204.07777777777778,40,WFOFF,),Waveform end,qrs_offset,qrs,0,0,1,
121,73514,204.20555555555555,39,WFON,(,Waveform onset,t_onset,t,0,0,2,
121,73544,204.2888888888889,27,TWAVE,t,T-wave peak,t_peak,t,0,0,5,
121,73680,204.66666666666666,27,TWAVE,t,T-wave peak,t_peak,t,0,0,5,
121,73702,204.7277777777778,40,WFOFF,),Waveform end,t_offset,t,0,0,2,
121,73752,204.86666666666667,39,WFON,(,Waveform onset,p_onset,p,0,0,0,
121,73775,204.93055555555554,24,PWAVE,p,P-wave peak,p_peak,p,0,0,0,
121,73791,204.975,40,WFOFF,),Waveform end,p_offset,p,0,0,0,
121,73793,204.98055555555555,39,WFON,(,Waveform onset,qrs_onset,qrs,0,0,1,
121,73825,205.06944444444446,1,NORMAL,N,Normal beat,qrs_peak,qrs,0,0,0,
121,73840,205.11111111111111,40,WFOFF,),Waveform end,qrs_offset,qrs,0,0,1,
121,73886,205.23888888888888,39,WFON,(,Waveform onset,t_onset,t,0,0,2,
121,73915,205.31944444444446,27,TWAVE,t,T-wave peak,t_peak,t,0,0,5,
121,74040,205.66666666666666,27,TWAVE,t,T-wave peak,t_peak,t,0,0,5,
121,74050,205.69444444444446,40,WFOFF,),Waveform end,t_offset,t,0,0,2,
121,74127,205.90833333333333,39,WFON,(,Waveform onset,p_onset,p,0,0,0,
121,74145,205.95833333333334,24,PWAVE,p,P-wave peak,p_peak,p,0,0,0,
121,74168,206.0222222222222,40,WFOFF,),Waveform end,p_offset,p,0,0,0,
121,74175,206.04166666666666,39,WFON,(,Waveform onset,qrs_onset,qrs,0,0,1,
121,74201,206.11388888888888,1,NORMAL,N,Normal beat,qrs_peak,qrs,0,0,0,
121,74215,206.15277777777777,40,WFOFF,),Waveform end,qrs_offset,qrs,0,0,1,
121,74268,206.3,39,WFON,(,Waveform onset,t_onset,t,0,0,2,
121,74291,206.36388888888888,27,TWAVE,t,T-wave peak,t_peak,t,0,0,5,
121,74426,206.73888888888888,27,TWAVE,t,T-wave peak,t_peak,t,0,0,5,
121,74443,206.7861111111111,40,WFOFF,),Waveform end,t_offset,t,0,0,2,
121,74497,206.9361111111111,39,WFON,(,Waveform onset,p_onset,p,0,0,0,
121,74509,206.96944444444443,24,PWAVE,p,P-wave peak,p_peak,p,0,0,0,
121,74536,207.04444444444445,40,WFOFF,),Waveform end,p_offset,p,0,0,0,
121,74538,207.05,39,WFON,(,Waveform onset,qrs_onset,qrs,0,0,1,
121,74569,207.13611111111112,1,NORMAL,N,Normal beat,qrs_peak,qrs,0,0,0,
121,74591,207.19722222222222,40,WFOFF,),Waveform end,qrs_offset,qrs,0,0,1,
121,74628,207.3,39,WFON,(,Waveform onset,t_onset,t,0,0,2,
121,74660,207.38888888888889,27,TWAVE,t,T-wave peak,t_peak,t,0,0,5,
121,74747,207.63055555555556,27,TWAVE,t,T-wave peak,t_peak,t,0,0,5,
121,74780,207.72222222222223,40,WFOFF,),Waveform end,t_offset,t,0,0,2,
121,74859,207.94166666666666,39,WFON,(,Waveform onset,p_onset,p,0,0,0,
121,74880,208.0,24,PWAVE,p,P-wave peak,p_peak,p,0,0,0,
121,74895,208.04166666666666,40,WFOFF,),Waveform end,p_offset,p,0,0,0,
121,74906,208.07222222222222,39,WFON,(,Waveform onset,qrs_onset,qrs,0,0,1,
121,74928,208.13333333333333,1,NORMAL,N,Normal beat,qrs_peak,qrs,0,0,0,
121,74943,208.175,40,WFOFF,),Waveform end,qrs_offset,qrs,0,0,1,
121,74954,208.20555555555555,39,WFON,(,Waveform onset,t_onset,t,0,0,2,
121,75018,208.38333333333333,27,TWAVE,t,T-wave peak,t_peak,t,0,0,5,
121,75118,208.6611111111111,27,TWAVE,t,T-wave peak,t_peak,t,0,0,5,
121,75132,208.7,40,WFOFF,),Waveform end,t_offset,t,0,0,2,
121,75228,208.96666666666667,39,WFON,(,Waveform onset,p_onset,p,0,0,0,
121,75241,209.00277777777777,24,PWAVE,p,P-wave peak,p_peak,p,0,0,0,
121,75262,209.0611111111111,40,WFOFF,),Waveform end,p_offset,p,0,0,0,
121,75269,209.08055555555555,39,WFON,(,Waveform onset,qrs_onset,qrs,0,0,1,
121,75301,209.16944444444445,1,NORMAL,N,Normal beat,qrs_peak,qrs,0,0,0,
121,75322,209.2277777777778,40,WFOFF,),Waveform end,qrs_offset,qrs,0,0,1,
121,75370,209.36111111111111,39,WFON,(,Waveform onset,t_onset,t,0,0,2,
121,75390,209.41666666666666,27,TWAVE,t,T-wave peak,t_peak,t,0,0,0,
121,75426,209.51666666666668,40,WFOFF,),Waveform end,t_offset,t,0,0,2,
121,75594,209.98333333333332,39,WFON,(,Waveform onset,p_onset,p,0,0,0,
121,75620,210.05555555555554,24,PWAVE,p,P-wave peak,p_peak,p,0,0,0,
121,75633,210.09166666666667,40,WFOFF,),Waveform end,p_offset,p,0,0,0,
121,75641,210.11388888888888,39,WFON,(,Waveform onset,qrs_onset,qrs,0,0,1,
121,75669,210.19166666666666,1,NORMAL,N,Normal beat,qrs_peak,qrs,0,0,0,
121,75684,210.23333333333332,40,WFOFF,),Waveform end,qrs_offset,qrs,0,0,1,
121,75738,210.38333333333333,39,WFON,(,Waveform onset,t_onset,t,0,0,2,
121,75758,210.4388888888889,27,TWAVE,t,T-wave peak,t_peak,t,0,0,0,
121,75799,210.55277777777778,40,WFOFF,),Waveform end,t_offset,t,0,0,2,
121,75953,210.98055555555555,39,WFON,(,Waveform onset,p_onset,p,0,0,0,
121,75975,211.04166666666666,24,PWAVE,p,P-wave peak,p_peak,p,0,0,0,
121,75991,211.0861111111111,40,WFOFF,),Waveform end,p_offset,p,0,0,0,
121,76000,211.11111111111111,39,WFON,(,Waveform onset,qrs_onset,qrs,0,0,1,
121,76024,211.17777777777778,1,NORMAL,N,Normal beat,qrs_peak,qrs,0,0,0,
121,76039,211.21944444444443,40,WFOFF,),Waveform end,qrs_offset,qrs,0,0,1,
121,76081,211.3361111111111,39,WFON,(,Waveform onset,t_onset,t,0,0,2,
121,76114,211.42777777777778,27,TWAVE,t,T-wave peak,t_peak,t,0,0,5,
121,76214,211.70555555555555,27,TWAVE,t,T-wave peak,t_peak,t,0,0,5,
121,76220,211.72222222222223,40,WFOFF,),Waveform end,t_offset,t,0,0,2,
121,76320,212.0,39,WFON,(,Waveform onset,p_onset,p,0,0,0,
121,76341,212.05833333333334,24,PWAVE,p,P-wave peak,p_peak,p,0,0,0,
121,76358,212.10555555555555,40,WFOFF,),Waveform end,p_offset,p,0,0,0,
121,76361,212.11388888888888,39,WFON,(,Waveform onset,qrs_onset,qrs,0,0,1,
121,76391,212.19722222222222,1,NORMAL,N,Normal beat,qrs_peak,qrs,0,0,0,
121,76414,212.26111111111112,40,WFOFF,),Waveform end,qrs_offset,qrs,0,0,1,
121,76428,212.3,39,WFON,(,Waveform onset,t_onset,t,0,0,2,
121,76483,212.45277777777778,27,TWAVE,t,T-wave peak,t_peak,t,0,0,5,
121,76568,212.6888888888889,27,TWAVE,t,T-wave peak,t_peak,t,0,0,5,
121,76615,212.81944444444446,40,WFOFF,),Waveform end,t_offset,t,0,0,2,
121,76681,213.00277777777777,39,WFON,(,Waveform onset,p_onset,p,0,0,0,
121,76695,213.04166666666666,24,PWAVE,p,P-wave peak,p_peak,p,0,0,0,
121,76719,213.10833333333332,40,WFOFF,),Waveform end,p_offset,p,0,0,0,
121,76722,213.11666666666667,39,WFON,(,Waveform onset,qrs_onset,qrs,0,0,1,
121,76752,213.2,1,NORMAL,N,Normal beat,qrs_peak,qrs,0,0,0,
121,76773,213.25833333333333,40,WFOFF,),Waveform end,qrs_offset,qrs,0,0,1,
121,76814,213.37222222222223,39,WFON,(,Waveform onset,t_onset,t,0,0,2,
121,76837,213.4361111111111,27,TWAVE,t,T-wave peak,t_peak,t,0,0,5,
121,76936,213.7111111111111,27,TWAVE,t,T-wave peak,t_peak,t,0,0,5,
121,76991,213.86388888888888,40,WFOFF,),Waveform end,t_offset,t,0,0,2,
121,77038,213.99444444444444,39,WFON,(,Waveform onset,p_onset,p,0,0,0,
121,77063,214.0638888888889,24,PWAVE,p,P-wave peak,p_peak,p,0,0,0,
121,77076,214.1,40,WFOFF,),Waveform end,p_offset,p,0,0,0,
121,77081,214.11388888888888,39,WFON,(,Waveform onset,qrs_onset,qrs,0,0,1,
121,77111,214.19722222222222,1,NORMAL,N,Normal beat,qrs_peak,qrs,0,0,0,
121,77134,214.26111111111112,40,WFOFF,),Waveform end,qrs_offset,qrs,0,0,1,
121,77183,214.3972222222222,39,WFON,(,Waveform onset,t_onset,t,0,0,2,
121,77204,214.45555555555555,27,TWAVE,t,T-wave peak,t_peak,t,0,0,0,
121,77238,214.55,40,WFOFF,),Waveform end,t_offset,t,0,0,2,
121,77403,215.00833333333333,39,WFON,(,Waveform onset,p_onset,p,0,0,0,
121,77426,215.07222222222222,24,PWAVE,p,P-wave peak,p_peak,p,0,0,0,
121,77439,215.10833333333332,40,WFOFF,),Waveform end,p_offset,p,0,0,0,
121,77450,215.13888888888889,39,WFON,(,Waveform onset,qrs_onset,qrs,0,0,1,
121,77472,215.2,1,NORMAL,N,Normal beat,qrs_peak,qrs,0,0,0,
121,77495,215.26388888888889,40,WFOFF,),Waveform end,qrs_offset,qrs,0,0,1,
121,77535,215.375,39,WFON,(,Waveform onset,t_onset,t,0,0,2,
121,77549,215.4138888888889,27,TWAVE,t,T-wave peak,t_peak,t,0,0,5,
121,77609,215.58055555555555,27,TWAVE,t,T-wave peak,t_peak,t,0,0,5,
121,77616,215.6,40,WFOFF,),Waveform end,t_offset,t,0,0,2,
121,77752,215.9777777777778,39,WFON,(,Waveform onset,p_onset,p,0,0,0,
121,77768,216.0222222222222,24,PWAVE,p,P-wave peak,p_peak,p,0,0,0,
121,77775,216.04166666666666,40,WFOFF,),Waveform end,p_offset,p,0,0,0,
121,77791,216.0861111111111,39,WFON,(,Waveform onset,qrs_onset,qrs,0,0,1,
121,77823,216.175,1,NORMAL,N,Normal beat,qrs_peak,qrs,0,0,0,
121,77870,216.30555555555554,40,WFOFF,),Waveform end,qrs_offset,qrs,0,0,1,
121,77890,216.36111111111111,39,WFON,(,Waveform onset,t_onset,t,0,0,2,
121,77902,216.39444444444445,27,TWAVE,t,T-wave peak,t_peak,t,0,0,5,
121,78021,216.725,27,TWAVE,t,T-wave peak,t_peak,t,0,0,5,
121,78032,216.75555555555556,40,WFOFF,),Waveform end,t_offset,t,0,0,2,
121,78098,216.9388888888889,39,WFON,(,Waveform onset,p_onset,p,0,0,0,
121,78123,217.00833333333333,24,PWAVE,p,P-wave peak,p_peak,p,0,0,0,
121,78138,217.05,40,WFOFF,),Waveform end,p_offset,p,0,0,0,
121,78145,217.06944444444446,39,WFON,(,Waveform onset,qrs_onset,qrs,0,0,1,
121,78172,217.14444444444445,1,NORMAL,N,Normal beat,qrs_peak,qrs,0,0,0,
121,78216,217.26666666666668,40,WFOFF,),Waveform end,qrs_offset,qrs,0,0,1,
121,78259,217.38611111111112,39,WFON,(,Waveform onset,t_onset,t,0,0,2,
121,78267,217.40833333333333,27,TWAVE,t,T-wave peak,t_peak,t,0,0,5,
121,78355,217.65277777777777,27,TWAVE,t,T-wave peak,t_peak,t,0,0,5,
121,78360,217.66666666666666,40,WFOFF,),Waveform end,t_offset,t,0,0,2,
121,78458,217.9388888888889,39,WFON,(,Waveform onset,p_onset,p,0,0,0,
121,78480,218.0,24,PWAVE,p,P-wave peak,p_peak,p,0,0,0,
121,78491,218.03055555555557,40,WFOFF,),Waveform end,p_offset,p,0,0,0,
121,78505,218.06944444444446,39,WFON,(,Waveform onset,qrs_onset,qrs,0,0,1,
121,78527,218.13055555555556,1,NORMAL,N,Normal beat,qrs_peak,qrs,0,0,0,
121,78563,218.23055555555555,40,WFOFF,),Waveform end,qrs_offset,qrs,0,0,1,
121,78601,218.3361111111111,39,WFON,(,Waveform onset,t_onset,t,0,0,2,
121,78618,218.38333333333333,27,TWAVE,t,T-wave peak,t_peak,t,0,0,5,
121,78733,218.70277777777778,27,TWAVE,t,T-wave peak,t_peak,t,0,0,5,
121,78748,218.74444444444444,40,WFOFF,),Waveform end,t_offset,t,0,0,2,
121,78806,218.90555555555557,39,WFON,(,Waveform onset,p_onset,p,0,0,0,
121,78825,218.95833333333334,24,PWAVE,p,P-wave peak,p_peak,p,0,0,0,
121,78842,219.00555555555556,40,WFOFF,),Waveform end,p_offset,p,0,0,0,
121,78853,219.0361111111111,39,WFON,(,Waveform onset,qrs_onset,qrs,0,0,1,
121,78876,219.1,1,NORMAL,N,Normal beat,qrs_peak,qrs,0,0,0,
121,78898,219.1611111111111,40,WFOFF,),Waveform end,qrs_offset,qrs,0,0,1,
121,78952,219.3111111111111,39,WFON,(,Waveform onset,t_onset,t,0,0,2,
121,78969,219.35833333333332,27,TWAVE,t,T-wave peak,t_peak,t,0,0,5,
121,79072,219.64444444444445,27,TWAVE,t,T-wave peak,t_peak,t,0,0,5,
121,79080,219.66666666666666,40,WFOFF,),Waveform end,t_offset,t,0,0,2,
121,79120,219.77777777777777,39,WFON,(,Waveform onset,p_onset,p,0,0,0,
121,79136,219.82222222222222,24,PWAVE,p,P-wave peak,p_peak,p,0,0,0,
121,79159,219.88611111111112,40,WFOFF,),Waveform end,p_offset,p,0,0,0,
121,79192,219.9777777777778,39,WFON,(,Waveform onset,qrs_onset,qrs,0,0,1,
121,79221,220.05833333333334,1,NORMAL,N,Normal beat,qrs_peak,qrs,0,0,0,
121,79249,220.13611111111112,40,WFOFF,),Waveform end,qrs_offset,qrs,0,0,1,
121,79252,220.14444444444445,39,WFON,(,Waveform onset,t_onset,t,0,0,2,
121,79315,220.31944444444446,27,TWAVE,t,T-wave peak,t_peak,t,0,0,5,
121,79419,220.60833333333332,27,TWAVE,t,T-wave peak,t_peak,t,0,0,5,
121,79428,220.63333333333333,40,WFOFF,),Waveform end,t_offset,t,0,0,2,
121,79502,220.8388888888889,39,WFON,(,Waveform onset,p_onset,p,0,0,0,
121,79513,220.86944444444444,24,PWAVE,p,P-wave peak,p_peak,p,0,0,0,
121,79540,220.94444444444446,40,WFOFF,),Waveform end,p_offset,p,0,0,0,
121,79545,220.95833333333334,39,WFON,(,Waveform onset,qrs_onset,qrs,0,0,1,
121,79571,221.03055555555557,1,NORMAL,N,Normal beat,qrs_peak,qrs,0,0,0,
121,79584,221.06666666666666,40,WFOFF,),Waveform end,qrs_offset,qrs,0,0,1,
121,79612,221.14444444444445,39,WFON,(,Waveform onset,t_onset,t,0,0,2,
121,79661,221.28055555555557,27,TWAVE,t,T-wave peak,t_peak,t,0,0,5,
121,79791,221.64166666666668,27,TWAVE,t,T-wave peak,t_peak,t,0,0,5,
121,79798,221.6611111111111,40,WFOFF,),Waveform end,t_offset,t,0,0,2,
121,79848,221.8,39,WFON,(,Waveform onset,p_onset,p,0,0,0,
121,79866,221.85,24,PWAVE,p,P-wave peak,p_peak,p,0,0,0,
121,79883,221.8972222222222,40,WFOFF,),Waveform end,p_offset,p,0,0,0,
121,79888,221.9111111111111,39,WFON,(,Waveform onset,qrs_onset,qrs,0,0,1,
121,79917,221.99166666666667,1,NORMAL,N,Normal beat,qrs_peak,qrs,0,0,0,
121,79930,222.02777777777777,40,WFOFF,),Waveform end,qrs_offset,qrs,0,0,1,
121,79982,222.17222222222222,39,WFON,(,Waveform onset,t_onset,t,0,0,2,
121,80005,222.23611111111111,27,TWAVE,t,T-wave peak,t_peak,t,0,0,5,
121,80109,222.525,27,TWAVE,t,T-wave peak,t_peak,t,0,0,5,
121,80120,222.55555555555554,40,WFOFF,),Waveform end,t_offset,t,0,0,2,
121,80195,222.76388888888889,39,WFON,(,Waveform onset,p_onset,p,0,0,0,
121,80210,222.80555555555554,24,PWAVE,p,P-wave peak,p_peak,p,0,0,0,
121,80231,222.86388888888888,40,WFOFF,),Waveform end,p_offset,p,0,0,0,
121,80237,222.88055555555556,39,WFON,(,Waveform onset,qrs_onset,qrs,0,0,1,
121,80264,222.95555555555555,1,NORMAL,N,Normal beat,qrs_peak,qrs,0,0,0,
121,80279,222.99722222222223,40,WFOFF,),Waveform end,qrs_offset,qrs,0,0,1,
121,80335,223.15277777777777,39,WFON,(,Waveform onset,t_onset,t,0,0,2,
121,80351,223.19722222222222,27,TWAVE,t,T-wave peak,t_peak,t,0,0,5,
121,80452,223.4777777777778,27,TWAVE,t,T-wave peak,t_peak,t,0,0,5,
121,80457,223.49166666666667,40,WFOFF,),Waveform end,t_offset,t,0,0,2,
121,80543,223.73055555555555,39,WFON,(,Waveform onset,p_onset,p,0,0,0,
121,80565,223.79166666666666,24,PWAVE,p,P-wave peak,p_peak,p,0,0,0,
121,80582,223.8388888888889,40,WFOFF,),Waveform end,p_offset,p,0,0,0,
121,80587,223.8527777777778,39,WFON,(,Waveform onset,qrs_onset,qrs,0,0,1,
121,80615,223.93055555555554,1,NORMAL,N,Normal beat,qrs_peak,qrs,0,0,0,
121,80631,223.975,40,WFOFF,),Waveform end,qrs_offset,qrs,0,0,1,
121,80673,224.09166666666667,39,WFON,(,Waveform onset,t_onset,t,0,0,2,
121,80688,224.13333333333333,27,TWAVE,t,T-wave peak,t_peak,t,0,0,5,
121,80812,224.4777777777778,27,TWAVE,t,T-wave peak,t_peak,t,0,0,5,
121,80831,224.53055555555557,40,WFOFF,),Waveform end,t_offset,t,0,0,2,
121,80892,224.7,39,WFON,(,Waveform onset,p_onset,p,0,0,0,
121,80913,224.75833333333333,24,PWAVE,p,P-wave peak,p_peak,p,0,0,0,
121,80932,224.8111111111111,40,WFOFF,),Waveform end,p_offset,p,0,0,0,
121,80936,224.82222222222222,39,WFON,(,Waveform onset,qrs_onset,qrs,0,0,1,
121,80963,224.8972222222222,1,NORMAL,N,Normal beat,qrs_peak,qrs,0,0,0,
121,80977,224.9361111111111,40,WFOFF,),Waveform end,qrs_offset,qrs,0,0,1,
121,81004,225.01111111111112,39,WFON,(,Waveform onset,t_onset,t,0,0,2,
121,81022,225.0611111111111,27,TWAVE,t,T-wave peak,t_peak,t,0,0,5,
121,81155,225.43055555555554,27,TWAVE,t,T-wave peak,t_peak,t,0,0,5,
121,81167,225.4638888888889,40,WFOFF,),Waveform end,t_offset,t,0,0,2,
121,81227,225.63055555555556,39,WFON,(,Waveform onset,p_onset,p,0,0,0,
121,81261,225.725,24,PWAVE,p,P-wave peak,p_peak,p,0,0,0,
121,81274,225.76111111111112,40,WFOFF,),Waveform end,p_offset,p,0,0,0,
121,81283,225.7861111111111,39,WFON,(,Waveform onset,qrs_onset,qrs,0,0,1,
121,81312,225.86666666666667,1,NORMAL,N,Normal beat,qrs_peak,qrs,0,0,0,
121,81338,225.9388888888889,40,WFOFF,),Waveform end,qrs_offset,qrs,0,0,1,
121,81389,226.08055555555555,39,WFON,(,Waveform onset,t_onset,t,0,0,2,
121,81405,226.125,27,TWAVE,t,T-wave peak,t_peak,t,0,0,5,
121,81520,226.44444444444446,27,TWAVE,t,T-wave peak,t_peak,t,0,0,5,
121,81527,226.4638888888889,40,WFOFF,),Waveform end,t_offset,t,0,0,2,
121,81582,226.61666666666667,39,WFON,(,Waveform onset,p_onset,p,0,0,0,
121,81607,226.6861111111111,24,PWAVE,p,P-wave peak,p_peak,p,0,0,0,
121,81619,226.71944444444443,40,WFOFF,),Waveform end,p_offset,p,0,0,0,
121,81622,226.7277777777778,39,WFON,(,Waveform onset,qrs_onset,qrs,0,0,1,
121,81655,226.81944444444446,1,NORMAL,N,Normal beat,qrs_peak,qrs,0,0,0,
121,81670,226.86111111111111,40,WFOFF,),Waveform end,qrs_offset,qrs,0,0,1,
121,81690,226.91666666666666,39,WFON,(,Waveform onset,t_onset,t,0,0,2,
121,81743,227.0638888888889,27,TWAVE,t,T-wave peak,t_peak,t,0,0,5,
121,81852,227.36666666666667,27,TWAVE,t,T-wave peak,t_peak,t,0,0,5,
121,81863,227.3972222222222,40,WFOFF,),Waveform end,t_offset,t,0,0,2,
121,81929,227.58055555555555,39,WFON,(,Waveform onset,p_onset,p,0,0,0,
121,81957,227.65833333333333,24,PWAVE,p,P-wave peak,p_peak,p,0,0,0,
121,81966,227.68333333333334,40,WFOFF,),Waveform end,p_offset,p,0,0,0,
121,81977,227.7138888888889,39,WFON,(,Waveform onset,qrs_onset,qrs,0,0,1,
121,82000,227.77777777777777,1,NORMAL,N,Normal beat,qrs_peak,qrs,0,0,0,
121,82016,227.82222222222222,40,WFOFF,),Waveform end,qrs_offset,qrs,0,0,1,
121,82062,227.95,39,WFON,(,Waveform onset,t_onset,t,0,0,2,
121,82086,228.01666666666668,27,TWAVE,t,T-wave peak,t_peak,t,0,0,5,
121,82203,228.34166666666667,27,TWAVE,t,T-wave peak,t_peak,t,0,0,5,
121,82213,228.36944444444444,40,WFOFF,),Waveform end,t_offset,t,0,0,2,
121,82273,228.5361111111111,39,WFON,(,Waveform onset,p_onset,p,0,0,0,
121,82292,228.5888888888889,24,PWAVE,p,P-wave peak,p_peak,p,0,0,0,
121,82309,228.63611111111112,40,WFOFF,),Waveform end,p_offset,p,0,0,0,
121,82316,228.65555555555557,39,WFON,(,Waveform onset,qrs_onset,qrs,0,0,1,
121,82342,228.7277777777778,1,NORMAL,N,Normal beat,qrs_peak,qrs,0,0,0,
121,82369,228.80277777777778,40,WFOFF,),Waveform end,qrs_offset,qrs,0,0,1,
121,82383,228.84166666666667,39,WFON,(,Waveform onset,t_onset,t,0,0,2,
121,82393,228.86944444444444,27,TWAVE,t,T-wave peak,t_peak,t,0,0,5,
121,82525,229.23611111111111,27,TWAVE,t,T-wave peak,t_peak,t,0,0,5,
121,82535,229.26388888888889,40,WFOFF,),Waveform end,t_offset,t,0,0,2,
121,82627,229.51944444444445,39,WFON,(,Waveform onset,p_onset,p,0,0,0,
121,82643,229.5638888888889,24,PWAVE,p,P-wave peak,p_peak,p,0,0,0,
121,82659,229.60833333333332,40,WFOFF,),Waveform end,p_offset,p,0,0,0,
121,82663,229.61944444444444,39,WFON,(,Waveform onset,qrs_onset,qrs,0,0,1,
121,82690,229.69444444444446,1,NORMAL,N,Normal beat,qrs_peak,qrs,0,0,0,
121,82703,229.73055555555555,40,WFOFF,),Waveform end,qrs_offset,qrs,0,0,1,
121,82751,229.86388888888888,39,WFON,(,Waveform onset,t_onset,t,0,0,2,
121,82780,229.94444444444446,27,TWAVE,t,T-wave peak,t_peak,t,0,0,5,
121,82883,230.23055555555555,27,TWAVE,t,T-wave peak,t_peak,t,0,0,5,
121,82909,230.30277777777778,40,WFOFF,),Waveform end,t_offset,t,0,0,2,
121,82961,230.44722222222222,39,WFON,(,Waveform onset,p_onset,p,0,0,0,
121,82967,230.4638888888889,24,PWAVE,p,P-wave peak,p_peak,p,0,0,0,
121,82978,230.49444444444444,40,WFOFF,),Waveform end,p_offset,p,0,0,0,
121,83005,230.56944444444446,39,WFON,(,Waveform onset,qrs_onset,qrs,0,0,1,
121,83040,230.66666666666666,1,NORMAL,N,Normal beat,qrs_peak,qrs,0,0,0,
121,83066,230.73888888888888,40,WFOFF,),Waveform end,qrs_offset,qrs,0,0,1,
121,83110,230.86111111111111,39,WFON,(,Waveform onset,t_onset,t,0,0,2,
121,83126,230.90555555555557,27,TWAVE,t,T-wave peak,t_peak,t,0,0,5,
121,83252,231.25555555555556,27,TWAVE,t,T-wave peak,t_peak,t,0,0,5,
121,83274,231.31666666666666,40,WFOFF,),Waveform end,t_offset,t,0,0,2,
121,83312,231.42222222222222,39,WFON,(,Waveform onset,p_onset,p,0,0,0,
121,83340,231.5,24,PWAVE,p,P-wave peak,p_peak,p,0,0,0,
121,83360,231.55555555555554,40,WFOFF,),Waveform end,p_offset,p,0,0,0,
121,83365,231.56944444444446,39,WFON,(,Waveform onset,qrs_onset,qrs,0,0,1,
121,83390,231.63888888888889,1,NORMAL,N,Normal beat,qrs_peak,qrs,0,0,0,
121,83407,231.6861111111111,40,WFOFF,),Waveform end,qrs_offset,qrs,0,0,1,
121,83423,231.73055555555555,39,WFON,(,Waveform onset,t_onset,t,0,0,2,
121,83485,231.90277777777777,27,TWAVE,t,T-wave peak,t_peak,t,0,0,5,
121,83579,232.1638888888889,27,TWAVE,t,T-wave peak,t_peak,t,0,0,5,
121,83592,232.2,40,WFOFF,),Waveform end,t_offset,t,0,0,2,
121,83669,232.4138888888889,39,WFON,(,Waveform onset,p_onset,p,0,0,0,
121,83692,232.4777777777778,24,PWAVE,p,P-wave peak,p_peak,p,0,0,0,
121,83713,232.5361111111111,40,WFOFF,),Waveform end,p_offset,p,0,0,0,
121,83716,232.54444444444445,39,WFON,(,Waveform onset,qrs_onset,qrs,0,0,1,
121,83740,232.61111111111111,1,NORMAL,N,Normal beat,qrs_peak,qrs,0,0,0,
121,83776,232.7111111111111,40,WFOFF,),Waveform end,qrs_offset,qrs,0,0,1,
121,83816,232.82222222222222,39,WFON,(,Waveform onset,t_onset,t,0,0,2,
121,83831,232.86388888888888,27,TWAVE,t,T-wave peak,t_peak,t,0,0,0,
121,83865,232.95833333333334,40,WFOFF,),Waveform end,t_offset,t,0,0,2,
121,83969,233.24722222222223,39,WFON,(,Waveform onset,p_onset,p,0,0,0,
121,83995,233.31944444444446,24,PWAVE,p,P-wave peak,p_peak,p,0,0,0,
121,84025,233.40277777777777,40,WFOFF,),Waveform end,p_offset,p,0,0,0,
121,84055,233.48611111111111,39,WFON,(,Waveform onset,qrs_onset,qrs,0,0,1,
121,84083,233.5638888888889,1,NORMAL,N,Normal beat,qrs_peak,qrs,0,0,0,
121,84111,233.64166666666668,40,WFOFF,),Waveform end,qrs_offset,qrs,0,0,1,
121,84152,233.75555555555556,39,WFON,(,Waveform onset,t_onset,t,0,0,2,
121,84169,233.80277777777778,27,TWAVE,t,T-wave peak,t_peak,t,0,0,0,
121,84204,233.9,40,WFOFF,),Waveform end,t_offset,t,0,0,2,
121,84367,234.3527777777778,39,WFON,(,Waveform onset,p_onset,p,0,0,0,
121,84389,234.4138888888889,24,PWAVE,p,P-wave peak,p_peak,p,0,0,0,
121,84405,234.45833333333334,40,WFOFF,),Waveform end,p_offset,p,0,0,0,
121,84406,234.4611111111111,39,WFON,(,Waveform onset,qrs_onset,qrs,0,0,1,
121,84440,234.55555555555554,1,NORMAL,N,Normal beat,qrs_peak,qrs,0,0,0,
121,84455,234.59722222222223,40,WFOFF,),Waveform end,qrs_offset,qrs,0,0,1,
121,84488,234.6888888888889,39,WFON,(,Waveform onset,t_onset,t,0,0,2,
121,84526,234.79444444444445,27,TWAVE,t,T-wave peak,t_peak,t,0,0,5,
121,84599,234.99722222222223,27,TWAVE,t,T-wave peak,t_peak,t,0,0,5,
121,84670,235.19444444444446,40,WFOFF,),Waveform end,t_offset,t,0,0,2,
121,84714,235.31666666666666,39,WFON,(,Waveform onset,p_onset,p,0,0,0,
121,84745,235.40277777777777,24,PWAVE,p,P-wave peak,p_peak,p,0,0,0,
121,84751,235.41944444444445,40,WFOFF,),Waveform end,p_offset,p,0,0,0,
121,84757,235.4361111111111,39,WFON,(,Waveform onset,qrs_onset,qrs,0,0,1,
121,84785,235.51388888888889,1,NORMAL,N,Normal beat,qrs_peak,qrs,0,0,0,
121,84800,235.55555555555554,40,WFOFF,),Waveform end,qrs_offset,qrs,0,0,1,
121,84824,235.62222222222223,39,WFON,(,Waveform onset,t_onset,t,0,0,2,
121,84856,235.7111111111111,27,TWAVE,t,T-wave peak,t_peak,t,0,0,5,
121,85004,236.12222222222223,27,TWAVE,t,T-wave peak,t_peak,t,0,0,5,
121,85015,236.15277777777777,40,WFOFF,),Waveform end,t_offset,t,0,0,2,
121,85071,236.30833333333334,39,WFON,(,Waveform onset,p_onset,p,0,0,0,
121,85091,236.36388888888888,24,PWAVE,p,P-wave peak,p_peak,p,0,0,0,
121,85109,236.4138888888889,40,WFOFF,),Waveform end,p_offset,p,0,0,0,
121,85114,236.42777777777778,39,WFON,(,Waveform onset,qrs_onset,qrs,0,0,1,
121,85139,236.49722222222223,1,NORMAL,N,Normal beat,qrs_peak,qrs,0,0,0,
121,85152,236.53333333333333,40,WFOFF,),Waveform end,qrs_offset,qrs,0,0,1,
121,85215,236.70833333333334,39,WFON,(,Waveform onset,t_onset,t,0,0,2,
121,85227,236.74166666666667,27,TWAVE,t,T-wave peak,t_peak,t,0,0,5,
121,85324,237.01111111111112,27,TWAVE,t,T-wave peak,t_peak,t,0,0,5,
121,85349,237.08055555555555,40,WFOFF,),Waveform end,t_offset,t,0,0,2,
121,85416,237.26666666666668,39,WFON,(,Waveform onset,p_onset,p,0,0,0,
121,85431,237.30833333333334,24,PWAVE,p,P-wave peak,p_peak,p,0,0,0,
121,85456,237.37777777777777,40,WFOFF,),Waveform end,p_offset,p,0,0,0,
121,85472,237.42222222222222,39,WFON,(,Waveform onset,qrs_onset,qrs,0,0,1,
121,85489,237.46944444444443,1,NORMAL,N,Normal beat,qrs_peak,qrs,0,0,0,
121,85518,237.55,40,WFOFF,),Waveform end,qrs_offset,qrs,0,0,1,
121,85566,237.68333333333334,39,WFON,(,Waveform onset,t_onset,t,0,0,2,
121,85579,237.71944444444443,27,TWAVE,t,T-wave peak,t_peak,t,0,0,5,
121,85681,238.00277777777777,27,TWAVE,t,T-wave peak,t_peak,t,0,0,5,
121,85692,238.03333333333333,40,WFOFF,),Waveform end,t_offset,t,0,0,2,
121,85764,238.23333333333332,39,WFON,(,Waveform onset,p_onset,p,0,0,0,
121,85776,238.26666666666668,24,PWAVE,p,P-wave peak,p_peak,p,0,0,0,
121,85784,238.2888888888889,40,WFOFF,),Waveform end,p_offset,p,0,0,0,
121,85806,238.35,39,WFON,(,Waveform onset,qrs_onset,qrs,0,0,1,
121,85834,238.42777777777778,1,NORMAL,N,Normal beat,qrs_peak,qrs,0,0,0,
121,85863,238.50833333333333,40,WFOFF,),Waveform end,qrs_offset,qrs,0,0,1,
121,85894,238.59444444444443,39,WFON,(,Waveform onset,t_onset,t,0,0,2,
121,85912,238.64444444444445,27,TWAVE,t,T-wave peak,t_peak,t,0,0,5,
121,86015,238.93055555555554,27,TWAVE,t,T-wave peak,t_peak,t,0,0,5,
121,86041,239.00277777777777,40,WFOFF,),Waveform end,t_offset,t,0,0,2,
121,86097,239.15833333333333,39,WFON,(,Waveform onset,p_onset,p,0,0,0,
121,86117,239.2138888888889,24,PWAVE,p,P-wave peak,p_peak,p,0,0,0,
121,86137,239.26944444444445,40,WFOFF,),Waveform end,p_offset,p,0,0,0,
121,86147,239.29722222222222,39,WFON,(,Waveform onset,qrs_onset,qrs,0,0,1,
121,86170,239.36111111111111,1,NORMAL,N,Normal beat,qrs_peak,qrs,0,0,0,
121,86198,239.4388888888889,40,WFOFF,),Waveform end,qrs_offset,qrs,0,0,1,
121,86239,239.55277777777778,39,WFON,(,Waveform onset,t_onset,t,0,0,2,
121,86265,239.625,27,TWAVE,t,T-wave peak,t_peak,t,0,0,5,
121,86345,239.84722222222223,27,TWAVE,t,T-wave peak,t_peak,t,0,0,5,
121,86357,239.88055555555556,40,WFOFF,),Waveform end,t_offset,t,0,0,2,
121,86442,240.11666666666667,39,WFON,(,Waveform onset,p_onset,p,0,0,0,
121,86468,240.1888888888889,24,PWAVE,p,P-wave peak,p_peak,p,0,0,0,
121,86479,240.21944444444443,40,WFOFF,),Waveform end,p_offset,p,0,0,0,
121,86493,240.25833333333333,39,WFON,(,Waveform onset,qrs_onset,qrs,0,0,1,
121,86512,240.3111111111111,1,NORMAL,N,Normal beat,qrs_peak,qrs,0,0,0,
121,86534,240.37222222222223,40,WFOFF,),Waveform end,qrs_offset,qrs,0,0,1,
121,86538,240.38333333333333,39,WFON,(,Waveform onset,t_onset,t,0,0,2,
121,86564,240.45555555555555,27,TWAVE,t,T-wave peak,t_peak,t,0,0,5,
121,86703,240.84166666666667,27,TWAVE,t,T-wave peak,t_peak,t,0,0,5,
121,86711,240.86388888888888,40,WFOFF,),Waveform end,t_offset,t,0,0,2,
121,86781,241.05833333333334,39,WFON,(,Waveform onset,p_onset,p,0,0,0,
121,86806,241.12777777777777,24,PWAVE,p,P-wave peak,p_peak,p,0,0,0,
121,86817,241.15833333333333,40,WFOFF,),Waveform end,p_offset,p,0,0,0,
121,86833,241.20277777777778,39,WFON,(,Waveform onset,qrs_onset,qrs,0,0,1,
121,86854,241.26111111111112,1,NORMAL,N,Normal beat,qrs_peak,qrs,0,0,0,
121,86875,241.31944444444446,40,WFOFF,),Waveform end,qrs_offset,qrs,0,0,1,
121,86913,241.425,39,WFON,(,Waveform onset,t_onset,t,0,0,2,
121,86944,241.51111111111112,27,TWAVE,t,T-wave peak,t_peak,t,0,0,5,
121,87045,241.79166666666666,27,TWAVE,t,T-wave peak,t_peak,t,0,0,5,
121,87079,241.88611111111112,40,WFOFF,),Waveform end,t_offset,t,0,0,2,
121,87120,242.0,39,WFON,(,Waveform onset,p_onset,p,0,0,0,
121,87148,242.07777777777778,24,PWAVE,p,P-wave peak,p_peak,p,0,0,0,
121,87159,242.10833333333332,40,WFOFF,),Waveform end,p_offset,p,0,0,0,
121,87165,242.125,39,WFON,(,Waveform onset,qrs_onset,qrs,0,0,1,
121,87193,242.20277777777778,1,NORMAL,N,Normal beat,qrs_peak,qrs,0,0,0,
121,87207,242.24166666666667,40,WFOFF,),Waveform end,qrs_offset,qrs,0,0,1,
121,87444,242.9,39,WFON,(,Waveform onset,p_onset,p,0,0,0,
121,87451,242.91944444444445,24,PWAVE,p,P-wave peak,p_peak,p,0,0,0,
121,87481,243.00277777777777,40,WFOFF,),Waveform end,p_offset,p,0,0,0,
121,87504,243.06666666666666,39,WFON,(,Waveform onset,qrs_onset,qrs,0,0,1,
121,87539,243.1638888888889,1,NORMAL,N,Normal beat,qrs_peak,qrs,0,0,0,
121,87559,243.21944444444443,40,WFOFF,),Waveform end,qrs_offset,qrs,0,0,1,
121,87617,243.38055555555556,39,WFON,(,Waveform onset,t_onset,t,0,0,2,
121,87629,243.4138888888889,27,TWAVE,t,T-wave peak,t_peak,t,0,0,5,
121,87741,243.725,27,TWAVE,t,T-wave peak,t_peak,t,0,0,5,
121,87753,243.75833333333333,40,WFOFF,),Waveform end,t_offset,t,0,0,2,
121,87805,243.90277777777777,39,WFON,(,Waveform onset,p_onset,p,0,0,0,
121,87821,243.94722222222222,24,PWAVE,p,P-wave peak,p_peak,p,0,0,0,
121,87835,243.98611111111111,40,WFOFF,),Waveform end,p_offset,p,0,0,0,
121,87844,244.01111111111112,39,WFON,(,Waveform onset,qrs_onset,qrs,0,0,1,
121,87875,244.09722222222223,1,NORMAL,N,Normal beat,qrs_peak,qrs,0,0,0,
121,87891,244.14166666666668,40,WFOFF,),Waveform end,qrs_offset,qrs,0,0,1,
121,87921,244.225,39,WFON,(,Waveform onset,t_onset,t,0,0,2,
121,87965,244.34722222222223,27,TWAVE,t,T-wave peak,t_peak,t,0,0,5,
121,88072,244.64444444444445,27,TWAVE,t,T-wave peak,t_peak,t,0,0,5,
121,88082,244.67222222222222,40,WFOFF,),Waveform end,t_offset,t,0,0,2,
121,88150,244.86111111111111,39,WFON,(,Waveform onset,p_onset,p,0,0,0,
121,88181,244.94722222222222,24,PWAVE,p,P-wave peak,p_peak,p,0,0,0,
121,88190,244.97222222222223,40,WFOFF,),Waveform end,p_offset,p,0,0,0,
121,88193,244.98055555555555,39,WFON,(,Waveform onset,qrs_onset,qrs,0,0,1,
121,88217,245.04722222222222,1,NORMAL,N,Normal beat,qrs_peak,qrs,0,0,0,
121,88233,245.09166666666667,40,WFOFF,),Waveform end,qrs_offset,qrs,0,0,1,
121,88295,245.26388888888889,39,WFON,(,Waveform onset,t_onset,t,0,0,2,
121,88303,245.2861111111111,27,TWAVE,t,T-wave peak,t_peak,t,0,0,0,
121,88341,245.39166666666668,40,WFOFF,),Waveform end,t_offset,t,0,0,2,
121,88489,245.80277777777778,39,WFON,(,Waveform onset,p_onset,p,0,0,0,
121,88518,245.88333333333333,24,PWAVE,p,P-wave peak,p_peak,p,0,0,0,
121,88528,245.9111111111111,40,WFOFF,),Waveform end,p_offset,p,0,0,0,
121,88535,245.93055555555554,39,WFON,(,Waveform onset,qrs_onset,qrs,0,0,1,
121,88564,246.01111111111112,1,NORMAL,N,Normal beat,qrs_peak,qrs,0,0,0,
121,88581,246.05833333333334,40,WFOFF,),Waveform end,qrs_offset,qrs,0,0,1,
121,88635,246.20833333333334,39,WFON,(,Waveform onset,t_onset,t,0,0,2,
121,88651,246.25277777777777,27,TWAVE,t,T-wave peak,t_peak,t,0,0,5,
121,88749,246.525,27,TWAVE,t,T-wave peak,t_peak,t,0,0,5,
121,88757,246.54722222222222,40,WFOFF,),Waveform end,t_offset,t,0,0,2,
121,88838,246.7722222222222,39,WFON,(,Waveform onset,p_onset,p,0,0,0,
121,88864,246.84444444444443,24,PWAVE,p,P-wave peak,p_peak,p,0,0,0,
121,88875,246.875,40,WFOFF,),Waveform end,p_offset,p,0,0,0,
121,88884,246.9,39,WFON,(,Waveform onset,qrs_onset,qrs,0,0,1,
121,88912,246.9777777777778,1,NORMAL,N,Normal beat,qrs_peak,qrs,0,0,0,
121,88925,247.01388888888889,40,WFOFF,),Waveform end,qrs_offset,qrs,0,0,1,
121,88979,247.1638888888889,39,WFON,(,Waveform onset,t_onset,t,0,0,2,
121,89001,247.225,27,TWAVE,t,T-wave peak,t_peak,t,0,0,5,
121,89110,247.52777777777777,27,TWAVE,t,T-wave peak,t_peak,t,0,0,5,
121,89128,247.57777777777778,40,WFOFF,),Waveform end,t_offset,t,0,0,2,
121,89190,247.75,39,WFON,(,Waveform onset,p_onset,p,0,0,0,
121,89214,247.81666666666666,24,PWAVE,p,P-wave peak,p_peak,p,0,0,0,
121,89236,247.87777777777777,40,WFOFF,),Waveform end,p_offset,p,0,0,0,
121,89242,247.89444444444445,39,WFON,(,Waveform onset,qrs_onset,qrs,0,0,1,
121,89267,247.9638888888889,1,NORMAL,N,Normal beat,qrs_peak,qrs,0,0,0,
121,89283,248.00833333333333,40,WFOFF,),Waveform end,qrs_offset,qrs,0,0,1,
121,89341,248.16944444444445,39,WFON,(,Waveform onset,t_onset,t,0,0,2,
121,89353,248.20277777777778,27,TWAVE,t,T-wave peak,t_peak,t,0,0,5,
121,89456,248.48888888888888,27,TWAVE,t,T-wave peak,t_peak,t,0,0,5,
121,89465,248.51388888888889,40,WFOFF,),Waveform end,t_offset,t,0,0,2,
121,89550,248.75,39,WFON,(,Waveform onset,p_onset,p,0,0,0,
121,89576,248.82222222222222,24,PWAVE,p,P-wave peak,p_peak,p,0,0,0,
121,89588,248.85555555555555,40,WFOFF,),Waveform end,p_offset,p,0,0,0,
121,89592,248.86666666666667,39,WFON,(,Waveform onset,qrs_onset,qrs,0,0,1,
121,89626,248.9611111111111,1,NORMAL,N,Normal beat,qrs_peak,qrs,0,0,0,
121,89641,249.00277777777777,40,WFOFF,),Waveform end,qrs_offset,qrs,0,0,1,
121,89651,249.03055555555557,39,WFON,(,Waveform onset,t_onset,t,0,0,2,
121,89694,249.15,27,TWAVE,t,T-wave peak,t_peak,t,0,0,5,
121,89846,249.57222222222222,27,TWAVE,t,T-wave peak,t_peak,t,0,0,5,
121,89861,249.61388888888888,40,WFOFF,),Waveform end,t_offset,t,0,0,2,
121,89912,249.75555555555556,39,WFON,(,Waveform onset,p_onset,p,0,0,0,
121,89933,249.8138888888889,24,PWAVE,p,P-wave peak,p_peak,p,0,0,0,
121,89947,249.8527777777778,40,WFOFF,),Waveform end,p_offset,p,0,0,0,
121,89953,249.86944444444444,39,WFON,(,Waveform onset,qrs_onset,qrs,0,0,1,
121,89980,249.94444444444446,1,NORMAL,N,Normal beat,qrs_peak,qrs,0,0,0,
121,89995,249.98611111111111,40,WFOFF,),Waveform end,qrs_offset,qrs,0,0,1,
121,90015,250.04166666666666,39,WFON,(,Waveform onset,t_onset,t,0,0,2,
121,90061,250.16944444444445,27,TWAVE,t,T-wave peak,t_peak,t,0,0,0,
121,90110,250.30555555555554,40,WFOFF,),Waveform end,t_offset,t,0,0,2,
121,90274,250.76111111111112,39,WFON,(,Waveform onset,p_onset,p,0,0,0,
121,90290,250.80555555555554,24,PWAVE,p,P-wave peak,p_peak,p,0,0,0,
121,90312,250.86666666666667,40,WFOFF,),Waveform end,p_offset,p,0,0,0,
121,90314,250.87222222222223,39,WFON,(,Waveform onset,qrs_onset,qrs,0,0,1,
121,90341,250.94722222222222,1,NORMAL,N,Normal beat,qrs_peak,qrs,0,0,0,
121,90355,250.98611111111111,40,WFOFF,),Waveform end,qrs_offset,qrs,0,0,1,
121,90409,251.13611111111112,39,WFON,(,Waveform onset,t_onset,t,0,0,2,
121,90435,251.20833333333334,27,TWAVE,t,T-wave peak,t_peak,t,0,0,5,
121,90539,251.49722222222223,27,TWAVE,t,T-wave peak,t_peak,t,0,0,5,
121,90546,251.51666666666668,40,WFOFF,),Waveform end,t_offset,t,0,0,2,
121,90635,251.76388888888889,39,WFON,(,Waveform onset,p_onset,p,0,0,0,
121,90658,251.82777777777778,24,PWAVE,p,P-wave peak,p_peak,p,0,0,0,
121,90678,251.88333333333333,40,WFOFF,),Waveform end,p_offset,p,0,0,0,
121,90682,251.89444444444445,39,WFON,(,Waveform onset,qrs_onset,qrs,0,0,1,
121,90709,251.96944444444443,1,NORMAL,N,Normal beat,qrs_peak,qrs,0,0,0,
121,90722,252.00555555555556,40,WFOFF,),Waveform end,qrs_offset,qrs,0,0,1,
121,90772,252.14444444444445,39,WFON,(,Waveform onset,t_onset,t,0,0,2,
121,90797,252.2138888888889,27,TWAVE,t,T-wave peak,t_peak,t,0,0,5,
121,90901,252.50277777777777,27,TWAVE,t,T-wave peak,t_peak,t,0,0,5,
121,90909,252.525,40,WFOFF,),Waveform end,t_offset,t,0,0,2,
121,90996,252.76666666666668,39,WFON,(,Waveform onset,p_onset,p,0,0,0,
121,91014,252.81666666666666,24,PWAVE,p,P-wave peak,p_peak,p,0,0,0,
121,91029,252.85833333333332,40,WFOFF,),Waveform end,p_offset,p,0,0,0,
121,91035,252.875,39,WFON,(,Waveform onset,qrs_onset,qrs,0,0,1,
121,91068,252.96666666666667,1,NORMAL,N,Normal beat,qrs_peak,qrs,0,0,0,
121,91083,253.00833333333333,40,WFOFF,),Waveform end,qrs_offset,qrs,0,0,1,
121,91139,253.1638888888889,39,WFON,(,Waveform onset,t_onset,t,0,0,2,
121,91166,253.23888888888888,27,TWAVE,t,T-wave peak,t_peak,t,0,0,5,
121,91253,253.48055555555555,27,TWAVE,t,T-wave peak,t_peak,t,0,0,5,
121,91260,253.5,40,WFOFF,),Waveform end,t_offset,t,0,0,2,
121,91342,253.7277777777778,39,WFON,(,Waveform onset,p_onset,p,0,0,0,
121,91367,253.79722222222222,24,PWAVE,p,P-wave peak,p_peak,p,0,0,0,
121,91383,253.84166666666667,40,WFOFF,),Waveform end,p_offset,p,0,0,0,
121,91391,253.86388888888888,39,WFON,(,Waveform onset,qrs_onset,qrs,0,0,1,
121,91415,253.93055555555554,1,NORMAL,N,Normal beat,qrs_peak,qrs,0,0,0,
121,91444,254.01111111111112,40,WFOFF,),Waveform end,qrs_offset,qrs,0,0,1,
121,91497,254.15833333333333,39,WFON,(,Waveform onset,t_onset,t,0,0,2,
121,91508,254.1888888888889,27,TWAVE,t,T-wave peak,t_peak,t,0,0,5,
121,91653,254.59166666666667,27,TWAVE,t,T-wave peak,t_peak,t,0,0,5,
121,91667,254.63055555555556,40,WFOFF,),Waveform end,t_offset,t,0,0,2,
121,91673,254.6472222222222,39,WFON,(,Waveform onset,p_onset,p,0,0,0,
121,91687,254.6861111111111,24,PWAVE,p,P-wave peak,p_peak,p,0,0,0,
121,91710,254.75,40,WFOFF,),Waveform end,p_offset,p,0,0,0,
121,91743,254.84166666666667,39,WFON,(,Waveform onset,qrs_onset,qrs,0,0,1,
121,91772,254.92222222222222,1,NORMAL,N,Normal beat,qrs_peak,qrs,0,0,0,
121,91799,254.99722222222223,40,WFOFF,),Waveform end,qrs_offset,qrs,0,0,1,
121,91839,255.10833333333332,39,WFON,(,Waveform onset,t_onset,t,0,0,2,
121,91854,255.15,27,TWAVE,t,T-wave peak,t_peak,t,0,0,5,
121,91949,255.4138888888889,27,TWAVE,t,T-wave peak,t_peak,t,0,0,5,
121,91959,255.44166666666666,40,WFOFF,),Waveform end,t_offset,t,0,0,2,
121,92054,255.70555555555555,39,WFON,(,Waveform onset,p_onset,p,0,0,0,
121,92067,255.74166666666667,24,PWAVE,p,P-wave peak,p_peak,p,0,0,0,
121,92075,255.76388888888889,40,WFOFF,),Waveform end,p_offset,p,0,0,0,
121,92089,255.80277777777778,39,WFON,(,Waveform onset,qrs_onset,qrs,0,0,1,
121,92122,255.89444444444445,1,NORMAL,N,Normal beat,qrs_peak,qrs,0,0,0,
121,92154,255.98333333333332,40,WFOFF,),Waveform end,qrs_offset,qrs,0,0,1,
121,92176,256.0444444444444,39,WFON,(,Waveform onset,t_onset,t,0,0,2,
121,92210,256.1388888888889,27,TWAVE,t,T-wave peak,t_peak,t,0,0,5,
121,92340,256.5,27,TWAVE,t,T-wave peak,t_peak,t,0,0,5,
121,92353,256.5361111111111,40,WFOFF,),Waveform end,t_offset,t,0,0,2,
121,92394,256.65,39,WFON,(,Waveform onset,p_onset,p,0,0,0,
121,92418,256.71666666666664,24,PWAVE,p,P-wave peak,p_peak,p,0,0,0,
121,92434,256.7611111111111,40,WFOFF,),Waveform end,p_offset,p,0,0,0,
121,92438,256.77222222222224,39,WFON,(,Waveform onset,qrs_onset,qrs,0,0,1,
121,92466,256.85,1,NORMAL,N,Normal beat,qrs_peak,qrs,0,0,0,
121,92481,256.89166666666665,40,WFOFF,),Waveform end,qrs_offset,qrs,0,0,1,
121,92495,256.93055555555554,39,WFON,(,Waveform onset,t_onset,t,0,0,2,
121,92512,256.97777777777776,27,TWAVE,t,T-wave peak,t_peak,t,0,0,5,
121,92648,257.35555555555555,27,TWAVE,t,T-wave peak,t_peak,t,0,0,5,
121,92657,257.38055555555553,40,WFOFF,),Waveform end,t_offset,t,0,0,2,
121,92742,257.6166666666667,39,WFON,(,Waveform onset,p_onset,p,0,0,0,
121,92766,257.68333333333334,24,PWAVE,p,P-wave peak,p_peak,p,0,0,0,
121,92784,257.73333333333335,40,WFOFF,),Waveform end,p_offset,p,0,0,0,
121,92788,257.74444444444447,39,WFON,(,Waveform onset,qrs_onset,qrs,0,0,1,
121,92814,257.81666666666666,1,NORMAL,N,Normal beat,qrs_peak,qrs,0,0,0,
121,92829,257.85833333333335,40,WFOFF,),Waveform end,qrs_offset,qrs,0,0,1,
121,92870,257.97222222222223,39,WFON,(,Waveform onset,t_onset,t,0,0,2,
121,92879,257.9972222222222,27,TWAVE,t,T-wave peak,t_peak,t,0,0,5,
121,92977,258.26944444444445,27,TWAVE,t,T-wave peak,t_peak,t,0,0,5,
121,93009,258.35833333333335,40,WFOFF,),Waveform end,t_offset,t,0,0,2,
121,93089,258.5805555555556,39,WFON,(,Waveform onset,p_onset,p,0,0,0,
121,93111,258.64166666666665,24,PWAVE,p,P-wave peak,p_peak,p,0,0,0,
121,93123,258.675,40,WFOFF,),Waveform end,p_offset,p,0,0,0,
121,93134,258.7055555555556,39,WFON,(,Waveform onset,qrs_onset,qrs,0,0,1,
121,93161,258.78055555555557,1,NORMAL,N,Normal beat,qrs_peak,qrs,0,0,0,
121,93173,258.81388888888887,40,WFOFF,),Waveform end,qrs_offset,qrs,0,0,1,
121,93487,259.68611111111113,39,WFON,(,Waveform onset,qrs_onset,qrs,0,0,1,
121,93511,259.7527777777778,1,NORMAL,N,Normal beat,qrs_peak,qrs,0,0,0,
121,93526,259.7944444444444,40,WFOFF,),Waveform end,qrs_offset,qrs,0,0,1,
121,93591,259.975,39,WFON,(,Waveform onset,t_onset,t,0,0,2,
121,93604,260.0111111111111,27,TWAVE,t,T-wave peak,t_peak,t,0,0,5,
121,93719,260.3305555555556,27,TWAVE,t,T-wave peak,t_peak,t,0,0,5,
121,93730,260.3611111111111,40,WFOFF,),Waveform end,t_offset,t,0,0,2,
121,93805,260.56944444444446,39,WFON,(,Waveform onset,p_onset,p,0,0,0,
121,93820,260.6111111111111,24,PWAVE,p,P-wave peak,p_peak,p,0,0,0,
121,93838,260.6611111111111,40,WFOFF,),Waveform end,p_offset,p,0,0,0,
121,93850,260.69444444444446,39,WFON,(,Waveform onset,qrs_onset,qrs,0,0,1,
121,93869,260.7472222222222,1,NORMAL,N,Normal beat,qrs_peak,qrs,0,0,0,
121,93885,260.7916666666667,40,WFOFF,),Waveform end,qrs_offset,qrs,0,0,1,
121,93965,261.0138888888889,39,WFON,(,Waveform onset,t_onset,t,0,0,2,
121,94048,261.24444444444447,27,TWAVE,t,T-wave peak,t_peak,t,0,0,1,
121,94080,261.3333333333333,40,WFOFF,),Waveform end,t_offset,t,0,0,2,
121,94146,261.51666666666665,39,WFON,(,Waveform onset,p_onset,p,0,0,0,
121,94164,261.56666666666666,24,PWAVE,p,P-wave peak,p_peak,p,0,0,0,
121,94187,261.63055555555553,40,WFOFF,),Waveform end,p_offset,p,0,0,0,
121,94190,261.6388888888889,39,WFON,(,Waveform onset,qrs_onset,qrs,0,0,1,
121,94220,261.72222222222223,1,NORMAL,N,Normal beat,qrs_peak,qrs,0,0,0,
121,94243,261.7861111111111,40,WFOFF,),Waveform end,qrs_offset,qrs,0,0,1,
121,94289,261.9138888888889,39,WFON,(,Waveform onset,t_onset,t,0,0,2,
121,94310,261.97222222222223,27,TWAVE,t,T-wave peak,t_peak,t,0,0,5,
121,94417,262.26944444444445,27,TWAVE,t,T-wave peak,t_peak,t,0,0,5,
121,94427,262.2972222222222,40,WFOFF,),Waveform end,t_offset,t,0,0,2,
121,94462,262.39444444444445,39,WFON,(,Waveform onset,p_onset,p,0,0,0,
121,94483,262.4527777777778,24,PWAVE,p,P-wave peak,p_peak,p,0,0,0,
121,94510,262.52777777777777,40,WFOFF,),Waveform end,p_offset,p,0,0,0,
121,94539,262.60833333333335,39,WFON,(,Waveform onset,qrs_onset,qrs,0,0,1,
121,94569,262.69166666666666,1,NORMAL,N,Normal beat,qrs_peak,qrs,0,0,0,
121,94586,262.7388888888889,40,WFOFF,),Waveform end,qrs_offset,qrs,0,0,1,
121,94640,262.8888888888889,39,WFON,(,Waveform onset,t_onset,t,0,0,2,
121,94656,262.93333333333334,27,TWAVE,t,T-wave peak,t_peak,t,0,0,5,
121,94769,263.2472222222222,27,TWAVE,t,T-wave peak,t_peak,t,0,0,5,
121,94791,263.30833333333334,40,WFOFF,),Waveform end,t_offset,t,0,0,2,
121,94852,263.47777777777776,39,WFON,(,Waveform onset,p_onset,p,0,0,0,
121,94877,263.5472222222222,24,PWAVE,p,P-wave peak,p_peak,p,0,0,0,
121,94888,263.5777777777778,40,WFOFF,),Waveform end,p_offset,p,0,0,0,
121,94897,263.60277777777776,39,WFON,(,Waveform onset,qrs_onset,qrs,0,0,1,
121,94921,263.6694444444444,1,NORMAL,N,Normal beat,qrs_peak,qrs,0,0,0,
121,94935,263.7083333333333,40,WFOFF,),Waveform end,qrs_offset,qrs,0,0,1,
121,94991,263.8638888888889,39,WFON,(,Waveform onset,t_onset,t,0,0,2,
121,95002,263.89444444444445,27,TWAVE,t,T-wave peak,t_peak,t,0,0,5,
121,95096,264.15555555555557,27,TWAVE,t,T-wave peak,t_peak,t,0,0,5,
121,95105,264.18055555555554,40,WFOFF,),Waveform end,t_offset,t,0,0,2,
121,95212,264.47777777777776,39,WFON,(,Waveform onset,p_onset,p,0,0,0,
121,95225,264.5138888888889,24,PWAVE,p,P-wave peak,p_peak,p,0,0,0,
121,95237,264.5472222222222,40,WFOFF,),Waveform end,p_offset,p,0,0,0,
121,95256,264.6,39,WFON,(,Waveform onset,qrs_onset,qrs,0,0,1,
121,95280,264.6666666666667,1,NORMAL,N,Normal beat,qrs_peak,qrs,0,0,0,
121,95314,264.7611111111111,40,WFOFF,),Waveform end,qrs_offset,qrs,0,0,1,
121,95331,264.80833333333334,39,WFON,(,Waveform onset,t_onset,t,0,0,2,
121,95344,264.84444444444443,27,TWAVE,t,T-wave peak,t_peak,t,0,0,5,
121,95533,265.36944444444447,27,TWAVE,t,T-wave peak,t_peak,t,0,0,5,
121,95542,265.39444444444445,40,WFOFF,),Waveform end,t_offset,t,0,0,2,
121,95547,265.40833333333336,39,WFON,(,Waveform onset,p_onset,p,0,0,0,
121,95563,265.4527777777778,24,PWAVE,p,P-wave peak,p_peak,p,0,0,0,
121,95585,265.5138888888889,40,WFOFF,),Waveform end,p_offset,p,0,0,0,
121,95621,265.6138888888889,39,WFON,(,Waveform onset,qrs_onset,qrs,0,0,1,
121,95647,265.68611111111113,1,NORMAL,N,Normal beat,qrs_peak,qrs,0,0,0,
121,95680,265.77777777777777,40,WFOFF,),Waveform end,qrs_offset,qrs,0,0,1,
121,95748,265.96666666666664,39,WFON,(,Waveform onset,t_onset,t,0,0,2,
121,95808,266.1333333333333,27,TWAVE,t,T-wave peak,t_peak,t,0,0,1,
121,95850,266.25,40,WFOFF,),Waveform end,t_offset,t,0,0,2,
121,95941,266.5027777777778,39,WFON,(,Waveform onset,p_onset,p,0,0,0,
121,95960,266.55555555555554,24,PWAVE,p,P-wave peak,p_peak,p,0,0,0,
121,95977,266.60277777777776,40,WFOFF,),Waveform end,p_offset,p,0,0,0,
121,95982,266.6166666666667,39,WFON,(,Waveform onset,qrs_onset,qrs,0,0,1,
121,96008,266.68888888888887,1,NORMAL,N,Normal beat,qrs_peak,qrs,0,0,0,
121,96024,266.73333333333335,40,WFOFF,),Waveform end,qrs_offset,qrs,0,0,1,
121,96075,266.875,39,WFON,(,Waveform onset,t_onset,t,0,0,2,
121,96102,266.95,27,TWAVE,t,T-wave peak,t_peak,t,0,0,5,
121,96145,267.06944444444446,27,TWAVE,t,T-wave peak,t_peak,t,0,0,5,
121,96152,267.0888888888889,40,WFOFF,),Waveform end,t_offset,t,0,0,2,
121,96292,267.47777777777776,39,WFON,(,Waveform onset,p_onset,p,0,0,0,
121,96311,267.53055555555557,24,PWAVE,p,P-wave peak,p_peak,p,0,0,0,
121,96327,267.575,40,WFOFF,),Waveform end,p_offset,p,0,0,0,
121,96337,267.60277777777776,39,WFON,(,Waveform onset,qrs_onset,qrs,0,0,1,
121,96362,267.6722222222222,1,NORMAL,N,Normal beat,qrs_peak,qrs,0,0,0,
121,96378,267.71666666666664,40,WFOFF,),Waveform end,qrs_offset,qrs,0,0,1,
121,96438,267.8833333333333,39,WFON,(,Waveform onset,t_onset,t,0,0,2,
121,96450,267.9166666666667,27,TWAVE,t,T-wave peak,t_peak,t,0,0,5,
121,96555,268.2083333333333,27,TWAVE,t,T-wave peak,t_peak,t,0,0,5,
121,96565,268.2361111111111,40,WFOFF,),Waveform end,t_offset,t,0,0,2,
121,96656,268.4888888888889,39,WFON,(,Waveform onset,p_onset,p,0,0,0,
121,96682,268.56111111111113,24,PWAVE,p,P-wave peak,p_peak,p,0,0,0,
121,96696,268.6,40,WFOFF,),Waveform end,p_offset,p,0,0,0,
121,96702,268.6166666666667,39,WFON,(,Waveform onset,qrs_onset,qrs,0,0,1,
121,96731,268.6972222222222,1,NORMAL,N,Normal beat,qrs_peak,qrs,0,0,0,
121,96745,268.7361111111111,40,WFOFF,),Waveform end,qrs_offset,qrs,0,0,1,
121,96759,268.775,39,WFON,(,Waveform onset,t_onset,t,0,0,2,
121,96771,268.80833333333334,27,TWAVE,t,T-wave peak,t_peak,t,0,0,5,
121,96947,269.2972222222222,27,TWAVE,t,T-wave peak,t_peak,t,0,0,5,
121,96964,269.34444444444443,40,WFOFF,),Waveform end,t_offset,t,0,0,2,
121,97030,269.52777777777777,39,WFON,(,Waveform onset,p_onset,p,0,0,0,
121,97048,269.5777777777778,24,PWAVE,p,P-wave peak,p_peak,p,0,0,0,
121,97069,269.6361111111111,40,WFOFF,),Waveform end,p_offset,p,0,0,0,
121,97073,269.64722222222224,39,WFON,(,Waveform onset,qrs_onset,qrs,0,0,1,
121,97100,269.72222222222223,1,NORMAL,N,Normal beat,qrs_peak,qrs,0,0,0,
121,97115,269.7638888888889,40,WFOFF,),Waveform end,qrs_offset,qrs,0,0,1,
121,97144,269.84444444444443,39,WFON,(,Waveform onset,t_onset,t,0,0,2,
121,97158,269.8833333333333,27,TWAVE,t,T-wave peak,t_peak,t,0,0,5,
121,97313,270.31388888888887,27,TWAVE,t,T-wave peak,t_peak,t,0,0,5,
121,97329,270.35833333333335,40,WFOFF,),Waveform end,t_offset,t,0,0,2,
121,97371,270.475,39,WFON,(,Waveform onset,p_onset,p,0,0,0,
121,97401,270.55833333333334,24,PWAVE,p,P-wave peak,p_peak,p,0,0,0,
121,97431,270.64166666666665,40,WFOFF,),Waveform end,p_offset,p,0,0,0,
121,97442,270.6722222222222,39,WFON,(,Waveform onset,qrs_onset,qrs,0,0,1,
121,97464,270.73333333333335,1,NORMAL,N,Normal beat,qrs_peak,qrs,0,0,0,
121,97478,270.77222222222224,40,WFOFF,),Waveform end,qrs_offset,qrs,0,0,1,
121,97562,271.00555555555553,39,WFON,(,Waveform onset,t_onset,t,0,0,2,
121,97656,271.26666666666665,27,TWAVE,t,T-wave peak,t_peak,t,0,0,1,
121,97679,271.3305555555556,40,WFOFF,),Waveform end,t_offset,t,0,0,2,
121,97728,271.46666666666664,39,WFON,(,Waveform onset,p_onset,p,0,0,0,
121,97744,271.5111111111111,24,PWAVE,p,P-wave peak,p_peak,p,0,0,0,
121,97786,271.6277777777778,40,WFOFF,),Waveform end,p_offset,p,0,0,0,
121,97804,271.6777777777778,39,WFON,(,Waveform onset,qrs_onset,qrs,0,0,1,
121,97837,271.76944444444445,1,NORMAL,N,Normal beat,qrs_peak,qrs,0,0,0,
121,97854,271.81666666666666,40,WFOFF,),Waveform end,qrs_offset,qrs,0,0,1,
121,97862,271.8388888888889,39,WFON,(,Waveform onset,t_onset,t,0,0,2,
121,97925,272.0138888888889,27,TWAVE,t,T-wave peak,t_peak,t,0,0,0,
121,97973,272.14722222222224,40,WFOFF,),Waveform end,t_offset,t,0,0,2,
121,98130,272.5833333333333,39,WFON,(,Waveform onset,p_onset,p,0,0,0,
121,98156,272.65555555555557,24,PWAVE,p,P-wave peak,p_peak,p,0,0,0,
121,98166,272.68333333333334,40,WFOFF,),Waveform end,p_offset,p,0,0,0,
121,98175,272.7083333333333,39,WFON,(,Waveform onset,qrs_onset,qrs,0,0,1,
121,98201,272.78055555555557,1,NORMAL,N,Normal beat,qrs_peak,qrs,0,0,0,
121,98215,272.81944444444446,40,WFOFF,),Waveform end,qrs_offset,qrs,0,0,1,
121,98270,272.97222222222223,39,WFON,(,Waveform onset,t_onset,t,0,0,2,
121,98278,272.99444444444447,27,TWAVE,t,T-wave peak,t_peak,t,0,0,0,
121,98328,273.1333333333333,40,WFOFF,),Waveform end,t_offset,t,0,0,2,
121,98497,273.60277777777776,39,WFON,(,Waveform onset,p_onset,p,0,0,0,
121,98518,273.6611111111111,24,PWAVE,p,P-wave peak,p_peak,p,0,0,0,
121,98534,273.7055555555556,40,WFOFF,),Waveform end,p_offset,p,0,0,0,
121,98539,273.71944444444443,39,WFON,(,Waveform onset,qrs_onset,qrs,0,0,1,
121,98568,273.8,1,NORMAL,N,Normal beat,qrs_peak,qrs,0,0,0,
121,98590,273.8611111111111,40,WFOFF,),Waveform end,qrs_offset,qrs,0,0,1,
121,98607,273.90833333333336,39,WFON,(,Waveform onset,t_onset,t,0,0,2,
121,98657,274.0472222222222,27,TWAVE,t,T-wave peak,t_peak,t,0,0,5,
121,98775,274.375,27,TWAVE,t,T-wave peak,t_peak,t,0,0,5,
121,98796,274.43333333333334,40,WFOFF,),Waveform end,t_offset,t,0,0,2,
121,98871,274.64166666666665,39,WFON,(,Waveform onset,p_onset,p,0,0,0,
121,98887,274.68611111111113,24,PWAVE,p,P-wave peak,p_peak,p,0,0,0,
121,98904,274.73333333333335,40,WFOFF,),Waveform end,p_offset,p,0,0,0,
121,98909,274.7472222222222,39,WFON,(,Waveform onset,qrs_onset,qrs,0,0,1,
121,98940,274.8333333333333,1,NORMAL,N,Normal beat,qrs_peak,qrs,0,0,0,
121,98955,274.875,40,WFOFF,),Waveform end,qrs_offset,qrs,0,0,1,
121,98963,274.89722222222224,39,WFON,(,Waveform onset,t_onset,t,0,0,2,
121,99026,275.0722222222222,27,TWAVE,t,T-wave peak,t_peak,t,0,0,5,
121,99158,275.43888888888887,27,TWAVE,t,T-wave peak,t_peak,t,0,0,5,
121,99188,275.52222222222224,40,WFOFF,),Waveform end,t_offset,t,0,0,2,
121,99281,275.78055555555557,39,WFON,(,Waveform onset,qrs_onset,qrs,0,0,1,
121,99282,275.78333333333336,1,NORMAL,N,Normal beat,qrs_peak,qrs,0,0,0,
121,99323,275.89722222222224,40,WFOFF,),Waveform end,qrs_offset,qrs,0,0,1,
121,99325,275.90277777777777,39,WFON,(,Waveform onset,t_onset,t,0,0,2,
121,99394,276.09444444444443,27,TWAVE,t,T-wave peak,t_peak,t,0,0,5,
121,99473,276.31388888888887,27,TWAVE,t,T-wave peak,t_peak,t,0,0,5,
121,99561,276.55833333333334,40,WFOFF,),Waveform end,t_offset,t,0,0,2,
121,99642,276.78333333333336,39,WFON,(,Waveform onset,qrs_onset,qrs,0,0,1,
121,99665,276.84722222222223,1,NORMAL,N,Normal beat,qrs_peak,qrs,0,0,0,
121,99694,276.9277777777778,40,WFOFF,),Waveform end,qrs_offset,qrs,0,0,1,
121,99738,277.05,39,WFON,(,Waveform onset,t_onset,t,0,0,2,
121,99758,277.10555555555555,27,TWAVE,t,T-wave peak,t_peak,t,0,0,5,
121,99851,277.3638888888889,27,TWAVE,t,T-wave peak,t_peak,t,0,0,5,
121,99886,277.4611111111111,40,WFOFF,),Waveform end,t_offset,t,0,0,2,
121,100003,277.7861111111111,39,WFON,(,Waveform onset,qrs_onset,qrs,0,0,1,
121,100031,277.8638888888889,1,NORMAL,N,Normal beat,qrs_peak,qrs,0,0,0,
121,100056,277.93333333333334,40,WFOFF,),Waveform end,qrs_offset,qrs,0,0,1,
121,100068,277.96666666666664,39,WFON,(,Waveform onset,t_onset,t,0,0,2,
121,100118,278.10555555555555,27,TWAVE,t,T-wave peak,t_peak,t,0,0,5,
121,100228,278.4111111111111,27,TWAVE,t,T-wave peak,t_peak,t,0,0,5,
121,100262,278.50555555555553,40,WFOFF,),Waveform end,t_offset,t,0,0,2,
121,100375,278.81944444444446,39,WFON,(,Waveform onset,qrs_onset,qrs,0,0,1,
121,100394,278.8722222222222,1,NORMAL,N,Normal beat,qrs_peak,qrs,0,0,0,
121,100416,278.93333333333334,40,WFOFF,),Waveform end,qrs_offset,qrs,0,0,1,
121,100417,278.93611111111113,39,WFON,(,Waveform onset,t_onset,t,0,0,2,
121,100480,279.1111111111111,27,TWAVE,t,T-wave peak,t_peak,t,0,0,5,
121,100580,279.3888888888889,27,TWAVE,t,T-wave peak,t_peak,t,0,0,5,
121,100619,279.4972222222222,40,WFOFF,),Waveform end,t_offset,t,0,0,2,
121,100734,279.81666666666666,39,WFON,(,Waveform onset,qrs_onset,qrs,0,0,1,
121,100756,279.8777777777778,1,NORMAL,N,Normal beat,qrs_peak,qrs,0,0,0,
121,100778,279.93888888888887,40,WFOFF,),Waveform end,qrs_offset,qrs,0,0,1,
121,100814,280.0388888888889,39,WFON,(,Waveform onset,t_onset,t,0,0,2,
121,100846,280.1277777777778,27,TWAVE,t,T-wave peak,t_peak,t,0,0,5,
121,100945,280.40277777777777,27,TWAVE,t,T-wave peak,t_peak,t,0,0,5,
121,100953,280.425,40,WFOFF,),Waveform end,t_offset,t,0,0,2,
121,101106,280.85,39,WFON,(,Waveform onset,qrs_onset,qrs,0,0,1,
121,101122,280.89444444444445,1,NORMAL,N,Normal beat,qrs_peak,qrs,0,0,0,
121,101151,280.975,40,WFOFF,),Waveform end,qrs_offset,qrs,0,0,1,
121,101183,281.06388888888887,39,WFON,(,Waveform onset,t_onset,t,0,0,2,
121,101209,281.1361111111111,27,TWAVE,t,T-wave peak,t_peak,t,0,0,5,
121,101329,281.46944444444443,27,TWAVE,t,T-wave peak,t_peak,t,0,0,5,
121,101348,281.52222222222224,40,WFOFF,),Waveform end,t_offset,t,0,0,2,
121,101467,281.85277777777776,39,WFON,(,Waveform onset,qrs_onset,qrs,0,0,1,
121,101488,281.9111111111111,1,NORMAL,N,Normal beat,qrs_peak,qrs,0,0,0,
121,101504,281.9555555555556,40,WFOFF,),Waveform end,qrs_offset,qrs,0,0,1,
121,101558,282.10555555555555,39,WFON,(,Waveform onset,t_onset,t,0,0,2,
121,101579,282.1638888888889,27,TWAVE,t,T-wave peak,t_peak,t,0,0,5,
121,101701,282.5027777777778,27,TWAVE,t,T-wave peak,t_peak,t,0,0,5,
121,101715,282.5416666666667,40,WFOFF,),Waveform end,t_offset,t,0,0,2,
121,101839,282.8861111111111,39,WFON,(,Waveform onset,qrs_onset,qrs,0,0,1,
121,101861,282.9472222222222,1,NORMAL,N,Normal beat,qrs_peak,qrs,0,0,0,
121,101877,282.9916666666667,40,WFOFF,),Waveform end,qrs_offset,qrs,0,0,1,
121,101883,283.0083333333333,39,WFON,(,Waveform onset,t_onset,t,0,0,2,
121,101951,283.1972222222222,27,TWAVE,t,T-wave peak,t_peak,t,0,0,5,
121,102087,283.575,27,TWAVE,t,T-wave peak,t_peak,t,0,0,5,
121,102095,283.59722222222223,40,WFOFF,),Waveform end,t_offset,t,0,0,2,
121,102211,283.9194444444444,39,WFON,(,Waveform onset,qrs_onset,qrs,0,0,1,
121,102230,283.97222222222223,1,NORMAL,N,Normal beat,qrs_peak,qrs,0,0,0,
121,102245,284.0138888888889,40,WFOFF,),Waveform end,qrs_offset,qrs,0,0,1,
121,102294,284.15,39,WFON,(,Waveform onset,t_onset,t,0,0,2,
121,102320,284.22222222222223,27,TWAVE,t,T-wave peak,t_peak,t,0,0,5,
121,102462,284.6166666666667,27,TWAVE,t,T-wave peak,t_peak,t,0,0,5,
121,102482,284.6722222222222,40,WFOFF,),Waveform end,t_offset,t,0,0,2,
121,102584,284.9555555555556,39,WFON,(,Waveform onset,qrs_onset,qrs,0,0,1,
121,102602,285.00555555555553,1,NORMAL,N,Normal beat,qrs_peak,qrs,0,0,0,
121,102625,285.06944444444446,40,WFOFF,),Waveform end,qrs_offset,qrs,0,0,1,
121,102674,285.2055555555556,39,WFON,(,Waveform onset,t_onset,t,0,0,2,
121,102695,285.2638888888889,27,TWAVE,t,T-wave peak,t_peak,t,0,0,5,
121,102807,285.575,27,TWAVE,t,T-wave peak,t_peak,t,0,0,5,
121,102877,285.76944444444445,40,WFOFF,),Waveform end,t_offset,t,0,0,2,
121,102966,286.01666666666665,39,WFON,(,Waveform onset,qrs_onset,qrs,0,0,1,
121,102984,286.06666666666666,1,NORMAL,N,Normal beat,qrs_peak,qrs,0,0,0,
121,103008,286.1333333333333,40,WFOFF,),Waveform end,qrs_offset,qrs,0,0,1,
121,103037,286.2138888888889,39,WFON,(,Waveform onset,t_onset,t,0,0,2,
121,103075,286.31944444444446,27,TWAVE,t,T-wave peak,t_peak,t,0,0,5,
121,103220,286.72222222222223,27,TWAVE,t,T-wave peak,t_peak,t,0,0,5,
121,103237,286.76944444444445,40,WFOFF,),Waveform end,t_offset,t,0,0,2,
121,103341,287.05833333333334,39,WFON,(,Waveform onset,qrs_onset,qrs,0,0,1,
121,103359,287.10833333333335,1,NORMAL,N,Normal beat,qrs_peak,qrs,0,0,0,
121,103374,287.15,40,WFOFF,),Waveform end,qrs_offset,qrs,0,0,1,
121,103430,287.30555555555554,39,WFON,(,Waveform onset,t_onset,t,0,0,2,
121,103450,287.3611111111111,27,TWAVE,t,T-wave peak,t_peak,t,0,0,5,
121,103601,287.78055555555557,27,TWAVE,t,T-wave peak,t_peak,t,0,0,5,
121,103610,287.80555555555554,40,WFOFF,),Waveform end,t_offset,t,0,0,2,
121,103710,288.0833333333333,39,WFON,(,Waveform onset,qrs_onset,qrs,0,0,1,
121,103729,288.1361111111111,1,NORMAL,N,Normal beat,qrs_peak,qrs,0,0,0,
121,103747,288.18611111111113,40,WFOFF,),Waveform end,qrs_offset,qrs,0,0,1,
121,103796,288.3222222222222,39,WFON,(,Waveform onset,t_onset,t,0,0,2,
121,103826,288.40555555555557,27,TWAVE,t,T-wave peak,t_peak,t,0,0,0,
121,103864,288.5111111111111,40,WFOFF,),Waveform end,t_offset,t,0,0,2,
121,104083,289.11944444444447,39,WFON,(,Waveform onset,qrs_onset,qrs,0,0,1,
121,104102,289.1722222222222,1,NORMAL,N,Normal beat,qrs_peak,qrs,0,0,0,
121,104117,289.2138888888889,40,WFOFF,),Waveform end,qrs_offset,qrs,0,0,1,
121,104166,289.35,39,WFON,(,Waveform onset,t_onset,t,0,0,2,
121,104190,289.4166666666667,27,TWAVE,t,T-wave peak,t_peak,t,0,0,5,
121,104357,289.88055555555553,27,TWAVE,t,T-wave peak,t_peak,t,0,0,5,
121,104369,289.9138888888889,40,WFOFF,),Waveform end,t_offset,t,0,0,2,
121,104454,290.15,39,WFON,(,Waveform onset,qrs_onset,qrs,0,0,1,
121,104474,290.2055555555556,1,NORMAL,N,Normal beat,qrs_peak,qrs,0,0,0,
121,104488,290.24444444444447,40,WFOFF,),Waveform end,qrs_offset,qrs,0,0,1,
121,104541,290.39166666666665,39,WFON,(,Waveform onset,t_onset,t,0,0,2,
121,104564,290.4555555555556,27,TWAVE,t,T-wave peak,t_peak,t,0,0,5,
121,104659,290.71944444444443,27,TWAVE,t,T-wave peak,t_peak,t,0,0,5,
121,104726,290.90555555555557,40,WFOFF,),Waveform end,t_offset,t,0,0,2,
121,104826,291.18333333333334,39,WFON,(,Waveform onset,qrs_onset,qrs,0,0,1,
121,104843,291.23055555555555,1,NORMAL,N,Normal beat,qrs_peak,qrs,0,0,0,
121,104859,291.275,40,WFOFF,),Waveform end,qrs_offset,qrs,0,0,1,
121,104877,291.325,39,WFON,(,Waveform onset,t_onset,t,0,0,2,
121,104939,291.4972222222222,27,TWAVE,t,T-wave peak,t_peak,t,0,0,5,
121,105069,291.85833333333335,27,TWAVE,t,T-wave peak,t_peak,t,0,0,5,
121,105083,291.89722222222224,40,WFOFF,),Waveform end,t_offset,t,0,0,2,
121,105183,292.175,39,WFON,(,Waveform onset,qrs_onset,qrs,0,0,1,
121,105202,292.22777777777776,1,NORMAL,N,Normal beat,qrs_peak,qrs,0,0,0,
121,105215,292.2638888888889,40,WFOFF,),Waveform end,qrs_offset,qrs,0,0,1,
121,105262,292.39444444444445,39,WFON,(,Waveform onset,t_onset,t,0,0,2,
121,105289,292.46944444444443,27,TWAVE,t,T-wave peak,t_peak,t,0,0,5,
121,105392,292.75555555555553,27,TWAVE,t,T-wave peak,t_peak,t,0,0,5,
121,105424,292.84444444444443,40,WFOFF,),Waveform end,t_offset,t,0,0,2,
121,105547,293.18611111111113,39,WFON,(,Waveform onset,qrs_onset,qrs,0,0,1,
121,105566,293.2388888888889,1,NORMAL,N,Normal beat,qrs_peak,qrs,0,0,0,
121,105579,293.275,40,WFOFF,),Waveform end,qrs_offset,qrs,0,0,1,
121,105629,293.4138888888889,39,WFON,(,Waveform onset,t_onset,t,0,0,2,
121,105659,293.4972222222222,27,TWAVE,t,T-wave peak,t_peak,t,0,0,5,
121,105780,293.8333333333333,27,TWAVE,t,T-wave peak,t_peak,t,0,0,5,
121,105803,293.89722222222224,40,WFOFF,),Waveform end,t_offset,t,0,0,2,
121,105912,294.2,39,WFON,(,Waveform onset,qrs_onset,qrs,0,0,1,
121,105936,294.26666666666665,1,NORMAL,N,Normal beat,qrs_peak,qrs,0,0,0,
121,105962,294.3388888888889,40,WFOFF,),Waveform end,qrs_offset,qrs,0,0,1,
121,105966,294.35,39,WFON,(,Waveform onset,t_onset,t,0,0,2,
121,106027,294.51944444444445,27,TWAVE,t,T-wave peak,t_peak,t,0,0,5,
121,106115,294.7638888888889,27,TWAVE,t,T-wave peak,t_peak,t,0,0,5,
121,106140,294.8333333333333,40,WFOFF,),Waveform end,t_offset,t,0,0,2,
121,106270,295.19444444444446,39,WFON,(,Waveform onset,qrs_onset,qrs,0,0,1,
121,106292,295.25555555555553,1,NORMAL,N,Normal beat,qrs_peak,qrs,0,0,0,
121,106325,295.34722222222223,40,WFOFF,),Waveform end,qrs_offset,qrs,0,0,1,
121,106347,295.40833333333336,39,WFON,(,Waveform onset,t_onset,t,0,0,2,
121,106383,295.5083333333333,27,TWAVE,t,T-wave peak,t_peak,t,0,0,5,
121,106493,295.81388888888887,27,TWAVE,t,T-wave peak,t_peak,t,0,0,5,
121,106539,295.94166666666666,40,WFOFF,),Waveform end,t_offset,t,0,0,2,
121,106629,296.19166666666666,39,WFON,(,Waveform onset,qrs_onset,qrs,0,0,1,
121,106648,296.24444444444447,1,NORMAL,N,Normal beat,qrs_peak,qrs,0,0,0,
121,106671,296.30833333333334,40,WFOFF,),Waveform end,qrs_offset,qrs,0,0,1,
121,106683,296.34166666666664,39,WFON,(,Waveform onset,t_onset,t,0,0,2,
121,106741,296.5027777777778,27,TWAVE,t,T-wave peak,t_peak,t,0,0,5,
121,106843,296.7861111111111,27,TWAVE,t,T-wave peak,t_peak,t,0,0,5,
121,106874,296.8722222222222,40,WFOFF,),Waveform end,t_offset,t,0,0,2,
121,106990,297.19444444444446,39,WFON,(,Waveform onset,qrs_onset,qrs,0,0,1,
121,107009,297.2472222222222,1,NORMAL,N,Normal beat,qrs_peak,qrs,0,0,0,
121,107031,297.30833333333334,40,WFOFF,),Waveform end,qrs_offset,qrs,0,0,1,
121,107032,297.31111111111113,39,WFON,(,Waveform onset,t_onset,t,0,0,2,
121,107101,297.5027777777778,27,TWAVE,t,T-wave peak,t_peak,t,0,0,5,
121,107204,297.7888888888889,27,TWAVE,t,T-wave peak,t_peak,t,0,0,5,
121,107225,297.84722222222223,40,WFOFF,),Waveform end,t_offset,t,0,0,2,
121,107348,298.18888888888887,39,WFON,(,Waveform onset,qrs_onset,qrs,0,0,1,
121,107368,298.24444444444447,1,NORMAL,N,Normal beat,qrs_peak,qrs,0,0,0,
121,107391,298.30833333333334,40,WFOFF,),Waveform end,qrs_offset,qrs,0,0,1,
121,107394,298.31666666666666,39,WFON,(,Waveform onset,t_onset,t,0,0,2,
121,107457,298.4916666666667,27,TWAVE,t,T-wave peak,t_peak,t,0,0,5,
121,107573,298.81388888888887,27,TWAVE,t,T-wave peak,t_peak,t,0,0,5,
121,107584,298.84444444444443,40,WFOFF,),Waveform end,t_offset,t,0,0,2,
121,107706,299.18333333333334,39,WFON,(,Waveform onset,qrs_onset,qrs,0,0,1,
121,107726,299.2388888888889,1,NORMAL,N,Normal beat,qrs_peak,qrs,0,0,0,
121,107752,299.31111111111113,40,WFOFF,),Waveform end,qrs_offset,qrs,0,0,1,
121,107757,299.325,39,WFON,(,Waveform onset,t_onset,t,0,0,2,
121,107815,299.4861111111111,27,TWAVE,t,T-wave peak,t_peak,t,0,0,5,
121,107913,299.7583333333333,27,TWAVE,t,T-wave peak,t_peak,t,0,0,5,
121,107953,299.86944444444447,40,WFOFF,),Waveform end,t_offset,t,0,0,2,
121,108059,300.1638888888889,39,WFON,(,Waveform onset,qrs_onset,qrs,0,0,1,
121,108086,300.2388888888889,1,NORMAL,N,Normal beat,qrs_peak,qrs,0,0,0,
121,108116,300.3222222222222,40,WFOFF,),Waveform end,qrs_offset,qrs,0,0,1,
121,108146,300.40555555555557,39,WFON,(,Waveform onset,t_onset,t,0,0,2,
121,108173,300.48055555555555,27,TWAVE,t,T-wave peak,t_peak,t,0,0,5,
121,108264,300.73333333333335,27,TWAVE,t,T-wave peak,t_peak,t,0,0,5,
121,108278,300.77222222222224,40,WFOFF,),Waveform end,t_offset,t,0,0,2,
121,108421,301.1694444444444,39,WFON,(,Waveform onset,qrs_onset,qrs,0,0,1,
121,108441,301.225,1,NORMAL,N,Normal beat,qrs_peak,qrs,0,0,0,
121,108458,301.27222222222224,40,WFOFF,),Waveform end,qrs_offset,qrs,0,0,1,
121,108466,301.2944444444444,39,WFON,(,Waveform onset,t_onset,t,0,0,2,
121,108531,301.475,27,TWAVE,t,T-wave peak,t_peak,t,0,0,0,
121,108572,301.5888888888889,40,WFOFF,),Waveform end,t_offset,t,0,0,2,
121,108767,302.13055555555553,39,WFON,(,Waveform onset,qrs_onset,qrs,0,0,1,
121,108795,302.2083333333333,1,NORMAL,N,Normal beat,qrs_peak,qrs,0,0,0,
121,108822,302.28333333333336,40,WFOFF,),Waveform end,qrs_offset,qrs,0,0,1,
121,108862,302.39444444444445,39,WFON,(,Waveform onset,t_onset,t,0,0,2,
121,108891,302.475,27,TWAVE,t,T-wave peak,t_peak,t,0,0,5,
121,109028,302.85555555555555,27,TWAVE,t,T-wave peak,t_peak,t,0,0,5,
121,109041,302.89166666666665,40,WFOFF,),Waveform end,t_offset,t,0,0,2,
121,109109,303.0805555555556,39,WFON,(,Waveform onset,qrs_onset,qrs,0,0,1,
121,109153,303.2027777777778,1,NORMAL,N,Normal beat,qrs_peak,qrs,0,0,0,
121,109181,303.28055555555557,40,WFOFF,),Waveform end,qrs_offset,qrs,0,0,1,
121,109225,303.40277777777777,39,WFON,(,Waveform onset,t_onset,t,0,0,2,
121,109247,303.4638888888889,27,TWAVE,t,T-wave peak,t_peak,t,0,0,5,
121,109321,303.6694444444444,27,TWAVE,t,T-wave peak,t_peak,t,0,0,5,
121,109393,303.86944444444447,40,WFOFF,),Waveform end,t_offset,t,0,0,2,
121,109488,304.1333333333333,39,WFON,(,Waveform onset,qrs_onset,qrs,0,0,1,
121,109511,304.1972222222222,1,NORMAL,N,Normal beat,qrs_peak,qrs,0,0,0,
121,109540,304.27777777777777,40,WFOFF,),Waveform end,qrs_offset,qrs,0,0,1,
121,109846,305.1277777777778,39,WFON,(,Waveform onset,qrs_onset,qrs,0,0,1,
121,109865,305.18055555555554,1,NORMAL,N,Normal beat,qrs_peak,qrs,0,0,0,
121,109889,305.2472222222222,40,WFOFF,),Waveform end,qrs_offset,qrs,0,0,1,
121,109895,305.2638888888889,39,WFON,(,Waveform onset,t_onset,t,0,0,2,
121,109958,305.43888888888887,27,TWAVE,t,T-wave peak,t_peak,t,0,0,5,
121,110082,305.78333333333336,27,TWAVE,t,T-wave peak,t_peak,t,0,0,5,
121,110093,305.81388888888887,40,WFOFF,),Waveform end,t_offset,t,0,0,2,
121,110208,306.1333333333333,39,WFON,(,Waveform onset,qrs_onset,qrs,0,0,1,
121,110227,306.18611111111113,1,NORMAL,N,Normal beat,qrs_peak,qrs,0,0,0,
121,110241,306.225,40,WFOFF,),Waveform end,qrs_offset,qrs,0,0,1,
121,110278,306.3277777777778,39,WFON,(,Waveform onset,t_onset,t,0,0,2,
121,110318,306.43888888888887,27,TWAVE,t,T-wave peak,t_peak,t,0,0,5,
121,110439,306.775,27,TWAVE,t,T-wave peak,t_peak,t,0,0,5,
121,110451,306.80833333333334,40,WFOFF,),Waveform end,t_offset,t,0,0,2,
121,110568,307.1333333333333,39,WFON,(,Waveform onset,qrs_onset,qrs,0,0,1,
121,110589,307.19166666666666,1,NORMAL,N,Normal beat,qrs_peak,qrs,0,0,0,
121,110603,307.23055555555555,40,WFOFF,),Waveform end,qrs_offset,qrs,0,0,1,
121,110659,307.3861111111111,39,WFON,(,Waveform onset,t_onset,t,0,0,2,
121,110681,307.4472222222222,27,TWAVE,t,T-wave peak,t_peak,t,0,0,5,
121,110808,307.8,27,TWAVE,t,T-wave peak,t_peak,t,0,0,5,
121,110825,307.84722222222223,40,WFOFF,),Waveform end,t_offset,t,0,0,2,
121,110940,308.1666666666667,39,WFON,(,Waveform onset,qrs_onset,qrs,0,0,1,
121,110959,308.21944444444443,1,NORMAL,N,Normal beat,qrs_peak,qrs,0,0,0,
121,110973,308.2583333333333,40,WFOFF,),Waveform end,qrs_offset,qrs,0,0,1,
121,111031,308.4194444444444,39,WFON,(,Waveform onset,t_onset,t,0,0,2,
121,111051,308.475,27,TWAVE,t,T-wave peak,t_peak,t,0,0,0,
121,111091,308.5861111111111,40,WFOFF,),Waveform end,t_offset,t,0,0,2,
121,111306,309.18333333333334,39,WFON,(,Waveform onset,qrs_onset,qrs,0,0,1,
121,111324,309.23333333333335,1,NORMAL,N,Normal beat,qrs_peak,qrs,0,0,0,
121,111338,309.27222222222224,40,WFOFF,),Waveform end,qrs_offset,qrs,0,0,1,
121,111395,309.43055555555554,39,WFON,(,Waveform onset,t_onset,t,0,0,2,
121,111414,309.48333333333335,27,TWAVE,t,T-wave peak,t_peak,t,0,0,5,
121,111512,309.75555555555553,27,TWAVE,t,T-wave peak,t_peak,t,0,0,5,
121,111567,309.90833333333336,40,WFOFF,),Waveform end,t_offset,t,0,0,2,
121,111666,310.18333333333334,39,WFON,(,Waveform onset,qrs_onset,qrs,0,0,1,
121,111682,310.22777777777776,1,NORMAL,N,Normal beat,qrs_peak,qrs,0,0,0,
121,111698,310.27222222222224,40,WFOFF,),Waveform end,qrs_offset,qrs,0,0,1,
121,111745,310.40277777777777,39,WFON,(,Waveform onset,t_onset,t,0,0,2,
121,111772,310.47777777777776,27,TWAVE,t,T-wave peak,t_peak,t,0,0,5,
121,111923,310.89722222222224,27,TWAVE,t,T-wave peak,t_peak,t,0,0,5,
121,111934,310.9277777777778,40,WFOFF,),Waveform end,t_offset,t,0,0,2,
121,112037,311.2138888888889,39,WFON,(,Waveform onset,qrs_onset,qrs,0,0,1,
121,112057,311.26944444444445,1,NORMAL,N,Normal beat,qrs_peak,qrs,0,0,0,
121,112069,311.3027777777778,40,WFOFF,),Waveform end,qrs_offset,qrs,0,0,1,
121,112125,311.4583333333333,39,WFON,(,Waveform onset,t_onset,t,0,0,2,
121,112146,311.51666666666665,27,TWAVE,t,T-wave peak,t_peak,t,0,0,0,
121,112184,311.6222222222222,40,WFOFF,),Waveform end,t_offset,t,0,0,2,
121,112404,312.23333333333335,39,WFON,(,Waveform onset,qrs_onset,qrs,0,0,1,
121,112423,312.2861111111111,1,NORMAL,N,Normal beat,qrs_peak,qrs,0,0,0,
121,112435,312.31944444444446,40,WFOFF,),Waveform end,qrs_offset,qrs,0,0,1,
121,112487,312.4638888888889,39,WFON,(,Waveform onset,t_onset,t,0,0,2,
121,112513,312.5361111111111,27,TWAVE,t,T-wave peak,t_peak,t,0,0,5,
121,112619,312.8305555555556,27,TWAVE,t,T-wave peak,t_peak,t,0,0,5,
121,112648,312.9111111111111,40,WFOFF,),Waveform end,t_offset,t,0,0,2,
121,112768,313.24444444444447,39,WFON,(,Waveform onset,qrs_onset,qrs,0,0,1,
121,112788,313.3,1,NORMAL,N,Normal beat,qrs_peak,qrs,0,0,0,
121,112801,313.3361111111111,40,WFOFF,),Waveform end,qrs_offset,qrs,0,0,1,
121,112836,313.43333333333334,39,WFON,(,Waveform onset,t_onset,t,0,0,2,
121,112879,313.5527777777778,27,TWAVE,t,T-wave peak,t_peak,t,0,0,5,
121,112981,313.8361111111111,27,TWAVE,t,T-wave peak,t_peak,t,0,0,5,
121,113024,313.9555555555556,40,WFOFF,),Waveform end,t_offset,t,0,0,2,
121,113137,314.26944444444445,39,WFON,(,Waveform onset,qrs_onset,qrs,0,0,1,
121,113154,314.31666666666666,1,NORMAL,N,Normal beat,qrs_peak,qrs,0,0,0,
121,113170,314.3611111111111,40,WFOFF,),Waveform end,qrs_offset,qrs,0,0,1,
121,113221,314.5027777777778,39,WFON,(,Waveform onset,t_onset,t,0,0,2,
121,113246,314.5722222222222,27,TWAVE,t,T-wave peak,t_peak,t,0,0,5,
121,113351,314.8638888888889,27,TWAVE,t,T-wave peak,t_peak,t,0,0,5,
121,113372,314.9222222222222,40,WFOFF,),Waveform end,t_offset,t,0,0,2,
121,113505,315.2916666666667,39,WFON,(,Waveform onset,qrs_onset,qrs,0,0,1,
121,113523,315.34166666666664,1,NORMAL,N,Normal beat,qrs_peak,qrs,0,0,0,
121,113536,315.3777777777778,40,WFOFF,),Waveform end,qrs_offset,qrs,0,0,1,
121,113553,315.425,39,WFON,(,Waveform onset,t_onset,t,0,0,2,
121,113614,315.59444444444443,27,TWAVE,t,T-wave peak,t_peak,t,0,0,5,
121,113759,315.9972222222222,27,TWAVE,t,T-wave peak,t_peak,t,0,0,5,
121,113788,316.0777777777778,40,WFOFF,),Waveform end,t_offset,t,0,0,2,
121,113877,316.325,39,WFON,(,Waveform onset,qrs_onset,qrs,0,0,1,
121,113895,316.375,1,NORMAL,N,Normal beat,qrs_peak,qrs,0,0,0,
121,113910,316.4166666666667,40,WFOFF,),Waveform end,qrs_offset,qrs,0,0,1,
121,113919,316.44166666666666,39,WFON,(,Waveform onset,t_onset,t,0,0,2,
121,113991,316.64166666666665,27,TWAVE,t,T-wave peak,t_peak,t,0,0,5,
121,114081,316.89166666666665,27,TWAVE,t,T-wave peak,t_peak,t,0,0,5,
121,114095,316.93055555555554,40,WFOFF,),Waveform end,t_offset,t,0,0,2,
121,114246,317.35,39,WFON,(,Waveform onset,qrs_onset,qrs,0,0,1,
121,114262,317.39444444444445,1,NORMAL,N,Normal beat,qrs_peak,qrs,0,0,0,
121,114278,317.43888888888887,40,WFOFF,),Waveform end,qrs_offset,qrs,0,0,1,
121,114287,317.4638888888889,39,WFON,(,Waveform onset,t_onset,t,0,0,2,
121,114351,317.64166666666665,27,TWAVE,t,T-wave peak,t_peak,t,0,0,0,
121,114389,317.7472222222222,40,WFOFF,),Waveform end,t_offset,t,0,0,2,
121,114606,318.35,39,WFON,(,Waveform onset,qrs_onset,qrs,0,0,1,
121,114625,318.40277777777777,1,NORMAL,N,Normal beat,qrs_peak,qrs,0,0,0,
121,114639,318.44166666666666,40,WFOFF,),Waveform end,qrs_offset,qrs,0,0,1,
121,114655,318.4861111111111,39,WFON,(,Waveform onset,t_onset,t,0,0,2,
121,114718,318.6611111111111,27,TWAVE,t,T-wave peak,t_peak,t,0,0,5,
121,114824,318.9555555555556,27,TWAVE,t,T-wave peak,t_peak,t,0,0,5,
121,114875,319.09722222222223,40,WFOFF,),Waveform end,t_offset,t,0,0,2,
121,114974,319.3722222222222,39,WFON,(,Waveform onset,qrs_onset,qrs,0,0,1,
121,114996,319.43333333333334,1,NORMAL,N,Normal beat,qrs_peak,qrs,0,0,0,
121,115012,319.47777777777776,40,WFOFF,),Waveform end,qrs_offset,qrs,0,0,1,
121,115044,319.56666666666666,39,WFON,(,Waveform onset,t_onset,t,0,0,2,
121,115088,319.68888888888887,27,TWAVE,t,T-wave peak,t_peak,t,0,0,0,
121,115179,319.94166666666666,40,WFOFF,),Waveform end,t_offset,t,0,0,2,
121,115345,320.40277777777777,39,WFON,(,Waveform onset,qrs_onset,qrs,0,0,1,
121,115359,320.44166666666666,1,NORMAL,N,Normal beat,qrs_peak,qrs,0,0,0,
121,115386,320.51666666666665,40,WFOFF,),Waveform end,qrs_offset,qrs,0,0,1,
121,115438,320.6611111111111,39,WFON,(,Waveform onset,t_onset,t,0,0,2,
121,115457,320.7138888888889,27,TWAVE,t,T-wave peak,t_peak,t,0,0,5,
121,115558,320.99444444444447,27,TWAVE,t,T-wave peak,t_peak,t,0,0,5,
121,115568,321.02222222222224,40,WFOFF,),Waveform end,t_offset,t,0,0,2,
121,115697,321.38055555555553,39,WFON,(,Waveform onset,qrs_onset,qrs,0,0,1,
121,115712,321.4222222222222,1,NORMAL,N,Normal beat,qrs_peak,qrs,0,0,0,
121,115735,321.4861111111111,40,WFOFF,),Waveform end,qrs_offset,qrs,0,0,1,
121,115763,321.56388888888887,39,WFON,(,Waveform onset,t_onset,t,0,0,2,
121,115800,321.6666666666667,27,TWAVE,t,T-wave peak,t_peak,t,0,0,5,
121,115898,321.93888888888887,27,TWAVE,t,T-wave peak,t_peak,t,0,0,5,
121,115914,321.98333333333335,40,WFOFF,),Waveform end,t_offset,t,0,0,2,
121,116058,322.3833333333333,39,WFON,(,Waveform onset,qrs_onset,qrs,0,0,1,
121,116077,322.43611111111113,1,NORMAL,N,Normal beat,qrs_peak,qrs,0,0,0,
121,116090,322.47222222222223,40,WFOFF,),Waveform end,qrs_offset,qrs,0,0,1,
121,116101,322.5027777777778,39,WFON,(,Waveform onset,t_onset,t,0,0,2,
121,116167,322.68611111111113,27,TWAVE,t,T-wave peak,t_peak,t,0,0,5,
121,116249,322.9138888888889,27,TWAVE,t,T-wave peak,t_peak,t,0,0,5,
121,116302,323.06111111111113,40,WFOFF,),Waveform end,t_offset,t,0,0,2,
121,116403,323.34166666666664,39,WFON,(,Waveform onset,qrs_onset,qrs,0,0,1,
121,116426,323.40555555555557,1,NORMAL,N,Normal beat,qrs_peak,qrs,0,0,0,
121,116442,323.45,40,WFOFF,),Waveform end,qrs_offset,qrs,0,0,1,
121,116485,323.56944444444446,39,WFON,(,Waveform onset,t_onset,t,0,0,2,
121,116521,323.6694444444444,27,TWAVE,t,T-wave peak,t_peak,t,0,0,5,
121,116640,324.0,27,TWAVE,t,T-wave peak,t_peak,t,0,0,5,
121,116662,324.06111111111113,40,WFOFF,),Waveform end,t_offset,t,0,0,2,
121,116757,324.325,39,WFON,(,Waveform onset,qrs_onset,qrs,0,0,1,
121,116775,324.375,1,NORMAL,N,Normal beat,qrs_peak,qrs,0,0,0,
121,116790,324.4166666666667,40,WFOFF,),Waveform end,qrs_offset,qrs,0,0,1,
121,116810,324.47222222222223,39,WFON,(,Waveform onset,t_onset,t,0,0,2,
121,116867,324.63055555555553,27,TWAVE,t,T-wave peak,t_peak,t,0,0,5,
121,116963,324.89722222222224,27,TWAVE,t,T-wave peak,t_peak,t,0,0,5,
121,116977,324.93611111111113,40,WFOFF,),Waveform end,t_offset,t,0,0,2,
121,117117,325.325,39,WFON,(,Waveform onset,qrs_onset,qrs,0,0,1,
121,117135,325.375,1,NORMAL,N,Normal beat,qrs_peak,qrs,0,0,0,
121,117149,325.4138888888889,40,WFOFF,),Waveform end,qrs_offset,qrs,0,0,1,
121,117199,325.5527777777778,39,WFON,(,Waveform onset,t_onset,t,0,0,2,
121,117226,325.6277777777778,27,TWAVE,t,T-wave peak,t_peak,t,0,0,5,
121,117304,325.84444444444443,27,TWAVE,t,T-wave peak,t_peak,t,0,0,5,
121,117358,325.99444444444447,40,WFOFF,),Waveform end,t_offset,t,0,0,2,
121,117462,326.28333333333336,39,WFON,(,Waveform onset,qrs_onset,qrs,0,0,1,
121,117478,326.3277777777778,1,NORMAL,N,Normal beat,qrs_peak,qrs,0,0,0,
121,117494,326.3722222222222,40,WFOFF,),Waveform end,qrs_offset,qrs,0,0,1,
121,117533,326.48055555555555,39,WFON,(,Waveform onset,t_onset,t,0,0,2,
121,117570,326.5833333333333,27,TWAVE,t,T-wave peak,t_peak,t,0,0,5,
121,117676,326.8777777777778,27,TWAVE,t,T-wave peak,t_peak,t,0,0,5,
121,117694,326.9277777777778,40,WFOFF,),Waveform end,t_offset,t,0,0,2,
121,117806,327.2388888888889,39,WFON,(,Waveform onset,qrs_onset,qrs,0,0,1,
121,117825,327.2916666666667,1,NORMAL,N,Normal beat,qrs_peak,qrs,0,0,0,
121,117840,327.3333333333333,40,WFOFF,),Waveform end,qrs_offset,qrs,0,0,1,
121,117890,327.47222222222223,39,WFON,(,Waveform onset,t_onset,t,0,0,2,
121,117919,327.5527777777778,27,TWAVE,t,T-wave peak,t_peak,t,0,0,5,
121,118035,327.875,27,TWAVE,t,T-wave peak,t_peak,t,0,0,5,
121,118053,327.925,40,WFOFF,),Waveform end,t_offset,t,0,0,2,
121,118158,328.21666666666664,39,WFON,(,Waveform onset,qrs_onset,qrs,0,0,1,
121,118178,328.27222222222224,1,NORMAL,N,Normal beat,qrs_peak,qrs,0,0,0,
121,118192,328.31111111111113,40,WFOFF,),Waveform end,qrs_offset,qrs,0,0,1,
121,118201,328.3361111111111,39,WFON,(,Waveform onset,t_onset,t,0,0,2,
121,118267,328.51944444444445,27,TWAVE,t,T-wave peak,t_peak,t,0,0,5,
121,118373,328.81388888888887,27,TWAVE,t,T-wave peak,t_peak,t,0,0,5,
121,118389,328.85833333333335,40,WFOFF,),Waveform end,t_offset,t,0,0,2,
121,118397,328.88055555555553,39,WFON,(,Waveform onset,p_onset,p,0,0,0,
121,118416,328.93333333333334,24,PWAVE,p,P-wave peak,p_peak,p,0,0,0,
121,118426,328.9611111111111,40,WFOFF,),Waveform end,p_offset,p,0,0,0,
121,118502,329.1722222222222,39,WFON,(,Waveform onset,qrs_onset,qrs,0,0,1,
121,118523,329.23055555555555,1,NORMAL,N,Normal beat,qrs_peak,qrs,0,0,0,
121,118547,329.2972222222222,40,WFOFF,),Waveform end,qrs_offset,qrs,0,0,1,
121,118575,329.375,39,WFON,(,Waveform onset,t_onset,t,0,0,2,
121,118616,329.4888888888889,27,TWAVE,t,T-wave peak,t_peak,t,0,0,5,
121,118707,329.7416666666667,27,TWAVE,t,T-wave peak,t_peak,t,0,0,5,
121,118762,329.89444444444445,40,WFOFF,),Waveform end,t_offset,t,0,0,2,
121,118855,330.15277777777777,39,WFON,(,Waveform onset,qrs_onset,qrs,0,0,1,
121,118874,330.2055555555556,1,NORMAL,N,Normal beat,qrs_peak,qrs,0,0,0,
121,118890,330.25,40,WFOFF,),Waveform end,qrs_offset,qrs,0,0,1,
121,118897,330.26944444444445,39,WFON,(,Waveform onset,t_onset,t,0,0,2,
121,118969,330.46944444444443,27,TWAVE,t,T-wave peak,t_peak,t,0,0,5,
121,119093,330.81388888888887,27,TWAVE,t,T-wave peak,t_peak,t,0,0,5,
121,119117,330.88055555555553,40,WFOFF,),Waveform end,t_offset,t,0,0,2,
121,119213,331.14722222222224,39,WFON,(,Waveform onset,qrs_onset,qrs,0,0,1,
121,119233,331.2027777777778,1,NORMAL,N,Normal beat,qrs_peak,qrs,0,0,0,
121,119259,331.275,40,WFOFF,),Waveform end,qrs_offset,qrs,0,0,1,
121,119281,331.3361111111111,39,WFON,(,Waveform onset,t_onset,t,0,0,2,
121,119322,331.45,27,TWAVE,t,T-wave peak,t_peak,t,0,0,5,
121,119484,331.9,27,TWAVE,t,T-wave peak,t_peak,t,0,0,5,
121,119498,331.93888888888887,40,WFOFF,),Waveform end,t_offset,t,0,0,2,
121,119585,332.18055555555554,39,WFON,(,Waveform onset,qrs_onset,qrs,0,0,1,
121,119602,332.22777777777776,1,NORMAL,N,Normal beat,qrs_peak,qrs,0,0,0,
121,119626,332.2944444444444,40,WFOFF,),Waveform end,qrs_offset,qrs,0,0,1,
121,119631,332.30833333333334,39,WFON,(,Waveform onset,t_onset,t,0,0,2,
121,119695,332.4861111111111,27,TWAVE,t,T-wave peak,t_peak,t,0,0,5,
121,119787,332.7416666666667,27,TWAVE,t,T-wave peak,t_peak,t,0,0,5,
121,119830,332.8611111111111,40,WFOFF,),Waveform end,t_offset,t,0,0,2,
121,119958,333.21666666666664,39,WFON,(,Waveform onset,qrs_onset,qrs,0,0,1,
121,119977,333.26944444444445,1,NORMAL,N,Normal beat,qrs_peak,qrs,0,0,0,
121,119994,333.31666666666666,40,WFOFF,),Waveform end,qrs_offset,qrs,0,0,1,
121,120038,333.43888888888887,39,WFON,(,Waveform onset,t_onset,t,0,0,2,
121,120069,333.525,27,TWAVE,t,T-wave peak,t_peak,t,0,0,5,
121,120171,333.80833333333334,27,TWAVE,t,T-wave peak,t_peak,t,0,0,5,
121,120212,333.9222222222222,40,WFOFF,),Waveform end,t_offset,t,0,0,2,
121,120326,334.2388888888889,39,WFON,(,Waveform onset,qrs_onset,qrs,0,0,1,
121,120345,334.2916666666667,1,NORMAL,N,Normal beat,qrs_peak,qrs,0,0,0,
121,120359,334.3305555555556,40,WFOFF,),Waveform end,qrs_offset,qrs,0,0,1,
121,120413,334.48055555555555,39,WFON,(,Waveform onset,t_onset,t,0,0,2,
121,120433,334.5361111111111,27,TWAVE,t,T-wave peak,t_peak,t,0,0,5,
121,120535,334.81944444444446,27,TWAVE,t,T-wave peak,t_peak,t,0,0,5,
121,120550,334.8611111111111,40,WFOFF,),Waveform end,t_offset,t,0,0,2,
121,120694,335.2611111111111,39,WFON,(,Waveform onset,qrs_onset,qrs,0,0,1,
121,120713,335.31388888888887,1,NORMAL,N,Normal beat,qrs_peak,qrs,0,0,0,
121,120727,335.35277777777776,40,WFOFF,),Waveform end,qrs_offset,qrs,0,0,1,
121,120773,335.48055555555555,39,WFON,(,Waveform onset,t_onset,t,0,0,2,
121,120803,335.56388888888887,27,TWAVE,t,T-wave peak,t_peak,t,0,0,5,
121,120937,335.93611111111113,27,TWAVE,t,T-wave peak,t_peak,t,0,0,5,
121,120961,336.0027777777778,40,WFOFF,),Waveform end,t_offset,t,0,0,2,
121,121073,336.31388888888887,39,WFON,(,Waveform onset,qrs_onset,qrs,0,0,1,
121,121090,336.3611111111111,1,NORMAL,N,Normal beat,qrs_peak,qrs,0,0,0,
121,121116,336.43333333333334,40,WFOFF,),Waveform end,qrs_offset,qrs,0,0,1,
121,121145,336.5138888888889,39,WFON,(,Waveform onset,t_onset,t,0,0,2,
121,121185,336.625,27,TWAVE,t,T-wave peak,t_peak,t,0,0,5,
121,121275,336.875,27,TWAVE,t,T-wave peak,t_peak,t,0,0,5,
121,121292,336.9222222222222,40,WFOFF,),Waveform end,t_offset,t,0,0,2,
121,121444,337.34444444444443,39,WFON,(,Waveform onset,qrs_onset,qrs,0,0,1,
121,121462,337.39444444444445,1,NORMAL,N,Normal beat,qrs_peak,qrs,0,0,0,
121,121477,337.43611111111113,40,WFOFF,),Waveform end,qrs_offset,qrs,0,0,1,
121,121495,337.4861111111111,39,WFON,(,Waveform onset,t_onset,t,0,0,2,
121,121551,337.64166666666665,27,TWAVE,t,T-wave peak,t_peak,t,0,0,5,
121,121660,337.94444444444446,27,TWAVE,t,T-wave peak,t_peak,t,0,0,5,
121,121691,338.03055555555557,40,WFOFF,),Waveform end,t_offset,t,0,0,2,
121,121811,338.3638888888889,39,WFON,(,Waveform onset,qrs_onset,qrs,0,0,1,
121,121829,338.4138888888889,1,NORMAL,N,Normal beat,qrs_peak,qrs,0,0,0,
121,121844,338.4555555555556,40,WFOFF,),Waveform end,qrs_offset,qrs,0,0,1,
121,121860,338.5,39,WFON,(,Waveform onset,t_onset,t,0,0,2,
121,121920,338.6666666666667,27,TWAVE,t,T-wave peak,t_peak,t,0,0,5,
121,122009,338.9138888888889,27,TWAVE,t,T-wave peak,t_peak,t,0,0,5,
121,122066,339.0722222222222,40,WFOFF,),Waveform end,t_offset,t,0,0,2,
121,122177,339.38055555555553,39,WFON,(,Waveform onset,qrs_onset,qrs,0,0,1,
121,122197,339.43611111111113,1,NORMAL,N,Normal beat,qrs_peak,qrs,0,0,0,
121,122212,339.47777777777776,40,WFOFF,),Waveform end,qrs_offset,qrs,0,0,1,
121,122258,339.60555555555555,39,WFON,(,Waveform onset,t_onset,t,0,0,2,
121,122292,339.7,27,TWAVE,t,T-wave peak,t_peak,t,0,0,5,
121,122378,339.93888888888887,27,TWAVE,t,T-wave peak,t_peak,t,0,0,5,
121,122411,340.03055555555557,40,WFOFF,),Waveform end,t_offset,t,0,0,2,
121,122542,340.39444444444445,39,WFON,(,Waveform onset,qrs_onset,qrs,0,0,1,
121,122562,340.45,1,NORMAL,N,Normal beat,qrs_peak,qrs,0,0,0,
121,122578,340.49444444444447,40,WFOFF,),Waveform end,qrs_offset,qrs,0,0,1,
121,122586,340.51666666666665,39,WFON,(,Waveform onset,t_onset,t,0,0,2,
121,122652,340.7,27,TWAVE,t,T-wave peak,t_peak,t,0,0,5,
121,122736,340.93333333333334,27,TWAVE,t,T-wave peak,t_peak,t,0,0,5,
121,122808,341.1333333333333,40,WFOFF,),Waveform end,t_offset,t,0,0,2,
121,122899,341.3861111111111,39,WFON,(,Waveform onset,qrs_onset,qrs,0,0,1,
121,122923,341.4527777777778,1,NORMAL,N,Normal beat,qrs_peak,qrs,0,0,0,
121,122939,341.4972222222222,40,WFOFF,),Waveform end,qrs_offset,qrs,0,0,1,
121,122953,341.5361111111111,39,WFON,(,Waveform onset,t_onset,t,0,0,2,
121,123015,341.7083333333333,27,TWAVE,t,T-wave peak,t_peak,t,0,0,5,
121,123149,342.0805555555556,27,TWAVE,t,T-wave peak,t_peak,t,0,0,5,
121,123167,342.13055555555553,40,WFOFF,),Waveform end,t_offset,t,0,0,2,
121,123269,342.4138888888889,39,WFON,(,Waveform onset,qrs_onset,qrs,0,0,1,
121,123288,342.46666666666664,1,NORMAL,N,Normal beat,qrs_peak,qrs,0,0,0,
121,123303,342.5083333333333,40,WFOFF,),Waveform end,qrs_offset,qrs,0,0,1,
121,123350,342.6388888888889,39,WFON,(,Waveform onset,t_onset,t,0,0,2,
121,123378,342.71666666666664,27,TWAVE,t,T-wave peak,t_peak,t,0,0,5,
121,123487,343.01944444444445,27,TWAVE,t,T-wave peak,t_peak,t,0,0,5,
121,123524,343.1222222222222,40,WFOFF,),Waveform end,t_offset,t,0,0,2,
121,123623,343.39722222222224,39,WFON,(,Waveform onset,qrs_onset,qrs,0,0,1,
121,123646,343.4611111111111,1,NORMAL,N,Normal beat,qrs_peak,qrs,0,0,0,
121,123661,343.5027777777778,40,WFOFF,),Waveform end,qrs_offset,qrs,0,0,1,
121,123686,343.5722222222222,39,WFON,(,Waveform onset,t_onset,t,0,0,2,
121,123740,343.72222222222223,27,TWAVE,t,T-wave peak,t_peak,t,0,0,5,
121,123842,344.00555555555553,27,TWAVE,t,T-wave peak,t_peak,t,0,0,5,
121,123864,344.06666666666666,40,WFOFF,),Waveform end,t_offset,t,0,0,2,
121,123990,344.4166666666667,39,WFON,(,Waveform onset,qrs_onset,qrs,0,0,1,
121,124011,344.475,1,NORMAL,N,Normal beat,qrs_peak,qrs,0,0,0,
121,124033,344.5361111111111,40,WFOFF,),Waveform end,qrs_offset,qrs,0,0,1,
121,124081,344.6694444444444,39,WFON,(,Waveform onset,t_onset,t,0,0,2,
121,124104,344.73333333333335,27,TWAVE,t,T-wave peak,t_peak,t,0,0,5,
121,124205,345.0138888888889,27,TWAVE,t,T-wave peak,t_peak,t,0,0,5,
121,124247,345.13055555555553,40,WFOFF,),Waveform end,t_offset,t,0,0,2,
121,124364,345.4555555555556,39,WFON,(,Waveform onset,qrs_onset,qrs,0,0,1,
121,124383,345.5083333333333,1,NORMAL,N,Normal beat,qrs_peak,qrs,0,0,0,
121,124404,345.56666666666666,40,WFOFF,),Waveform end,qrs_offset,qrs,0,0,1,
121,124411,345.5861111111111,39,WFON,(,Waveform onset,t_onset,t,0,0,2,
121,124478,345.77222222222224,27,TWAVE,t,T-wave peak,t_peak,t,0,0,0,
121,124514,345.8722222222222,40,WFOFF,),Waveform end,t_offset,t,0,0,2,
121,124724,346.4555555555556,39,WFON,(,Waveform onset,qrs_onset,qrs,0,0,1,
121,124744,346.5111111111111,1,NORMAL,N,Normal beat,qrs_peak,qrs,0,0,0,
121,124801,346.6694444444444,40,WFOFF,),Waveform end,qrs_offset,qrs,0,0,1,
121,124816,346.7111111111111,39,WFON,(,Waveform onset,t_onset,t,0,0,2,
121,124838,346.77222222222224,27,TWAVE,t,T-wave peak,t_peak,t,0,0,5,
121,124960,347.1111111111111,27,TWAVE,t,T-wave peak,t_peak,t,0,0,5,
121,124982,347.1722222222222,40,WFOFF,),Waveform end,t_offset,t,0,0,2,
121,124986,347.18333333333334,39,WFON,(,Waveform onset,p_onset,p,0,0,0,
121,125006,347.2388888888889,24,PWAVE,p,P-wave peak,p_peak,p,0,0,0,
121,125040,347.3333333333333,40,WFOFF,),Waveform end,p_offset,p,0,0,0,
121,125073,347.425,39,WFON,(,Waveform onset,qrs_onset,qrs,0,0,1,
121,125094,347.48333333333335,1,NORMAL,N,Normal beat,qrs_peak,qrs,0,0,0,
121,125119,347.5527777777778,40,WFOFF,),Waveform end,qrs_offset,qrs,0,0,1,
121,125130,347.5833333333333,39,WFON,(,Waveform onset,t_onset,t,0,0,2,
121,125189,347.7472222222222,27,TWAVE,t,T-wave peak,t_peak,t,0,0,5,
121,125264,347.9555555555556,27,TWAVE,t,T-wave peak,t_peak,t,0,0,5,
121,125321,348.1138888888889,40,WFOFF,),Waveform end,t_offset,t,0,0,2,
121,125432,348.4222222222222,39,WFON,(,Waveform onset,qrs_onset,qrs,0,0,1,
121,125451,348.475,1,NORMAL,N,Normal beat,qrs_peak,qrs,0,0,0,
121,125467,348.51944444444445,40,WFOFF,),Waveform end,qrs_offset,qrs,0,0,1,
121,125524,348.6777777777778,39,WFON,(,Waveform onset,t_onset,t,0,0,2,
121,125540,348.72222222222223,27,TWAVE,t,T-wave peak,t_peak,t,0,0,5,
121,125634,348.98333333333335,27,TWAVE,t,T-wave peak,t_peak,t,0,0,5,
121,125645,349.0138888888889,40,WFOFF,),Waveform end,t_offset,t,0,0,2,
121,125784,349.4,39,WFON,(,Waveform onset,qrs_onset,qrs,0,0,1,
121,125802,349.45,1,NORMAL,N,Normal beat,qrs_peak,qrs,0,0,0,
121,125816,349.4888888888889,40,WFOFF,),Waveform end,qrs_offset,qrs,0,0,1,
121,125826,349.51666666666665,39,WFON,(,Waveform onset,t_onset,t,0,0,2,
121,125891,349.6972222222222,27,TWAVE,t,T-wave peak,t_peak,t,0,0,0,
121,125923,349.7861111111111,40,WFOFF,),Waveform end,t_offset,t,0,0,2,
121,126141,350.39166666666665,39,WFON,(,Waveform onset,qrs_onset,qrs,0,0,1,
121,126161,350.4472222222222,1,NORMAL,N,Normal beat,qrs_peak,qrs,0,0,0,
121,126177,350.4916666666667,40,WFOFF,),Waveform end,qrs_offset,qrs,0,0,1,
121,126185,350.5138888888889,39,WFON,(,Waveform onset,t_onset,t,0,0,2,
121,126252,350.7,27,TWAVE,t,T-wave peak,t_peak,t,0,0,5,
121,126355,350.9861111111111,27,TWAVE,t,T-wave peak,t_peak,t,0,0,5,
121,126382,351.06111111111113,40,WFOFF,),Waveform end,t_offset,t,0,0,2,
121,126501,351.39166666666665,39,WFON,(,Waveform onset,qrs_onset,qrs,0,0,1,
121,126521,351.4472222222222,1,NORMAL,N,Normal beat,qrs_peak,qrs,0,0,0,
121,126537,351.4916666666667,40,WFOFF,),Waveform end,qrs_offset,qrs,0,0,1,
121,126582,351.6166666666667,39,WFON,(,Waveform onset,t_onset,t,0,0,2,
121,126611,351.6972222222222,27,TWAVE,t,T-wave peak,t_peak,t,0,0,5,
121,126705,351.9583333333333,27,TWAVE,t,T-wave peak,t_peak,t,0,0,5,
121,126768,352.1333333333333,40,WFOFF,),Waveform end,t_offset,t,0,0,2,
121,126861,352.39166666666665,39,WFON,(,Waveform onset,qrs_onset,qrs,0,0,1,
121,126880,352.44444444444446,1,NORMAL,N,Normal beat,qrs_peak,qrs,0,0,0,
121,126894,352.48333333333335,40,WFOFF,),Waveform end,qrs_offset,qrs,0,0,1,
121,126946,352.6277777777778,39,WFON,(,Waveform onset,t_onset,t,0,0,2,
121,126969,352.69166666666666,27,TWAVE,t,T-wave peak,t_peak,t,0,0,5,
121,127076,352.9888888888889,27,TWAVE,t,T-wave peak,t_peak,t,0,0,5,
121,127106,353.0722222222222,40,WFOFF,),Waveform end,t_offset,t,0,0,2,
121,127234,353.4277777777778,39,WFON,(,Waveform onset,qrs_onset,qrs,0,0,1,
121,127254,353.48333333333335,1,NORMAL,N,Normal beat,qrs_peak,qrs,0,0,0,
121,127269,353.525,40,WFOFF,),Waveform end,qrs_offset,qrs,0,0,1,
121,127300,353.6111111111111,39,WFON,(,Waveform onset,t_onset,t,0,0,2,
121,127346,353.7388888888889,27,TWAVE,t,T-wave peak,t_peak,t,0,0,5,
121,127447,354.01944444444445,27,TWAVE,t,T-wave peak,t_peak,t,0,0,5,
121,127479,354.10833333333335,40,WFOFF,),Waveform end,t_offset,t,0,0,2,
121,127603,354.4527777777778,39,WFON,(,Waveform onset,qrs_onset,qrs,0,0,1,
121,127624,354.5111111111111,1,NORMAL,N,Normal beat,qrs_peak,qrs,0,0,0,
121,127639,354.5527777777778,40,WFOFF,),Waveform end,qrs_offset,qrs,0,0,1,
121,127647,354.575,39,WFON,(,Waveform onset,t_onset,t,0,0,2,
121,127716,354.76666666666665,27,TWAVE,t,T-wave peak,t_peak,t,0,0,5,
121,127830,355.0833333333333,27,TWAVE,t,T-wave peak,t_peak,t,0,0,5,
121,127865,355.18055555555554,40,WFOFF,),Waveform end,t_offset,t,0,0,2,
121,127973,355.48055555555555,39,WFON,(,Waveform onset,qrs_onset,qrs,0,0,1,
121,127993,355.5361111111111,1,NORMAL,N,Normal beat,qrs_peak,qrs,0,0,0,
121,128007,355.575,40,WFOFF,),Waveform end,qrs_offset,qrs,0,0,1,
121,128050,355.69444444444446,39,WFON,(,Waveform onset,t_onset,t,0,0,2,
121,128081,355.78055555555557,27,TWAVE,t,T-wave peak,t_peak,t,0,0,5,
121,128214,356.15,27,TWAVE,t,T-wave peak,t_peak,t,0,0,5,
121,128224,356.1777777777778,40,WFOFF,),Waveform end,t_offset,t,0,0,2,
121,128347,356.51944444444445,39,WFON,(,Waveform onset,qrs_onset,qrs,0,0,1,
121,128367,356.575,1,NORMAL,N,Normal beat,qrs_peak,qrs,0,0,0,
121,128381,356.6138888888889,40,WFOFF,),Waveform end,qrs_offset,qrs,0,0,1,
121,128420,356.72222222222223,39,WFON,(,Waveform onset,t_onset,t,0,0,2,
121,128460,356.8333333333333,27,TWAVE,t,T-wave peak,t_peak,t,0,0,5,
121,128540,357.05555555555554,27,TWAVE,t,T-wave peak,t_peak,t,0,0,5,
121,128574,357.15,40,WFOFF,),Waveform end,t_offset,t,0,0,2,
121,128629,357.3027777777778,39,WFON,(,Waveform onset,qrs_onset,qrs,0,0,1,
121,128699,357.4972222222222,1,NORMAL,N,Normal beat,qrs_peak,qrs,0,0,0,
121,128724,357.56666666666666,40,WFOFF,),Waveform end,qrs_offset,qrs,0,0,1,
121,129080,358.55555555555554,39,WFON,(,Waveform onset,qrs_onset,qrs,0,0,1,
121,129099,358.60833333333335,1,NORMAL,N,Normal beat,qrs_peak,qrs,0,0,0,
121,129125,358.68055555555554,40,WFOFF,),Waveform end,qrs_offset,qrs,0,0,1,
121,129163,358.7861111111111,39,WFON,(,Waveform onset,t_onset,t,0,0,2,
121,129191,358.8638888888889,27,TWAVE,t,T-wave peak,t_peak,t,0,0,0,
121,129227,358.9638888888889,40,WFOFF,),Waveform end,t_offset,t,0,0,2,
121,129462,359.6166666666667,39,WFON,(,Waveform onset,qrs_onset,qrs,0,0,1,
121,129480,359.6666666666667,1,NORMAL,N,Normal beat,qrs_peak,qrs,0,0,0,
121,129493,359.7027777777778,40,WFOFF,),Waveform end,qrs_offset,qrs,0,0,1,
121,129515,359.7638888888889,39,WFON,(,Waveform onset,t_onset,t,0,0,2,
121,129568,359.9111111111111,27,TWAVE,t,T-wave peak,t_peak,t,0,0,5,
121,129670,360.19444444444446,27,TWAVE,t,T-wave peak,t_peak,t,0,0,5,
121,129697,360.26944444444445,40,WFOFF,),Waveform end,t_offset,t,0,0,2,
121,129837,360.65833333333336,39,WFON,(,Waveform onset,qrs_onset,qrs,0,0,1,
121,129856,360.7111111111111,1,NORMAL,N,Normal beat,qrs_peak,qrs,0,0,0,
121,129871,360.7527777777778,40,WFOFF,),Waveform end,qrs_offset,qrs,0,0,1,
121,129951,360.975,39,WFON,(,Waveform onset,t_onset,t,0,0,2,
121,129994,361.09444444444443,27,TWAVE,t,T-wave peak,t_peak,t,0,0,1,
121,130098,361.3833333333333,40,WFOFF,),Waveform end,t_offset,t,0,0,2,
121,130203,361.675,39,WFON,(,Waveform onset,qrs_onset,qrs,0,0,1,
121,130222,361.72777777777776,1,NORMAL,N,Normal beat,qrs_peak,qrs,0,0,0,
121,130236,361.76666666666665,40,WFOFF,),Waveform end,qrs_offset,qrs,0,0,1,
121,130266,361.85,39,WFON,(,Waveform onset,t_onset,t,0,0,2,
121,130311,361.975,27,TWAVE,t,T-wave peak,t_peak,t,0,0,5,
121,130449,362.35833333333335,27,TWAVE,t,T-wave peak,t_peak,t,0,0,5,
121,130467,362.40833333333336,40,WFOFF,),Waveform end,t_offset,t,0,0,2,
121,130580,362.72222222222223,39,WFON,(,Waveform onset,qrs_onset,qrs,0,0,1,
121,130599,362.775,1,NORMAL,N,Normal beat,qrs_peak,qrs,0,0,0,
121,130614,362.81666666666666,40,WFOFF,),Waveform end,qrs_offset,qrs,0,0,1,
121,130625,362.84722222222223,39,WFON,(,Waveform onset,t_onset,t,0,0,2,
121,130691,363.03055555555557,27,TWAVE,t,T-wave peak,t_peak,t,0,0,5,
121,130785,363.2916666666667,27,TWAVE,t,T-wave peak,t_peak,t,0,0,5,
121,130828,363.4111111111111,40,WFOFF,),Waveform end,t_offset,t,0,0,2,
121,130952,363.75555555555553,39,WFON,(,Waveform onset,qrs_onset,qrs,0,0,1,
121,130972,363.81111111111113,1,NORMAL,N,Normal beat,qrs_peak,qrs,0,0,0,
121,130986,363.85,40,WFOFF,),Waveform end,qrs_offset,qrs,0,0,1,
121,130995,363.875,39,WFON,(,Waveform onset,t_onset,t,0,0,2,
121,131064,364.06666666666666,27,TWAVE,t,T-wave peak,t_peak,t,0,0,5,
121,131181,364.39166666666665,27,TWAVE,t,T-wave peak,t_peak,t,0,0,5,
121,131219,364.4972222222222,40,WFOFF,),Waveform end,t_offset,t,0,0,2,
121,131315,364.7638888888889,39,WFON,(,Waveform onset,qrs_onset,qrs,0,0,1,
121,131335,364.81944444444446,1,NORMAL,N,Normal beat,qrs_peak,qrs,0,0,0,
121,131358,364.8833333333333,40,WFOFF,),Waveform end,qrs_offset,qrs,0,0,1,
121,131360,364.8888888888889,39,WFON,(,Waveform onset,t_onset,t,0,0,2,
121,131430,365.0833333333333,27,TWAVE,t,T-wave peak,t_peak,t,0,0,5,
121,131530,365.3611111111111,27,TWAVE,t,T-wave peak,t_peak,t,0,0,5,
121,131561,365.4472222222222,40,WFOFF,),Waveform end,t_offset,t,0,0,2,
121,131674,365.7611111111111,39,WFON,(,Waveform onset,qrs_onset,qrs,0,0,1,
121,131693,365.81388888888887,1,NORMAL,N,Normal beat,qrs_peak,qrs,0,0,0,
121,131717,365.88055555555553,40,WFOFF,),Waveform end,qrs_offset,qrs,0,0,1,
121,131722,365.89444444444445,39,WFON,(,Waveform onset,t_onset,t,0,0,2,
121,131778,366.05,27,TWAVE,t,T-wave peak,t_peak,t,0,0,5,
121,131889,366.35833333333335,27,TWAVE,t,T-wave peak,t_peak,t,0,0,5,
121,131920,366.44444444444446,40,WFOFF,),Waveform end,t_offset,t,0,0,2,
121,132040,366.77777777777777,39,WFON,(,Waveform onset,qrs_onset,qrs,0,0,1,
121,132059,366.8305555555556,1,NORMAL,N,Normal beat,qrs_peak,qrs,0,0,0,
121,132084,366.9,40,WFOFF,),Waveform end,qrs_offset,qrs,0,0,1,
121,132104,366.9555555555556,39,WFON,(,Waveform onset,t_onset,t,0,0,2,
121,132150,367.0833333333333,27,TWAVE,t,T-wave peak,t_peak,t,0,0,5,
121,132270,367.4166666666667,27,TWAVE,t,T-wave peak,t_peak,t,0,0,5,
121,132288,367.46666666666664,40,WFOFF,),Waveform end,t_offset,t,0,0,2,
121,132408,367.8,39,WFON,(,Waveform onset,qrs_onset,qrs,0,0,1,
121,132429,367.85833333333335,1,NORMAL,N,Normal beat,qrs_peak,qrs,0,0,0,
121,132445,367.90277777777777,40,WFOFF,),Waveform end,qrs_offset,qrs,0,0,1,
121,132465,367.9583333333333,39,WFON,(,Waveform onset,t_onset,t,0,0,2,
121,132522,368.1166666666667,27,TWAVE,t,T-wave peak,t_peak,t,0,0,5,
121,132618,368.3833333333333,27,TWAVE,t,T-wave peak,t_peak,t,0,0,5,
121,132629,368.4138888888889,40,WFOFF,),Waveform end,t_offset,t,0,0,2,
121,132756,368.76666666666665,39,WFON,(,Waveform onset,qrs_onset,qrs,0,0,1,
121,132784,368.84444444444443,1,NORMAL,N,Normal beat,qrs_peak,qrs,0,0,0,
121,132808,368.9111111111111,40,WFOFF,),Waveform end,qrs_offset,qrs,0,0,1,
121,132850,369.02777777777777,39,WFON,(,Waveform onset,t_onset,t,0,0,2,
121,132870,369.0833333333333,27,TWAVE,t,T-wave peak,t_peak,t,0,0,5,
121,132979,369.3861111111111,27,TWAVE,t,T-wave peak,t_peak,t,0,0,5,
121,133015,369.4861111111111,40,WFOFF,),Waveform end,t_offset,t,0,0,2,
121,133117,369.76944444444445,39,WFON,(,Waveform onset,qrs_onset,qrs,0,0,1,
121,133139,369.8305555555556,1,NORMAL,N,Normal beat,qrs_peak,qrs,0,0,0,
121,133155,369.875,40,WFOFF,),Waveform end,qrs_offset,qrs,0,0,1,
121,133163,369.89722222222224,39,WFON,(,Waveform onset,t_onset,t,0,0,2,
121,133229,370.0805555555556,27,TWAVE,t,T-wave peak,t_peak,t,0,0,5,
121,133342,370.39444444444445,27,TWAVE,t,T-wave peak,t_peak,t,0,0,5,
121,133396,370.5444444444444,40,WFOFF,),Waveform end,t_offset,t,0,0,2,
121,133489,370.8027777777778,39,WFON,(,Waveform onset,qrs_onset,qrs,0,0,1,
121,133508,370.85555555555555,1,NORMAL,N,Normal beat,qrs_peak,qrs,0,0,0,
121,133530,370.9166666666667,40,WFOFF,),Waveform end,qrs_offset,qrs,0,0,1,
121,133568,371.02222222222224,39,WFON,(,Waveform onset,t_onset,t,0,0,2,
121,133599,371.10833333333335,27,TWAVE,t,T-wave peak,t_peak,t,0,0,0,
121,133631,371.1972222222222,40,WFOFF,),Waveform end,t_offset,t,0,0,2,
121,133849,371.8027777777778,39,WFON,(,Waveform onset,qrs_onset,qrs,0,0,1,
121,133868,371.85555555555555,1,NORMAL,N,Normal beat,qrs_peak,qrs,0,0,0,
121,133889,371.9138888888889,40,WFOFF,),Waveform end,qrs_offset,qrs,0,0,1,
121,133938,372.05,39,WFON,(,Waveform onset,t_onset,t,0,0,2,
121,133958,372.10555555555555,27,TWAVE,t,T-wave peak,t_peak,t,0,0,5,
121,134075,372.43055555555554,27,TWAVE,t,T-wave peak,t_peak,t,0,0,5,
121,134093,372.48055555555555,40,WFOFF,),Waveform end,t_offset,t,0,0,2,
121,134208,372.8,39,WFON,(,Waveform onset,qrs_onset,qrs,0,0,1,
121,134227,372.85277777777776,1,NORMAL,N,Normal beat,qrs_peak,qrs,0,0,0,
121,134249,372.9138888888889,40,WFOFF,),Waveform end,qrs_offset,qrs,0,0,1,
121,134257,372.93611111111113,39,WFON,(,Waveform onset,t_onset,t,0,0,2,
121,134318,373.10555555555555,27,TWAVE,t,T-wave peak,t_peak,t,0,0,5,
121,134401,373.3361111111111,27,TWAVE,t,T-wave peak,t_peak,t,0,0,5,
121,134454,373.48333333333335,40,WFOFF,),Waveform end,t_offset,t,0,0,2,
121,134575,373.81944444444446,39,WFON,(,Waveform onset,qrs_onset,qrs,0,0,1,
121,134593,373.86944444444447,1,NORMAL,N,Normal beat,qrs_peak,qrs,0,0,0,
121,134606,373.90555555555557,40,WFOFF,),Waveform end,qrs_offset,qrs,0,0,1,
121,134626,373.9611111111111,39,WFON,(,Waveform onset,t_onset,t,0,0,2,
121,134679,374.10833333333335,27,TWAVE,t,T-wave peak,t_peak,t,0,0,5,
121,134763,374.34166666666664,27,TWAVE,t,T-wave peak,t_peak,t,0,0,5,
121,134828,374.52222222222224,40,WFOFF,),Waveform end,t_offset,t,0,0,2,
121,134933,374.81388888888887,39,WFON,(,Waveform onset,qrs_onset,qrs,0,0,1,
121,134952,374.8666666666667,1,NORMAL,N,Normal beat,qrs_peak,qrs,0,0,0,
121,134965,374.90277777777777,40,WFOFF,),Waveform end,qrs_offset,qrs,0,0,1,
121,134973,374.925,39,WFON,(,Waveform onset,t_onset,t,0,0,2,
121,135040,375.1111111111111,27,TWAVE,t,T-wave peak,t_peak,t,0,0,5,
121,135133,375.36944444444447,27,TWAVE,t,T-wave peak,t_peak,t,0,0,5,
121,135146,375.40555555555557,40,WFOFF,),Waveform end,t_offset,t,0,0,2,
121,135295,375.81944444444446,39,WFON,(,Waveform onset,qrs_onset,qrs,0,0,1,
121,135314,375.8722222222222,1,NORMAL,N,Normal beat,qrs_peak,qrs,0,0,0,
121,135329,375.9138888888889,40,WFOFF,),Waveform end,qrs_offset,qrs,0,0,1,
121,135371,376.03055555555557,39,WFON,(,Waveform onset,t_onset,t,0,0,2,
121,135403,376.11944444444447,27,TWAVE,t,T-wave peak,t_peak,t,0,0,5,
121,135504,376.4,27,TWAVE,t,T-wave peak,t_peak,t,0,0,5,
121,135536,376.4888888888889,40,WFOFF,),Waveform end,t_offset,t,0,0,2,
121,135659,376.8305555555556,39,WFON,(,Waveform onset,qrs_onset,qrs,0,0,1,
121,135679,376.8861111111111,1,NORMAL,N,Normal beat,qrs_peak,qrs,0,0,0,
121,135694,376.9277777777778,40,WFOFF,),Waveform end,qrs_offset,qrs,0,0,1,
121,135701,376.9472222222222,39,WFON,(,Waveform onset,t_onset,t,0,0,2,
121,135771,377.14166666666665,27,TWAVE,t,T-wave peak,t_peak,t,0,0,5,
121,135854,377.3722222222222,27,TWAVE,t,T-wave peak,t_peak,t,0,0,5,
121,135870,377.4166666666667,40,WFOFF,),Waveform end,t_offset,t,0,0,2,
121,136021,377.8361111111111,39,WFON,(,Waveform onset,qrs_onset,qrs,0,0,1,
121,136040,377.8888888888889,1,NORMAL,N,Normal beat,qrs_peak,qrs,0,0,0,
121,136055,377.93055555555554,40,WFOFF,),Waveform end,qrs_offset,qrs,0,0,1,
121,136068,377.96666666666664,39,WFON,(,Waveform onset,t_onset,t,0,0,2,
121,136128,378.1333333333333,27,TWAVE,t,T-wave peak,t_peak,t,0,0,5,
121,136229,378.4138888888889,27,TWAVE,t,T-wave peak,t_peak,t,0,0,5,
121,136242,378.45,40,WFOFF,),Waveform end,t_offset,t,0,0,2,
121,136382,378.8388888888889,39,WFON,(,Waveform onset,qrs_onset,qrs,0,0,1,
121,136403,378.89722222222224,1,NORMAL,N,Normal beat,qrs_peak,qrs,0,0,0,
121,136418,378.93888888888887,40,WFOFF,),Waveform end,qrs_offset,qrs,0,0,1,
121,136427,378.9638888888889,39,WFON,(,Waveform onset,t_onset,t,0,0,2,
121,136495,379.15277777777777,27,TWAVE,t,T-wave peak,t_peak,t,0,0,5,
121,136584,379.4,27,TWAVE,t,T-wave peak,t_peak,t,0,0,5,
121,136601,379.4472222222222,40,WFOFF,),Waveform end,t_offset,t,0,0,2,
121,136743,379.84166666666664,39,WFON,(,Waveform onset,qrs_onset,qrs,0,0,1,
121,136763,379.89722222222224,1,NORMAL,N,Normal beat,qrs_peak,qrs,0,0,0,
121,136778,379.93888888888887,40,WFOFF,),Waveform end,qrs_offset,qrs,0,0,1,
121,136835,380.09722222222223,39,WFON,(,Waveform onset,t_onset,t,0,0,2,
121,136855,380.15277777777777,27,TWAVE,t,T-wave peak,t_peak,t,0,0,5,
121,136943,380.39722222222224,27,TWAVE,t,T-wave peak,t_peak,t,0,0,5,
121,136997,380.5472222222222,40,WFOFF,),Waveform end,t_offset,t,0,0,2,
121,137092,380.81111111111113,39,WFON,(,Waveform onset,qrs_onset,qrs,0,0,1,
121,137120,380.8888888888889,1,NORMAL,N,Normal beat,qrs_peak,qrs,0,0,0,
121,137143,380.9527777777778,40,WFOFF,),Waveform end,qrs_offset,qrs,0,0,1,
121,137173,381.0361111111111,39,WFON,(,Waveform onset,t_onset,t,0,0,2,
121,137212,381.14444444444445,27,TWAVE,t,T-wave peak,t_peak,t,0,0,5,
121,137328,381.46666666666664,27,TWAVE,t,T-wave peak,t_peak,t,0,0,5,
121,137358,381.55,40,WFOFF,),Waveform end,t_offset,t,0,0,2,
121,137451,381.80833333333334,39,WFON,(,Waveform onset,qrs_onset,qrs,0,0,1,
121,137474,381.8722222222222,1,NORMAL,N,Normal beat,qrs_peak,qrs,0,0,0,
121,137504,381.9555555555556,40,WFOFF,),Waveform end,qrs_offset,qrs,0,0,1,
121,137516,381.9888888888889,39,WFON,(,Waveform onset,t_onset,t,0,0,2,
121,137568,382.1333333333333,27,TWAVE,t,T-wave peak,t_peak,t,0,0,5,
121,137696,382.4888888888889,27,TWAVE,t,T-wave peak,t_peak,t,0,0,5,
121,137707,382.51944444444445,40,WFOFF,),Waveform end,t_offset,t,0,0,2,
121,137802,382.78333333333336,39,WFON,(,Waveform onset,qrs_onset,qrs,0,0,1,
121,137827,382.85277777777776,1,NORMAL,N,Normal beat,qrs_peak,qrs,0,0,0,
121,137851,382.9194444444444,40,WFOFF,),Waveform end,qrs_offset,qrs,0,0,1,
121,137901,383.05833333333334,39,WFON,(,Waveform onset,t_onset,t,0,0,2,
121,137916,383.1,27,TWAVE,t,T-wave peak,t_peak,t,0,0,5,
121,138026,383.40555555555557,27,TWAVE,t,T-wave peak,t_peak,t,0,0,5,
121,138043,383.4527777777778,40,WFOFF,),Waveform end,t_offset,t,0,0,2,
121,138148,383.74444444444447,39,WFON,(,Waveform onset,qrs_onset,qrs,0,0,1,
121,138176,383.8222222222222,1,NORMAL,N,Normal beat,qrs_peak,qrs,0,0,0,
121,138199,383.8861111111111,40,WFOFF,),Waveform end,qrs_offset,qrs,0,0,1,
121,138204,383.9,39,WFON,(,Waveform onset,t_onset,t,0,0,2,
121,138265,384.06944444444446,27,TWAVE,t,T-wave peak,t_peak,t,0,0,5,
121,138310,384.19444444444446,27,TWAVE,t,T-wave peak,t_peak,t,0,0,5,
121,138320,384.22222222222223,40,WFOFF,),Waveform end,t_offset,t,0,0,2,
121,138520,384.77777777777777,39,WFON,(,Waveform onset,qrs_onset,qrs,0,0,1,
121,138542,384.8388888888889,1,NORMAL,N,Normal beat,qrs_peak,qrs,0,0,0,
121,138556,384.8777777777778,40,WFOFF,),Waveform end,qrs_offset,qrs,0,0,1,
121,138565,384.90277777777777,39,WFON,(,Waveform onset,t_onset,t,0,0,2,
121,138624,385.06666666666666,27,TWAVE,t,T-wave peak,t_peak,t,0,0,5,
121,138721,385.3361111111111,27,TWAVE,t,T-wave peak,t_peak,t,0,0,5,
121,138740,385.3888888888889,40,WFOFF,),Waveform end,t_offset,t,0,0,2,
121,138880,385.77777777777777,39,WFON,(,Waveform onset,qrs_onset,qrs,0,0,1,
121,138898,385.8277777777778,1,NORMAL,N,Normal beat,qrs_peak,qrs,0,0,0,
121,138920,385.8888888888889,40,WFOFF,),Waveform end,qrs_offset,qrs,0,0,1,
121,138934,385.9277777777778,39,WFON,(,Waveform onset,t_onset,t,0,0,2,
121,138986,386.0722222222222,27,TWAVE,t,T-wave peak,t_peak,t,0,0,0,
121,139023,386.175,40,WFOFF,),Waveform end,t_offset,t,0,0,2,
121,139229,386.7472222222222,39,WFON,(,Waveform onset,qrs_onset,qrs,0,0,1,
121,139250,386.80555555555554,1,NORMAL,N,Normal beat,qrs_peak,qrs,0,0,0,
121,139274,386.8722222222222,40,WFOFF,),Waveform end,qrs_offset,qrs,0,0,1,
121,139285,386.90277777777777,39,WFON,(,Waveform onset,t_onset,t,0,0,2,
121,139340,387.05555555555554,27,TWAVE,t,T-wave peak,t_peak,t,0,0,5,
121,139476,387.43333333333334,27,TWAVE,t,T-wave peak,t_peak,t,0,0,5,
121,139492,387.47777777777776,40,WFOFF,),Waveform end,t_offset,t,0,0,2,
121,139587,387.7416666666667,39,WFON,(,Waveform onset,qrs_onset,qrs,0,0,1,
121,139613,387.81388888888887,1,NORMAL,N,Normal beat,qrs_peak,qrs,0,0,0,
121,139641,387.89166666666665,40,WFOFF,),Waveform end,qrs_offset,qrs,0,0,1,
121,139684,388.0111111111111,39,WFON,(,Waveform onset,t_onset,t,0,0,2,
121,139702,388.06111111111113,27,TWAVE,t,T-wave peak,t_peak,t,0,0,5,
121,139792,388.31111111111113,27,TWAVE,t,T-wave peak,t_peak,t,0,0,5,
121,139838,388.43888888888887,40,WFOFF,),Waveform end,t_offset,t,0,0,2,
121,139943,388.73055555555555,39,WFON,(,Waveform onset,qrs_onset,qrs,0,0,1,
121,139962,388.78333333333336,1,NORMAL,N,Normal beat,qrs_peak,qrs,0,0,0,
121,139976,388.8222222222222,40,WFOFF,),Waveform end,qrs_offset,qrs,0,0,1,
121,140040,389.0,39,WFON,(,Waveform onset,t_onset,t,0,0,2,
121,140054,389.0388888888889,27,TWAVE,t,T-wave peak,t_peak,t,0,0,5,
121,140145,389.2916666666667,27,TWAVE,t,T-wave peak,t_peak,t,0,0,5,
121,140186,389.40555555555557,40,WFOFF,),Waveform end,t_offset,t,0,0,2,
121,140286,389.68333333333334,39,WFON,(,Waveform onset,qrs_onset,qrs,0,0,1,
121,140307,389.7416666666667,1,NORMAL,N,Normal beat,qrs_peak,qrs,0,0,0,
121,140321,389.78055555555557,40,WFOFF,),Waveform end,qrs_offset,qrs,0,0,1,
121,140368,389.9111111111111,39,WFON,(,Waveform onset,t_onset,t,0,0,2,
121,140400,390.0,27,TWAVE,t,T-wave peak,t_peak,t,0,0,5,
121,140497,390.26944444444445,27,TWAVE,t,T-wave peak,t_peak,t,0,0,5,
121,140546,390.40555555555557,40,WFOFF,),Waveform end,t_offset,t,0,0,2,
121,140636,390.65555555555557,39,WFON,(,Waveform onset,qrs_onset,qrs,0,0,1,
121,140656,390.7111111111111,1,NORMAL,N,Normal beat,qrs_peak,qrs,0,0,0,
121,140669,390.7472222222222,40,WFOFF,),Waveform end,qrs_offset,qrs,0,0,1,
121,140680,390.77777777777777,39,WFON,(,Waveform onset,t_onset,t,0,0,2,
121,140743,390.9527777777778,27,TWAVE,t,T-wave peak,t_peak,t,0,0,0,
121,140776,391.0444444444444,40,WFOFF,),Waveform end,t_offset,t,0,0,2,
121,140983,391.61944444444447,39,WFON,(,Waveform onset,qrs_onset,qrs,0,0,1,
121,141003,391.675,1,NORMAL,N,Normal beat,qrs_peak,qrs,0,0,0,
121,141017,391.7138888888889,40,WFOFF,),Waveform end,qrs_offset,qrs,0,0,1,
121,141037,391.76944444444445,39,WFON,(,Waveform onset,t_onset,t,0,0,2,
121,141094,391.9277777777778,27,TWAVE,t,T-wave peak,t_peak,t,0,0,5,
121,141187,392.18611111111113,27,TWAVE,t,T-wave peak,t_peak,t,0,0,5,
121,141199,392.21944444444443,40,WFOFF,),Waveform end,t_offset,t,0,0,2,
121,141329,392.5805555555556,39,WFON,(,Waveform onset,qrs_onset,qrs,0,0,1,
121,141350,392.6388888888889,1,NORMAL,N,Normal beat,qrs_peak,qrs,0,0,0,
121,141367,392.68611111111113,40,WFOFF,),Waveform end,qrs_offset,qrs,0,0,1,
121,141412,392.81111111111113,39,WFON,(,Waveform onset,t_onset,t,0,0,2,
121,141443,392.89722222222224,27,TWAVE,t,T-wave peak,t_peak,t,0,0,5,
121,141553,393.2027777777778,27,TWAVE,t,T-wave peak,t_peak,t,0,0,5,
121,141561,393.225,40,WFOFF,),Waveform end,t_offset,t,0,0,2,
121,141679,393.5527777777778,39,WFON,(,Waveform onset,qrs_onset,qrs,0,0,1,
121,141698,393.60555555555555,1,NORMAL,N,Normal beat,qrs_peak,qrs,0,0,0,
121,141712,393.64444444444445,40,WFOFF,),Waveform end,qrs_offset,qrs,0,0,1,
121,141767,393.7972222222222,39,WFON,(,Waveform onset,t_onset,t,0,0,2,
121,141787,393.85277777777776,27,TWAVE,t,T-wave peak,t_peak,t,0,0,5,
121,141888,394.1333333333333,27,TWAVE,t,T-wave peak,t_peak,t,0,0,5,
121,141911,394.1972222222222,40,WFOFF,),Waveform end,t_offset,t,0,0,2,
121,142011,394.475,39,WFON,(,Waveform onset,qrs_onset,qrs,0,0,1,
121,142029,394.525,1,NORMAL,N,Normal beat,qrs_peak,qrs,0,0,0,
121,142053,394.59166666666664,40,WFOFF,),Waveform end,qrs_offset,qrs,0,0,1,
121,142071,394.64166666666665,39,WFON,(,Waveform onset,t_onset,t,0,0,2,
121,142115,394.7638888888889,27,TWAVE,t,T-wave peak,t_peak,t,0,0,5,
121,142208,395.02222222222224,27,TWAVE,t,T-wave peak,t_peak,t,0,0,5,
121,142221,395.05833333333334,40,WFOFF,),Waveform end,t_offset,t,0,0,2,
121,142337,395.38055555555553,39,WFON,(,Waveform onset,qrs_onset,qrs,0,0,1,
121,142356,395.43333333333334,1,NORMAL,N,Normal beat,qrs_peak,qrs,0,0,0,
121,142378,395.49444444444447,40,WFOFF,),Waveform end,qrs_offset,qrs,0,0,1,
121,142384,395.5111111111111,39,WFON,(,Waveform onset,t_onset,t,0,0,2,
121,142447,395.68611111111113,27,TWAVE,t,T-wave peak,t_peak,t,0,0,5,
121,142551,395.975,27,TWAVE,t,T-wave peak,t_peak,t,0,0,5,
121,142582,396.06111111111113,40,WFOFF,),Waveform end,t_offset,t,0,0,2,
121,142675,396.31944444444446,39,WFON,(,Waveform onset,qrs_onset,qrs,0,0,1,
121,142695,396.375,1,NORMAL,N,Normal beat,qrs_peak,qrs,0,0,0,
121,142710,396.4166666666667,40,WFOFF,),Waveform end,qrs_offset,qrs,0,0,1,
121,142720,396.44444444444446,39,WFON,(,Waveform onset,t_onset,t,0,0,2,
121,142787,396.63055555555553,27,TWAVE,t,T-wave peak,t_peak,t,0,0,5,
121,142878,396.8833333333333,27,TWAVE,t,T-wave peak,t_peak,t,0,0,5,
121,142917,396.9916666666667,40,WFOFF,),Waveform end,t_offset,t,0,0,2,
121,143006,397.2388888888889,39,WFON,(,Waveform onset,qrs_onset,qrs,0,0,1,
121,143023,397.2861111111111,1,NORMAL,N,Normal beat,qrs_peak,qrs,0,0,0,
121,143037,397.325,40,WFOFF,),Waveform end,qrs_offset,qrs,0,0,1,
121,143080,397.44444444444446,39,WFON,(,Waveform onset,t_onset,t,0,0,2,
121,143111,397.53055555555557,27,TWAVE,t,T-wave peak,t_peak,t,0,0,5,
121,143220,397.8333333333333,27,TWAVE,t,T-wave peak,t_peak,t,0,0,5,
121,143230,397.8611111111111,40,WFOFF,),Waveform end,t_offset,t,0,0,2,
121,143320,398.1111111111111,39,WFON,(,Waveform onset,qrs_onset,qrs,0,0,1,
121,143341,398.1694444444444,1,NORMAL,N,Normal beat,qrs_peak,qrs,0,0,0,
121,143355,398.2083333333333,40,WFOFF,),Waveform end,qrs_offset,qrs,0,0,1,
121,143404,398.34444444444443,39,WFON,(,Waveform onset,t_onset,t,0,0,2,
121,143430,398.4166666666667,27,TWAVE,t,T-wave peak,t_peak,t,0,0,5,
121,143543,398.73055555555555,27,TWAVE,t,T-wave peak,t_peak,t,0,0,5,
121,143554,398.7611111111111,40,WFOFF,),Waveform end,t_offset,t,0,0,2,
121,143645,399.0138888888889,39,WFON,(,Waveform onset,qrs_onset,qrs,0,0,1,
121,143663,399.06388888888887,1,NORMAL,N,Normal beat,qrs_peak,qrs,0,0,0,
121,143676,399.1,40,WFOFF,),Waveform end,qrs_offset,qrs,0,0,1,
121,143734,399.2611111111111,39,WFON,(,Waveform onset,t_onset,t,0,0,2,
121,143750,399.30555555555554,27,TWAVE,t,T-wave peak,t_peak,t,0,0,5,
121,143856,399.6,27,TWAVE,t,T-wave peak,t_peak,t,0,0,5,
121,143867,399.63055555555553,40,WFOFF,),Waveform end,t_offset,t,0,0,2,
121,143955,399.875,39,WFON,(,Waveform onset,qrs_onset,qrs,0,0,1,
121,143972,399.9222222222222,1,NORMAL,N,Normal beat,qrs_peak,qrs,0,0,0,
121,143988,399.96666666666664,40,WFOFF,),Waveform end,qrs_offset,qrs,0,0,1,
121,144029,400.0805555555556,39,WFON,(,Waveform onset,t_onset,t,0,0,2,
121,144060,400.1666666666667,27,TWAVE,t,T-wave peak,t_peak,t,0,0,5,
121,144147,400.40833333333336,27,TWAVE,t,T-wave peak,t_peak,t,0,0,5,
121,144155,400.43055555555554,40,WFOFF,),Waveform end,t_offset,t,0,0,2,
121,144260,400.72222222222223,39,WFON,(,Waveform onset,qrs_onset,qrs,0,0,1,
121,144278,400.77222222222224,1,NORMAL,N,Normal beat,qrs_peak,qrs,0,0,0,
121,144296,400.8222222222222,40,WFOFF,),Waveform end,qrs_offset,qrs,0,0,1,
121,144315,400.875,39,WFON,(,Waveform onset,t_onset,t,0,0,2,
121,144367,401.01944444444445,27,TWAVE,t,T-wave peak,t_peak,t,0,0,5,
121,144408,401.1333333333333,27,TWAVE,t,T-wave peak,t_peak,t,0,0,5,
121,144419,401.1638888888889,40,WFOFF,),Waveform end,t_offset,t,0,0,2,
121,144574,401.59444444444443,39,WFON,(,Waveform onset,qrs_onset,qrs,0,0,1,
121,144591,401.64166666666665,1,NORMAL,N,Normal beat,qrs_peak,qrs,0,0,0,
121,144608,401.68888888888887,40,WFOFF,),Waveform end,qrs_offset,qrs,0,0,1,
121,144663,401.84166666666664,39,WFON,(,Waveform onset,t_onset,t,0,0,2,
121,144680,401.8888888888889,27,TWAVE,t,T-wave peak,t_peak,t,0,0,5,
121,144717,401.9916666666667,27,TWAVE,t,T-wave peak,t_peak,t,0,0,5,
121,144741,402.05833333333334,40,WFOFF,),Waveform end,t_offset,t,0,0,2,
121,144881,402.4472222222222,39,WFON,(,Waveform onset,qrs_onset,qrs,0,0,1,
121,144900,402.5,1,NORMAL,N,Normal beat,qrs_peak,qrs,0,0,0,
121,144915,402.5416666666667,40,WFOFF,),Waveform end,qrs_offset,qrs,0,0,1,
121,144931,402.5861111111111,39,WFON,(,Waveform onset,t_onset,t,0,0,2,
121,144983,402.73055555555555,27,TWAVE,t,T-wave peak,t_peak,t,0,0,5,
121,145024,402.84444444444443,27,TWAVE,t,T-wave peak,t_peak,t,0,0,5,
121,145033,402.86944444444447,40,WFOFF,),Waveform end,t_offset,t,0,0,2,
121,145194,403.31666666666666,39,WFON,(,Waveform onset,qrs_onset,qrs,0,0,1,
121,145212,403.3666666666667,1,NORMAL,N,Normal beat,qrs_peak,qrs,0,0,0,
121,145227,403.40833333333336,40,WFOFF,),Waveform end,qrs_offset,qrs,0,0,1,
121,145266,403.51666666666665,39,WFON,(,Waveform onset,t_onset,t,0,0,2,
121,145299,403.60833333333335,27,TWAVE,t,T-wave peak,t_peak,t,0,0,5,
121,145411,403.9194444444444,27,TWAVE,t,T-wave peak,t_peak,t,0,0,5,
121,145428,403.96666666666664,40,WFOFF,),Waveform end,t_offset,t,0,0,2,
121,145511,404.1972222222222,39,WFON,(,Waveform onset,qrs_onset,qrs,0,0,1,
121,145529,404.2472222222222,1,NORMAL,N,Normal beat,qrs_peak,qrs,0,0,0,
121,145560,404.3333333333333,40,WFOFF,),Waveform end,qrs_offset,qrs,0,0,1,
121,145578,404.3833333333333,39,WFON,(,Waveform onset,t_onset,t,0,0,2,
121,145621,404.5027777777778,27,TWAVE,t,T-wave peak,t_peak,t,0,0,5,
121,145733,404.81388888888887,27,TWAVE,t,T-wave peak,t_peak,t,0,0,5,
121,145753,404.86944444444447,40,WFOFF,),Waveform end,t_offset,t,0,0,2,
121,145832,405.0888888888889,39,WFON,(,Waveform onset,qrs_onset,qrs,0,0,1,
121,145851,405.14166666666665,1,NORMAL,N,Normal beat,qrs_peak,qrs,0,0,0,
121,145874,405.2055555555556,40,WFOFF,),Waveform end,qrs_offset,qrs,0,0,1,
121,145915,405.31944444444446,39,WFON,(,Waveform onset,t_onset,t,0,0,2,
121,145942,405.39444444444445,27,TWAVE,t,T-wave peak,t_peak,t,0,0,5,
121,146048,405.68888888888887,27,TWAVE,t,T-wave peak,t_peak,t,0,0,5,
121,146087,405.7972222222222,40,WFOFF,),Waveform end,t_offset,t,0,0,2,
121,146162,406.00555555555553,39,WFON,(,Waveform onset,qrs_onset,qrs,0,0,1,
121,146180,406.05555555555554,1,NORMAL,N,Normal beat,qrs_peak,qrs,0,0,0,
121,146194,406.09444444444443,40,WFOFF,),Waveform end,qrs_offset,qrs,0,0,1,
121,146212,406.14444444444445,39,WFON,(,Waveform onset,t_onset,t,0,0,2,
121,146267,406.2972222222222,27,TWAVE,t,T-wave peak,t_peak,t,0,0,0,
121,146308,406.4111111111111,40,WFOFF,),Waveform end,t_offset,t,0,0,2,
121,146482,406.89444444444445,39,WFON,(,Waveform onset,qrs_onset,qrs,0,0,1,
121,146501,406.9472222222222,1,NORMAL,N,Normal beat,qrs_peak,qrs,0,0,0,
121,146517,406.9916666666667,40,WFOFF,),Waveform end,qrs_offset,qrs,0,0,1,
121,146536,407.0444444444444,39,WFON,(,Waveform onset,t_onset,t,0,0,2,
121,146592,407.2,27,TWAVE,t,T-wave peak,t_peak,t,0,0,5,
121,146686,407.4611111111111,27,TWAVE,t,T-wave peak,t_peak,t,0,0,5,
121,146722,407.56111111111113,40,WFOFF,),Waveform end,t_offset,t,0,0,2,
121,146814,407.81666666666666,39,WFON,(,Waveform onset,qrs_onset,qrs,0,0,1,
121,146826,407.85,1,NORMAL,N,Normal beat,qrs_peak,qrs,0,0,0,
121,146843,407.89722222222224,40,WFOFF,),Waveform end,qrs_offset,qrs,0,0,1,
121,146886,408.01666666666665,39,WFON,(,Waveform onset,t_onset,t,0,0,2,
121,146917,408.10277777777776,27,TWAVE,t,T-wave peak,t_peak,t,0,0,5,
121,147004,408.34444444444443,27,TWAVE,t,T-wave peak,t_peak,t,0,0,5,
121,147034,408.4277777777778,40,WFOFF,),Waveform end,t_offset,t,0,0,2,
121,147129,408.69166666666666,39,WFON,(,Waveform onset,qrs_onset,qrs,0,0,1,
121,147147,408.7416666666667,1,NORMAL,N,Normal beat,qrs_peak,qrs,0,0,0,
121,147171,408.80833333333334,40,WFOFF,),Waveform end,qrs_offset,qrs,0,0,1,
121,147181,408.8361111111111,39,WFON,(,Waveform onset,t_onset,t,0,0,2,
121,147240,409.0,27,TWAVE,t,T-wave peak,t_peak,t,0,0,0,
121,147271,409.0861111111111,40,WFOFF,),Waveform end,t_offset,t,0,0,2,
121,147449,409.5805555555556,39,WFON,(,Waveform onset,qrs_onset,qrs,0,0,1,
121,147469,409.6361111111111,1,NORMAL,N,Normal beat,qrs_peak,qrs,0,0,0,
121,147493,409.7027777777778,40,WFOFF,),Waveform end,qrs_offset,qrs,0,0,1,
121,147502,409.72777777777776,39,WFON,(,Waveform onset,t_onset,t,0,0,2,
121,147519,409.775,27,TWAVE,t,T-wave peak,t_peak,t,0,0,5,
121,147665,410.18055555555554,27,TWAVE,t,T-wave peak,t_peak,t,0,0,5,
121,147672,410.2,40,WFOFF,),Waveform end,t_offset,t,0,0,2,
121,147746,410.40555555555557,39,WFON,(,Waveform onset,qrs_onset,qrs,0,0,1,
121,147763,410.4527777777778,1,NORMAL,N,Normal beat,qrs_peak,qrs,0,0,0,
121,147788,410.52222222222224,40,WFOFF,),Waveform end,qrs_offset,qrs,0,0,1,
121,148067,411.2972222222222,39,WFON,(,Waveform onset,qrs_onset,qrs,0,0,1,
121,148076,411.3222222222222,1,NORMAL,N,Normal beat,qrs_peak,qrs,0,0,0,
121,148103,411.39722222222224,40,WFOFF,),Waveform end,qrs_offset,qrs,0,0,1,
121,148398,412.21666666666664,39,WFON,(,Waveform onset,qrs_onset,qrs,0,0,1,
121,148417,412.26944444444445,1,NORMAL,N,Normal beat,qrs_peak,qrs,0,0,0,
121,148440,412.3333333333333,40,WFOFF,),Waveform end,qrs_offset,qrs,0,0,1,
121,148722,413.1166666666667,39,WFON,(,Waveform onset,qrs_onset,qrs,0,0,1,
121,148735,413.15277777777777,1,NORMAL,N,Normal beat,qrs_peak,qrs,0,0,0,
121,148752,413.2,40,WFOFF,),Waveform end,qrs_offset,qrs,0,0,1,
121,149032,413.97777777777776,39,WFON,(,Waveform onset,qrs_onset,qrs,0,0,1,
121,149049,414.025,1,NORMAL,N,Normal beat,qrs_peak,qrs,0,0,0,
121,149065,414.06944444444446,40,WFOFF,),Waveform end,qrs_offset,qrs,0,0,1,
121,149117,414.2138888888889,39,WFON,(,Waveform onset,t_onset,t,0,0,2,
121,149142,414.28333333333336,27,TWAVE,t,T-wave peak,t_peak,t,0,0,0,
121,149218,414.49444444444447,40,WFOFF,),Waveform end,t_offset,t,0,0,2,
121,149341,414.8361111111111,39,WFON,(,Waveform onset,qrs_onset,qrs,0,0,1,
121,149357,414.88055555555553,1,NORMAL,N,Normal beat,qrs_peak,qrs,0,0,0,
121,149374,414.9277777777778,40,WFOFF,),Waveform end,qrs_offset,qrs,0,0,1,
121,149381,414.9472222222222,39,WFON,(,Waveform onset,t_onset,t,0,0,2,
121,149411,415.03055555555557,27,TWAVE,t,T-wave peak,t_peak,t,0,0,5,
121,149542,415.39444444444445,27,TWAVE,t,T-wave peak,t_peak,t,0,0,5,
121,149558,415.43888888888887,40,WFOFF,),Waveform end,t_offset,t,0,0,2,
121,149653,415.7027777777778,39,WFON,(,Waveform onset,qrs_onset,qrs,0,0,1,
121,149672,415.75555555555553,1,NORMAL,N,Normal beat,qrs_peak,qrs,0,0,0,
121,149687,415.7972222222222,40,WFOFF,),Waveform end,qrs_offset,qrs,0,0,1,
121,149741,415.9472222222222,39,WFON,(,Waveform onset,t_onset,t,0,0,2,
121,149760,416.0,27,TWAVE,t,T-wave peak,t_peak,t,0,0,5,
121,149863,416.2861111111111,27,TWAVE,t,T-wave peak,t_peak,t,0,0,5,
121,149872,416.31111111111113,40,WFOFF,),Waveform end,t_offset,t,0,0,2,
121,149971,416.5861111111111,39,WFON,(,Waveform onset,qrs_onset,qrs,0,0,1,
121,149991,416.64166666666665,1,NORMAL,N,Normal beat,qrs_peak,qrs,0,0,0,
121,150006,416.68333333333334,40,WFOFF,),Waveform end,qrs_offset,qrs,0,0,1,
121,150055,416.81944444444446,39,WFON,(,Waveform onset,t_onset,t,0,0,2,
121,150080,416.8888888888889,27,TWAVE,t,T-wave peak,t_peak,t,0,0,5,
121,150187,417.18611111111113,27,TWAVE,t,T-wave peak,t_peak,t,0,0,5,
121,150198,417.21666666666664,40,WFOFF,),Waveform end,t_offset,t,0,0,2,
121,150294,417.48333333333335,39,WFON,(,Waveform onset,qrs_onset,qrs,0,0,1,
121,150313,417.5361111111111,1,NORMAL,N,Normal beat,qrs_peak,qrs,0,0,0,
121,150329,417.5805555555556,40,WFOFF,),Waveform end,qrs_offset,qrs,0,0,1,
121,150372,417.7,39,WFON,(,Waveform onset,t_onset,t,0,0,2,
121,150401,417.78055555555557,27,TWAVE,t,T-wave peak,t_peak,t,0,0,5,
121,150523,418.11944444444447,27,TWAVE,t,T-wave peak,t_peak,t,0,0,5,
121,150533,418.14722222222224,40,WFOFF,),Waveform end,t_offset,t,0,0,2,
121,150619,418.3861111111111,39,WFON,(,Waveform onset,qrs_onset,qrs,0,0,1,
121,150638,418.43888888888887,1,NORMAL,N,Normal beat,qrs_peak,qrs,0,0,0,
121,150654,418.48333333333335,40,WFOFF,),Waveform end,qrs_offset,qrs,0,0,1,
121,150701,418.6138888888889,39,WFON,(,Waveform onset,t_onset,t,0,0,2,
121,150728,418.68888888888887,27,TWAVE,t,T-wave peak,t_peak,t,0,0,0,
121,150764,418.7888888888889,40,WFOFF,),Waveform end,t_offset,t,0,0,2,
121,150947,419.2972222222222,39,WFON,(,Waveform onset,qrs_onset,qrs,0,0,1,
121,150967,419.35277777777776,1,NORMAL,N,Normal beat,qrs_peak,qrs,0,0,0,
121,150983,419.39722222222224,40,WFOFF,),Waveform end,qrs_offset,qrs,0,0,1,
121,151025,419.5138888888889,39,WFON,(,Waveform onset,t_onset,t,0,0,2,
121,151059,419.60833333333335,27,TWAVE,t,T-wave peak,t_peak,t,0,0,0,
121,151093,419.7027777777778,40,WFOFF,),Waveform end,t_offset,t,0,0,2,
121,151210,420.02777777777777,39,WFON,(,Waveform onset,qrs_onset,qrs,0,0,1,
121,151233,420.09166666666664,1,NORMAL,N,Normal beat,qrs_peak,qrs,0,0,0,
121,151272,420.2,40,WFOFF,),Waveform end,qrs_offset,qrs,0,0,1,
121,151286,420.2388888888889,39,WFON,(,Waveform onset,t_onset,t,0,0,2,
121,151302,420.28333333333336,27,TWAVE,t,T-wave peak,t_peak,t,0,0,0,
121,151322,420.3388888888889,40,WFOFF,),Waveform end,t_offset,t,0,0,2,
121,151600,421.1111111111111,39,WFON,(,Waveform onset,qrs_onset,qrs,0,0,1,
121,151619,421.1638888888889,1,NORMAL,N,Normal beat,qrs_peak,qrs,0,0,0,
121,151647,421.2416666666667,40,WFOFF,),Waveform end,qrs_offset,qrs,0,0,1,
121,151969,422.1361111111111,39,WFON,(,Waveform onset,qrs_onset,qrs,0,0,1,
121,151989,422.19166666666666,1,NORMAL,N,Normal beat,qrs_peak,qrs,0,0,0,
121,152005,422.2361111111111,40,WFOFF,),Waveform end,qrs_offset,qrs,0,0,1,
121,152057,422.38055555555553,39,WFON,(,Waveform onset,t_onset,t,0,0,2,
121,152078,422.43888888888887,27,TWAVE,t,T-wave peak,t_peak,t,0,0,5,
121,152169,422.69166666666666,27,TWAVE,t,T-wave peak,t_peak,t,0,0,5,
121,152196,422.76666666666665,40,WFOFF,),Waveform end,t_offset,t,0,0,2,
121,152303,423.06388888888887,39,WFON,(,Waveform onset,qrs_onset,qrs,0,0,1,
121,152320,423.1111111111111,1,NORMAL,N,Normal beat,qrs_peak,qrs,0,0,0,
121,152335,423.15277777777777,40,WFOFF,),Waveform end,qrs_offset,qrs,0,0,1,
121,152374,423.2611111111111,39,WFON,(,Waveform onset,t_onset,t,0,0,2,
121,152401,423.3361111111111,27,TWAVE,t,T-wave peak,t_peak,t,0,0,5,
121,152496,423.6,27,TWAVE,t,T-wave peak,t_peak,t,0,0,5,
121,152512,423.64444444444445,40,WFOFF,),Waveform end,t_offset,t,0,0,2,
121,152619,423.94166666666666,39,WFON,(,Waveform onset,qrs_onset,qrs,0,0,1,
121,152629,423.96944444444443,1,NORMAL,N,Normal beat,qrs_peak,qrs,0,0,0,
121,152657,424.0472222222222,40,WFOFF,),Waveform end,qrs_offset,qrs,0,0,1,
121,152974,424.9277777777778,39,WFON,(,Waveform onset,qrs_onset,qrs,0,0,1,
121,152993,424.98055555555555,1,NORMAL,N,Normal beat,qrs_peak,qrs,0,0,0,
121,153017,425.0472222222222,40,WFOFF,),Waveform end,qrs_offset,qrs,0,0,1,
121,153020,425.05555555555554,39,WFON,(,Waveform onset,t_onset,t,0,0,2,
121,153079,425.21944444444443,27,TWAVE,t,T-wave peak,t_peak,t,0,0,5,
121,153179,425.4972222222222,27,TWAVE,t,T-wave peak,t_peak,t,0,0,5,
121,153197,425.5472222222222,40,WFOFF,),Waveform end,t_offset,t,0,0,2,
121,153320,425.8888888888889,39,WFON,(,Waveform onset,qrs_onset,qrs,0,0,1,
121,153338,425.93888888888887,1,NORMAL,N,Normal beat,qrs_peak,qrs,0,0,0,
121,153365,426.0138888888889,40,WFOFF,),Waveform end,qrs_offset,qrs,0,0,1,
121,153370,426.02777777777777,39,WFON,(,Waveform onset,t_onset,t,0,0,2,
121,153429,426.19166666666666,27,TWAVE,t,T-wave peak,t_peak,t,0,0,5,
121,153524,426.4555555555556,27,TWAVE,t,T-wave peak,t_peak,t,0,0,5,
121,153556,426.5444444444444,40,WFOFF,),Waveform end,t_offset,t,0,0,2,
121,153670,426.8611111111111,39,WFON,(,Waveform onset,qrs_onset,qrs,0,0,1,
121,153687,426.90833333333336,1,NORMAL,N,Normal beat,qrs_peak,qrs,0,0,0,
121,153714,426.98333333333335,40,WFOFF,),Waveform end,qrs_offset,qrs,0,0,1,
121,153744,427.06666666666666,39,WFON,(,Waveform onset,t_onset,t,0,0,2,
121,153775,427.15277777777777,27,TWAVE,t,T-wave peak,t_peak,t,0,0,5,
121,153864,427.4,27,TWAVE,t,T-wave peak,t_peak,t,0,0,5,
121,153887,427.4638888888889,40,WFOFF,),Waveform end,t_offset,t,0,0,2,
121,154013,427.81388888888887,39,WFON,(,Waveform onset,qrs_onset,qrs,0,0,1,
121,154032,427.8666666666667,1,NORMAL,N,Normal beat,qrs_peak,qrs,0,0,0,
121,154047,427.90833333333336,40,WFOFF,),Waveform end,qrs_offset,qrs,0,0,1,
121,154078,427.99444444444447,39,WFON,(,Waveform onset,t_onset,t,0,0,2,
121,154119,428.10833333333335,27,TWAVE,t,T-wave peak,t_peak,t,0,0,0,
121,154159,428.21944444444443,40,WFOFF,),Waveform end,t_offset,t,0,0,2,
121,154273,428.5361111111111,39,WFON,(,Waveform onset,qrs_onset,qrs,0,0,1,
121,154308,428.6333333333333,1,NORMAL,N,Normal beat,qrs_peak,qrs,0,0,0,
121,154381,428.8361111111111,40,WFOFF,),Waveform end,qrs_offset,qrs,0,0,1,
121,154411,428.9194444444444,39,WFON,(,Waveform onset,t_onset,t,0,0,2,
121,154468,429.0777777777778,27,TWAVE,t,T-wave peak,t_peak,t,0,0,5,
121,154557,429.325,27,TWAVE,t,T-wave peak,t_peak,t,0,0,5,
121,154603,429.4527777777778,40,WFOFF,),Waveform end,t_offset,t,0,0,2,
121,154704,429.73333333333335,39,WFON,(,Waveform onset,qrs_onset,qrs,0,0,1,
121,154724,429.7888888888889,1,NORMAL,N,Normal beat,qrs_peak,qrs,0,0,0,
121,154740,429.8333333333333,40,WFOFF,),Waveform end,qrs_offset,qrs,0,0,1,
121,154761,429.89166666666665,39,WFON,(,Waveform onset,t_onset,t,0,0,2,
121,154816,430.0444444444444,27,TWAVE,t,T-wave peak,t_peak,t,0,0,5,
121,154904,430.2888888888889,27,TWAVE,t,T-wave peak,t_peak,t,0,0,5,
121,154939,430.3861111111111,40,WFOFF,),Waveform end,t_offset,t,0,0,2,
121,155012,430.5888888888889,39,WFON,(,Waveform onset,qrs_onset,qrs,0,0,1,
121,155042,430.6722222222222,1,NORMAL,N,Normal beat,qrs_peak,qrs,0,0,0,
121,155069,430.7472222222222,40,WFOFF,),Waveform end,qrs_offset,qrs,0,0,1,
121,155306,431.40555555555557,39,WFON,(,Waveform onset,qrs_onset,qrs,0,0,1,
121,155341,431.5027777777778,1,NORMAL,N,Normal beat,qrs_peak,qrs,0,0,0,
121,155409,431.69166666666666,40,WFOFF,),Waveform end,qrs_offset,qrs,0,0,1,
121,155653,432.36944444444447,39,WFON,(,Waveform onset,qrs_onset,qrs,0,0,1,
121,155688,432.46666666666664,1,NORMAL,N,Normal beat,qrs_peak,qrs,0,0,0,
121,155760,432.6666666666667,40,WFOFF,),Waveform end,qrs_offset,qrs,0,0,1,
121,155783,432.73055555555555,39,WFON,(,Waveform onset,t_onset,t,0,0,2,
121,155845,432.90277777777777,27,TWAVE,t,T-wave peak,t_peak,t,0,0,5,
121,155925,433.125,27,TWAVE,t,T-wave peak,t_peak,t,0,0,5,
121,155944,433.1777777777778,40,WFOFF,),Waveform end,t_offset,t,0,0,2,
121,156042,433.45,39,WFON,(,Waveform onset,qrs_onset,qrs,0,0,1,
121,156063,433.5083333333333,1,NORMAL,N,Normal beat,qrs_peak,qrs,0,0,0,
121,156127,433.68611111111113,40,WFOFF,),Waveform end,qrs_offset,qrs,0,0,1,
121,156143,433.73055555555555,39,WFON,(,Waveform onset,t_onset,t,0,0,2,
121,156175,433.81944444444446,27,TWAVE,t,T-wave peak,t_peak,t,0,0,0,
121,156217,433.93611111111113,40,WFOFF,),Waveform end,t_offset,t,0,0,2,
121,156389,434.4138888888889,39,WFON,(,Waveform onset,qrs_onset,qrs,0,0,1,
121,156398,434.43888888888887,1,NORMAL,N,Normal beat,qrs_peak,qrs,0,0,0,
121,156424,434.5111111111111,40,WFOFF,),Waveform end,qrs_offset,qrs,0,0,1,
121,156674,435.2055555555556,39,WFON,(,Waveform onset,qrs_onset,qrs,0,0,1,
121,156697,435.26944444444445,1,NORMAL,N,Normal beat,qrs_peak,qrs,0,0,0,
121,156766,435.4611111111111,40,WFOFF,),Waveform end,qrs_offset,qrs,0,0,1,
121,157010,436.1388888888889,39,WFON,(,Waveform onset,qrs_onset,qrs,0,0,1,
121,157034,436.2055555555556,1,NORMAL,N,Normal beat,qrs_peak,qrs,0,0,0,
121,157102,436.39444444444445,40,WFOFF,),Waveform end,qrs_offset,qrs,0,0,1,
121,157346,437.0722222222222,39,WFON,(,Waveform onset,qrs_onset,qrs,0,0,1,
121,157369,437.1361111111111,1,NORMAL,N,Normal beat,qrs_peak,qrs,0,0,0,
121,157439,437.3305555555556,40,WFOFF,),Waveform end,qrs_offset,qrs,0,0,1,
121,157670,437.97222222222223,39,WFON,(,Waveform onset,qrs_onset,qrs,0,0,1,
121,157721,438.1138888888889,1,NORMAL,N,Normal beat,qrs_peak,qrs,0,0,0,
121,157792,438.31111111111113,40,WFOFF,),Waveform end,qrs_offset,qrs,0,0,1,
121,158043,439.0083333333333,39,WFON,(,Waveform onset,qrs_onset,qrs,0,0,1,
121,158068,439.0777777777778,1,NORMAL,N,Normal beat,qrs_peak,qrs,0,0,0,
121,158134,439.2611111111111,40,WFOFF,),Waveform end,qrs_offset,qrs,0,0,1,
121,158136,439.26666666666665,27,TWAVE,t,T-wave peak,t_peak,t,0,0,3,
121,158158,439.3277777777778,40,WFOFF,),Waveform end,t_offset,t,0,0,2,
121,158396,439.9888888888889,39,WFON,(,Waveform onset,qrs_onset,qrs,0,0,1,
121,158417,440.0472222222222,1,NORMAL,N,Normal beat,qrs_peak,qrs,0,0,0,
121,158481,440.225,40,WFOFF,),Waveform end,qrs_offset,qrs,0,0,1,
121,158734,440.9277777777778,39,WFON,(,Waveform onset,qrs_onset,qrs,0,0,1,
121,158761,441.0027777777778,1,NORMAL,N,Normal beat,qrs_peak,qrs,0,0,0,
121,158829,441.19166666666666,40,WFOFF,),Waveform end,qrs_offset,qrs,0,0,1,
121,159150,442.0833333333333,39,WFON,(,Waveform onset,qrs_onset,qrs,0,0,1,
121,159158,442.10555555555555,1,NORMAL,N,Normal beat,qrs_peak,qrs,0,0,0,
121,159186,442.18333333333334,40,WFOFF,),Waveform end,qrs_offset,qrs,0,0,1,
121,159454,442.9277777777778,39,WFON,(,Waveform onset,qrs_onset,qrs,0,0,1,
121,159481,443.0027777777778,1,NORMAL,N,Normal beat,qrs_peak,qrs,0,0,0,
121,159553,443.2027777777778,40,WFOFF,),Waveform end,qrs_offset,qrs,0,0,1,
121,159623,443.39722222222224,39,WFON,(,Waveform onset,t_onset,t,0,0,2,
121,159639,443.44166666666666,27,TWAVE,t,T-wave peak,t_peak,t,0,0,0,
121,159674,443.5388888888889,40,WFOFF,),Waveform end,t_offset,t,0,0,2,
121,159818,443.93888888888887,39,WFON,(,Waveform onset,qrs_onset,qrs,0,0,1,
121,159843,444.0083333333333,1,NORMAL,N,Normal beat,qrs_peak,qrs,0,0,0,
121,159912,444.2,40,WFOFF,),Waveform end,qrs_offset,qrs,0,0,1,
121,160231,445.0861111111111,39,WFON,(,Waveform onset,qrs_onset,qrs,0,0,1,
121,160239,445.10833333333335,1,NORMAL,N,Normal beat,qrs_peak,qrs,0,0,0,
121,160268,445.18888888888887,40,WFOFF,),Waveform end,qrs_offset,qrs,0,0,1,
121,160527,445.90833333333336,39,WFON,(,Waveform onset,qrs_onset,qrs,0,0,1,
121,160551,445.975,1,NORMAL,N,Normal beat,qrs_peak,qrs,0,0,0,
121,160612,446.14444444444445,40,WFOFF,),Waveform end,qrs_offset,qrs,0,0,1,
121,160888,446.9111111111111,39,WFON,(,Waveform onset,qrs_onset,qrs,0,0,1,
121,160900,446.94444444444446,1,NORMAL,N,Normal beat,qrs_peak,qrs,0,0,0,
121,160968,447.1333333333333,40,WFOFF,),Waveform end,qrs_offset,qrs,0,0,1,
121,161205,447.7916666666667,39,WFON,(,Waveform onset,qrs_onset,qrs,0,0,1,
121,161248,447.9111111111111,1,NORMAL,N,Normal beat,qrs_peak,qrs,0,0,0,
121,161316,448.1,40,WFOFF,),Waveform end,qrs_offset,qrs,0,0,1,
121,161560,448.77777777777777,39,WFON,(,Waveform onset,qrs_onset,qrs,0,0,1,
121,161584,448.84444444444443,1,NORMAL,N,Normal beat,qrs_peak,qrs,0,0,0,
121,161654,449.0388888888889,40,WFOFF,),Waveform end,qrs_offset,qrs,0,0,1,
121,161943,449.84166666666664,1,NORMAL,N,Normal beat,qrs_peak,qrs,0,0,0,
121,161943,449.84166666666664,39,WFON,(,Waveform onset,qrs_onset,qrs,0,0,1,
121,162025,450.06944444444446,40,WFOFF,),Waveform end,qrs_offset,qrs,0,0,1,
121,162077,450.2138888888889,39,WFON,(,Waveform onset,t_onset,t,0,0,2,
121,162095,450.2638888888889,27,TWAVE,t,T-wave peak,t_peak,t,0,0,5,
121,162184,450.5111111111111,27,TWAVE,t,T-wave peak,t_peak,t,0,0,5,
121,162199,450.5527777777778,40,WFOFF,),Waveform end,t_offset,t,0,0,2,
121,162311,450.8638888888889,39,WFON,(,Waveform onset,qrs_onset,qrs,0,0,1,
121,162326,450.90555555555557,1,NORMAL,N,Normal beat,qrs_peak,qrs,0,0,0,
121,162354,450.98333333333335,40,WFOFF,),Waveform end,qrs_offset,qrs,0,0,1,
121,162605,451.68055555555554,39,WFON,(,Waveform onset,qrs_onset,qrs,0,0,1,
121,162640,451.77777777777777,1,NORMAL,N,Normal beat,qrs_peak,qrs,0,0,0,
121,162708,451.96666666666664,40,WFOFF,),Waveform end,qrs_offset,qrs,0,0,1,
121,163115,453.09722222222223,39,WFON,(,Waveform onset,qrs_onset,qrs,0,0,1,
121,163121,453.1138888888889,1,NORMAL,N,Normal beat,qrs_peak,qrs,0,0,0,
121,163151,453.1972222222222,40,WFOFF,),Waveform end,qrs_offset,qrs,0,0,1,
121,163169,453.2472222222222,39,WFON,(,Waveform onset,t_onset,t,0,0,2,
121,163217,453.38055555555553,27,TWAVE,t,T-wave peak,t_peak,t,0,0,1,
121,163270,453.52777777777777,40,WFOFF,),Waveform end,t_offset,t,0,0,2,
121,163386,453.85,1,NORMAL,N,Normal beat,qrs_peak,qrs,0,0,0,
121,163391,453.8638888888889,39,WFON,(,Waveform onset,qrs_onset,qrs,0,0,1,
121,163425,453.9583333333333,40,WFOFF,),Waveform end,qrs_offset,qrs,0,0,1,
121,163432,453.97777777777776,39,WFON,(,Waveform onset,t_onset,t,0,0,2,
121,163496,454.15555555555557,27,TWAVE,t,T-wave peak,t_peak,t,0,0,0,
121,163541,454.28055555555557,40,WFOFF,),Waveform end,t_offset,t,0,0,2,
121,163638,454.55,39,WFON,(,Waveform onset,qrs_onset,qrs,0,0,1,
121,163674,454.65,1,NORMAL,N,Normal beat,qrs_peak,qrs,0,0,0,
121,163742,454.8388888888889,40,WFOFF,),Waveform end,qrs_offset,qrs,0,0,1,
121,163744,454.84444444444443,27,TWAVE,t,T-wave peak,t_peak,t,0,0,3,
121,163766,454.90555555555557,40,WFOFF,),Waveform end,t_offset,t,0,0,2,
121,163973,455.48055555555555,39,WFON,(,Waveform onset,qrs_onset,qrs,0,0,1,
121,164024,455.6222222222222,1,NORMAL,N,Normal beat,qrs_peak,qrs,0,0,0,
121,164095,455.81944444444446,40,WFOFF,),Waveform end,qrs_offset,qrs,0,0,1,
121,164165,456.0138888888889,39,WFON,(,Waveform onset,t_onset,t,0,0,2,
121,164185,456.06944444444446,27,TWAVE,t,T-wave peak,t_peak,t,0,0,0,
121,164226,456.18333333333334,40,WFOFF,),Waveform end,t_offset,t,0,0,2,
121,164334,456.48333333333335,39,WFON,(,Waveform onset,qrs_onset,qrs,0,0,1,
121,164371,456.5861111111111,1,NORMAL,N,Normal beat,qrs_peak,qrs,0,0,0,
121,164436,456.76666666666665,40,WFOFF,),Waveform end,qrs_offset,qrs,0,0,1,
121,164733,457.59166666666664,39,WFON,(,Waveform onset,qrs_onset,qrs,0,0,1,
121,164742,457.6166666666667,1,NORMAL,N,Normal beat,qrs_peak,qrs,0,0,0,
121,164768,457.68888888888887,40,WFOFF,),Waveform end,qrs_offset,qrs,0,0,1,
121,165019,458.3861111111111,39,WFON,(,Waveform onset,qrs_onset,qrs,0,0,1,
121,165044,458.4555555555556,1,NORMAL,N,Normal beat,qrs_peak,qrs,0,0,0,
121,165111,458.64166666666665,40,WFOFF,),Waveform end,qrs_offset,qrs,0,0,1,
121,165355,459.31944444444446,39,WFON,(,Waveform onset,qrs_onset,qrs,0,0,1,
121,165378,459.3833333333333,1,NORMAL,N,Normal beat,qrs_peak,qrs,0,0,0,
121,165447,459.575,40,WFOFF,),Waveform end,qrs_offset,qrs,0,0,1,
121,165743,460.39722222222224,39,WFON,(,Waveform onset,qrs_onset,qrs,0,0,1,
121,165763,460.4527777777778,1,NORMAL,N,Normal beat,qrs_peak,qrs,0,0,0,
121,165789,460.525,40,WFOFF,),Waveform end,qrs_offset,qrs,0,0,1,
121,166101,461.39166666666665,39,WFON,(,Waveform onset,qrs_onset,qrs,0,0,1,
121,166110,461.4166666666667,1,NORMAL,N,Normal beat,qrs_peak,qrs,0,0,0,
121,166138,461.49444444444447,40,WFOFF,),Waveform end,qrs_offset,qrs,0,0,1,
121,166375,462.15277777777777,39,WFON,(,Waveform onset,qrs_onset,qrs,0,0,1,
121,166412,462.25555555555553,1,NORMAL,N,Normal beat,qrs_peak,qrs,0,0,0,
121,166482,462.45,40,WFOFF,),Waveform end,qrs_offset,qrs,0,0,1,
121,166796,463.3222222222222,39,WFON,(,Waveform onset,qrs_onset,qrs,0,0,1,
121,166807,463.35277777777776,1,NORMAL,N,Normal beat,qrs_peak,qrs,0,0,0,
121,166836,463.43333333333334,40,WFOFF,),Waveform end,qrs_offset,qrs,0,0,1,
121,167097,464.15833333333336,39,WFON,(,Waveform onset,qrs_onset,qrs,0,0,1,
121,167131,464.2527777777778,1,NORMAL,N,Normal beat,qrs_peak,qrs,0,0,0,
121,167205,464.4583333333333,40,WFOFF,),Waveform end,qrs_offset,qrs,0,0,1,
121,167235,464.5416666666667,39,WFON,(,Waveform onset,t_onset,t,0,0,2,
121,167289,464.69166666666666,27,TWAVE,t,T-wave peak,t_peak,t,0,0,0,
121,167326,464.7944444444444,40,WFOFF,),Waveform end,t_offset,t,0,0,2,
121,167520,465.3333333333333,39,WFON,(,Waveform onset,qrs_onset,qrs,0,0,1,
121,167528,465.35555555555555,1,NORMAL,N,Normal beat,qrs_peak,qrs,0,0,0,
121,167583,465.5083333333333,40,WFOFF,),Waveform end,qrs_offset,qrs,0,0,1,
121,167627,465.63055555555553,39,WFON,(,Waveform onset,t_onset,t,0,0,2,
121,167645,465.68055555555554,27,TWAVE,t,T-wave peak,t_peak,t,0,0,0,
121,167683,465.7861111111111,40,WFOFF,),Waveform end,t_offset,t,0,0,2,
121,167805,466.125,39,WFON,(,Waveform onset,qrs_onset,qrs,0,0,1,
121,167835,466.2083333333333,1,NORMAL,N,Normal beat,qrs_peak,qrs,0,0,0,
121,167912,466.4222222222222,40,WFOFF,),Waveform end,qrs_offset,qrs,0,0,1,
121,167933,466.48055555555555,39,WFON,(,Waveform onset,t_onset,t,0,0,2,
121,167997,466.65833333333336,27,TWAVE,t,T-wave peak,t_peak,t,0,0,5,
121,168076,466.8777777777778,27,TWAVE,t,T-wave peak,t_peak,t,0,0,5,
121,168144,467.06666666666666,40,WFOFF,),Waveform end,t_offset,t,0,0,2,
121,168205,467.2361111111111,39,WFON,(,Waveform onset,p_onset,p,0,0,0,
121,168217,467.26944444444445,24,PWAVE,p,P-wave peak,p_peak,p,0,0,0,
121,168228,467.3,40,WFOFF,),Waveform end,p_offset,p,0,0,0,
121,168262,467.39444444444445,39,WFON,(,Waveform onset,qrs_onset,qrs,0,0,1,
121,168322,467.56111111111113,1,NORMAL,N,Normal beat,qrs_peak,qrs,0,0,0,
121,168357,467.65833333333336,40,WFOFF,),Waveform end,qrs_offset,qrs,0,0,1,
121,168366,467.68333333333334,39,WFON,(,Waveform onset,t_onset,t,0,0,2,
121,168386,467.7388888888889,27,TWAVE,t,T-wave peak,t_peak,t,0,0,1,
121,168394,467.7611111111111,40,WFOFF,),Waveform end,t_offset,t,0,0,2,
121,168520,468.1111111111111,39,WFON,(,Waveform onset,qrs_onset,qrs,0,0,1,
121,168548,468.18888888888887,1,NORMAL,N,Normal beat,qrs_peak,qrs,0,0,0,
121,168614,468.3722222222222,40,WFOFF,),Waveform end,qrs_offset,qrs,0,0,1,
121,168865,469.06944444444446,39,WFON,(,Waveform onset,qrs_onset,qrs,0,0,1,
121,168895,469.15277777777777,1,NORMAL,N,Normal beat,qrs_peak,qrs,0,0,0,
121,168964,469.34444444444443,40,WFOFF,),Waveform end,qrs_offset,qrs,0,0,1,
121,169209,470.025,39,WFON,(,Waveform onset,qrs_onset,qrs,0,0,1,
121,169245,470.125,1,NORMAL,N,Normal beat,qrs_peak,qrs,0,0,0,
121,169334,470.3722222222222,40,WFOFF,),Waveform end,qrs_offset,qrs,0,0,1,
121,169386,470.51666666666665,39,WFON,(,Waveform onset,t_onset,t,0,0,2,
121,169406,470.5722222222222,27,TWAVE,t,T-wave peak,t_peak,t,0,0,0,
121,169445,470.68055555555554,40,WFOFF,),Waveform end,t_offset,t,0,0,2,
121,169569,471.025,39,WFON,(,Waveform onset,qrs_onset,qrs,0,0,1,
121,169594,471.09444444444443,1,NORMAL,N,Normal beat,qrs_peak,qrs,0,0,0,
121,169662,471.28333333333336,40,WFOFF,),Waveform end,qrs_offset,qrs,0,0,1,
121,170001,472.225,1,NORMAL,N,Normal beat,qrs_peak,qrs,0,0,0,
121,170001,472.225,39,WFON,(,Waveform onset,qrs_onset,qrs,0,0,1,
121,170037,472.325,40,WFOFF,),Waveform end,qrs_offset,qrs,0,0,1,
121,170059,472.3861111111111,39,WFON,(,Waveform onset,t_onset,t,0,0,2,
121,170112,472.53333333333336,27,TWAVE,t,T-wave peak,t_peak,t,0,0,5,
121,170197,472.76944444444445,27,TWAVE,t,T-wave peak,t_peak,t,0,0,5,
121,170231,472.8638888888889,40,WFOFF,),Waveform end,t_offset,t,0,0,2,
121,170341,473.1694444444444,39,WFON,(,Waveform onset,qrs_onset,qrs,0,0,1,
121,170351,473.1972222222222,1,NORMAL,N,Normal beat,qrs_peak,qrs,0,0,0,
121,170427,473.40833333333336,40,WFOFF,),Waveform end,qrs_offset,qrs,0,0,1,
121,170445,473.4583333333333,39,WFON,(,Waveform onset,t_onset,t,0,0,2,
121,170467,473.51944444444445,27,TWAVE,t,T-wave peak,t_peak,t,0,0,5,
121,170561,473.78055555555557,27,TWAVE,t,T-wave peak,t_peak,t,0,0,5,
121,170597,473.88055555555553,40,WFOFF,),Waveform end,t_offset,t,0,0,2,
121,170694,474.15,39,WFON,(,Waveform onset,qrs_onset,qrs,0,0,1,
121,170709,474.19166666666666,1,NORMAL,N,Normal beat,qrs_peak,qrs,0,0,0,
121,170736,474.26666666666665,40,WFOFF,),Waveform end,qrs_offset,qrs,0,0,1,
121,171041,475.1138888888889,39,WFON,(,Waveform onset,qrs_onset,qrs,0,0,1,
121,171059,475.1638888888889,1,NORMAL,N,Normal beat,qrs_peak,qrs,0,0,0,
121,171082,475.22777777777776,40,WFOFF,),Waveform end,qrs_offset,qrs,0,0,1,
121,171358,475.99444444444447,39,WFON,(,Waveform onset,qrs_onset,qrs,0,0,1,
121,171367,476.01944444444445,1,NORMAL,N,Normal beat,qrs_peak,qrs,0,0,0,
121,171436,476.2111111111111,40,WFOFF,),Waveform end,qrs_offset,qrs,0,0,1,
121,171757,477.10277777777776,39,WFON,(,Waveform onset,qrs_onset,qrs,0,0,1,
121,171767,477.13055555555553,1,NORMAL,N,Normal beat,qrs_peak,qrs,0,0,0,
121,171793,477.2027777777778,40,WFOFF,),Waveform end,qrs_offset,qrs,0,0,1,
121,172043,477.89722222222224,39,WFON,(,Waveform onset,qrs_onset,qrs,0,0,1,
121,172081,478.0027777777778,1,NORMAL,N,Normal beat,qrs_peak,qrs,0,0,0,
121,172151,478.1972222222222,40,WFOFF,),Waveform end,qrs_offset,qrs,0,0,1,
121,172401,478.89166666666665,39,WFON,(,Waveform onset,qrs_onset,qrs,0,0,1,
121,172426,478.9611111111111,1,NORMAL,N,Normal beat,qrs_peak,qrs,0,0,0,
121,172492,479.14444444444445,40,WFOFF,),Waveform end,qrs_offset,qrs,0,0,1,
121,172840,480.1111111111111,39,WFON,(,Waveform onset,qrs_onset,qrs,0,0,1,
121,172871,480.1972222222222,1,NORMAL,N,Normal beat,qrs_peak,qrs,0,0,0,
121,172929,480.35833333333335,40,WFOFF,),Waveform end,qrs_offset,qrs,0,0,1,
121,172939,480.3861111111111,39,WFON,(,Waveform onset,t_onset,t,0,0,2,
121,173000,480.55555555555554,27,TWAVE,t,T-wave peak,t_peak,t,0,0,1,
121,173046,480.68333333333334,40,WFOFF,),Waveform end,t_offset,t,0,0,2,
121,173145,480.9583333333333,39,WFON,(,Waveform onset,qrs_onset,qrs,0,0,1,
121,173159,480.9972222222222,1,NORMAL,N,Normal beat,qrs_peak,qrs,0,0,0,
121,173186,481.0722222222222,40,WFOFF,),Waveform end,qrs_offset,qrs,0,0,1,
121,173430,481.75,39,WFON,(,Waveform onset,qrs_onset,qrs,0,0,1,
121,173459,481.8305555555556,1,NORMAL,N,Normal beat,qrs_peak,qrs,0,0,0,
121,173532,482.03333333333336,40,WFOFF,),Waveform end,qrs_offset,qrs,0,0,1,
121,173561,482.1138888888889,39,WFON,(,Waveform onset,t_onset,t,0,0,2,
121,173616,482.26666666666665,27,TWAVE,t,T-wave peak,t_peak,t,0,0,0,
121,173662,482.39444444444445,40,WFOFF,),Waveform end,t_offset,t,0,0,2,
121,173766,482.68333333333334,39,WFON,(,Waveform onset,qrs_onset,qrs,0,0,1,
121,173783,482.73055555555555,1,NORMAL,N,Normal beat,qrs_peak,qrs,0,0,0,
121,173852,482.9222222222222,40,WFOFF,),Waveform end,qrs_offset,qrs,0,0,1,
121,174139,483.71944444444443,39,WFON,(,Waveform onset,qrs_onset,qrs,0,0,1,
121,174157,483.76944444444445,1,NORMAL,N,Normal beat,qrs_peak,qrs,0,0,0,
121,174186,483.85,40,WFOFF,),Waveform end,qrs_offset,qrs,0,0,1,
121,174432,484.53333333333336,39,WFON,(,Waveform onset,qrs_onset,qrs,0,0,1,
121,174446,484.5722222222222,1,NORMAL,N,Normal beat,qrs_peak,qrs,0,0,0,
121,174512,484.75555555555553,40,WFOFF,),Waveform end,qrs_offset,qrs,0,0,1,
121,174809,485.5805555555556,39,WFON,(,Waveform onset,qrs_onset,qrs,0,0,1,
121,174824,485.6222222222222,1,NORMAL,N,Normal beat,qrs_peak,qrs,0,0,0,
121,174852,485.7,40,WFOFF,),Waveform end,qrs_offset,qrs,0,0,1,
121,175157,486.5472222222222,39,WFON,(,Waveform onset,qrs_onset,qrs,0,0,1,
121,175176,486.6,1,NORMAL,N,Normal beat,qrs_peak,qrs,0,0,0,
121,175205,486.68055555555554,40,WFOFF,),Waveform end,qrs_offset,qrs,0,0,1,
121,175464,487.4,39,WFON,(,Waveform onset,qrs_onset,qrs,0,0,1,
121,175480,487.44444444444446,1,NORMAL,N,Normal beat,qrs_peak,qrs,0,0,0,
121,175500,487.5,40,WFOFF,),Waveform end,qrs_offset,qrs,0,0,1,
121,175534,487.59444444444443,39,WFON,(,Waveform onset,t_onset,t,0,0,2,
121,175550,487.6388888888889,27,TWAVE,t,T-wave peak,t_peak,t,0,0,0,
121,175570,487.69444444444446,40,WFOFF,),Waveform end,t_offset,t,0,0,2,
121,175862,488.50555555555553,39,WFON,(,Waveform onset,qrs_onset,qrs,0,0,1,
121,175872,488.53333333333336,1,NORMAL,N,Normal beat,qrs_peak,qrs,0,0,0,
121,175898,488.60555555555555,40,WFOFF,),Waveform end,qrs_offset,qrs,0,0,1,
121,176162,489.3388888888889,39,WFON,(,Waveform onset,qrs_onset,qrs,0,0,1,
121,176191,489.4194444444444,1,NORMAL,N,Normal beat,qrs_peak,qrs,0,0,0,
121,176278,489.6611111111111,40,WFOFF,),Waveform end,qrs_offset,qrs,0,0,1,
121,176328,489.8,39,WFON,(,Waveform onset,t_onset,t,0,0,2,
121,176353,489.86944444444447,27,TWAVE,t,T-wave peak,t_peak,t,0,0,0,
121,176389,489.96944444444443,40,WFOFF,),Waveform end,t_offset,t,0,0,2,
121,176524,490.34444444444443,39,WFON,(,Waveform onset,qrs_onset,qrs,0,0,1,
121,176543,490.39722222222224,1,NORMAL,N,Normal beat,qrs_peak,qrs,0,0,0,
121,176617,490.60277777777776,40,WFOFF,),Waveform end,qrs_offset,qrs,0,0,1,
121,176635,490.65277777777777,39,WFON,(,Waveform onset,t_onset,t,0,0,2,
121,176699,490.8305555555556,27,TWAVE,t,T-wave peak,t_peak,t,0,0,0,
121,176738,490.93888888888887,40,WFOFF,),Waveform end,t_offset,t,0,0,2,
121,176833,491.2027777777778,39,WFON,(,Waveform onset,qrs_onset,qrs,0,0,1,
121,176882,491.3388888888889,1,NORMAL,N,Normal beat,qrs_peak,qrs,0,0,0,
121,176951,491.53055555555557,40,WFOFF,),Waveform end,qrs_offset,qrs,0,0,1,
121,177211,492.2527777777778,39,WFON,(,Waveform onset,qrs_onset,qrs,0,0,1,
121,177233,492.31388888888887,1,NORMAL,N,Normal beat,qrs_peak,qrs,0,0,0,
121,177303,492.5083333333333,40,WFOFF,),Waveform end,qrs_offset,qrs,0,0,1,
121,177554,493.2055555555556,39,WFON,(,Waveform onset,qrs_onset,qrs,0,0,1,
121,177579,493.275,1,NORMAL,N,Normal beat,qrs_peak,qrs,0,0,0,
121,177644,493.4555555555556,40,WFOFF,),Waveform end,qrs_offset,qrs,0,0,1,
121,177906,494.18333333333334,39,WFON,(,Waveform onset,qrs_onset,qrs,0,0,1,
121,177915,494.2083333333333,1,NORMAL,N,Normal beat,qrs_peak,qrs,0,0,0,
121,177981,494.39166666666665,40,WFOFF,),Waveform end,qrs_offset,qrs,0,0,1,
121,178232,495.0888888888889,39,WFON,(,Waveform onset,qrs_onset,qrs,0,0,1,
121,178252,495.14444444444445,1,NORMAL,N,Normal beat,qrs_peak,qrs,0,0,0,
121,178320,495.3333333333333,40,WFOFF,),Waveform end,qrs_offset,qrs,0,0,1,
121,178610,496.1388888888889,39,WFON,(,Waveform onset,qrs_onset,qrs,0,0,1,
121,178633,496.2027777777778,1,NORMAL,N,Normal beat,qrs_peak,qrs,0,0,0,
121,178674,496.31666666666666,40,WFOFF,),Waveform end,qrs_offset,qrs,0,0,1,
121,178684,496.34444444444443,39,WFON,(,Waveform onset,t_onset,t,0,0,2,
121,178749,496.525,27,TWAVE,t,T-wave peak,t_peak,t,0,0,0,
121,178787,496.63055555555553,40,WFOFF,),Waveform end,t_offset,t,0,0,2,
121,178917,496.9916666666667,39,WFON,(,Waveform onset,qrs_onset,qrs,0,0,1,
121,178936,497.0444444444444,1,NORMAL,N,Normal beat,qrs_peak,qrs,0,0,0,
121,179006,497.2388888888889,40,WFOFF,),Waveform end,qrs_offset,qrs,0,0,1,
121,179282,498.00555555555553,39,WFON,(,Waveform onset,qrs_onset,qrs,0,0,1,
121,179297,498.0472222222222,1,NORMAL,N,Normal beat,qrs_peak,qrs,0,0,0,
121,179316,498.1,40,WFOFF,),Waveform end,qrs_offset,qrs,0,0,1,
121,179352,498.2,39,WFON,(,Waveform onset,t_onset,t,0,0,2,
121,179368,498.24444444444447,27,TWAVE,t,T-wave peak,t_peak,t,0,0,0,
121,179388,498.3,40,WFOFF,),Waveform end,t_offset,t,0,0,2,
121,179631,498.975,39,WFON,(,Waveform onset,qrs_onset,qrs,0,0,1,
121,179655,499.0416666666667,1,NORMAL,N,Normal beat,qrs_peak,qrs,0,0,0,
121,179725,499.2361111111111,40,WFOFF,),Waveform end,qrs_offset,qrs,0,0,1,
121,179727,499.2416666666667,27,TWAVE,t,T-wave peak,t_peak,t,0,0,3,
121,179749,499.3027777777778,40,WFOFF,),Waveform end,t_offset,t,0,0,2,
121,179998,499.99444444444447,39,WFON,(,Waveform onset,qrs_onset,qrs,0,0,1,
121,180025,500.06944444444446,1,NORMAL,N,Normal beat,qrs_peak,qrs,0,0,0,
121,180098,500.27222222222224,40,WFOFF,),Waveform end,qrs_offset,qrs,0,0,1,
121,180164,500.4555555555556,39,WFON,(,Waveform onset,t_onset,t,0,0,2,
121,180186,500.51666666666665,27,TWAVE,t,T-wave peak,t_peak,t,0,0,0,
121,180224,500.6222222222222,40,WFOFF,),Waveform end,t_offset,t,0,0,2,
121,180353,500.98055555555555,39,WFON,(,Waveform onset,qrs_onset,qrs,0,0,1,
121,180386,501.0722222222222,1,NORMAL,N,Normal beat,qrs_peak,qrs,0,0,0,
121,180455,501.2638888888889,40,WFOFF,),Waveform end,qrs_offset,qrs,0,0,1,
121,180777,502.15833333333336,39,WFON,(,Waveform onset,qrs_onset,qrs,0,0,1,
121,180794,502.2055555555556,1,NORMAL,N,Normal beat,qrs_peak,qrs,0,0,0,
121,180823,502.2861111111111,40,WFOFF,),Waveform end,qrs_offset,qrs,0,0,1,
121,181156,503.2111111111111,1,NORMAL,N,Normal beat,qrs_peak,qrs,0,0,0,
121,181156,503.2111111111111,39,WFON,(,Waveform onset,qrs_onset,qrs,0,0,1,
121,181208,503.35555555555555,40,WFOFF,),Waveform end,qrs_offset,qrs,0,0,1,
121,181215,503.375,39,WFON,(,Waveform onset,t_onset,t,0,0,2,
121,181274,503.5388888888889,27,TWAVE,t,T-wave peak,t_peak,t,0,0,0,
121,181311,503.64166666666665,40,WFOFF,),Waveform end,t_offset,t,0,0,2,
121,181455,504.0416666666667,39,WFON,(,Waveform onset,qrs_onset,qrs,0,0,1,
121,181479,504.10833333333335,1,NORMAL,N,Normal beat,qrs_peak,qrs,0,0,0,
121,181549,504.3027777777778,40,WFOFF,),Waveform end,qrs_offset,qrs,0,0,1,
121,181891,505.2527777777778,1,NORMAL,N,Normal beat,qrs_peak,qrs,0,0,0,
121,181896,505.26666666666665,39,WFON,(,Waveform onset,qrs_onset,qrs,0,0,1,
121,181940,505.3888888888889,40,WFOFF,),Waveform end,qrs_offset,qrs,0,0,1,
121,181979,505.4972222222222,39,WFON,(,Waveform onset,t_onset,t,0,0,2,
121,182000,505.55555555555554,27,TWAVE,t,T-wave peak,t_peak,t,0,0,5,
121,182097,505.825,27,TWAVE,t,T-wave peak,t_peak,t,0,0,5,
121,182124,505.9,40,WFOFF,),Waveform end,t_offset,t,0,0,2,
121,182239,506.21944444444443,39,WFON,(,Waveform onset,qrs_onset,qrs,0,0,1,
121,182249,506.2472222222222,1,NORMAL,N,Normal beat,qrs_peak,qrs,0,0,0,
121,182277,506.325,40,WFOFF,),Waveform end,qrs_offset,qrs,0,0,1,
121,182538,507.05,39,WFON,(,Waveform onset,qrs_onset,qrs,0,0,1,
121,182572,507.14444444444445,1,NORMAL,N,Normal beat,qrs_peak,qrs,0,0,0,
121,182637,507.325,40,WFOFF,),Waveform end,qrs_offset,qrs,0,0,1,
121,182885,508.0138888888889,39,WFON,(,Waveform onset,qrs_onset,qrs,0,0,1,
121,182921,508.1138888888889,1,NORMAL,N,Normal beat,qrs_peak,qrs,0,0,0,
121,182988,508.3,40,WFOFF,),Waveform end,qrs_offset,qrs,0,0,1,
121,183233,508.98055555555555,39,WFON,(,Waveform onset,qrs_onset,qrs,0,0,1,
121,183269,509.0805555555556,1,NORMAL,N,Normal beat,qrs_peak,qrs,0,0,0,
121,183340,509.27777777777777,40,WFOFF,),Waveform end,qrs_offset,qrs,0,0,1,
121,183593,509.98055555555555,39,WFON,(,Waveform onset,qrs_onset,qrs,0,0,1,
121,183618,510.05,1,NORMAL,N,Normal beat,qrs_peak,qrs,0,0,0,
121,183684,510.23333333333335,40,WFOFF,),Waveform end,qrs_offset,qrs,0,0,1,
121,183942,510.95,39,WFON,(,Waveform onset,qrs_onset,qrs,0,0,1,
121,183965,511.0138888888889,1,NORMAL,N,Normal beat,qrs_peak,qrs,0,0,0,
121,184031,511.1972222222222,40,WFOFF,),Waveform end,qrs_offset,qrs,0,0,1,
121,184290,511.9166666666667,39,WFON,(,Waveform onset,qrs_onset,qrs,0,0,1,
121,184313,511.98055555555555,1,NORMAL,N,Normal beat,qrs_peak,qrs,0,0,0,
121,184382,512.1722222222222,40,WFOFF,),Waveform end,qrs_offset,qrs,0,0,1,
121,184626,512.85,39,WFON,(,Waveform onset,qrs_onset,qrs,0,0,1,
121,184662,512.95,1,NORMAL,N,Normal beat,qrs_peak,qrs,0,0,0,
121,184727,513.1305555555556,40,WFOFF,),Waveform end,qrs_offset,qrs,0,0,1,
121,184969,513.8027777777778,39,WFON,(,Waveform onset,qrs_onset,qrs,0,0,1,
121,184999,513.8861111111111,1,NORMAL,N,Normal beat,qrs_peak,qrs,0,0,0,
121,185067,514.075,40,WFOFF,),Waveform end,qrs_offset,qrs,0,0,1,
121,185322,514.7833333333333,39,WFON,(,Waveform onset,qrs_onset,qrs,0,0,1,
121,185347,514.8527777777778,1,NORMAL,N,Normal beat,qrs_peak,qrs,0,0,0,
121,185436,515.1,40,WFOFF,),Waveform end,qrs_offset,qrs,0,0,1,
121,185485,515.2361111111111,39,WFON,(,Waveform onset,t_onset,t,0,0,2,
121,185509,515.3027777777778,27,TWAVE,t,T-wave peak,t_peak,t,0,0,0,
121,185545,515.4027777777778,40,WFOFF,),Waveform end,t_offset,t,0,0,2,
121,185670,515.75,39,WFON,(,Waveform onset,qrs_onset,qrs,0,0,1,
121,185695,515.8194444444445,1,NORMAL,N,Normal beat,qrs_peak,qrs,0,0,0,
121,185764,516.0111111111111,40,WFOFF,),Waveform end,qrs_offset,qrs,0,0,1,
121,186029,516.7472222222223,39,WFON,(,Waveform onset,qrs_onset,qrs,0,0,1,
121,186040,516.7777777777778,1,NORMAL,N,Normal beat,qrs_peak,qrs,0,0,0,
121,186119,516.9972222222223,40,WFOFF,),Waveform end,qrs_offset,qrs,0,0,1,
121,186135,517.0416666666666,39,WFON,(,Waveform onset,t_onset,t,0,0,2,
121,186201,517.225,27,TWAVE,t,T-wave peak,t_peak,t,0,0,0,
121,186233,517.3138888888889,40,WFOFF,),Waveform end,t_offset,t,0,0,2,
121,186354,517.65,39,WFON,(,Waveform onset,qrs_onset,qrs,0,0,1,
121,186393,517.7583333333333,1,NORMAL,N,Normal beat,qrs_peak,qrs,0,0,0,
121,186458,517.9388888888889,40,WFOFF,),Waveform end,qrs_offset,qrs,0,0,1,
121,186722,518.6722222222222,39,WFON,(,Waveform onset,qrs_onset,qrs,0,0,1,
121,186740,518.7222222222222,1,NORMAL,N,Normal beat,qrs_peak,qrs,0,0,0,
121,186830,518.9722222222222,40,WFOFF,),Waveform end,qrs_offset,qrs,0,0,1,
121,186876,519.1,39,WFON,(,Waveform onset,t_onset,t,0,0,2,
121,186903,519.175,27,TWAVE,t,T-wave peak,t_peak,t,0,0,0,
121,186937,519.2694444444444,40,WFOFF,),Waveform end,t_offset,t,0,0,2,
121,187126,519.7944444444445,39,WFON,(,Waveform onset,qrs_onset,qrs,0,0,1,
121,187135,519.8194444444445,1,NORMAL,N,Normal beat,qrs_peak,qrs,0,0,0,
121,187163,519.8972222222222,40,WFOFF,),Waveform end,qrs_offset,qrs,0,0,1,
121,187424,520.6222222222223,39,WFON,(,Waveform onset,qrs_onset,qrs,0,0,1,
121,187459,520.7194444444444,1,NORMAL,N,Normal beat,qrs_peak,qrs,0,0,0,
121,187525,520.9027777777778,40,WFOFF,),Waveform end,qrs_offset,qrs,0,0,1,
121,187776,521.6,39,WFON,(,Waveform onset,qrs_onset,qrs,0,0,1,
121,187819,521.7194444444444,1,NORMAL,N,Normal beat,qrs_peak,qrs,0,0,0,
121,187885,521.9027777777778,40,WFOFF,),Waveform end,qrs_offset,qrs,0,0,1,
121,188156,522.6555555555556,39,WFON,(,Waveform onset,qrs_onset,qrs,0,0,1,
121,188168,522.6888888888889,1,NORMAL,N,Normal beat,qrs_peak,qrs,0,0,0,
121,188239,522.8861111111111,40,WFOFF,),Waveform end,qrs_offset,qrs,0,0,1,
121,188516,523.6555555555556,39,WFON,(,Waveform onset,qrs_onset,qrs,0,0,1,
121,188540,523.7222222222222,1,NORMAL,N,Normal beat,qrs_peak,qrs,0,0,0,
121,188610,523.9166666666666,40,WFOFF,),Waveform end,qrs_offset,qrs,0,0,1,
121,188864,524.6222222222223,39,WFON,(,Waveform onset,qrs_onset,qrs,0,0,1,
121,188901,524.725,1,NORMAL,N,Normal beat,qrs_peak,qrs,0,0,0,
121,188971,524.9194444444445,40,WFOFF,),Waveform end,qrs_offset,qrs,0,0,1,
121,189273,525.7583333333333,39,WFON,(,Waveform onset,qrs_onset,qrs,0,0,1,
121,189284,525.7888888888889,1,NORMAL,N,Normal beat,qrs_peak,qrs,0,0,0,
121,189311,525.8638888888889,40,WFOFF,),Waveform end,qrs_offset,qrs,0,0,1,
121,189560,526.5555555555555,39,WFON,(,Waveform onset,qrs_onset,qrs,0,0,1,
121,189596,526.6555555555556,1,NORMAL,N,Normal beat,qrs_peak,qrs,0,0,0,
121,189671,526.8638888888889,40,WFOFF,),Waveform end,qrs_offset,qrs,0,0,1,
121,189724,527.0111111111111,39,WFON,(,Waveform onset,t_onset,t,0,0,2,
121,189756,527.1,27,TWAVE,t,T-wave peak,t_peak,t,0,0,0,
121,189788,527.1888888888889,40,WFOFF,),Waveform end,t_offset,t,0,0,2,
121,189927,527.575,39,WFON,(,Waveform onset,qrs_onset,qrs,0,0,1,
121,189945,527.625,1,NORMAL,N,Normal beat,qrs_peak,qrs,0,0,0,
121,190015,527.8194444444445,40,WFOFF,),Waveform end,qrs_offset,qrs,0,0,1,
121,190256,528.4888888888889,39,WFON,(,Waveform onset,qrs_onset,qrs,0,0,1,
121,190303,528.6194444444444,1,NORMAL,N,Normal beat,qrs_peak,qrs,0,0,0,
121,190374,528.8166666666667,40,WFOFF,),Waveform end,qrs_offset,qrs,0,0,1,
121,190630,529.5277777777778,39,WFON,(,Waveform onset,qrs_onset,qrs,0,0,1,
121,190663,529.6194444444444,1,NORMAL,N,Normal beat,qrs_peak,qrs,0,0,0,
121,190731,529.8083333333333,40,WFOFF,),Waveform end,qrs_offset,qrs,0,0,1,
121,190978,530.4944444444444,39,WFON,(,Waveform onset,qrs_onset,qrs,0,0,1,
121,191014,530.5944444444444,1,NORMAL,N,Normal beat,qrs_peak,qrs,0,0,0,
121,191080,530.7777777777778,40,WFOFF,),Waveform end,qrs_offset,qrs,0,0,1,
121,191338,531.4944444444444,39,WFON,(,Waveform onset,qrs_onset,qrs,0,0,1,
121,191371,531.5861111111111,1,NORMAL,N,Normal beat,qrs_peak,qrs,0,0,0,
121,191438,531.7722222222222,40,WFOFF,),Waveform end,qrs_offset,qrs,0,0,1,
121,191668,532.4111111111112,39,WFON,(,Waveform onset,qrs_onset,qrs,0,0,1,
121,191728,532.5777777777778,1,NORMAL,N,Normal beat,qrs_peak,qrs,0,0,0,
121,191796,532.7666666666667,40,WFOFF,),Waveform end,qrs_offset,qrs,0,0,1,
121,192057,533.4916666666667,39,WFON,(,Waveform onset,qrs_onset,qrs,0,0,1,
121,192085,533.5694444444445,1,NORMAL,N,Normal beat,qrs_peak,qrs,0,0,0,
121,192151,533.7527777777777,40,WFOFF,),Waveform end,qrs_offset,qrs,0,0,1,
121,192152,533.7555555555556,39,WFON,(,Waveform onset,t_onset,t,0,0,2,
121,192225,533.9583333333334,27,TWAVE,t,T-wave peak,t_peak,t,0,0,1,
121,192297,534.1583333333333,40,WFOFF,),Waveform end,t_offset,t,0,0,2,
121,192419,534.4972222222223,39,WFON,(,Waveform onset,qrs_onset,qrs,0,0,1,
121,192431,534.5305555555556,1,NORMAL,N,Normal beat,qrs_peak,qrs,0,0,0,
121,192502,534.7277777777778,40,WFOFF,),Waveform end,qrs_offset,qrs,0,0,1,
121,192503,534.7305555555556,27,TWAVE,t,T-wave peak,t_peak,t,0,0,3,
121,192527,534.7972222222222,40,WFOFF,),Waveform end,t_offset,t,0,0,2,
121,192761,535.4472222222222,39,WFON,(,Waveform onset,qrs_onset,qrs,0,0,1,
121,192792,535.5333333333333,1,NORMAL,N,Normal beat,qrs_peak,qrs,0,0,0,
121,192858,535.7166666666667,40,WFOFF,),Waveform end,qrs_offset,qrs,0,0,1,
121,193128,536.4666666666667,39,WFON,(,Waveform onset,qrs_onset,qrs,0,0,1,
121,193149,536.525,1,NORMAL,N,Normal beat,qrs_peak,qrs,0,0,0,
121,193219,536.7194444444444,40,WFOFF,),Waveform end,qrs_offset,qrs,0,0,1,
121,193550,537.6388888888889,39,WFON,(,Waveform onset,qrs_onset,qrs,0,0,1,
121,193561,537.6694444444445,1,NORMAL,N,Normal beat,qrs_peak,qrs,0,0,0,
121,193635,537.875,40,WFOFF,),Waveform end,qrs_offset,qrs,0,0,1,
121,193662,537.95,39,WFON,(,Waveform onset,t_onset,t,0,0,2,
121,193684,538.0111111111111,27,TWAVE,t,T-wave peak,t_peak,t,0,0,5,
121,193761,538.225,27,TWAVE,t,T-wave peak,t_peak,t,0,0,5,
121,193816,538.3777777777777,40,WFOFF,),Waveform end,t_offset,t,0,0,2,
121,193918,538.6611111111112,1,NORMAL,N,Normal beat,qrs_peak,qrs,0,0,0,
121,193926,538.6833333333333,39,WFON,(,Waveform onset,qrs_onset,qrs,0,0,1,
121,193973,538.8138888888889,40,WFOFF,),Waveform end,qrs_offset,qrs,0,0,1,
121,194009,538.9138888888889,39,WFON,(,Waveform onset,t_onset,t,0,0,2,
121,194033,538.9805555555556,27,TWAVE,t,T-wave peak,t_peak,t,0,0,0,
121,194074,539.0944444444444,40,WFOFF,),Waveform end,t_offset,t,0,0,2,
121,194194,539.4277777777778,39,WFON,(,Waveform onset,qrs_onset,qrs,0,0,1,
121,194231,539.5305555555556,1,NORMAL,N,Normal beat,qrs_peak,qrs,0,0,0,
121,194296,539.7111111111111,40,WFOFF,),Waveform end,qrs_offset,qrs,0,0,1,
121,194562,540.45,39,WFON,(,Waveform onset,qrs_onset,qrs,0,0,1,
121,194593,540.5361111111112,1,NORMAL,N,Normal beat,qrs_peak,qrs,0,0,0,
121,194661,540.725,40,WFOFF,),Waveform end,qrs_offset,qrs,0,0,1,
121,194663,540.7305555555556,27,TWAVE,t,T-wave peak,t_peak,t,0,0,3,
121,194684,540.7888888888889,40,WFOFF,),Waveform end,t_offset,t,0,0,2,
121,194922,541.45,39,WFON,(,Waveform onset,qrs_onset,qrs,0,0,1,
121,194952,541.5333333333333,1,NORMAL,N,Normal beat,qrs_peak,qrs,0,0,0,
121,195017,541.7138888888888,40,WFOFF,),Waveform end,qrs_offset,qrs,0,0,1,
121,195270,542.4166666666666,39,WFON,(,Waveform onset,qrs_onset,qrs,0,0,1,
121,195299,542.4972222222223,1,NORMAL,N,Normal beat,qrs_peak,qrs,0,0,0,
121,195365,542.6805555555555,40,WFOFF,),Waveform end,qrs_offset,qrs,0,0,1,
121,195624,543.4,39,WFON,(,Waveform onset,qrs_onset,qrs,0,0,1,
121,195650,543.4722222222222,1,NORMAL,N,Normal beat,qrs_peak,qrs,0,0,0,
121,195740,543.7222222222222,40,WFOFF,),Waveform end,qrs_offset,qrs,0,0,1,
121,195786,543.85,39,WFON,(,Waveform onset,t_onset,t,0,0,2,
121,195813,543.925,27,TWAVE,t,T-wave peak,t_peak,t,0,0,0,
121,195849,544.025,40,WFOFF,),Waveform end,t_offset,t,0,0,2,
121,195973,544.3694444444444,39,WFON,(,Waveform onset,qrs_onset,qrs,0,0,1,
121,196006,544.4611111111111,1,NORMAL,N,Normal beat,qrs_peak,qrs,0,0,0,
121,196083,544.675,40,WFOFF,),Waveform end,qrs_offset,qrs,0,0,1,
121,196148,544.8555555555556,39,WFON,(,Waveform onset,t_onset,t,0,0,2,
121,196166,544.9055555555556,27,TWAVE,t,T-wave peak,t_peak,t,0,0,0,
121,196201,545.0027777777777,40,WFOFF,),Waveform end,t_offset,t,0,0,2,
121,196333,545.3694444444444,39,WFON,(,Waveform onset,qrs_onset,qrs,0,0,1,
121,196368,545.4666666666667,1,NORMAL,N,Normal beat,qrs_peak,qrs,0,0,0,
121,196437,545.6583333333333,40,WFOFF,),Waveform end,qrs_offset,qrs,0,0,1,
121,196705,546.4027777777778,39,WFON,(,Waveform onset,qrs_onset,qrs,0,0,1,
121,196731,546.475,1,NORMAL,N,Normal beat,qrs_peak,qrs,0,0,0,
121,196799,546.6638888888889,40,WFOFF,),Waveform end,qrs_offset,qrs,0,0,1,
121,197126,547.5722222222222,39,WFON,(,Waveform onset,qrs_onset,qrs,0,0,1,
121,197136,547.6,1,NORMAL,N,Normal beat,qrs_peak,qrs,0,0,0,
121,197165,547.6805555555555,40,WFOFF,),Waveform end,qrs_offset,qrs,0,0,1,
121,197510,548.6388888888889,1,NORMAL,N,Normal beat,qrs_peak,qrs,0,0,0,
121,197510,548.6388888888889,39,WFON,(,Waveform onset,qrs_onset,qrs,0,0,1,
121,197551,548.7527777777777,40,WFOFF,),Waveform end,qrs_offset,qrs,0,0,1,
121,197615,548.9305555555555,39,WFON,(,Waveform onset,t_onset,t,0,0,2,
121,197632,548.9777777777778,27,TWAVE,t,T-wave peak,t_peak,t,0,0,5,
121,197721,549.225,27,TWAVE,t,T-wave peak,t_peak,t,0,0,5,
121,197763,549.3416666666667,40,WFOFF,),Waveform end,t_offset,t,0,0,2,
121,197882,549.6722222222222,1,NORMAL,N,Normal beat,qrs_peak,qrs,0,0,0,
121,197893,549.7027777777778,39,WFON,(,Waveform onset,qrs_onset,qrs,0,0,1,
121,197929,549.8027777777778,40,WFOFF,),Waveform end,qrs_offset,qrs,0,0,1,
121,197937,549.825,39,WFON,(,Waveform onset,t_onset,t,0,0,2,
121,197998,549.9944444444444,27,TWAVE,t,T-wave peak,t_peak,t,0,0,5,
121,198083,550.2305555555556,27,TWAVE,t,T-wave peak,t_peak,t,0,0,5,
121,198092,550.2555555555556,40,WFOFF,),Waveform end,t_offset,t,0,0,2,
121,198170,550.4722222222222,39,WFON,(,Waveform onset,qrs_onset,qrs,0,0,1,
121,198206,550.5722222222222,1,NORMAL,N,Normal beat,qrs_peak,qrs,0,0,0,
121,198277,550.7694444444444,40,WFOFF,),Waveform end,qrs_offset,qrs,0,0,1,
121,198296,550.8222222222222,39,WFON,(,Waveform onset,t_onset,t,0,0,2,
121,198356,550.9888888888889,27,TWAVE,t,T-wave peak,t_peak,t,0,0,0,
121,198395,551.0972222222222,40,WFOFF,),Waveform end,t_offset,t,0,0,2,
121,198609,551.6916666666667,39,WFON,(,Waveform onset,qrs_onset,qrs,0,0,1,
121,198636,551.7666666666667,1,NORMAL,N,Normal beat,qrs_peak,qrs,0,0,0,
121,198651,551.8083333333333,40,WFOFF,),Waveform end,qrs_offset,qrs,0,0,1,
121,198658,551.8277777777778,39,WFON,(,Waveform onset,t_onset,t,0,0,2,
121,198730,552.0277777777778,27,TWAVE,t,T-wave peak,t_peak,t,0,0,5,
121,198816,552.2666666666667,27,TWAVE,t,T-wave peak,t_peak,t,0,0,5,
121,198869,552.4138888888889,40,WFOFF,),Waveform end,t_offset,t,0,0,2,
121,198983,552.7305555555556,39,WFON,(,Waveform onset,qrs_onset,qrs,0,0,1,
121,199001,552.7805555555556,1,NORMAL,N,Normal beat,qrs_peak,qrs,0,0,0,
121,199016,552.8222222222222,40,WFOFF,),Waveform end,qrs_offset,qrs,0,0,1,
121,199024,552.8444444444444,39,WFON,(,Waveform onset,t_onset,t,0,0,2,
121,199088,553.0222222222222,27,TWAVE,t,T-wave peak,t_peak,t,0,0,5,
121,199216,553.3777777777777,27,TWAVE,t,T-wave peak,t_peak,t,0,0,5,
121,199228,553.4111111111112,40,WFOFF,),Waveform end,t_offset,t,0,0,2,
121,199343,553.7305555555556,39,WFON,(,Waveform onset,qrs_onset,qrs,0,0,1,
121,199365,553.7916666666666,1,NORMAL,N,Normal beat,qrs_peak,qrs,0,0,0,
121,199387,553.8527777777778,40,WFOFF,),Waveform end,qrs_offset,qrs,0,0,1,
121,199420,553.9444444444445,39,WFON,(,Waveform onset,t_onset,t,0,0,2,
121,199459,554.0527777777778,27,TWAVE,t,T-wave peak,t_peak,t,0,0,0,
121,199509,554.1916666666667,40,WFOFF,),Waveform end,t_offset,t,0,0,2,
121,199714,554.7611111111111,39,WFON,(,Waveform onset,qrs_onset,qrs,0,0,1,
121,199733,554.8138888888889,1,NORMAL,N,Normal beat,qrs_peak,qrs,0,0,0,
121,199746,554.85,40,WFOFF,),Waveform end,qrs_offset,qrs,0,0,1,
121,199777,554.9361111111111,39,WFON,(,Waveform onset,t_onset,t,0,0,2,
121,199819,555.0527777777778,27,TWAVE,t,T-wave peak,t_peak,t,0,0,5,
121,199911,555.3083333333333,27,TWAVE,t,T-wave peak,t_peak,t,0,0,5,
121,199960,555.4444444444445,40,WFOFF,),Waveform end,t_offset,t,0,0,2,
121,200074,555.7611111111111,39,WFON,(,Waveform onset,qrs_onset,qrs,0,0,1,
121,200095,555.8194444444445,1,NORMAL,N,Normal beat,qrs_peak,qrs,0,0,0,
121,200111,555.8638888888889,40,WFOFF,),Waveform end,qrs_offset,qrs,0,0,1,
121,200136,555.9333333333333,39,WFON,(,Waveform onset,t_onset,t,0,0,2,
121,200181,556.0583333333333,27,TWAVE,t,T-wave peak,t_peak,t,0,0,5,
121,200269,556.3027777777778,27,TWAVE,t,T-wave peak,t_peak,t,0,0,5,
121,200290,556.3611111111111,40,WFOFF,),Waveform end,t_offset,t,0,0,2,
121,200435,556.7638888888889,39,WFON,(,Waveform onset,qrs_onset,qrs,0,0,1,
121,200456,556.8222222222222,1,NORMAL,N,Normal beat,qrs_peak,qrs,0,0,0,
121,200479,556.8861111111111,40,WFOFF,),Waveform end,qrs_offset,qrs,0,0,1,
121,200531,557.0305555555556,39,WFON,(,Waveform onset,t_onset,t,0,0,2,
121,200552,557.0888888888888,27,TWAVE,t,T-wave peak,t_peak,t,0,0,5,
121,200650,557.3611111111111,27,TWAVE,t,T-wave peak,t_peak,t,0,0,5,
121,200673,557.425,40,WFOFF,),Waveform end,t_offset,t,0,0,2,
121,200805,557.7916666666666,39,WFON,(,Waveform onset,qrs_onset,qrs,0,0,1,
121,200825,557.8472222222222,1,NORMAL,N,Normal beat,qrs_peak,qrs,0,0,0,
121,200853,557.925,40,WFOFF,),Waveform end,qrs_offset,qrs,0,0,1,
121,200870,557.9722222222222,39,WFON,(,Waveform onset,t_onset,t,0,0,2,
121,200915,558.0972222222222,27,TWAVE,t,T-wave peak,t_peak,t,0,0,5,
121,201005,558.3472222222222,27,TWAVE,t,T-wave peak,t_peak,t,0,0,5,
121,201021,558.3916666666667,40,WFOFF,),Waveform end,t_offset,t,0,0,2,
121,201165,558.7916666666666,39,WFON,(,Waveform onset,qrs_onset,qrs,0,0,1,
121,201193,558.8694444444444,1,NORMAL,N,Normal beat,qrs_peak,qrs,0,0,0,
121,201207,558.9083333333333,40,WFOFF,),Waveform end,qrs_offset,qrs,0,0,1,
121,201250,559.0277777777778,39,WFON,(,Waveform onset,t_onset,t,0,0,2,
121,201279,559.1083333333333,27,TWAVE,t,T-wave peak,t_peak,t,0,0,5,
121,201365,559.3472222222222,27,TWAVE,t,T-wave peak,t_peak,t,0,0,5,
121,201428,559.5222222222222,40,WFOFF,),Waveform end,t_offset,t,0,0,2,
121,201532,559.8111111111111,39,WFON,(,Waveform onset,qrs_onset,qrs,0,0,1,
121,201551,559.8638888888889,1,NORMAL,N,Normal beat,qrs_peak,qrs,0,0,0,
121,201567,559.9083333333333,40,WFOFF,),Waveform end,qrs_offset,qrs,0,0,1,
121,201624,560.0666666666667,39,WFON,(,Waveform onset,t_onset,t,0,0,2,
121,201644,560.1222222222223,27,TWAVE,t,T-wave peak,t_peak,t,0,0,5,
121,201747,560.4083333333333,27,TWAVE,t,T-wave peak,t_peak,t,0,0,5,
121,201765,560.4583333333334,40,WFOFF,),Waveform end,t_offset,t,0,0,2,
121,201897,560.825,39,WFON,(,Waveform onset,qrs_onset,qrs,0,0,1,
121,201917,560.8805555555556,1,NORMAL,N,Normal beat,qrs_peak,qrs,0,0,0,
121,201945,560.9583333333334,40,WFOFF,),Waveform end,qrs_offset,qrs,0,0,1,
121,201951,560.975,39,WFON,(,Waveform onset,t_onset,t,0,0,2,
121,202009,561.1361111111111,27,TWAVE,t,T-wave peak,t_peak,t,0,0,5,
121,202119,561.4416666666667,27,TWAVE,t,T-wave peak,t_peak,t,0,0,5,
121,202145,561.5138888888889,40,WFOFF,),Waveform end,t_offset,t,0,0,2,
121,202247,561.7972222222222,39,WFON,(,Waveform onset,qrs_onset,qrs,0,0,1,
121,202269,561.8583333333333,1,NORMAL,N,Normal beat,qrs_peak,qrs,0,0,0,
121,202292,561.9222222222222,40,WFOFF,),Waveform end,qrs_offset,qrs,0,0,1,
121,202311,561.975,39,WFON,(,Waveform onset,t_onset,t,0,0,2,
121,202363,562.1194444444444,27,TWAVE,t,T-wave peak,t_peak,t,0,0,5,
121,202467,562.4083333333333,27,TWAVE,t,T-wave peak,t_peak,t,0,0,5,
121,202497,562.4916666666667,40,WFOFF,),Waveform end,t_offset,t,0,0,2,
121,202604,562.7888888888889,39,WFON,(,Waveform onset,qrs_onset,qrs,0,0,1,
121,202623,562.8416666666667,1,NORMAL,N,Normal beat,qrs_peak,qrs,0,0,0,
121,202642,562.8944444444444,40,WFOFF,),Waveform end,qrs_offset,qrs,0,0,1,
121,202667,562.9638888888888,39,WFON,(,Waveform onset,t_onset,t,0,0,2,
121,202715,563.0972222222222,27,TWAVE,t,T-wave peak,t_peak,t,0,0,5,
121,202809,563.3583333333333,27,TWAVE,t,T-wave peak,t_peak,t,0,0,5,
121,202821,563.3916666666667,40,WFOFF,),Waveform end,t_offset,t,0,0,2,
121,202954,563.7611111111111,39,WFON,(,Waveform onset,qrs_onset,qrs,0,0,1,
121,202981,563.8361111111111,1,NORMAL,N,Normal beat,qrs_peak,qrs,0,0,0,
121,203003,563.8972222222222,40,WFOFF,),Waveform end,qrs_offset,qrs,0,0,1,
121,203042,564.0055555555556,39,WFON,(,Waveform onset,t_onset,t,0,0,2,
121,203072,564.0888888888888,27,TWAVE,t,T-wave peak,t_peak,t,0,0,5,
121,203175,564.375,27,TWAVE,t,T-wave peak,t_peak,t,0,0,5,
121,203202,564.45,40,WFOFF,),Waveform end,t_offset,t,0,0,2,
121,203315,564.7638888888889,39,WFON,(,Waveform onset,qrs_onset,qrs,0,0,1,
121,203339,564.8305555555555,1,NORMAL,N,Normal beat,qrs_peak,qrs,0,0,0,
121,203362,564.8944444444444,40,WFOFF,),Waveform end,qrs_offset,qrs,0,0,1,
121,203364,564.9,39,WFON,(,Waveform onset,t_onset,t,0,0,2,
121,203430,565.0833333333334,27,TWAVE,t,T-wave peak,t_peak,t,0,0,5,
121,203559,565.4416666666667,27,TWAVE,t,T-wave peak,t_peak,t,0,0,5,
121,203567,565.4638888888888,40,WFOFF,),Waveform end,t_offset,t,0,0,2,
121,203687,565.7972222222222,39,WFON,(,Waveform onset,qrs_onset,qrs,0,0,1,
121,203707,565.8527777777778,1,NORMAL,N,Normal beat,qrs_peak,qrs,0,0,0,
121,203734,565.9277777777778,40,WFOFF,),Waveform end,qrs_offset,qrs,0,0,1,
121,203771,566.0305555555556,39,WFON,(,Waveform onset,t_onset,t,0,0,2,
121,203798,566.1055555555556,27,TWAVE,t,T-wave peak,t_peak,t,0,0,5,
121,203904,566.4,27,TWAVE,t,T-wave peak,t_peak,t,0,0,5,
121,203935,566.4861111111111,40,WFOFF,),Waveform end,t_offset,t,0,0,2,
121,204047,566.7972222222222,39,WFON,(,Waveform onset,qrs_onset,qrs,0,0,1,
121,204075,566.875,1,NORMAL,N,Normal beat,qrs_peak,qrs,0,0,0,
121,204095,566.9305555555555,40,WFOFF,),Waveform end,qrs_offset,qrs,0,0,1,
121,204146,567.0722222222222,39,WFON,(,Waveform onset,t_onset,t,0,0,2,
121,204166,567.1277777777777,27,TWAVE,t,T-wave peak,t_peak,t,0,0,5,
121,204269,567.4138888888889,27,TWAVE,t,T-wave peak,t_peak,t,0,0,5,
121,204299,567.4972222222223,40,WFOFF,),Waveform end,t_offset,t,0,0,2,
121,204419,567.8305555555555,39,WFON,(,Waveform onset,qrs_onset,qrs,0,0,1,
121,204437,567.8805555555556,1,NORMAL,N,Normal beat,qrs_peak,qrs,0,0,0,
121,204451,567.9194444444445,40,WFOFF,),Waveform end,qrs_offset,qrs,0,0,1,
121,204469,567.9694444444444,39,WFON,(,Waveform onset,t_onset,t,0,0,2,
121,204530,568.1388888888889,27,TWAVE,t,T-wave peak,t_peak,t,0,0,5,
121,204687,568.575,27,TWAVE,t,T-wave peak,t_peak,t,0,0,5,
121,204696,568.6,40,WFOFF,),Waveform end,t_offset,t,0,0,2,
121,204789,568.8583333333333,39,WFON,(,Waveform onset,qrs_onset,qrs,0,0,1,
121,204809,568.9138888888889,1,NORMAL,N,Normal beat,qrs_peak,qrs,0,0,0,
121,204823,568.9527777777778,40,WFOFF,),Waveform end,qrs_offset,qrs,0,0,1,
121,204843,569.0083333333333,39,WFON,(,Waveform onset,t_onset,t,0,0,2,
121,204900,569.1666666666666,27,TWAVE,t,T-wave peak,t_peak,t,0,0,5,
121,205034,569.5388888888889,27,TWAVE,t,T-wave peak,t_peak,t,0,0,5,
121,205053,569.5916666666667,40,WFOFF,),Waveform end,t_offset,t,0,0,2,
121,205158,569.8833333333333,39,WFON,(,Waveform onset,qrs_onset,qrs,0,0,1,
121,205176,569.9333333333333,1,NORMAL,N,Normal beat,qrs_peak,qrs,0,0,0,
121,205193,569.9805555555556,40,WFOFF,),Waveform end,qrs_offset,qrs,0,0,1,
121,205248,570.1333333333333,39,WFON,(,Waveform onset,t_onset,t,0,0,2,
121,205271,570.1972222222222,27,TWAVE,t,T-wave peak,t_peak,t,0,0,5,
121,205355,570.4305555555555,27,TWAVE,t,T-wave peak,t_peak,t,0,0,5,
121,205416,570.6,40,WFOFF,),Waveform end,t_offset,t,0,0,2,
121,205523,570.8972222222222,39,WFON,(,Waveform onset,qrs_onset,qrs,0,0,1,
121,205538,570.9388888888889,1,NORMAL,N,Normal beat,qrs_peak,qrs,0,0,0,
121,205571,571.0305555555556,40,WFOFF,),Waveform end,qrs_offset,qrs,0,0,1,
121,205604,571.1222222222223,39,WFON,(,Waveform onset,t_onset,t,0,0,2,
121,205636,571.2111111111111,27,TWAVE,t,T-wave peak,t_peak,t,0,0,5,
121,205737,571.4916666666667,27,TWAVE,t,T-wave peak,t_peak,t,0,0,5,
121,205758,571.55,40,WFOFF,),Waveform end,t_offset,t,0,0,2,
121,205887,571.9083333333333,39,WFON,(,Waveform onset,qrs_onset,qrs,0,0,1,
121,205905,571.9583333333334,1,NORMAL,N,Normal beat,qrs_peak,qrs,0,0,0,
121,205932,572.0333333333333,40,WFOFF,),Waveform end,qrs_offset,qrs,0,0,1,
121,205979,572.1638888888889,39,WFON,(,Waveform onset,t_onset,t,0,0,2,
121,205991,572.1972222222222,27,TWAVE,t,T-wave peak,t_peak,t,0,0,5,
121,206088,572.4666666666667,27,TWAVE,t,T-wave peak,t_peak,t,0,0,5,
121,206144,572.6222222222223,40,WFOFF,),Waveform end,t_offset,t,0,0,2,
121,206245,572.9027777777778,39,WFON,(,Waveform onset,qrs_onset,qrs,0,0,1,
121,206265,572.9583333333334,1,NORMAL,N,Normal beat,qrs_peak,qrs,0,0,0,
121,206291,573.0305555555556,40,WFOFF,),Waveform end,qrs_offset,qrs,0,0,1,
121,206332,573.1444444444444,39,WFON,(,Waveform onset,t_onset,t,0,0,2,
121,206356,573.2111111111111,27,TWAVE,t,T-wave peak,t_peak,t,0,0,5,
121,206461,573.5027777777777,27,TWAVE,t,T-wave peak,t_peak,t,0,0,5,
121,206473,573.5361111111112,40,WFOFF,),Waveform end,t_offset,t,0,0,2,
121,206606,573.9055555555556,39,WFON,(,Waveform onset,qrs_onset,qrs,0,0,1,
121,206632,573.9777777777778,1,NORMAL,N,Normal beat,qrs_peak,qrs,0,0,0,
121,206653,574.0361111111112,40,WFOFF,),Waveform end,qrs_offset,qrs,0,0,1,
121,206667,574.075,39,WFON,(,Waveform onset,t_onset,t,0,0,2,
121,206730,574.25,27,TWAVE,t,T-wave peak,t_peak,t,0,0,5,
121,206861,574.6138888888889,27,TWAVE,t,T-wave peak,t_peak,t,0,0,5,
121,206882,574.6722222222222,40,WFOFF,),Waveform end,t_offset,t,0,0,2,
121,206979,574.9416666666667,39,WFON,(,Waveform onset,qrs_onset,qrs,0,0,1,
121,207001,575.0027777777777,1,NORMAL,N,Normal beat,qrs_peak,qrs,0,0,0,
121,207023,575.0638888888889,40,WFOFF,),Waveform end,qrs_offset,qrs,0,0,1,
121,207052,575.1444444444444,39,WFON,(,Waveform onset,t_onset,t,0,0,2,
121,207094,575.2611111111111,27,TWAVE,t,T-wave peak,t_peak,t,0,0,5,
121,207197,575.5472222222222,27,TWAVE,t,T-wave peak,t_peak,t,0,0,5,
121,207205,575.5694444444445,40,WFOFF,),Waveform end,t_offset,t,0,0,2,
121,207351,575.975,39,WFON,(,Waveform onset,qrs_onset,qrs,0,0,1,
121,207369,576.025,1,NORMAL,N,Normal beat,qrs_peak,qrs,0,0,0,
121,207383,576.0638888888889,40,WFOFF,),Waveform end,qrs_offset,qrs,0,0,1,
121,207436,576.2111111111111,39,WFON,(,Waveform onset,t_onset,t,0,0,2,
121,207458,576.2722222222222,27,TWAVE,t,T-wave peak,t_peak,t,0,0,5,
121,207548,576.5222222222222,27,TWAVE,t,T-wave peak,t_peak,t,0,0,5,
121,207577,576.6027777777778,40,WFOFF,),Waveform end,t_offset,t,0,0,2,
121,207707,576.9638888888888,39,WFON,(,Waveform onset,qrs_onset,qrs,0,0,1,
121,207725,577.0138888888889,1,NORMAL,N,Normal beat,qrs_peak,qrs,0,0,0,
121,207741,577.0583333333333,40,WFOFF,),Waveform end,qrs_offset,qrs,0,0,1,
121,207796,577.2111111111111,39,WFON,(,Waveform onset,t_onset,t,0,0,2,
121,207819,577.275,27,TWAVE,t,T-wave peak,t_peak,t,0,0,0,
121,207856,577.3777777777777,40,WFOFF,),Waveform end,t_offset,t,0,0,2,
121,208067,577.9638888888888,39,WFON,(,Waveform onset,qrs_onset,qrs,0,0,1,
121,208087,578.0194444444444,1,NORMAL,N,Normal beat,qrs_peak,qrs,0,0,0,
121,208101,578.0583333333333,40,WFOFF,),Waveform end,qrs_offset,qrs,0,0,1,
121,208143,578.175,39,WFON,(,Waveform onset,t_onset,t,0,0,2,
121,208178,578.2722222222222,27,TWAVE,t,T-wave peak,t_peak,t,0,0,5,
121,208270,578.5277777777778,27,TWAVE,t,T-wave peak,t_peak,t,0,0,5,
121,208286,578.5722222222222,40,WFOFF,),Waveform end,t_offset,t,0,0,2,
121,208429,578.9694444444444,39,WFON,(,Waveform onset,qrs_onset,qrs,0,0,1,
121,208448,579.0222222222222,1,NORMAL,N,Normal beat,qrs_peak,qrs,0,0,0,
121,208470,579.0833333333334,40,WFOFF,),Waveform end,qrs_offset,qrs,0,0,1,
121,208511,579.1972222222222,39,WFON,(,Waveform onset,t_onset,t,0,0,2,
121,208538,579.2722222222222,27,TWAVE,t,T-wave peak,t_peak,t,0,0,5,
121,208607,579.4638888888888,27,TWAVE,t,T-wave peak,t_peak,t,0,0,5,
121,208680,579.6666666666666,40,WFOFF,),Waveform end,t_offset,t,0,0,2,
121,208797,579.9916666666667,39,WFON,(,Waveform onset,qrs_onset,qrs,0,0,1,
121,208817,580.0472222222222,1,NORMAL,N,Normal beat,qrs_peak,qrs,0,0,0,
121,208832,580.0888888888888,40,WFOFF,),Waveform end,qrs_offset,qrs,0,0,1,
121,208880,580.2222222222222,39,WFON,(,Waveform onset,t_onset,t,0,0,2,
121,208909,580.3027777777778,27,TWAVE,t,T-wave peak,t_peak,t,0,0,0,
121,208946,580.4055555555556,40,WFOFF,),Waveform end,t_offset,t,0,0,2,
121,209161,581.0027777777777,39,WFON,(,Waveform onset,qrs_onset,qrs,0,0,1,
121,209181,581.0583333333333,1,NORMAL,N,Normal beat,qrs_peak,qrs,0,0,0,
121,209194,581.0944444444444,40,WFOFF,),Waveform end,qrs_offset,qrs,0,0,1,
121,209237,581.2138888888888,39,WFON,(,Waveform onset,t_onset,t,0,0,2,
121,209270,581.3055555555555,27,TWAVE,t,T-wave peak,t_peak,t,0,0,5,
121,209381,581.6138888888889,27,TWAVE,t,T-wave peak,t_peak,t,0,0,5,
121,209404,581.6777777777778,40,WFOFF,),Waveform end,t_offset,t,0,0,2,
121,209523,582.0083333333333,39,WFON,(,Waveform onset,qrs_onset,qrs,0,0,1,
121,209546,582.0722222222222,1,NORMAL,N,Normal beat,qrs_peak,qrs,0,0,0,
121,209570,582.1388888888889,40,WFOFF,),Waveform end,qrs_offset,qrs,0,0,1,
121,209597,582.2138888888888,39,WFON,(,Waveform onset,t_onset,t,0,0,2,
121,209640,582.3333333333334,27,TWAVE,t,T-wave peak,t_peak,t,0,0,5,
121,209755,582.6527777777778,27,TWAVE,t,T-wave peak,t_peak,t,0,0,5,
121,209784,582.7333333333333,40,WFOFF,),Waveform end,t_offset,t,0,0,2,
121,209908,583.0777777777778,39,WFON,(,Waveform onset,qrs_onset,qrs,0,0,1,
121,209925,583.125,1,NORMAL,N,Normal beat,qrs_peak,qrs,0,0,0,
121,209938,583.1611111111112,40,WFOFF,),Waveform end,qrs_offset,qrs,0,0,1,
121,209991,583.3083333333333,39,WFON,(,Waveform onset,t_onset,t,0,0,2,
121,210015,583.375,27,TWAVE,t,T-wave peak,t_peak,t,0,0,5,
121,210160,583.7777777777778,27,TWAVE,t,T-wave peak,t_peak,t,0,0,5,
121,210171,583.8083333333333,40,WFOFF,),Waveform end,t_offset,t,0,0,2,
121,210280,584.1111111111111,39,WFON,(,Waveform onset,qrs_onset,qrs,0,0,1,
121,210300,584.1666666666666,1,NORMAL,N,Normal beat,qrs_peak,qrs,0,0,0,
121,210325,584.2361111111111,40,WFOFF,),Waveform end,qrs_offset,qrs,0,0,1,
121,210368,584.3555555555556,39,WFON,(,Waveform onset,t_onset,t,0,0,2,
121,210394,584.4277777777778,27,TWAVE,t,T-wave peak,t_peak,t,0,0,5,
121,210514,584.7611111111111,27,TWAVE,t,T-wave peak,t_peak,t,0,0,5,
121,210553,584.8694444444444,40,WFOFF,),Waveform end,t_offset,t,0,0,2,
121,210655,585.1527777777778,39,WFON,(,Waveform onset,qrs_onset,qrs,0,0,1,
121,210675,585.2083333333334,1,NORMAL,N,Normal beat,qrs_peak,qrs,0,0,0,
121,210698,585.2722222222222,40,WFOFF,),Waveform end,qrs_offset,qrs,0,0,1,
121,210751,585.4194444444445,39,WFON,(,Waveform onset,t_onset,t,0,0,2,
121,210773,585.4805555555556,27,TWAVE,t,T-wave peak,t_peak,t,0,0,5,
121,210870,585.75,27,TWAVE,t,T-wave peak,t_peak,t,0,0,5,
121,210912,585.8666666666667,40,WFOFF,),Waveform end,t_offset,t,0,0,2,
121,211037,586.2138888888888,39,WFON,(,Waveform onset,qrs_onset,qrs,0,0,1,
121,211059,586.275,1,NORMAL,N,Normal beat,qrs_peak,qrs,0,0,0,
121,211082,586.3388888888888,40,WFOFF,),Waveform end,qrs_offset,qrs,0,0,1,
121,211083,586.3416666666667,39,WFON,(,Waveform onset,t_onset,t,0,0,2,
121,211154,586.5388888888889,27,TWAVE,t,T-wave peak,t_peak,t,0,0,5,
121,211255,586.8194444444445,27,TWAVE,t,T-wave peak,t_peak,t,0,0,5,
121,211284,586.9,40,WFOFF,),Waveform end,t_offset,t,0,0,2,
121,211408,587.2444444444444,39,WFON,(,Waveform onset,qrs_onset,qrs,0,0,1,
121,211432,587.3111111111111,1,NORMAL,N,Normal beat,qrs_peak,qrs,0,0,0,
121,211457,587.3805555555556,40,WFOFF,),Waveform end,qrs_offset,qrs,0,0,1,
121,211508,587.5222222222222,39,WFON,(,Waveform onset,t_onset,t,0,0,2,
121,211526,587.5722222222222,27,TWAVE,t,T-wave peak,t_peak,t,0,0,5,
121,211641,587.8916666666667,27,TWAVE,t,T-wave peak,t_peak,t,0,0,5,
121,211658,587.9388888888889,40,WFOFF,),Waveform end,t_offset,t,0,0,2,
121,211806,588.35,39,WFON,(,Waveform onset,qrs_onset,qrs,0,0,1,
121,211823,588.3972222222222,1,NORMAL,N,Normal beat,qrs_peak,qrs,0,0,0,
121,211850,588.4722222222222,40,WFOFF,),Waveform end,qrs_offset,qrs,0,0,1,
121,211885,588.5694444444445,39,WFON,(,Waveform onset,t_onset,t,0,0,2,
121,211920,588.6666666666666,27,TWAVE,t,T-wave peak,t_peak,t,0,0,5,
121,212071,589.0861111111111,27,TWAVE,t,T-wave peak,t_peak,t,0,0,5,
121,212104,589.1777777777778,40,WFOFF,),Waveform end,t_offset,t,0,0,2,
121,212185,589.4027777777778,39,WFON,(,Waveform onset,qrs_onset,qrs,0,0,1,
121,212206,589.4611111111111,1,NORMAL,N,Normal beat,qrs_peak,qrs,0,0,0,
121,212220,589.5,40,WFOFF,),Waveform end,qrs_offset,qrs,0,0,1,
121,212269,589.6361111111111,39,WFON,(,Waveform onset,t_onset,t,0,0,2,
121,212296,589.7111111111111,27,TWAVE,t,T-wave peak,t_peak,t,0,0,5,
121,212422,590.0611111111111,27,TWAVE,t,T-wave peak,t_peak,t,0,0,5,
121,212441,590.1138888888889,40,WFOFF,),Waveform end,t_offset,t,0,0,2,
121,212562,590.45,39,WFON,(,Waveform onset,qrs_onset,qrs,0,0,1,
121,212583,590.5083333333333,1,NORMAL,N,Normal beat,qrs_peak,qrs,0,0,0,
121,212597,590.5472222222222,40,WFOFF,),Waveform end,qrs_offset,qrs,0,0,1,
121,212650,590.6944444444445,39,WFON,(,Waveform onset,t_onset,t,0,0,2,
121,212676,590.7666666666667,27,TWAVE,t,T-wave peak,t_peak,t,0,0,5,
121,212801,591.1138888888889,27,TWAVE,t,T-wave peak,t_peak,t,0,0,5,
121,212821,591.1694444444445,40,WFOFF,),Waveform end,t_offset,t,0,0,2,
121,212945,591.5138888888889,39,WFON,(,Waveform onset,qrs_onset,qrs,0,0,1,
121,212971,591.5861111111111,1,NORMAL,N,Normal beat,qrs_peak,qrs,0,0,0,
121,212993,591.6472222222222,40,WFOFF,),Waveform end,qrs_offset,qrs,0,0,1,
121,213017,591.7138888888888,39,WFON,(,Waveform onset,t_onset,t,0,0,2,
121,213062,591.8388888888888,27,TWAVE,t,T-wave peak,t_peak,t,0,0,5,
121,213178,592.1611111111112,27,TWAVE,t,T-wave peak,t_peak,t,0,0,5,
121,213194,592.2055555555555,40,WFOFF,),Waveform end,t_offset,t,0,0,2,
121,213328,592.5777777777778,39,WFON,(,Waveform onset,qrs_onset,qrs,0,0,1,
121,213350,592.6388888888889,1,NORMAL,N,Normal beat,qrs_peak,qrs,0,0,0,
121,213376,592.7111111111111,40,WFOFF,),Waveform end,qrs_offset,qrs,0,0,1,
121,213402,592.7833333333333,39,WFON,(,Waveform onset,t_onset,t,0,0,2,
121,213442,592.8944444444444,27,TWAVE,t,T-wave peak,t_peak,t,0,0,5,
121,213536,593.1555555555556,27,TWAVE,t,T-wave peak,t_peak,t,0,0,5,
121,213557,593.2138888888888,40,WFOFF,),Waveform end,t_offset,t,0,0,2,
121,213702,593.6166666666667,39,WFON,(,Waveform onset,qrs_onset,qrs,0,0,1,
121,213720,593.6666666666666,1,NORMAL,N,Normal beat,qrs_peak,qrs,0,0,0,
121,213748,593.7444444444444,40,WFOFF,),Waveform end,qrs_offset,qrs,0,0,1,
121,213787,593.8527777777778,39,WFON,(,Waveform onset,t_onset,t,0,0,2,
121,213818,593.9388888888889,27,TWAVE,t,T-wave peak,t_peak,t,0,0,5,
121,213933,594.2583333333333,27,TWAVE,t,T-wave peak,t_peak,t,0,0,5,
121,213951,594.3083333333333,40,WFOFF,),Waveform end,t_offset,t,0,0,2,
121,214075,594.6527777777778,39,WFON,(,Waveform onset,qrs_onset,qrs,0,0,1,
121,214095,594.7083333333334,1,NORMAL,N,Normal beat,qrs_peak,qrs,0,0,0,
121,214120,594.7777777777778,40,WFOFF,),Waveform end,qrs_offset,qrs,0,0,1,
121,214161,594.8916666666667,39,WFON,(,Waveform onset,t_onset,t,0,0,2,
121,214187,594.9638888888888,27,TWAVE,t,T-wave peak,t_peak,t,0,0,5,
121,214318,595.3277777777778,27,TWAVE,t,T-wave peak,t_peak,t,0,0,5,
121,214337,595.3805555555556,40,WFOFF,),Waveform end,t_offset,t,0,0,2,
121,214454,595.7055555555555,39,WFON,(,Waveform onset,qrs_onset,qrs,0,0,1,
121,214476,595.7666666666667,1,NORMAL,N,Normal beat,qrs_peak,qrs,0,0,0,
121,214496,595.8222222222222,40,WFOFF,),Waveform end,qrs_offset,qrs,0,0,1,
121,214546,595.9611111111111,39,WFON,(,Waveform onset,t_onset,t,0,0,2,
121,214571,596.0305555555556,27,TWAVE,t,T-wave peak,t_peak,t,0,0,5,
121,214691,596.3638888888889,27,TWAVE,t,T-wave peak,t_peak,t,0,0,5,
121,214714,596.4277777777778,40,WFOFF,),Waveform end,t_offset,t,0,0,2,
121,214831,596.7527777777777,39,WFON,(,Waveform onset,qrs_onset,qrs,0,0,1,
121,214859,596.8305555555555,1,NORMAL,N,Normal beat,qrs_peak,qrs,0,0,0,
121,214888,596.9111111111112,40,WFOFF,),Waveform end,qrs_offset,qrs,0,0,1,
121,214892,596.9222222222222,39,WFON,(,Waveform onset,t_onset,t,0,0,2,
121,214960,597.1111111111111,27,TWAVE,t,T-wave peak,t_peak,t,0,0,5,
121,215049,597.3583333333333,27,TWAVE,t,T-wave peak,t_peak,t,0,0,5,
121,215068,597.4111111111112,40,WFOFF,),Waveform end,t_offset,t,0,0,2,
121,215216,597.8222222222222,39,WFON,(,Waveform onset,qrs_onset,qrs,0,0,1,
121,215235,597.875,1,NORMAL,N,Normal beat,qrs_peak,qrs,0,0,0,
121,215261,597.9472222222222,40,WFOFF,),Waveform end,qrs_offset,qrs,0,0,1,
121,215336,598.1555555555556,39,WFON,(,Waveform onset,t_onset,t,0,0,2,
121,215410,598.3611111111111,27,TWAVE,t,T-wave peak,t_peak,t,0,0,1,
121,215454,598.4833333333333,40,WFOFF,),Waveform end,t_offset,t,0,0,2,
121,215576,598.8222222222222,39,WFON,(,Waveform onset,qrs_onset,qrs,0,0,1,
121,215604,598.9,1,NORMAL,N,Normal beat,qrs_peak,qrs,0,0,0,
121,215618,598.9388888888889,40,WFOFF,),Waveform end,qrs_offset,qrs,0,0,1,
121,215657,599.0472222222222,39,WFON,(,Waveform onset,t_onset,t,0,0,2,
121,215695,599.1527777777778,27,TWAVE,t,T-wave peak,t_peak,t,0,0,5,
121,215855,599.5972222222222,27,TWAVE,t,T-wave peak,t_peak,t,0,0,5,
121,215877,599.6583333333333,40,WFOFF,),Waveform end,t_offset,t,0,0,2,
121,215960,599.8888888888889,39,WFON,(,Waveform onset,qrs_onset,qrs,0,0,1,
121,215980,599.9444444444445,1,NORMAL,N,Normal beat,qrs_peak,qrs,0,0,0,
121,216008,600.0222222222222,40,WFOFF,),Waveform end,qrs_offset,qrs,0,0,1,
121,216057,600.1583333333333,39,WFON,(,Waveform onset,t_onset,t,0,0,2,
121,216075,600.2083333333334,27,TWAVE,t,T-wave peak,t_peak,t,0,0,5,
121,216154,600.4277777777778,27,TWAVE,t,T-wave peak,t_peak,t,0,0,5,
121,216224,600.6222222222223,40,WFOFF,),Waveform end,t_offset,t,0,0,2,
121,216322,600.8944444444444,39,WFON,(,Waveform onset,qrs_onset,qrs,0,0,1,
121,216340,600.9444444444445,1,NORMAL,N,Normal beat,qrs_peak,qrs,0,0,0,
121,216365,601.0138888888889,40,WFOFF,),Waveform end,qrs_offset,qrs,0,0,1,
121,216403,601.1194444444444,39,WFON,(,Waveform onset,t_onset,t,0,0,2,
121,216434,601.2055555555555,27,TWAVE,t,T-wave peak,t_peak,t,0,0,5,
121,216515,601.4305555555555,27,TWAVE,t,T-wave peak,t_peak,t,0,0,5,
121,216536,601.4888888888889,40,WFOFF,),Waveform end,t_offset,t,0,0,2,
121,216655,601.8194444444445,39,WFON,(,Waveform onset,qrs_onset,qrs,0,0,1,
121,216700,601.9444444444445,1,NORMAL,N,Normal beat,qrs_peak,qrs,0,0,0,
121,216727,602.0194444444444,40,WFOFF,),Waveform end,qrs_offset,qrs,0,0,1,
121,216754,602.0944444444444,39,WFON,(,Waveform onset,t_onset,t,0,0,2,
121,216790,602.1944444444445,27,TWAVE,t,T-wave peak,t_peak,t,0,0,5,
121,216898,602.4944444444444,27,TWAVE,t,T-wave peak,t_peak,t,0,0,5,
121,216944,602.6222222222223,40,WFOFF,),Waveform end,t_offset,t,0,0,2,
121,217041,602.8916666666667,39,WFON,(,Waveform onset,qrs_onset,qrs,0,0,1,
121,217066,602.9611111111111,1,NORMAL,N,Normal beat,qrs_peak,qrs,0,0,0,
121,217087,603.0194444444444,40,WFOFF,),Waveform end,qrs_offset,qrs,0,0,1,
121,217092,603.0333333333333,39,WFON,(,Waveform onset,t_onset,t,0,0,2,
121,217157,603.2138888888888,27,TWAVE,t,T-wave peak,t_peak,t,0,0,5,
121,217246,603.4611111111111,27,TWAVE,t,T-wave peak,t_peak,t,0,0,5,
121,217281,603.5583333333333,40,WFOFF,),Waveform end,t_offset,t,0,0,2,
121,217404,603.9,39,WFON,(,Waveform onset,qrs_onset,qrs,0,0,1,
121,217423,603.9527777777778,1,NORMAL,N,Normal beat,qrs_peak,qrs,0,0,0,
121,217446,604.0166666666667,40,WFOFF,),Waveform end,qrs_offset,qrs,0,0,1,
121,217494,604.15,39,WFON,(,Waveform onset,t_onset,t,0,0,2,
121,217518,604.2166666666667,27,TWAVE,t,T-wave peak,t_peak,t,0,0,5,
121,217647,604.575,27,TWAVE,t,T-wave peak,t_peak,t,0,0,5,
121,217660,604.6111111111111,40,WFOFF,),Waveform end,t_offset,t,0,0,2,
121,217761,604.8916666666667,39,WFON,(,Waveform onset,qrs_onset,qrs,0,0,1,
121,217784,604.9555555555555,1,NORMAL,N,Normal beat,qrs_peak,qrs,0,0,0,
121,217807,605.0194444444444,40,WFOFF,),Waveform end,qrs_offset,qrs,0,0,1,
121,217846,605.1277777777777,39,WFON,(,Waveform onset,t_onset,t,0,0,2,
121,217877,605.2138888888888,27,TWAVE,t,T-wave peak,t_peak,t,0,0,5,
121,218011,605.5861111111111,27,TWAVE,t,T-wave peak,t_peak,t,0,0,5,
121,218030,605.6388888888889,40,WFOFF,),Waveform end,t_offset,t,0,0,2,
121,218132,605.9222222222222,39,WFON,(,Waveform onset,qrs_onset,qrs,0,0,1,
121,218159,605.9972222222223,1,NORMAL,N,Normal beat,qrs_peak,qrs,0,0,0,
121,218180,606.0555555555555,40,WFOFF,),Waveform end,qrs_offset,qrs,0,0,1,
121,218225,606.1805555555555,39,WFON,(,Waveform onset,t_onset,t,0,0,2,
121,218250,606.25,27,TWAVE,t,T-wave peak,t_peak,t,0,0,5,
121,218362,606.5611111111111,27,TWAVE,t,T-wave peak,t_peak,t,0,0,5,
121,218385,606.625,40,WFOFF,),Waveform end,t_offset,t,0,0,2,
121,218505,606.9583333333334,39,WFON,(,Waveform onset,qrs_onset,qrs,0,0,1,
121,218529,607.025,1,NORMAL,N,Normal beat,qrs_peak,qrs,0,0,0,
121,218552,607.0888888888888,40,WFOFF,),Waveform end,qrs_offset,qrs,0,0,1,
121,218594,607.2055555555555,39,WFON,(,Waveform onset,t_onset,t,0,0,2,
121,218622,607.2833333333333,27,TWAVE,t,T-wave peak,t_peak,t,0,0,0,
121,218662,607.3944444444444,40,WFOFF,),Waveform end,t_offset,t,0,0,2,
121,218877,607.9916666666667,39,WFON,(,Waveform onset,qrs_onset,qrs,0,0,1,
121,218901,608.0583333333333,1,NORMAL,N,Normal beat,qrs_peak,qrs,0,0,0,
121,218924,608.1222222222223,40,WFOFF,),Waveform end,qrs_offset,qrs,0,0,1,
121,218939,608.1638888888889,39,WFON,(,Waveform onset,t_onset,t,0,0,2,
121,218999,608.3305555555555,27,TWAVE,t,T-wave peak,t_peak,t,0,0,5,
121,219086,608.5722222222222,27,TWAVE,t,T-wave peak,t_peak,t,0,0,5,
121,219102,608.6166666666667,40,WFOFF,),Waveform end,t_offset,t,0,0,2,
121,219263,609.0638888888889,39,WFON,(,Waveform onset,qrs_onset,qrs,0,0,1,
121,219285,609.125,1,NORMAL,N,Normal beat,qrs_peak,qrs,0,0,0,
121,219308,609.1888888888889,40,WFOFF,),Waveform end,qrs_offset,qrs,0,0,1,
121,219348,609.3,39,WFON,(,Waveform onset,t_onset,t,0,0,2,
121,219378,609.3833333333333,27,TWAVE,t,T-wave peak,t_peak,t,0,0,0,
121,219416,609.4888888888889,40,WFOFF,),Waveform end,t_offset,t,0,0,2,
121,219634,610.0944444444444,39,WFON,(,Waveform onset,qrs_onset,qrs,0,0,1,
121,219660,610.1666666666666,1,NORMAL,N,Normal beat,qrs_peak,qrs,0,0,0,
121,219681,610.225,40,WFOFF,),Waveform end,qrs_offset,qrs,0,0,1,
121,219729,610.3583333333333,39,WFON,(,Waveform onset,t_onset,t,0,0,2,
121,219753,610.425,27,TWAVE,t,T-wave peak,t_peak,t,0,0,0,
121,219788,610.5222222222222,40,WFOFF,),Waveform end,t_offset,t,0,0,2,
121,220005,611.125,39,WFON,(,Waveform onset,qrs_onset,qrs,0,0,1,
121,220031,611.1972222222222,1,NORMAL,N,Normal beat,qrs_peak,qrs,0,0,0,
121,220052,611.2555555555556,40,WFOFF,),Waveform end,qrs_offset,qrs,0,0,1,
121,220101,611.3916666666667,39,WFON,(,Waveform onset,t_onset,t,0,0,2,
121,220125,611.4583333333334,27,TWAVE,t,T-wave peak,t_peak,t,0,0,5,
121,220287,611.9083333333333,27,TWAVE,t,T-wave peak,t_peak,t,0,0,5,
121,220305,611.9583333333334,40,WFOFF,),Waveform end,t_offset,t,0,0,2,
121,220391,612.1972222222222,39,WFON,(,Waveform onset,qrs_onset,qrs,0,0,1,
121,220410,612.25,1,NORMAL,N,Normal beat,qrs_peak,qrs,0,0,0,
121,220435,612.3194444444445,40,WFOFF,),Waveform end,qrs_offset,qrs,0,0,1,
121,220466,612.4055555555556,39,WFON,(,Waveform onset,t_onset,t,0,0,2,
121,220504,612.5111111111111,27,TWAVE,t,T-wave peak,t_peak,t,0,0,5,
121,220610,612.8055555555555,27,TWAVE,t,T-wave peak,t_peak,t,0,0,5,
121,220638,612.8833333333333,40,WFOFF,),Waveform end,t_offset,t,0,0,2,
121,220763,613.2305555555556,39,WFON,(,Waveform onset,qrs_onset,qrs,0,0,1,
121,220789,613.3027777777778,1,NORMAL,N,Normal beat,qrs_peak,qrs,0,0,0,
121,220821,613.3916666666667,40,WFOFF,),Waveform end,qrs_offset,qrs,0,0,1,
121,220851,613.475,39,WFON,(,Waveform onset,t_onset,t,0,0,2,
121,220882,613.5611111111111,27,TWAVE,t,T-wave peak,t_peak,t,0,0,5,
121,220993,613.8694444444444,27,TWAVE,t,T-wave peak,t_peak,t,0,0,5,
121,221028,613.9666666666667,40,WFOFF,),Waveform end,t_offset,t,0,0,2,
121,221146,614.2944444444445,39,WFON,(,Waveform onset,qrs_onset,qrs,0,0,1,
121,221173,614.3694444444444,1,NORMAL,N,Normal beat,qrs_peak,qrs,0,0,0,
121,221193,614.425,40,WFOFF,),Waveform end,qrs_offset,qrs,0,0,1,
121,221244,614.5666666666667,39,WFON,(,Waveform onset,t_onset,t,0,0,2,
121,221266,614.6277777777777,27,TWAVE,t,T-wave peak,t_peak,t,0,0,5,
121,221377,614.9361111111111,27,TWAVE,t,T-wave peak,t_peak,t,0,0,5,
121,221411,615.0305555555556,40,WFOFF,),Waveform end,t_offset,t,0,0,2,
121,221521,615.3361111111111,39,WFON,(,Waveform onset,qrs_onset,qrs,0,0,1,
121,221544,615.4,1,NORMAL,N,Normal beat,qrs_peak,qrs,0,0,0,
121,221564,615.4555555555555,40,WFOFF,),Waveform end,qrs_offset,qrs,0,0,1,
121,221617,615.6027777777778,39,WFON,(,Waveform onset,t_onset,t,0,0,2,
121,221633,615.6472222222222,27,TWAVE,t,T-wave peak,t_peak,t,0,0,5,
121,221736,615.9333333333333,27,TWAVE,t,T-wave peak,t_peak,t,0,0,5,
121,221767,616.0194444444444,40,WFOFF,),Waveform end,t_offset,t,0,0,2,
121,221893,616.3694444444444,39,WFON,(,Waveform onset,qrs_onset,qrs,0,0,1,
121,221918,616.4388888888889,1,NORMAL,N,Normal beat,qrs_peak,qrs,0,0,0,
121,221938,616.4944444444444,40,WFOFF,),Waveform end,qrs_offset,qrs,0,0,1,
121,221977,616.6027777777778,39,WFON,(,Waveform onset,t_onset,t,0,0,2,
121,222013,616.7027777777778,27,TWAVE,t,T-wave peak,t_peak,t,0,0,5,
121,222112,616.9777777777778,27,TWAVE,t,T-wave peak,t_peak,t,0,0,5,
121,222129,617.025,40,WFOFF,),Waveform end,t_offset,t,0,0,2,
121,222275,617.4305555555555,39,WFON,(,Waveform onset,qrs_onset,qrs,0,0,1,
121,222301,617.5027777777777,1,NORMAL,N,Normal beat,qrs_peak,qrs,0,0,0,
121,222316,617.5444444444445,40,WFOFF,),Waveform end,qrs_offset,qrs,0,0,1,
121,222372,617.7,39,WFON,(,Waveform onset,t_onset,t,0,0,2,
121,222394,617.7611111111111,27,TWAVE,t,T-wave peak,t_peak,t,0,0,5,
121,222505,618.0694444444445,27,TWAVE,t,T-wave peak,t_peak,t,0,0,5,
121,222523,618.1194444444444,40,WFOFF,),Waveform end,t_offset,t,0,0,2,
121,222661,618.5027777777777,39,WFON,(,Waveform onset,qrs_onset,qrs,0,0,1,
121,222681,618.5583333333333,1,NORMAL,N,Normal beat,qrs_peak,qrs,0,0,0,
121,222705,618.625,40,WFOFF,),Waveform end,qrs_offset,qrs,0,0,1,
121,222739,618.7194444444444,39,WFON,(,Waveform onset,t_onset,t,0,0,2,
121,222775,618.8194444444445,27,TWAVE,t,T-wave peak,t_peak,t,0,0,5,
121,222866,619.0722222222222,27,TWAVE,t,T-wave peak,t_peak,t,0,0,5,
121,222883,619.1194444444444,40,WFOFF,),Waveform end,t_offset,t,0,0,2,
121,223035,619.5416666666666,39,WFON,(,Waveform onset,qrs_onset,qrs,0,0,1,
121,223055,619.5972222222222,1,NORMAL,N,Normal beat,qrs_peak,qrs,0,0,0,
121,223071,619.6416666666667,40,WFOFF,),Waveform end,qrs_offset,qrs,0,0,1,
121,223105,619.7361111111111,39,WFON,(,Waveform onset,t_onset,t,0,0,2,
121,223155,619.875,27,TWAVE,t,T-wave peak,t_peak,t,0,0,5,
121,223265,620.1805555555555,27,TWAVE,t,T-wave peak,t_peak,t,0,0,5,
121,223280,620.2222222222222,40,WFOFF,),Waveform end,t_offset,t,0,0,2,
121,223403,620.5638888888889,39,WFON,(,Waveform onset,qrs_onset,qrs,0,0,1,
121,223431,620.6416666666667,1,NORMAL,N,Normal beat,qrs_peak,qrs,0,0,0,
121,223451,620.6972222222222,40,WFOFF,),Waveform end,qrs_offset,qrs,0,0,1,
121,223491,620.8083333333333,39,WFON,(,Waveform onset,t_onset,t,0,0,2,
121,223525,620.9027777777778,27,TWAVE,t,T-wave peak,t_peak,t,0,0,5,
121,223624,621.1777777777778,27,TWAVE,t,T-wave peak,t_peak,t,0,0,5,
121,223667,621.2972222222222,40,WFOFF,),Waveform end,t_offset,t,0,0,2,
121,223788,621.6333333333333,39,WFON,(,Waveform onset,qrs_onset,qrs,0,0,1,
121,223814,621.7055555555555,1,NORMAL,N,Normal beat,qrs_peak,qrs,0,0,0,
121,223835,621.7638888888889,40,WFOFF,),Waveform end,qrs_offset,qrs,0,0,1,
121,223886,621.9055555555556,39,WFON,(,Waveform onset,t_onset,t,0,0,2,
121,223906,621.9611111111111,27,TWAVE,t,T-wave peak,t_peak,t,0,0,0,
121,223944,622.0666666666667,40,WFOFF,),Waveform end,t_offset,t,0,0,2,
121,224180,622.7222222222222,39,WFON,(,Waveform onset,qrs_onset,qrs,0,0,1,
121,224196,622.7666666666667,1,NORMAL,N,Normal beat,qrs_peak,qrs,0,0,0,
121,224213,622.8138888888889,40,WFOFF,),Waveform end,qrs_offset,qrs,0,0,1,
121,224259,622.9416666666667,39,WFON,(,Waveform onset,t_onset,t,0,0,2,
121,224292,623.0333333333333,27,TWAVE,t,T-wave peak,t_peak,t,0,0,5,
121,224449,623.4694444444444,27,TWAVE,t,T-wave peak,t_peak,t,0,0,5,
121,224460,623.5,40,WFOFF,),Waveform end,t_offset,t,0,0,2,
121,224547,623.7416666666667,39,WFON,(,Waveform onset,qrs_onset,qrs,0,0,1,
121,224565,623.7916666666666,1,NORMAL,N,Normal beat,qrs_peak,qrs,0,0,0,
121,224581,623.8361111111111,40,WFOFF,),Waveform end,qrs_offset,qrs,0,0,1,
121,224629,623.9694444444444,39,WFON,(,Waveform onset,t_onset,t,0,0,2,
121,224660,624.0555555555555,27,TWAVE,t,T-wave peak,t_peak,t,0,0,5,
121,224761,624.3361111111111,27,TWAVE,t,T-wave peak,t_peak,t,0,0,5,
121,224772,624.3666666666667,40,WFOFF,),Waveform end,t_offset,t,0,0,2,
121,224904,624.7333333333333,39,WFON,(,Waveform onset,qrs_onset,qrs,0,0,1,
121,224929,624.8027777777778,1,NORMAL,N,Normal beat,qrs_peak,qrs,0,0,0,
121,224952,624.8666666666667,40,WFOFF,),Waveform end,qrs_offset,qrs,0,0,1,
121,224995,624.9861111111111,39,WFON,(,Waveform onset,t_onset,t,0,0,2,
121,225029,625.0805555555555,27,TWAVE,t,T-wave peak,t_peak,t,0,0,5,
121,225120,625.3333333333334,27,TWAVE,t,T-wave peak,t_peak,t,0,0,5,
121,225144,625.4,40,WFOFF,),Waveform end,t_offset,t,0,0,2,
121,225288,625.8,39,WFON,(,Waveform onset,qrs_onset,qrs,0,0,1,
121,225307,625.8527777777778,1,NORMAL,N,Normal beat,qrs_peak,qrs,0,0,0,
121,225335,625.9305555555555,40,WFOFF,),Waveform end,qrs_offset,qrs,0,0,1,
121,225373,626.0361111111112,39,WFON,(,Waveform onset,t_onset,t,0,0,2,
121,225402,626.1166666666667,27,TWAVE,t,T-wave peak,t_peak,t,0,0,5,
121,225506,626.4055555555556,27,TWAVE,t,T-wave peak,t_peak,t,0,0,5,
121,225549,626.525,40,WFOFF,),Waveform end,t_offset,t,0,0,2,
121,225650,626.8055555555555,39,WFON,(,Waveform onset,qrs_onset,qrs,0,0,1,
121,225668,626.8555555555556,1,NORMAL,N,Normal beat,qrs_peak,qrs,0,0,0,
121,225696,626.9333333333333,40,WFOFF,),Waveform end,qrs_offset,qrs,0,0,1,
121,225723,627.0083333333333,39,WFON,(,Waveform onset,t_onset,t,0,0,2,
121,225759,627.1083333333333,27,TWAVE,t,T-wave peak,t_peak,t,0,0,5,
121,225902,627.5055555555556,27,TWAVE,t,T-wave peak,t_peak,t,0,0,5,
121,225913,627.5361111111112,40,WFOFF,),Waveform end,t_offset,t,0,0,2,
121,226011,627.8083333333333,39,WFON,(,Waveform onset,qrs_onset,qrs,0,0,1,
121,226030,627.8611111111111,1,NORMAL,N,Normal beat,qrs_peak,qrs,0,0,0,
121,226053,627.925,40,WFOFF,),Waveform end,qrs_offset,qrs,0,0,1,
121,226085,628.0138888888889,39,WFON,(,Waveform onset,t_onset,t,0,0,2,
121,226128,628.1333333333333,27,TWAVE,t,T-wave peak,t_peak,t,0,0,5,
121,226219,628.3861111111111,27,TWAVE,t,T-wave peak,t_peak,t,0,0,5,
121,226249,628.4694444444444,40,WFOFF,),Waveform end,t_offset,t,0,0,2,
121,226371,628.8083333333333,39,WFON,(,Waveform onset,qrs_onset,qrs,0,0,1,
121,226398,628.8833333333333,1,NORMAL,N,Normal beat,qrs_peak,qrs,0,0,0,
121,226428,628.9666666666667,40,WFOFF,),Waveform end,qrs_offset,qrs,0,0,1,
121,226460,629.0555555555555,39,WFON,(,Waveform onset,t_onset,t,0,0,2,
121,226495,629.1527777777778,27,TWAVE,t,T-wave peak,t_peak,t,0,0,5,
121,226590,629.4166666666666,27,TWAVE,t,T-wave peak,t_peak,t,0,0,5,
121,226622,629.5055555555556,40,WFOFF,),Waveform end,t_offset,t,0,0,2,
121,226731,629.8083333333333,39,WFON,(,Waveform onset,qrs_onset,qrs,0,0,1,
121,226758,629.8833333333333,1,NORMAL,N,Normal beat,qrs_peak,qrs,0,0,0,
121,226788,629.9666666666667,40,WFOFF,),Waveform end,qrs_offset,qrs,0,0,1,
121,226813,630.0361111111112,39,WFON,(,Waveform onset,t_onset,t,0,0,2,
121,226853,630.1472222222222,27,TWAVE,t,T-wave peak,t_peak,t,0,0,0,
121,226890,630.25,40,WFOFF,),Waveform end,t_offset,t,0,0,2,
121,227101,630.8361111111111,39,WFON,(,Waveform onset,qrs_onset,qrs,0,0,1,
121,227128,630.9111111111112,1,NORMAL,N,Normal beat,qrs_peak,qrs,0,0,0,
121,227149,630.9694444444444,40,WFOFF,),Waveform end,qrs_offset,qrs,0,0,1,
121,227184,631.0666666666667,39,WFON,(,Waveform onset,t_onset,t,0,0,2,
121,227225,631.1805555555555,27,TWAVE,t,T-wave peak,t_peak,t,0,0,5,
121,227354,631.5388888888889,27,TWAVE,t,T-wave peak,t_peak,t,0,0,5,
121,227373,631.5916666666667,40,WFOFF,),Waveform end,t_offset,t,0,0,2,
121,227476,631.8777777777777,39,WFON,(,Waveform onset,qrs_onset,qrs,0,0,1,
121,227501,631.9472222222222,1,NORMAL,N,Normal beat,qrs_peak,qrs,0,0,0,
121,227523,632.0083333333333,40,WFOFF,),Waveform end,qrs_offset,qrs,0,0,1,
121,227548,632.0777777777778,39,WFON,(,Waveform onset,t_onset,t,0,0,2,
121,227595,632.2083333333334,27,TWAVE,t,T-wave peak,t_peak,t,0,0,5,
121,227691,632.475,27,TWAVE,t,T-wave peak,t_peak,t,0,0,5,
121,227727,632.575,40,WFOFF,),Waveform end,t_offset,t,0,0,2,
121,227847,632.9083333333333,39,WFON,(,Waveform onset,qrs_onset,qrs,0,0,1,
121,227866,632.9611111111111,1,NORMAL,N,Normal beat,qrs_peak,qrs,0,0,0,
121,227882,633.0055555555556,40,WFOFF,),Waveform end,qrs_offset,qrs,0,0,1,
121,227922,633.1166666666667,39,WFON,(,Waveform onset,t_onset,t,0,0,2,
121,227961,633.225,27,TWAVE,t,T-wave peak,t_peak,t,0,0,5,
121,228064,633.5111111111111,27,TWAVE,t,T-wave peak,t_peak,t,0,0,5,
121,228109,633.6361111111111,40,WFOFF,),Waveform end,t_offset,t,0,0,2,
121,228218,633.9388888888889,39,WFON,(,Waveform onset,qrs_onset,qrs,0,0,1,
121,228244,634.0111111111111,1,NORMAL,N,Normal beat,qrs_peak,qrs,0,0,0,
121,228276,634.1,40,WFOFF,),Waveform end,qrs_offset,qrs,0,0,1,
121,228304,634.1777777777778,39,WFON,(,Waveform onset,t_onset,t,0,0,2,
121,228339,634.275,27,TWAVE,t,T-wave peak,t_peak,t,0,0,0,
121,228373,634.3694444444444,40,WFOFF,),Waveform end,t_offset,t,0,0,2,
121,228523,634.7861111111112,39,WFON,(,Waveform onset,qrs_onset,qrs,0,0,1,
121,228548,634.8555555555556,1,NORMAL,N,Normal beat,qrs_peak,qrs,0,0,0,
121,228616,635.0444444444445,40,WFOFF,),Waveform end,qrs_offset,qrs,0,0,1,
121,228962,636.0055555555556,39,WFON,(,Waveform onset,qrs_onset,qrs,0,0,1,
121,228986,636.0722222222222,1,NORMAL,N,Normal beat,qrs_peak,qrs,0,0,0,
121,229009,636.1361111111111,40,WFOFF,),Waveform end,qrs_offset,qrs,0,0,1,
121,229053,636.2583333333333,39,WFON,(,Waveform onset,t_onset,t,0,0,2,
121,229079,636.3305555555555,27,TWAVE,t,T-wave peak,t_peak,t,0,0,5,
121,229178,636.6055555555556,27,TWAVE,t,T-wave peak,t_peak,t,0,0,5,
121,229187,636.6305555555556,40,WFOFF,),Waveform end,t_offset,t,0,0,2,
121,229269,636.8583333333333,39,WFON,(,Waveform onset,qrs_onset,qrs,0,0,1,
121,229293,636.925,1,NORMAL,N,Normal beat,qrs_peak,qrs,0,0,0,
121,229358,637.1055555555556,40,WFOFF,),Waveform end,qrs_offset,qrs,0,0,1,
121,229708,638.0777777777778,39,WFON,(,Waveform onset,qrs_onset,qrs,0,0,1,
121,229726,638.1277777777777,1,NORMAL,N,Normal beat,qrs_peak,qrs,0,0,0,
121,229742,638.1722222222222,40,WFOFF,),Waveform end,qrs_offset,qrs,0,0,1,
121,229793,638.3138888888889,39,WFON,(,Waveform onset,t_onset,t,0,0,2,
121,229822,638.3944444444444,27,TWAVE,t,T-wave peak,t_peak,t,0,0,0,
121,229855,638.4861111111111,40,WFOFF,),Waveform end,t_offset,t,0,0,2,
121,229990,638.8611111111111,39,WFON,(,Waveform onset,qrs_onset,qrs,0,0,1,
121,230023,638.9527777777778,1,NORMAL,N,Normal beat,qrs_peak,qrs,0,0,0,
121,230091,639.1416666666667,40,WFOFF,),Waveform end,qrs_offset,qrs,0,0,1,
121,230384,639.9555555555555,39,WFON,(,Waveform onset,qrs_onset,qrs,0,0,1,
121,230399,639.9972222222223,1,NORMAL,N,Normal beat,qrs_peak,qrs,0,0,0,
121,230420,640.0555555555555,40,WFOFF,),Waveform end,qrs_offset,qrs,0,0,1,
121,230453,640.1472222222222,39,WFON,(,Waveform onset,t_onset,t,0,0,2,
121,230469,640.1916666666667,27,TWAVE,t,T-wave peak,t_peak,t,0,0,0,
121,230488,640.2444444444444,40,WFOFF,),Waveform end,t_offset,t,0,0,2,
121,230819,641.1638888888889,39,WFON,(,Waveform onset,qrs_onset,qrs,0,0,1,
121,230838,641.2166666666667,1,NORMAL,N,Normal beat,qrs_peak,qrs,0,0,0,
121,230853,641.2583333333333,40,WFOFF,),Waveform end,qrs_offset,qrs,0,0,1,
121,230908,641.4111111111112,39,WFON,(,Waveform onset,t_onset,t,0,0,2,
121,230932,641.4777777777778,27,TWAVE,t,T-wave peak,t_peak,t,0,0,0,
121,230969,641.5805555555555,40,WFOFF,),Waveform end,t_offset,t,0,0,2,
121,231140,642.0555555555555,39,WFON,(,Waveform onset,qrs_onset,qrs,0,0,1,
121,231178,642.1611111111112,1,NORMAL,N,Normal beat,qrs_peak,qrs,0,0,0,
121,231254,642.3722222222223,40,WFOFF,),Waveform end,qrs_offset,qrs,0,0,1,
121,231284,642.4555555555555,39,WFON,(,Waveform onset,t_onset,t,0,0,2,
121,231304,642.5111111111111,27,TWAVE,t,T-wave peak,t_peak,t,0,0,5,
121,231412,642.8111111111111,27,TWAVE,t,T-wave peak,t_peak,t,0,0,5,
121,231428,642.8555555555556,40,WFOFF,),Waveform end,t_offset,t,0,0,2,
121,231557,643.2138888888888,39,WFON,(,Waveform onset,qrs_onset,qrs,0,0,1,
121,231583,643.2861111111112,1,NORMAL,N,Normal beat,qrs_peak,qrs,0,0,0,
121,231604,643.3444444444444,40,WFOFF,),Waveform end,qrs_offset,qrs,0,0,1,
121,231654,643.4833333333333,39,WFON,(,Waveform onset,t_onset,t,0,0,2,
121,231680,643.5555555555555,27,TWAVE,t,T-wave peak,t_peak,t,0,0,5,
121,231764,643.7888888888889,27,TWAVE,t,T-wave peak,t_peak,t,0,0,5,
121,231782,643.8388888888888,40,WFOFF,),Waveform end,t_offset,t,0,0,2,
121,231927,644.2416666666667,39,WFON,(,Waveform onset,qrs_onset,qrs,0,0,1,
121,231951,644.3083333333333,1,NORMAL,N,Normal beat,qrs_peak,qrs,0,0,0,
121,231974,644.3722222222223,40,WFOFF,),Waveform end,qrs_offset,qrs,0,0,1,
121,232019,644.4972222222223,39,WFON,(,Waveform onset,t_onset,t,0,0,2,
121,232040,644.5555555555555,27,TWAVE,t,T-wave peak,t_peak,t,0,0,5,
121,232138,644.8277777777778,27,TWAVE,t,T-wave peak,t_peak,t,0,0,5,
121,232193,644.9805555555556,40,WFOFF,),Waveform end,t_offset,t,0,0,2,
121,232303,645.2861111111112,39,WFON,(,Waveform onset,qrs_onset,qrs,0,0,1,
121,232321,645.3361111111111,1,NORMAL,N,Normal beat,qrs_peak,qrs,0,0,0,
121,232347,645.4083333333333,40,WFOFF,),Waveform end,qrs_offset,qrs,0,0,1,
121,232375,645.4861111111111,39,WFON,(,Waveform onset,t_onset,t,0,0,2,
121,232414,645.5944444444444,27,TWAVE,t,T-wave peak,t_peak,t,0,0,5,
121,232497,645.825,27,TWAVE,t,T-wave peak,t_peak,t,0,0,5,
121,232552,645.9777777777778,40,WFOFF,),Waveform end,t_offset,t,0,0,2,
121,232660,646.2777777777778,39,WFON,(,Waveform onset,qrs_onset,qrs,0,0,1,
121,232688,646.3555555555556,1,NORMAL,N,Normal beat,qrs_peak,qrs,0,0,0,
121,232708,646.4111111111112,40,WFOFF,),Waveform end,qrs_offset,qrs,0,0,1,
121,232750,646.5277777777778,39,WFON,(,Waveform onset,t_onset,t,0,0,2,
121,232781,646.6138888888889,27,TWAVE,t,T-wave peak,t_peak,t,0,0,5,
121,232872,646.8666666666667,27,TWAVE,t,T-wave peak,t_peak,t,0,0,5,
121,232887,646.9083333333333,40,WFOFF,),Waveform end,t_offset,t,0,0,2,
121,233006,647.2388888888889,39,WFON,(,Waveform onset,qrs_onset,qrs,0,0,1,
121,233015,647.2638888888889,1,NORMAL,N,Normal beat,qrs_peak,qrs,0,0,0,
121,233043,647.3416666666667,40,WFOFF,),Waveform end,qrs_offset,qrs,0,0,1,
121,233395,648.3194444444445,39,WFON,(,Waveform onset,qrs_onset,qrs,0,0,1,
121,233414,648.3722222222223,1,NORMAL,N,Normal beat,qrs_peak,qrs,0,0,0,
121,233438,648.4388888888889,40,WFOFF,),Waveform end,qrs_offset,qrs,0,0,1,
121,233479,648.5527777777778,39,WFON,(,Waveform onset,t_onset,t,0,0,2,
121,233505,648.625,27,TWAVE,t,T-wave peak,t_peak,t,0,0,5,
121,233612,648.9222222222222,27,TWAVE,t,T-wave peak,t_peak,t,0,0,5,
121,233630,648.9722222222222,40,WFOFF,),Waveform end,t_offset,t,0,0,2,
121,233741,649.2805555555556,39,WFON,(,Waveform onset,qrs_onset,qrs,0,0,1,
121,233769,649.3583333333333,1,NORMAL,N,Normal beat,qrs_peak,qrs,0,0,0,
121,233791,649.4194444444445,40,WFOFF,),Waveform end,qrs_offset,qrs,0,0,1,
121,233839,649.5527777777778,39,WFON,(,Waveform onset,t_onset,t,0,0,2,
121,233859,649.6083333333333,27,TWAVE,t,T-wave peak,t_peak,t,0,0,5,
121,233953,649.8694444444444,27,TWAVE,t,T-wave peak,t_peak,t,0,0,5,
121,233979,649.9416666666667,40,WFOFF,),Waveform end,t_offset,t,0,0,2,
121,234077,650.2138888888888,39,WFON,(,Waveform onset,qrs_onset,qrs,0,0,1,
121,234107,650.2972222222222,1,NORMAL,N,Normal beat,qrs_peak,qrs,0,0,0,
121,234132,650.3666666666667,40,WFOFF,),Waveform end,qrs_offset,qrs,0,0,1,
121,234480,651.3333333333334,1,NORMAL,N,Normal beat,qrs_peak,qrs,0,0,0,
121,234487,651.3527777777778,39,WFON,(,Waveform onset,qrs_onset,qrs,0,0,1,
121,234533,651.4805555555556,40,WFOFF,),Waveform end,qrs_offset,qrs,0,0,1,
121,234571,651.5861111111111,39,WFON,(,Waveform onset,t_onset,t,0,0,2,
121,234597,651.6583333333333,27,TWAVE,t,T-wave peak,t_peak,t,0,0,0,
121,234670,651.8611111111111,40,WFOFF,),Waveform end,t_offset,t,0,0,2,
121,234768,652.1333333333333,39,WFON,(,Waveform onset,qrs_onset,qrs,0,0,1,
121,234801,652.225,1,NORMAL,N,Normal beat,qrs_peak,qrs,0,0,0,
121,234870,652.4166666666666,40,WFOFF,),Waveform end,qrs_offset,qrs,0,0,1,
121,235164,653.2333333333333,39,WFON,(,Waveform onset,qrs_onset,qrs,0,0,1,
121,235201,653.3361111111111,1,NORMAL,N,Normal beat,qrs_peak,qrs,0,0,0,
121,235255,653.4861111111111,40,WFOFF,),Waveform end,qrs_offset,qrs,0,0,1,
121,235265,653.5138888888889,39,WFON,(,Waveform onset,t_onset,t,0,0,2,
121,235330,653.6944444444445,27,TWAVE,t,T-wave peak,t_peak,t,0,0,0,
121,235391,653.8638888888889,40,WFOFF,),Waveform end,t_offset,t,0,0,2,
121,235500,654.1666666666666,39,WFON,(,Waveform onset,qrs_onset,qrs,0,0,1,
121,235522,654.2277777777778,1,NORMAL,N,Normal beat,qrs_peak,qrs,0,0,0,
121,235590,654.4166666666666,40,WFOFF,),Waveform end,qrs_offset,qrs,0,0,1,
121,235854,655.15,39,WFON,(,Waveform onset,qrs_onset,qrs,0,0,1,
121,235885,655.2361111111111,1,NORMAL,N,Normal beat,qrs_peak,qrs,0,0,0,
121,235957,655.4361111111111,40,WFOFF,),Waveform end,qrs_offset,qrs,0,0,1,
121,236002,655.5611111111111,39,WFON,(,Waveform onset,t_onset,t,0,0,2,
121,236047,655.6861111111111,27,TWAVE,t,T-wave peak,t_peak,t,0,0,5,
121,236146,655.9611111111111,27,TWAVE,t,T-wave peak,t_peak,t,0,0,5,
121,236164,656.0111111111111,40,WFOFF,),Waveform end,t_offset,t,0,0,2,
121,236292,656.3666666666667,1,NORMAL,N,Normal beat,qrs_peak,qrs,0,0,0,
121,236299,656.3861111111111,39,WFON,(,Waveform onset,qrs_onset,qrs,0,0,1,
121,236345,656.5138888888889,40,WFOFF,),Waveform end,qrs_offset,qrs,0,0,1,
121,236359,656.5527777777778,39,WFON,(,Waveform onset,t_onset,t,0,0,2,
121,236416,656.7111111111111,27,TWAVE,t,T-wave peak,t_peak,t,0,0,5,
121,236530,657.0277777777778,27,TWAVE,t,T-wave peak,t_peak,t,0,0,5,
121,236550,657.0833333333334,40,WFOFF,),Waveform end,t_offset,t,0,0,2,
121,236642,657.3388888888888,39,WFON,(,Waveform onset,qrs_onset,qrs,0,0,1,
121,236654,657.3722222222223,1,NORMAL,N,Normal beat,qrs_peak,qrs,0,0,0,
121,236680,657.4444444444445,40,WFOFF,),Waveform end,qrs_offset,qrs,0,0,1,
121,236959,658.2194444444444,39,WFON,(,Waveform onset,qrs_onset,qrs,0,0,1,
121,236976,658.2666666666667,1,NORMAL,N,Normal beat,qrs_peak,qrs,0,0,0,
121,237041,658.4472222222222,40,WFOFF,),Waveform end,qrs_offset,qrs,0,0,1,
121,237326,659.2388888888889,39,WFON,(,Waveform onset,qrs_onset,qrs,0,0,1,
121,237373,659.3694444444444,1,NORMAL,N,Normal beat,qrs_peak,qrs,0,0,0,
121,237423,659.5083333333333,40,WFOFF,),Waveform end,qrs_offset,qrs,0,0,1,
121,237465,659.625,39,WFON,(,Waveform onset,t_onset,t,0,0,2,
121,237501,659.725,27,TWAVE,t,T-wave peak,t_peak,t,0,0,0,
121,237535,659.8194444444445,40,WFOFF,),Waveform end,t_offset,t,0,0,2,
121,237675,660.2083333333334,39,WFON,(,Waveform onset,qrs_onset,qrs,0,0,1,
121,237699,660.275,1,NORMAL,N,Normal beat,qrs_peak,qrs,0,0,0,
121,237766,660.4611111111111,40,WFOFF,),Waveform end,qrs_offset,qrs,0,0,1,
121,237997,661.1027777777778,39,WFON,(,Waveform onset,qrs_onset,qrs,0,0,1,
121,238056,661.2666666666667,1,NORMAL,N,Normal beat,qrs_peak,qrs,0,0,0,
121,238126,661.4611111111111,40,WFOFF,),Waveform end,qrs_offset,qrs,0,0,1,
121,238447,662.3527777777778,39,WFON,(,Waveform onset,qrs_onset,qrs,0,0,1,
121,238467,662.4083333333333,1,NORMAL,N,Normal beat,qrs_peak,qrs,0,0,0,
121,238492,662.4777777777778,40,WFOFF,),Waveform end,qrs_offset,qrs,0,0,1,
121,238753,663.2027777777778,39,WFON,(,Waveform onset,qrs_onset,qrs,0,0,1,
121,238788,663.3,1,NORMAL,N,Normal beat,qrs_peak,qrs,0,0,0,
121,238856,663.4888888888889,40,WFOFF,),Waveform end,qrs_offset,qrs,0,0,1,
121,239144,664.2888888888889,39,WFON,(,Waveform onset,qrs_onset,qrs,0,0,1,
121,239163,664.3416666666667,1,NORMAL,N,Normal beat,qrs_peak,qrs,0,0,0,
121,239229,664.525,40,WFOFF,),Waveform end,qrs_offset,qrs,0,0,1,
121,239499,665.275,39,WFON,(,Waveform onset,qrs_onset,qrs,0,0,1,
121,239534,665.3722222222223,1,NORMAL,N,Normal beat,qrs_peak,qrs,0,0,0,
121,239602,665.5611111111111,40,WFOFF,),Waveform end,qrs_offset,qrs,0,0,1,
121,239883,666.3416666666667,39,WFON,(,Waveform onset,qrs_onset,qrs,0,0,1,
121,239907,666.4083333333333,1,NORMAL,N,Normal beat,qrs_peak,qrs,0,0,0,
121,239974,666.5944444444444,40,WFOFF,),Waveform end,qrs_offset,qrs,0,0,1,
121,240242,667.3388888888888,39,WFON,(,Waveform onset,qrs_onset,qrs,0,0,1,
121,240286,667.4611111111111,1,NORMAL,N,Normal beat,qrs_peak,qrs,0,0,0,
121,240354,667.65,40,WFOFF,),Waveform end,qrs_offset,qrs,0,0,1,
121,240689,668.5805555555555,39,WFON,(,Waveform onset,qrs_onset,qrs,0,0,1,
121,240701,668.6138888888889,1,NORMAL,N,Normal beat,qrs_peak,qrs,0,0,0,
121,240728,668.6888888888889,40,WFOFF,),Waveform end,qrs_offset,qrs,0,0,1,
121,241012,669.4777777777778,39,WFON,(,Waveform onset,qrs_onset,qrs,0,0,1,
121,241036,669.5444444444445,1,NORMAL,N,Normal beat,qrs_peak,qrs,0,0,0,
121,241104,669.7333333333333,40,WFOFF,),Waveform end,qrs_offset,qrs,0,0,1,
121,241385,670.5138888888889,39,WFON,(,Waveform onset,qrs_onset,qrs,0,0,1,
121,241407,670.575,1,NORMAL,N,Normal beat,qrs_peak,qrs,0,0,0,
121,241483,670.7861111111112,40,WFOFF,),Waveform end,qrs_offset,qrs,0,0,1,
121,241538,670.9388888888889,39,WFON,(,Waveform onset,t_onset,t,0,0,2,
121,241569,671.025,27,TWAVE,t,T-wave peak,t_peak,t,0,0,0,
121,241607,671.1305555555556,40,WFOFF,),Waveform end,t_offset,t,0,0,2,
121,241744,671.5111111111111,39,WFON,(,Waveform onset,qrs_onset,qrs,0,0,1,
121,241780,671.6111111111111,1,NORMAL,N,Normal beat,qrs_peak,qrs,0,0,0,
121,241846,671.7944444444445,40,WFOFF,),Waveform end,qrs_offset,qrs,0,0,1,
121,242099,672.4972222222223,39,WFON,(,Waveform onset,qrs_onset,qrs,0,0,1,
121,242154,672.65,1,NORMAL,N,Normal beat,qrs_peak,qrs,0,0,0,
121,242223,672.8416666666667,40,WFOFF,),Waveform end,qrs_offset,qrs,0,0,1,
121,242575,673.8194444444445,39,WFON,(,Waveform onset,qrs_onset,qrs,0,0,1,
121,242607,673.9083333333333,1,NORMAL,N,Normal beat,qrs_peak,qrs,0,0,0,
121,242638,673.9944444444444,40,WFOFF,),Waveform end,qrs_offset,qrs,0,0,1,
121,242653,674.0361111111112,39,WFON,(,Waveform onset,t_onset,t,0,0,2,
121,242684,674.1222222222223,27,TWAVE,t,T-wave peak,t_peak,t,0,0,5,
121,242799,674.4416666666667,27,TWAVE,t,T-wave peak,t_peak,t,0,0,5,
121,242831,674.5305555555556,40,WFOFF,),Waveform end,t_offset,t,0,0,2,
121,242940,674.8333333333334,39,WFON,(,Waveform onset,qrs_onset,qrs,0,0,1,
121,242944,674.8444444444444,1,NORMAL,N,Normal beat,qrs_peak,qrs,0,0,0,
121,242987,674.9638888888888,40,WFOFF,),Waveform end,qrs_offset,qrs,0,0,1,
121,243030,675.0833333333334,39,WFON,(,Waveform onset,t_onset,t,0,0,2,
121,243057,675.1583333333333,27,TWAVE,t,T-wave peak,t_peak,t,0,0,0,
121,243091,675.2527777777777,40,WFOFF,),Waveform end,t_offset,t,0,0,2,
121,243233,675.6472222222222,39,WFON,(,Waveform onset,qrs_onset,qrs,0,0,1,
121,243269,675.7472222222223,1,NORMAL,N,Normal beat,qrs_peak,qrs,0,0,0,
121,243336,675.9333333333333,40,WFOFF,),Waveform end,qrs_offset,qrs,0,0,1,
121,243651,676.8083333333333,39,WFON,(,Waveform onset,qrs_onset,qrs,0,0,1,
121,243677,676.8805555555556,1,NORMAL,N,Normal beat,qrs_peak,qrs,0,0,0,
121,243705,676.9583333333334,40,WFOFF,),Waveform end,qrs_offset,qrs,0,0,1,
121,243989,677.7472222222223,39,WFON,(,Waveform onset,qrs_onset,qrs,0,0,1,
121,244014,677.8166666666667,1,NORMAL,N,Normal beat,qrs_peak,qrs,0,0,0,
121,244080,678.0,40,WFOFF,),Waveform end,qrs_offset,qrs,0,0,1,
121,244384,678.8444444444444,39,WFON,(,Waveform onset,qrs_onset,qrs,0,0,1,
121,244421,678.9472222222222,1,NORMAL,N,Normal beat,qrs_peak,qrs,0,0,0,
121,244468,679.0777777777778,40,WFOFF,),Waveform end,qrs_offset,qrs,0,0,1,
121,244523,679.2305555555556,39,WFON,(,Waveform onset,t_onset,t,0,0,2,
121,244547,679.2972222222222,27,TWAVE,t,T-wave peak,t_peak,t,0,0,0,
121,244586,679.4055555555556,40,WFOFF,),Waveform end,t_offset,t,0,0,2,
121,244711,679.7527777777777,39,WFON,(,Waveform onset,qrs_onset,qrs,0,0,1,
121,244746,679.85,1,NORMAL,N,Normal beat,qrs_peak,qrs,0,0,0,
121,244814,680.0388888888889,40,WFOFF,),Waveform end,qrs_offset,qrs,0,0,1,
121,245148,680.9666666666667,39,WFON,(,Waveform onset,qrs_onset,qrs,0,0,1,
121,245167,681.0194444444444,1,NORMAL,N,Normal beat,qrs_peak,qrs,0,0,0,
121,245191,681.0861111111111,40,WFOFF,),Waveform end,qrs_offset,qrs,0,0,1,
121,245538,682.05,1,NORMAL,N,Normal beat,qrs_peak,qrs,0,0,0,
121,245547,682.075,39,WFON,(,Waveform onset,qrs_onset,qrs,0,0,1,
121,245591,682.1972222222222,40,WFOFF,),Waveform end,qrs_offset,qrs,0,0,1,
121,245635,682.3194444444445,39,WFON,(,Waveform onset,t_onset,t,0,0,2,
121,245657,682.3805555555556,27,TWAVE,t,T-wave peak,t_peak,t,0,0,0,
121,245695,682.4861111111111,40,WFOFF,),Waveform end,t_offset,t,0,0,2,
121,245873,682.9805555555556,39,WFON,(,Waveform onset,qrs_onset,qrs,0,0,1,
121,245899,683.0527777777778,1,NORMAL,N,Normal beat,qrs_peak,qrs,0,0,0,
121,245925,683.125,40,WFOFF,),Waveform end,qrs_offset,qrs,0,0,1,
121,246199,683.8861111111111,39,WFON,(,Waveform onset,qrs_onset,qrs,0,0,1,
121,246248,684.0222222222222,1,NORMAL,N,Normal beat,qrs_peak,qrs,0,0,0,
121,246323,684.2305555555556,40,WFOFF,),Waveform end,qrs_offset,qrs,0,0,1,
121,246356,684.3222222222222,39,WFON,(,Waveform onset,t_onset,t,0,0,2,
121,246379,684.3861111111111,27,TWAVE,t,T-wave peak,t_peak,t,0,0,0,
121,246413,684.4805555555556,40,WFOFF,),Waveform end,t_offset,t,0,0,2,
121,246558,684.8833333333333,39,WFON,(,Waveform onset,qrs_onset,qrs,0,0,1,
121,246584,684.9555555555555,1,NORMAL,N,Normal beat,qrs_peak,qrs,0,0,0,
121,246649,685.1361111111111,40,WFOFF,),Waveform end,qrs_offset,qrs,0,0,1,
121,246921,685.8916666666667,39,WFON,(,Waveform onset,qrs_onset,qrs,0,0,1,
121,246943,685.9527777777778,1,NORMAL,N,Normal beat,qrs_peak,qrs,0,0,0,
121,247010,686.1388888888889,40,WFOFF,),Waveform end,qrs_offset,qrs,0,0,1,
121,247318,686.9944444444444,39,WFON,(,Waveform onset,qrs_onset,qrs,0,0,1,
121,247328,687.0222222222222,1,NORMAL,N,Normal beat,qrs_peak,qrs,0,0,0,
121,247357,687.1027777777778,40,WFOFF,),Waveform end,qrs_offset,qrs,0,0,1,
121,247616,687.8222222222222,39,WFON,(,Waveform onset,qrs_onset,qrs,0,0,1,
121,247650,687.9166666666666,1,NORMAL,N,Normal beat,qrs_peak,qrs,0,0,0,
121,247719,688.1083333333333,40,WFOFF,),Waveform end,qrs_offset,qrs,0,0,1,
121,247988,688.8555555555556,39,WFON,(,Waveform onset,qrs_onset,qrs,0,0,1,
121,248011,688.9194444444445,1,NORMAL,N,Normal beat,qrs_peak,qrs,0,0,0,
121,248081,689.1138888888889,40,WFOFF,),Waveform end,qrs_offset,qrs,0,0,1,
121,248337,689.825,39,WFON,(,Waveform onset,qrs_onset,qrs,0,0,1,
121,248372,689.9222222222222,1,NORMAL,N,Normal beat,qrs_peak,qrs,0,0,0,
121,248439,690.1083333333333,40,WFOFF,),Waveform end,qrs_offset,qrs,0,0,1,
121,248780,691.0555555555555,1,NORMAL,N,Normal beat,qrs_peak,qrs,0,0,0,
121,248787,691.075,39,WFON,(,Waveform onset,qrs_onset,qrs,0,0,1,
121,248821,691.1694444444445,40,WFOFF,),Waveform end,qrs_offset,qrs,0,0,1,
121,248862,691.2833333333333,39,WFON,(,Waveform onset,t_onset,t,0,0,2,
121,248903,691.3972222222222,27,TWAVE,t,T-wave peak,t_peak,t,0,0,0,
121,248935,691.4861111111111,40,WFOFF,),Waveform end,t_offset,t,0,0,2,
121,249068,691.8555555555556,39,WFON,(,Waveform onset,qrs_onset,qrs,0,0,1,
121,249083,691.8972222222222,1,NORMAL,N,Normal beat,qrs_peak,qrs,0,0,0,
121,249102,691.95,40,WFOFF,),Waveform end,qrs_offset,qrs,0,0,1,
121,249140,692.0555555555555,39,WFON,(,Waveform onset,t_onset,t,0,0,2,
121,249155,692.0972222222222,27,TWAVE,t,T-wave peak,t_peak,t,0,0,0,
121,249174,692.15,40,WFOFF,),Waveform end,t_offset,t,0,0,2,
121,249423,692.8416666666667,39,WFON,(,Waveform onset,qrs_onset,qrs,0,0,1,
121,249452,692.9222222222222,1,NORMAL,N,Normal beat,qrs_peak,qrs,0,0,0,
121,249518,693.1055555555556,40,WFOFF,),Waveform end,qrs_offset,qrs,0,0,1,
121,249796,693.8777777777777,39,WFON,(,Waveform onset,qrs_onset,qrs,0,0,1,
121,249813,693.925,1,NORMAL,N,Normal beat,qrs_peak,qrs,0,0,0,
121,249881,694.1138888888889,40,WFOFF,),Waveform end,qrs_offset,qrs,0,0,1,
121,250137,694.825,39,WFON,(,Waveform onset,qrs_onset,qrs,0,0,1,
121,250172,694.9222222222222,1,NORMAL,N,Normal beat,qrs_peak,qrs,0,0,0,
121,250244,695.1222222222223,40,WFOFF,),Waveform end,qrs_offset,qrs,0,0,1,
121,250302,695.2833333333333,39,WFON,(,Waveform onset,t_onset,t,0,0,2,
121,250330,695.3611111111111,27,TWAVE,t,T-wave peak,t_peak,t,0,0,5,
121,250415,695.5972222222222,27,TWAVE,t,T-wave peak,t_peak,t,0,0,5,
121,250444,695.6777777777778,40,WFOFF,),Waveform end,t_offset,t,0,0,2,
121,250550,695.9722222222222,39,WFON,(,Waveform onset,qrs_onset,qrs,0,0,1,
121,250568,696.0222222222222,1,NORMAL,N,Normal beat,qrs_peak,qrs,0,0,0,
121,250595,696.0972222222222,40,WFOFF,),Waveform end,qrs_offset,qrs,0,0,1,
121,250983,697.175,39,WFON,(,Waveform onset,qrs_onset,qrs,0,0,1,
121,250989,697.1916666666667,1,NORMAL,N,Normal beat,qrs_peak,qrs,0,0,0,
121,251031,697.3083333333333,40,WFOFF,),Waveform end,qrs_offset,qrs,0,0,1,
121,251037,697.325,39,WFON,(,Waveform onset,t_onset,t,0,0,2,
121,251059,697.3861111111111,27,TWAVE,t,T-wave peak,t_peak,t,0,0,0,
121,251098,697.4944444444444,40,WFOFF,),Waveform end,t_offset,t,0,0,2,
121,251302,698.0611111111111,1,NORMAL,N,Normal beat,qrs_peak,qrs,0,0,0,
121,251308,698.0777777777778,39,WFON,(,Waveform onset,qrs_onset,qrs,0,0,1,
121,251354,698.2055555555555,40,WFOFF,),Waveform end,qrs_offset,qrs,0,0,1,
121,251392,698.3111111111111,39,WFON,(,Waveform onset,t_onset,t,0,0,2,
121,251425,698.4027777777778,27,TWAVE,t,T-wave peak,t_peak,t,0,0,0,
121,251474,698.5388888888889,40,WFOFF,),Waveform end,t_offset,t,0,0,2,
121,251602,698.8944444444444,39,WFON,(,Waveform onset,qrs_onset,qrs,0,0,1,
121,251626,698.9611111111111,1,NORMAL,N,Normal beat,qrs_peak,qrs,0,0,0,
121,251696,699.1555555555556,40,WFOFF,),Waveform end,qrs_offset,qrs,0,0,1,
121,251979,699.9416666666667,39,WFON,(,Waveform onset,qrs_onset,qrs,0,0,1,
121,251985,699.9583333333334,1,NORMAL,N,Normal beat,qrs_peak,qrs,0,0,0,
121,252050,700.1388888888889,40,WFOFF,),Waveform end,qrs_offset,qrs,0,0,1,
121,252317,700.8805555555556,39,WFON,(,Waveform onset,qrs_onset,qrs,0,0,1,
121,252347,700.9638888888888,1,NORMAL,N,Normal beat,qrs_peak,qrs,0,0,0,
121,252412,701.1444444444444,40,WFOFF,),Waveform end,qrs_offset,qrs,0,0,1,
121,252646,701.7944444444445,39,WFON,(,Waveform onset,qrs_onset,qrs,0,0,1,
121,252709,701.9694444444444,1,NORMAL,N,Normal beat,qrs_peak,qrs,0,0,0,
121,252780,702.1666666666666,40,WFOFF,),Waveform end,qrs_offset,qrs,0,0,1,
121,253144,703.1777777777778,39,WFON,(,Waveform onset,qrs_onset,qrs,0,0,1,
121,253161,703.225,1,NORMAL,N,Normal beat,qrs_peak,qrs,0,0,0,
121,253193,703.3138888888889,40,WFOFF,),Waveform end,qrs_offset,qrs,0,0,1,
121,253211,703.3638888888889,39,WFON,(,Waveform onset,t_onset,t,0,0,2,
121,253240,703.4444444444445,27,TWAVE,t,T-wave peak,t_peak,t,0,0,0,
121,253281,703.5583333333333,40,WFOFF,),Waveform end,t_offset,t,0,0,2,
121,253390,703.8611111111111,39,WFON,(,Waveform onset,qrs_onset,qrs,0,0,1,
121,253427,703.9638888888888,1,NORMAL,N,Normal beat,qrs_peak,qrs,0,0,0,
121,253494,704.15,40,WFOFF,),Waveform end,qrs_offset,qrs,0,0,1,
121,253805,705.0138888888889,39,WFON,(,Waveform onset,qrs_onset,qrs,0,0,1,
121,253825,705.0694444444445,1,NORMAL,N,Normal beat,qrs_peak,qrs,0,0,0,
121,253853,705.1472222222222,40,WFOFF,),Waveform end,qrs_offset,qrs,0,0,1,
121,254119,705.8861111111111,39,WFON,(,Waveform onset,qrs_onset,qrs,0,0,1,
121,254146,705.9611111111111,1,NORMAL,N,Normal beat,qrs_peak,qrs,0,0,0,
121,254229,706.1916666666667,40,WFOFF,),Waveform end,qrs_offset,qrs,0,0,1,
121,254276,706.3222222222222,39,WFON,(,Waveform onset,t_onset,t,0,0,2,
121,254306,706.4055555555556,27,TWAVE,t,T-wave peak,t_peak,t,0,0,5,
121,254410,706.6944444444445,27,TWAVE,t,T-wave peak,t_peak,t,0,0,5,
121,254442,706.7833333333333,40,WFOFF,),Waveform end,t_offset,t,0,0,2,
121,254550,707.0833333333334,39,WFON,(,Waveform onset,qrs_onset,qrs,0,0,1,
121,254555,707.0972222222222,1,NORMAL,N,Normal beat,qrs_peak,qrs,0,0,0,
121,254597,707.2138888888888,40,WFOFF,),Waveform end,qrs_offset,qrs,0,0,1,
121,254599,707.2194444444444,39,WFON,(,Waveform onset,t_onset,t,0,0,2,
121,254670,707.4166666666666,27,TWAVE,t,T-wave peak,t_peak,t,0,0,0,
121,254711,707.5305555555556,40,WFOFF,),Waveform end,t_offset,t,0,0,2,
121,254893,708.0361111111112,39,WFON,(,Waveform onset,qrs_onset,qrs,0,0,1,
121,254904,708.0666666666667,1,NORMAL,N,Normal beat,qrs_peak,qrs,0,0,0,
121,254931,708.1416666666667,40,WFOFF,),Waveform end,qrs_offset,qrs,0,0,1,
121,255239,708.9972222222223,39,WFON,(,Waveform onset,qrs_onset,qrs,0,0,1,
121,255263,709.0638888888889,1,NORMAL,N,Normal beat,qrs_peak,qrs,0,0,0,
121,255304,709.1777777777778,40,WFOFF,),Waveform end,qrs_offset,qrs,0,0,1,
121,255313,709.2027777777778,39,WFON,(,Waveform onset,t_onset,t,0,0,2,
121,255385,709.4027777777778,27,TWAVE,t,T-wave peak,t_peak,t,0,0,5,
121,255457,709.6027777777778,27,TWAVE,t,T-wave peak,t_peak,t,0,0,5,
121,255513,709.7583333333333,40,WFOFF,),Waveform end,t_offset,t,0,0,2,
121,255600,710.0,39,WFON,(,Waveform onset,qrs_onset,qrs,0,0,1,
121,255624,710.0666666666667,1,NORMAL,N,Normal beat,qrs_peak,qrs,0,0,0,
121,255667,710.1861111111111,40,WFOFF,),Waveform end,qrs_offset,qrs,0,0,1,
121,255702,710.2833333333333,39,WFON,(,Waveform onset,t_onset,t,0,0,2,
121,255749,710.4138888888889,27,TWAVE,t,T-wave peak,t_peak,t,0,0,0,
121,255791,710.5305555555556,40,WFOFF,),Waveform end,t_offset,t,0,0,2,
121,255914,710.8722222222223,39,WFON,(,Waveform onset,qrs_onset,qrs,0,0,1,
121,255935,710.9305555555555,1,NORMAL,N,Normal beat,qrs_peak,qrs,0,0,0,
121,256004,711.1222222222223,40,WFOFF,),Waveform end,qrs_offset,qrs,0,0,1,
121,256261,711.8361111111111,39,WFON,(,Waveform onset,qrs_onset,qrs,0,0,1,
121,256298,711.9388888888889,1,NORMAL,N,Normal beat,qrs_peak,qrs,0,0,0,
121,256363,712.1194444444444,40,WFOFF,),Waveform end,qrs_offset,qrs,0,0,1,
121,256674,712.9833333333333,39,WFON,(,Waveform onset,qrs_onset,qrs,0,0,1,
121,256706,713.0722222222222,1,NORMAL,N,Normal beat,qrs_peak,qrs,0,0,0,
121,256729,713.1361111111111,40,WFOFF,),Waveform end,qrs_offset,qrs,0,0,1,
121,257004,713.9,39,WFON,(,Waveform onset,qrs_onset,qrs,0,0,1,
121,257018,713.9388888888889,1,NORMAL,N,Normal beat,qrs_peak,qrs,0,0,0,
121,257040,714.0,40,WFOFF,),Waveform end,qrs_offset,qrs,0,0,1,
121,257074,714.0944444444444,39,WFON,(,Waveform onset,t_onset,t,0,0,2,
121,257090,714.1388888888889,27,TWAVE,t,T-wave peak,t_peak,t,0,0,0,
121,257109,714.1916666666667,40,WFOFF,),Waveform end,t_offset,t,0,0,2,
121,257349,714.8583333333333,39,WFON,(,Waveform onset,qrs_onset,qrs,0,0,1,
121,257376,714.9333333333333,1,NORMAL,N,Normal beat,qrs_peak,qrs,0,0,0,
121,257444,715.1222222222223,40,WFOFF,),Waveform end,qrs_offset,qrs,0,0,1,
121,257702,715.8388888888888,39,WFON,(,Waveform onset,qrs_onset,qrs,0,0,1,
121,257736,715.9333333333333,1,NORMAL,N,Normal beat,qrs_peak,qrs,0,0,0,
121,257806,716.1277777777777,40,WFOFF,),Waveform end,qrs_offset,qrs,0,0,1,
121,258073,716.8694444444444,39,WFON,(,Waveform onset,qrs_onset,qrs,0,0,1,
121,258097,716.9361111111111,1,NORMAL,N,Normal beat,qrs_peak,qrs,0,0,0,
121,258166,717.1277777777777,40,WFOFF,),Waveform end,qrs_offset,qrs,0,0,1,
121,258439,717.8861111111111,39,WFON,(,Waveform onset,qrs_onset,qrs,0,0,1,
121,258471,717.975,1,NORMAL,N,Normal beat,qrs_peak,qrs,0,0,0,
121,258536,718.1555555555556,40,WFOFF,),Waveform end,qrs_offset,qrs,0,0,1,
121,258837,718.9916666666667,39,WFON,(,Waveform onset,qrs_onset,qrs,0,0,1,
121,258853,719.0361111111112,1,NORMAL,N,Normal beat,qrs_peak,qrs,0,0,0,
121,258916,719.2111111111111,40,WFOFF,),Waveform end,qrs_offset,qrs,0,0,1,
121,259251,720.1416666666667,39,WFON,(,Waveform onset,qrs_onset,qrs,0,0,1,
121,259262,720.1722222222222,1,NORMAL,N,Normal beat,qrs_peak,qrs,0,0,0,
121,259290,720.25,40,WFOFF,),Waveform end,qrs_offset,qrs,0,0,1,
121,259551,720.975,39,WFON,(,Waveform onset,qrs_onset,qrs,0,0,1,
121,259574,721.0388888888889,1,NORMAL,N,Normal beat,qrs_peak,qrs,0,0,0,
121,259642,721.2277777777778,40,WFOFF,),Waveform end,qrs_offset,qrs,0,0,1,
121,259969,722.1361111111111,39,WFON,(,Waveform onset,qrs_onset,qrs,0,0,1,
121,259984,722.1777777777778,1,NORMAL,N,Normal beat,qrs_peak,qrs,0,0,0,
121,260060,722.3888888888889,40,WFOFF,),Waveform end,qrs_offset,qrs,0,0,1,
121,260065,722.4027777777778,39,WFON,(,Waveform onset,t_onset,t,0,0,2,
121,260105,722.5138888888889,27,TWAVE,t,T-wave peak,t_peak,t,0,0,0,
121,260145,722.625,40,WFOFF,),Waveform end,t_offset,t,0,0,2,
121,260295,723.0416666666666,39,WFON,(,Waveform onset,qrs_onset,qrs,0,0,1,
121,260311,723.0861111111111,1,NORMAL,N,Normal beat,qrs_peak,qrs,0,0,0,
121,260329,723.1361111111111,40,WFOFF,),Waveform end,qrs_offset,qrs,0,0,1,
121,260363,723.2305555555556,39,WFON,(,Waveform onset,t_onset,t,0,0,2,
121,260379,723.275,27,TWAVE,t,T-wave peak,t_peak,t,0,0,0,
121,260397,723.325,40,WFOFF,),Waveform end,t_offset,t,0,0,2,
121,260727,724.2416666666667,1,NORMAL,N,Normal beat,qrs_peak,qrs,0,0,0,
121,260733,724.2583333333333,39,WFON,(,Waveform onset,qrs_onset,qrs,0,0,1,
121,260782,724.3944444444444,40,WFOFF,),Waveform end,qrs_offset,qrs,0,0,1,
121,260820,724.5,39,WFON,(,Waveform onset,t_onset,t,0,0,2,
121,260850,724.5833333333334,27,TWAVE,t,T-wave peak,t_peak,t,0,0,5,
121,260929,724.8027777777778,27,TWAVE,t,T-wave peak,t_peak,t,0,0,5,
121,260935,724.8194444444445,40,WFOFF,),Waveform end,t_offset,t,0,0,2,
121,261017,725.0472222222222,39,WFON,(,Waveform onset,qrs_onset,qrs,0,0,1,
121,261052,725.1444444444444,1,NORMAL,N,Normal beat,qrs_peak,qrs,0,0,0,
121,261118,725.3277777777778,40,WFOFF,),Waveform end,qrs_offset,qrs,0,0,1,
121,261433,726.2027777777778,39,WFON,(,Waveform onset,qrs_onset,qrs,0,0,1,
121,261448,726.2444444444444,1,NORMAL,N,Normal beat,qrs_peak,qrs,0,0,0,
121,261472,726.3111111111111,40,WFOFF,),Waveform end,qrs_offset,qrs,0,0,1,
121,261760,727.1111111111111,39,WFON,(,Waveform onset,qrs_onset,qrs,0,0,1,
121,261773,727.1472222222222,1,NORMAL,N,Normal beat,qrs_peak,qrs,0,0,0,
121,261840,727.3333333333334,40,WFOFF,),Waveform end,qrs_offset,qrs,0,0,1,
121,262114,728.0944444444444,39,WFON,(,Waveform onset,qrs_onset,qrs,0,0,1,
121,262143,728.175,1,NORMAL,N,Normal beat,qrs_peak,qrs,0,0,0,
121,262217,728.3805555555556,40,WFOFF,),Waveform end,qrs_offset,qrs,0,0,1,
121,262286,728.5722222222222,39,WFON,(,Waveform onset,t_onset,t,0,0,2,
121,262306,728.6277777777777,27,TWAVE,t,T-wave peak,t_peak,t,0,0,0,
121,262345,728.7361111111111,40,WFOFF,),Waveform end,t_offset,t,0,0,2,
121,262468,729.0777777777778,39,WFON,(,Waveform onset,qrs_onset,qrs,0,0,1,
121,262504,729.1777777777778,1,NORMAL,N,Normal beat,qrs_peak,qrs,0,0,0,
121,262577,729.3805555555556,40,WFOFF,),Waveform end,qrs_offset,qrs,0,0,1,
121,262599,729.4416666666667,39,WFON,(,Waveform onset,t_onset,t,0,0,2,
121,262657,729.6027777777778,27,TWAVE,t,T-wave peak,t_peak,t,0,0,0,
121,262694,729.7055555555555,40,WFOFF,),Waveform end,t_offset,t,0,0,2,
121,262903,730.2861111111112,39,WFON,(,Waveform onset,qrs_onset,qrs,0,0,1,
121,262912,730.3111111111111,1,NORMAL,N,Normal beat,qrs_peak,qrs,0,0,0,
121,262940,730.3888888888889,40,WFOFF,),Waveform end,qrs_offset,qrs,0,0,1,
121,263226,731.1833333333333,39,WFON,(,Waveform onset,qrs_onset,qrs,0,0,1,
121,263238,731.2166666666667,1,NORMAL,N,Normal beat,qrs_peak,qrs,0,0,0,
121,263308,731.4111111111112,40,WFOFF,),Waveform end,qrs_offset,qrs,0,0,1,
121,263627,732.2972222222222,39,WFON,(,Waveform onset,qrs_onset,qrs,0,0,1,
121,263657,732.3805555555556,1,NORMAL,N,Normal beat,qrs_peak,qrs,0,0,0,
121,263683,732.4527777777778,40,WFOFF,),Waveform end,qrs_offset,qrs,0,0,1,
121,263967,733.2416666666667,39,WFON,(,Waveform onset,qrs_onset,qrs,0,0,1,
121,263997,733.325,1,NORMAL,N,Normal beat,qrs_peak,qrs,0,0,0,
121,264066,733.5166666666667,40,WFOFF,),Waveform end,qrs_offset,qrs,0,0,1,
121,264432,734.5333333333333,39,WFON,(,Waveform onset,qrs_onset,qrs,0,0,1,
121,264460,734.6111111111111,1,NORMAL,N,Normal beat,qrs_peak,qrs,0,0,0,
121,264503,734.7305555555556,40,WFOFF,),Waveform end,qrs_offset,qrs,0,0,1,
121,264516,734.7666666666667,39,WFON,(,Waveform onset,t_onset,t,0,0,2,
121,264536,734.8222222222222,27,TWAVE,t,T-wave peak,t_peak,t,0,0,5,
121,264612,735.0333333333333,27,TWAVE,t,T-wave peak,t_peak,t,0,0,5,
121,264619,735.0527777777778,40,WFOFF,),Waveform end,t_offset,t,0,0,2,
121,264701,735.2805555555556,39,WFON,(,Waveform onset,qrs_onset,qrs,0,0,1,
121,264737,735.3805555555556,1,NORMAL,N,Normal beat,qrs_peak,qrs,0,0,0,
121,264802,735.5611111111111,40,WFOFF,),Waveform end,qrs_offset,qrs,0,0,1,
121,265086,736.35,39,WFON,(,Waveform onset,qrs_onset,qrs,0,0,1,
121,265109,736.4138888888889,1,NORMAL,N,Normal beat,qrs_peak,qrs,0,0,0,
121,265179,736.6083333333333,40,WFOFF,),Waveform end,qrs_offset,qrs,0,0,1,
121,265505,737.5138888888889,39,WFON,(,Waveform onset,qrs_onset,qrs,0,0,1,
121,265528,737.5777777777778,1,NORMAL,N,Normal beat,qrs_peak,qrs,0,0,0,
121,265569,737.6916666666667,40,WFOFF,),Waveform end,qrs_offset,qrs,0,0,1,
121,265613,737.8138888888889,39,WFON,(,Waveform onset,t_onset,t,0,0,2,
121,265646,737.9055555555556,27,TWAVE,t,T-wave peak,t_peak,t,0,0,5,
121,265730,738.1388888888889,27,TWAVE,t,T-wave peak,t_peak,t,0,0,5,
121,265760,738.2222222222222,40,WFOFF,),Waveform end,t_offset,t,0,0,2,
121,265873,738.5361111111112,39,WFON,(,Waveform onset,qrs_onset,qrs,0,0,1,
121,265891,738.5861111111111,1,NORMAL,N,Normal beat,qrs_peak,qrs,0,0,0,
121,265915,738.6527777777778,40,WFOFF,),Waveform end,qrs_offset,qrs,0,0,1,
121,266231,739.5305555555556,39,WFON,(,Waveform onset,qrs_onset,qrs,0,0,1,
121,266251,739.5861111111111,1,NORMAL,N,Normal beat,qrs_peak,qrs,0,0,0,
121,266277,739.6583333333333,40,WFOFF,),Waveform end,qrs_offset,qrs,0,0,1,
121,266623,740.6194444444444,1,NORMAL,N,Normal beat,qrs_peak,qrs,0,0,0,
121,266629,740.6361111111111,39,WFON,(,Waveform onset,qrs_onset,qrs,0,0,1,
121,266663,740.7305555555556,40,WFOFF,),Waveform end,qrs_offset,qrs,0,0,1,
121,266715,740.875,39,WFON,(,Waveform onset,t_onset,t,0,0,2,
121,266742,740.95,27,TWAVE,t,T-wave peak,t_peak,t,0,0,0,
121,266779,741.0527777777778,40,WFOFF,),Waveform end,t_offset,t,0,0,2,
121,266923,741.4527777777778,39,WFON,(,Waveform onset,qrs_onset,qrs,0,0,1,
121,266959,741.5527777777778,1,NORMAL,N,Normal beat,qrs_peak,qrs,0,0,0,
121,267022,741.7277777777778,40,WFOFF,),Waveform end,qrs_offset,qrs,0,0,1,
121,267307,742.5194444444444,39,WFON,(,Waveform onset,qrs_onset,qrs,0,0,1,
121,267331,742.5861111111111,1,NORMAL,N,Normal beat,qrs_peak,qrs,0,0,0,
121,267395,742.7638888888889,40,WFOFF,),Waveform end,qrs_offset,qrs,0,0,1,
121,267678,743.55,39,WFON,(,Waveform onset,qrs_onset,qrs,0,0,1,
121,267693,743.5916666666667,1,NORMAL,N,Normal beat,qrs_peak,qrs,0,0,0,
121,267712,743.6444444444444,40,WFOFF,),Waveform end,qrs_offset,qrs,0,0,1,
121,267749,743.7472222222223,39,WFON,(,Waveform onset,t_onset,t,0,0,2,
121,267765,743.7916666666666,27,TWAVE,t,T-wave peak,t_peak,t,0,0,0,
121,267785,743.8472222222222,40,WFOFF,),Waveform end,t_offset,t,0,0,2,
121,268105,744.7361111111111,39,WFON,(,Waveform onset,qrs_onset,qrs,0,0,1,
121,268124,744.7888888888889,1,NORMAL,N,Normal beat,qrs_peak,qrs,0,0,0,
121,268150,744.8611111111111,40,WFOFF,),Waveform end,qrs_offset,qrs,0,0,1,
121,268471,745.7527777777777,39,WFON,(,Waveform onset,qrs_onset,qrs,0,0,1,
121,268494,745.8166666666667,1,NORMAL,N,Normal beat,qrs_peak,qrs,0,0,0,
121,268541,745.9472222222222,40,WFOFF,),Waveform end,qrs_offset,qrs,0,0,1,
121,268579,746.0527777777778,39,WFON,(,Waveform onset,t_onset,t,0,0,2,
121,268617,746.1583333333333,27,TWAVE,t,T-wave peak,t_peak,t,0,0,0,
121,268651,746.2527777777777,40,WFOFF,),Waveform end,t_offset,t,0,0,2,
121,268796,746.6555555555556,39,WFON,(,Waveform onset,qrs_onset,qrs,0,0,1,
121,268819,746.7194444444444,1,NORMAL,N,Normal beat,qrs_peak,qrs,0,0,0,
121,268888,746.9111111111112,40,WFOFF,),Waveform end,qrs_offset,qrs,0,0,1,
121,269161,747.6694444444445,39,WFON,(,Waveform onset,qrs_onset,qrs,0,0,1,
121,269192,747.7555555555556,1,NORMAL,N,Normal beat,qrs_peak,qrs,0,0,0,
121,269263,747.9527777777778,40,WFOFF,),Waveform end,qrs_offset,qrs,0,0,1,
121,269587,748.8527777777778,39,WFON,(,Waveform onset,qrs_onset,qrs,0,0,1,
121,269612,748.9222222222222,1,NORMAL,N,Normal beat,qrs_peak,qrs,0,0,0,
121,269638,748.9944444444444,40,WFOFF,),Waveform end,qrs_offset,qrs,0,0,1,
121,269913,749.7583333333333,39,WFON,(,Waveform onset,qrs_onset,qrs,0,0,1,
121,269948,749.8555555555556,1,NORMAL,N,Normal beat,qrs_peak,qrs,0,0,0,
121,270018,750.05,40,WFOFF,),Waveform end,qrs_offset,qrs,0,0,1,
121,270351,750.975,39,WFON,(,Waveform onset,qrs_onset,qrs,0,0,1,
121,270368,751.0222222222222,1,NORMAL,N,Normal beat,qrs_peak,qrs,0,0,0,
121,270394,751.0944444444444,40,WFOFF,),Waveform end,qrs_offset,qrs,0,0,1,
121,270743,752.0638888888889,1,NORMAL,N,Normal beat,qrs_peak,qrs,0,0,0,
121,270747,752.075,39,WFON,(,Waveform onset,qrs_onset,qrs,0,0,1,
121,270795,752.2083333333334,40,WFOFF,),Waveform end,qrs_offset,qrs,0,0,1,
121,270832,752.3111111111111,39,WFON,(,Waveform onset,t_onset,t,0,0,2,
121,270862,752.3944444444444,27,TWAVE,t,T-wave peak,t_peak,t,0,0,5,
121,270944,752.6222222222223,27,TWAVE,t,T-wave peak,t_peak,t,0,0,5,
121,270976,752.7111111111111,40,WFOFF,),Waveform end,t_offset,t,0,0,2,
121,271091,753.0305555555556,39,WFON,(,Waveform onset,qrs_onset,qrs,0,0,1,
121,271100,753.0555555555555,1,NORMAL,N,Normal beat,qrs_peak,qrs,0,0,0,
121,271130,753.1388888888889,40,WFOFF,),Waveform end,qrs_offset,qrs,0,0,1,
121,271396,753.8777777777777,39,WFON,(,Waveform onset,qrs_onset,qrs,0,0,1,
121,271422,753.95,1,NORMAL,N,Normal beat,qrs_peak,qrs,0,0,0,
121,271491,754.1416666666667,40,WFOFF,),Waveform end,qrs_offset,qrs,0,0,1,
121,271801,755.0027777777777,39,WFON,(,Waveform onset,qrs_onset,qrs,0,0,1,
121,271819,755.0527777777778,1,NORMAL,N,Normal beat,qrs_peak,qrs,0,0,0,
121,271843,755.1194444444444,40,WFOFF,),Waveform end,qrs_offset,qrs,0,0,1,
121,272110,755.8611111111111,39,WFON,(,Waveform onset,qrs_onset,qrs,0,0,1,
121,272133,755.925,1,NORMAL,N,Normal beat,qrs_peak,qrs,0,0,0,
121,272175,756.0416666666666,40,WFOFF,),Waveform end,qrs_offset,qrs,0,0,1,
121,272187,756.075,39,WFON,(,Waveform onset,t_onset,t,0,0,2,
121,272201,756.1138888888889,27,TWAVE,t,T-wave peak,t_peak,t,0,0,0,
121,272219,756.1638888888889,40,WFOFF,),Waveform end,t_offset,t,0,0,2,
121,272469,756.8583333333333,39,WFON,(,Waveform onset,qrs_onset,qrs,0,0,1,
121,272492,756.9222222222222,1,NORMAL,N,Normal beat,qrs_peak,qrs,0,0,0,
121,272560,757.1111111111111,40,WFOFF,),Waveform end,qrs_offset,qrs,0,0,1,
121,272909,758.0805555555555,39,WFON,(,Waveform onset,qrs_onset,qrs,0,0,1,
121,272915,758.0972222222222,1,NORMAL,N,Normal beat,qrs_peak,qrs,0,0,0,
121,272955,758.2083333333334,40,WFOFF,),Waveform end,qrs_offset,qrs,0,0,1,
121,272998,758.3277777777778,39,WFON,(,Waveform onset,t_onset,t,0,0,2,
121,273028,758.4111111111112,27,TWAVE,t,T-wave peak,t_peak,t,0,0,5,
121,273113,758.6472222222222,27,TWAVE,t,T-wave peak,t_peak,t,0,0,5,
121,273136,758.7111111111111,40,WFOFF,),Waveform end,t_offset,t,0,0,2,
121,273270,759.0833333333334,39,WFON,(,Waveform onset,qrs_onset,qrs,0,0,1,
121,273276,759.1,1,NORMAL,N,Normal beat,qrs_peak,qrs,0,0,0,
121,273317,759.2138888888888,40,WFOFF,),Waveform end,qrs_offset,qrs,0,0,1,
121,273330,759.25,39,WFON,(,Waveform onset,t_onset,t,0,0,2,
121,273387,759.4083333333333,27,TWAVE,t,T-wave peak,t_peak,t,0,0,0,
121,273423,759.5083333333333,40,WFOFF,),Waveform end,t_offset,t,0,0,2,
121,273563,759.8972222222222,39,WFON,(,Waveform onset,qrs_onset,qrs,0,0,1,
121,273588,759.9666666666667,1,NORMAL,N,Normal beat,qrs_peak,qrs,0,0,0,
121,273657,760.1583333333333,40,WFOFF,),Waveform end,qrs_offset,qrs,0,0,1,
121,273986,761.0722222222222,39,WFON,(,Waveform onset,qrs_onset,qrs,0,0,1,
121,274008,761.1333333333333,1,NORMAL,N,Normal beat,qrs_peak,qrs,0,0,0,
121,274031,761.1972222222222,40,WFOFF,),Waveform end,qrs_offset,qrs,0,0,1,
121,274349,762.0805555555555,39,WFON,(,Waveform onset,qrs_onset,qrs,0,0,1,
121,274367,762.1305555555556,1,NORMAL,N,Normal beat,qrs_peak,qrs,0,0,0,
121,274395,762.2083333333334,40,WFOFF,),Waveform end,qrs_offset,qrs,0,0,1,
121,274396,762.2111111111111,39,WFON,(,Waveform onset,t_onset,t,0,0,2,
121,274498,762.4944444444444,27,TWAVE,t,T-wave peak,t_peak,t,0,0,1,
121,274585,762.7361111111111,40,WFOFF,),Waveform end,t_offset,t,0,0,2,
121,274721,763.1138888888889,39,WFON,(,Waveform onset,qrs_onset,qrs,0,0,1,
121,274737,763.1583333333333,1,NORMAL,N,Normal beat,qrs_peak,qrs,0,0,0,
121,274765,763.2361111111111,40,WFOFF,),Waveform end,qrs_offset,qrs,0,0,1,
121,275083,764.1194444444444,39,WFON,(,Waveform onset,qrs_onset,qrs,0,0,1,
121,275101,764.1694444444445,1,NORMAL,N,Normal beat,qrs_peak,qrs,0,0,0,
121,275131,764.2527777777777,40,WFOFF,),Waveform end,qrs_offset,qrs,0,0,1,
121,275466,765.1833333333333,39,WFON,(,Waveform onset,qrs_onset,qrs,0,0,1,
121,275473,765.2027777777778,1,NORMAL,N,Normal beat,qrs_peak,qrs,0,0,0,
121,275514,765.3166666666667,40,WFOFF,),Waveform end,qrs_offset,qrs,0,0,1,
121,275540,765.3888888888889,39,WFON,(,Waveform onset,t_onset,t,0,0,2,
121,275585,765.5138888888889,27,TWAVE,t,T-wave peak,t_peak,t,0,0,5,
121,275671,765.7527777777777,27,TWAVE,t,T-wave peak,t_peak,t,0,0,5,
121,275704,765.8444444444444,40,WFOFF,),Waveform end,t_offset,t,0,0,2,
121,275802,766.1166666666667,39,WFON,(,Waveform onset,qrs_onset,qrs,0,0,1,
121,275820,766.1666666666666,1,NORMAL,N,Normal beat,qrs_peak,qrs,0,0,0,
121,275849,766.2472222222223,40,WFOFF,),Waveform end,qrs_offset,qrs,0,0,1,
121,276222,767.2833333333333,39,WFON,(,Waveform onset,qrs_onset,qrs,0,0,1,
121,276237,767.325,1,NORMAL,N,Normal beat,qrs_peak,qrs,0,0,0,
121,276258,767.3833333333333,40,WFOFF,),Waveform end,qrs_offset,qrs,0,0,1,
121,276284,767.4555555555555,39,WFON,(,Waveform onset,t_onset,t,0,0,2,
121,276313,767.5361111111112,27,TWAVE,t,T-wave peak,t_peak,t,0,0,5,
121,276398,767.7722222222222,27,TWAVE,t,T-wave peak,t_peak,t,0,0,5,
121,276450,767.9166666666666,40,WFOFF,),Waveform end,t_offset,t,0,0,2,
121,276553,768.2027777777778,1,NORMAL,N,Normal beat,qrs_peak,qrs,0,0,0,
121,276560,768.2222222222222,39,WFON,(,Waveform onset,qrs_onset,qrs,0,0,1,
121,276606,768.35,40,WFOFF,),Waveform end,qrs_offset,qrs,0,0,1,
121,276642,768.45,39,WFON,(,Waveform onset,t_onset,t,0,0,2,
121,276668,768.5222222222222,27,TWAVE,t,T-wave peak,t_peak,t,0,0,5,
121,276754,768.7611111111111,27,TWAVE,t,T-wave peak,t_peak,t,0,0,5,
121,276785,768.8472222222222,40,WFOFF,),Waveform end,t_offset,t,0,0,2,
121,276883,769.1194444444444,39,WFON,(,Waveform onset,qrs_onset,qrs,0,0,1,
121,276902,769.1722222222222,1,NORMAL,N,Normal beat,qrs_peak,qrs,0,0,0,
121,276930,769.25,40,WFOFF,),Waveform end,qrs_offset,qrs,0,0,1,
121,277243,770.1194444444444,39,WFON,(,Waveform onset,qrs_onset,qrs,0,0,1,
121,277260,770.1666666666666,1,NORMAL,N,Normal beat,qrs_peak,qrs,0,0,0,
121,277286,770.2388888888889,40,WFOFF,),Waveform end,qrs_offset,qrs,0,0,1,
121,277580,771.0555555555555,39,WFON,(,Waveform onset,qrs_onset,qrs,0,0,1,
121,277597,771.1027777777778,1,NORMAL,N,Normal beat,qrs_peak,qrs,0,0,0,
121,277625,771.1805555555555,40,WFOFF,),Waveform end,qrs_offset,qrs,0,0,1,
121,277916,771.9888888888889,39,WFON,(,Waveform onset,qrs_onset,qrs,0,0,1,
121,277934,772.0388888888889,1,NORMAL,N,Normal beat,qrs_peak,qrs,0,0,0,
121,277963,772.1194444444444,40,WFOFF,),Waveform end,qrs_offset,qrs,0,0,1,
121,278274,772.9833333333333,39,WFON,(,Waveform onset,qrs_onset,qrs,0,0,1,
121,278294,773.0388888888889,1,NORMAL,N,Normal beat,qrs_peak,qrs,0,0,0,
121,278318,773.1055555555556,40,WFOFF,),Waveform end,qrs_offset,qrs,0,0,1,
121,278622,773.95,39,WFON,(,Waveform onset,qrs_onset,qrs,0,0,1,
121,278642,774.0055555555556,1,NORMAL,N,Normal beat,qrs_peak,qrs,0,0,0,
121,278666,774.0722222222222,40,WFOFF,),Waveform end,qrs_offset,qrs,0,0,1,
121,278948,774.8555555555556,39,WFON,(,Waveform onset,qrs_onset,qrs,0,0,1,
121,278952,774.8666666666667,1,NORMAL,N,Normal beat,qrs_peak,qrs,0,0,0,
121,279020,775.0555555555555,40,WFOFF,),Waveform end,qrs_offset,qrs,0,0,1,
121,279358,775.9944444444444,39,WFON,(,Waveform onset,qrs_onset,qrs,0,0,1,
121,279364,776.0111111111111,1,NORMAL,N,Normal beat,qrs_peak,qrs,0,0,0,
121,279406,776.1277777777777,40,WFOFF,),Waveform end,qrs_offset,qrs,0,0,1,
121,279432,776.2,39,WFON,(,Waveform onset,t_onset,t,0,0,2,
121,279477,776.325,27,TWAVE,t,T-wave peak,t_peak,t,0,0,5,
121,279554,776.5388888888889,27,TWAVE,t,T-wave peak,t_peak,t,0,0,5,
121,279595,776.6527777777778,40,WFOFF,),Waveform end,t_offset,t,0,0,2,
121,279691,776.9194444444445,39,WFON,(,Waveform onset,qrs_onset,qrs,0,0,1,
121,279711,776.975,1,NORMAL,N,Normal beat,qrs_peak,qrs,0,0,0,
121,279736,777.0444444444445,40,WFOFF,),Waveform end,qrs_offset,qrs,0,0,1,
121,280051,777.9194444444445,39,WFON,(,Waveform onset,qrs_onset,qrs,0,0,1,
121,280071,777.975,1,NORMAL,N,Normal beat,qrs_peak,qrs,0,0,0,
121,280097,778.0472222222222,40,WFOFF,),Waveform end,qrs_offset,qrs,0,0,1,
121,280378,778.8277777777778,39,WFON,(,Waveform onset,qrs_onset,qrs,0,0,1,
121,280383,778.8416666666667,1,NORMAL,N,Normal beat,qrs_peak,qrs,0,0,0,
121,280451,779.0305555555556,40,WFOFF,),Waveform end,qrs_offset,qrs,0,0,1,
121,280789,779.9694444444444,39,WFON,(,Waveform onset,qrs_onset,qrs,0,0,1,
121,280791,779.975,1,NORMAL,N,Normal beat,qrs_peak,qrs,0,0,0,
121,280833,780.0916666666667,40,WFOFF,),Waveform end,qrs_offset,qrs,0,0,1,
121,280883,780.2305555555556,39,WFON,(,Waveform onset,t_onset,t,0,0,2,
121,280902,780.2833333333333,27,TWAVE,t,T-wave peak,t_peak,t,0,0,5,
121,280992,780.5333333333333,27,TWAVE,t,T-wave peak,t_peak,t,0,0,5,
121,281010,780.5833333333334,40,WFOFF,),Waveform end,t_offset,t,0,0,2,
121,281136,780.9333333333333,39,WFON,(,Waveform onset,qrs_onset,qrs,0,0,1,
121,281141,780.9472222222222,1,NORMAL,N,Normal beat,qrs_peak,qrs,0,0,0,
121,281181,781.0583333333333,40,WFOFF,),Waveform end,qrs_offset,qrs,0,0,1,
121,281195,781.0972222222222,39,WFON,(,Waveform onset,t_onset,t,0,0,2,
121,281255,781.2638888888889,27,TWAVE,t,T-wave peak,t_peak,t,0,0,0,
121,281295,781.375,40,WFOFF,),Waveform end,t_offset,t,0,0,2,
121,281404,781.6777777777778,39,WFON,(,Waveform onset,qrs_onset,qrs,0,0,1,
121,281438,781.7722222222222,1,NORMAL,N,Normal beat,qrs_peak,qrs,0,0,0,
121,281505,781.9583333333334,40,WFOFF,),Waveform end,qrs_offset,qrs,0,0,1,
121,281764,782.6777777777778,39,WFON,(,Waveform onset,qrs_onset,qrs,0,0,1,
121,281788,782.7444444444444,1,NORMAL,N,Normal beat,qrs_peak,qrs,0,0,0,
121,281857,782.9361111111111,40,WFOFF,),Waveform end,qrs_offset,qrs,0,0,1,
121,282175,783.8194444444445,39,WFON,(,Waveform onset,qrs_onset,qrs,0,0,1,
121,282187,783.8527777777778,1,NORMAL,N,Normal beat,qrs_peak,qrs,0,0,0,
121,282214,783.9277777777778,40,WFOFF,),Waveform end,qrs_offset,qrs,0,0,1,
121,282447,784.575,39,WFON,(,Waveform onset,qrs_onset,qrs,0,0,1,
121,282495,784.7083333333334,1,NORMAL,N,Normal beat,qrs_peak,qrs,0,0,0,
121,282565,784.9027777777778,40,WFOFF,),Waveform end,qrs_offset,qrs,0,0,1,
121,282878,785.7722222222222,1,NORMAL,N,Normal beat,qrs_peak,qrs,0,0,0,
121,282888,785.8,39,WFON,(,Waveform onset,qrs_onset,qrs,0,0,1,
121,282934,785.9277777777778,40,WFOFF,),Waveform end,qrs_offset,qrs,0,0,1,
121,282961,786.0027777777777,39,WFON,(,Waveform onset,t_onset,t,0,0,2,
121,282997,786.1027777777778,27,TWAVE,t,T-wave peak,t_peak,t,0,0,0,
121,283034,786.2055555555555,40,WFOFF,),Waveform end,t_offset,t,0,0,2,
121,283157,786.5472222222222,39,WFON,(,Waveform onset,qrs_onset,qrs,0,0,1,
121,283179,786.6083333333333,1,NORMAL,N,Normal beat,qrs_peak,qrs,0,0,0,
121,283248,786.8,40,WFOFF,),Waveform end,qrs_offset,qrs,0,0,1,
121,283517,787.5472222222222,39,WFON,(,Waveform onset,qrs_onset,qrs,0,0,1,
121,283530,787.5833333333334,1,NORMAL,N,Normal beat,qrs_peak,qrs,0,0,0,
121,283610,787.8055555555555,40,WFOFF,),Waveform end,qrs_offset,qrs,0,0,1,
121,283625,787.8472222222222,39,WFON,(,Waveform onset,t_onset,t,0,0,2,
121,283698,788.05,27,TWAVE,t,T-wave peak,t_peak,t,0,0,5,
121,283801,788.3361111111111,27,TWAVE,t,T-wave peak,t_peak,t,0,0,5,
121,283822,788.3944444444444,40,WFOFF,),Waveform end,t_offset,t,0,0,2,
121,283917,788.6583333333333,39,WFON,(,Waveform onset,qrs_onset,qrs,0,0,1,
121,283927,788.6861111111111,1,NORMAL,N,Normal beat,qrs_peak,qrs,0,0,0,
121,283956,788.7666666666667,40,WFOFF,),Waveform end,qrs_offset,qrs,0,0,1,
121,284279,789.6638888888889,39,WFON,(,Waveform onset,qrs_onset,qrs,0,0,1,
121,284294,789.7055555555555,1,NORMAL,N,Normal beat,qrs_peak,qrs,0,0,0,
121,284322,789.7833333333333,40,WFOFF,),Waveform end,qrs_offset,qrs,0,0,1,
121,284585,790.5138888888889,39,WFON,(,Waveform onset,qrs_onset,qrs,0,0,1,
121,284619,790.6083333333333,1,NORMAL,N,Normal beat,qrs_peak,qrs,0,0,0,
121,284694,790.8166666666667,40,WFOFF,),Waveform end,qrs_offset,qrs,0,0,1,
121,284765,791.0138888888889,39,WFON,(,Waveform onset,t_onset,t,0,0,2,
121,284781,791.0583333333333,27,TWAVE,t,T-wave peak,t_peak,t,0,0,0,
121,284814,791.15,40,WFOFF,),Waveform end,t_offset,t,0,0,2,
121,284940,791.5,39,WFON,(,Waveform onset,qrs_onset,qrs,0,0,1,
121,284980,791.6111111111111,1,NORMAL,N,Normal beat,qrs_peak,qrs,0,0,0,
121,285050,791.8055555555555,40,WFOFF,),Waveform end,qrs_offset,qrs,0,0,1,
121,285372,792.7,39,WFON,(,Waveform onset,qrs_onset,qrs,0,0,1,
121,285391,792.7527777777777,1,NORMAL,N,Normal beat,qrs_peak,qrs,0,0,0,
121,285457,792.9361111111111,40,WFOFF,),Waveform end,qrs_offset,qrs,0,0,1,
121,285483,793.0083333333333,39,WFON,(,Waveform onset,t_onset,t,0,0,2,
121,285514,793.0944444444444,27,TWAVE,t,T-wave peak,t_peak,t,0,0,5,
121,285582,793.2833333333333,27,TWAVE,t,T-wave peak,t_peak,t,0,0,5,
121,285598,793.3277777777778,40,WFOFF,),Waveform end,t_offset,t,0,0,2,
121,285746,793.7388888888889,39,WFON,(,Waveform onset,qrs_onset,qrs,0,0,1,
121,285752,793.7555555555556,1,NORMAL,N,Normal beat,qrs_peak,qrs,0,0,0,
121,285789,793.8583333333333,40,WFOFF,),Waveform end,qrs_offset,qrs,0,0,1,
121,285824,793.9555555555555,39,WFON,(,Waveform onset,t_onset,t,0,0,2,
121,285865,794.0694444444445,27,TWAVE,t,T-wave peak,t_peak,t,0,0,5,
121,285991,794.4194444444445,27,TWAVE,t,T-wave peak,t_peak,t,0,0,5,
121,286007,794.4638888888888,40,WFOFF,),Waveform end,t_offset,t,0,0,2,
121,286111,794.7527777777777,1,NORMAL,N,Normal beat,qrs_peak,qrs,0,0,0,
121,286116,794.7666666666667,39,WFON,(,Waveform onset,qrs_onset,qrs,0,0,1,
121,286151,794.8638888888889,40,WFOFF,),Waveform end,qrs_offset,qrs,0,0,1,
121,286205,795.0138888888889,39,WFON,(,Waveform onset,t_onset,t,0,0,2,
121,286233,795.0916666666667,27,TWAVE,t,T-wave peak,t_peak,t,0,0,0,
121,286301,795.2805555555556,40,WFOFF,),Waveform end,t_offset,t,0,0,2,
121,286314,795.3166666666667,39,WFON,(,Waveform onset,p_onset,p,0,0,0,
121,286318,795.3277777777778,24,PWAVE,p,P-wave peak,p_peak,p,0,0,0,
121,286320,795.3333333333334,40,WFOFF,),Waveform end,p_offset,p,0,0,0,
121,286399,795.5527777777778,39,WFON,(,Waveform onset,qrs_onset,qrs,0,0,1,
121,286434,795.65,1,NORMAL,N,Normal beat,qrs_peak,qrs,0,0,0,
121,286506,795.85,40,WFOFF,),Waveform end,qrs_offset,qrs,0,0,1,
121,286567,796.0194444444444,39,WFON,(,Waveform onset,t_onset,t,0,0,2,
121,286596,796.1,27,TWAVE,t,T-wave peak,t_peak,t,0,0,0,
121,286650,796.25,40,WFOFF,),Waveform end,t_offset,t,0,0,2,
121,286766,796.5722222222222,39,WFON,(,Waveform onset,qrs_onset,qrs,0,0,1,
121,286792,796.6444444444444,1,NORMAL,N,Normal beat,qrs_peak,qrs,0,0,0,
121,286860,796.8333333333334,40,WFOFF,),Waveform end,qrs_offset,qrs,0,0,1,
121,287108,797.5222222222222,39,WFON,(,Waveform onset,qrs_onset,qrs,0,0,1,
121,287142,797.6166666666667,1,NORMAL,N,Normal beat,qrs_peak,qrs,0,0,0,
121,287210,797.8055555555555,40,WFOFF,),Waveform end,qrs_offset,qrs,0,0,1,
121,287474,798.5388888888889,39,WFON,(,Waveform onset,qrs_onset,qrs,0,0,1,
121,287502,798.6166666666667,1,NORMAL,N,Normal beat,qrs_peak,qrs,0,0,0,
121,287568,798.8,40,WFOFF,),Waveform end,qrs_offset,qrs,0,0,1,
121,287901,799.725,1,NORMAL,N,Normal beat,qrs_peak,qrs,0,0,0,
121,287906,799.7388888888889,39,WFON,(,Waveform onset,qrs_onset,qrs,0,0,1,
121,287954,799.8722222222223,40,WFOFF,),Waveform end,qrs_offset,qrs,0,0,1,
121,287993,799.9805555555556,39,WFON,(,Waveform onset,t_onset,t,0,0,2,
121,288018,800.05,27,TWAVE,t,T-wave peak,t_peak,t,0,0,0,
121,288054,800.15,40,WFOFF,),Waveform end,t_offset,t,0,0,2,
121,288241,800.6694444444445,39,WFON,(,Waveform onset,qrs_onset,qrs,0,0,1,
121,288257,800.7138888888888,1,NORMAL,N,Normal beat,qrs_peak,qrs,0,0,0,
121,288285,800.7916666666666,40,WFOFF,),Waveform end,qrs_offset,qrs,0,0,1,
121,288599,801.6638888888889,39,WFON,(,Waveform onset,qrs_onset,qrs,0,0,1,
121,288609,801.6916666666667,1,NORMAL,N,Normal beat,qrs_peak,qrs,0,0,0,
121,288635,801.7638888888889,40,WFOFF,),Waveform end,qrs_offset,qrs,0,0,1,
121,288885,802.4583333333334,39,WFON,(,Waveform onset,qrs_onset,qrs,0,0,1,
121,288920,802.5555555555555,1,NORMAL,N,Normal beat,qrs_peak,qrs,0,0,0,
121,288993,802.7583333333333,40,WFOFF,),Waveform end,qrs_offset,qrs,0,0,1,
121,289035,802.875,39,WFON,(,Waveform onset,t_onset,t,0,0,2,
121,289080,803.0,27,TWAVE,t,T-wave peak,t_peak,t,0,0,0,
121,289114,803.0944444444444,40,WFOFF,),Waveform end,t_offset,t,0,0,2,
121,289322,803.6722222222222,39,WFON,(,Waveform onset,qrs_onset,qrs,0,0,1,
121,289328,803.6888888888889,1,NORMAL,N,Normal beat,qrs_peak,qrs,0,0,0,
121,289371,803.8083333333333,40,WFOFF,),Waveform end,qrs_offset,qrs,0,0,1,
121,289417,803.9361111111111,39,WFON,(,Waveform onset,t_onset,t,0,0,2,
121,289441,804.0027777777777,27,TWAVE,t,T-wave peak,t_peak,t,0,0,0,
121,289479,804.1083333333333,40,WFOFF,),Waveform end,t_offset,t,0,0,2,
121,289604,804.4555555555555,39,WFON,(,Waveform onset,qrs_onset,qrs,0,0,1,
121,289630,804.5277777777778,1,NORMAL,N,Normal beat,qrs_peak,qrs,0,0,0,
121,289670,804.6388888888889,40,WFOFF,),Waveform end,qrs_offset,qrs,0,0,1,
121,289683,804.675,39,WFON,(,Waveform onset,t_onset,t,0,0,2,
121,289699,804.7194444444444,27,TWAVE,t,T-wave peak,t_peak,t,0,0,0,
121,289717,804.7694444444444,40,WFOFF,),Waveform end,t_offset,t,0,0,2,
121,289960,805.4444444444445,39,WFON,(,Waveform onset,qrs_onset,qrs,0,0,1,
121,289987,805.5194444444444,1,NORMAL,N,Normal beat,qrs_peak,qrs,0,0,0,
121,290069,805.7472222222223,40,WFOFF,),Waveform end,qrs_offset,qrs,0,0,1,
121,290101,805.8361111111111,39,WFON,(,Waveform onset,t_onset,t,0,0,2,
121,290144,805.9555555555555,27,TWAVE,t,T-wave peak,t_peak,t,0,0,5,
121,290241,806.225,27,TWAVE,t,T-wave peak,t_peak,t,0,0,5,
121,290267,806.2972222222222,40,WFOFF,),Waveform end,t_offset,t,0,0,2,
121,290356,806.5444444444445,39,WFON,(,Waveform onset,qrs_onset,qrs,0,0,1,
121,290387,806.6305555555556,1,NORMAL,N,Normal beat,qrs_peak,qrs,0,0,0,
121,290411,806.6972222222222,40,WFOFF,),Waveform end,qrs_offset,qrs,0,0,1,
121,290708,807.5222222222222,39,WFON,(,Waveform onset,qrs_onset,qrs,0,0,1,
121,290733,807.5916666666667,1,NORMAL,N,Normal beat,qrs_peak,qrs,0,0,0,
121,290758,807.6611111111112,40,WFOFF,),Waveform end,qrs_offset,qrs,0,0,1,
121,291058,808.4944444444444,39,WFON,(,Waveform onset,qrs_onset,qrs,0,0,1,
121,291094,808.5944444444444,1,NORMAL,N,Normal beat,qrs_peak,qrs,0,0,0,
121,291171,808.8083333333333,40,WFOFF,),Waveform end,qrs_offset,qrs,0,0,1,
121,291199,808.8861111111111,39,WFON,(,Waveform onset,t_onset,t,0,0,2,
121,291220,808.9444444444445,27,TWAVE,t,T-wave peak,t_peak,t,0,0,0,
121,291257,809.0472222222222,40,WFOFF,),Waveform end,t_offset,t,0,0,2,
121,291394,809.4277777777778,39,WFON,(,Waveform onset,qrs_onset,qrs,0,0,1,
121,291431,809.5305555555556,1,NORMAL,N,Normal beat,qrs_peak,qrs,0,0,0,
121,291494,809.7055555555555,40,WFOFF,),Waveform end,qrs_offset,qrs,0,0,1,
121,291838,810.6611111111112,1,NORMAL,N,Normal beat,qrs_peak,qrs,0,0,0,
121,291843,810.675,39,WFON,(,Waveform onset,qrs_onset,qrs,0,0,1,
121,291893,810.8138888888889,40,WFOFF,),Waveform end,qrs_offset,qrs,0,0,1,
121,291939,810.9416666666667,39,WFON,(,Waveform onset,t_onset,t,0,0,2,
121,291955,810.9861111111111,27,TWAVE,t,T-wave peak,t_peak,t,0,0,5,
121,292052,811.2555555555556,27,TWAVE,t,T-wave peak,t_peak,t,0,0,5,
121,292070,811.3055555555555,40,WFOFF,),Waveform end,t_offset,t,0,0,2,
121,292162,811.5611111111111,39,WFON,(,Waveform onset,qrs_onset,qrs,0,0,1,
121,292199,811.6638888888889,1,NORMAL,N,Normal beat,qrs_peak,qrs,0,0,0,
121,292276,811.8777777777777,40,WFOFF,),Waveform end,qrs_offset,qrs,0,0,1,
121,292308,811.9666666666667,39,WFON,(,Waveform onset,t_onset,t,0,0,2,
121,292332,812.0333333333333,27,TWAVE,t,T-wave peak,t_peak,t,0,0,0,
121,292367,812.1305555555556,40,WFOFF,),Waveform end,t_offset,t,0,0,2,
121,292475,812.4305555555555,39,WFON,(,Waveform onset,qrs_onset,qrs,0,0,1,
121,292534,812.5944444444444,1,NORMAL,N,Normal beat,qrs_peak,qrs,0,0,0,
121,292598,812.7722222222222,40,WFOFF,),Waveform end,qrs_offset,qrs,0,0,1,
121,292924,813.6777777777778,39,WFON,(,Waveform onset,qrs_onset,qrs,0,0,1,
121,292942,813.7277777777778,1,NORMAL,N,Normal beat,qrs_peak,qrs,0,0,0,
121,292970,813.8055555555555,40,WFOFF,),Waveform end,qrs_offset,qrs,0,0,1,
121,293220,814.5,39,WFON,(,Waveform onset,qrs_onset,qrs,0,0,1,
121,293256,814.6,1,NORMAL,N,Normal beat,qrs_peak,qrs,0,0,0,
121,293326,814.7944444444445,40,WFOFF,),Waveform end,qrs_offset,qrs,0,0,1,
121,293591,815.5305555555556,39,WFON,(,Waveform onset,qrs_onset,qrs,0,0,1,
121,293626,815.6277777777777,1,NORMAL,N,Normal beat,qrs_peak,qrs,0,0,0,
121,293695,815.8194444444445,40,WFOFF,),Waveform end,qrs_offset,qrs,0,0,1,
121,293952,816.5333333333333,39,WFON,(,Waveform onset,qrs_onset,qrs,0,0,1,
121,293987,816.6305555555556,1,NORMAL,N,Normal beat,qrs_peak,qrs,0,0,0,
121,294056,816.8222222222222,40,WFOFF,),Waveform end,qrs_offset,qrs,0,0,1,
121,294377,817.7138888888888,39,WFON,(,Waveform onset,qrs_onset,qrs,0,0,1,
121,294396,817.7666666666667,1,NORMAL,N,Normal beat,qrs_peak,qrs,0,0,0,
121,294460,817.9444444444445,40,WFOFF,),Waveform end,qrs_offset,qrs,0,0,1,
121,294501,818.0583333333333,39,WFON,(,Waveform onset,t_onset,t,0,0,2,
121,294520,818.1111111111111,27,TWAVE,t,T-wave peak,t_peak,t,0,0,0,
121,294557,818.2138888888888,40,WFOFF,),Waveform end,t_offset,t,0,0,2,
121,294738,818.7166666666667,39,WFON,(,Waveform onset,qrs_onset,qrs,0,0,1,
121,294756,818.7666666666667,1,NORMAL,N,Normal beat,qrs_peak,qrs,0,0,0,
121,294833,818.9805555555556,40,WFOFF,),Waveform end,qrs_offset,qrs,0,0,1,
121,294836,818.9888888888889,39,WFON,(,Waveform onset,t_onset,t,0,0,2,
121,294880,819.1111111111111,27,TWAVE,t,T-wave peak,t_peak,t,0,0,5,
121,294984,819.4,27,TWAVE,t,T-wave peak,t_peak,t,0,0,5,
121,295000,819.4444444444445,40,WFOFF,),Waveform end,t_offset,t,0,0,2,
121,295108,819.7444444444444,39,WFON,(,Waveform onset,qrs_onset,qrs,0,0,1,
121,295116,819.7666666666667,1,NORMAL,N,Normal beat,qrs_peak,qrs,0,0,0,
121,295144,819.8444444444444,40,WFOFF,),Waveform end,qrs_offset,qrs,0,0,1,
121,295458,820.7166666666667,39,WFON,(,Waveform onset,qrs_onset,qrs,0,0,1,
121,295489,820.8027777777778,1,NORMAL,N,Normal beat,qrs_peak,qrs,0,0,0,
121,295514,820.8722222222223,40,WFOFF,),Waveform end,qrs_offset,qrs,0,0,1,
121,295753,821.5361111111112,39,WFON,(,Waveform onset,qrs_onset,qrs,0,0,1,
121,295813,821.7027777777778,1,NORMAL,N,Normal beat,qrs_peak,qrs,0,0,0,
121,295879,821.8861111111111,40,WFOFF,),Waveform end,qrs_offset,qrs,0,0,1,
121,296191,822.7527777777777,39,WFON,(,Waveform onset,qrs_onset,qrs,0,0,1,
121,296208,822.8,1,NORMAL,N,Normal beat,qrs_peak,qrs,0,0,0,
121,296232,822.8666666666667,40,WFOFF,),Waveform end,qrs_offset,qrs,0,0,1,
121,296600,823.8888888888889,39,WFON,(,Waveform onset,qrs_onset,qrs,0,0,1,
121,296616,823.9333333333333,1,NORMAL,N,Normal beat,qrs_peak,qrs,0,0,0,
121,296634,823.9833333333333,40,WFOFF,),Waveform end,qrs_offset,qrs,0,0,1,
121,296667,824.075,39,WFON,(,Waveform onset,t_onset,t,0,0,2,
121,296690,824.1388888888889,27,TWAVE,t,T-wave peak,t_peak,t,0,0,5,
121,296818,824.4944444444444,27,TWAVE,t,T-wave peak,t_peak,t,0,0,5,
121,296836,824.5444444444445,40,WFOFF,),Waveform end,t_offset,t,0,0,2,
121,296959,824.8861111111111,39,WFON,(,Waveform onset,qrs_onset,qrs,0,0,1,
121,296977,824.9361111111111,1,NORMAL,N,Normal beat,qrs_peak,qrs,0,0,0,
121,297007,825.0194444444444,40,WFOFF,),Waveform end,qrs_offset,qrs,0,0,1,
121,297020,825.0555555555555,39,WFON,(,Waveform onset,t_onset,t,0,0,2,
121,297054,825.15,27,TWAVE,t,T-wave peak,t_peak,t,0,0,0,
121,297089,825.2472222222223,40,WFOFF,),Waveform end,t_offset,t,0,0,2,
121,297223,825.6194444444444,39,WFON,(,Waveform onset,qrs_onset,qrs,0,0,1,
121,297253,825.7027777777778,1,NORMAL,N,Normal beat,qrs_peak,qrs,0,0,0,
121,297320,825.8888888888889,40,WFOFF,),Waveform end,qrs_offset,qrs,0,0,1,
121,297689,826.9138888888889,39,WFON,(,Waveform onset,qrs_onset,qrs,0,0,1,
121,297709,826.9694444444444,1,NORMAL,N,Normal beat,qrs_peak,qrs,0,0,0,
121,297776,827.1555555555556,40,WFOFF,),Waveform end,qrs_offset,qrs,0,0,1,
121,297896,827.4888888888889,27,TWAVE,t,T-wave peak,t_peak,t,0,0,2,
121,297929,827.5805555555555,40,WFOFF,),Waveform end,t_offset,t,0,0,2,
121,297981,827.725,39,WFON,(,Waveform onset,p_onset,p,0,0,0,
121,298003,827.7861111111112,24,PWAVE,p,P-wave peak,p_peak,p,0,0,0,
121,298019,827.8305555555555,40,WFOFF,),Waveform end,p_offset,p,0,0,0,
121,298034,827.8722222222223,39,WFON,(,Waveform onset,qrs_onset,qrs,0,0,1,
121,298051,827.9194444444445,1,NORMAL,N,Normal beat,qrs_peak,qrs,0,0,0,
121,298066,827.9611111111111,40,WFOFF,),Waveform end,qrs_offset,qrs,0,0,1,
121,298110,828.0833333333334,39,WFON,(,Waveform onset,t_onset,t,0,0,2,
121,298146,828.1833333333333,27,TWAVE,t,T-wave peak,t_peak,t,0,0,5,
121,298246,828.4611111111111,27,TWAVE,t,T-wave peak,t_peak,t,0,0,5,
121,298291,828.5861111111111,40,WFOFF,),Waveform end,t_offset,t,0,0,2,
121,298344,828.7333333333333,39,WFON,(,Waveform onset,p_onset,p,0,0,0,
121,298362,828.7833333333333,24,PWAVE,p,P-wave peak,p_peak,p,0,0,0,
121,298382,828.8388888888888,40,WFOFF,),Waveform end,p_offset,p,0,0,0,
121,298399,828.8861111111111,39,WFON,(,Waveform onset,qrs_onset,qrs,0,0,1,
121,298416,828.9333333333333,1,NORMAL,N,Normal beat,qrs_peak,qrs,0,0,0,
121,298432,828.9777777777778,40,WFOFF,),Waveform end,qrs_offset,qrs,0,0,1,
121,298464,829.0666666666667,39,WFON,(,Waveform onset,t_onset,t,0,0,2,
121,298516,829.2111111111111,27,TWAVE,t,T-wave peak,t_peak,t,0,0,5,
121,298616,829.4888888888889,27,TWAVE,t,T-wave peak,t_peak,t,0,0,5,
121,298648,829.5777777777778,40,WFOFF,),Waveform end,t_offset,t,0,0,2,
121,298713,829.7583333333333,39,WFON,(,Waveform onset,p_onset,p,0,0,0,
121,298733,829.8138888888889,24,PWAVE,p,P-wave peak,p_peak,p,0,0,0,
121,298752,829.8666666666667,40,WFOFF,),Waveform end,p_offset,p,0,0,0,
121,298767,829.9083333333333,39,WFON,(,Waveform onset,qrs_onset,qrs,0,0,1,
121,298784,829.9555555555555,1,NORMAL,N,Normal beat,qrs_peak,qrs,0,0,0,
121,298799,829.9972222222223,40,WFOFF,),Waveform end,qrs_offset,qrs,0,0,1,
121,298806,830.0166666666667,39,WFON,(,Waveform onset,t_onset,t,0,0,2,
121,298881,830.225,27,TWAVE,t,T-wave peak,t_peak,t,0,0,5,
121,299017,830.6027777777778,27,TWAVE,t,T-wave peak,t_peak,t,0,0,5,
121,299034,830.65,40,WFOFF,),Waveform end,t_offset,t,0,0,2,
121,299081,830.7805555555556,39,WFON,(,Waveform onset,p_onset,p,0,0,0,
121,299105,830.8472222222222,24,PWAVE,p,P-wave peak,p_peak,p,0,0,0,
121,299121,830.8916666666667,40,WFOFF,),Waveform end,p_offset,p,0,0,0,
121,299137,830.9361111111111,39,WFON,(,Waveform onset,qrs_onset,qrs,0,0,1,
121,299152,830.9777777777778,1,NORMAL,N,Normal beat,qrs_peak,qrs,0,0,0,
121,299166,831.0166666666667,40,WFOFF,),Waveform end,qrs_offset,qrs,0,0,1,
121,299208,831.1333333333333,39,WFON,(,Waveform onset,t_onset,t,0,0,2,
121,299243,831.2305555555556,27,TWAVE,t,T-wave peak,t_peak,t,0,0,5,
121,299377,831.6027777777778,27,TWAVE,t,T-wave peak,t_peak,t,0,0,5,
121,299395,831.6527777777778,40,WFOFF,),Waveform end,t_offset,t,0,0,2,
121,299436,831.7666666666667,39,WFON,(,Waveform onset,p_onset,p,0,0,0,
121,299455,831.8194444444445,24,PWAVE,p,P-wave peak,p_peak,p,0,0,0,
121,299475,831.875,40,WFOFF,),Waveform end,p_offset,p,0,0,0,
121,299494,831.9277777777778,39,WFON,(,Waveform onset,qrs_onset,qrs,0,0,1,
121,299510,831.9722222222222,1,NORMAL,N,Normal beat,qrs_peak,qrs,0,0,0,
121,299524,832.0111111111111,40,WFOFF,),Waveform end,qrs_offset,qrs,0,0,1,
121,299542,832.0611111111111,39,WFON,(,Waveform onset,t_onset,t,0,0,2,
121,299604,832.2333333333333,27,TWAVE,t,T-wave peak,t_peak,t,0,0,5,
121,299760,832.6666666666666,27,TWAVE,t,T-wave peak,t_peak,t,0,0,5,
121,299771,832.6972222222222,40,WFOFF,),Waveform end,t_offset,t,0,0,2,
121,299810,832.8055555555555,39,WFON,(,Waveform onset,p_onset,p,0,0,0,
121,299832,832.8666666666667,24,PWAVE,p,P-wave peak,p_peak,p,0,0,0,
121,299848,832.9111111111112,40,WFOFF,),Waveform end,p_offset,p,0,0,0,
121,299864,832.9555555555555,39,WFON,(,Waveform onset,qrs_onset,qrs,0,0,1,
121,299881,833.0027777777777,1,NORMAL,N,Normal beat,qrs_peak,qrs,0,0,0,
121,299896,833.0444444444445,40,WFOFF,),Waveform end,qrs_offset,qrs,0,0,1,
121,299941,833.1694444444445,39,WFON,(,Waveform onset,t_onset,t,0,0,2,
121,299980,833.2777777777778,27,TWAVE,t,T-wave peak,t_peak,t,0,0,5,
121,300111,833.6416666666667,27,TWAVE,t,T-wave peak,t_peak,t,0,0,5,
121,300125,833.6805555555555,40,WFOFF,),Waveform end,t_offset,t,0,0,2,
121,300173,833.8138888888889,39,WFON,(,Waveform onset,p_onset,p,0,0,0,
121,300194,833.8722222222223,24,PWAVE,p,P-wave peak,p_peak,p,0,0,0,
121,300214,833.9277777777778,40,WFOFF,),Waveform end,p_offset,p,0,0,0,
121,300228,833.9666666666667,39,WFON,(,Waveform onset,qrs_onset,qrs,0,0,1,
121,300243,834.0083333333333,1,NORMAL,N,Normal beat,qrs_peak,qrs,0,0,0,
121,300260,834.0555555555555,40,WFOFF,),Waveform end,qrs_offset,qrs,0,0,1,
121,300302,834.1722222222222,39,WFON,(,Waveform onset,t_onset,t,0,0,2,
121,300340,834.2777777777778,27,TWAVE,t,T-wave peak,t_peak,t,0,0,5,
121,300491,834.6972222222222,27,TWAVE,t,T-wave peak,t_peak,t,0,0,5,
121,300502,834.7277777777778,40,WFOFF,),Waveform end,t_offset,t,0,0,2,
121,300543,834.8416666666667,39,WFON,(,Waveform onset,p_onset,p,0,0,0,
121,300563,834.8972222222222,24,PWAVE,p,P-wave peak,p_peak,p,0,0,0,
121,300582,834.95,40,WFOFF,),Waveform end,p_offset,p,0,0,0,
121,300600,835.0,39,WFON,(,Waveform onset,qrs_onset,qrs,0,0,1,
121,300614,835.0388888888889,1,NORMAL,N,Normal beat,qrs_peak,qrs,0,0,0,
121,300630,835.0833333333334,40,WFOFF,),Waveform end,qrs_offset,qrs,0,0,1,
121,300694,835.2611111111111,39,WFON,(,Waveform onset,t_onset,t,0,0,2,
121,300709,835.3027777777778,27,TWAVE,t,T-wave peak,t_peak,t,0,0,5,
121,300793,835.5361111111112,27,TWAVE,t,T-wave peak,t_peak,t,0,0,5,
121,300823,835.6194444444444,40,WFOFF,),Waveform end,t_offset,t,0,0,2,
121,300910,835.8611111111111,39,WFON,(,Waveform onset,p_onset,p,0,0,0,
121,300932,835.9222222222222,24,PWAVE,p,P-wave peak,p_peak,p,0,0,0,
121,300947,835.9638888888888,40,WFOFF,),Waveform end,p_offset,p,0,0,0,
121,300962,836.0055555555556,39,WFON,(,Waveform onset,qrs_onset,qrs,0,0,1,
121,300977,836.0472222222222,1,NORMAL,N,Normal beat,qrs_peak,qrs,0,0,0,
121,300993,836.0916666666667,40,WFOFF,),Waveform end,qrs_offset,qrs,0,0,1,
121,301042,836.2277777777778,39,WFON,(,Waveform onset,t_onset,t,0,0,2,
121,301071,836.3083333333333,27,TWAVE,t,T-wave peak,t_peak,t,0,0,5,
121,301207,836.6861111111111,27,TWAVE,t,T-wave peak,t_peak,t,0,0,5,
121,301218,836.7166666666667,40,WFOFF,),Waveform end,t_offset,t,0,0,2,
121,301267,836.8527777777778,39,WFON,(,Waveform onset,p_onset,p,0,0,0,
121,301292,836.9222222222222,24,PWAVE,p,P-wave peak,p_peak,p,0,0,0,
121,301308,836.9666666666667,40,WFOFF,),Waveform end,p_offset,p,0,0,0,
121,301322,837.0055555555556,39,WFON,(,Waveform onset,qrs_onset,qrs,0,0,1,
121,301338,837.05,1,NORMAL,N,Normal beat,qrs_peak,qrs,0,0,0,
121,301352,837.0888888888888,40,WFOFF,),Waveform end,qrs_offset,qrs,0,0,1,
121,301407,837.2416666666667,39,WFON,(,Waveform onset,t_onset,t,0,0,2,
121,301431,837.3083333333333,27,TWAVE,t,T-wave peak,t_peak,t,0,0,5,
121,301551,837.6416666666667,27,TWAVE,t,T-wave peak,t_peak,t,0,0,5,
121,301583,837.7305555555556,40,WFOFF,),Waveform end,t_offset,t,0,0,2,
121,301639,837.8861111111111,39,WFON,(,Waveform onset,p_onset,p,0,0,0,
121,301666,837.9611111111111,24,PWAVE,p,P-wave peak,p_peak,p,0,0,0,
121,301680,838.0,40,WFOFF,),Waveform end,p_offset,p,0,0,0,
121,301695,838.0416666666666,39,WFON,(,Waveform onset,qrs_onset,qrs,0,0,1,
121,301711,838.0861111111111,1,NORMAL,N,Normal beat,qrs_peak,qrs,0,0,0,
121,301727,838.1305555555556,40,WFOFF,),Waveform end,qrs_offset,qrs,0,0,1,
121,301771,838.2527777777777,39,WFON,(,Waveform onset,t_onset,t,0,0,2,
121,301804,838.3444444444444,27,TWAVE,t,T-wave peak,t_peak,t,0,0,0,
121,301841,838.4472222222222,40,WFOFF,),Waveform end,t_offset,t,0,0,2,
121,302001,838.8916666666667,39,WFON,(,Waveform onset,p_onset,p,0,0,0,
121,302026,838.9611111111111,24,PWAVE,p,P-wave peak,p_peak,p,0,0,0,
121,302041,839.0027777777777,40,WFOFF,),Waveform end,p_offset,p,0,0,0,
121,302056,839.0444444444445,39,WFON,(,Waveform onset,qrs_onset,qrs,0,0,1,
121,302073,839.0916666666667,1,NORMAL,N,Normal beat,qrs_peak,qrs,0,0,0,
121,302086,839.1277777777777,40,WFOFF,),Waveform end,qrs_offset,qrs,0,0,1,
121,302127,839.2416666666667,39,WFON,(,Waveform onset,t_onset,t,0,0,2,
121,302168,839.3555555555556,27,TWAVE,t,T-wave peak,t_peak,t,0,0,0,
121,302210,839.4722222222222,40,WFOFF,),Waveform end,t_offset,t,0,0,2,
121,302357,839.8805555555556,39,WFON,(,Waveform onset,p_onset,p,0,0,0,
121,302377,839.9361111111111,24,PWAVE,p,P-wave peak,p_peak,p,0,0,0,
121,302393,839.9805555555556,40,WFOFF,),Waveform end,p_offset,p,0,0,0,
121,302408,840.0222222222222,39,WFON,(,Waveform onset,qrs_onset,qrs,0,0,1,
121,302427,840.075,1,NORMAL,N,Normal beat,qrs_peak,qrs,0,0,0,
121,302440,840.1111111111111,40,WFOFF,),Waveform end,qrs_offset,qrs,0,0,1,
121,302492,840.2555555555556,39,WFON,(,Waveform onset,t_onset,t,0,0,2,
121,302519,840.3305555555555,27,TWAVE,t,T-wave peak,t_peak,t,0,0,0,
121,302573,840.4805555555556,40,WFOFF,),Waveform end,t_offset,t,0,0,2,
121,302715,840.875,39,WFON,(,Waveform onset,p_onset,p,0,0,0,
121,302739,840.9416666666667,24,PWAVE,p,P-wave peak,p_peak,p,0,0,0,
121,302752,840.9777777777778,40,WFOFF,),Waveform end,p_offset,p,0,0,0,
121,302759,840.9972222222223,39,WFON,(,Waveform onset,qrs_onset,qrs,0,0,1,
121,302786,841.0722222222222,1,NORMAL,N,Normal beat,qrs_peak,qrs,0,0,0,
121,302801,841.1138888888889,40,WFOFF,),Waveform end,qrs_offset,qrs,0,0,1,
121,302844,841.2333333333333,39,WFON,(,Waveform onset,t_onset,t,0,0,2,
121,302879,841.3305555555555,27,TWAVE,t,T-wave peak,t_peak,t,0,0,5,
121,302977,841.6027777777778,27,TWAVE,t,T-wave peak,t_peak,t,0,0,5,
121,302987,841.6305555555556,40,WFOFF,),Waveform end,t_offset,t,0,0,2,
121,303066,841.85,39,WFON,(,Waveform onset,p_onset,p,0,0,0,
121,303091,841.9194444444445,24,PWAVE,p,P-wave peak,p_peak,p,0,0,0,
121,303105,841.9583333333334,40,WFOFF,),Waveform end,p_offset,p,0,0,0,
121,303120,842.0,39,WFON,(,Waveform onset,qrs_onset,qrs,0,0,1,
121,303137,842.0472222222222,1,NORMAL,N,Normal beat,qrs_peak,qrs,0,0,0,
121,303153,842.0916666666667,40,WFOFF,),Waveform end,qrs_offset,qrs,0,0,1,
121,303207,842.2416666666667,39,WFON,(,Waveform onset,t_onset,t,0,0,2,
121,303233,842.3138888888889,27,TWAVE,t,T-wave peak,t_peak,t,0,0,0,
121,303265,842.4027777777778,40,WFOFF,),Waveform end,t_offset,t,0,0,2,
121,303421,842.8361111111111,39,WFON,(,Waveform onset,p_onset,p,0,0,0,
121,303443,842.8972222222222,24,PWAVE,p,P-wave peak,p_peak,p,0,0,0,
121,303457,842.9361111111111,40,WFOFF,),Waveform end,p_offset,p,0,0,0,
121,303471,842.975,39,WFON,(,Waveform onset,qrs_onset,qrs,0,0,1,
121,303488,843.0222222222222,1,NORMAL,N,Normal beat,qrs_peak,qrs,0,0,0,
121,303504,843.0666666666667,40,WFOFF,),Waveform end,qrs_offset,qrs,0,0,1,
121,303554,843.2055555555555,39,WFON,(,Waveform onset,t_onset,t,0,0,2,
121,303582,843.2833333333333,27,TWAVE,t,T-wave peak,t_peak,t,0,0,5,
121,303673,843.5361111111112,27,TWAVE,t,T-wave peak,t_peak,t,0,0,5,
121,303683,843.5638888888889,40,WFOFF,),Waveform end,t_offset,t,0,0,2,
121,303770,843.8055555555555,39,WFON,(,Waveform onset,p_onset,p,0,0,0,
121,303791,843.8638888888889,24,PWAVE,p,P-wave peak,p_peak,p,0,0,0,
121,303807,843.9083333333333,40,WFOFF,),Waveform end,p_offset,p,0,0,0,
121,303823,843.9527777777778,39,WFON,(,Waveform onset,qrs_onset,qrs,0,0,1,
121,303838,843.9944444444444,1,NORMAL,N,Normal beat,qrs_peak,qrs,0,0,0,
121,303854,844.0388888888889,40,WFOFF,),Waveform end,qrs_offset,qrs,0,0,1,
121,303902,844.1722222222222,39,WFON,(,Waveform onset,t_onset,t,0,0,2,
121,303932,844.2555555555556,27,TWAVE,t,T-wave peak,t_peak,t,0,0,5,
121,304033,844.5361111111112,27,TWAVE,t,T-wave peak,t_peak,t,0,0,5,
121,304043,844.5638888888889,40,WFOFF,),Waveform end,t_offset,t,0,0,2,
121,304117,844.7694444444444,39,WFON,(,Waveform onset,p_onset,p,0,0,0,
121,304137,844.825,24,PWAVE,p,P-wave peak,p_peak,p,0,0,0,
121,304154,844.8722222222223,40,WFOFF,),Waveform end,p_offset,p,0,0,0,
121,304170,844.9166666666666,39,WFON,(,Waveform onset,qrs_onset,qrs,0,0,1,
121,304188,844.9666666666667,1,NORMAL,N,Normal beat,qrs_peak,qrs,0,0,0,
121,304202,845.0055555555556,40,WFOFF,),Waveform end,qrs_offset,qrs,0,0,1,
121,304253,845.1472222222222,39,WFON,(,Waveform onset,t_onset,t,0,0,2,
121,304279,845.2194444444444,27,TWAVE,t,T-wave peak,t_peak,t,0,0,5,
121,304412,845.5888888888888,27,TWAVE,t,T-wave peak,t_peak,t,0,0,5,
121,304425,845.625,40,WFOFF,),Waveform end,t_offset,t,0,0,2,
121,304465,845.7361111111111,39,WFON,(,Waveform onset,p_onset,p,0,0,0,
121,304476,845.7666666666667,24,PWAVE,p,P-wave peak,p_peak,p,0,0,0,
121,304504,845.8444444444444,40,WFOFF,),Waveform end,p_offset,p,0,0,0,
121,304517,845.8805555555556,39,WFON,(,Waveform onset,qrs_onset,qrs,0,0,1,
121,304536,845.9333333333333,1,NORMAL,N,Normal beat,qrs_peak,qrs,0,0,0,
121,304553,845.9805555555556,40,WFOFF,),Waveform end,qrs_offset,qrs,0,0,1,
121,304578,846.05,39,WFON,(,Waveform onset,t_onset,t,0,0,2,
121,304633,846.2027777777778,27,TWAVE,t,T-wave peak,t_peak,t,0,0,0,
121,304664,846.2888888888889,40,WFOFF,),Waveform end,t_offset,t,0,0,2,
121,304821,846.725,39,WFON,(,Waveform onset,p_onset,p,0,0,0,
121,304838,846.7722222222222,24,PWAVE,p,P-wave peak,p_peak,p,0,0,0,
121,304858,846.8277777777778,40,WFOFF,),Waveform end,p_offset,p,0,0,0,
121,304873,846.8694444444444,39,WFON,(,Waveform onset,qrs_onset,qrs,0,0,1,
121,304891,846.9194444444445,1,NORMAL,N,Normal beat,qrs_peak,qrs,0,0,0,
121,304905,846.9583333333334,40,WFOFF,),Waveform end,qrs_offset,qrs,0,0,1,
121,304943,847.0638888888889,39,WFON,(,Waveform onset,t_onset,t,0,0,2,
121,304981,847.1694444444445,27,TWAVE,t,T-wave peak,t_peak,t,0,0,5,
121,305094,847.4833333333333,27,TWAVE,t,T-wave peak,t_peak,t,0,0,5,
121,305112,847.5333333333333,40,WFOFF,),Waveform end,t_offset,t,0,0,2,
121,305174,847.7055555555555,39,WFON,(,Waveform onset,p_onset,p,0,0,0,
121,305195,847.7638888888889,24,PWAVE,p,P-wave peak,p_peak,p,0,0,0,
121,305212,847.8111111111111,40,WFOFF,),Waveform end,p_offset,p,0,0,0,
121,305225,847.8472222222222,39,WFON,(,Waveform onset,qrs_onset,qrs,0,0,1,
121,305243,847.8972222222222,1,NORMAL,N,Normal beat,qrs_peak,qrs,0,0,0,
121,305259,847.9416666666667,40,WFOFF,),Waveform end,qrs_offset,qrs,0,0,1,
121,305311,848.0861111111111,39,WFON,(,Waveform onset,t_onset,t,0,0,2,
121,305335,848.1527777777778,27,TWAVE,t,T-wave peak,t_peak,t,0,0,5,
121,305449,848.4694444444444,27,TWAVE,t,T-wave peak,t_peak,t,0,0,5,
121,305467,848.5194444444444,40,WFOFF,),Waveform end,t_offset,t,0,0,2,
121,305522,848.6722222222222,39,WFON,(,Waveform onset,p_onset,p,0,0,0,
121,305541,848.725,24,PWAVE,p,P-wave peak,p_peak,p,0,0,0,
121,305560,848.7777777777778,40,WFOFF,),Waveform end,p_offset,p,0,0,0,
121,305575,848.8194444444445,39,WFON,(,Waveform onset,qrs_onset,qrs,0,0,1,
121,305592,848.8666666666667,1,NORMAL,N,Normal beat,qrs_peak,qrs,0,0,0,
121,305609,848.9138888888889,40,WFOFF,),Waveform end,qrs_offset,qrs,0,0,1,
121,305656,849.0444444444445,39,WFON,(,Waveform onset,t_onset,t,0,0,2,
121,305690,849.1388888888889,27,TWAVE,t,T-wave peak,t_peak,t,0,0,5,
121,305821,849.5027777777777,27,TWAVE,t,T-wave peak,t_peak,t,0,0,5,
121,305832,849.5333333333333,40,WFOFF,),Waveform end,t_offset,t,0,0,2,
121,305872,849.6444444444444,39,WFON,(,Waveform onset,p_onset,p,0,0,0,
121,305890,849.6944444444445,24,PWAVE,p,P-wave peak,p_peak,p,0,0,0,
121,305911,849.7527777777777,40,WFOFF,),Waveform end,p_offset,p,0,0,0,
121,305926,849.7944444444445,39,WFON,(,Waveform onset,qrs_onset,qrs,0,0,1,
121,305944,849.8444444444444,1,NORMAL,N,Normal beat,qrs_peak,qrs,0,0,0,
121,305958,849.8833333333333,40,WFOFF,),Waveform end,qrs_offset,qrs,0,0,1,
121,305967,849.9083333333333,39,WFON,(,Waveform onset,t_onset,t,0,0,2,
121,306036,850.1,27,TWAVE,t,T-wave peak,t_peak,t,0,0,5,
121,306157,850.4361111111111,27,TWAVE,t,T-wave peak,t_peak,t,0,0,5,
121,306167,850.4638888888888,40,WFOFF,),Waveform end,t_offset,t,0,0,2,
121,306226,850.6277777777777,39,WFON,(,Waveform onset,p_onset,p,0,0,0,
121,306250,850.6944444444445,24,PWAVE,p,P-wave peak,p_peak,p,0,0,0,
121,306264,850.7333333333333,40,WFOFF,),Waveform end,p_offset,p,0,0,0,
121,306277,850.7694444444444,39,WFON,(,Waveform onset,qrs_onset,qrs,0,0,1,
121,306296,850.8222222222222,1,NORMAL,N,Normal beat,qrs_peak,qrs,0,0,0,
121,306310,850.8611111111111,40,WFOFF,),Waveform end,qrs_offset,qrs,0,0,1,
121,306352,850.9777777777778,39,WFON,(,Waveform onset,t_onset,t,0,0,2,
121,306389,851.0805555555555,27,TWAVE,t,T-wave peak,t_peak,t,0,0,0,
121,306425,851.1805555555555,40,WFOFF,),Waveform end,t_offset,t,0,0,2,
121,306582,851.6166666666667,39,WFON,(,Waveform onset,p_onset,p,0,0,0,
121,306595,851.6527777777778,24,PWAVE,p,P-wave peak,p_peak,p,0,0,0,
121,306620,851.7222222222222,40,WFOFF,),Waveform end,p_offset,p,0,0,0,
121,306636,851.7666666666667,39,WFON,(,Waveform onset,qrs_onset,qrs,0,0,1,
121,306654,851.8166666666667,1,NORMAL,N,Normal beat,qrs_peak,qrs,0,0,0,
121,306671,851.8638888888889,40,WFOFF,),Waveform end,qrs_offset,qrs,0,0,1,
121,306714,851.9833333333333,39,WFON,(,Waveform onset,t_onset,t,0,0,2,
121,306752,852.0888888888888,27,TWAVE,t,T-wave peak,t_peak,t,0,0,5,
121,306861,852.3916666666667,27,TWAVE,t,T-wave peak,t_peak,t,0,0,5,
121,306897,852.4916666666667,40,WFOFF,),Waveform end,t_offset,t,0,0,2,
121,306939,852.6083333333333,39,WFON,(,Waveform onset,p_onset,p,0,0,0,
121,306956,852.6555555555556,24,PWAVE,p,P-wave peak,p_peak,p,0,0,0,
121,306978,852.7166666666667,40,WFOFF,),Waveform end,p_offset,p,0,0,0,
121,306990,852.75,39,WFON,(,Waveform onset,qrs_onset,qrs,0,0,1,
121,307008,852.8,1,NORMAL,N,Normal beat,qrs_peak,qrs,0,0,0,
121,307024,852.8444444444444,40,WFOFF,),Waveform end,qrs_offset,qrs,0,0,1,
121,307075,852.9861111111111,39,WFON,(,Waveform onset,t_onset,t,0,0,2,
121,307102,853.0611111111111,27,TWAVE,t,T-wave peak,t_peak,t,0,0,5,
121,307196,853.3222222222222,27,TWAVE,t,T-wave peak,t_peak,t,0,0,5,
121,307263,853.5083333333333,40,WFOFF,),Waveform end,t_offset,t,0,0,2,
121,307297,853.6027777777778,39,WFON,(,Waveform onset,p_onset,p,0,0,0,
121,307312,853.6444444444444,24,PWAVE,p,P-wave peak,p_peak,p,0,0,0,
121,307337,853.7138888888888,40,WFOFF,),Waveform end,p_offset,p,0,0,0,
121,307349,853.7472222222223,39,WFON,(,Waveform onset,qrs_onset,qrs,0,0,1,
121,307368,853.8,1,NORMAL,N,Normal beat,qrs_peak,qrs,0,0,0,
121,307382,853.8388888888888,40,WFOFF,),Waveform end,qrs_offset,qrs,0,0,1,
121,307435,853.9861111111111,39,WFON,(,Waveform onset,t_onset,t,0,0,2,
121,307464,854.0666666666667,27,TWAVE,t,T-wave peak,t_peak,t,0,0,0,
121,307494,854.15,40,WFOFF,),Waveform end,t_offset,t,0,0,2,
121,307653,854.5916666666667,39,WFON,(,Waveform onset,p_onset,p,0,0,0,
121,307671,854.6416666666667,24,PWAVE,p,P-wave peak,p_peak,p,0,0,0,
121,307697,854.7138888888888,40,WFOFF,),Waveform end,p_offset,p,0,0,0,
121,307710,854.75,39,WFON,(,Waveform onset,qrs_onset,qrs,0,0,1,
121,307728,854.8,1,NORMAL,N,Normal beat,qrs_peak,qrs,0,0,0,
121,307743,854.8416666666667,40,WFOFF,),Waveform end,qrs_offset,qrs,0,0,1,
121,307795,854.9861111111111,39,WFON,(,Waveform onset,t_onset,t,0,0,2,
121,307825,855.0694444444445,27,TWAVE,t,T-wave peak,t_peak,t,0,0,5,
121,307913,855.3138888888889,27,TWAVE,t,T-wave peak,t_peak,t,0,0,5,
121,307933,855.3694444444444,40,WFOFF,),Waveform end,t_offset,t,0,0,2,
121,308009,855.5805555555555,39,WFON,(,Waveform onset,p_onset,p,0,0,0,
121,308029,855.6361111111111,24,PWAVE,p,P-wave peak,p_peak,p,0,0,0,
121,308047,855.6861111111111,40,WFOFF,),Waveform end,p_offset,p,0,0,0,
121,308063,855.7305555555556,39,WFON,(,Waveform onset,qrs_onset,qrs,0,0,1,
121,308079,855.775,1,NORMAL,N,Normal beat,qrs_peak,qrs,0,0,0,
121,308095,855.8194444444445,40,WFOFF,),Waveform end,qrs_offset,qrs,0,0,1,
121,308130,855.9166666666666,39,WFON,(,Waveform onset,t_onset,t,0,0,2,
121,308173,856.0361111111112,27,TWAVE,t,T-wave peak,t_peak,t,0,0,5,
121,308273,856.3138888888889,27,TWAVE,t,T-wave peak,t_peak,t,0,0,5,
121,308302,856.3944444444444,40,WFOFF,),Waveform end,t_offset,t,0,0,2,
121,308360,856.5555555555555,39,WFON,(,Waveform onset,p_onset,p,0,0,0,
121,308382,856.6166666666667,24,PWAVE,p,P-wave peak,p_peak,p,0,0,0,
121,308401,856.6694444444445,40,WFOFF,),Waveform end,p_offset,p,0,0,0,
121,308415,856.7083333333334,39,WFON,(,Waveform onset,qrs_onset,qrs,0,0,1,
121,308432,856.7555555555556,1,NORMAL,N,Normal beat,qrs_peak,qrs,0,0,0,
121,308445,856.7916666666666,40,WFOFF,),Waveform end,qrs_offset,qrs,0,0,1,
121,308476,856.8777777777777,39,WFON,(,Waveform onset,t_onset,t,0,0,2,
121,308519,856.9972222222223,27,TWAVE,t,T-wave peak,t_peak,t,0,0,5,
121,308609,857.2472222222223,27,TWAVE,t,T-wave peak,t_peak,t,0,0,5,
121,308616,857.2666666666667,40,WFOFF,),Waveform end,t_offset,t,0,0,2,
121,308729,857.5805555555555,39,WFON,(,Waveform onset,p_onset,p,0,0,0,
121,308753,857.6472222222222,24,PWAVE,p,P-wave peak,p_peak,p,0,0,0,
121,308769,857.6916666666667,40,WFOFF,),Waveform end,p_offset,p,0,0,0,
121,308782,857.7277777777778,39,WFON,(,Waveform onset,qrs_onset,qrs,0,0,1,
121,308801,857.7805555555556,1,NORMAL,N,Normal beat,qrs_peak,qrs,0,0,0,
121,308815,857.8194444444445,40,WFOFF,),Waveform end,qrs_offset,qrs,0,0,1,
121,308822,857.8388888888888,39,WFON,(,Waveform onset,t_onset,t,0,0,2,
121,308894,858.0388888888889,27,TWAVE,t,T-wave peak,t_peak,t,0,0,5,
121,308994,858.3166666666667,27,TWAVE,t,T-wave peak,t_peak,t,0,0,5,
121,309025,858.4027777777778,40,WFOFF,),Waveform end,t_offset,t,0,0,2,
121,309096,858.6,39,WFON,(,Waveform onset,p_onset,p,0,0,0,
121,309113,858.6472222222222,24,PWAVE,p,P-wave peak,p_peak,p,0,0,0,
121,309136,858.7111111111111,40,WFOFF,),Waveform end,p_offset,p,0,0,0,
121,309150,858.75,39,WFON,(,Waveform onset,qrs_onset,qrs,0,0,1,
121,309168,858.8,1,NORMAL,N,Normal beat,qrs_peak,qrs,0,0,0,
121,309182,858.8388888888888,40,WFOFF,),Waveform end,qrs_offset,qrs,0,0,1,
121,309228,858.9666666666667,39,WFON,(,Waveform onset,t_onset,t,0,0,2,
121,309260,859.0555555555555,27,TWAVE,t,T-wave peak,t_peak,t,0,0,5,
121,309346,859.2944444444445,27,TWAVE,t,T-wave peak,t_peak,t,0,0,5,
121,309357,859.325,40,WFOFF,),Waveform end,t_offset,t,0,0,2,
121,309458,859.6055555555556,39,WFON,(,Waveform onset,p_onset,p,0,0,0,
121,309476,859.6555555555556,24,PWAVE,p,P-wave peak,p_peak,p,0,0,0,
121,309498,859.7166666666667,40,WFOFF,),Waveform end,p_offset,p,0,0,0,
121,309513,859.7583333333333,39,WFON,(,Waveform onset,qrs_onset,qrs,0,0,1,
121,309531,859.8083333333333,1,NORMAL,N,Normal beat,qrs_peak,qrs,0,0,0,
121,309546,859.85,40,WFOFF,),Waveform end,qrs_offset,qrs,0,0,1,
121,309595,859.9861111111111,39,WFON,(,Waveform onset,t_onset,t,0,0,2,
121,309627,860.075,27,TWAVE,t,T-wave peak,t_peak,t,0,0,5,
121,309719,860.3305555555555,27,TWAVE,t,T-wave peak,t_peak,t,0,0,5,
121,309757,860.4361111111111,40,WFOFF,),Waveform end,t_offset,t,0,0,2,
121,309830,860.6388888888889,39,WFON,(,Waveform onset,p_onset,p,0,0,0,
121,309845,860.6805555555555,24,PWAVE,p,P-wave peak,p_peak,p,0,0,0,
121,309869,860.7472222222223,40,WFOFF,),Waveform end,p_offset,p,0,0,0,
121,309884,860.7888888888889,39,WFON,(,Waveform onset,qrs_onset,qrs,0,0,1,
121,309902,860.8388888888888,1,NORMAL,N,Normal beat,qrs_peak,qrs,0,0,0,
121,309915,860.875,40,WFOFF,),Waveform end,qrs_offset,qrs,0,0,1,
121,309966,861.0166666666667,39,WFON,(,Waveform onset,t_onset,t,0,0,2,
121,309995,861.0972222222222,27,TWAVE,t,T-wave peak,t_peak,t,0,0,5,
121,310075,861.3194444444445,27,TWAVE,t,T-wave peak,t_peak,t,0,0,5,
121,310088,861.3555555555556,40,WFOFF,),Waveform end,t_offset,t,0,0,2,
121,310194,861.65,39,WFON,(,Waveform onset,p_onset,p,0,0,0,
121,310216,861.7111111111111,24,PWAVE,p,P-wave peak,p_peak,p,0,0,0,
121,310234,861.7611111111111,40,WFOFF,),Waveform end,p_offset,p,0,0,0,
121,310240,861.7777777777778,39,WFON,(,Waveform onset,qrs_onset,qrs,0,0,1,
121,310266,861.85,1,NORMAL,N,Normal beat,qrs_peak,qrs,0,0,0,
121,310281,861.8916666666667,40,WFOFF,),Waveform end,qrs_offset,qrs,0,0,1,
121,310292,861.9222222222222,39,WFON,(,Waveform onset,t_onset,t,0,0,2,
121,310359,862.1083333333333,27,TWAVE,t,T-wave peak,t_peak,t,0,0,5,
121,310448,862.3555555555556,27,TWAVE,t,T-wave peak,t_peak,t,0,0,5,
121,310513,862.5361111111112,40,WFOFF,),Waveform end,t_offset,t,0,0,2,
121,310559,862.6638888888889,39,WFON,(,Waveform onset,p_onset,p,0,0,0,
121,310585,862.7361111111111,24,PWAVE,p,P-wave peak,p_peak,p,0,0,0,
121,310598,862.7722222222222,40,WFOFF,),Waveform end,p_offset,p,0,0,0,
121,310613,862.8138888888889,39,WFON,(,Waveform onset,qrs_onset,qrs,0,0,1,
121,310630,862.8611111111111,1,NORMAL,N,Normal beat,qrs_peak,qrs,0,0,0,
121,310646,862.9055555555556,40,WFOFF,),Waveform end,qrs_offset,qrs,0,0,1,
121,310707,863.075,39,WFON,(,Waveform onset,t_onset,t,0,0,2,
121,310726,863.1277777777777,27,TWAVE,t,T-wave peak,t_peak,t,0,0,0,
121,310772,863.2555555555556,40,WFOFF,),Waveform end,t_offset,t,0,0,2,
121,310936,863.7111111111111,39,WFON,(,Waveform onset,p_onset,p,0,0,0,
121,310951,863.7527777777777,24,PWAVE,p,P-wave peak,p_peak,p,0,0,0,
121,310972,863.8111111111111,40,WFOFF,),Waveform end,p_offset,p,0,0,0,
121,310989,863.8583333333333,39,WFON,(,Waveform onset,qrs_onset,qrs,0,0,1,
121,311006,863.9055555555556,1,NORMAL,N,Normal beat,qrs_peak,qrs,0,0,0,
121,311021,863.9472222222222,40,WFOFF,),Waveform end,qrs_offset,qrs,0,0,1,
121,311072,864.0888888888888,39,WFON,(,Waveform onset,t_onset,t,0,0,2,
121,311102,864.1722222222222,27,TWAVE,t,T-wave peak,t_peak,t,0,0,5,
121,311207,864.4638888888888,27,TWAVE,t,T-wave peak,t_peak,t,0,0,5,
121,311236,864.5444444444445,40,WFOFF,),Waveform end,t_offset,t,0,0,2,
121,311305,864.7361111111111,39,WFON,(,Waveform onset,p_onset,p,0,0,0,
121,311320,864.7777777777778,24,PWAVE,p,P-wave peak,p_peak,p,0,0,0,
121,311346,864.85,40,WFOFF,),Waveform end,p_offset,p,0,0,0,
121,311360,864.8888888888889,39,WFON,(,Waveform onset,qrs_onset,qrs,0,0,1,
121,311377,864.9361111111111,1,NORMAL,N,Normal beat,qrs_peak,qrs,0,0,0,
121,311391,864.975,40,WFOFF,),Waveform end,qrs_offset,qrs,0,0,1,
121,311444,865.1222222222223,39,WFON,(,Waveform onset,t_onset,t,0,0,2,
121,311473,865.2027777777778,27,TWAVE,t,T-wave peak,t_peak,t,0,0,5,
121,311568,865.4666666666667,27,TWAVE,t,T-wave peak,t_peak,t,0,0,5,
121,311629,865.6361111111111,40,WFOFF,),Waveform end,t_offset,t,0,0,2,
121,311669,865.7472222222223,39,WFON,(,Waveform onset,p_onset,p,0,0,0,
121,311683,865.7861111111112,24,PWAVE,p,P-wave peak,p_peak,p,0,0,0,
121,311709,865.8583333333333,40,WFOFF,),Waveform end,p_offset,p,0,0,0,
121,311723,865.8972222222222,39,WFON,(,Waveform onset,qrs_onset,qrs,0,0,1,
121,311741,865.9472222222222,1,NORMAL,N,Normal beat,qrs_peak,qrs,0,0,0,
121,311757,865.9916666666667,40,WFOFF,),Waveform end,qrs_offset,qrs,0,0,1,
121,311807,866.1305555555556,39,WFON,(,Waveform onset,t_onset,t,0,0,2,
121,311836,866.2111111111111,27,TWAVE,t,T-wave peak,t_peak,t,0,0,5,
121,311986,866.6277777777777,27,TWAVE,t,T-wave peak,t_peak,t,0,0,5,
121,312003,866.675,40,WFOFF,),Waveform end,t_offset,t,0,0,2,
121,312035,866.7638888888889,39,WFON,(,Waveform onset,p_onset,p,0,0,0,
121,312058,866.8277777777778,24,PWAVE,p,P-wave peak,p_peak,p,0,0,0,
121,312075,866.875,40,WFOFF,),Waveform end,p_offset,p,0,0,0,
121,312077,866.8805555555556,39,WFON,(,Waveform onset,qrs_onset,qrs,0,0,1,
121,312106,866.9611111111111,1,NORMAL,N,Normal beat,qrs_peak,qrs,0,0,0,
121,312121,867.0027777777777,40,WFOFF,),Waveform end,qrs_offset,qrs,0,0,1,
121,312163,867.1194444444444,39,WFON,(,Waveform onset,t_onset,t,0,0,2,
121,312198,867.2166666666667,27,TWAVE,t,T-wave peak,t_peak,t,0,0,5,
121,312284,867.4555555555555,27,TWAVE,t,T-wave peak,t_peak,t,0,0,5,
121,312346,867.6277777777777,40,WFOFF,),Waveform end,t_offset,t,0,0,2,
121,312395,867.7638888888889,39,WFON,(,Waveform onset,p_onset,p,0,0,0,
121,312422,867.8388888888888,24,PWAVE,p,P-wave peak,p_peak,p,0,0,0,
121,312439,867.8861111111111,40,WFOFF,),Waveform end,p_offset,p,0,0,0,
121,312452,867.9222222222222,39,WFON,(,Waveform onset,qrs_onset,qrs,0,0,1,
121,312468,867.9666666666667,1,NORMAL,N,Normal beat,qrs_peak,qrs,0,0,0,
121,312484,868.0111111111111,40,WFOFF,),Waveform end,qrs_offset,qrs,0,0,1,
121,312527,868.1305555555556,39,WFON,(,Waveform onset,t_onset,t,0,0,2,
121,312566,868.2388888888889,27,TWAVE,t,T-wave peak,t_peak,t,0,0,5,
121,312657,868.4916666666667,27,TWAVE,t,T-wave peak,t_peak,t,0,0,5,
121,312689,868.5805555555555,40,WFOFF,),Waveform end,t_offset,t,0,0,2,
121,312762,868.7833333333333,39,WFON,(,Waveform onset,p_onset,p,0,0,0,
121,312780,868.8333333333334,24,PWAVE,p,P-wave peak,p_peak,p,0,0,0,
121,312800,868.8888888888889,40,WFOFF,),Waveform end,p_offset,p,0,0,0,
121,312818,868.9388888888889,39,WFON,(,Waveform onset,qrs_onset,qrs,0,0,1,
121,312834,868.9833333333333,1,NORMAL,N,Normal beat,qrs_peak,qrs,0,0,0,
121,312850,869.0277777777778,40,WFOFF,),Waveform end,qrs_offset,qrs,0,0,1,
121,312874,869.0944444444444,39,WFON,(,Waveform onset,t_onset,t,0,0,2,
121,312927,869.2416666666667,27,TWAVE,t,T-wave peak,t_peak,t,0,0,5,
121,313018,869.4944444444444,27,TWAVE,t,T-wave peak,t_peak,t,0,0,5,
121,313047,869.575,40,WFOFF,),Waveform end,t_offset,t,0,0,2,
121,313132,869.8111111111111,39,WFON,(,Waveform onset,p_onset,p,0,0,0,
121,313156,869.8777777777777,24,PWAVE,p,P-wave peak,p_peak,p,0,0,0,
121,313171,869.9194444444445,40,WFOFF,),Waveform end,p_offset,p,0,0,0,
121,313185,869.9583333333334,39,WFON,(,Waveform onset,qrs_onset,qrs,0,0,1,
121,313202,870.0055555555556,1,NORMAL,N,Normal beat,qrs_peak,qrs,0,0,0,
121,313217,870.0472222222222,40,WFOFF,),Waveform end,qrs_offset,qrs,0,0,1,
121,313255,870.1527777777778,39,WFON,(,Waveform onset,t_onset,t,0,0,2,
121,313292,870.2555555555556,27,TWAVE,t,T-wave peak,t_peak,t,0,0,5,
121,313390,870.5277777777778,27,TWAVE,t,T-wave peak,t_peak,t,0,0,5,
121,313434,870.65,40,WFOFF,),Waveform end,t_offset,t,0,0,2,
121,313503,870.8416666666667,39,WFON,(,Waveform onset,p_onset,p,0,0,0,
121,313517,870.8805555555556,24,PWAVE,p,P-wave peak,p_peak,p,0,0,0,
121,313542,870.95,40,WFOFF,),Waveform end,p_offset,p,0,0,0,
121,313557,870.9916666666667,39,WFON,(,Waveform onset,qrs_onset,qrs,0,0,1,
121,313573,871.0361111111112,1,NORMAL,N,Normal beat,qrs_peak,qrs,0,0,0,
121,313587,871.075,40,WFOFF,),Waveform end,qrs_offset,qrs,0,0,1,
121,313631,871.1972222222222,39,WFON,(,Waveform onset,t_onset,t,0,0,2,
121,313667,871.2972222222222,27,TWAVE,t,T-wave peak,t_peak,t,0,0,5,
121,313752,871.5333333333333,27,TWAVE,t,T-wave peak,t_peak,t,0,0,5,
121,313816,871.7111111111111,40,WFOFF,),Waveform end,t_offset,t,0,0,2,
121,313880,871.8888888888889,39,WFON,(,Waveform onset,p_onset,p,0,0,0,
121,313902,871.95,24,PWAVE,p,P-wave peak,p_peak,p,0,0,0,
121,313920,872.0,40,WFOFF,),Waveform end,p_offset,p,0,0,0,
121,313933,872.0361111111112,39,WFON,(,Waveform onset,qrs_onset,qrs,0,0,1,
121,313951,872.0861111111111,1,NORMAL,N,Normal beat,qrs_peak,qrs,0,0,0,
121,313966,872.1277777777777,40,WFOFF,),Waveform end,qrs_offset,qrs,0,0,1,
121,314015,872.2638888888889,39,WFON,(,Waveform onset,t_onset,t,0,0,2,
121,314045,872.3472222222222,27,TWAVE,t,T-wave peak,t_peak,t,0,0,5,
121,314138,872.6055555555556,27,TWAVE,t,T-wave peak,t_peak,t,0,0,5,
121,314176,872.7111111111111,40,WFOFF,),Waveform end,t_offset,t,0,0,2,
121,314247,872.9083333333333,39,WFON,(,Waveform onset,p_onset,p,0,0,0,
121,314273,872.9805555555556,24,PWAVE,p,P-wave peak,p_peak,p,0,0,0,
121,314289,873.025,40,WFOFF,),Waveform end,p_offset,p,0,0,0,
121,314303,873.0638888888889,39,WFON,(,Waveform onset,qrs_onset,qrs,0,0,1,
121,314321,873.1138888888889,1,NORMAL,N,Normal beat,qrs_peak,qrs,0,0,0,
121,314336,873.1555555555556,40,WFOFF,),Waveform end,qrs_offset,qrs,0,0,1,
121,314387,873.2972222222222,39,WFON,(,Waveform onset,t_onset,t,0,0,2,
121,314421,873.3916666666667,27,TWAVE,t,T-wave peak,t_peak,t,0,0,0,
121,314458,873.4944444444444,40,WFOFF,),Waveform end,t_offset,t,0,0,2,
121,314615,873.9305555555555,39,WFON,(,Waveform onset,p_onset,p,0,0,0,
121,314633,873.9805555555556,24,PWAVE,p,P-wave peak,p_peak,p,0,0,0,
121,314653,874.0361111111112,40,WFOFF,),Waveform end,p_offset,p,0,0,0,
121,314665,874.0694444444445,39,WFON,(,Waveform onset,qrs_onset,qrs,0,0,1,
121,314684,874.1222222222223,1,NORMAL,N,Normal beat,qrs_peak,qrs,0,0,0,
121,314700,874.1666666666666,40,WFOFF,),Waveform end,qrs_offset,qrs,0,0,1,
121,314746,874.2944444444445,39,WFON,(,Waveform onset,t_onset,t,0,0,2,
121,314784,874.4,27,TWAVE,t,T-wave peak,t_peak,t,0,0,5,
121,314856,874.6,27,TWAVE,t,T-wave peak,t_peak,t,0,0,5,
121,314889,874.6916666666667,40,WFOFF,),Waveform end,t_offset,t,0,0,2,
121,314981,874.9472222222222,39,WFON,(,Waveform onset,p_onset,p,0,0,0,
121,314996,874.9888888888889,24,PWAVE,p,P-wave peak,p_peak,p,0,0,0,
121,315019,875.0527777777778,40,WFOFF,),Waveform end,p_offset,p,0,0,0,
121,315032,875.0888888888888,39,WFON,(,Waveform onset,qrs_onset,qrs,0,0,1,
121,315049,875.1361111111111,1,NORMAL,N,Normal beat,qrs_peak,qrs,0,0,0,
121,315065,875.1805555555555,40,WFOFF,),Waveform end,qrs_offset,qrs,0,0,1,
121,315096,875.2666666666667,39,WFON,(,Waveform onset,t_onset,t,0,0,2,
121,315144,875.4,27,TWAVE,t,T-wave peak,t_peak,t,0,0,0,
121,315178,875.4944444444444,40,WFOFF,),Waveform end,t_offset,t,0,0,2,
121,315336,875.9333333333333,39,WFON,(,Waveform onset,p_onset,p,0,0,0,
121,315359,875.9972222222223,24,PWAVE,p,P-wave peak,p_peak,p,0,0,0,
121,315376,876.0444444444445,40,WFOFF,),Waveform end,p_offset,p,0,0,0,
121,315379,876.0527777777778,39,WFON,(,Waveform onset,qrs_onset,qrs,0,0,1,
121,315406,876.1277777777777,1,NORMAL,N,Normal beat,qrs_peak,qrs,0,0,0,
121,315421,876.1694444444445,40,WFOFF,),Waveform end,qrs_offset,qrs,0,0,1,
121,315468,876.3,39,WFON,(,Waveform onset,t_onset,t,0,0,2,
121,315500,876.3888888888889,27,TWAVE,t,T-wave peak,t_peak,t,0,0,5,
121,315611,876.6972222222222,27,TWAVE,t,T-wave peak,t_peak,t,0,0,5,
121,315666,876.85,40,WFOFF,),Waveform end,t_offset,t,0,0,2,
121,315704,876.9555555555555,39,WFON,(,Waveform onset,p_onset,p,0,0,0,
121,315726,877.0166666666667,24,PWAVE,p,P-wave peak,p_peak,p,0,0,0,
121,315742,877.0611111111111,40,WFOFF,),Waveform end,p_offset,p,0,0,0,
121,315755,877.0972222222222,39,WFON,(,Waveform onset,qrs_onset,qrs,0,0,1,
121,315772,877.1444444444444,1,NORMAL,N,Normal beat,qrs_peak,qrs,0,0,0,
121,315789,877.1916666666667,40,WFOFF,),Waveform end,qrs_offset,qrs,0,0,1,
121,315829,877.3027777777778,39,WFON,(,Waveform onset,t_onset,t,0,0,2,
121,315862,877.3944444444444,27,TWAVE,t,T-wave peak,t_peak,t,0,0,5,
121,315971,877.6972222222222,27,TWAVE,t,T-wave peak,t_peak,t,0,0,5,
121,316017,877.825,40,WFOFF,),Waveform end,t_offset,t,0,0,2,
121,316073,877.9805555555556,39,WFON,(,Waveform onset,p_onset,p,0,0,0,
121,316093,878.0361111111112,24,PWAVE,p,P-wave peak,p_peak,p,0,0,0,
121,316112,878.0888888888888,40,WFOFF,),Waveform end,p_offset,p,0,0,0,
121,316124,878.1222222222223,39,WFON,(,Waveform onset,qrs_onset,qrs,0,0,1,
121,316142,878.1722222222222,1,NORMAL,N,Normal beat,qrs_peak,qrs,0,0,0,
121,316156,878.2111111111111,40,WFOFF,),Waveform end,qrs_offset,qrs,0,0,1,
121,316210,878.3611111111111,39,WFON,(,Waveform onset,t_onset,t,0,0,2,
121,316237,878.4361111111111,27,TWAVE,t,T-wave peak,t_peak,t,0,0,5,
121,316322,878.6722222222222,27,TWAVE,t,T-wave peak,t_peak,t,0,0,5,
121,316350,878.75,40,WFOFF,),Waveform end,t_offset,t,0,0,2,
121,316437,878.9916666666667,39,WFON,(,Waveform onset,p_onset,p,0,0,0,
121,316458,879.05,24,PWAVE,p,P-wave peak,p_peak,p,0,0,0,
121,316474,879.0944444444444,40,WFOFF,),Waveform end,p_offset,p,0,0,0,
121,316488,879.1333333333333,39,WFON,(,Waveform onset,qrs_onset,qrs,0,0,1,
121,316506,879.1833333333333,1,NORMAL,N,Normal beat,qrs_peak,qrs,0,0,0,
121,316520,879.2222222222222,40,WFOFF,),Waveform end,qrs_offset,qrs,0,0,1,
121,316561,879.3361111111111,39,WFON,(,Waveform onset,t_onset,t,0,0,2,
121,316597,879.4361111111111,27,TWAVE,t,T-wave peak,t_peak,t,0,0,0,
121,316633,879.5361111111112,40,WFOFF,),Waveform end,t_offset,t,0,0,2,
121,316802,880.0055555555556,39,WFON,(,Waveform onset,p_onset,p,0,0,0,
121,316816,880.0444444444445,24,PWAVE,p,P-wave peak,p_peak,p,0,0,0,
121,316841,880.1138888888889,40,WFOFF,),Waveform end,p_offset,p,0,0,0,
121,316857,880.1583333333333,39,WFON,(,Waveform onset,qrs_onset,qrs,0,0,1,
121,316876,880.2111111111111,1,NORMAL,N,Normal beat,qrs_peak,qrs,0,0,0,
121,316889,880.2472222222223,40,WFOFF,),Waveform end,qrs_offset,qrs,0,0,1,
121,316909,880.3027777777778,39,WFON,(,Waveform onset,t_onset,t,0,0,2,
121,316968,880.4666666666667,27,TWAVE,t,T-wave peak,t_peak,t,0,0,5,
121,317066,880.7388888888889,27,TWAVE,t,T-wave peak,t_peak,t,0,0,5,
121,317105,880.8472222222222,40,WFOFF,),Waveform end,t_offset,t,0,0,2,
121,317171,881.0305555555556,39,WFON,(,Waveform onset,p_onset,p,0,0,0,
121,317185,881.0694444444445,24,PWAVE,p,P-wave peak,p_peak,p,0,0,0,
121,317209,881.1361111111111,40,WFOFF,),Waveform end,p_offset,p,0,0,0,
121,317223,881.175,39,WFON,(,Waveform onset,qrs_onset,qrs,0,0,1,
121,317241,881.225,1,NORMAL,N,Normal beat,qrs_peak,qrs,0,0,0,
121,317256,881.2666666666667,40,WFOFF,),Waveform end,qrs_offset,qrs,0,0,1,
121,317311,881.4194444444445,39,WFON,(,Waveform onset,t_onset,t,0,0,2,
121,317335,881.4861111111111,27,TWAVE,t,T-wave peak,t_peak,t,0,0,0,
121,317372,881.5888888888888,40,WFOFF,),Waveform end,t_offset,t,0,0,2,
121,317533,882.0361111111112,39,WFON,(,Waveform onset,p_onset,p,0,0,0,
121,317550,882.0833333333334,24,PWAVE,p,P-wave peak,p_peak,p,0,0,0,
121,317572,882.1444444444444,40,WFOFF,),Waveform end,p_offset,p,0,0,0,
121,317585,882.1805555555555,39,WFON,(,Waveform onset,qrs_onset,qrs,0,0,1,
121,317602,882.2277777777778,1,NORMAL,N,Normal beat,qrs_peak,qrs,0,0,0,
121,317617,882.2694444444444,40,WFOFF,),Waveform end,qrs_offset,qrs,0,0,1,
121,317673,882.425,39,WFON,(,Waveform onset,t_onset,t,0,0,2,
121,317695,882.4861111111111,27,TWAVE,t,T-wave peak,t_peak,t,0,0,5,
121,317784,882.7333333333333,27,TWAVE,t,T-wave peak,t_peak,t,0,0,5,
121,317829,882.8583333333333,40,WFOFF,),Waveform end,t_offset,t,0,0,2,
121,317896,883.0444444444445,39,WFON,(,Waveform onset,p_onset,p,0,0,0,
121,317917,883.1027777777778,24,PWAVE,p,P-wave peak,p_peak,p,0,0,0,
121,317937,883.1583333333333,40,WFOFF,),Waveform end,p_offset,p,0,0,0,
121,317951,883.1972222222222,39,WFON,(,Waveform onset,qrs_onset,qrs,0,0,1,
121,317966,883.2388888888889,1,NORMAL,N,Normal beat,qrs_peak,qrs,0,0,0,
121,317983,883.2861111111112,40,WFOFF,),Waveform end,qrs_offset,qrs,0,0,1,
121,318026,883.4055555555556,39,WFON,(,Waveform onset,t_onset,t,0,0,2,
121,318058,883.4944444444444,27,TWAVE,t,T-wave peak,t_peak,t,0,0,0,
121,318092,883.5888888888888,40,WFOFF,),Waveform end,t_offset,t,0,0,2,
121,318254,884.0388888888889,39,WFON,(,Waveform onset,p_onset,p,0,0,0,
121,318277,884.1027777777778,24,PWAVE,p,P-wave peak,p_peak,p,0,0,0,
121,318292,884.1444444444444,40,WFOFF,),Waveform end,p_offset,p,0,0,0,
121,318308,884.1888888888889,39,WFON,(,Waveform onset,qrs_onset,qrs,0,0,1,
121,318325,884.2361111111111,1,NORMAL,N,Normal beat,qrs_peak,qrs,0,0,0,
121,318341,884.2805555555556,40,WFOFF,),Waveform end,qrs_offset,qrs,0,0,1,
121,318385,884.4027777777778,39,WFON,(,Waveform onset,t_onset,t,0,0,2,
121,318415,884.4861111111111,27,TWAVE,t,T-wave peak,t_peak,t,0,0,0,
121,318452,884.5888888888888,40,WFOFF,),Waveform end,t_offset,t,0,0,2,
121,318620,885.0555555555555,39,WFON,(,Waveform onset,p_onset,p,0,0,0,
121,318648,885.1333333333333,24,PWAVE,p,P-wave peak,p_peak,p,0,0,0,
121,318662,885.1722222222222,40,WFOFF,),Waveform end,p_offset,p,0,0,0,
121,318677,885.2138888888888,39,WFON,(,Waveform onset,qrs_onset,qrs,0,0,1,
121,318694,885.2611111111111,1,NORMAL,N,Normal beat,qrs_peak,qrs,0,0,0,
121,318711,885.3083333333333,40,WFOFF,),Waveform end,qrs_offset,qrs,0,0,1,
121,318718,885.3277777777778,39,WFON,(,Waveform onset,t_onset,t,0,0,2,
121,318789,885.525,27,TWAVE,t,T-wave peak,t_peak,t,0,0,5,
121,318900,885.8333333333334,27,TWAVE,t,T-wave peak,t_peak,t,0,0,5,
121,318926,885.9055555555556,40,WFOFF,),Waveform end,t_offset,t,0,0,2,
121,319002,886.1166666666667,39,WFON,(,Waveform onset,p_onset,p,0,0,0,
121,319029,886.1916666666667,24,PWAVE,p,P-wave peak,p_peak,p,0,0,0,
121,319044,886.2333333333333,40,WFOFF,),Waveform end,p_offset,p,0,0,0,
121,319057,886.2694444444444,39,WFON,(,Waveform onset,qrs_onset,qrs,0,0,1,
121,319076,886.3222222222222,1,NORMAL,N,Normal beat,qrs_peak,qrs,0,0,0,
121,319090,886.3611111111111,40,WFOFF,),Waveform end,qrs_offset,qrs,0,0,1,
121,319106,886.4055555555556,39,WFON,(,Waveform onset,t_onset,t,0,0,2,
121,319138,886.4944444444444,27,TWAVE,t,T-wave peak,t_peak,t,0,0,5,
121,319253,886.8138888888889,27,TWAVE,t,T-wave peak,t_peak,t,0,0,5,
121,319305,886.9583333333334,40,WFOFF,),Waveform end,t_offset,t,0,0,2,
121,319378,887.1611111111112,39,WFON,(,Waveform onset,p_onset,p,0,0,0,
121,319390,887.1944444444445,24,PWAVE,p,P-wave peak,p_peak,p,0,0,0,
121,319418,887.2722222222222,40,WFOFF,),Waveform end,p_offset,p,0,0,0,
121,319431,887.3083333333333,39,WFON,(,Waveform onset,qrs_onset,qrs,0,0,1,
121,319449,887.3583333333333,1,NORMAL,N,Normal beat,qrs_peak,qrs,0,0,0,
121,319464,887.4,40,WFOFF,),Waveform end,qrs_offset,qrs,0,0,1,
121,319514,887.5388888888889,39,WFON,(,Waveform onset,t_onset,t,0,0,2,
121,319543,887.6194444444444,27,TWAVE,t,T-wave peak,t_peak,t,0,0,5,
121,319633,887.8694444444444,27,TWAVE,t,T-wave peak,t_peak,t,0,0,5,
121,319666,887.9611111111111,40,WFOFF,),Waveform end,t_offset,t,0,0,2,
121,319749,888.1916666666667,39,WFON,(,Waveform onset,p_onset,p,0,0,0,
121,319774,888.2611111111111,24,PWAVE,p,P-wave peak,p_peak,p,0,0,0,
121,319789,888.3027777777778,40,WFOFF,),Waveform end,p_offset,p,0,0,0,
121,319804,888.3444444444444,39,WFON,(,Waveform onset,qrs_onset,qrs,0,0,1,
121,319821,888.3916666666667,1,NORMAL,N,Normal beat,qrs_peak,qrs,0,0,0,
121,319838,888.4388888888889,40,WFOFF,),Waveform end,qrs_offset,qrs,0,0,1,
121,319858,888.4944444444444,39,WFON,(,Waveform onset,t_onset,t,0,0,2,
121,319916,888.6555555555556,27,TWAVE,t,T-wave peak,t_peak,t,0,0,5,
121,320005,888.9027777777778,27,TWAVE,t,T-wave peak,t_peak,t,0,0,5,
121,320049,889.025,40,WFOFF,),Waveform end,t_offset,t,0,0,2,
121,320129,889.2472222222223,39,WFON,(,Waveform onset,p_onset,p,0,0,0,
121,320156,889.3222222222222,24,PWAVE,p,P-wave peak,p_peak,p,0,0,0,
121,320169,889.3583333333333,40,WFOFF,),Waveform end,p_offset,p,0,0,0,
121,320184,889.4,39,WFON,(,Waveform onset,qrs_onset,qrs,0,0,1,
121,320202,889.45,1,NORMAL,N,Normal beat,qrs_peak,qrs,0,0,0,
121,320217,889.4916666666667,40,WFOFF,),Waveform end,qrs_offset,qrs,0,0,1,
121,320280,889.6666666666666,39,WFON,(,Waveform onset,t_onset,t,0,0,2,
121,320294,889.7055555555555,27,TWAVE,t,T-wave peak,t_peak,t,0,0,5,
121,320376,889.9333333333333,27,TWAVE,t,T-wave peak,t_peak,t,0,0,5,
121,320408,890.0222222222222,40,WFOFF,),Waveform end,t_offset,t,0,0,2,
121,320507,890.2972222222222,39,WFON,(,Waveform onset,p_onset,p,0,0,0,
121,320528,890.3555555555556,24,PWAVE,p,P-wave peak,p_peak,p,0,0,0,
121,320542,890.3944444444444,40,WFOFF,),Waveform end,p_offset,p,0,0,0,
121,320557,890.4361111111111,39,WFON,(,Waveform onset,qrs_onset,qrs,0,0,1,
121,320575,890.4861111111111,1,NORMAL,N,Normal beat,qrs_peak,qrs,0,0,0,
121,320590,890.5277777777778,40,WFOFF,),Waveform end,qrs_offset,qrs,0,0,1,
121,320642,890.6722222222222,39,WFON,(,Waveform onset,t_onset,t,0,0,2,
121,320661,890.725,27,TWAVE,t,T-wave peak,t_peak,t,0,0,5,
121,320739,890.9416666666667,27,TWAVE,t,T-wave peak,t_peak,t,0,0,5,
121,320779,891.0527777777778,40,WFOFF,),Waveform end,t_offset,t,0,0,2,
121,320870,891.3055555555555,39,WFON,(,Waveform onset,p_onset,p,0,0,0,
121,320893,891.3694444444444,24,PWAVE,p,P-wave peak,p_peak,p,0,0,0,
121,320907,891.4083333333333,40,WFOFF,),Waveform end,p_offset,p,0,0,0,
121,320922,891.45,39,WFON,(,Waveform onset,qrs_onset,qrs,0,0,1,
121,320941,891.5027777777777,1,NORMAL,N,Normal beat,qrs_peak,qrs,0,0,0,
121,320956,891.5444444444445,40,WFOFF,),Waveform end,qrs_offset,qrs,0,0,1,
121,321003,891.675,39,WFON,(,Waveform onset,t_onset,t,0,0,2,
121,321034,891.7611111111111,27,TWAVE,t,T-wave peak,t_peak,t,0,0,5,
121,321127,892.0194444444444,27,TWAVE,t,T-wave peak,t_peak,t,0,0,5,
121,321154,892.0944444444444,40,WFOFF,),Waveform end,t_offset,t,0,0,2,
121,321240,892.3333333333334,39,WFON,(,Waveform onset,p_onset,p,0,0,0,
121,321257,892.3805555555556,24,PWAVE,p,P-wave peak,p_peak,p,0,0,0,
121,321278,892.4388888888889,40,WFOFF,),Waveform end,p_offset,p,0,0,0,
121,321292,892.4777777777778,39,WFON,(,Waveform onset,qrs_onset,qrs,0,0,1,
121,321310,892.5277777777778,1,NORMAL,N,Normal beat,qrs_peak,qrs,0,0,0,
121,321325,892.5694444444445,40,WFOFF,),Waveform end,qrs_offset,qrs,0,0,1,
121,321332,892.5888888888888,39,WFON,(,Waveform onset,t_onset,t,0,0,2,
121,321402,892.7833333333333,27,TWAVE,t,T-wave peak,t_peak,t,0,0,5,
121,321485,893.0138888888889,27,TWAVE,t,T-wave peak,t_peak,t,0,0,5,
121,321512,893.0888888888888,40,WFOFF,),Waveform end,t_offset,t,0,0,2,
121,321604,893.3444444444444,39,WFON,(,Waveform onset,p_onset,p,0,0,0,
121,321625,893.4027777777778,24,PWAVE,p,P-wave peak,p_peak,p,0,0,0,
121,321642,893.45,40,WFOFF,),Waveform end,p_offset,p,0,0,0,
121,321657,893.4916666666667,39,WFON,(,Waveform onset,qrs_onset,qrs,0,0,1,
121,321676,893.5444444444445,1,NORMAL,N,Normal beat,qrs_peak,qrs,0,0,0,
121,321689,893.5805555555555,40,WFOFF,),Waveform end,qrs_offset,qrs,0,0,1,
121,321736,893.7111111111111,39,WFON,(,Waveform onset,t_onset,t,0,0,2,
121,321769,893.8027777777778,27,TWAVE,t,T-wave peak,t_peak,t,0,0,5,
121,321854,894.0388888888889,27,TWAVE,t,T-wave peak,t_peak,t,0,0,5,
121,321866,894.0722222222222,40,WFOFF,),Waveform end,t_offset,t,0,0,2,
121,321972,894.3666666666667,39,WFON,(,Waveform onset,p_onset,p,0,0,0,
121,321991,894.4194444444445,24,PWAVE,p,P-wave peak,p_peak,p,0,0,0,
121,322011,894.475,40,WFOFF,),Waveform end,p_offset,p,0,0,0,
121,322025,894.5138888888889,39,WFON,(,Waveform onset,qrs_onset,qrs,0,0,1,
121,322044,894.5666666666667,1,NORMAL,N,Normal beat,qrs_peak,qrs,0,0,0,
121,322057,894.6027777777778,40,WFOFF,),Waveform end,qrs_offset,qrs,0,0,1,
121,322112,894.7555555555556,39,WFON,(,Waveform onset,t_onset,t,0,0,2,
121,322137,894.825,27,TWAVE,t,T-wave peak,t_peak,t,0,0,5,
121,322216,895.0444444444445,27,TWAVE,t,T-wave peak,t_peak,t,0,0,5,
121,322245,895.125,40,WFOFF,),Waveform end,t_offset,t,0,0,2,
121,322328,895.3555555555556,39,WFON,(,Waveform onset,p_onset,p,0,0,0,
121,322345,895.4027777777778,24,PWAVE,p,P-wave peak,p_peak,p,0,0,0,
121,322364,895.4555555555555,40,WFOFF,),Waveform end,p_offset,p,0,0,0,
121,322380,895.5,39,WFON,(,Waveform onset,qrs_onset,qrs,0,0,1,
121,322396,895.5444444444445,1,NORMAL,N,Normal beat,qrs_peak,qrs,0,0,0,
121,322413,895.5916666666667,40,WFOFF,),Waveform end,qrs_offset,qrs,0,0,1,
121,322466,895.7388888888889,39,WFON,(,Waveform onset,t_onset,t,0,0,2,
121,322488,895.8,27,TWAVE,t,T-wave peak,t_peak,t,0,0,5,
121,322581,896.0583333333333,27,TWAVE,t,T-wave peak,t_peak,t,0,0,5,
121,322618,896.1611111111112,40,WFOFF,),Waveform end,t_offset,t,0,0,2,
121,322674,896.3166666666667,39,WFON,(,Waveform onset,p_onset,p,0,0,0,
121,322695,896.375,24,PWAVE,p,P-wave peak,p_peak,p,0,0,0,
121,322711,896.4194444444445,40,WFOFF,),Waveform end,p_offset,p,0,0,0,
121,322717,896.4361111111111,39,WFON,(,Waveform onset,qrs_onset,qrs,0,0,1,
121,322746,896.5166666666667,1,NORMAL,N,Normal beat,qrs_peak,qrs,0,0,0,
121,322760,896.5555555555555,40,WFOFF,),Waveform end,qrs_offset,qrs,0,0,1,
121,322803,896.675,39,WFON,(,Waveform onset,t_onset,t,0,0,2,
121,322837,896.7694444444444,27,TWAVE,t,T-wave peak,t_peak,t,0,0,5,
121,322945,897.0694444444445,27,TWAVE,t,T-wave peak,t_peak,t,0,0,5,
121,322964,897.1222222222223,40,WFOFF,),Waveform end,t_offset,t,0,0,2,
121,323045,897.3472222222222,39,WFON,(,Waveform onset,p_onset,p,0,0,0,
121,323068,897.4111111111112,24,PWAVE,p,P-wave peak,p_peak,p,0,0,0,
121,323083,897.4527777777778,40,WFOFF,),Waveform end,p_offset,p,0,0,0,
121,323098,897.4944444444444,39,WFON,(,Waveform onset,qrs_onset,qrs,0,0,1,
121,323116,897.5444444444445,1,NORMAL,N,Normal beat,qrs_peak,qrs,0,0,0,
121,323132,897.5888888888888,40,WFOFF,),Waveform end,qrs_offset,qrs,0,0,1,
121,323148,897.6333333333333,39,WFON,(,Waveform onset,t_onset,t,0,0,2,
121,323208,897.8,27,TWAVE,t,T-wave peak,t_peak,t,0,0,5,
121,323310,898.0833333333334,27,TWAVE,t,T-wave peak,t_peak,t,0,0,5,
121,323330,898.1388888888889,40,WFOFF,),Waveform end,t_offset,t,0,0,2,
121,323404,898.3444444444444,39,WFON,(,Waveform onset,p_onset,p,0,0,0,
121,323424,898.4,24,PWAVE,p,P-wave peak,p_peak,p,0,0,0,
121,323442,898.45,40,WFOFF,),Waveform end,p_offset,p,0,0,0,
121,323456,898.4888888888889,39,WFON,(,Waveform onset,qrs_onset,qrs,0,0,1,
121,323475,898.5416666666666,1,NORMAL,N,Normal beat,qrs_peak,qrs,0,0,0,
121,323491,898.5861111111111,40,WFOFF,),Waveform end,qrs_offset,qrs,0,0,1,
121,323548,898.7444444444444,39,WFON,(,Waveform onset,t_onset,t,0,0,2,
121,323567,898.7972222222222,27,TWAVE,t,T-wave peak,t_peak,t,0,0,5,
121,323646,899.0166666666667,27,TWAVE,t,T-wave peak,t_peak,t,0,0,5,
121,323678,899.1055555555556,40,WFOFF,),Waveform end,t_offset,t,0,0,2,
121,323753,899.3138888888889,39,WFON,(,Waveform onset,p_onset,p,0,0,0,
121,323777,899.3805555555556,24,PWAVE,p,P-wave peak,p_peak,p,0,0,0,
121,323791,899.4194444444445,40,WFOFF,),Waveform end,p_offset,p,0,0,0,
121,323806,899.4611111111111,39,WFON,(,Waveform onset,qrs_onset,qrs,0,0,1,
121,323823,899.5083333333333,1,NORMAL,N,Normal beat,qrs_peak,qrs,0,0,0,
121,323840,899.5555555555555,40,WFOFF,),Waveform end,qrs_offset,qrs,0,0,1,
121,323862,899.6166666666667,39,WFON,(,Waveform onset,t_onset,t,0,0,2,
121,323917,899.7694444444444,27,TWAVE,t,T-wave peak,t_peak,t,0,0,5,
121,324015,900.0416666666666,27,TWAVE,t,T-wave peak,t_peak,t,0,0,5,
121,324050,900.1388888888889,40,WFOFF,),Waveform end,t_offset,t,0,0,2,
121,324115,900.3194444444445,39,WFON,(,Waveform onset,p_onset,p,0,0,0,
121,324142,900.3944444444444,24,PWAVE,p,P-wave peak,p_peak,p,0,0,0,
121,324157,900.4361111111111,40,WFOFF,),Waveform end,p_offset,p,0,0,0,
121,324170,900.4722222222222,39,WFON,(,Waveform onset,qrs_onset,qrs,0,0,1,
121,324188,900.5222222222222,1,NORMAL,N,Normal beat,qrs_peak,qrs,0,0,0,
121,324202,900.5611111111111,40,WFOFF,),Waveform end,qrs_offset,qrs,0,0,1,
121,324211,900.5861111111111,39,WFON,(,Waveform onset,t_onset,t,0,0,2,
121,324274,900.7611111111111,27,TWAVE,t,T-wave peak,t_peak,t,0,0,0,
121,324318,900.8833333333333,40,WFOFF,),Waveform end,t_offset,t,0,0,2,
121,324475,901.3194444444445,39,WFON,(,Waveform onset,p_onset,p,0,0,0,
121,324497,901.3805555555556,24,PWAVE,p,P-wave peak,p_peak,p,0,0,0,
121,324516,901.4333333333333,40,WFOFF,),Waveform end,p_offset,p,0,0,0,
121,324530,901.4722222222222,39,WFON,(,Waveform onset,qrs_onset,qrs,0,0,1,
121,324546,901.5166666666667,1,NORMAL,N,Normal beat,qrs_peak,qrs,0,0,0,
121,324562,901.5611111111111,40,WFOFF,),Waveform end,qrs_offset,qrs,0,0,1,
121,324822,902.2833333333333,39,WFON,(,Waveform onset,p_onset,p,0,0,0,
121,324831,902.3083333333333,24,PWAVE,p,P-wave peak,p_peak,p,0,0,0,
121,324839,902.3305555555555,40,WFOFF,),Waveform end,p_offset,p,0,0,0,
121,324882,902.45,39,WFON,(,Waveform onset,qrs_onset,qrs,0,0,1,
121,324901,902.5027777777777,1,NORMAL,N,Normal beat,qrs_peak,qrs,0,0,0,
121,324916,902.5444444444445,40,WFOFF,),Waveform end,qrs_offset,qrs,0,0,1,
121,324967,902.6861111111111,39,WFON,(,Waveform onset,t_onset,t,0,0,2,
121,324987,902.7416666666667,27,TWAVE,t,T-wave peak,t_peak,t,0,0,5,
121,325144,903.1777777777778,27,TWAVE,t,T-wave peak,t_peak,t,0,0,5,
121,325156,903.2111111111111,40,WFOFF,),Waveform end,t_offset,t,0,0,2,
121,325190,903.3055555555555,39,WFON,(,Waveform onset,p_onset,p,0,0,0,
121,325209,903.3583333333333,24,PWAVE,p,P-wave peak,p_peak,p,0,0,0,
121,325226,903.4055555555556,40,WFOFF,),Waveform end,p_offset,p,0,0,0,
121,325240,903.4444444444445,39,WFON,(,Waveform onset,qrs_onset,qrs,0,0,1,
121,325258,903.4944444444444,1,NORMAL,N,Normal beat,qrs_peak,qrs,0,0,0,
121,325273,903.5361111111112,40,WFOFF,),Waveform end,qrs_offset,qrs,0,0,1,
121,325316,903.6555555555556,39,WFON,(,Waveform onset,t_onset,t,0,0,2,
121,325347,903.7416666666667,27,TWAVE,t,T-wave peak,t_peak,t,0,0,5,
121,325435,903.9861111111111,27,TWAVE,t,T-wave peak,t_peak,t,0,0,5,
121,325478,904.1055555555556,40,WFOFF,),Waveform end,t_offset,t,0,0,2,
121,325543,904.2861111111112,39,WFON,(,Waveform onset,p_onset,p,0,0,0,
121,325560,904.3333333333334,24,PWAVE,p,P-wave peak,p_peak,p,0,0,0,
121,325582,904.3944444444444,40,WFOFF,),Waveform end,p_offset,p,0,0,0,
121,325586,904.4055555555556,39,WFON,(,Waveform onset,qrs_onset,qrs,0,0,1,
121,325613,904.4805555555556,1,NORMAL,N,Normal beat,qrs_peak,qrs,0,0,0,
121,325628,904.5222222222222,40,WFOFF,),Waveform end,qrs_offset,qrs,0,0,1,
121,325673,904.6472222222222,39,WFON,(,Waveform onset,t_onset,t,0,0,2,
121,325704,904.7333333333333,27,TWAVE,t,T-wave peak,t_peak,t,0,0,5,
121,325802,905.0055555555556,27,TWAVE,t,T-wave peak,t_peak,t,0,0,5,
121,325812,905.0333333333333,40,WFOFF,),Waveform end,t_offset,t,0,0,2,
121,325892,905.2555555555556,39,WFON,(,Waveform onset,p_onset,p,0,0,0,
121,325919,905.3305555555555,24,PWAVE,p,P-wave peak,p_peak,p,0,0,0,
121,325939,905.3861111111111,40,WFOFF,),Waveform end,p_offset,p,0,0,0,
121,325953,905.425,39,WFON,(,Waveform onset,qrs_onset,qrs,0,0,1,
121,325970,905.4722222222222,1,NORMAL,N,Normal beat,qrs_peak,qrs,0,0,0,
121,325987,905.5194444444444,40,WFOFF,),Waveform end,qrs_offset,qrs,0,0,1,
121,326010,905.5833333333334,39,WFON,(,Waveform onset,t_onset,t,0,0,2,
121,326063,905.7305555555556,27,TWAVE,t,T-wave peak,t_peak,t,0,0,5,
121,326145,905.9583333333334,27,TWAVE,t,T-wave peak,t_peak,t,0,0,5,
121,326185,906.0694444444445,40,WFOFF,),Waveform end,t_offset,t,0,0,2,
121,326264,906.2888888888889,39,WFON,(,Waveform onset,p_onset,p,0,0,0,
121,326285,906.3472222222222,24,PWAVE,p,P-wave peak,p_peak,p,0,0,0,
121,326302,906.3944444444444,40,WFOFF,),Waveform end,p_offset,p,0,0,0,
121,326316,906.4333333333333,39,WFON,(,Waveform onset,qrs_onset,qrs,0,0,1,
121,326331,906.475,1,NORMAL,N,Normal beat,qrs_peak,qrs,0,0,0,
121,326349,906.525,40,WFOFF,),Waveform end,qrs_offset,qrs,0,0,1,
121,326369,906.5805555555555,39,WFON,(,Waveform onset,t_onset,t,0,0,2,
121,326423,906.7305555555556,27,TWAVE,t,T-wave peak,t_peak,t,0,0,5,
121,326524,907.0111111111111,27,TWAVE,t,T-wave peak,t_peak,t,0,0,5,
121,326538,907.05,40,WFOFF,),Waveform end,t_offset,t,0,0,2,
121,326625,907.2916666666666,39,WFON,(,Waveform onset,p_onset,p,0,0,0,
121,326648,907.3555555555556,24,PWAVE,p,P-wave peak,p_peak,p,0,0,0,
121,326663,907.3972222222222,40,WFOFF,),Waveform end,p_offset,p,0,0,0,
121,326675,907.4305555555555,39,WFON,(,Waveform onset,qrs_onset,qrs,0,0,1,
121,326693,907.4805555555556,1,NORMAL,N,Normal beat,qrs_peak,qrs,0,0,0,
121,326708,907.5222222222222,40,WFOFF,),Waveform end,qrs_offset,qrs,0,0,1,
121,326762,907.6722222222222,39,WFON,(,Waveform onset,t_onset,t,0,0,2,
121,326784,907.7333333333333,27,TWAVE,t,T-wave peak,t_peak,t,0,0,5,
121,326872,907.9777777777778,27,TWAVE,t,T-wave peak,t_peak,t,0,0,5,
121,326893,908.0361111111112,40,WFOFF,),Waveform end,t_offset,t,0,0,2,
121,326986,908.2944444444445,39,WFON,(,Waveform onset,p_onset,p,0,0,0,
121,327000,908.3333333333334,24,PWAVE,p,P-wave peak,p_peak,p,0,0,0,
121,327027,908.4083333333333,40,WFOFF,),Waveform end,p_offset,p,0,0,0,
121,327041,908.4472222222222,39,WFON,(,Waveform onset,qrs_onset,qrs,0,0,1,
121,327058,908.4944444444444,1,NORMAL,N,Normal beat,qrs_peak,qrs,0,0,0,
121,327073,908.5361111111112,40,WFOFF,),Waveform end,qrs_offset,qrs,0,0,1,
121,327090,908.5833333333334,39,WFON,(,Waveform onset,t_onset,t,0,0,2,
121,327151,908.7527777777777,27,TWAVE,t,T-wave peak,t_peak,t,0,0,5,
121,327284,909.1222222222223,27,TWAVE,t,T-wave peak,t_peak,t,0,0,5,
121,327304,909.1777777777778,40,WFOFF,),Waveform end,t_offset,t,0,0,2,
121,327343,909.2861111111112,39,WFON,(,Waveform onset,p_onset,p,0,0,0,
121,327369,909.3583333333333,24,PWAVE,p,P-wave peak,p_peak,p,0,0,0,
121,327381,909.3916666666667,40,WFOFF,),Waveform end,p_offset,p,0,0,0,
121,327389,909.4138888888889,39,WFON,(,Waveform onset,qrs_onset,qrs,0,0,1,
121,327415,909.4861111111111,1,NORMAL,N,Normal beat,qrs_peak,qrs,0,0,0,
121,327429,909.525,40,WFOFF,),Waveform end,qrs_offset,qrs,0,0,1,
121,327489,909.6916666666667,39,WFON,(,Waveform onset,t_onset,t,0,0,2,
121,327506,909.7388888888889,27,TWAVE,t,T-wave peak,t_peak,t,0,0,5,
121,327634,910.0944444444444,27,TWAVE,t,T-wave peak,t_peak,t,0,0,5,
121,327651,910.1416666666667,40,WFOFF,),Waveform end,t_offset,t,0,0,2,
121,327705,910.2916666666666,39,WFON,(,Waveform onset,p_onset,p,0,0,0,
121,327731,910.3638888888889,24,PWAVE,p,P-wave peak,p_peak,p,0,0,0,
121,327742,910.3944444444444,40,WFOFF,),Waveform end,p_offset,p,0,0,0,
121,327759,910.4416666666667,39,WFON,(,Waveform onset,qrs_onset,qrs,0,0,1,
121,327775,910.4861111111111,1,NORMAL,N,Normal beat,qrs_peak,qrs,0,0,0,
121,327791,910.5305555555556,40,WFOFF,),Waveform end,qrs_offset,qrs,0,0,1,
121,327798,910.55,39,WFON,(,Waveform onset,t_onset,t,0,0,2,
121,327868,910.7444444444444,27,TWAVE,t,T-wave peak,t_peak,t,0,0,5,
121,328019,911.1638888888889,27,TWAVE,t,T-wave peak,t_peak,t,0,0,5,
121,328032,911.2,40,WFOFF,),Waveform end,t_offset,t,0,0,2,
121,328073,911.3138888888889,39,WFON,(,Waveform onset,p_onset,p,0,0,0,
121,328093,911.3694444444444,24,PWAVE,p,P-wave peak,p_peak,p,0,0,0,
121,328112,911.4222222222222,40,WFOFF,),Waveform end,p_offset,p,0,0,0,
121,328126,911.4611111111111,39,WFON,(,Waveform onset,qrs_onset,qrs,0,0,1,
121,328143,911.5083333333333,1,NORMAL,N,Normal beat,qrs_peak,qrs,0,0,0,
121,328158,911.55,40,WFOFF,),Waveform end,qrs_offset,qrs,0,0,1,
121,328219,911.7194444444444,39,WFON,(,Waveform onset,t_onset,t,0,0,2,
121,328239,911.775,27,TWAVE,t,T-wave peak,t_peak,t,0,0,5,
121,328350,912.0833333333334,27,TWAVE,t,T-wave peak,t_peak,t,0,0,5,
121,328372,912.1444444444444,40,WFOFF,),Waveform end,t_offset,t,0,0,2,
121,328429,912.3027777777778,39,WFON,(,Waveform onset,p_onset,p,0,0,0,
121,328444,912.3444444444444,24,PWAVE,p,P-wave peak,p_peak,p,0,0,0,
121,328467,912.4083333333333,40,WFOFF,),Waveform end,p_offset,p,0,0,0,
121,328483,912.4527777777778,39,WFON,(,Waveform onset,qrs_onset,qrs,0,0,1,
121,328500,912.5,1,NORMAL,N,Normal beat,qrs_peak,qrs,0,0,0,
121,328513,912.5361111111112,40,WFOFF,),Waveform end,qrs_offset,qrs,0,0,1,
121,328530,912.5833333333334,39,WFON,(,Waveform onset,t_onset,t,0,0,2,
121,328593,912.7583333333333,27,TWAVE,t,T-wave peak,t_peak,t,0,0,5,
121,328700,913.0555555555555,27,TWAVE,t,T-wave peak,t_peak,t,0,0,5,
121,328732,913.1444444444444,40,WFOFF,),Waveform end,t_offset,t,0,0,2,
121,328780,913.2777777777778,39,WFON,(,Waveform onset,p_onset,p,0,0,0,
121,328800,913.3333333333334,24,PWAVE,p,P-wave peak,p_peak,p,0,0,0,
121,328819,913.3861111111111,40,WFOFF,),Waveform end,p_offset,p,0,0,0,
121,328832,913.4222222222222,39,WFON,(,Waveform onset,qrs_onset,qrs,0,0,1,
121,328850,913.4722222222222,1,NORMAL,N,Normal beat,qrs_peak,qrs,0,0,0,
121,328864,913.5111111111111,40,WFOFF,),Waveform end,qrs_offset,qrs,0,0,1,
121,328915,913.6527777777778,39,WFON,(,Waveform onset,t_onset,t,0,0,2,
121,328940,913.7222222222222,27,TWAVE,t,T-wave peak,t_peak,t,0,0,5,
121,329047,914.0194444444444,27,TWAVE,t,T-wave peak,t_peak,t,0,0,5,
121,329054,914.0388888888889,40,WFOFF,),Waveform end,t_offset,t,0,0,2,
121,329141,914.2805555555556,39,WFON,(,Waveform onset,p_onset,p,0,0,0,
121,329160,914.3333333333334,24,PWAVE,p,P-wave peak,p_peak,p,0,0,0,
121,329177,914.3805555555556,40,WFOFF,),Waveform end,p_offset,p,0,0,0,
121,329192,914.4222222222222,39,WFON,(,Waveform onset,qrs_onset,qrs,0,0,1,
121,329211,914.475,1,NORMAL,N,Normal beat,qrs_peak,qrs,0,0,0,
121,329225,914.5138888888889,40,WFOFF,),Waveform end,qrs_offset,qrs,0,0,1,
121,329249,914.5805555555555,39,WFON,(,Waveform onset,t_onset,t,0,0,2,
121,329297,914.7138888888888,27,TWAVE,t,T-wave peak,t_peak,t,0,0,5,
121,329386,914.9611111111111,27,TWAVE,t,T-wave peak,t_peak,t,0,0,5,
121,329415,915.0416666666666,40,WFOFF,),Waveform end,t_offset,t,0,0,2,
121,329491,915.2527777777777,39,WFON,(,Waveform onset,p_onset,p,0,0,0,
121,329511,915.3083333333333,24,PWAVE,p,P-wave peak,p_peak,p,0,0,0,
121,329529,915.3583333333333,40,WFOFF,),Waveform end,p_offset,p,0,0,0,
121,329543,915.3972222222222,39,WFON,(,Waveform onset,qrs_onset,qrs,0,0,1,
121,329561,915.4472222222222,1,NORMAL,N,Normal beat,qrs_peak,qrs,0,0,0,
121,329577,915.4916666666667,40,WFOFF,),Waveform end,qrs_offset,qrs,0,0,1,
121,329633,915.6472222222222,39,WFON,(,Waveform onset,t_onset,t,0,0,2,
121,329649,915.6916666666667,27,TWAVE,t,T-wave peak,t_peak,t,0,0,5,
121,329745,915.9583333333334,27,TWAVE,t,T-wave peak,t_peak,t,0,0,5,
121,329774,916.0388888888889,40,WFOFF,),Waveform end,t_offset,t,0,0,2,
121,329839,916.2194444444444,39,WFON,(,Waveform onset,p_onset,p,0,0,0,
121,329859,916.275,24,PWAVE,p,P-wave peak,p_peak,p,0,0,0,
121,329880,916.3333333333334,40,WFOFF,),Waveform end,p_offset,p,0,0,0,
121,329893,916.3694444444444,39,WFON,(,Waveform onset,qrs_onset,qrs,0,0,1,
121,329912,916.4222222222222,1,NORMAL,N,Normal beat,qrs_peak,qrs,0,0,0,
121,329926,916.4611111111111,40,WFOFF,),Waveform end,qrs_offset,qrs,0,0,1,
121,329974,916.5944444444444,39,WFON,(,Waveform onset,t_onset,t,0,0,2,
121,330007,916.6861111111111,27,TWAVE,t,T-wave peak,t_peak,t,0,0,5,
121,330104,916.9555555555555,27,TWAVE,t,T-wave peak,t_peak,t,0,0,5,
121,330121,917.0027777777777,40,WFOFF,),Waveform end,t_offset,t,0,0,2,
121,330198,917.2166666666667,39,WFON,(,Waveform onset,p_onset,p,0,0,0,
121,330217,917.2694444444444,24,PWAVE,p,P-wave peak,p_peak,p,0,0,0,
121,330237,917.325,40,WFOFF,),Waveform end,p_offset,p,0,0,0,
121,330251,917.3638888888889,39,WFON,(,Waveform onset,qrs_onset,qrs,0,0,1,
121,330268,917.4111111111112,1,NORMAL,N,Normal beat,qrs_peak,qrs,0,0,0,
121,330282,917.45,40,WFOFF,),Waveform end,qrs_offset,qrs,0,0,1,
121,330332,917.5888888888888,39,WFON,(,Waveform onset,t_onset,t,0,0,2,
121,330360,917.6666666666666,27,TWAVE,t,T-wave peak,t_peak,t,0,0,5,
121,330443,917.8972222222222,27,TWAVE,t,T-wave peak,t_peak,t,0,0,5,
121,330480,918.0,40,WFOFF,),Waveform end,t_offset,t,0,0,2,
121,330545,918.1805555555555,39,WFON,(,Waveform onset,p_onset,p,0,0,0,
121,330564,918.2333333333333,24,PWAVE,p,P-wave peak,p_peak,p,0,0,0,
121,330584,918.2888888888889,40,WFOFF,),Waveform end,p_offset,p,0,0,0,
121,330599,918.3305555555555,39,WFON,(,Waveform onset,qrs_onset,qrs,0,0,1,
121,330617,918.3805555555556,1,NORMAL,N,Normal beat,qrs_peak,qrs,0,0,0,
121,330630,918.4166666666666,40,WFOFF,),Waveform end,qrs_offset,qrs,0,0,1,
121,330671,918.5305555555556,39,WFON,(,Waveform onset,t_onset,t,0,0,2,
121,330707,918.6305555555556,27,TWAVE,t,T-wave peak,t_peak,t,0,0,5,
121,330791,918.8638888888889,27,TWAVE,t,T-wave peak,t_peak,t,0,0,5,
121,330819,918.9416666666667,40,WFOFF,),Waveform end,t_offset,t,0,0,2,
121,330898,919.1611111111112,39,WFON,(,Waveform onset,p_onset,p,0,0,0,
121,330917,919.2138888888888,24,PWAVE,p,P-wave peak,p_peak,p,0,0,0,
121,330937,919.2694444444444,40,WFOFF,),Waveform end,p_offset,p,0,0,0,
121,330952,919.3111111111111,39,WFON,(,Waveform onset,qrs_onset,qrs,0,0,1,
121,330971,919.3638888888889,1,NORMAL,N,Normal beat,qrs_peak,qrs,0,0,0,
121,330985,919.4027777777778,40,WFOFF,),Waveform end,qrs_offset,qrs,0,0,1,
121,331039,919.5527777777778,39,WFON,(,Waveform onset,t_onset,t,0,0,2,
121,331065,919.625,27,TWAVE,t,T-wave peak,t_peak,t,0,0,5,
121,331207,920.0194444444444,27,TWAVE,t,T-wave peak,t_peak,t,0,0,5,
121,331216,920.0444444444445,40,WFOFF,),Waveform end,t_offset,t,0,0,2,
121,331255,920.1527777777778,39,WFON,(,Waveform onset,p_onset,p,0,0,0,
121,331273,920.2027777777778,24,PWAVE,p,P-wave peak,p_peak,p,0,0,0,
121,331291,920.2527777777777,40,WFOFF,),Waveform end,p_offset,p,0,0,0,
121,331306,920.2944444444445,39,WFON,(,Waveform onset,qrs_onset,qrs,0,0,1,
121,331325,920.3472222222222,1,NORMAL,N,Normal beat,qrs_peak,qrs,0,0,0,
121,331340,920.3888888888889,40,WFOFF,),Waveform end,qrs_offset,qrs,0,0,1,
121,331396,920.5444444444445,39,WFON,(,Waveform onset,t_onset,t,0,0,2,
121,331415,920.5972222222222,27,TWAVE,t,T-wave peak,t_peak,t,0,0,5,
121,331544,920.9555555555555,27,TWAVE,t,T-wave peak,t_peak,t,0,0,5,
121,331566,921.0166666666667,40,WFOFF,),Waveform end,t_offset,t,0,0,2,
121,331610,921.1388888888889,39,WFON,(,Waveform onset,p_onset,p,0,0,0,
121,331630,921.1944444444445,24,PWAVE,p,P-wave peak,p_peak,p,0,0,0,
121,331650,921.25,40,WFOFF,),Waveform end,p_offset,p,0,0,0,
121,331665,921.2916666666666,39,WFON,(,Waveform onset,qrs_onset,qrs,0,0,1,
121,331682,921.3388888888888,1,NORMAL,N,Normal beat,qrs_peak,qrs,0,0,0,
121,331698,921.3833333333333,40,WFOFF,),Waveform end,qrs_offset,qrs,0,0,1,
121,331740,921.5,39,WFON,(,Waveform onset,t_onset,t,0,0,2,
121,331778,921.6055555555556,27,TWAVE,t,T-wave peak,t_peak,t,0,0,0,
121,331808,921.6888888888889,40,WFOFF,),Waveform end,t_offset,t,0,0,2,
121,331967,922.1305555555556,39,WFON,(,Waveform onset,p_onset,p,0,0,0,
121,331986,922.1833333333333,24,PWAVE,p,P-wave peak,p_peak,p,0,0,0,
121,332004,922.2333333333333,40,WFOFF,),Waveform end,p_offset,p,0,0,0,
121,332011,922.2527777777777,39,WFON,(,Waveform onset,qrs_onset,qrs,0,0,1,
121,332041,922.3361111111111,1,NORMAL,N,Normal beat,qrs_peak,qrs,0,0,0,
121,332056,922.3777777777777,40,WFOFF,),Waveform end,qrs_offset,qrs,0,0,1,
121,332087,922.4638888888888,39,WFON,(,Waveform onset,t_onset,t,0,0,2,
121,332139,922.6083333333333,27,TWAVE,t,T-wave peak,t_peak,t,0,0,5,
121,332237,922.8805555555556,27,TWAVE,t,T-wave peak,t_peak,t,0,0,5,
121,332262,922.95,40,WFOFF,),Waveform end,t_offset,t,0,0,2,
121,332335,923.1527777777778,39,WFON,(,Waveform onset,p_onset,p,0,0,0,
121,332355,923.2083333333334,24,PWAVE,p,P-wave peak,p_peak,p,0,0,0,
121,332374,923.2611111111111,40,WFOFF,),Waveform end,p_offset,p,0,0,0,
121,332388,923.3,39,WFON,(,Waveform onset,qrs_onset,qrs,0,0,1,
121,332406,923.35,1,NORMAL,N,Normal beat,qrs_peak,qrs,0,0,0,
121,332421,923.3916666666667,40,WFOFF,),Waveform end,qrs_offset,qrs,0,0,1,
121,332467,923.5194444444444,39,WFON,(,Waveform onset,t_onset,t,0,0,2,
121,332503,923.6194444444444,27,TWAVE,t,T-wave peak,t_peak,t,0,0,5,
121,332585,923.8472222222222,27,TWAVE,t,T-wave peak,t_peak,t,0,0,5,
121,332606,923.9055555555556,40,WFOFF,),Waveform end,t_offset,t,0,0,2,
121,332696,924.1555555555556,39,WFON,(,Waveform onset,p_onset,p,0,0,0,
121,332710,924.1944444444445,24,PWAVE,p,P-wave peak,p_peak,p,0,0,0,
121,332735,924.2638888888889,40,WFOFF,),Waveform end,p_offset,p,0,0,0,
121,332747,924.2972222222222,39,WFON,(,Waveform onset,qrs_onset,qrs,0,0,1,
121,332765,924.3472222222222,1,NORMAL,N,Normal beat,qrs_peak,qrs,0,0,0,
121,332779,924.3861111111111,40,WFOFF,),Waveform end,qrs_offset,qrs,0,0,1,
121,332839,924.5527777777778,39,WFON,(,Waveform onset,t_onset,t,0,0,2,
121,332853,924.5916666666667,27,TWAVE,t,T-wave peak,t_peak,t,0,0,5,
121,332938,924.8277777777778,27,TWAVE,t,T-wave peak,t_peak,t,0,0,5,
121,332961,924.8916666666667,40,WFOFF,),Waveform end,t_offset,t,0,0,2,
121,333048,925.1333333333333,39,WFON,(,Waveform onset,p_onset,p,0,0,0,
121,333075,925.2083333333334,24,PWAVE,p,P-wave peak,p_peak,p,0,0,0,
121,333086,925.2388888888889,40,WFOFF,),Waveform end,p_offset,p,0,0,0,
121,333103,925.2861111111112,39,WFON,(,Waveform onset,qrs_onset,qrs,0,0,1,
121,333119,925.3305555555555,1,NORMAL,N,Normal beat,qrs_peak,qrs,0,0,0,
121,333135,925.375,40,WFOFF,),Waveform end,qrs_offset,qrs,0,0,1,
121,333178,925.4944444444444,39,WFON,(,Waveform onset,t_onset,t,0,0,2,
121,333213,925.5916666666667,27,TWAVE,t,T-wave peak,t_peak,t,0,0,5,
121,333324,925.9,27,TWAVE,t,T-wave peak,t_peak,t,0,0,5,
121,333335,925.9305555555555,40,WFOFF,),Waveform end,t_offset,t,0,0,2,
121,333397,926.1027777777778,39,WFON,(,Waveform onset,p_onset,p,0,0,0,
121,333413,926.1472222222222,24,PWAVE,p,P-wave peak,p_peak,p,0,0,0,
121,333439,926.2194444444444,40,WFOFF,),Waveform end,p_offset,p,0,0,0,
121,333453,926.2583333333333,39,WFON,(,Waveform onset,qrs_onset,qrs,0,0,1,
121,333470,926.3055555555555,1,NORMAL,N,Normal beat,qrs_peak,qrs,0,0,0,
121,333484,926.3444444444444,40,WFOFF,),Waveform end,qrs_offset,qrs,0,0,1,
121,333503,926.3972222222222,39,WFON,(,Waveform onset,t_onset,t,0,0,2,
121,333559,926.5527777777778,27,TWAVE,t,T-wave peak,t_peak,t,0,0,5,
121,333659,926.8305555555555,27,TWAVE,t,T-wave peak,t_peak,t,0,0,5,
121,333675,926.875,40,WFOFF,),Waveform end,t_offset,t,0,0,2,
121,333761,927.1138888888889,39,WFON,(,Waveform onset,p_onset,p,0,0,0,
121,333786,927.1833333333333,24,PWAVE,p,P-wave peak,p_peak,p,0,0,0,
121,333800,927.2222222222222,40,WFOFF,),Waveform end,p_offset,p,0,0,0,
121,333814,927.2611111111111,39,WFON,(,Waveform onset,qrs_onset,qrs,0,0,1,
121,333831,927.3083333333333,1,NORMAL,N,Normal beat,qrs_peak,qrs,0,0,0,
121,333846,927.35,40,WFOFF,),Waveform end,qrs_offset,qrs,0,0,1,
121,333889,927.4694444444444,39,WFON,(,Waveform onset,t_onset,t,0,0,2,
121,333921,927.5583333333333,27,TWAVE,t,T-wave peak,t_peak,t,0,0,5,
121,334014,927.8166666666667,27,TWAVE,t,T-wave peak,t_peak,t,0,0,5,
121,334040,927.8888888888889,40,WFOFF,),Waveform end,t_offset,t,0,0,2,
121,334130,928.1388888888889,39,WFON,(,Waveform onset,p_onset,p,0,0,0,
121,334154,928.2055555555555,24,PWAVE,p,P-wave peak,p_peak,p,0,0,0,
121,334167,928.2416666666667,40,WFOFF,),Waveform end,p_offset,p,0,0,0,
121,334173,928.2583333333333,39,WFON,(,Waveform onset,qrs_onset,qrs,0,0,1,
121,334202,928.3388888888888,1,NORMAL,N,Normal beat,qrs_peak,qrs,0,0,0,
121,334215,928.375,40,WFOFF,),Waveform end,qrs_offset,qrs,0,0,1,
121,334270,928.5277777777778,39,WFON,(,Waveform onset,t_onset,t,0,0,2,
121,334289,928.5805555555555,27,TWAVE,t,T-wave peak,t_peak,t,0,0,5,
121,334387,928.8527777777778,27,TWAVE,t,T-wave peak,t_peak,t,0,0,5,
121,334422,928.95,40,WFOFF,),Waveform end,t_offset,t,0,0,2,
121,334489,929.1361111111111,39,WFON,(,Waveform onset,p_onset,p,0,0,0,
121,334505,929.1805555555555,24,PWAVE,p,P-wave peak,p_peak,p,0,0,0,
121,334531,929.2527777777777,40,WFOFF,),Waveform end,p_offset,p,0,0,0,
121,334545,929.2916666666666,39,WFON,(,Waveform onset,qrs_onset,qrs,0,0,1,
121,334562,929.3388888888888,1,NORMAL,N,Normal beat,qrs_peak,qrs,0,0,0,
121,334575,929.375,40,WFOFF,),Waveform end,qrs_offset,qrs,0,0,1,
121,334622,929.5055555555556,39,WFON,(,Waveform onset,t_onset,t,0,0,2,
121,334653,929.5916666666667,27,TWAVE,t,T-wave peak,t_peak,t,0,0,5,
121,334738,929.8277777777778,27,TWAVE,t,T-wave peak,t_peak,t,0,0,5,
121,334780,929.9444444444445,40,WFOFF,),Waveform end,t_offset,t,0,0,2,
121,334848,930.1333333333333,39,WFON,(,Waveform onset,p_onset,p,0,0,0,
121,334869,930.1916666666667,24,PWAVE,p,P-wave peak,p_peak,p,0,0,0,
121,334886,930.2388888888889,40,WFOFF,),Waveform end,p_offset,p,0,0,0,
121,334901,930.2805555555556,39,WFON,(,Waveform onset,qrs_onset,qrs,0,0,1,
121,334919,930.3305555555555,1,NORMAL,N,Normal beat,qrs_peak,qrs,0,0,0,
121,334934,930.3722222222223,40,WFOFF,),Waveform end,qrs_offset,qrs,0,0,1,
121,334983,930.5083333333333,39,WFON,(,Waveform onset,t_onset,t,0,0,2,
121,335012,930.5888888888888,27,TWAVE,t,T-wave peak,t_peak,t,0,0,5,
121,335169,931.025,27,TWAVE,t,T-wave peak,t_peak,t,0,0,5,
121,335179,931.0527777777778,40,WFOFF,),Waveform end,t_offset,t,0,0,2,
121,335215,931.1527777777778,39,WFON,(,Waveform onset,p_onset,p,0,0,0,
121,335229,931.1916666666667,24,PWAVE,p,P-wave peak,p_peak,p,0,0,0,
121,335255,931.2638888888889,40,WFOFF,),Waveform end,p_offset,p,0,0,0,
121,335269,931.3027777777778,39,WFON,(,Waveform onset,qrs_onset,qrs,0,0,1,
121,335287,931.3527777777778,1,NORMAL,N,Normal beat,qrs_peak,qrs,0,0,0,
121,335301,931.3916666666667,40,WFOFF,),Waveform end,qrs_offset,qrs,0,0,1,
121,335361,931.5583333333333,39,WFON,(,Waveform onset,t_onset,t,0,0,2,
121,335373,931.5916666666667,27,TWAVE,t,T-wave peak,t_peak,t,0,0,5,
121,335475,931.875,27,TWAVE,t,T-wave peak,t_peak,t,0,0,5,
121,335498,931.9388888888889,40,WFOFF,),Waveform end,t_offset,t,0,0,2,
121,335581,932.1694444444445,39,WFON,(,Waveform onset,p_onset,p,0,0,0,
121,335603,932.2305555555556,24,PWAVE,p,P-wave peak,p_peak,p,0,0,0,
121,335618,932.2722222222222,40,WFOFF,),Waveform end,p_offset,p,0,0,0,
121,335626,932.2944444444445,39,WFON,(,Waveform onset,qrs_onset,qrs,0,0,1,
121,335653,932.3694444444444,1,NORMAL,N,Normal beat,qrs_peak,qrs,0,0,0,
121,335667,932.4083333333333,40,WFOFF,),Waveform end,qrs_offset,qrs,0,0,1,
121,335687,932.4638888888888,39,WFON,(,Waveform onset,t_onset,t,0,0,2,
121,335746,932.6277777777777,27,TWAVE,t,T-wave peak,t_peak,t,0,0,5,
121,335834,932.8722222222223,27,TWAVE,t,T-wave peak,t_peak,t,0,0,5,
121,335840,932.8888888888889,40,WFOFF,),Waveform end,t_offset,t,0,0,2,
121,335931,933.1416666666667,39,WFON,(,Waveform onset,p_onset,p,0,0,0,
121,335959,933.2194444444444,24,PWAVE,p,P-wave peak,p_peak,p,0,0,0,
121,335971,933.2527777777777,40,WFOFF,),Waveform end,p_offset,p,0,0,0,
121,335987,933.2972222222222,39,WFON,(,Waveform onset,qrs_onset,qrs,0,0,1,
121,336005,933.3472222222222,1,NORMAL,N,Normal beat,qrs_peak,qrs,0,0,0,
121,336019,933.3861111111111,40,WFOFF,),Waveform end,qrs_offset,qrs,0,0,1,
121,336079,933.5527777777778,39,WFON,(,Waveform onset,t_onset,t,0,0,2,
121,336095,933.5972222222222,27,TWAVE,t,T-wave peak,t_peak,t,0,0,5,
121,336216,933.9333333333333,27,TWAVE,t,T-wave peak,t_peak,t,0,0,5,
121,336232,933.9777777777778,40,WFOFF,),Waveform end,t_offset,t,0,0,2,
121,336296,934.1555555555556,39,WFON,(,Waveform onset,p_onset,p,0,0,0,
121,336318,934.2166666666667,24,PWAVE,p,P-wave peak,p_peak,p,0,0,0,
121,336335,934.2638888888889,40,WFOFF,),Waveform end,p_offset,p,0,0,0,
121,336349,934.3027777777778,39,WFON,(,Waveform onset,qrs_onset,qrs,0,0,1,
121,336366,934.35,1,NORMAL,N,Normal beat,qrs_peak,qrs,0,0,0,
121,336383,934.3972222222222,40,WFOFF,),Waveform end,qrs_offset,qrs,0,0,1,
121,336389,934.4138888888889,39,WFON,(,Waveform onset,t_onset,t,0,0,2,
121,336458,934.6055555555556,27,TWAVE,t,T-wave peak,t_peak,t,0,0,5,
121,336553,934.8694444444444,27,TWAVE,t,T-wave peak,t_peak,t,0,0,5,
121,336595,934.9861111111111,40,WFOFF,),Waveform end,t_offset,t,0,0,2,
121,336652,935.1444444444444,39,WFON,(,Waveform onset,p_onset,p,0,0,0,
121,336672,935.2,24,PWAVE,p,P-wave peak,p_peak,p,0,0,0,
121,336691,935.2527777777777,40,WFOFF,),Waveform end,p_offset,p,0,0,0,
121,336695,935.2638888888889,39,WFON,(,Waveform onset,qrs_onset,qrs,0,0,1,
121,336724,935.3444444444444,1,NORMAL,N,Normal beat,qrs_peak,qrs,0,0,0,
121,336738,935.3833333333333,40,WFOFF,),Waveform end,qrs_offset,qrs,0,0,1,
121,336745,935.4027777777778,39,WFON,(,Waveform onset,t_onset,t,0,0,2,
121,336815,935.5972222222222,27,TWAVE,t,T-wave peak,t_peak,t,0,0,5,
121,336951,935.975,27,TWAVE,t,T-wave peak,t_peak,t,0,0,5,
121,336965,936.0138888888889,40,WFOFF,),Waveform end,t_offset,t,0,0,2,
121,337006,936.1277777777777,39,WFON,(,Waveform onset,p_onset,p,0,0,0,
121,337029,936.1916666666667,24,PWAVE,p,P-wave peak,p_peak,p,0,0,0,
121,337043,936.2305555555556,40,WFOFF,),Waveform end,p_offset,p,0,0,0,
121,337059,936.275,39,WFON,(,Waveform onset,qrs_onset,qrs,0,0,1,
121,337078,936.3277777777778,1,NORMAL,N,Normal beat,qrs_peak,qrs,0,0,0,
121,337092,936.3666666666667,40,WFOFF,),Waveform end,qrs_offset,qrs,0,0,1,
121,337144,936.5111111111111,39,WFON,(,Waveform onset,t_onset,t,0,0,2,
121,337171,936.5861111111111,27,TWAVE,t,T-wave peak,t_peak,t,0,0,5,
121,337283,936.8972222222222,27,TWAVE,t,T-wave peak,t_peak,t,0,0,5,
121,337305,936.9583333333334,40,WFOFF,),Waveform end,t_offset,t,0,0,2,
121,337369,937.1361111111111,39,WFON,(,Waveform onset,p_onset,p,0,0,0,
121,337392,937.2,24,PWAVE,p,P-wave peak,p_peak,p,0,0,0,
121,337407,937.2416666666667,40,WFOFF,),Waveform end,p_offset,p,0,0,0,
121,337422,937.2833333333333,39,WFON,(,Waveform onset,qrs_onset,qrs,0,0,1,
121,337438,937.3277777777778,1,NORMAL,N,Normal beat,qrs_peak,qrs,0,0,0,
121,337453,937.3694444444444,40,WFOFF,),Waveform end,qrs_offset,qrs,0,0,1,
121,337504,937.5111111111111,39,WFON,(,Waveform onset,t_onset,t,0,0,2,
121,337529,937.5805555555555,27,TWAVE,t,T-wave peak,t_peak,t,0,0,5,
121,337608,937.8,27,TWAVE,t,T-wave peak,t_peak,t,0,0,5,
121,337677,937.9916666666667,40,WFOFF,),Waveform end,t_offset,t,0,0,2,
121,337720,938.1111111111111,39,WFON,(,Waveform onset,p_onset,p,0,0,0,
121,337746,938.1833333333333,24,PWAVE,p,P-wave peak,p_peak,p,0,0,0,
121,337760,938.2222222222222,40,WFOFF,),Waveform end,p_offset,p,0,0,0,
121,337776,938.2666666666667,39,WFON,(,Waveform onset,qrs_onset,qrs,0,0,1,
121,337793,938.3138888888889,1,NORMAL,N,Normal beat,qrs_peak,qrs,0,0,0,
121,337806,938.35,40,WFOFF,),Waveform end,qrs_offset,qrs,0,0,1,
121,337821,938.3916666666667,39,WFON,(,Waveform onset,t_onset,t,0,0,2,
121,337880,938.5555555555555,27,TWAVE,t,T-wave peak,t_peak,t,0,0,5,
121,337981,938.8361111111111,27,TWAVE,t,T-wave peak,t_peak,t,0,0,5,
121,338012,938.9222222222222,40,WFOFF,),Waveform end,t_offset,t,0,0,2,
121,338076,939.1,39,WFON,(,Waveform onset,p_onset,p,0,0,0,
121,338093,939.1472222222222,24,PWAVE,p,P-wave peak,p_peak,p,0,0,0,
121,338113,939.2027777777778,40,WFOFF,),Waveform end,p_offset,p,0,0,0,
121,338128,939.2444444444444,39,WFON,(,Waveform onset,qrs_onset,qrs,0,0,1,
121,338147,939.2972222222222,1,NORMAL,N,Normal beat,qrs_peak,qrs,0,0,0,
121,338162,939.3388888888888,40,WFOFF,),Waveform end,qrs_offset,qrs,0,0,1,
121,338211,939.475,39,WFON,(,Waveform onset,t_onset,t,0,0,2,
121,338240,939.5555555555555,27,TWAVE,t,T-wave peak,t_peak,t,0,0,5,
121,338365,939.9027777777778,27,TWAVE,t,T-wave peak,t_peak,t,0,0,5,
121,338374,939.9277777777778,40,WFOFF,),Waveform end,t_offset,t,0,0,2,
121,338426,940.0722222222222,39,WFON,(,Waveform onset,p_onset,p,0,0,0,
121,338445,940.125,24,PWAVE,p,P-wave peak,p_peak,p,0,0,0,
121,338465,940.1805555555555,40,WFOFF,),Waveform end,p_offset,p,0,0,0,
121,338480,940.2222222222222,39,WFON,(,Waveform onset,qrs_onset,qrs,0,0,1,
121,338498,940.2722222222222,1,NORMAL,N,Normal beat,qrs_peak,qrs,0,0,0,
121,338512,940.3111111111111,40,WFOFF,),Waveform end,qrs_offset,qrs,0,0,1,
121,338566,940.4611111111111,39,WFON,(,Waveform onset,t_onset,t,0,0,2,
121,338587,940.5194444444444,27,TWAVE,t,T-wave peak,t_peak,t,0,0,5,
121,338715,940.875,27,TWAVE,t,T-wave peak,t_peak,t,0,0,5,
121,338732,940.9222222222222,40,WFOFF,),Waveform end,t_offset,t,0,0,2,
121,338779,941.0527777777778,39,WFON,(,Waveform onset,p_onset,p,0,0,0,
121,338804,941.1222222222223,24,PWAVE,p,P-wave peak,p_peak,p,0,0,0,
121,338820,941.1666666666666,40,WFOFF,),Waveform end,p_offset,p,0,0,0,
121,338833,941.2027777777778,39,WFON,(,Waveform onset,qrs_onset,qrs,0,0,1,
121,338851,941.2527777777777,1,NORMAL,N,Normal beat,qrs_peak,qrs,0,0,0,
121,338864,941.2888888888889,40,WFOFF,),Waveform end,qrs_offset,qrs,0,0,1,
121,338884,941.3444444444444,39,WFON,(,Waveform onset,t_onset,t,0,0,2,
121,338939,941.4972222222223,27,TWAVE,t,T-wave peak,t_peak,t,0,0,0,
121,338976,941.6,40,WFOFF,),Waveform end,t_offset,t,0,0,2,
121,339124,942.0111111111111,39,WFON,(,Waveform onset,p_onset,p,0,0,0,
121,339143,942.0638888888889,24,PWAVE,p,P-wave peak,p_peak,p,0,0,0,
121,339166,942.1277777777777,40,WFOFF,),Waveform end,p_offset,p,0,0,0,
121,339179,942.1638888888889,39,WFON,(,Waveform onset,qrs_onset,qrs,0,0,1,
121,339197,942.2138888888888,1,NORMAL,N,Normal beat,qrs_peak,qrs,0,0,0,
121,339211,942.2527777777777,40,WFOFF,),Waveform end,qrs_offset,qrs,0,0,1,
121,339277,942.4361111111111,39,WFON,(,Waveform onset,t_onset,t,0,0,2,
121,339295,942.4861111111111,27,TWAVE,t,T-wave peak,t_peak,t,0,0,5,
121,339398,942.7722222222222,27,TWAVE,t,T-wave peak,t_peak,t,0,0,5,
121,339426,942.85,40,WFOFF,),Waveform end,t_offset,t,0,0,2,
121,339478,942.9944444444444,39,WFON,(,Waveform onset,p_onset,p,0,0,0,
121,339500,943.0555555555555,24,PWAVE,p,P-wave peak,p_peak,p,0,0,0,
121,339516,943.1,40,WFOFF,),Waveform end,p_offset,p,0,0,0,
121,339531,943.1416666666667,39,WFON,(,Waveform onset,qrs_onset,qrs,0,0,1,
121,339549,943.1916666666667,1,NORMAL,N,Normal beat,qrs_peak,qrs,0,0,0,
121,339562,943.2277777777778,40,WFOFF,),Waveform end,qrs_offset,qrs,0,0,1,
121,339580,943.2777777777778,39,WFON,(,Waveform onset,t_onset,t,0,0,2,
121,339637,943.4361111111111,27,TWAVE,t,T-wave peak,t_peak,t,0,0,5,
121,339768,943.8,27,TWAVE,t,T-wave peak,t_peak,t,0,0,5,
121,339775,943.8194444444445,40,WFOFF,),Waveform end,t_offset,t,0,0,2,
121,339826,943.9611111111111,39,WFON,(,Waveform onset,p_onset,p,0,0,0,
121,339840,944.0,24,PWAVE,p,P-wave peak,p_peak,p,0,0,0,
121,339865,944.0694444444445,40,WFOFF,),Waveform end,p_offset,p,0,0,0,
121,339879,944.1083333333333,39,WFON,(,Waveform onset,qrs_onset,qrs,0,0,1,
121,339896,944.1555555555556,1,NORMAL,N,Normal beat,qrs_peak,qrs,0,0,0,
121,339911,944.1972222222222,40,WFOFF,),Waveform end,qrs_offset,qrs,0,0,1,
121,339974,944.3722222222223,39,WFON,(,Waveform onset,t_onset,t,0,0,2,
121,339989,944.4138888888889,27,TWAVE,t,T-wave peak,t_peak,t,0,0,5,
121,340073,944.6472222222222,27,TWAVE,t,T-wave peak,t_peak,t,0,0,5,
121,340125,944.7916666666666,40,WFOFF,),Waveform end,t_offset,t,0,0,2,
121,340166,944.9055555555556,39,WFON,(,Waveform onset,p_onset,p,0,0,0,
121,340186,944.9611111111111,24,PWAVE,p,P-wave peak,p_peak,p,0,0,0,
121,340205,945.0138888888889,40,WFOFF,),Waveform end,p_offset,p,0,0,0,
121,340222,945.0611111111111,39,WFON,(,Waveform onset,qrs_onset,qrs,0,0,1,
121,340238,945.1055555555556,1,NORMAL,N,Normal beat,qrs_peak,qrs,0,0,0,
121,340255,945.1527777777778,40,WFOFF,),Waveform end,qrs_offset,qrs,0,0,1,
121,340319,945.3305555555555,39,WFON,(,Waveform onset,t_onset,t,0,0,2,
121,340332,945.3666666666667,27,TWAVE,t,T-wave peak,t_peak,t,0,0,5,
121,340410,945.5833333333334,27,TWAVE,t,T-wave peak,t_peak,t,0,0,5,
121,340458,945.7166666666667,40,WFOFF,),Waveform end,t_offset,t,0,0,2,
121,340505,945.8472222222222,39,WFON,(,Waveform onset,p_onset,p,0,0,0,
121,340527,945.9083333333333,24,PWAVE,p,P-wave peak,p_peak,p,0,0,0,
121,340545,945.9583333333334,40,WFOFF,),Waveform end,p_offset,p,0,0,0,
121,340563,946.0083333333333,39,WFON,(,Waveform onset,qrs_onset,qrs,0,0,1,
121,340578,946.05,1,NORMAL,N,Normal beat,qrs_peak,qrs,0,0,0,
121,340593,946.0916666666667,40,WFOFF,),Waveform end,qrs_offset,qrs,0,0,1,
121,340640,946.2222222222222,39,WFON,(,Waveform onset,t_onset,t,0,0,2,
121,340667,946.2972222222222,27,TWAVE,t,T-wave peak,t_peak,t,0,0,5,
121,340803,946.675,27,TWAVE,t,T-wave peak,t_peak,t,0,0,5,
121,340826,946.7388888888889,40,WFOFF,),Waveform end,t_offset,t,0,0,2,
121,340856,946.8222222222222,39,WFON,(,Waveform onset,p_onset,p,0,0,0,
121,340875,946.875,24,PWAVE,p,P-wave peak,p_peak,p,0,0,0,
121,340894,946.9277777777778,40,WFOFF,),Waveform end,p_offset,p,0,0,0,
121,340910,946.9722222222222,39,WFON,(,Waveform onset,qrs_onset,qrs,0,0,1,
121,340929,947.025,1,NORMAL,N,Normal beat,qrs_peak,qrs,0,0,0,
121,340942,947.0611111111111,40,WFOFF,),Waveform end,qrs_offset,qrs,0,0,1,
121,340984,947.1777777777778,39,WFON,(,Waveform onset,t_onset,t,0,0,2,
121,341016,947.2666666666667,27,TWAVE,t,T-wave peak,t_peak,t,0,0,5,
121,341056,947.3777777777777,27,TWAVE,t,T-wave peak,t_peak,t,0,0,5,
121,341067,947.4083333333333,40,WFOFF,),Waveform end,t_offset,t,0,0,2,
121,341212,947.8111111111111,39,WFON,(,Waveform onset,p_onset,p,0,0,0,
121,341231,947.8638888888889,24,PWAVE,p,P-wave peak,p_peak,p,0,0,0,
121,341253,947.925,40,WFOFF,),Waveform end,p_offset,p,0,0,0,
121,341268,947.9666666666667,39,WFON,(,Waveform onset,qrs_onset,qrs,0,0,1,
121,341287,948.0194444444444,1,NORMAL,N,Normal beat,qrs_peak,qrs,0,0,0,
121,341304,948.0666666666667,40,WFOFF,),Waveform end,qrs_offset,qrs,0,0,1,
121,341355,948.2083333333334,39,WFON,(,Waveform onset,t_onset,t,0,0,2,
121,341379,948.275,27,TWAVE,t,T-wave peak,t_peak,t,0,0,5,
121,341476,948.5444444444445,27,TWAVE,t,T-wave peak,t_peak,t,0,0,5,
121,341508,948.6333333333333,40,WFOFF,),Waveform end,t_offset,t,0,0,2,
121,341565,948.7916666666666,39,WFON,(,Waveform onset,p_onset,p,0,0,0,
121,341586,948.85,24,PWAVE,p,P-wave peak,p_peak,p,0,0,0,
121,341606,948.9055555555556,40,WFOFF,),Waveform end,p_offset,p,0,0,0,
121,341619,948.9416666666667,39,WFON,(,Waveform onset,qrs_onset,qrs,0,0,1,
121,341638,948.9944444444444,1,NORMAL,N,Normal beat,qrs_peak,qrs,0,0,0,
121,341653,949.0361111111112,40,WFOFF,),Waveform end,qrs_offset,qrs,0,0,1,
121,341667,949.075,39,WFON,(,Waveform onset,t_onset,t,0,0,2,
121,341730,949.25,27,TWAVE,t,T-wave peak,t_peak,t,0,0,5,
121,341824,949.5111111111111,27,TWAVE,t,T-wave peak,t_peak,t,0,0,5,
121,341854,949.5944444444444,40,WFOFF,),Waveform end,t_offset,t,0,0,2,
121,341924,949.7888888888889,39,WFON,(,Waveform onset,p_onset,p,0,0,0,
121,341941,949.8361111111111,24,PWAVE,p,P-wave peak,p_peak,p,0,0,0,
121,341964,949.9,40,WFOFF,),Waveform end,p_offset,p,0,0,0,
121,341976,949.9333333333333,39,WFON,(,Waveform onset,qrs_onset,qrs,0,0,1,
121,341994,949.9833333333333,1,NORMAL,N,Normal beat,qrs_peak,qrs,0,0,0,
121,342008,950.0222222222222,40,WFOFF,),Waveform end,qrs_offset,qrs,0,0,1,
121,342015,950.0416666666666,39,WFON,(,Waveform onset,t_onset,t,0,0,2,
121,342082,950.2277777777778,27,TWAVE,t,T-wave peak,t_peak,t,0,0,5,
121,342172,950.4777777777778,27,TWAVE,t,T-wave peak,t_peak,t,0,0,5,
121,342214,950.5944444444444,40,WFOFF,),Waveform end,t_offset,t,0,0,2,
121,342277,950.7694444444444,39,WFON,(,Waveform onset,p_onset,p,0,0,0,
121,342290,950.8055555555555,24,PWAVE,p,P-wave peak,p_peak,p,0,0,0,
121,342317,950.8805555555556,40,WFOFF,),Waveform end,p_offset,p,0,0,0,
121,342330,950.9166666666666,39,WFON,(,Waveform onset,qrs_onset,qrs,0,0,1,
121,342349,950.9694444444444,1,NORMAL,N,Normal beat,qrs_peak,qrs,0,0,0,
121,342363,951.0083333333333,40,WFOFF,),Waveform end,qrs_offset,qrs,0,0,1,
121,342390,951.0833333333334,39,WFON,(,Waveform onset,t_onset,t,0,0,2,
121,342436,951.2111111111111,27,TWAVE,t,T-wave peak,t_peak,t,0,0,0,
121,342475,951.3194444444445,40,WFOFF,),Waveform end,t_offset,t,0,0,2,
121,342621,951.725,39,WFON,(,Waveform onset,p_onset,p,0,0,0,
121,342636,951.7666666666667,24,PWAVE,p,P-wave peak,p_peak,p,0,0,0,
121,342660,951.8333333333334,40,WFOFF,),Waveform end,p_offset,p,0,0,0,
121,342677,951.8805555555556,39,WFON,(,Waveform onset,qrs_onset,qrs,0,0,1,
121,342693,951.925,1,NORMAL,N,Normal beat,qrs_peak,qrs,0,0,0,
121,342708,951.9666666666667,40,WFOFF,),Waveform end,qrs_offset,qrs,0,0,1,
121,342761,952.1138888888889,39,WFON,(,Waveform onset,t_onset,t,0,0,2,
121,342783,952.175,27,TWAVE,t,T-wave peak,t_peak,t,0,0,5,
121,342879,952.4416666666667,27,TWAVE,t,T-wave peak,t_peak,t,0,0,5,
121,342911,952.5305555555556,40,WFOFF,),Waveform end,t_offset,t,0,0,2,
121,342977,952.7138888888888,39,WFON,(,Waveform onset,p_onset,p,0,0,0,
121,342996,952.7666666666667,24,PWAVE,p,P-wave peak,p_peak,p,0,0,0,
121,343013,952.8138888888889,40,WFOFF,),Waveform end,p_offset,p,0,0,0,
121,343028,952.8555555555556,39,WFON,(,Waveform onset,qrs_onset,qrs,0,0,1,
121,343046,952.9055555555556,1,NORMAL,N,Normal beat,qrs_peak,qrs,0,0,0,
121,343061,952.9472222222222,40,WFOFF,),Waveform end,qrs_offset,qrs,0,0,1,
121,343119,953.1083333333333,39,WFON,(,Waveform onset,t_onset,t,0,0,2,
121,343137,953.1583333333333,27,TWAVE,t,T-wave peak,t_peak,t,0,0,5,
121,343254,953.4833333333333,27,TWAVE,t,T-wave peak,t_peak,t,0,0,5,
121,343271,953.5305555555556,40,WFOFF,),Waveform end,t_offset,t,0,0,2,
121,343334,953.7055555555555,39,WFON,(,Waveform onset,p_onset,p,0,0,0,
121,343357,953.7694444444444,24,PWAVE,p,P-wave peak,p_peak,p,0,0,0,
121,343372,953.8111111111111,40,WFOFF,),Waveform end,p_offset,p,0,0,0,
121,343381,953.8361111111111,39,WFON,(,Waveform onset,qrs_onset,qrs,0,0,1,
121,343407,953.9083333333333,1,NORMAL,N,Normal beat,qrs_peak,qrs,0,0,0,
121,343423,953.9527777777778,40,WFOFF,),Waveform end,qrs_offset,qrs,0,0,1,
121,343454,954.0388888888889,39,WFON,(,Waveform onset,t_onset,t,0,0,2,
121,343495,954.1527777777778,27,TWAVE,t,T-wave peak,t_peak,t,0,0,5,
121,343602,954.45,27,TWAVE,t,T-wave peak,t_peak,t,0,0,5,
121,343631,954.5305555555556,40,WFOFF,),Waveform end,t_offset,t,0,0,2,
121,343697,954.7138888888888,39,WFON,(,Waveform onset,p_onset,p,0,0,0,
121,343714,954.7611111111111,24,PWAVE,p,P-wave peak,p_peak,p,0,0,0,
121,343734,954.8166666666667,40,WFOFF,),Waveform end,p_offset,p,0,0,0,
121,343748,954.8555555555556,39,WFON,(,Waveform onset,qrs_onset,qrs,0,0,1,
121,343767,954.9083333333333,1,NORMAL,N,Normal beat,qrs_peak,qrs,0,0,0,
121,343782,954.95,40,WFOFF,),Waveform end,qrs_offset,qrs,0,0,1,
121,343828,955.0777777777778,39,WFON,(,Waveform onset,t_onset,t,0,0,2,
121,343857,955.1583333333333,27,TWAVE,t,T-wave peak,t_peak,t,0,0,5,
121,343960,955.4444444444445,27,TWAVE,t,T-wave peak,t_peak,t,0,0,5,
121,344013,955.5916666666667,40,WFOFF,),Waveform end,t_offset,t,0,0,2,
121,344059,955.7194444444444,39,WFON,(,Waveform onset,p_onset,p,0,0,0,
121,344074,955.7611111111111,24,PWAVE,p,P-wave peak,p_peak,p,0,0,0,
121,344096,955.8222222222222,40,WFOFF,),Waveform end,p_offset,p,0,0,0,
121,344110,955.8611111111111,39,WFON,(,Waveform onset,qrs_onset,qrs,0,0,1,
121,344129,955.9138888888889,1,NORMAL,N,Normal beat,qrs_peak,qrs,0,0,0,
121,344144,955.9555555555555,40,WFOFF,),Waveform end,qrs_offset,qrs,0,0,1,
121,344191,956.0861111111111,39,WFON,(,Waveform onset,t_onset,t,0,0,2,
121,344219,956.1638888888889,27,TWAVE,t,T-wave peak,t_peak,t,0,0,5,
121,344321,956.4472222222222,27,TWAVE,t,T-wave peak,t_peak,t,0,0,5,
121,344338,956.4944444444444,40,WFOFF,),Waveform end,t_offset,t,0,0,2,
121,344429,956.7472222222223,39,WFON,(,Waveform onset,p_onset,p,0,0,0,
121,344448,956.8,24,PWAVE,p,P-wave peak,p_peak,p,0,0,0,
121,344469,956.8583333333333,40,WFOFF,),Waveform end,p_offset,p,0,0,0,
121,344474,956.8722222222223,39,WFON,(,Waveform onset,qrs_onset,qrs,0,0,1,
121,344503,956.9527777777778,1,NORMAL,N,Normal beat,qrs_peak,qrs,0,0,0,
121,344517,956.9916666666667,40,WFOFF,),Waveform end,qrs_offset,qrs,0,0,1,
121,344568,957.1333333333333,39,WFON,(,Waveform onset,t_onset,t,0,0,2,
121,344596,957.2111111111111,27,TWAVE,t,T-wave peak,t_peak,t,0,0,5,
121,344674,957.4277777777778,27,TWAVE,t,T-wave peak,t_peak,t,0,0,5,
121,344714,957.5388888888889,40,WFOFF,),Waveform end,t_offset,t,0,0,2,
121,344795,957.7638888888889,39,WFON,(,Waveform onset,p_onset,p,0,0,0,
121,344807,957.7972222222222,24,PWAVE,p,P-wave peak,p_peak,p,0,0,0,
121,344830,957.8611111111111,40,WFOFF,),Waveform end,p_offset,p,0,0,0,
121,344838,957.8833333333333,39,WFON,(,Waveform onset,qrs_onset,qrs,0,0,1,
121,344866,957.9611111111111,1,NORMAL,N,Normal beat,qrs_peak,qrs,0,0,0,
121,344880,958.0,40,WFOFF,),Waveform end,qrs_offset,qrs,0,0,1,
121,344923,958.1194444444444,39,WFON,(,Waveform onset,t_onset,t,0,0,2,
121,344962,958.2277777777778,27,TWAVE,t,T-wave peak,t_peak,t,0,0,5,
121,345053,958.4805555555556,27,TWAVE,t,T-wave peak,t_peak,t,0,0,5,
121,345076,958.5444444444445,40,WFOFF,),Waveform end,t_offset,t,0,0,2,
121,345140,958.7222222222222,39,WFON,(,Waveform onset,p_onset,p,0,0,0,
121,345157,958.7694444444444,24,PWAVE,p,P-wave peak,p_peak,p,0,0,0,
121,345178,958.8277777777778,40,WFOFF,),Waveform end,p_offset,p,0,0,0,
121,345191,958.8638888888889,39,WFON,(,Waveform onset,qrs_onset,qrs,0,0,1,
121,345210,958.9166666666666,1,NORMAL,N,Normal beat,qrs_peak,qrs,0,0,0,
121,345225,958.9583333333334,40,WFOFF,),Waveform end,qrs_offset,qrs,0,0,1,
121,345233,958.9805555555556,39,WFON,(,Waveform onset,t_onset,t,0,0,2,
121,345300,959.1666666666666,27,TWAVE,t,T-wave peak,t_peak,t,0,0,5,
121,345402,959.45,27,TWAVE,t,T-wave peak,t_peak,t,0,0,5,
121,345423,959.5083333333333,40,WFOFF,),Waveform end,t_offset,t,0,0,2,
121,345493,959.7027777777778,39,WFON,(,Waveform onset,p_onset,p,0,0,0,
121,345508,959.7444444444444,24,PWAVE,p,P-wave peak,p_peak,p,0,0,0,
121,345532,959.8111111111111,40,WFOFF,),Waveform end,p_offset,p,0,0,0,
121,345546,959.85,39,WFON,(,Waveform onset,qrs_onset,qrs,0,0,1,
121,345562,959.8944444444444,1,NORMAL,N,Normal beat,qrs_peak,qrs,0,0,0,
121,345577,959.9361111111111,40,WFOFF,),Waveform end,qrs_offset,qrs,0,0,1,
121,345595,959.9861111111111,39,WFON,(,Waveform onset,t_onset,t,0,0,2,
121,345654,960.15,27,TWAVE,t,T-wave peak,t_peak,t,0,0,0,
121,345692,960.2555555555556,40,WFOFF,),Waveform end,t_offset,t,0,0,2,
121,345836,960.6555555555556,39,WFON,(,Waveform onset,p_onset,p,0,0,0,
121,345851,960.6972222222222,24,PWAVE,p,P-wave peak,p_peak,p,0,0,0,
121,345872,960.7555555555556,40,WFOFF,),Waveform end,p_offset,p,0,0,0,
121,345880,960.7777777777778,39,WFON,(,Waveform onset,qrs_onset,qrs,0,0,1,
121,345906,960.85,1,NORMAL,N,Normal beat,qrs_peak,qrs,0,0,0,
121,345920,960.8888888888889,40,WFOFF,),Waveform end,qrs_offset,qrs,0,0,1,
121,345968,961.0222222222222,39,WFON,(,Waveform onset,t_onset,t,0,0,2,
121,345997,961.1027777777778,27,TWAVE,t,T-wave peak,t_peak,t,0,0,5,
121,346122,961.45,27,TWAVE,t,T-wave peak,t_peak,t,0,0,5,
121,346143,961.5083333333333,40,WFOFF,),Waveform end,t_offset,t,0,0,2,
121,346178,961.6055555555556,39,WFON,(,Waveform onset,p_onset,p,0,0,0,
121,346195,961.6527777777778,24,PWAVE,p,P-wave peak,p_peak,p,0,0,0,
121,346216,961.7111111111111,40,WFOFF,),Waveform end,p_offset,p,0,0,0,
121,346230,961.75,39,WFON,(,Waveform onset,qrs_onset,qrs,0,0,1,
121,346248,961.8,1,NORMAL,N,Normal beat,qrs_peak,qrs,0,0,0,
121,346261,961.8361111111111,40,WFOFF,),Waveform end,qrs_offset,qrs,0,0,1,
121,346299,961.9416666666667,39,WFON,(,Waveform onset,t_onset,t,0,0,2,
121,346340,962.0555555555555,27,TWAVE,t,T-wave peak,t_peak,t,0,0,5,
121,346433,962.3138888888889,27,TWAVE,t,T-wave peak,t_peak,t,0,0,5,
121,346479,962.4416666666667,40,WFOFF,),Waveform end,t_offset,t,0,0,2,
121,346525,962.5694444444445,39,WFON,(,Waveform onset,p_onset,p,0,0,0,
121,346541,962.6138888888889,24,PWAVE,p,P-wave peak,p_peak,p,0,0,0,
121,346564,962.6777777777778,40,WFOFF,),Waveform end,p_offset,p,0,0,0,
121,346576,962.7111111111111,39,WFON,(,Waveform onset,qrs_onset,qrs,0,0,1,
121,346593,962.7583333333333,1,NORMAL,N,Normal beat,qrs_peak,qrs,0,0,0,
121,346607,962.7972222222222,40,WFOFF,),Waveform end,qrs_offset,qrs,0,0,1,
121,346638,962.8833333333333,39,WFON,(,Waveform onset,t_onset,t,0,0,2,
121,346682,963.0055555555556,27,TWAVE,t,T-wave peak,t_peak,t,0,0,0,
121,346718,963.1055555555556,40,WFOFF,),Waveform end,t_offset,t,0,0,2,
121,346858,963.4944444444444,39,WFON,(,Waveform onset,p_onset,p,0,0,0,
121,346874,963.5388888888889,24,PWAVE,p,P-wave peak,p_peak,p,0,0,0,
121,346895,963.5972222222222,40,WFOFF,),Waveform end,p_offset,p,0,0,0,
121,346909,963.6361111111111,39,WFON,(,Waveform onset,qrs_onset,qrs,0,0,1,
121,346926,963.6833333333333,1,NORMAL,N,Normal beat,qrs_peak,qrs,0,0,0,
121,346942,963.7277777777778,40,WFOFF,),Waveform end,qrs_offset,qrs,0,0,1,
121,346985,963.8472222222222,39,WFON,(,Waveform onset,t_onset,t,0,0,2,
121,347016,963.9333333333333,27,TWAVE,t,T-wave peak,t_peak,t,0,0,0,
121,347053,964.0361111111112,40,WFOFF,),Waveform end,t_offset,t,0,0,2,
121,347183,964.3972222222222,39,WFON,(,Waveform onset,p_onset,p,0,0,0,
121,347208,964.4666666666667,24,PWAVE,p,P-wave peak,p_peak,p,0,0,0,
121,347225,964.5138888888889,40,WFOFF,),Waveform end,p_offset,p,0,0,0,
121,347238,964.55,39,WFON,(,Waveform onset,qrs_onset,qrs,0,0,1,
121,347259,964.6083333333333,1,NORMAL,N,Normal beat,qrs_peak,qrs,0,0,0,
121,347272,964.6444444444444,40,WFOFF,),Waveform end,qrs_offset,qrs,0,0,1,
121,347314,964.7611111111111,39,WFON,(,Waveform onset,t_onset,t,0,0,2,
121,347346,964.85,27,TWAVE,t,T-wave peak,t_peak,t,0,0,5,
121,347386,964.9611111111111,27,TWAVE,t,T-wave peak,t_peak,t,0,0,5,
121,347415,965.0416666666666,40,WFOFF,),Waveform end,t_offset,t,0,0,2,
121,347518,965.3277777777778,39,WFON,(,Waveform onset,p_onset,p,0,0,0,
121,347537,965.3805555555556,24,PWAVE,p,P-wave peak,p_peak,p,0,0,0,
121,347555,965.4305555555555,40,WFOFF,),Waveform end,p_offset,p,0,0,0,
121,347560,965.4444444444445,39,WFON,(,Waveform onset,qrs_onset,qrs,0,0,1,
121,347589,965.525,1,NORMAL,N,Normal beat,qrs_peak,qrs,0,0,0,
121,347605,965.5694444444445,40,WFOFF,),Waveform end,qrs_offset,qrs,0,0,1,
121,347647,965.6861111111111,39,WFON,(,Waveform onset,t_onset,t,0,0,2,
121,347676,965.7666666666667,27,TWAVE,t,T-wave peak,t_peak,t,0,0,5,
121,347828,966.1888888888889,27,TWAVE,t,T-wave peak,t_peak,t,0,0,5,
121,347836,966.2111111111111,40,WFOFF,),Waveform end,t_offset,t,0,0,2,
121,347866,966.2944444444445,39,WFON,(,Waveform onset,p_onset,p,0,0,0,
121,347893,966.3694444444444,24,PWAVE,p,P-wave peak,p_peak,p,0,0,0,
121,347907,966.4083333333333,40,WFOFF,),Waveform end,p_offset,p,0,0,0,
121,347921,966.4472222222222,39,WFON,(,Waveform onset,qrs_onset,qrs,0,0,1,
121,347940,966.5,1,NORMAL,N,Normal beat,qrs_peak,qrs,0,0,0,
121,347955,966.5416666666666,40,WFOFF,),Waveform end,qrs_offset,qrs,0,0,1,
121,348007,966.6861111111111,39,WFON,(,Waveform onset,t_onset,t,0,0,2,
121,348029,966.7472222222223,27,TWAVE,t,T-wave peak,t_peak,t,0,0,5,
121,348142,967.0611111111111,27,TWAVE,t,T-wave peak,t_peak,t,0,0,5,
121,348169,967.1361111111111,40,WFOFF,),Waveform end,t_offset,t,0,0,2,
121,348211,967.2527777777777,39,WFON,(,Waveform onset,p_onset,p,0,0,0,
121,348232,967.3111111111111,24,PWAVE,p,P-wave peak,p_peak,p,0,0,0,
121,348248,967.3555555555556,40,WFOFF,),Waveform end,p_offset,p,0,0,0,
121,348261,967.3916666666667,39,WFON,(,Waveform onset,qrs_onset,qrs,0,0,1,
121,348279,967.4416666666667,1,NORMAL,N,Normal beat,qrs_peak,qrs,0,0,0,
121,348294,967.4833333333333,40,WFOFF,),Waveform end,qrs_offset,qrs,0,0,1,
121,348300,967.5,39,WFON,(,Waveform onset,t_onset,t,0,0,2,
121,348372,967.7,27,TWAVE,t,T-wave peak,t_peak,t,0,0,5,
121,348477,967.9916666666667,27,TWAVE,t,T-wave peak,t_peak,t,0,0,5,
121,348495,968.0416666666666,40,WFOFF,),Waveform end,t_offset,t,0,0,2,
121,348550,968.1944444444445,39,WFON,(,Waveform onset,p_onset,p,0,0,0,
121,348566,968.2388888888889,24,PWAVE,p,P-wave peak,p_peak,p,0,0,0,
121,348590,968.3055555555555,40,WFOFF,),Waveform end,p_offset,p,0,0,0,
121,348592,968.3111111111111,39,WFON,(,Waveform onset,qrs_onset,qrs,0,0,1,
121,348621,968.3916666666667,1,NORMAL,N,Normal beat,qrs_peak,qrs,0,0,0,
121,348634,968.4277777777778,40,WFOFF,),Waveform end,qrs_offset,qrs,0,0,1,
121,348691,968.5861111111111,39,WFON,(,Waveform onset,t_onset,t,0,0,2,
121,348710,968.6388888888889,27,TWAVE,t,T-wave peak,t_peak,t,0,0,5,
121,348802,968.8944444444444,27,TWAVE,t,T-wave peak,t_peak,t,0,0,5,
121,348843,969.0083333333333,40,WFOFF,),Waveform end,t_offset,t,0,0,2,
121,348895,969.1527777777778,39,WFON,(,Waveform onset,p_onset,p,0,0,0,
121,348911,969.1972222222222,24,PWAVE,p,P-wave peak,p_peak,p,0,0,0,
121,348932,969.2555555555556,40,WFOFF,),Waveform end,p_offset,p,0,0,0,
121,348946,969.2944444444445,39,WFON,(,Waveform onset,qrs_onset,qrs,0,0,1,
121,348964,969.3444444444444,1,NORMAL,N,Normal beat,qrs_peak,qrs,0,0,0,
121,348980,969.3888888888889,40,WFOFF,),Waveform end,qrs_offset,qrs,0,0,1,
121,348989,969.4138888888889,39,WFON,(,Waveform onset,t_onset,t,0,0,2,
121,349054,969.5944444444444,27,TWAVE,t,T-wave peak,t_peak,t,0,0,5,
121,349166,969.9055555555556,27,TWAVE,t,T-wave peak,t_peak,t,0,0,5,
121,349192,969.9777777777778,40,WFOFF,),Waveform end,t_offset,t,0,0,2,
121,349246,970.1277777777777,39,WFON,(,Waveform onset,p_onset,p,0,0,0,
121,349263,970.175,24,PWAVE,p,P-wave peak,p_peak,p,0,0,0,
121,349287,970.2416666666667,40,WFOFF,),Waveform end,p_offset,p,0,0,0,
121,349289,970.2472222222223,39,WFON,(,Waveform onset,qrs_onset,qrs,0,0,1,
121,349320,970.3333333333334,1,NORMAL,N,Normal beat,qrs_peak,qrs,0,0,0,
121,349333,970.3694444444444,40,WFOFF,),Waveform end,qrs_offset,qrs,0,0,1,
121,349385,970.5138888888889,39,WFON,(,Waveform onset,t_onset,t,0,0,2,
121,349412,970.5888888888888,27,TWAVE,t,T-wave peak,t_peak,t,0,0,5,
121,349518,970.8833333333333,27,TWAVE,t,T-wave peak,t_peak,t,0,0,5,
121,349554,970.9833333333333,40,WFOFF,),Waveform end,t_offset,t,0,0,2,
121,349607,971.1305555555556,39,WFON,(,Waveform onset,p_onset,p,0,0,0,
121,349623,971.175,24,PWAVE,p,P-wave peak,p_peak,p,0,0,0,
121,349649,971.2472222222223,40,WFOFF,),Waveform end,p_offset,p,0,0,0,
121,349663,971.2861111111112,39,WFON,(,Waveform onset,qrs_onset,qrs,0,0,1,
121,349681,971.3361111111111,1,NORMAL,N,Normal beat,qrs_peak,qrs,0,0,0,
121,349694,971.3722222222223,40,WFOFF,),Waveform end,qrs_offset,qrs,0,0,1,
121,349737,971.4916666666667,39,WFON,(,Waveform onset,t_onset,t,0,0,2,
121,349770,971.5833333333334,27,TWAVE,t,T-wave peak,t_peak,t,0,0,5,
121,349892,971.9222222222222,27,TWAVE,t,T-wave peak,t_peak,t,0,0,5,
121,349912,971.9777777777778,40,WFOFF,),Waveform end,t_offset,t,0,0,2,
121,349975,972.1527777777778,39,WFON,(,Waveform onset,p_onset,p,0,0,0,
121,349990,972.1944444444445,24,PWAVE,p,P-wave peak,p_peak,p,0,0,0,
121,350014,972.2611111111111,40,WFOFF,),Waveform end,p_offset,p,0,0,0,
121,350028,972.3,39,WFON,(,Waveform onset,qrs_onset,qrs,0,0,1,
121,350047,972.3527777777778,1,NORMAL,N,Normal beat,qrs_peak,qrs,0,0,0,
121,350062,972.3944444444444,40,WFOFF,),Waveform end,qrs_offset,qrs,0,0,1,
121,350115,972.5416666666666,39,WFON,(,Waveform onset,t_onset,t,0,0,2,
121,350138,972.6055555555556,27,TWAVE,t,T-wave peak,t_peak,t,0,0,5,
121,350235,972.875,27,TWAVE,t,T-wave peak,t_peak,t,0,0,5,
121,350266,972.9611111111111,40,WFOFF,),Waveform end,t_offset,t,0,0,2,
121,350346,973.1833333333333,39,WFON,(,Waveform onset,p_onset,p,0,0,0,
121,350365,973.2361111111111,24,PWAVE,p,P-wave peak,p_peak,p,0,0,0,
121,350384,973.2888888888889,40,WFOFF,),Waveform end,p_offset,p,0,0,0,
121,350400,973.3333333333334,39,WFON,(,Waveform onset,qrs_onset,qrs,0,0,1,
121,350419,973.3861111111111,1,NORMAL,N,Normal beat,qrs_peak,qrs,0,0,0,
121,350434,973.4277777777778,40,WFOFF,),Waveform end,qrs_offset,qrs,0,0,1,
121,350476,973.5444444444445,39,WFON,(,Waveform onset,t_onset,t,0,0,2,
121,350513,973.6472222222222,27,TWAVE,t,T-wave peak,t_peak,t,0,0,5,
121,350613,973.925,27,TWAVE,t,T-wave peak,t_peak,t,0,0,5,
121,350659,974.0527777777778,40,WFOFF,),Waveform end,t_offset,t,0,0,2,
121,350727,974.2416666666667,39,WFON,(,Waveform onset,p_onset,p,0,0,0,
121,350747,974.2972222222222,24,PWAVE,p,P-wave peak,p_peak,p,0,0,0,
121,350768,974.3555555555556,40,WFOFF,),Waveform end,p_offset,p,0,0,0,
121,350782,974.3944444444444,39,WFON,(,Waveform onset,qrs_onset,qrs,0,0,1,
121,350800,974.4444444444445,1,NORMAL,N,Normal beat,qrs_peak,qrs,0,0,0,
121,350815,974.4861111111111,40,WFOFF,),Waveform end,qrs_offset,qrs,0,0,1,
121,350865,974.625,39,WFON,(,Waveform onset,t_onset,t,0,0,2,
121,350895,974.7083333333334,27,TWAVE,t,T-wave peak,t_peak,t,0,0,5,
121,350995,974.9861111111111,27,TWAVE,t,T-wave peak,t_peak,t,0,0,5,
121,351032,975.0888888888888,40,WFOFF,),Waveform end,t_offset,t,0,0,2,
121,351100,975.2777777777778,39,WFON,(,Waveform onset,p_onset,p,0,0,0,
121,351114,975.3166666666667,24,PWAVE,p,P-wave peak,p_peak,p,0,0,0,
121,351139,975.3861111111111,40,WFOFF,),Waveform end,p_offset,p,0,0,0,
121,351154,975.4277777777778,39,WFON,(,Waveform onset,qrs_onset,qrs,0,0,1,
121,351171,975.475,1,NORMAL,N,Normal beat,qrs_peak,qrs,0,0,0,
121,351186,975.5166666666667,40,WFOFF,),Waveform end,qrs_offset,qrs,0,0,1,
121,351238,975.6611111111112,39,WFON,(,Waveform onset,t_onset,t,0,0,2,
121,351258,975.7166666666667,27,TWAVE,t,T-wave peak,t_peak,t,0,0,5,
121,351370,976.0277777777778,27,TWAVE,t,T-wave peak,t_peak,t,0,0,5,
121,351380,976.0555555555555,40,WFOFF,),Waveform end,t_offset,t,0,0,2,
121,351478,976.3277777777778,39,WFON,(,Waveform onset,p_onset,p,0,0,0,
121,351500,976.3888888888889,24,PWAVE,p,P-wave peak,p_peak,p,0,0,0,
121,351515,976.4305555555555,40,WFOFF,),Waveform end,p_offset,p,0,0,0,
121,351523,976.4527777777778,39,WFON,(,Waveform onset,qrs_onset,qrs,0,0,1,
121,351550,976.5277777777778,1,NORMAL,N,Normal beat,qrs_peak,qrs,0,0,0,
121,351564,976.5666666666667,40,WFOFF,),Waveform end,qrs_offset,qrs,0,0,1,
121,351621,976.725,39,WFON,(,Waveform onset,t_onset,t,0,0,2,
121,351644,976.7888888888889,27,TWAVE,t,T-wave peak,t_peak,t,0,0,0,
121,351680,976.8888888888889,40,WFOFF,),Waveform end,t_offset,t,0,0,2,
121,351855,977.375,39,WFON,(,Waveform onset,p_onset,p,0,0,0,
121,351875,977.4305555555555,24,PWAVE,p,P-wave peak,p_peak,p,0,0,0,
121,351896,977.4888888888889,40,WFOFF,),Waveform end,p_offset,p,0,0,0,
121,351911,977.5305555555556,39,WFON,(,Waveform onset,qrs_onset,qrs,0,0,1,
121,351928,977.5777777777778,1,NORMAL,N,Normal beat,qrs_peak,qrs,0,0,0,
121,351944,977.6222222222223,40,WFOFF,),Waveform end,qrs_offset,qrs,0,0,1,
121,352001,977.7805555555556,39,WFON,(,Waveform onset,t_onset,t,0,0,2,
121,352018,977.8277777777778,27,TWAVE,t,T-wave peak,t_peak,t,0,0,5,
121,352196,978.3222222222222,27,TWAVE,t,T-wave peak,t_peak,t,0,0,5,
121,352206,978.35,40,WFOFF,),Waveform end,t_offset,t,0,0,2,
121,352238,978.4388888888889,39,WFON,(,Waveform onset,p_onset,p,0,0,0,
121,352265,978.5138888888889,24,PWAVE,p,P-wave peak,p_peak,p,0,0,0,
121,352280,978.5555555555555,40,WFOFF,),Waveform end,p_offset,p,0,0,0,
121,352294,978.5944444444444,39,WFON,(,Waveform onset,qrs_onset,qrs,0,0,1,
121,352313,978.6472222222222,1,NORMAL,N,Normal beat,qrs_peak,qrs,0,0,0,
121,352328,978.6888888888889,40,WFOFF,),Waveform end,qrs_offset,qrs,0,0,1,
121,352387,978.8527777777778,39,WFON,(,Waveform onset,t_onset,t,0,0,2,
121,352407,978.9083333333333,27,TWAVE,t,T-wave peak,t_peak,t,0,0,5,
121,352534,979.2611111111111,27,TWAVE,t,T-wave peak,t_peak,t,0,0,5,
121,352565,979.3472222222222,40,WFOFF,),Waveform end,t_offset,t,0,0,2,
121,352631,979.5305555555556,39,WFON,(,Waveform onset,p_onset,p,0,0,0,
121,352651,979.5861111111111,24,PWAVE,p,P-wave peak,p_peak,p,0,0,0,
121,352670,979.6388888888889,40,WFOFF,),Waveform end,p_offset,p,0,0,0,
121,352675,979.6527777777778,39,WFON,(,Waveform onset,qrs_onset,qrs,0,0,1,
121,352704,979.7333333333333,1,NORMAL,N,Normal beat,qrs_peak,qrs,0,0,0,
121,352719,979.775,40,WFOFF,),Waveform end,qrs_offset,qrs,0,0,1,
121,352763,979.8972222222222,39,WFON,(,Waveform onset,t_onset,t,0,0,2,
121,352796,979.9888888888889,27,TWAVE,t,T-wave peak,t_peak,t,0,0,5,
121,352966,980.4611111111111,27,TWAVE,t,T-wave peak,t_peak,t,0,0,5,
121,352978,980.4944444444444,40,WFOFF,),Waveform end,t_offset,t,0,0,2,
121,353016,980.6,39,WFON,(,Waveform onset,p_onset,p,0,0,0,
121,353035,980.6527777777778,24,PWAVE,p,P-wave peak,p_peak,p,0,0,0,
121,353056,980.7111111111111,40,WFOFF,),Waveform end,p_offset,p,0,0,0,
121,353060,980.7222222222222,39,WFON,(,Waveform onset,qrs_onset,qrs,0,0,1,
121,353086,980.7944444444445,1,NORMAL,N,Normal beat,qrs_peak,qrs,0,0,0,
121,353103,980.8416666666667,40,WFOFF,),Waveform end,qrs_offset,qrs,0,0,1,
121,353148,980.9666666666667,39,WFON,(,Waveform onset,t_onset,t,0,0,2,
121,353166,981.0166666666667,27,TWAVE,t,T-wave peak,t_peak,t,0,0,0,
121,353219,981.1638888888889,40,WFOFF,),Waveform end,t_offset,t,0,0,2,
121,353407,981.6861111111111,39,WFON,(,Waveform onset,p_onset,p,0,0,0,
121,353432,981.7555555555556,24,PWAVE,p,P-wave peak,p_peak,p,0,0,0,
121,353448,981.8,40,WFOFF,),Waveform end,p_offset,p,0,0,0,
121,353460,981.8333333333334,39,WFON,(,Waveform onset,qrs_onset,qrs,0,0,1,
121,353479,981.8861111111111,1,NORMAL,N,Normal beat,qrs_peak,qrs,0,0,0,
121,353495,981.9305555555555,40,WFOFF,),Waveform end,qrs_offset,qrs,0,0,1,
121,353544,982.0666666666667,39,WFON,(,Waveform onset,t_onset,t,0,0,2,
121,353574,982.15,27,TWAVE,t,T-wave peak,t_peak,t,0,0,5,
121,353709,982.525,27,TWAVE,t,T-wave peak,t_peak,t,0,0,5,
121,353728,982.5777777777778,40,WFOFF,),Waveform end,t_offset,t,0,0,2,
121,353797,982.7694444444444,39,WFON,(,Waveform onset,p_onset,p,0,0,0,
121,353817,982.825,24,PWAVE,p,P-wave peak,p_peak,p,0,0,0,
121,353833,982.8694444444444,40,WFOFF,),Waveform end,p_offset,p,0,0,0,
121,353848,982.9111111111112,39,WFON,(,Waveform onset,qrs_onset,qrs,0,0,1,
121,353866,982.9611111111111,1,NORMAL,N,Normal beat,qrs_peak,qrs,0,0,0,
121,353882,983.0055555555556,40,WFOFF,),Waveform end,qrs_offset,qrs,0,0,1,
121,353938,983.1611111111112,39,WFON,(,Waveform onset,t_onset,t,0,0,2,
121,353959,983.2194444444444,27,TWAVE,t,T-wave peak,t_peak,t,0,0,5,
121,354055,983.4861111111111,27,TWAVE,t,T-wave peak,t_peak,t,0,0,5,
121,354065,983.5138888888889,40,WFOFF,),Waveform end,t_offset,t,0,0,2,
121,354180,983.8333333333334,39,WFON,(,Waveform onset,p_onset,p,0,0,0,
121,354198,983.8833333333333,24,PWAVE,p,P-wave peak,p_peak,p,0,0,0,
121,354217,983.9361111111111,40,WFOFF,),Waveform end,p_offset,p,0,0,0,
121,354233,983.9805555555556,39,WFON,(,Waveform onset,qrs_onset,qrs,0,0,1,
121,354249,984.025,1,NORMAL,N,Normal beat,qrs_peak,qrs,0,0,0,
121,354265,984.0694444444445,40,WFOFF,),Waveform end,qrs_offset,qrs,0,0,1,
121,354311,984.1972222222222,39,WFON,(,Waveform onset,t_onset,t,0,0,2,
121,354340,984.2777777777778,27,TWAVE,t,T-wave peak,t_peak,t,0,0,5,
121,354454,984.5944444444444,27,TWAVE,t,T-wave peak,t_peak,t,0,0,5,
121,354476,984.6555555555556,40,WFOFF,),Waveform end,t_offset,t,0,0,2,
121,354551,984.8638888888889,39,WFON,(,Waveform onset,p_onset,p,0,0,0,
121,354571,984.9194444444445,24,PWAVE,p,P-wave peak,p_peak,p,0,0,0,
121,354588,984.9666666666667,40,WFOFF,),Waveform end,p_offset,p,0,0,0,
121,354606,985.0166666666667,39,WFON,(,Waveform onset,qrs_onset,qrs,0,0,1,
121,354622,985.0611111111111,1,NORMAL,N,Normal beat,qrs_peak,qrs,0,0,0,
121,354638,985.1055555555556,40,WFOFF,),Waveform end,qrs_offset,qrs,0,0,1,
121,354693,985.2583333333333,39,WFON,(,Waveform onset,t_onset,t,0,0,2,
121,354714,985.3166666666667,27,TWAVE,t,T-wave peak,t_peak,t,0,0,5,
121,354842,985.6722222222222,27,TWAVE,t,T-wave peak,t_peak,t,0,0,5,
121,354858,985.7166666666667,40,WFOFF,),Waveform end,t_offset,t,0,0,2,
121,354926,985.9055555555556,39,WFON,(,Waveform onset,p_onset,p,0,0,0,
121,354942,985.95,24,PWAVE,p,P-wave peak,p_peak,p,0,0,0,
121,354964,986.0111111111111,40,WFOFF,),Waveform end,p_offset,p,0,0,0,
121,354979,986.0527777777778,39,WFON,(,Waveform onset,qrs_onset,qrs,0,0,1,
121,354996,986.1,1,NORMAL,N,Normal beat,qrs_peak,qrs,0,0,0,
121,355010,986.1388888888889,40,WFOFF,),Waveform end,qrs_offset,qrs,0,0,1,
121,355057,986.2694444444444,39,WFON,(,Waveform onset,t_onset,t,0,0,2,
121,355085,986.3472222222222,27,TWAVE,t,T-wave peak,t_peak,t,0,0,5,
121,355200,986.6666666666666,27,TWAVE,t,T-wave peak,t_peak,t,0,0,5,
121,355233,986.7583333333333,40,WFOFF,),Waveform end,t_offset,t,0,0,2,
121,355300,986.9444444444445,39,WFON,(,Waveform onset,p_onset,p,0,0,0,
121,355316,986.9888888888889,24,PWAVE,p,P-wave peak,p_peak,p,0,0,0,
121,355340,987.0555555555555,40,WFOFF,),Waveform end,p_offset,p,0,0,0,
121,355355,987.0972222222222,39,WFON,(,Waveform onset,qrs_onset,qrs,0,0,1,
121,355372,987.1444444444444,1,NORMAL,N,Normal beat,qrs_peak,qrs,0,0,0,
121,355386,987.1833333333333,40,WFOFF,),Waveform end,qrs_offset,qrs,0,0,1,
121,355408,987.2444444444444,39,WFON,(,Waveform onset,t_onset,t,0,0,2,
121,355464,987.4,27,TWAVE,t,T-wave peak,t_peak,t,0,0,5,
121,355562,987.6722222222222,27,TWAVE,t,T-wave peak,t_peak,t,0,0,5,
121,355592,987.7555555555556,40,WFOFF,),Waveform end,t_offset,t,0,0,2,
121,355696,988.0444444444445,39,WFON,(,Waveform onset,p_onset,p,0,0,0,
121,355707,988.075,24,PWAVE,p,P-wave peak,p_peak,p,0,0,0,
121,355712,988.0888888888888,40,WFOFF,),Waveform end,p_offset,p,0,0,0,
121,355727,988.1305555555556,39,WFON,(,Waveform onset,qrs_onset,qrs,0,0,1,
121,355757,988.2138888888888,1,NORMAL,N,Normal beat,qrs_peak,qrs,0,0,0,
121,355769,988.2472222222223,40,WFOFF,),Waveform end,qrs_offset,qrs,0,0,1,
121,355831,988.4194444444445,39,WFON,(,Waveform onset,t_onset,t,0,0,2,
121,355848,988.4666666666667,27,TWAVE,t,T-wave peak,t_peak,t,0,0,0,
121,355889,988.5805555555555,40,WFOFF,),Waveform end,t_offset,t,0,0,2,
121,356050,989.0277777777778,39,WFON,(,Waveform onset,p_onset,p,0,0,0,
121,356077,989.1027777777778,24,PWAVE,p,P-wave peak,p_peak,p,0,0,0,
121,356089,989.1361111111111,40,WFOFF,),Waveform end,p_offset,p,0,0,0,
121,356097,989.1583333333333,39,WFON,(,Waveform onset,qrs_onset,qrs,0,0,1,
121,356121,989.225,1,NORMAL,N,Normal beat,qrs_peak,qrs,0,0,0,
121,356138,989.2722222222222,40,WFOFF,),Waveform end,qrs_offset,qrs,0,0,1,
121,356196,989.4333333333333,39,WFON,(,Waveform onset,t_onset,t,0,0,2,
121,356218,989.4944444444444,27,TWAVE,t,T-wave peak,t_peak,t,0,0,5,
121,356330,989.8055555555555,27,TWAVE,t,T-wave peak,t_peak,t,0,0,5,
121,356370,989.9166666666666,40,WFOFF,),Waveform end,t_offset,t,0,0,2,
121,356416,990.0444444444445,39,WFON,(,Waveform onset,p_onset,p,0,0,0,
121,356441,990.1138888888889,24,PWAVE,p,P-wave peak,p_peak,p,0,0,0,
121,356455,990.1527777777778,40,WFOFF,),Waveform end,p_offset,p,0,0,0,
121,356470,990.1944444444445,39,WFON,(,Waveform onset,qrs_onset,qrs,0,0,1,
121,356489,990.2472222222223,1,NORMAL,N,Normal beat,qrs_peak,qrs,0,0,0,
121,356504,990.2888888888889,40,WFOFF,),Waveform end,qrs_offset,qrs,0,0,1,
121,356533,990.3694444444444,39,WFON,(,Waveform onset,t_onset,t,0,0,2,
121,356585,990.5138888888889,27,TWAVE,t,T-wave peak,t_peak,t,0,0,5,
121,356746,990.9611111111111,27,TWAVE,t,T-wave peak,t_peak,t,0,0,5,
121,356765,991.0138888888889,40,WFOFF,),Waveform end,t_offset,t,0,0,2,
121,356798,991.1055555555556,39,WFON,(,Waveform onset,p_onset,p,0,0,0,
121,356825,991.1805555555555,24,PWAVE,p,P-wave peak,p_peak,p,0,0,0,
121,356837,991.2138888888888,40,WFOFF,),Waveform end,p_offset,p,0,0,0,
121,356852,991.2555555555556,39,WFON,(,Waveform onset,qrs_onset,qrs,0,0,1,
121,356869,991.3027777777778,1,NORMAL,N,Normal beat,qrs_peak,qrs,0,0,0,
121,356886,991.35,40,WFOFF,),Waveform end,qrs_offset,qrs,0,0,1,
121,356970,991.5833333333334,39,WFON,(,Waveform onset,t_onset,t,0,0,2,
121,357069,991.8583333333333,27,TWAVE,t,T-wave peak,t_peak,t,0,0,1,
121,357145,992.0694444444445,40,WFOFF,),Waveform end,t_offset,t,0,0,2,
121,357177,992.1583333333333,39,WFON,(,Waveform onset,p_onset,p,0,0,0,
121,357202,992.2277777777778,24,PWAVE,p,P-wave peak,p_peak,p,0,0,0,
121,357217,992.2694444444444,40,WFOFF,),Waveform end,p_offset,p,0,0,0,
121,357232,992.3111111111111,39,WFON,(,Waveform onset,qrs_onset,qrs,0,0,1,
121,357250,992.3611111111111,1,NORMAL,N,Normal beat,qrs_peak,qrs,0,0,0,
121,357265,992.4027777777778,40,WFOFF,),Waveform end,qrs_offset,qrs,0,0,1,
121,357270,992.4166666666666,39,WFON,(,Waveform onset,t_onset,t,0,0,2,
121,357292,992.4777777777778,27,TWAVE,t,T-wave peak,t_peak,t,0,0,5,
121,357372,992.7,27,TWAVE,t,T-wave peak,t_peak,t,0,0,5,
121,357398,992.7722222222222,40,WFOFF,),Waveform end,t_offset,t,0,0,2,
121,357451,992.9194444444445,39,WFON,(,Waveform onset,p_onset,p,0,0,0,
121,357512,993.0888888888888,24,PWAVE,p,P-wave peak,p_peak,p,0,0,0,
121,357514,993.0944444444444,40,WFOFF,),Waveform end,p_offset,p,0,0,0,
121,357531,993.1416666666667,39,WFON,(,Waveform onset,qrs_onset,qrs,0,0,1,
121,357594,993.3166666666667,1,NORMAL,N,Normal beat,qrs_peak,qrs,0,0,0,
121,357645,993.4583333333334,40,WFOFF,),Waveform end,qrs_offset,qrs,0,0,1,
121,357647,993.4638888888888,39,WFON,(,Waveform onset,t_onset,t,0,0,2,
121,357718,993.6611111111112,27,TWAVE,t,T-wave peak,t_peak,t,0,0,0,
121,357760,993.7777777777778,40,WFOFF,),Waveform end,t_offset,t,0,0,2,
121,357877,994.1027777777778,39,WFON,(,Waveform onset,p_onset,p,0,0,0,
121,357885,994.125,24,PWAVE,p,P-wave peak,p_peak,p,0,0,0,
121,357894,994.15,40,WFOFF,),Waveform end,p_offset,p,0,0,0,
121,357902,994.1722222222222,39,WFON,(,Waveform onset,qrs_onset,qrs,0,0,1,
121,357928,994.2444444444444,1,NORMAL,N,Normal beat,qrs_peak,qrs,0,0,0,
121,357966,994.35,40,WFOFF,),Waveform end,qrs_offset,qrs,0,0,1,
121,357981,994.3916666666667,39,WFON,(,Waveform onset,t_onset,t,0,0,2,
121,357996,994.4333333333333,27,TWAVE,t,T-wave peak,t_peak,t,0,0,0,
121,358015,994.4861111111111,40,WFOFF,),Waveform end,t_offset,t,0,0,2,
121,358299,995.275,39,WFON,(,Waveform onset,p_onset,p,0,0,0,
121,358318,995.3277777777778,24,PWAVE,p,P-wave peak,p_peak,p,0,0,0,
121,358339,995.3861111111111,40,WFOFF,),Waveform end,p_offset,p,0,0,0,
121,358354,995.4277777777778,39,WFON,(,Waveform onset,qrs_onset,qrs,0,0,1,
121,358384,995.5111111111111,1,NORMAL,N,Normal beat,qrs_peak,qrs,0,0,0,
121,358431,995.6416666666667,40,WFOFF,),Waveform end,qrs_offset,qrs,0,0,1,
121,358434,995.65,39,WFON,(,Waveform onset,t_onset,t,0,0,2,
121,358467,995.7416666666667,27,TWAVE,t,T-wave peak,t_peak,t,0,0,0,
121,358496,995.8222222222222,40,WFOFF,),Waveform end,t_offset,t,0,0,2,
121,358673,996.3138888888889,39,WFON,(,Waveform onset,p_onset,p,0,0,0,
121,358696,996.3777777777777,24,PWAVE,p,P-wave peak,p_peak,p,0,0,0,
121,358714,996.4277777777778,40,WFOFF,),Waveform end,p_offset,p,0,0,0,
121,358728,996.4666666666667,39,WFON,(,Waveform onset,qrs_onset,qrs,0,0,1,
121,358746,996.5166666666667,1,NORMAL,N,Normal beat,qrs_peak,qrs,0,0,0,
121,358761,996.5583333333333,40,WFOFF,),Waveform end,qrs_offset,qrs,0,0,1,
121,358789,996.6361111111111,39,WFON,(,Waveform onset,t_onset,t,0,0,2,
121,358840,996.7777777777778,27,TWAVE,t,T-wave peak,t_peak,t,0,0,0,
121,358879,996.8861111111111,40,WFOFF,),Waveform end,t_offset,t,0,0,2,
121,358994,997.2055555555555,39,WFON,(,Waveform onset,p_onset,p,0,0,0,
121,359012,997.2555555555556,24,PWAVE,p,P-wave peak,p_peak,p,0,0,0,
121,359018,997.2722222222222,40,WFOFF,),Waveform end,p_offset,p,0,0,0,
121,359033,997.3138888888889,39,WFON,(,Waveform onset,qrs_onset,qrs,0,0,1,
121,359094,997.4833333333333,1,NORMAL,N,Normal beat,qrs_peak,qrs,0,0,0,
121,359145,997.625,40,WFOFF,),Waveform end,qrs_offset,qrs,0,0,1,
121,359190,997.75,39,WFON,(,Waveform onset,t_onset,t,0,0,2,
121,359217,997.825,27,TWAVE,t,T-wave peak,t_peak,t,0,0,0,
121,359249,997.9138888888889,40,WFOFF,),Waveform end,t_offset,t,0,0,2,
121,359288,998.0222222222222,39,WFON,(,Waveform onset,p_onset,p,0,0,0,
121,359316,998.1,24,PWAVE,p,P-wave peak,p_peak,p,0,0,0,
121,359347,998.1861111111111,40,WFOFF,),Waveform end,p_offset,p,0,0,0,
121,359357,998.2138888888888,39,WFON,(,Waveform onset,qrs_onset,qrs,0,0,1,
121,359415,998.375,1,NORMAL,N,Normal beat,qrs_peak,qrs,0,0,0,
121,359458,998.4944444444444,40,WFOFF,),Waveform end,qrs_offset,qrs,0,0,1,
121,359469,998.525,39,WFON,(,Waveform onset,t_onset,t,0,0,2,
121,359485,998.5694444444445,27,TWAVE,t,T-wave peak,t_peak,t,0,0,0,
121,359505,998.625,40,WFOFF,),Waveform end,t_offset,t,0,0,2,
121,359714,999.2055555555555,39,WFON,(,Waveform onset,p_onset,p,0,0,0,
121,359753,999.3138888888889,24,PWAVE,p,P-wave peak,p_peak,p,0,0,0,
121,359778,999.3833333333333,40,WFOFF,),Waveform end,p_offset,p,0,0,0,
121,359789,999.4138888888889,39,WFON,(,Waveform onset,qrs_onset,qrs,0,0,1,
121,359838,999.55,1,NORMAL,N,Normal beat,qrs_peak,qrs,0,0,0,
121,359887,999.6861111111111,40,WFOFF,),Waveform end,qrs_offset,qrs,0,0,1,
121,359934,999.8166666666667,39,WFON,(,Waveform onset,t_onset,t,0,0,2,
121,359965,999.9027777777778,27,TWAVE,t,T-wave peak,t_peak,t,0,0,0,
121,360005,1000.0138888888889,40,WFOFF,),Waveform end,t_offset,t,0,0,2,
121,360113,1000.3138888888889,39,WFON,(,Waveform onset,p_onset,p,0,0,0,
121,360123,1000.3416666666667,24,PWAVE,p,P-wave peak,p_peak,p,0,0,0,
121,360145,1000.4027777777778,40,WFOFF,),Waveform end,p_offset,p,0,0,0,
121,360182,1000.5055555555556,39,WFON,(,Waveform onset,qrs_onset,qrs,0,0,1,
121,360222,1000.6166666666667,1,NORMAL,N,Normal beat,qrs_peak,qrs,0,0,0,
121,360274,1000.7611111111111,40,WFOFF,),Waveform end,qrs_offset,qrs,0,0,1,
121,360293,1000.8138888888889,39,WFON,(,Waveform onset,t_onset,t,0,0,2,
121,360346,1000.9611111111111,27,TWAVE,t,T-wave peak,t_peak,t,0,0,0,
121,360379,1001.0527777777778,40,WFOFF,),Waveform end,t_offset,t,0,0,2,
121,360407,1001.1305555555556,39,WFON,(,Waveform onset,p_onset,p,0,0,0,
121,360435,1001.2083333333334,24,PWAVE,p,P-wave peak,p_peak,p,0,0,0,
121,360455,1001.2638888888889,40,WFOFF,),Waveform end,p_offset,p,0,0,0,
121,360486,1001.35,39,WFON,(,Waveform onset,qrs_onset,qrs,0,0,1,
121,360546,1001.5166666666667,1,NORMAL,N,Normal beat,qrs_peak,qrs,0,0,0,
121,360591,1001.6416666666667,40,WFOFF,),Waveform end,qrs_offset,qrs,0,0,1,
121,360601,1001.6694444444445,39,WFON,(,Waveform onset,t_onset,t,0,0,2,
121,360617,1001.7138888888888,27,TWAVE,t,T-wave peak,t_peak,t,0,0,0,
121,360637,1001.7694444444444,40,WFOFF,),Waveform end,t_offset,t,0,0,2,
121,360859,1002.3861111111111,39,WFON,(,Waveform onset,p_onset,p,0,0,0,
121,360876,1002.4333333333333,24,PWAVE,p,P-wave peak,p_peak,p,0,0,0,
121,360880,1002.4444444444445,40,WFOFF,),Waveform end,p_offset,p,0,0,0,
121,360916,1002.5444444444445,39,WFON,(,Waveform onset,qrs_onset,qrs,0,0,1,
121,360966,1002.6833333333333,1,NORMAL,N,Normal beat,qrs_peak,qrs,0,0,0,
121,361020,1002.8333333333334,40,WFOFF,),Waveform end,qrs_offset,qrs,0,0,1,
121,361059,1002.9416666666667,39,WFON,(,Waveform onset,t_onset,t,0,0,2,
121,361086,1003.0166666666667,27,TWAVE,t,T-wave peak,t_peak,t,0,0,5,
121,361176,1003.2666666666667,27,TWAVE,t,T-wave peak,t_peak,t,0,0,5,
121,361218,1003.3833333333333,40,WFOFF,),Waveform end,t_offset,t,0,0,2,
121,361240,1003.4444444444445,39,WFON,(,Waveform onset,p_onset,p,0,0,0,
121,361264,1003.5111111111111,24,PWAVE,p,P-wave peak,p_peak,p,0,0,0,
121,361289,1003.5805555555555,40,WFOFF,),Waveform end,p_offset,p,0,0,0,
121,361301,1003.6138888888889,39,WFON,(,Waveform onset,qrs_onset,qrs,0,0,1,
121,361339,1003.7194444444444,1,NORMAL,N,Normal beat,qrs_peak,qrs,0,0,0,
121,361386,1003.85,40,WFOFF,),Waveform end,qrs_offset,qrs,0,0,1,
121,361433,1003.9805555555556,39,WFON,(,Waveform onset,t_onset,t,0,0,2,
121,361467,1004.075,27,TWAVE,t,T-wave peak,t_peak,t,0,0,0,
121,361508,1004.1888888888889,40,WFOFF,),Waveform end,t_offset,t,0,0,2,
121,361609,1004.4694444444444,39,WFON,(,Waveform onset,p_onset,p,0,0,0,
121,361614,1004.4833333333333,24,PWAVE,p,P-wave peak,p_peak,p,0,0,0,
121,361634,1004.5388888888889,40,WFOFF,),Waveform end,p_offset,p,0,0,0,
121,361674,1004.65,39,WFON,(,Waveform onset,qrs_onset,qrs,0,0,1,
121,361688,1004.6888888888889,1,NORMAL,N,Normal beat,qrs_peak,qrs,0,0,0,
121,361730,1004.8055555555555,40,WFOFF,),Waveform end,qrs_offset,qrs,0,0,1,
121,361742,1004.8388888888888,39,WFON,(,Waveform onset,t_onset,t,0,0,2,
121,361757,1004.8805555555556,27,TWAVE,t,T-wave peak,t_peak,t,0,0,0,
121,361776,1004.9333333333333,40,WFOFF,),Waveform end,t_offset,t,0,0,2,
121,362009,1005.5805555555555,39,WFON,(,Waveform onset,p_onset,p,0,0,0,
121,362018,1005.6055555555556,24,PWAVE,p,P-wave peak,p_peak,p,0,0,0,
121,362025,1005.625,40,WFOFF,),Waveform end,p_offset,p,0,0,0,
121,362050,1005.6944444444445,39,WFON,(,Waveform onset,qrs_onset,qrs,0,0,1,
121,362109,1005.8583333333333,1,NORMAL,N,Normal beat,qrs_peak,qrs,0,0,0,
121,362159,1005.9972222222223,40,WFOFF,),Waveform end,qrs_offset,qrs,0,0,1,
121,362200,1006.1111111111111,39,WFON,(,Waveform onset,t_onset,t,0,0,2,
121,362229,1006.1916666666667,27,TWAVE,t,T-wave peak,t_peak,t,0,0,5,
121,362334,1006.4833333333333,27,TWAVE,t,T-wave peak,t_peak,t,0,0,5,
121,362377,1006.6027777777778,40,WFOFF,),Waveform end,t_offset,t,0,0,2,
121,362423,1006.7305555555556,39,WFON,(,Waveform onset,p_onset,p,0,0,0,
121,362429,1006.7472222222223,24,PWAVE,p,P-wave peak,p_peak,p,0,0,0,
121,362451,1006.8083333333333,40,WFOFF,),Waveform end,p_offset,p,0,0,0,
121,362471,1006.8638888888889,39,WFON,(,Waveform onset,qrs_onset,qrs,0,0,1,
121,362479,1006.8861111111111,1,NORMAL,N,Normal beat,qrs_peak,qrs,0,0,0,
121,362523,1007.0083333333333,40,WFOFF,),Waveform end,qrs_offset,qrs,0,0,1,
121,362578,1007.1611111111112,39,WFON,(,Waveform onset,t_onset,t,0,0,2,
121,362606,1007.2388888888889,27,TWAVE,t,T-wave peak,t_peak,t,0,0,0,
121,362642,1007.3388888888888,40,WFOFF,),Waveform end,t_offset,t,0,0,2,
121,362687,1007.4638888888888,39,WFON,(,Waveform onset,p_onset,p,0,0,0,
121,362711,1007.5305555555556,24,PWAVE,p,P-wave peak,p_peak,p,0,0,0,
121,362733,1007.5916666666667,40,WFOFF,),Waveform end,p_offset,p,0,0,0,
121,362757,1007.6583333333333,39,WFON,(,Waveform onset,qrs_onset,qrs,0,0,1,
121,362814,1007.8166666666667,1,NORMAL,N,Normal beat,qrs_peak,qrs,0,0,0,
121,362853,1007.925,40,WFOFF,),Waveform end,qrs_offset,qrs,0,0,1,
121,362868,1007.9666666666667,39,WFON,(,Waveform onset,t_onset,t,0,0,2,
121,362884,1008.0111111111111,27,TWAVE,t,T-wave peak,t_peak,t,0,0,0,
121,362903,1008.0638888888889,40,WFOFF,),Waveform end,t_offset,t,0,0,2,
121,363096,1008.6,39,WFON,(,Waveform onset,p_onset,p,0,0,0,
121,363101,1008.6138888888889,24,PWAVE,p,P-wave peak,p_peak,p,0,0,0,
121,363112,1008.6444444444444,40,WFOFF,),Waveform end,p_offset,p,0,0,0,
121,363139,1008.7194444444444,39,WFON,(,Waveform onset,qrs_onset,qrs,0,0,1,
121,363191,1008.8638888888889,1,NORMAL,N,Normal beat,qrs_peak,qrs,0,0,0,
121,363233,1008.9805555555556,40,WFOFF,),Waveform end,qrs_offset,qrs,0,0,1,
121,363246,1009.0166666666667,39,WFON,(,Waveform onset,t_onset,t,0,0,2,
121,363262,1009.0611111111111,27,TWAVE,t,T-wave peak,t_peak,t,0,0,0,
121,363279,1009.1083333333333,40,WFOFF,),Waveform end,t_offset,t,0,0,2,
121,363451,1009.5861111111111,39,WFON,(,Waveform onset,p_onset,p,0,0,0,
121,363457,1009.6027777777778,24,PWAVE,p,P-wave peak,p_peak,p,0,0,0,
121,363465,1009.625,40,WFOFF,),Waveform end,p_offset,p,0,0,0,
121,363500,1009.7222222222222,39,WFON,(,Waveform onset,qrs_onset,qrs,0,0,1,
121,363567,1009.9083333333333,1,NORMAL,N,Normal beat,qrs_peak,qrs,0,0,0,
121,363589,1009.9694444444444,40,WFOFF,),Waveform end,qrs_offset,qrs,0,0,1,
121,363618,1010.05,39,WFON,(,Waveform onset,t_onset,t,0,0,2,
121,363633,1010.0916666666667,27,TWAVE,t,T-wave peak,t_peak,t,0,0,0,
121,363652,1010.1444444444444,40,WFOFF,),Waveform end,t_offset,t,0,0,2,
121,363940,1010.9444444444445,39,WFON,(,Waveform onset,p_onset,p,0,0,0,
121,363955,1010.9861111111111,24,PWAVE,p,P-wave peak,p_peak,p,0,0,0,
121,363977,1011.0472222222222,40,WFOFF,),Waveform end,p_offset,p,0,0,0,
121,363992,1011.0888888888888,39,WFON,(,Waveform onset,qrs_onset,qrs,0,0,1,
121,364040,1011.2222222222222,1,NORMAL,N,Normal beat,qrs_peak,qrs,0,0,0,
121,364070,1011.3055555555555,40,WFOFF,),Waveform end,qrs_offset,qrs,0,0,1,
121,364074,1011.3166666666667,39,WFON,(,Waveform onset,t_onset,t,0,0,2,
121,364107,1011.4083333333333,27,TWAVE,t,T-wave peak,t_peak,t,0,0,0,
121,364134,1011.4833333333333,40,WFOFF,),Waveform end,t_offset,t,0,0,2,
121,364191,1011.6416666666667,39,WFON,(,Waveform onset,p_onset,p,0,0,0,
121,364198,1011.6611111111112,24,PWAVE,p,P-wave peak,p_peak,p,0,0,0,
121,364210,1011.6944444444445,40,WFOFF,),Waveform end,p_offset,p,0,0,0,
121,364216,1011.7111111111111,39,WFON,(,Waveform onset,qrs_onset,qrs,0,0,1,
121,364219,1011.7194444444444,8,APC,A,Atrial premature beat,qrs_peak,qrs,0,0,0,
121,364284,1011.9,40,WFOFF,),Waveform end,qrs_offset,qrs,0,0,1,
121,364328,1012.0222222222222,39,WFON,(,Waveform onset,t_onset,t,0,0,2,
121,364350,1012.0833333333334,27,TWAVE,t,T-wave peak,t_peak,t,0,0,5,
121,364458,1012.3833333333333,27,TWAVE,t,T-wave peak,t_peak,t,0,0,5,
121,364515,1012.5416666666666,40,WFOFF,),Waveform end,t_offset,t,0,0,2,
121,364555,1012.6527777777778,39,WFON,(,Waveform onset,p_onset,p,0,0,0,
121,364574,1012.7055555555555,24,PWAVE,p,P-wave peak,p_peak,p,0,0,0,
121,364602,1012.7833333333333,40,WFOFF,),Waveform end,p_offset,p,0,0,0,
121,364628,1012.8555555555556,39,WFON,(,Waveform onset,qrs_onset,qrs,0,0,1,
121,364689,1013.025,1,NORMAL,N,Normal beat,qrs_peak,qrs,0,0,0,
121,364730,1013.1388888888889,40,WFOFF,),Waveform end,qrs_offset,qrs,0,0,1,
121,364788,1013.3,39,WFON,(,Waveform onset,t_onset,t,0,0,2,
121,364799,1013.3305555555555,27,TWAVE,t,T-wave peak,t_peak,t,0,0,0,
121,364810,1013.3611111111111,40,WFOFF,),Waveform end,t_offset,t,0,0,2,
121,364821,1013.3916666666667,39,WFON,(,Waveform onset,p_onset,p,0,0,0,
121,364854,1013.4833333333333,24,PWAVE,p,P-wave peak,p_peak,p,0,0,0,
121,364864,1013.5111111111111,40,WFOFF,),Waveform end,p_offset,p,0,0,0,
121,364898,1013.6055555555556,39,WFON,(,Waveform onset,qrs_onset,qrs,0,0,1,
121,364921,1013.6694444444445,5,PVC,V,Premature ventricular contraction,qrs_peak,qrs,0,0,0,
121,364932,1013.7,40,WFOFF,),Waveform end,qrs_offset,qrs,0,0,1,
121,364999,1013.8861111111111,39,WFON,(,Waveform onset,t_onset,t,0,0,2,
121,365020,1013.9444444444445,27,TWAVE,t,T-wave peak,t_peak,t,0,0,0,
121,365070,1014.0833333333334,40,WFOFF,),Waveform end,t_offset,t,0,0,2,
121,365288,1014.6888888888889,39,WFON,(,Waveform onset,p_onset,p,0,0,0,
121,365312,1014.7555555555556,24,PWAVE,p,P-wave peak,p_peak,p,0,0,0,
121,365327,1014.7972222222222,40,WFOFF,),Waveform end,p_offset,p,0,0,0,
121,365348,1014.8555555555556,39,WFON,(,Waveform onset,qrs_onset,qrs,0,0,1,
121,365374,1014.9277777777778,1,NORMAL,N,Normal beat,qrs_peak,qrs,0,0,0,
121,365421,1015.0583333333333,40,WFOFF,),Waveform end,qrs_offset,qrs,0,0,1,
121,365431,1015.0861111111111,39,WFON,(,Waveform onset,t_onset,t,0,0,2,
121,365446,1015.1277777777777,27,TWAVE,t,T-wave peak,t_peak,t,0,0,0,
121,365464,1015.1777777777778,40,WFOFF,),Waveform end,t_offset,t,0,0,2,
121,365650,1015.6944444444445,39,WFON,(,Waveform onset,p_onset,p,0,0,0,
121,365677,1015.7694444444444,24,PWAVE,p,P-wave peak,p_peak,p,0,0,0,
121,365683,1015.7861111111112,40,WFOFF,),Waveform end,p_offset,p,0,0,0,
121,365735,1015.9305555555555,39,WFON,(,Waveform onset,qrs_onset,qrs,0,0,1,
121,365795,1016.0972222222222,1,NORMAL,N,Normal beat,qrs_peak,qrs,0,0,0,
121,365846,1016.2388888888889,40,WFOFF,),Waveform end,qrs_offset,qrs,0,0,1,
121,365890,1016.3611111111111,39,WFON,(,Waveform onset,t_onset,t,0,0,2,
121,365921,1016.4472222222222,27,TWAVE,t,T-wave peak,t_peak,t,0,0,5,
121,365996,1016.6555555555556,27,TWAVE,t,T-wave peak,t_peak,t,0,0,5,
121,366034,1016.7611111111111,40,WFOFF,),Waveform end,t_offset,t,0,0,2,
121,366120,1017.0,39,WFON,(,Waveform onset,p_onset,p,0,0,0,
121,366137,1017.0472222222222,24,PWAVE,p,P-wave peak,p_peak,p,0,0,0,
121,366160,1017.1111111111111,40,WFOFF,),Waveform end,p_offset,p,0,0,0,
121,366178,1017.1611111111112,39,WFON,(,Waveform onset,qrs_onset,qrs,0,0,1,
121,366215,1017.2638888888889,1,NORMAL,N,Normal beat,qrs_peak,qrs,0,0,0,
121,366223,1017.2861111111112,40,WFOFF,),Waveform end,qrs_offset,qrs,0,0,1,
121,366265,1017.4027777777778,39,WFON,(,Waveform onset,t_onset,t,0,0,2,
121,366292,1017.4777777777778,27,TWAVE,t,T-wave peak,t_peak,t,0,0,5,
121,366395,1017.7638888888889,27,TWAVE,t,T-wave peak,t_peak,t,0,0,5,
121,366413,1017.8138888888889,40,WFOFF,),Waveform end,t_offset,t,0,0,2,
121,366442,1017.8944444444444,39,WFON,(,Waveform onset,p_onset,p,0,0,0,
121,366453,1017.925,24,PWAVE,p,P-wave peak,p_peak,p,0,0,0,
121,366461,1017.9472222222222,40,WFOFF,),Waveform end,p_offset,p,0,0,0,
121,366478,1017.9944444444444,39,WFON,(,Waveform onset,qrs_onset,qrs,0,0,1,
121,366525,1018.125,1,NORMAL,N,Normal beat,qrs_peak,qrs,0,0,0,
121,366566,1018.2388888888889,40,WFOFF,),Waveform end,qrs_offset,qrs,0,0,1,
121,366622,1018.3944444444444,39,WFON,(,Waveform onset,t_onset,t,0,0,2,
121,366650,1018.4722222222222,27,TWAVE,t,T-wave peak,t_peak,t,0,0,5,
121,366740,1018.7222222222222,27,TWAVE,t,T-wave peak,t_peak,t,0,0,5,
121,366754,1018.7611111111111,40,WFOFF,),Waveform end,t_offset,t,0,0,2,
121,366783,1018.8416666666667,39,WFON,(,Waveform onset,p_onset,p,0,0,0,
121,366789,1018.8583333333333,24,PWAVE,p,P-wave peak,p_peak,p,0,0,0,
121,366803,1018.8972222222222,40,WFOFF,),Waveform end,p_offset,p,0,0,0,
121,366850,1019.0277777777778,39,WFON,(,Waveform onset,qrs_onset,qrs,0,0,1,
121,366900,1019.1666666666666,1,NORMAL,N,Normal beat,qrs_peak,qrs,0,0,0,
121,366950,1019.3055555555555,40,WFOFF,),Waveform end,qrs_offset,qrs,0,0,1,
121,366980,1019.3888888888889,39,WFON,(,Waveform onset,t_onset,t,0,0,2,
121,367021,1019.5027777777777,27,TWAVE,t,T-wave peak,t_peak,t,0,0,0,
121,367056,1019.6,40,WFOFF,),Waveform end,t_offset,t,0,0,2,
121,367125,1019.7916666666666,39,WFON,(,Waveform onset,p_onset,p,0,0,0,
121,367158,1019.8833333333333,24,PWAVE,p,P-wave peak,p_peak,p,0,0,0,
121,367164,1019.9,40,WFOFF,),Waveform end,p_offset,p,0,0,0,
121,367173,1019.925,39,WFON,(,Waveform onset,qrs_onset,qrs,0,0,1,
121,367222,1020.0611111111111,1,NORMAL,N,Normal beat,qrs_peak,qrs,0,0,0,
121,367269,1020.1916666666667,40,WFOFF,),Waveform end,qrs_offset,qrs,0,0,1,
121,367279,1020.2194444444444,39,WFON,(,Waveform onset,t_onset,t,0,0,2,
121,367294,1020.2611111111111,27,TWAVE,t,T-wave peak,t_peak,t,0,0,0,
121,367312,1020.3111111111111,40,WFOFF,),Waveform end,t_offset,t,0,0,2,
121,367515,1020.875,39,WFON,(,Waveform onset,p_onset,p,0,0,0,
121,367539,1020.9416666666667,24,PWAVE,p,P-wave peak,p_peak,p,0,0,0,
121,367563,1021.0083333333333,40,WFOFF,),Waveform end,p_offset,p,0,0,0,
121,367582,1021.0611111111111,39,WFON,(,Waveform onset,qrs_onset,qrs,0,0,1,
121,367643,1021.2305555555556,1,NORMAL,N,Normal beat,qrs_peak,qrs,0,0,0,
121,367695,1021.375,40,WFOFF,),Waveform end,qrs_offset,qrs,0,0,1,
121,367737,1021.4916666666667,39,WFON,(,Waveform onset,t_onset,t,0,0,2,
121,367768,1021.5777777777778,27,TWAVE,t,T-wave peak,t_peak,t,0,0,0,
121,367812,1021.7,40,WFOFF,),Waveform end,t_offset,t,0,0,2,
121,367894,1021.9277777777778,39,WFON,(,Waveform onset,p_onset,p,0,0,0,
121,367919,1021.9972222222223,24,PWAVE,p,P-wave peak,p_peak,p,0,0,0,
121,367928,1022.0222222222222,40,WFOFF,),Waveform end,p_offset,p,0,0,0,
121,367961,1022.1138888888889,39,WFON,(,Waveform onset,qrs_onset,qrs,0,0,1,
121,367979,1022.1638888888889,1,NORMAL,N,Normal beat,qrs_peak,qrs,0,0,0,
121,368016,1022.2666666666667,40,WFOFF,),Waveform end,qrs_offset,qrs,0,0,1,
121,368030,1022.3055555555555,39,WFON,(,Waveform onset,t_onset,t,0,0,2,
121,368045,1022.3472222222222,27,TWAVE,t,T-wave peak,t_peak,t,0,0,0,
121,368064,1022.4,40,WFOFF,),Waveform end,t_offset,t,0,0,2,
121,368319,1023.1083333333333,39,WFON,(,Waveform onset,p_onset,p,0,0,0,
121,368324,1023.1222222222223,24,PWAVE,p,P-wave peak,p_peak,p,0,0,0,
121,368335,1023.1527777777778,40,WFOFF,),Waveform end,p_offset,p,0,0,0,
121,368345,1023.1805555555555,39,WFON,(,Waveform onset,qrs_onset,qrs,0,0,1,
121,368397,1023.325,1,NORMAL,N,Normal beat,qrs_peak,qrs,0,0,0,
121,368430,1023.4166666666666,40,WFOFF,),Waveform end,qrs_offset,qrs,0,0,1,
121,368486,1023.5722222222222,39,WFON,(,Waveform onset,t_onset,t,0,0,2,
121,368512,1023.6444444444444,27,TWAVE,t,T-wave peak,t_peak,t,0,0,5,
121,368637,1023.9916666666667,27,TWAVE,t,T-wave peak,t_peak,t,0,0,5,
121,368646,1024.0166666666667,40,WFOFF,),Waveform end,t_offset,t,0,0,2,
121,368656,1024.0444444444445,39,WFON,(,Waveform onset,p_onset,p,0,0,0,
121,368668,1024.0777777777778,24,PWAVE,p,P-wave peak,p_peak,p,0,0,0,
121,368674,1024.0944444444444,40,WFOFF,),Waveform end,p_offset,p,0,0,0,
121,368719,1024.2194444444444,39,WFON,(,Waveform onset,qrs_onset,qrs,0,0,1,
121,368758,1024.3277777777778,1,NORMAL,N,Normal beat,qrs_peak,qrs,0,0,0,
121,368811,1024.475,40,WFOFF,),Waveform end,qrs_offset,qrs,0,0,1,
121,368841,1024.5583333333334,39,WFON,(,Waveform onset,t_onset,t,0,0,2,
121,368888,1024.6888888888889,27,TWAVE,t,T-wave peak,t_peak,t,0,0,5,
121,368984,1024.9555555555555,27,TWAVE,t,T-wave peak,t_peak,t,0,0,5,
121,368993,1024.9805555555556,40,WFOFF,),Waveform end,t_offset,t,0,0,2,
121,369042,1025.1166666666666,39,WFON,(,Waveform onset,p_onset,p,0,0,0,
121,369050,1025.138888888889,24,PWAVE,p,P-wave peak,p_peak,p,0,0,0,
121,369058,1025.161111111111,40,WFOFF,),Waveform end,p_offset,p,0,0,0,
121,369082,1025.2277777777779,39,WFON,(,Waveform onset,qrs_onset,qrs,0,0,1,
121,369119,1025.3305555555555,1,NORMAL,N,Normal beat,qrs_peak,qrs,0,0,0,
121,369173,1025.4805555555556,40,WFOFF,),Waveform end,qrs_offset,qrs,0,0,1,
121,369217,1025.6027777777779,39,WFON,(,Waveform onset,t_onset,t,0,0,2,
121,369235,1025.6527777777778,27,TWAVE,t,T-wave peak,t_peak,t,0,0,5,
121,369368,1026.0222222222221,27,TWAVE,t,T-wave peak,t_peak,t,0,0,5,
121,369378,1026.05,40,WFOFF,),Waveform end,t_offset,t,0,0,2,
121,369445,1026.236111111111,39,WFON,(,Waveform onset,p_onset,p,0,0,0,
121,369468,1026.3,24,PWAVE,p,P-wave peak,p_peak,p,0,0,0,
121,369484,1026.3444444444444,40,WFOFF,),Waveform end,p_offset,p,0,0,0,
121,369495,1026.375,39,WFON,(,Waveform onset,qrs_onset,qrs,0,0,1,
121,369530,1026.4722222222222,1,NORMAL,N,Normal beat,qrs_peak,qrs,0,0,0,
121,369533,1026.4805555555556,40,WFOFF,),Waveform end,qrs_offset,qrs,0,0,1,
121,369585,1026.625,39,WFON,(,Waveform onset,t_onset,t,0,0,2,
121,369602,1026.6722222222222,27,TWAVE,t,T-wave peak,t_peak,t,0,0,5,
121,369740,1027.0555555555557,27,TWAVE,t,T-wave peak,t_peak,t,0,0,5,
121,369751,1027.0861111111112,40,WFOFF,),Waveform end,t_offset,t,0,0,2,
121,369755,1027.0972222222222,39,WFON,(,Waveform onset,p_onset,p,0,0,0,
121,369763,1027.1194444444445,24,PWAVE,p,P-wave peak,p_peak,p,0,0,0,
121,369772,1027.1444444444444,40,WFOFF,),Waveform end,p_offset,p,0,0,0,
121,369803,1027.2305555555556,39,WFON,(,Waveform onset,qrs_onset,qrs,0,0,1,
121,369853,1027.3694444444445,1,NORMAL,N,Normal beat,qrs_peak,qrs,0,0,0,
121,369903,1027.5083333333334,40,WFOFF,),Waveform end,qrs_offset,qrs,0,0,1,
121,369958,1027.661111111111,39,WFON,(,Waveform onset,t_onset,t,0,0,2,
121,369972,1027.7,27,TWAVE,t,T-wave peak,t_peak,t,0,0,0,
121,370006,1027.7944444444445,40,WFOFF,),Waveform end,t_offset,t,0,0,2,
121,370089,1028.025,39,WFON,(,Waveform onset,p_onset,p,0,0,0,
121,370097,1028.0472222222222,24,PWAVE,p,P-wave peak,p_peak,p,0,0,0,
121,370109,1028.0805555555555,40,WFOFF,),Waveform end,p_offset,p,0,0,0,
121,370146,1028.1833333333334,39,WFON,(,Waveform onset,qrs_onset,qrs,0,0,1,
121,370164,1028.2333333333333,1,NORMAL,N,Normal beat,qrs_peak,qrs,0,0,0,
121,370209,1028.3583333333333,40,WFOFF,),Waveform end,qrs_offset,qrs,0,0,1,
121,370220,1028.388888888889,39,WFON,(,Waveform onset,t_onset,t,0,0,2,
121,370235,1028.4305555555557,27,TWAVE,t,T-wave peak,t_peak,t,0,0,0,
121,370254,1028.4833333333333,40,WFOFF,),Waveform end,t_offset,t,0,0,2,
121,370509,1029.1916666666666,39,WFON,(,Waveform onset,p_onset,p,0,0,0,
121,370515,1029.2083333333333,24,PWAVE,p,P-wave peak,p_peak,p,0,0,0,
121,370538,1029.2722222222221,40,WFOFF,),Waveform end,p_offset,p,0,0,0,
121,370555,1029.3194444444443,39,WFON,(,Waveform onset,qrs_onset,qrs,0,0,1,
121,370574,1029.3722222222223,1,NORMAL,N,Normal beat,qrs_peak,qrs,0,0,0,
121,370616,1029.4888888888888,40,WFOFF,),Waveform end,qrs_offset,qrs,0,0,1,
121,370657,1029.6027777777779,39,WFON,(,Waveform onset,t_onset,t,0,0,2,
121,370698,1029.7166666666667,27,TWAVE,t,T-wave peak,t_peak,t,0,0,0,
121,370729,1029.8027777777777,40,WFOFF,),Waveform end,t_offset,t,0,0,2,
121,370771,1029.9194444444445,39,WFON,(,Waveform onset,p_onset,p,0,0,0,
121,370804,1030.0111111111112,24,PWAVE,p,P-wave peak,p_peak,p,0,0,0,
121,370818,1030.05,40,WFOFF,),Waveform end,p_offset,p,0,0,0,
121,370850,1030.138888888889,39,WFON,(,Waveform onset,qrs_onset,qrs,0,0,1,
121,370896,1030.2666666666667,1,NORMAL,N,Normal beat,qrs_peak,qrs,0,0,0,
121,370933,1030.3694444444445,40,WFOFF,),Waveform end,qrs_offset,qrs,0,0,1,
121,370949,1030.4138888888888,39,WFON,(,Waveform onset,t_onset,t,0,0,2,
121,370964,1030.4555555555555,27,TWAVE,t,T-wave peak,t_peak,t,0,0,0,
121,370983,1030.5083333333334,40,WFOFF,),Waveform end,t_offset,t,0,0,2,
121,371216,1031.1555555555556,39,WFON,(,Waveform onset,p_onset,p,0,0,0,
121,371229,1031.1916666666666,24,PWAVE,p,P-wave peak,p_peak,p,0,0,0,
121,371240,1031.2222222222222,40,WFOFF,),Waveform end,p_offset,p,0,0,0,
121,371255,1031.263888888889,39,WFON,(,Waveform onset,qrs_onset,qrs,0,0,1,
121,371294,1031.3722222222223,1,NORMAL,N,Normal beat,qrs_peak,qrs,0,0,0,
121,371346,1031.5166666666667,40,WFOFF,),Waveform end,qrs_offset,qrs,0,0,1,
121,371398,1031.661111111111,39,WFON,(,Waveform onset,t_onset,t,0,0,2,
121,371418,1031.7166666666667,27,TWAVE,t,T-wave peak,t_peak,t,0,0,0,
121,371452,1031.8111111111111,40,WFOFF,),Waveform end,t_offset,t,0,0,2,
121,371532,1032.0333333333333,39,WFON,(,Waveform onset,p_onset,p,0,0,0,
121,371536,1032.0444444444445,24,PWAVE,p,P-wave peak,p_peak,p,0,0,0,
121,371572,1032.1444444444444,40,WFOFF,),Waveform end,p_offset,p,0,0,0,
121,371598,1032.2166666666667,39,WFON,(,Waveform onset,qrs_onset,qrs,0,0,1,
121,371655,1032.375,1,NORMAL,N,Normal beat,qrs_peak,qrs,0,0,0,
121,371711,1032.5305555555556,40,WFOFF,),Waveform end,qrs_offset,qrs,0,0,1,
121,371757,1032.6583333333333,39,WFON,(,Waveform onset,t_onset,t,0,0,2,
121,371778,1032.7166666666667,27,TWAVE,t,T-wave peak,t_peak,t,0,0,5,
121,371914,1033.0944444444444,27,TWAVE,t,T-wave peak,t_peak,t,0,0,5,
121,371922,1033.1166666666666,40,WFOFF,),Waveform end,t_offset,t,0,0,2,
121,371954,1033.2055555555555,39,WFON,(,Waveform onset,qrs_onset,qrs,0,0,1,
121,372024,1033.4,1,NORMAL,N,Normal beat,qrs_peak,qrs,0,0,0,
121,372077,1033.5472222222222,40,WFOFF,),Waveform end,qrs_offset,qrs,0,0,1,
121,372116,1033.6555555555556,39,WFON,(,Waveform onset,t_onset,t,0,0,2,
121,372152,1033.7555555555555,27,TWAVE,t,T-wave peak,t_peak,t,0,0,5,
121,372266,1034.0722222222223,27,TWAVE,t,T-wave peak,t_peak,t,0,0,5,
121,372285,1034.125,40,WFOFF,),Waveform end,t_offset,t,0,0,2,
121,372293,1034.1472222222221,39,WFON,(,Waveform onset,p_onset,p,0,0,0,
121,372301,1034.1694444444445,24,PWAVE,p,P-wave peak,p_peak,p,0,0,0,
121,372320,1034.2222222222222,40,WFOFF,),Waveform end,p_offset,p,0,0,0,
121,372327,1034.2416666666666,39,WFON,(,Waveform onset,qrs_onset,qrs,0,0,1,
121,372387,1034.4083333333333,1,NORMAL,N,Normal beat,qrs_peak,qrs,0,0,0,
121,372437,1034.5472222222222,40,WFOFF,),Waveform end,qrs_offset,qrs,0,0,1,
121,372486,1034.6833333333334,39,WFON,(,Waveform onset,t_onset,t,0,0,2,
121,372509,1034.7472222222223,27,TWAVE,t,T-wave peak,t_peak,t,0,0,0,
121,372541,1034.8361111111112,40,WFOFF,),Waveform end,t_offset,t,0,0,2,
121,372558,1034.8833333333334,39,WFON,(,Waveform onset,p_onset,p,0,0,0,
121,372591,1034.975,24,PWAVE,p,P-wave peak,p_peak,p,0,0,0,
121,372605,1035.013888888889,40,WFOFF,),Waveform end,p_offset,p,0,0,0,
121,372638,1035.1055555555556,39,WFON,(,Waveform onset,qrs_onset,qrs,0,0,1,
121,372699,1035.275,1,NORMAL,N,Normal beat,qrs_peak,qrs,0,0,0,
121,372729,1035.3583333333333,40,WFOFF,),Waveform end,qrs_offset,qrs,0,0,1,
121,372754,1035.4277777777777,39,WFON,(,Waveform onset,t_onset,t,0,0,2,
121,372770,1035.4722222222222,27,TWAVE,t,T-wave peak,t_peak,t,0,0,0,
121,372789,1035.525,40,WFOFF,),Waveform end,t_offset,t,0,0,2,
121,372967,1036.0194444444444,39,WFON,(,Waveform onset,p_onset,p,0,0,0,
121,372973,1036.036111111111,24,PWAVE,p,P-wave peak,p_peak,p,0,0,0,
121,372992,1036.088888888889,40,WFOFF,),Waveform end,p_offset,p,0,0,0,
121,373035,1036.2083333333333,39,WFON,(,Waveform onset,qrs_onset,qrs,0,0,1,
121,373060,1036.2777777777778,1,NORMAL,N,Normal beat,qrs_peak,qrs,0,0,0,
121,373104,1036.4,40,WFOFF,),Waveform end,qrs_offset,qrs,0,0,1,
121,373113,1036.425,39,WFON,(,Waveform onset,t_onset,t,0,0,2,
121,373129,1036.4694444444444,27,TWAVE,t,T-wave peak,t_peak,t,0,0,0,
121,373148,1036.5222222222221,40,WFOFF,),Waveform end,t_offset,t,0,0,2,
121,373415,1037.263888888889,39,WFON,(,Waveform onset,p_onset,p,0,0,0,
121,373432,1037.3111111111111,24,PWAVE,p,P-wave peak,p_peak,p,0,0,0,
121,373455,1037.375,40,WFOFF,),Waveform end,p_offset,p,0,0,0,
121,373461,1037.3916666666667,39,WFON,(,Waveform onset,qrs_onset,qrs,0,0,1,
121,373504,1037.5111111111112,1,NORMAL,N,Normal beat,qrs_peak,qrs,0,0,0,
121,373509,1037.525,40,WFOFF,),Waveform end,qrs_offset,qrs,0,0,1,
121,373561,1037.6694444444445,39,WFON,(,Waveform onset,t_onset,t,0,0,2,
121,373576,1037.7111111111112,27,TWAVE,t,T-wave peak,t_peak,t,0,0,0,
121,373616,1037.8222222222223,40,WFOFF,),Waveform end,t_offset,t,0,0,2,
121,373705,1038.0694444444443,39,WFON,(,Waveform onset,p_onset,p,0,0,0,
121,373712,1038.088888888889,24,PWAVE,p,P-wave peak,p_peak,p,0,0,0,
121,373735,1038.1527777777778,40,WFOFF,),Waveform end,p_offset,p,0,0,0,
121,373755,1038.2083333333333,39,WFON,(,Waveform onset,qrs_onset,qrs,0,0,1,
121,373815,1038.375,1,NORMAL,N,Normal beat,qrs_peak,qrs,0,0,0,
121,373864,1038.5111111111112,40,WFOFF,),Waveform end,qrs_offset,qrs,0,0,1,
121,373910,1038.638888888889,39,WFON,(,Waveform onset,t_onset,t,0,0,2,
121,373943,1038.7305555555556,27,TWAVE,t,T-wave peak,t_peak,t,0,0,0,
121,373976,1038.8222222222223,40,WFOFF,),Waveform end,t_offset,t,0,0,2,
121,374064,1039.0666666666666,39,WFON,(,Waveform onset,p_onset,p,0,0,0,
121,374071,1039.0861111111112,24,PWAVE,p,P-wave peak,p_peak,p,0,0,0,
121,374083,1039.1194444444445,40,WFOFF,),Waveform end,p_offset,p,0,0,0,
121,374116,1039.2111111111112,39,WFON,(,Waveform onset,qrs_onset,qrs,0,0,1,
121,374176,1039.3777777777777,1,NORMAL,N,Normal beat,qrs_peak,qrs,0,0,0,
121,374226,1039.5166666666667,40,WFOFF,),Waveform end,qrs_offset,qrs,0,0,1,
121,374271,1039.6416666666667,39,WFON,(,Waveform onset,t_onset,t,0,0,2,
121,374294,1039.7055555555555,27,TWAVE,t,T-wave peak,t_peak,t,0,0,5,
121,374391,1039.975,27,TWAVE,t,T-wave peak,t_peak,t,0,0,5,
121,374407,1040.0194444444444,40,WFOFF,),Waveform end,t_offset,t,0,0,2,
121,374486,1040.2388888888888,39,WFON,(,Waveform onset,p_onset,p,0,0,0,
121,374505,1040.2916666666667,24,PWAVE,p,P-wave peak,p_peak,p,0,0,0,
121,374526,1040.35,40,WFOFF,),Waveform end,p_offset,p,0,0,0,
121,374530,1040.361111111111,39,WFON,(,Waveform onset,qrs_onset,qrs,0,0,1,
121,374572,1040.4777777777779,1,NORMAL,N,Normal beat,qrs_peak,qrs,0,0,0,
121,374578,1040.4944444444445,40,WFOFF,),Waveform end,qrs_offset,qrs,0,0,1,
121,374617,1040.6027777777779,39,WFON,(,Waveform onset,t_onset,t,0,0,2,
121,374649,1040.6916666666666,27,TWAVE,t,T-wave peak,t_peak,t,0,0,5,
121,374753,1040.9805555555556,27,TWAVE,t,T-wave peak,t_peak,t,0,0,5,
121,374770,1041.0277777777778,40,WFOFF,),Waveform end,t_offset,t,0,0,2,
121,374799,1041.1083333333333,39,WFON,(,Waveform onset,p_onset,p,0,0,0,
121,374817,1041.1583333333333,24,PWAVE,p,P-wave peak,p_peak,p,0,0,0,
121,374820,1041.1666666666667,40,WFOFF,),Waveform end,p_offset,p,0,0,0,
121,374847,1041.2416666666666,39,WFON,(,Waveform onset,qrs_onset,qrs,0,0,1,
121,374896,1041.3777777777777,1,NORMAL,N,Normal beat,qrs_peak,qrs,0,0,0,
121,374947,1041.5194444444444,40,WFOFF,),Waveform end,qrs_offset,qrs,0,0,1,
121,375001,1041.6694444444445,39,WFON,(,Waveform onset,t_onset,t,0,0,2,
121,375018,1041.7166666666667,27,TWAVE,t,T-wave peak,t_peak,t,0,0,5,
121,375136,1042.0444444444445,27,TWAVE,t,T-wave peak,t_peak,t,0,0,5,
121,375153,1042.0916666666667,40,WFOFF,),Waveform end,t_offset,t,0,0,2,
121,375170,1042.138888888889,39,WFON,(,Waveform onset,p_onset,p,0,0,0,
121,375178,1042.161111111111,24,PWAVE,p,P-wave peak,p_peak,p,0,0,0,
121,375193,1042.2027777777778,40,WFOFF,),Waveform end,p_offset,p,0,0,0,
121,375196,1042.2111111111112,39,WFON,(,Waveform onset,qrs_onset,qrs,0,0,1,
121,375255,1042.375,1,NORMAL,N,Normal beat,qrs_peak,qrs,0,0,0,
121,375308,1042.5222222222221,40,WFOFF,),Waveform end,qrs_offset,qrs,0,0,1,
121,375339,1042.6083333333333,39,WFON,(,Waveform onset,t_onset,t,0,0,2,
121,375381,1042.725,27,TWAVE,t,T-wave peak,t_peak,t,0,0,0,
121,375420,1042.8333333333333,40,WFOFF,),Waveform end,t_offset,t,0,0,2,
121,375446,1042.9055555555556,39,WFON,(,Waveform onset,p_onset,p,0,0,0,
121,375471,1042.975,24,PWAVE,p,P-wave peak,p_peak,p,0,0,0,
121,375476,1042.9888888888888,40,WFOFF,),Waveform end,p_offset,p,0,0,0,
121,375509,1043.0805555555555,39,WFON,(,Waveform onset,qrs_onset,qrs,0,0,1,
121,375569,1043.2472222222223,1,NORMAL,N,Normal beat,qrs_peak,qrs,0,0,0,
121,375614,1043.3722222222223,40,WFOFF,),Waveform end,qrs_offset,qrs,0,0,1,
121,375624,1043.4,39,WFON,(,Waveform onset,t_onset,t,0,0,2,
121,375638,1043.4388888888889,27,TWAVE,t,T-wave peak,t_peak,t,0,0,0,
121,375656,1043.4888888888888,40,WFOFF,),Waveform end,t_offset,t,0,0,2,
121,375832,1043.9777777777779,39,WFON,(,Waveform onset,p_onset,p,0,0,0,
121,375876,1044.1,24,PWAVE,p,P-wave peak,p_peak,p,0,0,0,
121,375894,1044.15,40,WFOFF,),Waveform end,p_offset,p,0,0,0,
121,375905,1044.1805555555557,39,WFON,(,Waveform onset,qrs_onset,qrs,0,0,1,
121,375928,1044.2444444444445,1,NORMAL,N,Normal beat,qrs_peak,qrs,0,0,0,
121,375970,1044.361111111111,40,WFOFF,),Waveform end,qrs_offset,qrs,0,0,1,
121,375984,1044.4,39,WFON,(,Waveform onset,t_onset,t,0,0,2,
121,375999,1044.4416666666666,27,TWAVE,t,T-wave peak,t_peak,t,0,0,0,
121,376016,1044.4888888888888,40,WFOFF,),Waveform end,t_offset,t,0,0,2,
121,376211,1045.0305555555556,39,WFON,(,Waveform onset,p_onset,p,0,0,0,
121,376215,1045.0416666666667,24,PWAVE,p,P-wave peak,p_peak,p,0,0,0,
121,376223,1045.0638888888889,40,WFOFF,),Waveform end,p_offset,p,0,0,0,
121,376281,1045.225,39,WFON,(,Waveform onset,qrs_onset,qrs,0,0,1,
121,376325,1045.3472222222222,1,NORMAL,N,Normal beat,qrs_peak,qrs,0,0,0,
121,376376,1045.4888888888888,40,WFOFF,),Waveform end,qrs_offset,qrs,0,0,1,
121,376416,1045.6,39,WFON,(,Waveform onset,t_onset,t,0,0,2,
121,376447,1045.6861111111111,27,TWAVE,t,T-wave peak,t_peak,t,0,0,5,
121,376550,1045.9722222222222,27,TWAVE,t,T-wave peak,t_peak,t,0,0,5,
121,376568,1046.0222222222221,40,WFOFF,),Waveform end,t_offset,t,0,0,2,
121,376585,1046.0694444444443,39,WFON,(,Waveform onset,p_onset,p,0,0,0,
121,376606,1046.1277777777777,24,PWAVE,p,P-wave peak,p_peak,p,0,0,0,
121,376624,1046.1777777777777,40,WFOFF,),Waveform end,p_offset,p,0,0,0,
121,376636,1046.2111111111112,39,WFON,(,Waveform onset,qrs_onset,qrs,0,0,1,
121,376684,1046.3444444444444,1,NORMAL,N,Normal beat,qrs_peak,qrs,0,0,0,
121,376726,1046.4611111111112,40,WFOFF,),Waveform end,qrs_offset,qrs,0,0,1,
121,376778,1046.6055555555556,39,WFON,(,Waveform onset,t_onset,t,0,0,2,
121,376807,1046.6861111111111,27,TWAVE,t,T-wave peak,t_peak,t,0,0,5,
121,376944,1047.0666666666666,27,TWAVE,t,T-wave peak,t_peak,t,0,0,5,
121,376962,1047.1166666666666,40,WFOFF,),Waveform end,t_offset,t,0,0,2,
121,377029,1047.3027777777777,39,WFON,(,Waveform onset,p_onset,p,0,0,0,
121,377046,1047.35,24,PWAVE,p,P-wave peak,p_peak,p,0,0,0,
121,377067,1047.4083333333333,40,WFOFF,),Waveform end,p_offset,p,0,0,0,
121,377074,1047.4277777777777,39,WFON,(,Waveform onset,qrs_onset,qrs,0,0,1,
121,377096,1047.4888888888888,1,NORMAL,N,Normal beat,qrs_peak,qrs,0,0,0,
121,377129,1047.5805555555555,40,WFOFF,),Waveform end,qrs_offset,qrs,0,0,1,
121,377130,1047.5833333333333,39,WFON,(,Waveform onset,t_onset,t,0,0,2,
121,377167,1047.6861111111111,27,TWAVE,t,T-wave peak,t_peak,t,0,0,0,
121,377197,1047.7694444444444,40,WFOFF,),Waveform end,t_offset,t,0,0,2,
121,377269,1047.9694444444444,39,WFON,(,Waveform onset,p_onset,p,0,0,0,
121,377276,1047.9888888888888,24,PWAVE,p,P-wave peak,p_peak,p,0,0,0,
121,377285,1048.013888888889,40,WFOFF,),Waveform end,p_offset,p,0,0,0,
121,377334,1048.15,39,WFON,(,Waveform onset,qrs_onset,qrs,0,0,1,
121,377359,1048.2194444444444,1,NORMAL,N,Normal beat,qrs_peak,qrs,0,0,0,
121,377396,1048.3222222222223,40,WFOFF,),Waveform end,qrs_offset,qrs,0,0,1,
121,377411,1048.3638888888888,39,WFON,(,Waveform onset,t_onset,t,0,0,2,
121,377427,1048.4083333333333,27,TWAVE,t,T-wave peak,t_peak,t,0,0,0,
121,377446,1048.4611111111112,40,WFOFF,),Waveform end,t_offset,t,0,0,2,
121,377590,1048.861111111111,39,WFON,(,Waveform onset,p_onset,p,0,0,0,
121,377608,1048.911111111111,24,PWAVE,p,P-wave peak,p_peak,p,0,0,0,
121,377616,1048.9333333333334,40,WFOFF,),Waveform end,p_offset,p,0,0,0,
121,377664,1049.0666666666666,39,WFON,(,Waveform onset,qrs_onset,qrs,0,0,1,
121,377719,1049.2194444444444,1,NORMAL,N,Normal beat,qrs_peak,qrs,0,0,0,
121,377779,1049.3861111111112,40,WFOFF,),Waveform end,qrs_offset,qrs,0,0,1,
121,377787,1049.4083333333333,27,TWAVE,t,T-wave peak,t_peak,t,0,0,3,
121,377806,1049.4611111111112,40,WFOFF,),Waveform end,t_offset,t,0,0,2,
121,378016,1050.0444444444445,39,WFON,(,Waveform onset,p_onset,p,0,0,0,
121,378024,1050.0666666666666,24,PWAVE,p,P-wave peak,p_peak,p,0,0,0,
121,378028,1050.0777777777778,40,WFOFF,),Waveform end,p_offset,p,0,0,0,
121,378056,1050.1555555555556,39,WFON,(,Waveform onset,qrs_onset,qrs,0,0,1,
121,378080,1050.2222222222222,1,NORMAL,N,Normal beat,qrs_peak,qrs,0,0,0,
121,378126,1050.35,40,WFOFF,),Waveform end,qrs_offset,qrs,0,0,1,
121,378136,1050.3777777777777,39,WFON,(,Waveform onset,t_onset,t,0,0,2,
121,378152,1050.4222222222222,27,TWAVE,t,T-wave peak,t_peak,t,0,0,0,
121,378171,1050.475,40,WFOFF,),Waveform end,t_offset,t,0,0,2,
121,378390,1051.0833333333333,39,WFON,(,Waveform onset,p_onset,p,0,0,0,
121,378396,1051.1,24,PWAVE,p,P-wave peak,p_peak,p,0,0,0,
121,378405,1051.125,40,WFOFF,),Waveform end,p_offset,p,0,0,0,
121,378438,1051.2166666666667,39,WFON,(,Waveform onset,qrs_onset,qrs,0,0,1,
121,378487,1051.3527777777779,1,NORMAL,N,Normal beat,qrs_peak,qrs,0,0,0,
121,378529,1051.4694444444444,40,WFOFF,),Waveform end,qrs_offset,qrs,0,0,1,
121,378583,1051.6194444444445,39,WFON,(,Waveform onset,t_onset,t,0,0,2,
121,378605,1051.6805555555557,27,TWAVE,t,T-wave peak,t_peak,t,0,0,5,
121,378686,1051.9055555555556,27,TWAVE,t,T-wave peak,t_peak,t,0,0,5,
121,378693,1051.925,40,WFOFF,),Waveform end,t_offset,t,0,0,2,
121,378719,1051.9972222222223,39,WFON,(,Waveform onset,p_onset,p,0,0,0,
121,378727,1052.0194444444444,24,PWAVE,p,P-wave peak,p_peak,p,0,0,0,
121,378737,1052.0472222222222,40,WFOFF,),Waveform end,p_offset,p,0,0,0,
121,378750,1052.0833333333333,39,WFON,(,Waveform onset,qrs_onset,qrs,0,0,1,
121,378799,1052.2194444444444,1,NORMAL,N,Normal beat,qrs_peak,qrs,0,0,0,
121,378845,1052.3472222222222,40,WFOFF,),Waveform end,qrs_offset,qrs,0,0,1,
121,378855,1052.375,39,WFON,(,Waveform onset,t_onset,t,0,0,2,
121,378871,1052.4194444444445,27,TWAVE,t,T-wave peak,t_peak,t,0,0,0,
121,378890,1052.4722222222222,40,WFOFF,),Waveform end,t_offset,t,0,0,2,
121,379139,1053.1638888888888,39,WFON,(,Waveform onset,p_onset,p,0,0,0,
121,379146,1053.1833333333334,24,PWAVE,p,P-wave peak,p_peak,p,0,0,0,
121,379156,1053.2111111111112,40,WFOFF,),Waveform end,p_offset,p,0,0,0,
121,379168,1053.2444444444445,39,WFON,(,Waveform onset,qrs_onset,qrs,0,0,1,
121,379205,1053.3472222222222,1,NORMAL,N,Normal beat,qrs_peak,qrs,0,0,0,
121,379260,1053.5,40,WFOFF,),Waveform end,qrs_offset,qrs,0,0,1,
121,379317,1053.6583333333333,39,WFON,(,Waveform onset,t_onset,t,0,0,2,
121,379333,1053.7027777777778,27,TWAVE,t,T-wave peak,t_peak,t,0,0,0,
121,379374,1053.8166666666666,40,WFOFF,),Waveform end,t_offset,t,0,0,2,
121,379460,1054.0555555555557,39,WFON,(,Waveform onset,qrs_onset,qrs,0,0,1,
121,379520,1054.2222222222222,1,NORMAL,N,Normal beat,qrs_peak,qrs,0,0,0,
121,379573,1054.3694444444445,40,WFOFF,),Waveform end,qrs_offset,qrs,0,0,1,
121,379575,1054.375,39,WFON,(,Waveform onset,t_onset,t,0,0,2,
121,379592,1054.4222222222222,27,TWAVE,t,T-wave peak,t_peak,t,0,0,0,
121,379612,1054.4777777777779,40,WFOFF,),Waveform end,t_offset,t,0,0,2,
121,379803,1055.0083333333334,39,WFON,(,Waveform onset,p_onset,p,0,0,0,
121,379823,1055.0638888888889,24,PWAVE,p,P-wave peak,p_peak,p,0,0,0,
121,379827,1055.075,40,WFOFF,),Waveform end,p_offset,p,0,0,0,
121,379868,1055.1888888888889,39,WFON,(,Waveform onset,qrs_onset,qrs,0,0,1,
121,379930,1055.361111111111,1,NORMAL,N,Normal beat,qrs_peak,qrs,0,0,0,
121,379968,1055.4666666666667,40,WFOFF,),Waveform end,qrs_offset,qrs,0,0,1,
121,380016,1055.6,39,WFON,(,Waveform onset,t_onset,t,0,0,2,
121,380045,1055.6805555555557,27,TWAVE,t,T-wave peak,t_peak,t,0,0,0,
121,380085,1055.7916666666667,40,WFOFF,),Waveform end,t_offset,t,0,0,2,
121,380173,1056.036111111111,39,WFON,(,Waveform onset,p_onset,p,0,0,0,
121,380178,1056.05,24,PWAVE,p,P-wave peak,p_peak,p,0,0,0,
121,380205,1056.125,40,WFOFF,),Waveform end,p_offset,p,0,0,0,
121,380228,1056.1888888888889,39,WFON,(,Waveform onset,qrs_onset,qrs,0,0,1,
121,380288,1056.3555555555556,1,NORMAL,N,Normal beat,qrs_peak,qrs,0,0,0,
121,380325,1056.4583333333333,40,WFOFF,),Waveform end,qrs_offset,qrs,0,0,1,
121,380381,1056.6138888888888,39,WFON,(,Waveform onset,t_onset,t,0,0,2,
121,380400,1056.6666666666667,27,TWAVE,t,T-wave peak,t_peak,t,0,0,5,
121,380491,1056.9194444444445,27,TWAVE,t,T-wave peak,t_peak,t,0,0,5,
121,380507,1056.963888888889,40,WFOFF,),Waveform end,t_offset,t,0,0,2,
121,380523,1057.0083333333334,39,WFON,(,Waveform onset,p_onset,p,0,0,0,
121,380526,1057.0166666666667,24,PWAVE,p,P-wave peak,p_peak,p,0,0,0,
121,380545,1057.0694444444443,40,WFOFF,),Waveform end,p_offset,p,0,0,0,
121,380596,1057.2111111111112,39,WFON,(,Waveform onset,qrs_onset,qrs,0,0,1,
121,380635,1057.3194444444443,1,NORMAL,N,Normal beat,qrs_peak,qrs,0,0,0,
121,380688,1057.4666666666667,40,WFOFF,),Waveform end,qrs_offset,qrs,0,0,1,
121,380730,1057.5833333333333,39,WFON,(,Waveform onset,t_onset,t,0,0,2,
121,380755,1057.6527777777778,27,TWAVE,t,T-wave peak,t_peak,t,0,0,0,
121,380791,1057.7527777777777,40,WFOFF,),Waveform end,t_offset,t,0,0,2,
121,380886,1058.0166666666667,39,WFON,(,Waveform onset,p_onset,p,0,0,0,
121,380901,1058.0583333333334,24,PWAVE,p,P-wave peak,p_peak,p,0,0,0,
121,380910,1058.0833333333333,40,WFOFF,),Waveform end,p_offset,p,0,0,0,
121,380955,1058.2083333333333,39,WFON,(,Waveform onset,qrs_onset,qrs,0,0,1,
121,380998,1058.3277777777778,1,NORMAL,N,Normal beat,qrs_peak,qrs,0,0,0,
121,381049,1058.4694444444444,40,WFOFF,),Waveform end,qrs_offset,qrs,0,0,1,
121,381090,1058.5833333333333,39,WFON,(,Waveform onset,t_onset,t,0,0,2,
121,381120,1058.6666666666667,27,TWAVE,t,T-wave peak,t_peak,t,0,0,0,
121,381153,1058.7583333333334,40,WFOFF,),Waveform end,t_offset,t,0,0,2,
121,381187,1058.8527777777779,39,WFON,(,Waveform onset,p_onset,p,0,0,0,
121,381203,1058.8972222222221,24,PWAVE,p,P-wave peak,p_peak,p,0,0,0,
121,381240,1059.0,40,WFOFF,),Waveform end,p_offset,p,0,0,0,
121,381261,1059.0583333333334,39,WFON,(,Waveform onset,qrs_onset,qrs,0,0,1,
121,381308,1059.1888888888889,1,NORMAL,N,Normal beat,qrs_peak,qrs,0,0,0,
121,381354,1059.3166666666666,40,WFOFF,),Waveform end,qrs_offset,qrs,0,0,1,
121,381364,1059.3444444444444,39,WFON,(,Waveform onset,t_onset,t,0,0,2,
121,381379,1059.3861111111112,27,TWAVE,t,T-wave peak,t_peak,t,0,0,0,
121,381399,1059.4416666666666,40,WFOFF,),Waveform end,t_offset,t,0,0,2,
121,381540,1059.8333333333333,39,WFON,(,Waveform onset,p_onset,p,0,0,0,
121,381570,1059.9166666666667,24,PWAVE,p,P-wave peak,p_peak,p,0,0,0,
121,381590,1059.9722222222222,40,WFOFF,),Waveform end,p_offset,p,0,0,0,
121,381645,1060.125,39,WFON,(,Waveform onset,qrs_onset,qrs,0,0,1,
121,381670,1060.1944444444443,1,NORMAL,N,Normal beat,qrs_peak,qrs,0,0,0,
121,381707,1060.2972222222222,40,WFOFF,),Waveform end,qrs_offset,qrs,0,0,1,
121,381720,1060.3333333333333,39,WFON,(,Waveform onset,t_onset,t,0,0,2,
121,381735,1060.375,27,TWAVE,t,T-wave peak,t_peak,t,0,0,0,
121,381754,1060.4277777777777,40,WFOFF,),Waveform end,t_offset,t,0,0,2,
121,381980,1061.0555555555557,39,WFON,(,Waveform onset,qrs_onset,qrs,0,0,1,
121,382028,1061.1888888888889,1,NORMAL,N,Normal beat,qrs_peak,qrs,0,0,0,
121,382071,1061.3083333333334,40,WFOFF,),Waveform end,qrs_offset,qrs,0,0,1,
121,382081,1061.3361111111112,39,WFON,(,Waveform onset,t_onset,t,0,0,2,
121,382097,1061.3805555555555,27,TWAVE,t,T-wave peak,t_peak,t,0,0,0,
121,382116,1061.4333333333334,40,WFOFF,),Waveform end,t_offset,t,0,0,2,
121,382321,1062.0027777777777,39,WFON,(,Waveform onset,p_onset,p,0,0,0,
121,382326,1062.0166666666667,24,PWAVE,p,P-wave peak,p_peak,p,0,0,0,
121,382335,1062.0416666666667,40,WFOFF,),Waveform end,p_offset,p,0,0,0,
121,382385,1062.1805555555557,39,WFON,(,Waveform onset,qrs_onset,qrs,0,0,1,
121,382389,1062.1916666666666,1,NORMAL,N,Normal beat,qrs_peak,qrs,0,0,0,
121,382425,1062.2916666666667,40,WFOFF,),Waveform end,qrs_offset,qrs,0,0,1,
121,382441,1062.3361111111112,39,WFON,(,Waveform onset,t_onset,t,0,0,2,
121,382456,1062.3777777777777,27,TWAVE,t,T-wave peak,t_peak,t,0,0,0,
121,382475,1062.4305555555557,40,WFOFF,),Waveform end,t_offset,t,0,0,2,
121,382689,1063.025,39,WFON,(,Waveform onset,p_onset,p,0,0,0,
121,382703,1063.0638888888889,24,PWAVE,p,P-wave peak,p_peak,p,0,0,0,
121,382711,1063.0861111111112,40,WFOFF,),Waveform end,p_offset,p,0,0,0,
121,382746,1063.1833333333334,39,WFON,(,Waveform onset,qrs_onset,qrs,0,0,1,
121,382786,1063.2944444444445,1,NORMAL,N,Normal beat,qrs_peak,qrs,0,0,0,
121,382838,1063.4388888888889,40,WFOFF,),Waveform end,qrs_offset,qrs,0,0,1,
121,382878,1063.55,39,WFON,(,Waveform onset,t_onset,t,0,0,2,
121,382910,1063.638888888889,27,TWAVE,t,T-wave peak,t_peak,t,0,0,5,
121,383002,1063.8944444444444,27,TWAVE,t,T-wave peak,t_peak,t,0,0,5,
121,383042,1064.0055555555555,40,WFOFF,),Waveform end,t_offset,t,0,0,2,
121,383061,1064.0583333333334,39,WFON,(,Waveform onset,p_onset,p,0,0,0,
121,383091,1064.1416666666667,24,PWAVE,p,P-wave peak,p_peak,p,0,0,0,
121,383095,1064.1527777777778,40,WFOFF,),Waveform end,p_offset,p,0,0,0,
121,383116,1064.2111111111112,39,WFON,(,Waveform onset,qrs_onset,qrs,0,0,1,
121,383156,1064.3222222222223,1,NORMAL,N,Normal beat,qrs_peak,qrs,0,0,0,
121,383210,1064.4722222222222,40,WFOFF,),Waveform end,qrs_offset,qrs,0,0,1,
121,383247,1064.575,39,WFON,(,Waveform onset,t_onset,t,0,0,2,
121,383279,1064.6638888888888,27,TWAVE,t,T-wave peak,t_peak,t,0,0,0,
121,383317,1064.7694444444444,40,WFOFF,),Waveform end,t_offset,t,0,0,2,
121,383408,1065.0222222222221,39,WFON,(,Waveform onset,p_onset,p,0,0,0,
121,383426,1065.0722222222223,24,PWAVE,p,P-wave peak,p_peak,p,0,0,0,
121,383432,1065.088888888889,40,WFOFF,),Waveform end,p_offset,p,0,0,0,
121,383458,1065.161111111111,39,WFON,(,Waveform onset,qrs_onset,qrs,0,0,1,
121,383481,1065.225,1,NORMAL,N,Normal beat,qrs_peak,qrs,0,0,0,
121,383524,1065.3444444444444,40,WFOFF,),Waveform end,qrs_offset,qrs,0,0,1,
121,383535,1065.375,39,WFON,(,Waveform onset,t_onset,t,0,0,2,
121,383551,1065.4194444444445,27,TWAVE,t,T-wave peak,t_peak,t,0,0,0,
121,383570,1065.4722222222222,40,WFOFF,),Waveform end,t_offset,t,0,0,2,
121,383757,1065.9916666666666,39,WFON,(,Waveform onset,p_onset,p,0,0,0,
121,383787,1066.075,24,PWAVE,p,P-wave peak,p_peak,p,0,0,0,
121,383805,1066.125,40,WFOFF,),Waveform end,p_offset,p,0,0,0,
121,383817,1066.1583333333333,39,WFON,(,Waveform onset,qrs_onset,qrs,0,0,1,
121,383844,1066.2333333333333,1,NORMAL,N,Normal beat,qrs_peak,qrs,0,0,0,
121,383889,1066.3583333333333,40,WFOFF,),Waveform end,qrs_offset,qrs,0,0,1,
121,383899,1066.3861111111112,39,WFON,(,Waveform onset,t_onset,t,0,0,2,
121,383916,1066.4333333333334,27,TWAVE,t,T-wave peak,t_peak,t,0,0,0,
121,383935,1066.486111111111,40,WFOFF,),Waveform end,t_offset,t,0,0,2,
121,384098,1066.9388888888889,39,WFON,(,Waveform onset,p_onset,p,0,0,0,
121,384110,1066.9722222222222,24,PWAVE,p,P-wave peak,p_peak,p,0,0,0,
121,384125,1067.013888888889,40,WFOFF,),Waveform end,p_offset,p,0,0,0,
121,384167,1067.1305555555555,39,WFON,(,Waveform onset,qrs_onset,qrs,0,0,1,
121,384215,1067.263888888889,1,NORMAL,N,Normal beat,qrs_peak,qrs,0,0,0,
121,384259,1067.3861111111112,40,WFOFF,),Waveform end,qrs_offset,qrs,0,0,1,
121,384269,1067.4138888888888,39,WFON,(,Waveform onset,t_onset,t,0,0,2,
121,384283,1067.4527777777778,27,TWAVE,t,T-wave peak,t_peak,t,0,0,0,
121,384301,1067.5027777777777,40,WFOFF,),Waveform end,t_offset,t,0,0,2,
121,384572,1068.2555555555555,39,WFON,(,Waveform onset,p_onset,p,0,0,0,
121,384592,1068.3111111111111,24,PWAVE,p,P-wave peak,p_peak,p,0,0,0,
121,384613,1068.3694444444445,40,WFOFF,),Waveform end,p_offset,p,0,0,0,
121,384616,1068.3777777777777,39,WFON,(,Waveform onset,qrs_onset,qrs,0,0,1,
121,384660,1068.5,1,NORMAL,N,Normal beat,qrs_peak,qrs,0,0,0,
121,384664,1068.5111111111112,40,WFOFF,),Waveform end,qrs_offset,qrs,0,0,1,
121,384668,1068.5222222222221,39,WFON,(,Waveform onset,t_onset,t,0,0,2,
121,384738,1068.7166666666667,27,TWAVE,t,T-wave peak,t_peak,t,0,0,0,
121,384772,1068.8111111111111,40,WFOFF,),Waveform end,t_offset,t,0,0,2,
121,384850,1069.0277777777778,39,WFON,(,Waveform onset,p_onset,p,0,0,0,
121,384869,1069.0805555555555,24,PWAVE,p,P-wave peak,p_peak,p,0,0,0,
121,384886,1069.1277777777777,40,WFOFF,),Waveform end,p_offset,p,0,0,0,
121,384919,1069.2194444444444,39,WFON,(,Waveform onset,qrs_onset,qrs,0,0,1,
121,384958,1069.3277777777778,1,NORMAL,N,Normal beat,qrs_peak,qrs,0,0,0,
121,385012,1069.4777777777779,40,WFOFF,),Waveform end,qrs_offset,qrs,0,0,1,
121,385039,1069.5527777777777,39,WFON,(,Waveform onset,t_onset,t,0,0,2,
121,385085,1069.6805555555557,27,TWAVE,t,T-wave peak,t_peak,t,0,0,0,
121,385126,1069.7944444444445,40,WFOFF,),Waveform end,t_offset,t,0,0,2,
121,385143,1069.8416666666667,39,WFON,(,Waveform onset,p_onset,p,0,0,0,
121,385176,1069.9333333333334,24,PWAVE,p,P-wave peak,p_peak,p,0,0,0,
121,385192,1069.9777777777779,40,WFOFF,),Waveform end,p_offset,p,0,0,0,
121,385200,1070.0,39,WFON,(,Waveform onset,qrs_onset,qrs,0,0,1,
121,385258,1070.161111111111,1,NORMAL,N,Normal beat,qrs_peak,qrs,0,0,0,
121,385305,1070.2916666666667,40,WFOFF,),Waveform end,qrs_offset,qrs,0,0,1,
121,385314,1070.3166666666666,39,WFON,(,Waveform onset,t_onset,t,0,0,2,
121,385329,1070.3583333333333,27,TWAVE,t,T-wave peak,t_peak,t,0,0,0,
121,385347,1070.4083333333333,40,WFOFF,),Waveform end,t_offset,t,0,0,2,
121,385518,1070.8833333333334,39,WFON,(,Waveform onset,p_onset,p,0,0,0,
121,385526,1070.9055555555556,24,PWAVE,p,P-wave peak,p_peak,p,0,0,0,
121,385556,1070.9888888888888,40,WFOFF,),Waveform end,p_offset,p,0,0,0,
121,385582,1071.0611111111111,39,WFON,(,Waveform onset,qrs_onset,qrs,0,0,1,
121,385606,1071.1277777777777,1,NORMAL,N,Normal beat,qrs_peak,qrs,0,0,0,
121,385649,1071.2472222222223,40,WFOFF,),Waveform end,qrs_offset,qrs,0,0,1,
121,385658,1071.2722222222221,39,WFON,(,Waveform onset,t_onset,t,0,0,2,
121,385674,1071.3166666666666,27,TWAVE,t,T-wave peak,t_peak,t,0,0,0,
121,385693,1071.3694444444445,40,WFOFF,),Waveform end,t_offset,t,0,0,2,
121,385911,1071.975,39,WFON,(,Waveform onset,p_onset,p,0,0,0,
121,385918,1071.9944444444445,24,PWAVE,p,P-wave peak,p_peak,p,0,0,0,
121,385936,1072.0444444444445,40,WFOFF,),Waveform end,p_offset,p,0,0,0,
121,385955,1072.0972222222222,39,WFON,(,Waveform onset,qrs_onset,qrs,0,0,1,
121,386003,1072.2305555555556,1,NORMAL,N,Normal beat,qrs_peak,qrs,0,0,0,
121,386044,1072.3444444444444,40,WFOFF,),Waveform end,qrs_offset,qrs,0,0,1,
121,386052,1072.3666666666666,39,WFON,(,Waveform onset,t_onset,t,0,0,2,
121,386126,1072.5722222222223,27,TWAVE,t,T-wave peak,t_peak,t,0,0,5,
121,386240,1072.888888888889,27,TWAVE,t,T-wave peak,t_peak,t,0,0,5,
121,386246,1072.9055555555556,40,WFOFF,),Waveform end,t_offset,t,0,0,2,
121,386266,1072.9611111111112,39,WFON,(,Waveform onset,p_onset,p,0,0,0,
121,386284,1073.0111111111112,24,PWAVE,p,P-wave peak,p_peak,p,0,0,0,
121,386289,1073.025,40,WFOFF,),Waveform end,p_offset,p,0,0,0,
121,386304,1073.0666666666666,39,WFON,(,Waveform onset,qrs_onset,qrs,0,0,1,
121,386365,1073.236111111111,1,NORMAL,N,Normal beat,qrs_peak,qrs,0,0,0,
121,386403,1073.3416666666667,40,WFOFF,),Waveform end,qrs_offset,qrs,0,0,1,
121,386467,1073.5194444444444,39,WFON,(,Waveform onset,t_onset,t,0,0,2,
121,386485,1073.5694444444443,27,TWAVE,t,T-wave peak,t_peak,t,0,0,0,
121,386518,1073.661111111111,40,WFOFF,),Waveform end,t_offset,t,0,0,2,
121,386573,1073.8138888888889,39,WFON,(,Waveform onset,p_onset,p,0,0,0,
121,386578,1073.8277777777778,24,PWAVE,p,P-wave peak,p_peak,p,0,0,0,
121,386596,1073.8777777777777,40,WFOFF,),Waveform end,p_offset,p,0,0,0,
121,386640,1074.0,39,WFON,(,Waveform onset,qrs_onset,qrs,0,0,1,
121,386665,1074.0694444444443,1,NORMAL,N,Normal beat,qrs_peak,qrs,0,0,0,
121,386711,1074.1972222222223,40,WFOFF,),Waveform end,qrs_offset,qrs,0,0,1,
121,386720,1074.2222222222222,39,WFON,(,Waveform onset,t_onset,t,0,0,2,
121,386736,1074.2666666666667,27,TWAVE,t,T-wave peak,t_peak,t,0,0,0,
121,386756,1074.3222222222223,40,WFOFF,),Waveform end,t_offset,t,0,0,2,
121,386969,1074.9138888888888,39,WFON,(,Waveform onset,p_onset,p,0,0,0,
121,386972,1074.9222222222222,24,PWAVE,p,P-wave peak,p_peak,p,0,0,0,
121,386982,1074.95,40,WFOFF,),Waveform end,p_offset,p,0,0,0,
121,387012,1075.0333333333333,39,WFON,(,Waveform onset,qrs_onset,qrs,0,0,1,
121,387073,1075.2027777777778,1,NORMAL,N,Normal beat,qrs_peak,qrs,0,0,0,
121,387125,1075.3472222222222,40,WFOFF,),Waveform end,qrs_offset,qrs,0,0,1,
121,387165,1075.4583333333333,39,WFON,(,Waveform onset,t_onset,t,0,0,2,
121,387197,1075.5472222222222,27,TWAVE,t,T-wave peak,t_peak,t,0,0,5,
121,387286,1075.7944444444445,27,TWAVE,t,T-wave peak,t_peak,t,0,0,5,
121,387306,1075.85,40,WFOFF,),Waveform end,t_offset,t,0,0,2,
121,387336,1075.9333333333334,39,WFON,(,Waveform onset,p_onset,p,0,0,0,
121,387358,1075.9944444444445,24,PWAVE,p,P-wave peak,p_peak,p,0,0,0,
121,387374,1076.0388888888888,40,WFOFF,),Waveform end,p_offset,p,0,0,0,
121,387405,1076.125,39,WFON,(,Waveform onset,qrs_onset,qrs,0,0,1,
121,387445,1076.236111111111,1,NORMAL,N,Normal beat,qrs_peak,qrs,0,0,0,
121,387498,1076.3833333333334,40,WFOFF,),Waveform end,qrs_offset,qrs,0,0,1,
121,387542,1076.5055555555555,39,WFON,(,Waveform onset,t_onset,t,0,0,2,
121,387574,1076.5944444444444,27,TWAVE,t,T-wave peak,t_peak,t,0,0,5,
121,387663,1076.8416666666667,27,TWAVE,t,T-wave peak,t_peak,t,0,0,5,
121,387680,1076.888888888889,40,WFOFF,),Waveform end,t_offset,t,0,0,2,
121,387809,1077.2472222222223,39,WFON,(,Waveform onset,p_onset,p,0,0,0,
121,387821,1077.2805555555556,24,PWAVE,p,P-wave peak,p_peak,p,0,0,0,
121,387846,1077.35,40,WFOFF,),Waveform end,p_offset,p,0,0,0,
121,387852,1077.3666666666666,39,WFON,(,Waveform onset,qrs_onset,qrs,0,0,1,
121,387867,1077.4083333333333,1,NORMAL,N,Normal beat,qrs_peak,qrs,0,0,0,
121,387887,1077.463888888889,40,WFOFF,),Waveform end,qrs_offset,qrs,0,0,1,
121,387909,1077.525,39,WFON,(,Waveform onset,t_onset,t,0,0,2,
121,387943,1077.6194444444445,27,TWAVE,t,T-wave peak,t_peak,t,0,0,0,
121,387980,1077.7222222222222,40,WFOFF,),Waveform end,t_offset,t,0,0,2,
121,388072,1077.9777777777779,39,WFON,(,Waveform onset,p_onset,p,0,0,0,
121,388085,1078.013888888889,24,PWAVE,p,P-wave peak,p_peak,p,0,0,0,
121,388101,1078.0583333333334,40,WFOFF,),Waveform end,p_offset,p,0,0,0,
121,388135,1078.1527777777778,39,WFON,(,Waveform onset,qrs_onset,qrs,0,0,1,
121,388154,1078.2055555555555,1,NORMAL,N,Normal beat,qrs_peak,qrs,0,0,0,
121,388189,1078.3027777777777,40,WFOFF,),Waveform end,qrs_offset,qrs,0,0,1,
121,388206,1078.35,39,WFON,(,Waveform onset,t_onset,t,0,0,2,
121,388222,1078.3944444444444,27,TWAVE,t,T-wave peak,t_peak,t,0,0,0,
121,388240,1078.4444444444443,40,WFOFF,),Waveform end,t_offset,t,0,0,2,
121,388396,1078.8777777777777,39,WFON,(,Waveform onset,p_onset,p,0,0,0,
121,388425,1078.9583333333333,24,PWAVE,p,P-wave peak,p_peak,p,0,0,0,
121,388448,1079.0222222222221,40,WFOFF,),Waveform end,p_offset,p,0,0,0,
121,388455,1079.0416666666667,39,WFON,(,Waveform onset,qrs_onset,qrs,0,0,1,
121,388514,1079.2055555555555,1,NORMAL,N,Normal beat,qrs_peak,qrs,0,0,0,
121,388559,1079.3305555555555,40,WFOFF,),Waveform end,qrs_offset,qrs,0,0,1,
121,388570,1079.361111111111,39,WFON,(,Waveform onset,t_onset,t,0,0,2,
121,388585,1079.4027777777778,27,TWAVE,t,T-wave peak,t_peak,t,0,0,0,
121,388603,1079.4527777777778,40,WFOFF,),Waveform end,t_offset,t,0,0,2,
121,388788,1079.9666666666667,39,WFON,(,Waveform onset,p_onset,p,0,0,0,
121,388794,1079.9833333333333,24,PWAVE,p,P-wave peak,p_peak,p,0,0,0,
121,388806,1080.0166666666667,40,WFOFF,),Waveform end,p_offset,p,0,0,0,
121,388849,1080.1361111111112,39,WFON,(,Waveform onset,qrs_onset,qrs,0,0,1,
121,388885,1080.236111111111,1,NORMAL,N,Normal beat,qrs_peak,qrs,0,0,0,
121,388931,1080.3638888888888,40,WFOFF,),Waveform end,qrs_offset,qrs,0,0,1,
121,388941,1080.3916666666667,39,WFON,(,Waveform onset,t_onset,t,0,0,2,
121,388956,1080.4333333333334,27,TWAVE,t,T-wave peak,t_peak,t,0,0,0,
121,388974,1080.4833333333333,40,WFOFF,),Waveform end,t_offset,t,0,0,2,
121,389191,1081.0861111111112,39,WFON,(,Waveform onset,p_onset,p,0,0,0,
121,389213,1081.1472222222221,24,PWAVE,p,P-wave peak,p_peak,p,0,0,0,
121,389239,1081.2194444444444,40,WFOFF,),Waveform end,p_offset,p,0,0,0,
121,389244,1081.2333333333333,39,WFON,(,Waveform onset,qrs_onset,qrs,0,0,1,
121,389267,1081.2972222222222,1,NORMAL,N,Normal beat,qrs_peak,qrs,0,0,0,
121,389306,1081.4055555555556,40,WFOFF,),Waveform end,qrs_offset,qrs,0,0,1,
121,389318,1081.4388888888889,39,WFON,(,Waveform onset,t_onset,t,0,0,2,
121,389333,1081.4805555555556,27,TWAVE,t,T-wave peak,t_peak,t,0,0,0,
121,389351,1081.5305555555556,40,WFOFF,),Waveform end,t_offset,t,0,0,2,
121,389554,1082.0944444444444,39,WFON,(,Waveform onset,p_onset,p,0,0,0,
121,389564,1082.1222222222223,24,PWAVE,p,P-wave peak,p_peak,p,0,0,0,
121,389568,1082.1333333333334,40,WFOFF,),Waveform end,p_offset,p,0,0,0,
121,389582,1082.1722222222222,39,WFON,(,Waveform onset,qrs_onset,qrs,0,0,1,
121,389629,1082.3027777777777,1,NORMAL,N,Normal beat,qrs_peak,qrs,0,0,0,
121,389671,1082.4194444444445,40,WFOFF,),Waveform end,qrs_offset,qrs,0,0,1,
121,389681,1082.4472222222223,39,WFON,(,Waveform onset,t_onset,t,0,0,2,
121,389695,1082.486111111111,27,TWAVE,t,T-wave peak,t_peak,t,0,0,0,
121,389714,1082.5388888888888,40,WFOFF,),Waveform end,t_offset,t,0,0,2,
121,389850,1082.9166666666667,39,WFON,(,Waveform onset,p_onset,p,0,0,0,
121,389882,1083.0055555555555,24,PWAVE,p,P-wave peak,p_peak,p,0,0,0,
121,389906,1083.0722222222223,40,WFOFF,),Waveform end,p_offset,p,0,0,0,
121,389917,1083.1027777777779,39,WFON,(,Waveform onset,qrs_onset,qrs,0,0,1,
121,389978,1083.2722222222221,1,NORMAL,N,Normal beat,qrs_peak,qrs,0,0,0,
121,390024,1083.4,40,WFOFF,),Waveform end,qrs_offset,qrs,0,0,1,
121,390034,1083.4277777777777,39,WFON,(,Waveform onset,t_onset,t,0,0,2,
121,390049,1083.4694444444444,27,TWAVE,t,T-wave peak,t_peak,t,0,0,0,
121,390067,1083.5194444444444,40,WFOFF,),Waveform end,t_offset,t,0,0,2,
121,390220,1083.9444444444443,39,WFON,(,Waveform onset,p_onset,p,0,0,0,
121,390253,1084.036111111111,24,PWAVE,p,P-wave peak,p_peak,p,0,0,0,
121,390268,1084.0777777777778,40,WFOFF,),Waveform end,p_offset,p,0,0,0,
121,390289,1084.1361111111112,39,WFON,(,Waveform onset,qrs_onset,qrs,0,0,1,
121,390350,1084.3055555555557,1,NORMAL,N,Normal beat,qrs_peak,qrs,0,0,0,
121,390391,1084.4194444444445,40,WFOFF,),Waveform end,qrs_offset,qrs,0,0,1,
121,390403,1084.4527777777778,39,WFON,(,Waveform onset,t_onset,t,0,0,2,
121,390418,1084.4944444444445,27,TWAVE,t,T-wave peak,t_peak,t,0,0,0,
121,390436,1084.5444444444445,40,WFOFF,),Waveform end,t_offset,t,0,0,2,
121,390708,1085.3,39,WFON,(,Waveform onset,p_onset,p,0,0,0,
121,390720,1085.3333333333333,24,PWAVE,p,P-wave peak,p_peak,p,0,0,0,
121,390745,1085.4027777777778,40,WFOFF,),Waveform end,p_offset,p,0,0,0,
121,390758,1085.4388888888889,39,WFON,(,Waveform onset,qrs_onset,qrs,0,0,1,
121,390793,1085.536111111111,1,NORMAL,N,Normal beat,qrs_peak,qrs,0,0,0,
121,390799,1085.5527777777777,40,WFOFF,),Waveform end,qrs_offset,qrs,0,0,1,
121,390846,1085.6833333333334,39,WFON,(,Waveform onset,t_onset,t,0,0,2,
121,390871,1085.7527777777777,27,TWAVE,t,T-wave peak,t_peak,t,0,0,0,
121,390903,1085.8416666666667,40,WFOFF,),Waveform end,t_offset,t,0,0,2,
121,390983,1086.0638888888889,39,WFON,(,Waveform onset,p_onset,p,0,0,0,
121,391001,1086.1138888888888,24,PWAVE,p,P-wave peak,p_peak,p,0,0,0,
121,391007,1086.1305555555555,40,WFOFF,),Waveform end,p_offset,p,0,0,0,
121,391046,1086.2388888888888,39,WFON,(,Waveform onset,qrs_onset,qrs,0,0,1,
121,391106,1086.4055555555556,1,NORMAL,N,Normal beat,qrs_peak,qrs,0,0,0,
121,391145,1086.513888888889,40,WFOFF,),Waveform end,qrs_offset,qrs,0,0,1,
121,391153,1086.536111111111,39,WFON,(,Waveform onset,t_onset,t,0,0,2,
121,391228,1086.7444444444445,27,TWAVE,t,T-wave peak,t_peak,t,0,0,5,
121,391334,1087.0388888888888,27,TWAVE,t,T-wave peak,t_peak,t,0,0,5,
121,391351,1087.0861111111112,40,WFOFF,),Waveform end,t_offset,t,0,0,2,
121,391364,1087.1222222222223,39,WFON,(,Waveform onset,p_onset,p,0,0,0,
121,391371,1087.1416666666667,24,PWAVE,p,P-wave peak,p_peak,p,0,0,0,
121,391386,1087.1833333333334,40,WFOFF,),Waveform end,p_offset,p,0,0,0,
121,391407,1087.2416666666666,39,WFON,(,Waveform onset,qrs_onset,qrs,0,0,1,
121,391456,1087.3777777777777,1,NORMAL,N,Normal beat,qrs_peak,qrs,0,0,0,
121,391508,1087.5222222222221,40,WFOFF,),Waveform end,qrs_offset,qrs,0,0,1,
121,391552,1087.6444444444444,39,WFON,(,Waveform onset,t_onset,t,0,0,2,
121,391582,1087.7277777777779,27,TWAVE,t,T-wave peak,t_peak,t,0,0,5,
121,391682,1088.0055555555555,27,TWAVE,t,T-wave peak,t_peak,t,0,0,5,
121,391700,1088.0555555555557,40,WFOFF,),Waveform end,t_offset,t,0,0,2,
121,391724,1088.1222222222223,39,WFON,(,Waveform onset,p_onset,p,0,0,0,
121,391733,1088.1472222222221,24,PWAVE,p,P-wave peak,p_peak,p,0,0,0,
121,391745,1088.1805555555557,40,WFOFF,),Waveform end,p_offset,p,0,0,0,
121,391775,1088.263888888889,39,WFON,(,Waveform onset,qrs_onset,qrs,0,0,1,
121,391826,1088.4055555555556,1,NORMAL,N,Normal beat,qrs_peak,qrs,0,0,0,
121,391867,1088.5194444444444,40,WFOFF,),Waveform end,qrs_offset,qrs,0,0,1,
121,391909,1088.6361111111112,39,WFON,(,Waveform onset,t_onset,t,0,0,2,
121,391942,1088.7277777777779,27,TWAVE,t,T-wave peak,t_peak,t,0,0,5,
121,392041,1089.0027777777777,27,TWAVE,t,T-wave peak,t_peak,t,0,0,5,
121,392052,1089.0333333333333,40,WFOFF,),Waveform end,t_offset,t,0,0,2,
121,392162,1089.338888888889,39,WFON,(,Waveform onset,p_onset,p,0,0,0,
121,392174,1089.3722222222223,24,PWAVE,p,P-wave peak,p_peak,p,0,0,0,
121,392197,1089.4361111111111,40,WFOFF,),Waveform end,p_offset,p,0,0,0,
121,392204,1089.4555555555555,39,WFON,(,Waveform onset,qrs_onset,qrs,0,0,1,
121,392221,1089.5027777777777,1,NORMAL,N,Normal beat,qrs_peak,qrs,0,0,0,
121,392268,1089.6333333333334,40,WFOFF,),Waveform end,qrs_offset,qrs,0,0,1,
121,392277,1089.6583333333333,39,WFON,(,Waveform onset,t_onset,t,0,0,2,
121,392299,1089.7194444444444,27,TWAVE,t,T-wave peak,t_peak,t,0,0,5,
121,392423,1090.0638888888889,27,TWAVE,t,T-wave peak,t_peak,t,0,0,5,
121,392433,1090.0916666666667,40,WFOFF,),Waveform end,t_offset,t,0,0,2,
121,392486,1090.2388888888888,39,WFON,(,Waveform onset,qrs_onset,qrs,0,0,1,
121,392536,1090.3777777777777,1,NORMAL,N,Normal beat,qrs_peak,qrs,0,0,0,
121,392574,1090.4833333333333,40,WFOFF,),Waveform end,qrs_offset,qrs,0,0,1,
121,392583,1090.5083333333334,39,WFON,(,Waveform onset,t_onset,t,0,0,2,
121,392653,1090.7027777777778,27,TWAVE,t,T-wave peak,t_peak,t,0,0,5,
121,392763,1091.0083333333334,27,TWAVE,t,T-wave peak,t_peak,t,0,0,5,
121,392791,1091.0861111111112,40,WFOFF,),Waveform end,t_offset,t,0,0,2,
121,392811,1091.1416666666667,39,WFON,(,Waveform onset,p_onset,p,0,0,0,
121,392825,1091.1805555555557,24,PWAVE,p,P-wave peak,p_peak,p,0,0,0,
121,392835,1091.2083333333333,40,WFOFF,),Waveform end,p_offset,p,0,0,0,
121,392845,1091.236111111111,39,WFON,(,Waveform onset,qrs_onset,qrs,0,0,1,
121,392895,1091.375,1,NORMAL,N,Normal beat,qrs_peak,qrs,0,0,0,
121,392936,1091.4888888888888,40,WFOFF,),Waveform end,qrs_offset,qrs,0,0,1,
121,392976,1091.6,39,WFON,(,Waveform onset,t_onset,t,0,0,2,
121,393009,1091.6916666666666,27,TWAVE,t,T-wave peak,t_peak,t,0,0,5,
121,393133,1092.036111111111,27,TWAVE,t,T-wave peak,t_peak,t,0,0,5,
121,393151,1092.0861111111112,40,WFOFF,),Waveform end,t_offset,t,0,0,2,
121,393201,1092.225,39,WFON,(,Waveform onset,p_onset,p,0,0,0,
121,393220,1092.2777777777778,24,PWAVE,p,P-wave peak,p_peak,p,0,0,0,
121,393242,1092.338888888889,40,WFOFF,),Waveform end,p_offset,p,0,0,0,
121,393257,1092.3805555555555,39,WFON,(,Waveform onset,qrs_onset,qrs,0,0,1,
121,393291,1092.475,1,NORMAL,N,Normal beat,qrs_peak,qrs,0,0,0,
121,393297,1092.4916666666666,40,WFOFF,),Waveform end,qrs_offset,qrs,0,0,1,
121,393337,1092.6027777777779,39,WFON,(,Waveform onset,t_onset,t,0,0,2,
121,393369,1092.6916666666666,27,TWAVE,t,T-wave peak,t_peak,t,0,0,5,
121,393469,1092.9694444444444,27,TWAVE,t,T-wave peak,t_peak,t,0,0,5,
121,393495,1093.0416666666667,40,WFOFF,),Waveform end,t_offset,t,0,0,2,
121,393564,1093.2333333333333,39,WFON,(,Waveform onset,p_onset,p,0,0,0,
121,393579,1093.275,24,PWAVE,p,P-wave peak,p_peak,p,0,0,0,
121,393602,1093.338888888889,40,WFOFF,),Waveform end,p_offset,p,0,0,0,
121,393610,1093.361111111111,39,WFON,(,Waveform onset,qrs_onset,qrs,0,0,1,
121,393653,1093.4805555555556,1,NORMAL,N,Normal beat,qrs_peak,qrs,0,0,0,
121,393657,1093.4916666666666,40,WFOFF,),Waveform end,qrs_offset,qrs,0,0,1,
121,393703,1093.6194444444445,39,WFON,(,Waveform onset,t_onset,t,0,0,2,
121,393731,1093.6972222222223,27,TWAVE,t,T-wave peak,t_peak,t,0,0,0,
121,393770,1093.8055555555557,40,WFOFF,),Waveform end,t_offset,t,0,0,2,
121,393871,1094.0861111111112,39,WFON,(,Waveform onset,p_onset,p,0,0,0,
121,393883,1094.1194444444445,24,PWAVE,p,P-wave peak,p_peak,p,0,0,0,
121,393890,1094.138888888889,40,WFOFF,),Waveform end,p_offset,p,0,0,0,
121,393926,1094.2388888888888,39,WFON,(,Waveform onset,qrs_onset,qrs,0,0,1,
121,393966,1094.35,1,NORMAL,N,Normal beat,qrs_peak,qrs,0,0,0,
121,394017,1094.4916666666666,40,WFOFF,),Waveform end,qrs_offset,qrs,0,0,1,
121,394057,1094.6027777777779,39,WFON,(,Waveform onset,t_onset,t,0,0,2,
121,394084,1094.6777777777777,27,TWAVE,t,T-wave peak,t_peak,t,0,0,0,
121,394120,1094.7777777777778,40,WFOFF,),Waveform end,t_offset,t,0,0,2,
121,394246,1095.1277777777777,39,WFON,(,Waveform onset,p_onset,p,0,0,0,
121,394252,1095.1444444444444,24,PWAVE,p,P-wave peak,p_peak,p,0,0,0,
121,394294,1095.2611111111112,40,WFOFF,),Waveform end,p_offset,p,0,0,0,
121,394305,1095.2916666666667,39,WFON,(,Waveform onset,qrs_onset,qrs,0,0,1,
121,394325,1095.3472222222222,1,NORMAL,N,Normal beat,qrs_peak,qrs,0,0,0,
121,394370,1095.4722222222222,40,WFOFF,),Waveform end,qrs_offset,qrs,0,0,1,
121,394416,1095.6,39,WFON,(,Waveform onset,t_onset,t,0,0,2,
121,394448,1095.6888888888889,27,TWAVE,t,T-wave peak,t_peak,t,0,0,5,
121,394548,1095.9666666666667,27,TWAVE,t,T-wave peak,t_peak,t,0,0,5,
121,394556,1095.9888888888888,40,WFOFF,),Waveform end,t_offset,t,0,0,2,
121,394598,1096.1055555555556,39,WFON,(,Waveform onset,p_onset,p,0,0,0,
121,394615,1096.1527777777778,24,PWAVE,p,P-wave peak,p_peak,p,0,0,0,
121,394622,1096.1722222222222,40,WFOFF,),Waveform end,p_offset,p,0,0,0,
121,394641,1096.225,39,WFON,(,Waveform onset,qrs_onset,qrs,0,0,1,
121,394697,1096.3805555555555,1,NORMAL,N,Normal beat,qrs_peak,qrs,0,0,0,
121,394739,1096.4972222222223,40,WFOFF,),Waveform end,qrs_offset,qrs,0,0,1,
121,394779,1096.6083333333333,39,WFON,(,Waveform onset,t_onset,t,0,0,2,
121,394810,1096.6944444444443,27,TWAVE,t,T-wave peak,t_peak,t,0,0,0,
121,394848,1096.8,40,WFOFF,),Waveform end,t_offset,t,0,0,2,
121,394955,1097.0972222222222,39,WFON,(,Waveform onset,p_onset,p,0,0,0,
121,394966,1097.1277777777777,24,PWAVE,p,P-wave peak,p_peak,p,0,0,0,
121,394972,1097.1444444444444,40,WFOFF,),Waveform end,p_offset,p,0,0,0,
121,394996,1097.2111111111112,39,WFON,(,Waveform onset,qrs_onset,qrs,0,0,1,
121,395056,1097.3777777777777,1,NORMAL,N,Normal beat,qrs_peak,qrs,0,0,0,
121,395098,1097.4944444444445,40,WFOFF,),Waveform end,qrs_offset,qrs,0,0,1,
121,395157,1097.6583333333333,39,WFON,(,Waveform onset,t_onset,t,0,0,2,
121,395181,1097.725,27,TWAVE,t,T-wave peak,t_peak,t,0,0,5,
121,395264,1097.9555555555555,27,TWAVE,t,T-wave peak,t_peak,t,0,0,5,
121,395326,1098.1277777777777,40,WFOFF,),Waveform end,t_offset,t,0,0,2,
121,395330,1098.138888888889,39,WFON,(,Waveform onset,p_onset,p,0,0,0,
121,395341,1098.1694444444445,24,PWAVE,p,P-wave peak,p_peak,p,0,0,0,
121,395360,1098.2222222222222,40,WFOFF,),Waveform end,p_offset,p,0,0,0,
121,395368,1098.2444444444445,39,WFON,(,Waveform onset,qrs_onset,qrs,0,0,1,
121,395430,1098.4166666666667,1,NORMAL,N,Normal beat,qrs_peak,qrs,0,0,0,
121,395468,1098.5222222222221,40,WFOFF,),Waveform end,qrs_offset,qrs,0,0,1,
121,395513,1098.6472222222221,39,WFON,(,Waveform onset,t_onset,t,0,0,2,
121,395547,1098.7416666666666,27,TWAVE,t,T-wave peak,t_peak,t,0,0,0,
121,395583,1098.8416666666667,40,WFOFF,),Waveform end,t_offset,t,0,0,2,
121,395680,1099.111111111111,39,WFON,(,Waveform onset,p_onset,p,0,0,0,
121,395695,1099.1527777777778,24,PWAVE,p,P-wave peak,p_peak,p,0,0,0,
121,395702,1099.1722222222222,40,WFOFF,),Waveform end,p_offset,p,0,0,0,
121,395728,1099.2444444444445,39,WFON,(,Waveform onset,qrs_onset,qrs,0,0,1,
121,395752,1099.3111111111111,1,NORMAL,N,Normal beat,qrs_peak,qrs,0,0,0,
121,395793,1099.425,40,WFOFF,),Waveform end,qrs_offset,qrs,0,0,1,
121,395799,1099.4416666666666,39,WFON,(,Waveform onset,t_onset,t,0,0,2,
121,395816,1099.4888888888888,27,TWAVE,t,T-wave peak,t_peak,t,0,0,0,
121,395834,1099.5388888888888,40,WFOFF,),Waveform end,t_offset,t,0,0,2,
121,396039,1100.1083333333333,39,WFON,(,Waveform onset,p_onset,p,0,0,0,
121,396067,1100.1861111111111,24,PWAVE,p,P-wave peak,p_peak,p,0,0,0,
121,396073,1100.2027777777778,40,WFOFF,),Waveform end,p_offset,p,0,0,0,
121,396103,1100.286111111111,39,WFON,(,Waveform onset,qrs_onset,qrs,0,0,1,
121,396157,1100.4361111111111,1,NORMAL,N,Normal beat,qrs_peak,qrs,0,0,0,
121,396202,1100.5611111111111,40,WFOFF,),Waveform end,qrs_offset,qrs,0,0,1,
121,396253,1100.7027777777778,39,WFON,(,Waveform onset,t_onset,t,0,0,2,
121,396289,1100.8027777777777,27,TWAVE,t,T-wave peak,t_peak,t,0,0,0,
121,396326,1100.9055555555556,40,WFOFF,),Waveform end,t_offset,t,0,0,2,
121,396429,1101.1916666666666,39,WFON,(,Waveform onset,p_onset,p,0,0,0,
121,396434,1101.2055555555555,24,PWAVE,p,P-wave peak,p_peak,p,0,0,0,
121,396444,1101.2333333333333,40,WFOFF,),Waveform end,p_offset,p,0,0,0,
121,396473,1101.3138888888889,39,WFON,(,Waveform onset,qrs_onset,qrs,0,0,1,
121,396531,1101.475,1,NORMAL,N,Normal beat,qrs_peak,qrs,0,0,0,
121,396575,1101.5972222222222,40,WFOFF,),Waveform end,qrs_offset,qrs,0,0,1,
121,396627,1101.7416666666666,39,WFON,(,Waveform onset,t_onset,t,0,0,2,
121,396654,1101.8166666666666,27,TWAVE,t,T-wave peak,t_peak,t,0,0,0,
121,396688,1101.911111111111,40,WFOFF,),Waveform end,t_offset,t,0,0,2,
121,396773,1102.1472222222221,39,WFON,(,Waveform onset,p_onset,p,0,0,0,
121,396790,1102.1944444444443,24,PWAVE,p,P-wave peak,p_peak,p,0,0,0,
121,396794,1102.2055555555555,40,WFOFF,),Waveform end,p_offset,p,0,0,0,
121,396857,1102.3805555555555,39,WFON,(,Waveform onset,qrs_onset,qrs,0,0,1,
121,396906,1102.5166666666667,1,NORMAL,N,Normal beat,qrs_peak,qrs,0,0,0,
121,396945,1102.625,40,WFOFF,),Waveform end,qrs_offset,qrs,0,0,1,
121,396996,1102.7666666666667,39,WFON,(,Waveform onset,t_onset,t,0,0,2,
121,397023,1102.8416666666667,27,TWAVE,t,T-wave peak,t_peak,t,0,0,5,
121,397120,1103.111111111111,27,TWAVE,t,T-wave peak,t_peak,t,0,0,5,
121,397139,1103.1638888888888,40,WFOFF,),Waveform end,t_offset,t,0,0,2,
121,397278,1103.55,39,WFON,(,Waveform onset,qrs_onset,qrs,0,0,1,
121,397298,1103.6055555555556,1,NORMAL,N,Normal beat,qrs_peak,qrs,0,0,0,
121,397320,1103.6666666666667,40,WFOFF,),Waveform end,qrs_offset,qrs,0,0,1,
121,397360,1103.7777777777778,39,WFON,(,Waveform onset,t_onset,t,0,0,2,
121,397399,1103.8861111111112,27,TWAVE,t,T-wave peak,t_peak,t,0,0,5,
121,397511,1104.1972222222223,27,TWAVE,t,T-wave peak,t_peak,t,0,0,5,
121,397518,1104.2166666666667,40,WFOFF,),Waveform end,t_offset,t,0,0,2,
121,397637,1104.5472222222222,39,WFON,(,Waveform onset,qrs_onset,qrs,0,0,1,
121,397658,1104.6055555555556,1,NORMAL,N,Normal beat,qrs_peak,qrs,0,0,0,
121,397680,1104.6666666666667,40,WFOFF,),Waveform end,qrs_offset,qrs,0,0,1,
121,397719,1104.775,39,WFON,(,Waveform onset,t_onset,t,0,0,2,
121,397752,1104.8666666666666,27,TWAVE,t,T-wave peak,t_peak,t,0,0,0,
121,397786,1104.9611111111112,40,WFOFF,),Waveform end,t_offset,t,0,0,2,
121,398005,1105.5694444444443,39,WFON,(,Waveform onset,qrs_onset,qrs,0,0,1,
121,398025,1105.625,1,NORMAL,N,Normal beat,qrs_peak,qrs,0,0,0,
121,398038,1105.661111111111,40,WFOFF,),Waveform end,qrs_offset,qrs,0,0,1,
121,398085,1105.7916666666667,39,WFON,(,Waveform onset,t_onset,t,0,0,2,
121,398116,1105.8777777777777,27,TWAVE,t,T-wave peak,t_peak,t,0,0,0,
121,398154,1105.9833333333333,40,WFOFF,),Waveform end,t_offset,t,0,0,2,
121,398370,1106.5833333333333,39,WFON,(,Waveform onset,qrs_onset,qrs,0,0,1,
121,398392,1106.6444444444444,1,NORMAL,N,Normal beat,qrs_peak,qrs,0,0,0,
121,398405,1106.6805555555557,40,WFOFF,),Waveform end,qrs_offset,qrs,0,0,1,
121,398460,1106.8333333333333,39,WFON,(,Waveform onset,t_onset,t,0,0,2,
121,398490,1106.9166666666667,27,TWAVE,t,T-wave peak,t_peak,t,0,0,5,
121,398586,1107.1833333333334,27,TWAVE,t,T-wave peak,t_peak,t,0,0,5,
121,398614,1107.2611111111112,40,WFOFF,),Waveform end,t_offset,t,0,0,2,
121,398727,1107.575,39,WFON,(,Waveform onset,qrs_onset,qrs,0,0,1,
121,398745,1107.625,1,NORMAL,N,Normal beat,qrs_peak,qrs,0,0,0,
121,398761,1107.6694444444445,40,WFOFF,),Waveform end,qrs_offset,qrs,0,0,1,
121,398813,1107.8138888888889,39,WFON,(,Waveform onset,t_onset,t,0,0,2,
121,398839,1107.8861111111112,27,TWAVE,t,T-wave peak,t_peak,t,0,0,5,
121,398934,1108.15,27,TWAVE,t,T-wave peak,t_peak,t,0,0,5,
121,398978,1108.2722222222221,40,WFOFF,),Waveform end,t_offset,t,0,0,2,
121,399089,1108.5805555555555,39,WFON,(,Waveform onset,qrs_onset,qrs,0,0,1,
121,399105,1108.625,1,NORMAL,N,Normal beat,qrs_peak,qrs,0,0,0,
121,399119,1108.6638888888888,40,WFOFF,),Waveform end,qrs_offset,qrs,0,0,1,
121,399177,1108.825,39,WFON,(,Waveform onset,t_onset,t,0,0,2,
121,399201,1108.8916666666667,27,TWAVE,t,T-wave peak,t_peak,t,0,0,0,
121,399233,1108.9805555555556,40,WFOFF,),Waveform end,t_offset,t,0,0,2,
121,399451,1109.5861111111112,39,WFON,(,Waveform onset,qrs_onset,qrs,0,0,1,
121,399478,1109.661111111111,1,NORMAL,N,Normal beat,qrs_peak,qrs,0,0,0,
121,399506,1109.7388888888888,40,WFOFF,),Waveform end,qrs_offset,qrs,0,0,1,
121,399540,1109.8333333333333,39,WFON,(,Waveform onset,t_onset,t,0,0,2,
121,399574,1109.9277777777777,27,TWAVE,t,T-wave peak,t_peak,t,0,0,5,
121,399671,1110.1972222222223,27,TWAVE,t,T-wave peak,t_peak,t,0,0,5,
121,399690,1110.25,40,WFOFF,),Waveform end,t_offset,t,0,0,2,
121,399820,1110.611111111111,39,WFON,(,Waveform onset,qrs_onset,qrs,0,0,1,
121,399841,1110.6694444444445,1,NORMAL,N,Normal beat,qrs_peak,qrs,0,0,0,
121,399864,1110.7333333333333,40,WFOFF,),Waveform end,qrs_offset,qrs,0,0,1,
121,399907,1110.8527777777779,39,WFON,(,Waveform onset,t_onset,t,0,0,2,
121,399931,1110.9194444444445,27,TWAVE,t,T-wave peak,t_peak,t,0,0,5,
121,400061,1111.2805555555556,27,TWAVE,t,T-wave peak,t_peak,t,0,0,5,
121,400091,1111.3638888888888,40,WFOFF,),Waveform end,t_offset,t,0,0,2,
121,400183,1111.6194444444445,39,WFON,(,Waveform onset,qrs_onset,qrs,0,0,1,
121,400202,1111.6722222222222,1,NORMAL,N,Normal beat,qrs_peak,qrs,0,0,0,
121,400225,1111.736111111111,40,WFOFF,),Waveform end,qrs_offset,qrs,0,0,1,
121,400276,1111.8777777777777,39,WFON,(,Waveform onset,t_onset,t,0,0,2,
121,400299,1111.9416666666666,27,TWAVE,t,T-wave peak,t_peak,t,0,0,5,
121,400405,1112.236111111111,27,TWAVE,t,T-wave peak,t_peak,t,0,0,5,
121,400415,1112.263888888889,40,WFOFF,),Waveform end,t_offset,t,0,0,2,
121,400554,1112.65,39,WFON,(,Waveform onset,qrs_onset,qrs,0,0,1,
121,400574,1112.7055555555555,1,NORMAL,N,Normal beat,qrs_peak,qrs,0,0,0,
121,400596,1112.7666666666667,40,WFOFF,),Waveform end,qrs_offset,qrs,0,0,1,
121,400642,1112.8944444444444,39,WFON,(,Waveform onset,t_onset,t,0,0,2,
121,400666,1112.9611111111112,27,TWAVE,t,T-wave peak,t_peak,t,0,0,5,
121,400772,1113.2555555555555,27,TWAVE,t,T-wave peak,t_peak,t,0,0,5,
121,400812,1113.3666666666666,40,WFOFF,),Waveform end,t_offset,t,0,0,2,
121,400913,1113.6472222222221,39,WFON,(,Waveform onset,qrs_onset,qrs,0,0,1,
121,400939,1113.7194444444444,1,NORMAL,N,Normal beat,qrs_peak,qrs,0,0,0,
121,400963,1113.786111111111,40,WFOFF,),Waveform end,qrs_offset,qrs,0,0,1,
121,401008,1113.911111111111,39,WFON,(,Waveform onset,t_onset,t,0,0,2,
121,401033,1113.9805555555556,27,TWAVE,t,T-wave peak,t_peak,t,0,0,5,
121,401140,1114.2777777777778,27,TWAVE,t,T-wave peak,t_peak,t,0,0,5,
121,401158,1114.3277777777778,40,WFOFF,),Waveform end,t_offset,t,0,0,2,
121,401287,1114.6861111111111,39,WFON,(,Waveform onset,qrs_onset,qrs,0,0,1,
121,401303,1114.7305555555556,1,NORMAL,N,Normal beat,qrs_peak,qrs,0,0,0,
121,401328,1114.8,40,WFOFF,),Waveform end,qrs_offset,qrs,0,0,1,
121,401370,1114.9166666666667,39,WFON,(,Waveform onset,t_onset,t,0,0,2,
121,401401,1115.0027777777777,27,TWAVE,t,T-wave peak,t_peak,t,0,0,5,
121,401533,1115.3694444444445,27,TWAVE,t,T-wave peak,t_peak,t,0,0,5,
121,401543,1115.3972222222221,40,WFOFF,),Waveform end,t_offset,t,0,0,2,
121,401636,1115.6555555555556,39,WFON,(,Waveform onset,qrs_onset,qrs,0,0,1,
121,401664,1115.7333333333333,1,NORMAL,N,Normal beat,qrs_peak,qrs,0,0,0,
121,401690,1115.8055555555557,40,WFOFF,),Waveform end,qrs_offset,qrs,0,0,1,
121,401729,1115.9138888888888,39,WFON,(,Waveform onset,t_onset,t,0,0,2,
121,401758,1115.9944444444445,27,TWAVE,t,T-wave peak,t_peak,t,0,0,5,
121,401850,1116.25,27,TWAVE,t,T-wave peak,t_peak,t,0,0,5,
121,401870,1116.3055555555557,40,WFOFF,),Waveform end,t_offset,t,0,0,2,
121,402006,1116.6833333333334,39,WFON,(,Waveform onset,qrs_onset,qrs,0,0,1,
121,402026,1116.7388888888888,1,NORMAL,N,Normal beat,qrs_peak,qrs,0,0,0,
121,402048,1116.8,40,WFOFF,),Waveform end,qrs_offset,qrs,0,0,1,
121,402087,1116.9083333333333,39,WFON,(,Waveform onset,t_onset,t,0,0,2,
121,402118,1116.9944444444445,27,TWAVE,t,T-wave peak,t_peak,t,0,0,5,
121,402222,1117.2833333333333,27,TWAVE,t,T-wave peak,t_peak,t,0,0,5,
121,402245,1117.3472222222222,40,WFOFF,),Waveform end,t_offset,t,0,0,2,
121,402380,1117.7222222222222,39,WFON,(,Waveform onset,qrs_onset,qrs,0,0,1,
121,402397,1117.7694444444444,1,NORMAL,N,Normal beat,qrs_peak,qrs,0,0,0,
121,402421,1117.8361111111112,40,WFOFF,),Waveform end,qrs_offset,qrs,0,0,1,
121,402472,1117.9777777777779,39,WFON,(,Waveform onset,t_onset,t,0,0,2,
121,402488,1118.0222222222221,27,TWAVE,t,T-wave peak,t_peak,t,0,0,5,
121,402617,1118.3805555555555,27,TWAVE,t,T-wave peak,t_peak,t,0,0,5,
121,402635,1118.4305555555557,40,WFOFF,),Waveform end,t_offset,t,0,0,2,
121,402748,1118.7444444444445,39,WFON,(,Waveform onset,qrs_onset,qrs,0,0,1,
121,402767,1118.7972222222222,1,NORMAL,N,Normal beat,qrs_peak,qrs,0,0,0,
121,402794,1118.8722222222223,40,WFOFF,),Waveform end,qrs_offset,qrs,0,0,1,
121,402835,1118.986111111111,39,WFON,(,Waveform onset,t_onset,t,0,0,2,
121,402863,1119.0638888888889,27,TWAVE,t,T-wave peak,t_peak,t,0,0,5,
121,402980,1119.388888888889,27,TWAVE,t,T-wave peak,t_peak,t,0,0,5,
121,402985,1119.4027777777778,40,WFOFF,),Waveform end,t_offset,t,0,0,2,
121,403108,1119.7444444444445,39,WFON,(,Waveform onset,qrs_onset,qrs,0,0,1,
121,403126,1119.7944444444445,1,NORMAL,N,Normal beat,qrs_peak,qrs,0,0,0,
121,403140,1119.8333333333333,40,WFOFF,),Waveform end,qrs_offset,qrs,0,0,1,
121,403192,1119.9777777777779,39,WFON,(,Waveform onset,t_onset,t,0,0,2,
121,403219,1120.0527777777777,27,TWAVE,t,T-wave peak,t_peak,t,0,0,5,
121,403299,1120.275,27,TWAVE,t,T-wave peak,t_peak,t,0,0,5,
121,403309,1120.3027777777777,40,WFOFF,),Waveform end,t_offset,t,0,0,2,
121,403462,1120.7277777777779,39,WFON,(,Waveform onset,qrs_onset,qrs,0,0,1,
121,403481,1120.7805555555556,1,NORMAL,N,Normal beat,qrs_peak,qrs,0,0,0,
121,403497,1120.825,40,WFOFF,),Waveform end,qrs_offset,qrs,0,0,1,
121,403545,1120.9583333333333,39,WFON,(,Waveform onset,t_onset,t,0,0,2,
121,403575,1121.0416666666667,27,TWAVE,t,T-wave peak,t_peak,t,0,0,5,
121,403665,1121.2916666666667,27,TWAVE,t,T-wave peak,t_peak,t,0,0,5,
121,403706,1121.4055555555556,40,WFOFF,),Waveform end,t_offset,t,0,0,2,
121,403819,1121.7194444444444,39,WFON,(,Waveform onset,qrs_onset,qrs,0,0,1,
121,403837,1121.7694444444444,1,NORMAL,N,Normal beat,qrs_peak,qrs,0,0,0,
121,403853,1121.8138888888889,40,WFOFF,),Waveform end,qrs_offset,qrs,0,0,1,
121,403892,1121.9222222222222,39,WFON,(,Waveform onset,t_onset,t,0,0,2,
121,403929,1122.025,27,TWAVE,t,T-wave peak,t_peak,t,0,0,0,
121,403966,1122.1277777777777,40,WFOFF,),Waveform end,t_offset,t,0,0,2,
121,404181,1122.725,39,WFON,(,Waveform onset,qrs_onset,qrs,0,0,1,
121,404198,1122.7722222222221,1,NORMAL,N,Normal beat,qrs_peak,qrs,0,0,0,
121,404224,1122.8444444444444,40,WFOFF,),Waveform end,qrs_offset,qrs,0,0,1,
121,404231,1122.8638888888888,39,WFON,(,Waveform onset,t_onset,t,0,0,2,
121,404294,1123.0388888888888,27,TWAVE,t,T-wave peak,t_peak,t,0,0,0,
121,404335,1123.1527777777778,40,WFOFF,),Waveform end,t_offset,t,0,0,2,
121,404548,1123.7444444444445,39,WFON,(,Waveform onset,qrs_onset,qrs,0,0,1,
121,404567,1123.7972222222222,1,NORMAL,N,Normal beat,qrs_peak,qrs,0,0,0,
121,404581,1123.8361111111112,40,WFOFF,),Waveform end,qrs_offset,qrs,0,0,1,
121,404637,1123.9916666666666,39,WFON,(,Waveform onset,t_onset,t,0,0,2,
121,404659,1124.0527777777777,27,TWAVE,t,T-wave peak,t_peak,t,0,0,5,
121,404768,1124.3555555555556,27,TWAVE,t,T-wave peak,t_peak,t,0,0,5,
121,404790,1124.4166666666667,40,WFOFF,),Waveform end,t_offset,t,0,0,2,
121,404914,1124.7611111111112,39,WFON,(,Waveform onset,qrs_onset,qrs,0,0,1,
121,404933,1124.8138888888889,1,NORMAL,N,Normal beat,qrs_peak,qrs,0,0,0,
121,404948,1124.8555555555556,40,WFOFF,),Waveform end,qrs_offset,qrs,0,0,1,
121,404998,1124.9944444444445,39,WFON,(,Waveform onset,t_onset,t,0,0,2,
121,405025,1125.0694444444443,27,TWAVE,t,T-wave peak,t_peak,t,0,0,5,
121,405109,1125.3027777777777,27,TWAVE,t,T-wave peak,t_peak,t,0,0,5,
121,405121,1125.3361111111112,40,WFOFF,),Waveform end,t_offset,t,0,0,2,
121,405282,1125.7833333333333,39,WFON,(,Waveform onset,qrs_onset,qrs,0,0,1,
121,405300,1125.8333333333333,1,NORMAL,N,Normal beat,qrs_peak,qrs,0,0,0,
121,405316,1125.8777777777777,40,WFOFF,),Waveform end,qrs_offset,qrs,0,0,1,
121,405367,1126.0194444444444,39,WFON,(,Waveform onset,t_onset,t,0,0,2,
121,405396,1126.1,27,TWAVE,t,T-wave peak,t_peak,t,0,0,5,
121,405489,1126.3583333333333,27,TWAVE,t,T-wave peak,t_peak,t,0,0,5,
121,405542,1126.5055555555555,40,WFOFF,),Waveform end,t_offset,t,0,0,2,
121,405647,1126.7972222222222,39,WFON,(,Waveform onset,qrs_onset,qrs,0,0,1,
121,405671,1126.8638888888888,1,NORMAL,N,Normal beat,qrs_peak,qrs,0,0,0,
121,405684,1126.9,40,WFOFF,),Waveform end,qrs_offset,qrs,0,0,1,
121,405732,1127.0333333333333,39,WFON,(,Waveform onset,t_onset,t,0,0,2,
121,405761,1127.1138888888888,27,TWAVE,t,T-wave peak,t_peak,t,0,0,5,
121,405872,1127.4222222222222,27,TWAVE,t,T-wave peak,t_peak,t,0,0,5,
121,405888,1127.4666666666667,40,WFOFF,),Waveform end,t_offset,t,0,0,2,
121,406019,1127.8305555555555,39,WFON,(,Waveform onset,qrs_onset,qrs,0,0,1,
121,406038,1127.8833333333334,1,NORMAL,N,Normal beat,qrs_peak,qrs,0,0,0,
121,406060,1127.9444444444443,40,WFOFF,),Waveform end,qrs_offset,qrs,0,0,1,
121,406100,1128.0555555555557,39,WFON,(,Waveform onset,t_onset,t,0,0,2,
121,406131,1128.1416666666667,27,TWAVE,t,T-wave peak,t_peak,t,0,0,5,
121,406245,1128.4583333333333,27,TWAVE,t,T-wave peak,t_peak,t,0,0,5,
121,406262,1128.5055555555555,40,WFOFF,),Waveform end,t_offset,t,0,0,2,
121,406377,1128.825,39,WFON,(,Waveform onset,qrs_onset,qrs,0,0,1,
121,406396,1128.8777777777777,1,NORMAL,N,Normal beat,qrs_peak,qrs,0,0,0,
121,406419,1128.9416666666666,40,WFOFF,),Waveform end,qrs_offset,qrs,0,0,1,
121,406451,1129.0305555555556,39,WFON,(,Waveform onset,t_onset,t,0,0,2,
121,406492,1129.1444444444444,27,TWAVE,t,T-wave peak,t_peak,t,0,0,5,
121,406626,1129.5166666666667,27,TWAVE,t,T-wave peak,t_peak,t,0,0,5,
121,406638,1129.55,40,WFOFF,),Waveform end,t_offset,t,0,0,2,
121,406738,1129.8277777777778,39,WFON,(,Waveform onset,qrs_onset,qrs,0,0,1,
121,406755,1129.875,1,NORMAL,N,Normal beat,qrs_peak,qrs,0,0,0,
121,406780,1129.9444444444443,40,WFOFF,),Waveform end,qrs_offset,qrs,0,0,1,
121,406811,1130.0305555555556,39,WFON,(,Waveform onset,t_onset,t,0,0,2,
121,406851,1130.1416666666667,27,TWAVE,t,T-wave peak,t_peak,t,0,0,5,
121,406981,1130.5027777777777,27,TWAVE,t,T-wave peak,t_peak,t,0,0,5,
121,407005,1130.5694444444443,40,WFOFF,),Waveform end,t_offset,t,0,0,2,
121,407096,1130.8222222222223,39,WFON,(,Waveform onset,qrs_onset,qrs,0,0,1,
121,407114,1130.8722222222223,1,NORMAL,N,Normal beat,qrs_peak,qrs,0,0,0,
121,407141,1130.9472222222223,40,WFOFF,),Waveform end,qrs_offset,qrs,0,0,1,
121,407178,1131.05,39,WFON,(,Waveform onset,t_onset,t,0,0,2,
121,407207,1131.1305555555555,27,TWAVE,t,T-wave peak,t_peak,t,0,0,5,
121,407303,1131.3972222222221,27,TWAVE,t,T-wave peak,t_peak,t,0,0,5,
121,407317,1131.4361111111111,40,WFOFF,),Waveform end,t_offset,t,0,0,2,
121,407461,1131.8361111111112,39,WFON,(,Waveform onset,qrs_onset,qrs,0,0,1,
121,407480,1131.888888888889,1,NORMAL,N,Normal beat,qrs_peak,qrs,0,0,0,
121,407501,1131.9472222222223,40,WFOFF,),Waveform end,qrs_offset,qrs,0,0,1,
121,407550,1132.0833333333333,39,WFON,(,Waveform onset,t_onset,t,0,0,2,
121,407574,1132.15,27,TWAVE,t,T-wave peak,t_peak,t,0,0,5,
121,407672,1132.4222222222222,27,TWAVE,t,T-wave peak,t_peak,t,0,0,5,
121,407685,1132.4583333333333,40,WFOFF,),Waveform end,t_offset,t,0,0,2,
121,407819,1132.8305555555555,39,WFON,(,Waveform onset,qrs_onset,qrs,0,0,1,
121,407843,1132.8972222222221,1,NORMAL,N,Normal beat,qrs_peak,qrs,0,0,0,
121,407859,1132.9416666666666,40,WFOFF,),Waveform end,qrs_offset,qrs,0,0,1,
121,407914,1133.0944444444444,39,WFON,(,Waveform onset,t_onset,t,0,0,2,
121,407943,1133.175,27,TWAVE,t,T-wave peak,t_peak,t,0,0,0,
121,407976,1133.2666666666667,40,WFOFF,),Waveform end,t_offset,t,0,0,2,
121,408183,1133.8416666666667,39,WFON,(,Waveform onset,qrs_onset,qrs,0,0,1,
121,408202,1133.8944444444444,1,NORMAL,N,Normal beat,qrs_peak,qrs,0,0,0,
121,408222,1133.95,40,WFOFF,),Waveform end,qrs_offset,qrs,0,0,1,
121,408262,1134.0611111111111,39,WFON,(,Waveform onset,t_onset,t,0,0,2,
121,408295,1134.1527777777778,27,TWAVE,t,T-wave peak,t_peak,t,0,0,5,
121,408379,1134.3861111111112,27,TWAVE,t,T-wave peak,t_peak,t,0,0,5,
121,408390,1134.4166666666667,40,WFOFF,),Waveform end,t_offset,t,0,0,2,
121,408563,1134.8972222222221,39,WFON,(,Waveform onset,qrs_onset,qrs,0,0,1,
121,408579,1134.9416666666666,1,NORMAL,N,Normal beat,qrs_peak,qrs,0,0,0,
121,408595,1134.986111111111,40,WFOFF,),Waveform end,qrs_offset,qrs,0,0,1,
121,408645,1135.125,39,WFON,(,Waveform onset,t_onset,t,0,0,2,
121,408674,1135.2055555555555,27,TWAVE,t,T-wave peak,t_peak,t,0,0,5,
121,408789,1135.525,27,TWAVE,t,T-wave peak,t_peak,t,0,0,5,
121,408797,1135.5472222222222,40,WFOFF,),Waveform end,t_offset,t,0,0,2,
121,408933,1135.925,39,WFON,(,Waveform onset,qrs_onset,qrs,0,0,1,
121,408948,1135.9666666666667,1,NORMAL,N,Normal beat,qrs_peak,qrs,0,0,0,
121,408971,1136.0305555555556,40,WFOFF,),Waveform end,qrs_offset,qrs,0,0,1,
121,408994,1136.0944444444444,39,WFON,(,Waveform onset,t_onset,t,0,0,2,
121,409045,1136.236111111111,27,TWAVE,t,T-wave peak,t_peak,t,0,0,5,
121,409135,1136.486111111111,27,TWAVE,t,T-wave peak,t_peak,t,0,0,5,
121,409170,1136.5833333333333,40,WFOFF,),Waveform end,t_offset,t,0,0,2,
121,409297,1136.9361111111111,39,WFON,(,Waveform onset,qrs_onset,qrs,0,0,1,
121,409315,1136.986111111111,1,NORMAL,N,Normal beat,qrs_peak,qrs,0,0,0,
121,409338,1137.05,40,WFOFF,),Waveform end,qrs_offset,qrs,0,0,1,
121,409366,1137.1277777777777,39,WFON,(,Waveform onset,t_onset,t,0,0,2,
121,409413,1137.2583333333334,27,TWAVE,t,T-wave peak,t_peak,t,0,0,5,
121,409499,1137.4972222222223,27,TWAVE,t,T-wave peak,t_peak,t,0,0,5,
121,409550,1137.638888888889,40,WFOFF,),Waveform end,t_offset,t,0,0,2,
121,409668,1137.9666666666667,39,WFON,(,Waveform onset,qrs_onset,qrs,0,0,1,
121,409691,1138.0305555555556,1,NORMAL,N,Normal beat,qrs_peak,qrs,0,0,0,
121,409706,1138.0722222222223,40,WFOFF,),Waveform end,qrs_offset,qrs,0,0,1,
121,409761,1138.225,39,WFON,(,Waveform onset,t_onset,t,0,0,2,
121,409784,1138.2888888888888,27,TWAVE,t,T-wave peak,t_peak,t,0,0,5,
121,409884,1138.5666666666666,27,TWAVE,t,T-wave peak,t_peak,t,0,0,5,
121,409902,1138.6166666666666,40,WFOFF,),Waveform end,t_offset,t,0,0,2,
121,410041,1139.0027777777777,39,WFON,(,Waveform onset,qrs_onset,qrs,0,0,1,
121,410060,1139.0555555555557,1,NORMAL,N,Normal beat,qrs_peak,qrs,0,0,0,
121,410083,1139.1194444444445,40,WFOFF,),Waveform end,qrs_offset,qrs,0,0,1,
121,410123,1139.2305555555556,39,WFON,(,Waveform onset,t_onset,t,0,0,2,
121,410154,1139.3166666666666,27,TWAVE,t,T-wave peak,t_peak,t,0,0,5,
121,410254,1139.5944444444444,27,TWAVE,t,T-wave peak,t_peak,t,0,0,5,
121,410265,1139.625,40,WFOFF,),Waveform end,t_offset,t,0,0,2,
121,410408,1140.0222222222221,39,WFON,(,Waveform onset,qrs_onset,qrs,0,0,1,
121,410427,1140.075,1,NORMAL,N,Normal beat,qrs_peak,qrs,0,0,0,
121,410442,1140.1166666666666,40,WFOFF,),Waveform end,qrs_offset,qrs,0,0,1,
121,410494,1140.2611111111112,39,WFON,(,Waveform onset,t_onset,t,0,0,2,
121,410524,1140.3444444444444,27,TWAVE,t,T-wave peak,t_peak,t,0,0,5,
121,410686,1140.7944444444445,27,TWAVE,t,T-wave peak,t_peak,t,0,0,5,
121,410697,1140.825,40,WFOFF,),Waveform end,t_offset,t,0,0,2,
121,410774,1141.0388888888888,39,WFON,(,Waveform onset,qrs_onset,qrs,0,0,1,
121,410800,1141.111111111111,1,NORMAL,N,Normal beat,qrs_peak,qrs,0,0,0,
121,410815,1141.1527777777778,40,WFOFF,),Waveform end,qrs_offset,qrs,0,0,1,
121,410870,1141.3055555555557,39,WFON,(,Waveform onset,t_onset,t,0,0,2,
121,410895,1141.375,27,TWAVE,t,T-wave peak,t_peak,t,0,0,5,
121,411012,1141.7,27,TWAVE,t,T-wave peak,t_peak,t,0,0,5,
121,411029,1141.7472222222223,40,WFOFF,),Waveform end,t_offset,t,0,0,2,
121,411156,1142.1,39,WFON,(,Waveform onset,qrs_onset,qrs,0,0,1,
121,411172,1142.1444444444444,1,NORMAL,N,Normal beat,qrs_peak,qrs,0,0,0,
121,411199,1142.2194444444444,40,WFOFF,),Waveform end,qrs_offset,qrs,0,0,1,
121,411237,1142.325,39,WFON,(,Waveform onset,t_onset,t,0,0,2,
121,411267,1142.4083333333333,27,TWAVE,t,T-wave peak,t_peak,t,0,0,0,
121,411300,1142.5,40,WFOFF,),Waveform end,t_offset,t,0,0,2,
121,411518,1143.1055555555556,39,WFON,(,Waveform onset,qrs_onset,qrs,0,0,1,
121,411544,1143.1777777777777,1,NORMAL,N,Normal beat,qrs_peak,qrs,0,0,0,
121,411559,1143.2194444444444,40,WFOFF,),Waveform end,qrs_offset,qrs,0,0,1,
121,411597,1143.325,39,WFON,(,Waveform onset,t_onset,t,0,0,2,
121,411641,1143.4472222222223,27,TWAVE,t,T-wave peak,t_peak,t,0,0,5,
121,411767,1143.7972222222222,27,TWAVE,t,T-wave peak,t_peak,t,0,0,5,
121,411797,1143.8805555555555,40,WFOFF,),Waveform end,t_offset,t,0,0,2,
121,411893,1144.1472222222221,39,WFON,(,Waveform onset,qrs_onset,qrs,0,0,1,
121,411915,1144.2083333333333,1,NORMAL,N,Normal beat,qrs_peak,qrs,0,0,0,
121,411929,1144.2472222222223,40,WFOFF,),Waveform end,qrs_offset,qrs,0,0,1,
121,411982,1144.3944444444444,39,WFON,(,Waveform onset,t_onset,t,0,0,2,
121,412011,1144.475,27,TWAVE,t,T-wave peak,t_peak,t,0,0,5,
121,412128,1144.8,27,TWAVE,t,T-wave peak,t_peak,t,0,0,5,
121,412145,1144.8472222222222,40,WFOFF,),Waveform end,t_offset,t,0,0,2,
121,412268,1145.1888888888889,39,WFON,(,Waveform onset,qrs_onset,qrs,0,0,1,
121,412288,1145.2444444444445,1,NORMAL,N,Normal beat,qrs_peak,qrs,0,0,0,
121,412301,1145.2805555555556,40,WFOFF,),Waveform end,qrs_offset,qrs,0,0,1,
121,412349,1145.4138888888888,39,WFON,(,Waveform onset,t_onset,t,0,0,2,
121,412381,1145.5027777777777,27,TWAVE,t,T-wave peak,t_peak,t,0,0,5,
121,412530,1145.9166666666667,27,TWAVE,t,T-wave peak,t_peak,t,0,0,5,
121,412543,1145.9527777777778,40,WFOFF,),Waveform end,t_offset,t,0,0,2,
121,412647,1146.2416666666666,39,WFON,(,Waveform onset,qrs_onset,qrs,0,0,1,
121,412663,1146.286111111111,1,NORMAL,N,Normal beat,qrs_peak,qrs,0,0,0,
121,412687,1146.3527777777779,40,WFOFF,),Waveform end,qrs_offset,qrs,0,0,1,
121,412730,1146.4722222222222,39,WFON,(,Waveform onset,t_onset,t,0,0,2,
121,412755,1146.5416666666667,27,TWAVE,t,T-wave peak,t_peak,t,0,0,5,
121,412900,1146.9444444444443,27,TWAVE,t,T-wave peak,t_peak,t,0,0,5,
121,412915,1146.986111111111,40,WFOFF,),Waveform end,t_offset,t,0,0,2,
121,413008,1147.2444444444445,39,WFON,(,Waveform onset,qrs_onset,qrs,0,0,1,
121,413033,1147.3138888888889,1,NORMAL,N,Normal beat,qrs_peak,qrs,0,0,0,
121,413059,1147.3861111111112,40,WFOFF,),Waveform end,qrs_offset,qrs,0,0,1,
121,413089,1147.4694444444444,39,WFON,(,Waveform onset,t_onset,t,0,0,2,
121,413125,1147.5694444444443,27,TWAVE,t,T-wave peak,t_peak,t,0,0,5,
121,413282,1148.0055555555555,27,TWAVE,t,T-wave peak,t_peak,t,0,0,5,
121,413297,1148.0472222222222,40,WFOFF,),Waveform end,t_offset,t,0,0,2,
121,413383,1148.286111111111,39,WFON,(,Waveform onset,qrs_onset,qrs,0,0,1,
121,413405,1148.3472222222222,1,NORMAL,N,Normal beat,qrs_peak,qrs,0,0,0,
121,413432,1148.4222222222222,40,WFOFF,),Waveform end,qrs_offset,qrs,0,0,1,
121,413472,1148.5333333333333,39,WFON,(,Waveform onset,t_onset,t,0,0,2,
121,413501,1148.6138888888888,27,TWAVE,t,T-wave peak,t_peak,t,0,0,5,
121,413587,1148.8527777777779,27,TWAVE,t,T-wave peak,t_peak,t,0,0,5,
121,413599,1148.8861111111112,40,WFOFF,),Waveform end,t_offset,t,0,0,2,
121,413764,1149.3444444444444,39,WFON,(,Waveform onset,qrs_onset,qrs,0,0,1,
121,413783,1149.3972222222221,1,NORMAL,N,Normal beat,qrs_peak,qrs,0,0,0,
121,413805,1149.4583333333333,40,WFOFF,),Waveform end,qrs_offset,qrs,0,0,1,
121,413845,1149.5694444444443,39,WFON,(,Waveform onset,t_onset,t,0,0,2,
121,413878,1149.661111111111,27,TWAVE,t,T-wave peak,t_peak,t,0,0,5,
121,414006,1150.0166666666667,27,TWAVE,t,T-wave peak,t_peak,t,0,0,5,
121,414021,1150.0583333333334,40,WFOFF,),Waveform end,t_offset,t,0,0,2,
121,414135,1150.375,39,WFON,(,Waveform onset,qrs_onset,qrs,0,0,1,
121,414155,1150.4305555555557,1,NORMAL,N,Normal beat,qrs_peak,qrs,0,0,0,
121,414176,1150.4888888888888,40,WFOFF,),Waveform end,qrs_offset,qrs,0,0,1,
121,414180,1150.5,39,WFON,(,Waveform onset,t_onset,t,0,0,2,
121,414250,1150.6944444444443,27,TWAVE,t,T-wave peak,t_peak,t,0,0,5,
121,414407,1151.1305555555555,27,TWAVE,t,T-wave peak,t_peak,t,0,0,5,
121,414424,1151.1777777777777,40,WFOFF,),Waveform end,t_offset,t,0,0,2,
121,414508,1151.411111111111,39,WFON,(,Waveform onset,qrs_onset,qrs,0,0,1,
121,414533,1151.4805555555556,1,NORMAL,N,Normal beat,qrs_peak,qrs,0,0,0,
121,414548,1151.5222222222221,40,WFOFF,),Waveform end,qrs_offset,qrs,0,0,1,
121,414600,1151.6666666666667,39,WFON,(,Waveform onset,t_onset,t,0,0,2,
121,414630,1151.75,27,TWAVE,t,T-wave peak,t_peak,t,0,0,5,
121,414724,1152.0111111111112,27,TWAVE,t,T-wave peak,t_peak,t,0,0,5,
121,414778,1152.161111111111,40,WFOFF,),Waveform end,t_offset,t,0,0,2,
121,414891,1152.475,39,WFON,(,Waveform onset,qrs_onset,qrs,0,0,1,
121,414909,1152.525,1,NORMAL,N,Normal beat,qrs_peak,qrs,0,0,0,
121,414932,1152.588888888889,40,WFOFF,),Waveform end,qrs_offset,qrs,0,0,1,
121,414964,1152.6777777777777,39,WFON,(,Waveform onset,t_onset,t,0,0,2,
121,415008,1152.8,27,TWAVE,t,T-wave peak,t_peak,t,0,0,5,
121,415081,1153.0027777777777,27,TWAVE,t,T-wave peak,t_peak,t,0,0,5,
121,415090,1153.0277777777778,40,WFOFF,),Waveform end,t_offset,t,0,0,2,
121,415260,1153.5,39,WFON,(,Waveform onset,qrs_onset,qrs,0,0,1,
121,415279,1153.5527777777777,1,NORMAL,N,Normal beat,qrs_peak,qrs,0,0,0,
121,415304,1153.6222222222223,40,WFOFF,),Waveform end,qrs_offset,qrs,0,0,1,
121,415336,1153.7111111111112,39,WFON,(,Waveform onset,t_onset,t,0,0,2,
121,415370,1153.8055555555557,27,TWAVE,t,T-wave peak,t_peak,t,0,0,5,
121,415475,1154.0972222222222,27,TWAVE,t,T-wave peak,t_peak,t,0,0,5,
121,415485,1154.125,40,WFOFF,),Waveform end,t_offset,t,0,0,2,
121,415634,1154.5388888888888,39,WFON,(,Waveform onset,qrs_onset,qrs,0,0,1,
121,415651,1154.5861111111112,1,NORMAL,N,Normal beat,qrs_peak,qrs,0,0,0,
121,415677,1154.6583333333333,40,WFOFF,),Waveform end,qrs_offset,qrs,0,0,1,
121,415720,1154.7777777777778,39,WFON,(,Waveform onset,t_onset,t,0,0,2,
121,415745,1154.8472222222222,27,TWAVE,t,T-wave peak,t_peak,t,0,0,5,
121,415829,1155.0805555555555,27,TWAVE,t,T-wave peak,t_peak,t,0,0,5,
121,415857,1155.1583333333333,40,WFOFF,),Waveform end,t_offset,t,0,0,2,
121,416005,1155.5694444444443,39,WFON,(,Waveform onset,qrs_onset,qrs,0,0,1,
121,416023,1155.6194444444445,1,NORMAL,N,Normal beat,qrs_peak,qrs,0,0,0,
121,416041,1155.6694444444445,40,WFOFF,),Waveform end,qrs_offset,qrs,0,0,1,
121,416087,1155.7972222222222,39,WFON,(,Waveform onset,t_onset,t,0,0,2,
121,416118,1155.8833333333334,27,TWAVE,t,T-wave peak,t_peak,t,0,0,5,
121,416206,1156.1277777777777,27,TWAVE,t,T-wave peak,t_peak,t,0,0,5,
121,416218,1156.161111111111,40,WFOFF,),Waveform end,t_offset,t,0,0,2,
121,416380,1156.611111111111,39,WFON,(,Waveform onset,qrs_onset,qrs,0,0,1,
121,416399,1156.6638888888888,1,NORMAL,N,Normal beat,qrs_peak,qrs,0,0,0,
121,416421,1156.725,40,WFOFF,),Waveform end,qrs_offset,qrs,0,0,1,
121,416461,1156.8361111111112,39,WFON,(,Waveform onset,t_onset,t,0,0,2,
121,416492,1156.9222222222222,27,TWAVE,t,T-wave peak,t_peak,t,0,0,0,
121,416546,1157.0722222222223,40,WFOFF,),Waveform end,t_offset,t,0,0,2,
121,416765,1157.6805555555557,39,WFON,(,Waveform onset,qrs_onset,qrs,0,0,1,
121,416783,1157.7305555555556,1,NORMAL,N,Normal beat,qrs_peak,qrs,0,0,0,
121,416806,1157.7944444444445,40,WFOFF,),Waveform end,qrs_offset,qrs,0,0,1,
121,416841,1157.8916666666667,39,WFON,(,Waveform onset,t_onset,t,0,0,2,
121,416879,1157.9972222222223,27,TWAVE,t,T-wave peak,t_peak,t,0,0,5,
121,416970,1158.25,27,TWAVE,t,T-wave peak,t_peak,t,0,0,5,
121,417011,1158.3638888888888,40,WFOFF,),Waveform end,t_offset,t,0,0,2,
121,417138,1158.7166666666667,39,WFON,(,Waveform onset,qrs_onset,qrs,0,0,1,
121,417157,1158.7694444444444,1,NORMAL,N,Normal beat,qrs_peak,qrs,0,0,0,
121,417178,1158.8277777777778,40,WFOFF,),Waveform end,qrs_offset,qrs,0,0,1,
121,417222,1158.95,39,WFON,(,Waveform onset,t_onset,t,0,0,2,
121,417253,1159.036111111111,27,TWAVE,t,T-wave peak,t_peak,t,0,0,5,
121,417376,1159.3777777777777,27,TWAVE,t,T-wave peak,t_peak,t,0,0,5,
121,417393,1159.425,40,WFOFF,),Waveform end,t_offset,t,0,0,2,
121,417520,1159.7777777777778,39,WFON,(,Waveform onset,qrs_onset,qrs,0,0,1,
121,417538,1159.8277777777778,1,NORMAL,N,Normal beat,qrs_peak,qrs,0,0,0,
121,417556,1159.8777777777777,40,WFOFF,),Waveform end,qrs_offset,qrs,0,0,1,
121,417624,1160.0666666666666,39,WFON,(,Waveform onset,t_onset,t,0,0,2,
121,417639,1160.1083333333333,27,TWAVE,t,T-wave peak,t_peak,t,0,0,5,
121,417736,1160.3777777777777,27,TWAVE,t,T-wave peak,t_peak,t,0,0,5,
121,417781,1160.5027777777777,40,WFOFF,),Waveform end,t_offset,t,0,0,2,
121,417905,1160.8472222222222,39,WFON,(,Waveform onset,qrs_onset,qrs,0,0,1,
121,417921,1160.8916666666667,1,NORMAL,N,Normal beat,qrs_peak,qrs,0,0,0,
121,417946,1160.9611111111112,40,WFOFF,),Waveform end,qrs_offset,qrs,0,0,1,
121,417982,1161.0611111111111,39,WFON,(,Waveform onset,t_onset,t,0,0,2,
121,418015,1161.1527777777778,27,TWAVE,t,T-wave peak,t_peak,t,0,0,5,
121,418107,1161.4083333333333,27,TWAVE,t,T-wave peak,t_peak,t,0,0,5,
121,418150,1161.5277777777778,40,WFOFF,),Waveform end,t_offset,t,0,0,2,
121,418278,1161.8833333333334,39,WFON,(,Waveform onset,qrs_onset,qrs,0,0,1,
121,418301,1161.9472222222223,1,NORMAL,N,Normal beat,qrs_peak,qrs,0,0,0,
121,418316,1161.9888888888888,40,WFOFF,),Waveform end,qrs_offset,qrs,0,0,1,
121,418360,1162.111111111111,39,WFON,(,Waveform onset,t_onset,t,0,0,2,
121,418394,1162.2055555555555,27,TWAVE,t,T-wave peak,t_peak,t,0,0,5,
121,418560,1162.6666666666667,27,TWAVE,t,T-wave peak,t_peak,t,0,0,5,
121,418572,1162.7,40,WFOFF,),Waveform end,t_offset,t,0,0,2,
121,418659,1162.9416666666666,39,WFON,(,Waveform onset,qrs_onset,qrs,0,0,1,
121,418677,1162.9916666666666,1,NORMAL,N,Normal beat,qrs_peak,qrs,0,0,0,
121,418692,1163.0333333333333,40,WFOFF,),Waveform end,qrs_offset,qrs,0,0,1,
121,418743,1163.175,39,WFON,(,Waveform onset,t_onset,t,0,0,2,
121,418770,1163.25,27,TWAVE,t,T-wave peak,t_peak,t,0,0,5,
121,418910,1163.638888888889,27,TWAVE,t,T-wave peak,t_peak,t,0,0,5,
121,418917,1163.6583333333333,40,WFOFF,),Waveform end,t_offset,t,0,0,2,
121,419021,1163.9472222222223,39,WFON,(,Waveform onset,qrs_onset,qrs,0,0,1,
121,419041,1164.0027777777777,1,NORMAL,N,Normal beat,qrs_peak,qrs,0,0,0,
121,419056,1164.0444444444445,40,WFOFF,),Waveform end,qrs_offset,qrs,0,0,1,
121,419103,1164.175,39,WFON,(,Waveform onset,t_onset,t,0,0,2,
121,419136,1164.2666666666667,27,TWAVE,t,T-wave peak,t_peak,t,0,0,5,
121,419272,1164.6444444444444,27,TWAVE,t,T-wave peak,t_peak,t,0,0,5,
121,419294,1164.7055555555555,40,WFOFF,),Waveform end,t_offset,t,0,0,2,
121,419395,1164.986111111111,39,WFON,(,Waveform onset,qrs_onset,qrs,0,0,1,
121,419413,1165.036111111111,1,NORMAL,N,Normal beat,qrs_peak,qrs,0,0,0,
121,419435,1165.0972222222222,40,WFOFF,),Waveform end,qrs_offset,qrs,0,0,1,
121,419473,1165.2027777777778,39,WFON,(,Waveform onset,t_onset,t,0,0,2,
121,419513,1165.3138888888889,27,TWAVE,t,T-wave peak,t_peak,t,0,0,0,
121,419551,1165.4194444444445,40,WFOFF,),Waveform end,t_offset,t,0,0,2,
121,419769,1166.025,39,WFON,(,Waveform onset,qrs_onset,qrs,0,0,1,
121,419786,1166.0722222222223,1,NORMAL,N,Normal beat,qrs_peak,qrs,0,0,0,
121,419802,1166.1166666666666,40,WFOFF,),Waveform end,qrs_offset,qrs,0,0,1,
121,419847,1166.2416666666666,39,WFON,(,Waveform onset,t_onset,t,0,0,2,
121,419880,1166.3333333333333,27,TWAVE,t,T-wave peak,t_peak,t,0,0,5,
121,419988,1166.6333333333334,27,TWAVE,t,T-wave peak,t_peak,t,0,0,5,
121,420003,1166.675,40,WFOFF,),Waveform end,t_offset,t,0,0,2,
121,420137,1167.0472222222222,39,WFON,(,Waveform onset,qrs_onset,qrs,0,0,1,
121,420154,1167.0944444444444,1,NORMAL,N,Normal beat,qrs_peak,qrs,0,0,0,
121,420179,1167.1638888888888,40,WFOFF,),Waveform end,qrs_offset,qrs,0,0,1,
121,420219,1167.275,39,WFON,(,Waveform onset,t_onset,t,0,0,2,
121,420248,1167.3555555555556,27,TWAVE,t,T-wave peak,t_peak,t,0,0,5,
121,420388,1167.7444444444445,27,TWAVE,t,T-wave peak,t_peak,t,0,0,5,
121,420398,1167.7722222222221,40,WFOFF,),Waveform end,t_offset,t,0,0,2,
121,420498,1168.05,39,WFON,(,Waveform onset,qrs_onset,qrs,0,0,1,
121,420516,1168.1,1,NORMAL,N,Normal beat,qrs_peak,qrs,0,0,0,
121,420539,1168.1638888888888,40,WFOFF,),Waveform end,qrs_offset,qrs,0,0,1,
121,420593,1168.3138888888889,39,WFON,(,Waveform onset,t_onset,t,0,0,2,
121,420615,1168.375,27,TWAVE,t,T-wave peak,t_peak,t,0,0,5,
121,420759,1168.775,27,TWAVE,t,T-wave peak,t_peak,t,0,0,5,
121,420778,1168.8277777777778,40,WFOFF,),Waveform end,t_offset,t,0,0,2,
121,420871,1169.0861111111112,39,WFON,(,Waveform onset,qrs_onset,qrs,0,0,1,
121,420889,1169.1361111111112,1,NORMAL,N,Normal beat,qrs_peak,qrs,0,0,0,
121,420912,1169.2,40,WFOFF,),Waveform end,qrs_offset,qrs,0,0,1,
121,420942,1169.2833333333333,39,WFON,(,Waveform onset,t_onset,t,0,0,2,
121,420984,1169.4,27,TWAVE,t,T-wave peak,t_peak,t,0,0,5,
121,421123,1169.786111111111,27,TWAVE,t,T-wave peak,t_peak,t,0,0,5,
121,421143,1169.8416666666667,40,WFOFF,),Waveform end,t_offset,t,0,0,2,
121,421243,1170.1194444444445,39,WFON,(,Waveform onset,qrs_onset,qrs,0,0,1,
121,421260,1170.1666666666667,1,NORMAL,N,Normal beat,qrs_peak,qrs,0,0,0,
121,421284,1170.2333333333333,40,WFOFF,),Waveform end,qrs_offset,qrs,0,0,1,
121,421324,1170.3444444444444,39,WFON,(,Waveform onset,t_onset,t,0,0,2,
121,421355,1170.4305555555557,27,TWAVE,t,T-wave peak,t_peak,t,0,0,0,
121,421396,1170.5444444444445,40,WFOFF,),Waveform end,t_offset,t,0,0,2,
121,421602,1171.1166666666666,39,WFON,(,Waveform onset,qrs_onset,qrs,0,0,1,
121,421623,1171.175,1,NORMAL,N,Normal beat,qrs_peak,qrs,0,0,0,
121,421644,1171.2333333333333,40,WFOFF,),Waveform end,qrs_offset,qrs,0,0,1,
121,421648,1171.2444444444445,39,WFON,(,Waveform onset,t_onset,t,0,0,2,
121,421719,1171.4416666666666,27,TWAVE,t,T-wave peak,t_peak,t,0,0,5,
121,421852,1171.8111111111111,27,TWAVE,t,T-wave peak,t_peak,t,0,0,5,
121,421863,1171.8416666666667,40,WFOFF,),Waveform end,t_offset,t,0,0,2,
121,421972,1172.1444444444444,39,WFON,(,Waveform onset,qrs_onset,qrs,0,0,1,
121,421992,1172.2,1,NORMAL,N,Normal beat,qrs_peak,qrs,0,0,0,
121,422016,1172.2666666666667,40,WFOFF,),Waveform end,qrs_offset,qrs,0,0,1,
121,422058,1172.3833333333334,39,WFON,(,Waveform onset,t_onset,t,0,0,2,
121,422089,1172.4694444444444,27,TWAVE,t,T-wave peak,t_peak,t,0,0,5,
121,422210,1172.8055555555557,27,TWAVE,t,T-wave peak,t_peak,t,0,0,5,
121,422232,1172.8666666666666,40,WFOFF,),Waveform end,t_offset,t,0,0,2,
121,422347,1173.1861111111111,39,WFON,(,Waveform onset,qrs_onset,qrs,0,0,1,
121,422363,1173.2305555555556,1,NORMAL,N,Normal beat,qrs_peak,qrs,0,0,0,
121,422389,1173.3027777777777,40,WFOFF,),Waveform end,qrs_offset,qrs,0,0,1,
121,422438,1173.4388888888889,39,WFON,(,Waveform onset,t_onset,t,0,0,2,
121,422460,1173.5,27,TWAVE,t,T-wave peak,t_peak,t,0,0,5,
121,422561,1173.7805555555556,27,TWAVE,t,T-wave peak,t_peak,t,0,0,5,
121,422591,1173.8638888888888,40,WFOFF,),Waveform end,t_offset,t,0,0,2,
121,422720,1174.2222222222222,39,WFON,(,Waveform onset,qrs_onset,qrs,0,0,1,
121,422736,1174.2666666666667,1,NORMAL,N,Normal beat,qrs_peak,qrs,0,0,0,
121,422759,1174.3305555555555,40,WFOFF,),Waveform end,qrs_offset,qrs,0,0,1,
121,422813,1174.4805555555556,39,WFON,(,Waveform onset,t_onset,t,0,0,2,
121,422832,1174.5333333333333,27,TWAVE,t,T-wave peak,t_peak,t,0,0,5,
121,422924,1174.7888888888888,27,TWAVE,t,T-wave peak,t_peak,t,0,0,5,
121,422978,1174.9388888888889,40,WFOFF,),Waveform end,t_offset,t,0,0,2,
121,423092,1175.2555555555555,39,WFON,(,Waveform onset,qrs_onset,qrs,0,0,1,
121,423111,1175.3083333333334,1,NORMAL,N,Normal beat,qrs_peak,qrs,0,0,0,
121,423134,1175.3722222222223,40,WFOFF,),Waveform end,qrs_offset,qrs,0,0,1,
121,423172,1175.4777777777779,39,WFON,(,Waveform onset,t_onset,t,0,0,2,
121,423206,1175.5722222222223,27,TWAVE,t,T-wave peak,t_peak,t,0,0,5,
121,423293,1175.8138888888889,27,TWAVE,t,T-wave peak,t_peak,t,0,0,5,
121,423350,1175.9722222222222,40,WFOFF,),Waveform end,t_offset,t,0,0,2,
121,423464,1176.2888888888888,39,WFON,(,Waveform onset,qrs_onset,qrs,0,0,1,
121,423485,1176.3472222222222,1,NORMAL,N,Normal beat,qrs_peak,qrs,0,0,0,
121,423506,1176.4055555555556,40,WFOFF,),Waveform end,qrs_offset,qrs,0,0,1,
121,423548,1176.5222222222221,39,WFON,(,Waveform onset,t_onset,t,0,0,2,
121,423579,1176.6083333333333,27,TWAVE,t,T-wave peak,t_peak,t,0,0,5,
121,423677,1176.8805555555555,27,TWAVE,t,T-wave peak,t_peak,t,0,0,5,
121,423697,1176.9361111111111,40,WFOFF,),Waveform end,t_offset,t,0,0,2,
121,423848,1177.3555555555556,39,WFON,(,Waveform onset,qrs_onset,qrs,0,0,1,
121,423865,1177.4027777777778,1,NORMAL,N,Normal beat,qrs_peak,qrs,0,0,0,
121,423889,1177.4694444444444,40,WFOFF,),Waveform end,qrs_offset,qrs,0,0,1,
121,423931,1177.5861111111112,39,WFON,(,Waveform onset,t_onset,t,0,0,2,
121,423961,1177.6694444444445,27,TWAVE,t,T-wave peak,t_peak,t,0,0,5,
121,424089,1178.025,27,TWAVE,t,T-wave peak,t_peak,t,0,0,5,
121,424104,1178.0666666666666,40,WFOFF,),Waveform end,t_offset,t,0,0,2,
121,424219,1178.3861111111112,39,WFON,(,Waveform onset,qrs_onset,qrs,0,0,1,
121,424238,1178.4388888888889,1,NORMAL,N,Normal beat,qrs_peak,qrs,0,0,0,
121,424261,1178.5027777777777,40,WFOFF,),Waveform end,qrs_offset,qrs,0,0,1,
121,424302,1178.6166666666666,39,WFON,(,Waveform onset,t_onset,t,0,0,2,
121,424333,1178.7027777777778,27,TWAVE,t,T-wave peak,t_peak,t,0,0,0,
121,424373,1178.8138888888889,40,WFOFF,),Waveform end,t_offset,t,0,0,2,
121,424490,1179.138888888889,39,WFON,(,Waveform onset,qrs_onset,qrs,0,0,1,
121,424534,1179.2611111111112,1,NORMAL,N,Normal beat,qrs_peak,qrs,0,0,0,
121,424605,1179.4583333333333,40,WFOFF,),Waveform end,qrs_offset,qrs,0,0,1,
121,424965,1180.4583333333333,39,WFON,(,Waveform onset,qrs_onset,qrs,0,0,1,
121,424979,1180.4972222222223,1,NORMAL,N,Normal beat,qrs_peak,qrs,0,0,0,
121,424996,1180.5444444444445,40,WFOFF,),Waveform end,qrs_offset,qrs,0,0,1,
121,425009,1180.5805555555555,39,WFON,(,Waveform onset,t_onset,t,0,0,2,
121,425075,1180.763888888889,27,TWAVE,t,T-wave peak,t_peak,t,0,0,0,
121,425114,1180.8722222222223,40,WFOFF,),Waveform end,t_offset,t,0,0,2,
121,425241,1181.225,39,WFON,(,Waveform onset,qrs_onset,qrs,0,0,1,
121,425281,1181.3361111111112,1,NORMAL,N,Normal beat,qrs_peak,qrs,0,0,0,
121,425351,1181.5305555555556,40,WFOFF,),Waveform end,qrs_offset,qrs,0,0,1,
121,425638,1182.3277777777778,39,WFON,(,Waveform onset,qrs_onset,qrs,0,0,1,
121,425663,1182.3972222222221,1,NORMAL,N,Normal beat,qrs_peak,qrs,0,0,0,
121,425729,1182.5805555555555,40,WFOFF,),Waveform end,qrs_offset,qrs,0,0,1,
121,426082,1183.5611111111111,1,NORMAL,N,Normal beat,qrs_peak,qrs,0,0,0,
121,426091,1183.5861111111112,39,WFON,(,Waveform onset,qrs_onset,qrs,0,0,1,
121,426122,1183.6722222222222,40,WFOFF,),Waveform end,qrs_offset,qrs,0,0,1,
121,426174,1183.8166666666666,39,WFON,(,Waveform onset,t_onset,t,0,0,2,
121,426204,1183.9,27,TWAVE,t,T-wave peak,t_peak,t,0,0,0,
121,426239,1183.9972222222223,40,WFOFF,),Waveform end,t_offset,t,0,0,2,
121,426393,1184.425,39,WFON,(,Waveform onset,qrs_onset,qrs,0,0,1,
121,426408,1184.4666666666667,1,NORMAL,N,Normal beat,qrs_peak,qrs,0,0,0,
121,426429,1184.525,40,WFOFF,),Waveform end,qrs_offset,qrs,0,0,1,
121,426464,1184.6222222222223,39,WFON,(,Waveform onset,t_onset,t,0,0,2,
121,426479,1184.6638888888888,27,TWAVE,t,T-wave peak,t_peak,t,0,0,0,
121,426499,1184.7194444444444,40,WFOFF,),Waveform end,t_offset,t,0,0,2,
121,426790,1185.5277777777778,39,WFON,(,Waveform onset,qrs_onset,qrs,0,0,1,
121,426827,1185.6305555555555,1,NORMAL,N,Normal beat,qrs_peak,qrs,0,0,0,
121,426892,1185.8111111111111,40,WFOFF,),Waveform end,qrs_offset,qrs,0,0,1,
121,426921,1185.8916666666667,39,WFON,(,Waveform onset,t_onset,t,0,0,2,
121,426954,1185.9833333333333,27,TWAVE,t,T-wave peak,t_peak,t,0,0,0,
121,426995,1186.0972222222222,40,WFOFF,),Waveform end,t_offset,t,0,0,2,
121,427101,1186.3916666666667,39,WFON,(,Waveform onset,qrs_onset,qrs,0,0,1,
121,427163,1186.5638888888889,1,NORMAL,N,Normal beat,qrs_peak,qrs,0,0,0,
121,427232,1186.7555555555555,40,WFOFF,),Waveform end,qrs_offset,qrs,0,0,1,
121,427581,1187.725,1,NORMAL,N,Normal beat,qrs_peak,qrs,0,0,0,
121,427593,1187.7583333333334,39,WFON,(,Waveform onset,qrs_onset,qrs,0,0,1,
121,427635,1187.875,40,WFOFF,),Waveform end,qrs_offset,qrs,0,0,1,
121,427680,1188.0,39,WFON,(,Waveform onset,t_onset,t,0,0,2,
121,427704,1188.0666666666666,27,TWAVE,t,T-wave peak,t_peak,t,0,0,0,
121,427742,1188.1722222222222,40,WFOFF,),Waveform end,t_offset,t,0,0,2,
121,427937,1188.713888888889,39,WFON,(,Waveform onset,qrs_onset,qrs,0,0,1,
121,427955,1188.763888888889,1,NORMAL,N,Normal beat,qrs_peak,qrs,0,0,0,
121,427978,1188.8277777777778,40,WFOFF,),Waveform end,qrs_offset,qrs,0,0,1,
121,428358,1189.8833333333334,39,WFON,(,Waveform onset,qrs_onset,qrs,0,0,1,
121,428375,1189.9305555555557,1,NORMAL,N,Normal beat,qrs_peak,qrs,0,0,0,
121,428392,1189.9777777777779,40,WFOFF,),Waveform end,qrs_offset,qrs,0,0,1,
121,428421,1190.0583333333334,39,WFON,(,Waveform onset,t_onset,t,0,0,2,
121,428453,1190.1472222222221,27,TWAVE,t,T-wave peak,t_peak,t,0,0,0,
121,428506,1190.2944444444445,40,WFOFF,),Waveform end,t_offset,t,0,0,2,
121,428627,1190.6305555555555,39,WFON,(,Waveform onset,qrs_onset,qrs,0,0,1,
121,428663,1190.7305555555556,1,NORMAL,N,Normal beat,qrs_peak,qrs,0,0,0,
121,428730,1190.9166666666667,40,WFOFF,),Waveform end,qrs_offset,qrs,0,0,1,
121,429064,1191.8444444444444,39,WFON,(,Waveform onset,qrs_onset,qrs,0,0,1,
121,429082,1191.8944444444444,1,NORMAL,N,Normal beat,qrs_peak,qrs,0,0,0,
121,429109,1191.9694444444444,40,WFOFF,),Waveform end,qrs_offset,qrs,0,0,1,
121,429384,1192.7333333333333,39,WFON,(,Waveform onset,qrs_onset,qrs,0,0,1,
121,429419,1192.8305555555555,1,NORMAL,N,Normal beat,qrs_peak,qrs,0,0,0,
121,429502,1193.0611111111111,40,WFOFF,),Waveform end,qrs_offset,qrs,0,0,1,
121,429549,1193.1916666666666,39,WFON,(,Waveform onset,t_onset,t,0,0,2,
121,429580,1193.2777777777778,27,TWAVE,t,T-wave peak,t_peak,t,0,0,5,
121,429663,1193.5083333333334,27,TWAVE,t,T-wave peak,t_peak,t,0,0,5,
121,429676,1193.5444444444445,40,WFOFF,),Waveform end,t_offset,t,0,0,2,
121,429699,1193.6083333333333,39,WFON,(,Waveform onset,p_onset,p,0,0,0,
121,429705,1193.625,24,PWAVE,p,P-wave peak,p_peak,p,0,0,0,
121,429712,1193.6444444444444,40,WFOFF,),Waveform end,p_offset,p,0,0,0,
121,429769,1193.8027777777777,39,WFON,(,Waveform onset,qrs_onset,qrs,0,0,1,
121,429793,1193.8694444444445,1,NORMAL,N,Normal beat,qrs_peak,qrs,0,0,0,
121,429863,1194.0638888888889,40,WFOFF,),Waveform end,qrs_offset,qrs,0,0,1,
121,430190,1194.9722222222222,39,WFON,(,Waveform onset,qrs_onset,qrs,0,0,1,
121,430211,1195.0305555555556,1,NORMAL,N,Normal beat,qrs_peak,qrs,0,0,0,
121,430237,1195.1027777777779,40,WFOFF,),Waveform end,qrs_offset,qrs,0,0,1,
121,430573,1196.036111111111,39,WFON,(,Waveform onset,qrs_onset,qrs,0,0,1,
121,430586,1196.0722222222223,1,NORMAL,N,Normal beat,qrs_peak,qrs,0,0,0,
121,430611,1196.1416666666667,40,WFOFF,),Waveform end,qrs_offset,qrs,0,0,1,
121,430684,1196.3444444444444,39,WFON,(,Waveform onset,t_onset,t,0,0,2,
121,430708,1196.411111111111,27,TWAVE,t,T-wave peak,t_peak,t,0,0,0,
121,430743,1196.5083333333334,40,WFOFF,),Waveform end,t_offset,t,0,0,2,
121,430885,1196.9027777777778,39,WFON,(,Waveform onset,qrs_onset,qrs,0,0,1,
121,430920,1197.0,1,NORMAL,N,Normal beat,qrs_peak,qrs,0,0,0,
121,430986,1197.1833333333334,40,WFOFF,),Waveform end,qrs_offset,qrs,0,0,1,
121,431358,1198.2166666666667,39,WFON,(,Waveform onset,qrs_onset,qrs,0,0,1,
121,431374,1198.2611111111112,1,NORMAL,N,Normal beat,qrs_peak,qrs,0,0,0,
121,431395,1198.3194444444443,40,WFOFF,),Waveform end,qrs_offset,qrs,0,0,1,
121,431420,1198.388888888889,39,WFON,(,Waveform onset,t_onset,t,0,0,2,
121,431455,1198.486111111111,27,TWAVE,t,T-wave peak,t_peak,t,0,0,5,
121,431556,1198.7666666666667,27,TWAVE,t,T-wave peak,t_peak,t,0,0,5,
121,431609,1198.9138888888888,40,WFOFF,),Waveform end,t_offset,t,0,0,2,
121,431713,1199.2027777777778,1,NORMAL,N,Normal beat,qrs_peak,qrs,0,0,0,
121,431713,1199.2027777777778,39,WFON,(,Waveform onset,qrs_onset,qrs,0,0,1,
121,431766,1199.35,40,WFOFF,),Waveform end,qrs_offset,qrs,0,0,1,
121,431807,1199.463888888889,39,WFON,(,Waveform onset,t_onset,t,0,0,2,
121,431838,1199.55,27,TWAVE,t,T-wave peak,t_peak,t,0,0,5,
121,431936,1199.8222222222223,27,TWAVE,t,T-wave peak,t_peak,t,0,0,5,
121,431956,1199.8777777777777,40,WFOFF,),Waveform end,t_offset,t,0,0,2,
121,432055,1200.1527777777778,39,WFON,(,Waveform onset,qrs_onset,qrs,0,0,1,
121,432087,1200.2416666666666,1,NORMAL,N,Normal beat,qrs_peak,qrs,0,0,0,
121,432112,1200.3111111111111,40,WFOFF,),Waveform end,qrs_offset,qrs,0,0,1,
121,432438,1201.2166666666667,39,WFON,(,Waveform onset,qrs_onset,qrs,0,0,1,
121,432457,1201.2694444444444,1,NORMAL,N,Normal beat,qrs_peak,qrs,0,0,0,
121,432482,1201.338888888889,40,WFOFF,),Waveform end,qrs_offset,qrs,0,0,1,
121,432763,1202.1194444444445,39,WFON,(,Waveform onset,qrs_onset,qrs,0,0,1,
121,432790,1202.1944444444443,1,NORMAL,N,Normal beat,qrs_peak,qrs,0,0,0,
121,432855,1202.375,40,WFOFF,),Waveform end,qrs_offset,qrs,0,0,1,
121,433213,1203.3694444444445,1,NORMAL,N,Normal beat,qrs_peak,qrs,0,0,0,
121,433215,1203.375,39,WFON,(,Waveform onset,qrs_onset,qrs,0,0,1,
121,433250,1203.4722222222222,40,WFOFF,),Waveform end,qrs_offset,qrs,0,0,1,
121,433297,1203.6027777777779,39,WFON,(,Waveform onset,t_onset,t,0,0,2,
121,433331,1203.6972222222223,27,TWAVE,t,T-wave peak,t_peak,t,0,0,0,
121,433394,1203.8722222222223,40,WFOFF,),Waveform end,t_offset,t,0,0,2,
121,433503,1204.175,39,WFON,(,Waveform onset,qrs_onset,qrs,0,0,1,
121,433538,1204.2722222222221,1,NORMAL,N,Normal beat,qrs_peak,qrs,0,0,0,
121,433608,1204.4666666666667,40,WFOFF,),Waveform end,qrs_offset,qrs,0,0,1,
121,433874,1205.2055555555555,39,WFON,(,Waveform onset,qrs_onset,qrs,0,0,1,
121,433911,1205.3083333333334,1,NORMAL,N,Normal beat,qrs_peak,qrs,0,0,0,
121,433979,1205.4972222222223,40,WFOFF,),Waveform end,qrs_offset,qrs,0,0,1,
121,434168,1206.0222222222221,39,WFON,(,Waveform onset,qrs_onset,qrs,0,0,1,
121,434274,1206.3166666666666,1,NORMAL,N,Normal beat,qrs_peak,qrs,0,0,0,
121,434346,1206.5166666666667,40,WFOFF,),Waveform end,qrs_offset,qrs,0,0,1,
121,434681,1207.4472222222223,39,WFON,(,Waveform onset,qrs_onset,qrs,0,0,1,
121,434693,1207.4805555555556,1,NORMAL,N,Normal beat,qrs_peak,qrs,0,0,0,
121,434717,1207.5472222222222,40,WFOFF,),Waveform end,qrs_offset,qrs,0,0,1,
121,435056,1208.4888888888888,39,WFON,(,Waveform onset,qrs_onset,qrs,0,0,1,
121,435074,1208.5388888888888,1,NORMAL,N,Normal beat,qrs_peak,qrs,0,0,0,
121,435127,1208.6861111111111,40,WFOFF,),Waveform end,qrs_offset,qrs,0,0,1,
121,435159,1208.775,39,WFON,(,Waveform onset,t_onset,t,0,0,2,
121,435202,1208.8944444444444,27,TWAVE,t,T-wave peak,t_peak,t,0,0,0,
121,435242,1209.0055555555555,40,WFOFF,),Waveform end,t_offset,t,0,0,2,
121,435351,1209.3083333333334,39,WFON,(,Waveform onset,qrs_onset,qrs,0,0,1,
121,435411,1209.475,1,NORMAL,N,Normal beat,qrs_peak,qrs,0,0,0,
121,435479,1209.6638888888888,40,WFOFF,),Waveform end,qrs_offset,qrs,0,0,1,
121,435844,1210.6777777777777,1,NORMAL,N,Normal beat,qrs_peak,qrs,0,0,0,
121,435844,1210.6777777777777,39,WFON,(,Waveform onset,qrs_onset,qrs,0,0,1,
121,435886,1210.7944444444445,40,WFOFF,),Waveform end,qrs_offset,qrs,0,0,1,
121,435925,1210.9027777777778,39,WFON,(,Waveform onset,t_onset,t,0,0,2,
121,435964,1211.0111111111112,27,TWAVE,t,T-wave peak,t_peak,t,0,0,5,
121,436043,1211.2305555555556,27,TWAVE,t,T-wave peak,t_peak,t,0,0,5,
121,436053,1211.2583333333334,40,WFOFF,),Waveform end,t_offset,t,0,0,2,
121,436229,1211.7472222222223,1,NORMAL,N,Normal beat,qrs_peak,qrs,0,0,0,
121,436231,1211.7527777777777,39,WFON,(,Waveform onset,qrs_onset,qrs,0,0,1,
121,436270,1211.861111111111,40,WFOFF,),Waveform end,qrs_offset,qrs,0,0,1,
121,436310,1211.9722222222222,39,WFON,(,Waveform onset,t_onset,t,0,0,2,
121,436344,1212.0666666666666,27,TWAVE,t,T-wave peak,t_peak,t,0,0,5,
121,436429,1212.3027777777777,27,TWAVE,t,T-wave peak,t_peak,t,0,0,5,
121,436447,1212.3527777777779,40,WFOFF,),Waveform end,t_offset,t,0,0,2,
121,436535,1212.5972222222222,39,WFON,(,Waveform onset,qrs_onset,qrs,0,0,1,
121,436563,1212.675,1,NORMAL,N,Normal beat,qrs_peak,qrs,0,0,0,
121,436611,1212.8083333333334,40,WFOFF,),Waveform end,qrs_offset,qrs,0,0,1,
121,436621,1212.8361111111112,39,WFON,(,Waveform onset,t_onset,t,0,0,2,
121,436630,1212.861111111111,27,TWAVE,t,T-wave peak,t_peak,t,0,0,0,
121,436648,1212.911111111111,40,WFOFF,),Waveform end,t_offset,t,0,0,2,
121,437012,1213.9222222222222,39,WFON,(,Waveform onset,qrs_onset,qrs,0,0,1,
121,437029,1213.9694444444444,1,NORMAL,N,Normal beat,qrs_peak,qrs,0,0,0,
121,437061,1214.0583333333334,40,WFOFF,),Waveform end,qrs_offset,qrs,0,0,1,
121,437079,1214.1083333333333,39,WFON,(,Waveform onset,t_onset,t,0,0,2,
121,437110,1214.1944444444443,27,TWAVE,t,T-wave peak,t_peak,t,0,0,5,
121,437211,1214.475,27,TWAVE,t,T-wave peak,t_peak,t,0,0,5,
121,437228,1214.5222222222221,40,WFOFF,),Waveform end,t_offset,t,0,0,2,
121,437337,1214.825,39,WFON,(,Waveform onset,qrs_onset,qrs,0,0,1,
121,437356,1214.8777777777777,1,NORMAL,N,Normal beat,qrs_peak,qrs,0,0,0,
121,437382,1214.95,40,WFOFF,),Waveform end,qrs_offset,qrs,0,0,1,
121,437720,1215.888888888889,39,WFON,(,Waveform onset,qrs_onset,qrs,0,0,1,
121,437729,1215.9138888888888,1,NORMAL,N,Normal beat,qrs_peak,qrs,0,0,0,
121,437759,1215.9972222222223,40,WFOFF,),Waveform end,qrs_offset,qrs,0,0,1,
121,438124,1217.0111111111112,1,NORMAL,N,Normal beat,qrs_peak,qrs,0,0,0,
121,438130,1217.0277777777778,39,WFON,(,Waveform onset,qrs_onset,qrs,0,0,1,
121,438161,1217.1138888888888,40,WFOFF,),Waveform end,qrs_offset,qrs,0,0,1,
121,438206,1217.2388888888888,39,WFON,(,Waveform onset,t_onset,t,0,0,2,
121,438244,1217.3444444444444,27,TWAVE,t,T-wave peak,t_peak,t,0,0,0,
121,438306,1217.5166666666667,40,WFOFF,),Waveform end,t_offset,t,0,0,2,
121,438395,1217.763888888889,39,WFON,(,Waveform onset,qrs_onset,qrs,0,0,1,
121,438453,1217.925,1,NORMAL,N,Normal beat,qrs_peak,qrs,0,0,0,
121,438524,1218.1222222222223,40,WFOFF,),Waveform end,qrs_offset,qrs,0,0,1,
121,438880,1219.111111111111,1,NORMAL,N,Normal beat,qrs_peak,qrs,0,0,0,
121,438881,1219.1138888888888,39,WFON,(,Waveform onset,qrs_onset,qrs,0,0,1,
121,438920,1219.2222222222222,40,WFOFF,),Waveform end,qrs_offset,qrs,0,0,1,
121,438975,1219.375,39,WFON,(,Waveform onset,t_onset,t,0,0,2,
121,439005,1219.4583333333333,27,TWAVE,t,T-wave peak,t_peak,t,0,0,5,
121,439153,1219.8694444444445,27,TWAVE,t,T-wave peak,t_peak,t,0,0,5,
121,439163,1219.8972222222221,40,WFOFF,),Waveform end,t_offset,t,0,0,2,
121,439246,1220.1277777777777,39,WFON,(,Waveform onset,qrs_onset,qrs,0,0,1,
121,439266,1220.1833333333334,1,NORMAL,N,Normal beat,qrs_peak,qrs,0,0,0,
121,439289,1220.2472222222223,40,WFOFF,),Waveform end,qrs_offset,qrs,0,0,1,
121,439626,1221.1833333333334,39,WFON,(,Waveform onset,qrs_onset,qrs,0,0,1,
121,439648,1221.2444444444445,1,NORMAL,N,Normal beat,qrs_peak,qrs,0,0,0,
121,439689,1221.3583333333333,40,WFOFF,),Waveform end,qrs_offset,qrs,0,0,1,
121,439751,1221.5305555555556,39,WFON,(,Waveform onset,t_onset,t,0,0,2,
121,439772,1221.588888888889,27,TWAVE,t,T-wave peak,t_peak,t,0,0,0,
121,439807,1221.6861111111111,40,WFOFF,),Waveform end,t_offset,t,0,0,2,
121,440034,1222.3166666666666,1,NORMAL,N,Normal beat,qrs_peak,qrs,0,0,0,
121,440034,1222.3166666666666,39,WFON,(,Waveform onset,qrs_onset,qrs,0,0,1,
121,440076,1222.4333333333334,40,WFOFF,),Waveform end,qrs_offset,qrs,0,0,1,
121,440130,1222.5833333333333,39,WFON,(,Waveform onset,t_onset,t,0,0,2,
121,440154,1222.65,27,TWAVE,t,T-wave peak,t_peak,t,0,0,0,
121,440201,1222.7805555555556,40,WFOFF,),Waveform end,t_offset,t,0,0,2,
121,440387,1223.2972222222222,39,WFON,(,Waveform onset,qrs_onset,qrs,0,0,1,
121,440407,1223.3527777777779,1,NORMAL,N,Normal beat,qrs_peak,qrs,0,0,0,
121,440433,1223.425,40,WFOFF,),Waveform end,qrs_offset,qrs,0,0,1,
121,440705,1224.1805555555557,39,WFON,(,Waveform onset,qrs_onset,qrs,0,0,1,
121,440732,1224.2555555555555,1,NORMAL,N,Normal beat,qrs_peak,qrs,0,0,0,
121,440811,1224.475,40,WFOFF,),Waveform end,qrs_offset,qrs,0,0,1,
121,440871,1224.6416666666667,39,WFON,(,Waveform onset,t_onset,t,0,0,2,
121,440897,1224.713888888889,27,TWAVE,t,T-wave peak,t_peak,t,0,0,0,
121,440945,1224.8472222222222,40,WFOFF,),Waveform end,t_offset,t,0,0,2,
121,441102,1225.2833333333333,39,WFON,(,Waveform onset,qrs_onset,qrs,0,0,1,
121,441114,1225.3166666666666,1,NORMAL,N,Normal beat,qrs_peak,qrs,0,0,0,
121,441182,1225.5055555555555,40,WFOFF,),Waveform end,qrs_offset,qrs,0,0,1,
121,441509,1226.4138888888888,39,WFON,(,Waveform onset,qrs_onset,qrs,0,0,1,
121,441523,1226.4527777777778,1,NORMAL,N,Normal beat,qrs_peak,qrs,0,0,0,
121,441552,1226.5333333333333,40,WFOFF,),Waveform end,qrs_offset,qrs,0,0,1,
121,441868,1227.411111111111,39,WFON,(,Waveform onset,qrs_onset,qrs,0,0,1,
121,441895,1227.486111111111,1,NORMAL,N,Normal beat,qrs_peak,qrs,0,0,0,
121,441937,1227.6027777777779,40,WFOFF,),Waveform end,qrs_offset,qrs,0,0,1,
121,441986,1227.7388888888888,39,WFON,(,Waveform onset,t_onset,t,0,0,2,
121,442019,1227.8305555555555,27,TWAVE,t,T-wave peak,t_peak,t,0,0,5,
121,442099,1228.0527777777777,27,TWAVE,t,T-wave peak,t_peak,t,0,0,5,
121,442151,1228.1972222222223,40,WFOFF,),Waveform end,t_offset,t,0,0,2,
121,442257,1228.4916666666666,39,WFON,(,Waveform onset,qrs_onset,qrs,0,0,1,
121,442266,1228.5166666666667,1,NORMAL,N,Normal beat,qrs_peak,qrs,0,0,0,
121,442296,1228.6,40,WFOFF,),Waveform end,qrs_offset,qrs,0,0,1,
121,442620,1229.5,39,WFON,(,Waveform onset,qrs_onset,qrs,0,0,1,
121,442639,1229.5527777777777,1,NORMAL,N,Normal beat,qrs_peak,qrs,0,0,0,
121,442663,1229.6194444444445,40,WFOFF,),Waveform end,qrs_offset,qrs,0,0,1,
121,442921,1230.3361111111112,39,WFON,(,Waveform onset,qrs_onset,qrs,0,0,1,
121,442952,1230.4222222222222,1,NORMAL,N,Normal beat,qrs_peak,qrs,0,0,0,
121,443022,1230.6166666666666,40,WFOFF,),Waveform end,qrs_offset,qrs,0,0,1,
121,443299,1231.3861111111112,39,WFON,(,Waveform onset,qrs_onset,qrs,0,0,1,
121,443325,1231.4583333333333,1,NORMAL,N,Normal beat,qrs_peak,qrs,0,0,0,
121,443389,1231.6361111111112,40,WFOFF,),Waveform end,qrs_offset,qrs,0,0,1,
121,443701,1232.5027777777777,39,WFON,(,Waveform onset,qrs_onset,qrs,0,0,1,
121,443733,1232.5916666666667,1,NORMAL,N,Normal beat,qrs_peak,qrs,0,0,0,
121,443757,1232.6583333333333,40,WFOFF,),Waveform end,qrs_offset,qrs,0,0,1,
121,443831,1232.8638888888888,39,WFON,(,Waveform onset,t_onset,t,0,0,2,
121,443860,1232.9444444444443,27,TWAVE,t,T-wave peak,t_peak,t,0,0,0,
121,443908,1233.0777777777778,40,WFOFF,),Waveform end,t_offset,t,0,0,2,
121,444107,1233.6305555555555,39,WFON,(,Waveform onset,qrs_onset,qrs,0,0,1,
121,444140,1233.7222222222222,1,NORMAL,N,Normal beat,qrs_peak,qrs,0,0,0,
121,444180,1233.8333333333333,40,WFOFF,),Waveform end,qrs_offset,qrs,0,0,1,
121,444195,1233.875,39,WFON,(,Waveform onset,t_onset,t,0,0,2,
121,444218,1233.9388888888889,27,TWAVE,t,T-wave peak,t_peak,t,0,0,5,
121,444293,1234.1472222222221,27,TWAVE,t,T-wave peak,t_peak,t,0,0,5,
121,444300,1234.1666666666667,40,WFOFF,),Waveform end,t_offset,t,0,0,2,
121,444443,1234.5638888888889,39,WFON,(,Waveform onset,qrs_onset,qrs,0,0,1,
121,444451,1234.5861111111112,1,NORMAL,N,Normal beat,qrs_peak,qrs,0,0,0,
121,444505,1234.736111111111,40,WFOFF,),Waveform end,qrs_offset,qrs,0,0,1,
121,444543,1234.8416666666667,39,WFON,(,Waveform onset,t_onset,t,0,0,2,
121,444577,1234.9361111111111,27,TWAVE,t,T-wave peak,t_peak,t,0,0,0,
121,444618,1235.05,40,WFOFF,),Waveform end,t_offset,t,0,0,2,
121,444788,1235.5222222222221,39,WFON,(,Waveform onset,qrs_onset,qrs,0,0,1,
121,444813,1235.5916666666667,1,NORMAL,N,Normal beat,qrs_peak,qrs,0,0,0,
121,444838,1235.661111111111,40,WFOFF,),Waveform end,qrs_offset,qrs,0,0,1,
121,445185,1236.625,1,NORMAL,N,Normal beat,qrs_peak,qrs,0,0,0,
121,445185,1236.625,39,WFON,(,Waveform onset,qrs_onset,qrs,0,0,1,
121,445225,1236.736111111111,40,WFOFF,),Waveform end,qrs_offset,qrs,0,0,1,
121,445245,1236.7916666666667,39,WFON,(,Waveform onset,t_onset,t,0,0,2,
121,445306,1236.9611111111112,27,TWAVE,t,T-wave peak,t_peak,t,0,0,5,
121,445397,1237.213888888889,27,TWAVE,t,T-wave peak,t_peak,t,0,0,5,
121,445429,1237.3027777777777,40,WFOFF,),Waveform end,t_offset,t,0,0,2,
121,445533,1237.5916666666667,39,WFON,(,Waveform onset,qrs_onset,qrs,0,0,1,
121,445544,1237.6222222222223,1,NORMAL,N,Normal beat,qrs_peak,qrs,0,0,0,
121,445572,1237.7,40,WFOFF,),Waveform end,qrs_offset,qrs,0,0,1,
121,445880,1238.5555555555557,39,WFON,(,Waveform onset,qrs_onset,qrs,0,0,1,
121,445905,1238.625,1,NORMAL,N,Normal beat,qrs_peak,qrs,0,0,0,
121,445944,1238.7333333333333,40,WFOFF,),Waveform end,qrs_offset,qrs,0,0,1,
121,446000,1238.888888888889,39,WFON,(,Waveform onset,t_onset,t,0,0,2,
121,446024,1238.9555555555555,27,TWAVE,t,T-wave peak,t_peak,t,0,0,0,
121,446068,1239.0777777777778,40,WFOFF,),Waveform end,t_offset,t,0,0,2,
121,446193,1239.425,39,WFON,(,Waveform onset,qrs_onset,qrs,0,0,1,
121,446217,1239.4916666666666,1,NORMAL,N,Normal beat,qrs_peak,qrs,0,0,0,
121,446304,1239.7333333333333,40,WFOFF,),Waveform end,qrs_offset,qrs,0,0,1,
121,446335,1239.8194444444443,39,WFON,(,Waveform onset,t_onset,t,0,0,2,
121,446379,1239.9416666666666,27,TWAVE,t,T-wave peak,t_peak,t,0,0,5,
121,446492,1240.2555555555555,27,TWAVE,t,T-wave peak,t_peak,t,0,0,5,
121,446511,1240.3083333333334,40,WFOFF,),Waveform end,t_offset,t,0,0,2,
121,446589,1240.525,39,WFON,(,Waveform onset,qrs_onset,qrs,0,0,1,
121,446614,1240.5944444444444,1,NORMAL,N,Normal beat,qrs_peak,qrs,0,0,0,
121,446652,1240.7,40,WFOFF,),Waveform end,qrs_offset,qrs,0,0,1,
121,446666,1240.7388888888888,39,WFON,(,Waveform onset,t_onset,t,0,0,2,
121,446728,1240.911111111111,27,TWAVE,t,T-wave peak,t_peak,t,0,0,0,
121,446766,1241.0166666666667,40,WFOFF,),Waveform end,t_offset,t,0,0,2,
121,446890,1241.361111111111,39,WFON,(,Waveform onset,qrs_onset,qrs,0,0,1,
121,446925,1241.4583333333333,1,NORMAL,N,Normal beat,qrs_peak,qrs,0,0,0,
121,446995,1241.6527777777778,40,WFOFF,),Waveform end,qrs_offset,qrs,0,0,1,
121,447274,1242.4277777777777,39,WFON,(,Waveform onset,qrs_onset,qrs,0,0,1,
121,447298,1242.4944444444445,1,NORMAL,N,Normal beat,qrs_peak,qrs,0,0,0,
121,447363,1242.675,40,WFOFF,),Waveform end,qrs_offset,qrs,0,0,1,
121,447424,1242.8444444444444,39,WFON,(,Waveform onset,t_onset,t,0,0,2,
121,447456,1242.9333333333334,27,TWAVE,t,T-wave peak,t_peak,t,0,0,0,
121,447498,1243.05,40,WFOFF,),Waveform end,t_offset,t,0,0,2,
121,447676,1243.5444444444445,39,WFON,(,Waveform onset,qrs_onset,qrs,0,0,1,
121,447695,1243.5972222222222,1,NORMAL,N,Normal beat,qrs_peak,qrs,0,0,0,
121,447722,1243.6722222222222,40,WFOFF,),Waveform end,qrs_offset,qrs,0,0,1,
121,447789,1243.8583333333333,39,WFON,(,Waveform onset,t_onset,t,0,0,2,
121,447817,1243.9361111111111,27,TWAVE,t,T-wave peak,t_peak,t,0,0,0,
121,447887,1244.1305555555555,40,WFOFF,),Waveform end,t_offset,t,0,0,2,
121,447982,1244.3944444444444,39,WFON,(,Waveform onset,qrs_onset,qrs,0,0,1,
121,448015,1244.486111111111,1,NORMAL,N,Normal beat,qrs_peak,qrs,0,0,0,
121,448084,1244.6777777777777,40,WFOFF,),Waveform end,qrs_offset,qrs,0,0,1,
121,448401,1245.5583333333334,39,WFON,(,Waveform onset,qrs_onset,qrs,0,0,1,
121,448423,1245.6194444444445,1,NORMAL,N,Normal beat,qrs_peak,qrs,0,0,0,
121,448496,1245.8222222222223,40,WFOFF,),Waveform end,qrs_offset,qrs,0,0,1,
121,448530,1245.9166666666667,39,WFON,(,Waveform onset,t_onset,t,0,0,2,
121,448549,1245.9694444444444,27,TWAVE,t,T-wave peak,t_peak,t,0,0,0,
121,448593,1246.0916666666667,40,WFOFF,),Waveform end,t_offset,t,0,0,2,
121,448726,1246.4611111111112,39,WFON,(,Waveform onset,qrs_onset,qrs,0,0,1,
121,448741,1246.5027777777777,1,NORMAL,N,Normal beat,qrs_peak,qrs,0,0,0,
121,448760,1246.5555555555557,40,WFOFF,),Waveform end,qrs_offset,qrs,0,0,1,
121,448797,1246.6583333333333,39,WFON,(,Waveform onset,t_onset,t,0,0,2,
121,448813,1246.7027777777778,27,TWAVE,t,T-wave peak,t_peak,t,0,0,0,
121,448831,1246.7527777777777,40,WFOFF,),Waveform end,t_offset,t,0,0,2,
121,449116,1247.5444444444445,39,WFON,(,Waveform onset,qrs_onset,qrs,0,0,1,
121,449134,1247.5944444444444,1,NORMAL,N,Normal beat,qrs_peak,qrs,0,0,0,
121,449165,1247.6805555555557,40,WFOFF,),Waveform end,qrs_offset,qrs,0,0,1,
121,449423,1248.3972222222221,39,WFON,(,Waveform onset,qrs_onset,qrs,0,0,1,
121,449459,1248.4972222222223,1,NORMAL,N,Normal beat,qrs_peak,qrs,0,0,0,
121,449527,1248.6861111111111,40,WFOFF,),Waveform end,qrs_offset,qrs,0,0,1,
121,449783,1249.3972222222221,39,WFON,(,Waveform onset,qrs_onset,qrs,0,0,1,
121,449817,1249.4916666666666,1,NORMAL,N,Normal beat,qrs_peak,qrs,0,0,0,
121,449887,1249.6861111111111,40,WFOFF,),Waveform end,qrs_offset,qrs,0,0,1,
121,450161,1250.4472222222223,39,WFON,(,Waveform onset,qrs_onset,qrs,0,0,1,
121,450179,1250.4972222222223,1,NORMAL,N,Normal beat,qrs_peak,qrs,0,0,0,
121,450247,1250.6861111111111,40,WFOFF,),Waveform end,qrs_offset,qrs,0,0,1,
121,450545,1251.513888888889,39,WFON,(,Waveform onset,qrs_onset,qrs,0,0,1,
121,450574,1251.5944444444444,1,NORMAL,N,Normal beat,qrs_peak,qrs,0,0,0,
121,450599,1251.6638888888888,40,WFOFF,),Waveform end,qrs_offset,qrs,0,0,1,
121,450915,1252.5416666666667,39,WFON,(,Waveform onset,qrs_onset,qrs,0,0,1,
121,450924,1252.5666666666666,1,NORMAL,N,Normal beat,qrs_peak,qrs,0,0,0,
121,450950,1252.638888888889,40,WFOFF,),Waveform end,qrs_offset,qrs,0,0,1,
121,451027,1252.8527777777779,39,WFON,(,Waveform onset,t_onset,t,0,0,2,
121,451045,1252.9027777777778,27,TWAVE,t,T-wave peak,t_peak,t,0,0,0,
121,451087,1253.0194444444444,40,WFOFF,),Waveform end,t_offset,t,0,0,2,
121,451274,1253.5388888888888,39,WFON,(,Waveform onset,qrs_onset,qrs,0,0,1,
121,451284,1253.5666666666666,1,NORMAL,N,Normal beat,qrs_peak,qrs,0,0,0,
121,451312,1253.6444444444444,40,WFOFF,),Waveform end,qrs_offset,qrs,0,0,1,
121,451384,1253.8444444444444,39,WFON,(,Waveform onset,t_onset,t,0,0,2,
121,451407,1253.9083333333333,27,TWAVE,t,T-wave peak,t_peak,t,0,0,5,
121,451531,1254.2527777777777,27,TWAVE,t,T-wave peak,t_peak,t,0,0,5,
121,451542,1254.2833333333333,40,WFOFF,),Waveform end,t_offset,t,0,0,2,
121,451644,1254.5666666666666,1,NORMAL,N,Normal beat,qrs_peak,qrs,0,0,0,
121,451646,1254.5722222222223,39,WFON,(,Waveform onset,qrs_onset,qrs,0,0,1,
121,451682,1254.6722222222222,40,WFOFF,),Waveform end,qrs_offset,qrs,0,0,1,
121,451725,1254.7916666666667,39,WFON,(,Waveform onset,t_onset,t,0,0,2,
121,451761,1254.8916666666667,27,TWAVE,t,T-wave peak,t_peak,t,0,0,0,
121,451795,1254.986111111111,40,WFOFF,),Waveform end,t_offset,t,0,0,2,
121,451930,1255.361111111111,39,WFON,(,Waveform onset,qrs_onset,qrs,0,0,1,
121,451946,1255.4055555555556,1,NORMAL,N,Normal beat,qrs_peak,qrs,0,0,0,
121,451967,1255.463888888889,40,WFOFF,),Waveform end,qrs_offset,qrs,0,0,1,
121,452002,1255.5611111111111,39,WFON,(,Waveform onset,t_onset,t,0,0,2,
121,452018,1255.6055555555556,27,TWAVE,t,T-wave peak,t_peak,t,0,0,0,
121,452036,1255.6555555555556,40,WFOFF,),Waveform end,t_offset,t,0,0,2,
121,452292,1256.3666666666666,39,WFON,(,Waveform onset,qrs_onset,qrs,0,0,1,
121,452315,1256.4305555555557,1,NORMAL,N,Normal beat,qrs_peak,qrs,0,0,0,
121,452384,1256.6222222222223,40,WFOFF,),Waveform end,qrs_offset,qrs,0,0,1,
121,452705,1257.513888888889,39,WFON,(,Waveform onset,qrs_onset,qrs,0,0,1,
121,452724,1257.5666666666666,1,NORMAL,N,Normal beat,qrs_peak,qrs,0,0,0,
121,452751,1257.6416666666667,40,WFOFF,),Waveform end,qrs_offset,qrs,0,0,1,
121,452995,1258.3194444444443,39,WFON,(,Waveform onset,qrs_onset,qrs,0,0,1,
121,453049,1258.4694444444444,1,NORMAL,N,Normal beat,qrs_peak,qrs,0,0,0,
121,453117,1258.6583333333333,40,WFOFF,),Waveform end,qrs_offset,qrs,0,0,1,
121,453468,1259.6333333333334,1,NORMAL,N,Normal beat,qrs_peak,qrs,0,0,0,
121,453469,1259.6361111111112,39,WFON,(,Waveform onset,qrs_onset,qrs,0,0,1,
121,453510,1259.75,40,WFOFF,),Waveform end,qrs_offset,qrs,0,0,1,
121,453553,1259.8694444444445,39,WFON,(,Waveform onset,t_onset,t,0,0,2,
121,453587,1259.963888888889,27,TWAVE,t,T-wave peak,t_peak,t,0,0,0,
121,453619,1260.0527777777777,40,WFOFF,),Waveform end,t_offset,t,0,0,2,
121,453770,1260.4722222222222,39,WFON,(,Waveform onset,qrs_onset,qrs,0,0,1,
121,453796,1260.5444444444445,1,NORMAL,N,Normal beat,qrs_peak,qrs,0,0,0,
121,453863,1260.7305555555556,40,WFOFF,),Waveform end,qrs_offset,qrs,0,0,1,
121,454225,1261.736111111111,1,NORMAL,N,Normal beat,qrs_peak,qrs,0,0,0,
121,454227,1261.7416666666666,39,WFON,(,Waveform onset,qrs_onset,qrs,0,0,1,
121,454262,1261.838888888889,40,WFOFF,),Waveform end,qrs_offset,qrs,0,0,1,
121,454317,1261.9916666666666,39,WFON,(,Waveform onset,t_onset,t,0,0,2,
121,454340,1262.0555555555557,27,TWAVE,t,T-wave peak,t_peak,t,0,0,5,
121,454432,1262.3111111111111,27,TWAVE,t,T-wave peak,t_peak,t,0,0,5,
121,454445,1262.3472222222222,40,WFOFF,),Waveform end,t_offset,t,0,0,2,
121,454513,1262.536111111111,39,WFON,(,Waveform onset,qrs_onset,qrs,0,0,1,
121,454547,1262.6305555555555,1,NORMAL,N,Normal beat,qrs_peak,qrs,0,0,0,
121,454616,1262.8222222222223,40,WFOFF,),Waveform end,qrs_offset,qrs,0,0,1,
121,454949,1263.7472222222223,39,WFON,(,Waveform onset,qrs_onset,qrs,0,0,1,
121,454961,1263.7805555555556,1,NORMAL,N,Normal beat,qrs_peak,qrs,0,0,0,
121,454985,1263.8472222222222,40,WFOFF,),Waveform end,qrs_offset,qrs,0,0,1,
121,455263,1264.6194444444445,39,WFON,(,Waveform onset,qrs_onset,qrs,0,0,1,
121,455293,1264.7027777777778,1,NORMAL,N,Normal beat,qrs_peak,qrs,0,0,0,
121,455376,1264.9333333333334,40,WFOFF,),Waveform end,qrs_offset,qrs,0,0,1,
121,455433,1265.0916666666667,39,WFON,(,Waveform onset,t_onset,t,0,0,2,
121,455454,1265.15,27,TWAVE,t,T-wave peak,t_peak,t,0,0,0,
121,455497,1265.2694444444444,40,WFOFF,),Waveform end,t_offset,t,0,0,2,
121,455653,1265.7027777777778,39,WFON,(,Waveform onset,qrs_onset,qrs,0,0,1,
121,455665,1265.736111111111,1,NORMAL,N,Normal beat,qrs_peak,qrs,0,0,0,
121,455732,1265.9222222222222,40,WFOFF,),Waveform end,qrs_offset,qrs,0,0,1,
121,456026,1266.7388888888888,39,WFON,(,Waveform onset,qrs_onset,qrs,0,0,1,
121,456038,1266.7722222222221,1,NORMAL,N,Normal beat,qrs_peak,qrs,0,0,0,
121,456109,1266.9694444444444,40,WFOFF,),Waveform end,qrs_offset,qrs,0,0,1,
121,456178,1267.161111111111,39,WFON,(,Waveform onset,t_onset,t,0,0,2,
121,456208,1267.2444444444445,27,TWAVE,t,T-wave peak,t_peak,t,0,0,0,
121,456248,1267.3555555555556,40,WFOFF,),Waveform end,t_offset,t,0,0,2,
121,456469,1267.9694444444444,1,NORMAL,N,Normal beat,qrs_peak,qrs,0,0,0,
121,456469,1267.9694444444444,39,WFON,(,Waveform onset,qrs_onset,qrs,0,0,1,
121,456513,1268.0916666666667,40,WFOFF,),Waveform end,qrs_offset,qrs,0,0,1,
121,456553,1268.2027777777778,39,WFON,(,Waveform onset,t_onset,t,0,0,2,
121,456588,1268.3,27,TWAVE,t,T-wave peak,t_peak,t,0,0,0,
121,456626,1268.4055555555556,40,WFOFF,),Waveform end,t_offset,t,0,0,2,
121,456758,1268.7722222222221,39,WFON,(,Waveform onset,qrs_onset,qrs,0,0,1,
121,456794,1268.8722222222223,1,NORMAL,N,Normal beat,qrs_peak,qrs,0,0,0,
121,456862,1269.0611111111111,40,WFOFF,),Waveform end,qrs_offset,qrs,0,0,1,
121,457191,1269.975,39,WFON,(,Waveform onset,qrs_onset,qrs,0,0,1,
121,457216,1270.0444444444445,1,NORMAL,N,Normal beat,qrs_peak,qrs,0,0,0,
121,457256,1270.1555555555556,40,WFOFF,),Waveform end,qrs_offset,qrs,0,0,1,
121,457298,1270.2722222222221,39,WFON,(,Waveform onset,t_onset,t,0,0,2,
121,457339,1270.3861111111112,27,TWAVE,t,T-wave peak,t_peak,t,0,0,5,
121,457455,1270.7083333333333,27,TWAVE,t,T-wave peak,t_peak,t,0,0,5,
121,457472,1270.7555555555555,40,WFOFF,),Waveform end,t_offset,t,0,0,2,
121,457566,1271.0166666666667,39,WFON,(,Waveform onset,qrs_onset,qrs,0,0,1,
121,457588,1271.0777777777778,1,NORMAL,N,Normal beat,qrs_peak,qrs,0,0,0,
121,457614,1271.15,40,WFOFF,),Waveform end,qrs_offset,qrs,0,0,1,
121,457875,1271.875,39,WFON,(,Waveform onset,qrs_onset,qrs,0,0,1,
121,457913,1271.9805555555556,1,NORMAL,N,Normal beat,qrs_peak,qrs,0,0,0,
121,457980,1272.1666666666667,40,WFOFF,),Waveform end,qrs_offset,qrs,0,0,1,
121,458248,1272.911111111111,39,WFON,(,Waveform onset,qrs_onset,qrs,0,0,1,
121,458281,1273.0027777777777,1,NORMAL,N,Normal beat,qrs_peak,qrs,0,0,0,
121,458348,1273.1888888888889,40,WFOFF,),Waveform end,qrs_offset,qrs,0,0,1,
121,458698,1274.161111111111,1,NORMAL,N,Normal beat,qrs_peak,qrs,0,0,0,
121,458714,1274.2055555555555,39,WFON,(,Waveform onset,qrs_onset,qrs,0,0,1,
121,458756,1274.3222222222223,40,WFOFF,),Waveform end,qrs_offset,qrs,0,0,1,
121,458797,1274.4361111111111,39,WFON,(,Waveform onset,t_onset,t,0,0,2,
121,458822,1274.5055555555555,27,TWAVE,t,T-wave peak,t_peak,t,0,0,0,
121,458871,1274.6416666666667,40,WFOFF,),Waveform end,t_offset,t,0,0,2,
121,459004,1275.0111111111112,39,WFON,(,Waveform onset,qrs_onset,qrs,0,0,1,
121,459027,1275.075,1,NORMAL,N,Normal beat,qrs_peak,qrs,0,0,0,
121,459097,1275.2694444444444,40,WFOFF,),Waveform end,qrs_offset,qrs,0,0,1,
121,459375,1276.0416666666667,39,WFON,(,Waveform onset,qrs_onset,qrs,0,0,1,
121,459413,1276.1472222222221,1,NORMAL,N,Normal beat,qrs_peak,qrs,0,0,0,
121,459484,1276.3444444444444,40,WFOFF,),Waveform end,qrs_offset,qrs,0,0,1,
121,459541,1276.5027777777777,39,WFON,(,Waveform onset,t_onset,t,0,0,2,
121,459575,1276.5972222222222,27,TWAVE,t,T-wave peak,t_peak,t,0,0,5,
121,459671,1276.8638888888888,27,TWAVE,t,T-wave peak,t_peak,t,0,0,5,
121,459706,1276.9611111111112,40,WFOFF,),Waveform end,t_offset,t,0,0,2,
121,459784,1277.1777777777777,39,WFON,(,Waveform onset,qrs_onset,qrs,0,0,1,
121,459820,1277.2777777777778,1,NORMAL,N,Normal beat,qrs_peak,qrs,0,0,0,
121,459885,1277.4583333333333,40,WFOFF,),Waveform end,qrs_offset,qrs,0,0,1,
121,459925,1277.5694444444443,39,WFON,(,Waveform onset,t_onset,t,0,0,2,
121,459949,1277.6361111111112,27,TWAVE,t,T-wave peak,t_peak,t,0,0,5,
121,460048,1277.911111111111,27,TWAVE,t,T-wave peak,t_peak,t,0,0,5,
121,460062,1277.95,40,WFOFF,),Waveform end,t_offset,t,0,0,2,
121,460180,1278.2777777777778,39,WFON,(,Waveform onset,qrs_onset,qrs,0,0,1,
121,460204,1278.3444444444444,1,NORMAL,N,Normal beat,qrs_peak,qrs,0,0,0,
121,460247,1278.463888888889,40,WFOFF,),Waveform end,qrs_offset,qrs,0,0,1,
121,460297,1278.6027777777779,39,WFON,(,Waveform onset,t_onset,t,0,0,2,
121,460330,1278.6944444444443,27,TWAVE,t,T-wave peak,t_peak,t,0,0,5,
121,460418,1278.9388888888889,27,TWAVE,t,T-wave peak,t_peak,t,0,0,5,
121,460463,1279.0638888888889,40,WFOFF,),Waveform end,t_offset,t,0,0,2,
121,460588,1279.411111111111,1,NORMAL,N,Normal beat,qrs_peak,qrs,0,0,0,
121,460589,1279.4138888888888,39,WFON,(,Waveform onset,qrs_onset,qrs,0,0,1,
121,460630,1279.5277777777778,40,WFOFF,),Waveform end,qrs_offset,qrs,0,0,1,
121,460682,1279.6722222222222,39,WFON,(,Waveform onset,t_onset,t,0,0,2,
121,460703,1279.7305555555556,27,TWAVE,t,T-wave peak,t_peak,t,0,0,5,
121,460798,1279.9944444444445,27,TWAVE,t,T-wave peak,t_peak,t,0,0,5,
121,460810,1280.0277777777778,40,WFOFF,),Waveform end,t_offset,t,0,0,2,
121,460935,1280.375,39,WFON,(,Waveform onset,qrs_onset,qrs,0,0,1,
121,460960,1280.4444444444443,1,NORMAL,N,Normal beat,qrs_peak,qrs,0,0,0,
121,460988,1280.5222222222221,40,WFOFF,),Waveform end,qrs_offset,qrs,0,0,1,
121,461012,1280.588888888889,39,WFON,(,Waveform onset,t_onset,t,0,0,2,
121,461081,1280.7805555555556,27,TWAVE,t,T-wave peak,t_peak,t,0,0,0,
121,461123,1280.8972222222221,40,WFOFF,),Waveform end,t_offset,t,0,0,2,
121,461295,1281.375,39,WFON,(,Waveform onset,qrs_onset,qrs,0,0,1,
121,461333,1281.4805555555556,1,NORMAL,N,Normal beat,qrs_peak,qrs,0,0,0,
121,461398,1281.661111111111,40,WFOFF,),Waveform end,qrs_offset,qrs,0,0,1,
121,461432,1281.7555555555555,39,WFON,(,Waveform onset,t_onset,t,0,0,2,
121,461462,1281.838888888889,27,TWAVE,t,T-wave peak,t_peak,t,0,0,5,
121,461547,1282.075,27,TWAVE,t,T-wave peak,t_peak,t,0,0,5,
121,461597,1282.213888888889,40,WFOFF,),Waveform end,t_offset,t,0,0,2,
121,461680,1282.4444444444443,39,WFON,(,Waveform onset,qrs_onset,qrs,0,0,1,
121,461703,1282.5083333333334,1,NORMAL,N,Normal beat,qrs_peak,qrs,0,0,0,
121,461746,1282.6277777777777,40,WFOFF,),Waveform end,qrs_offset,qrs,0,0,1,
121,461800,1282.7777777777778,39,WFON,(,Waveform onset,t_onset,t,0,0,2,
121,461828,1282.8555555555556,27,TWAVE,t,T-wave peak,t_peak,t,0,0,0,
121,461868,1282.9666666666667,40,WFOFF,),Waveform end,t_offset,t,0,0,2,
121,462076,1283.5444444444445,1,NORMAL,N,Normal beat,qrs_peak,qrs,0,0,0,
121,462087,1283.575,39,WFON,(,Waveform onset,qrs_onset,qrs,0,0,1,
121,462130,1283.6944444444443,40,WFOFF,),Waveform end,qrs_offset,qrs,0,0,1,
121,462167,1283.7972222222222,39,WFON,(,Waveform onset,t_onset,t,0,0,2,
121,462200,1283.888888888889,27,TWAVE,t,T-wave peak,t_peak,t,0,0,0,
121,462234,1283.9833333333333,40,WFOFF,),Waveform end,t_offset,t,0,0,2,
121,462360,1284.3333333333333,39,WFON,(,Waveform onset,qrs_onset,qrs,0,0,1,
121,462413,1284.4805555555556,1,NORMAL,N,Normal beat,qrs_peak,qrs,0,0,0,
121,462478,1284.661111111111,40,WFOFF,),Waveform end,qrs_offset,qrs,0,0,1,
121,462811,1285.5861111111112,39,WFON,(,Waveform onset,qrs_onset,qrs,0,0,1,
121,462821,1285.6138888888888,1,NORMAL,N,Normal beat,qrs_peak,qrs,0,0,0,
121,462847,1285.6861111111111,40,WFOFF,),Waveform end,qrs_offset,qrs,0,0,1,
121,463170,1286.5833333333333,39,WFON,(,Waveform onset,qrs_onset,qrs,0,0,1,
121,463182,1286.6166666666666,1,NORMAL,N,Normal beat,qrs_peak,qrs,0,0,0,
121,463209,1286.6916666666666,40,WFOFF,),Waveform end,qrs_offset,qrs,0,0,1,
121,463488,1287.4666666666667,39,WFON,(,Waveform onset,qrs_onset,qrs,0,0,1,
121,463518,1287.55,1,NORMAL,N,Normal beat,qrs_peak,qrs,0,0,0,
121,463600,1287.7777777777778,40,WFOFF,),Waveform end,qrs_offset,qrs,0,0,1,
121,463647,1287.9083333333333,39,WFON,(,Waveform onset,t_onset,t,0,0,2,
121,463680,1288.0,27,TWAVE,t,T-wave peak,t_peak,t,0,0,0,
121,463716,1288.1,40,WFOFF,),Waveform end,t_offset,t,0,0,2,
121,463905,1288.625,39,WFON,(,Waveform onset,qrs_onset,qrs,0,0,1,
121,463915,1288.6527777777778,1,NORMAL,N,Normal beat,qrs_peak,qrs,0,0,0,
121,463939,1288.7194444444444,40,WFOFF,),Waveform end,qrs_offset,qrs,0,0,1,
121,464302,1289.7277777777779,39,WFON,(,Waveform onset,qrs_onset,qrs,0,0,1,
121,464323,1289.786111111111,1,NORMAL,N,Normal beat,qrs_peak,qrs,0,0,0,
121,464365,1289.9027777777778,40,WFOFF,),Waveform end,qrs_offset,qrs,0,0,1,
121,464370,1289.9166666666667,39,WFON,(,Waveform onset,t_onset,t,0,0,2,
121,464400,1290.0,27,TWAVE,t,T-wave peak,t_peak,t,0,0,0,
121,464437,1290.1027777777779,40,WFOFF,),Waveform end,t_offset,t,0,0,2,
121,464588,1290.5222222222221,1,NORMAL,N,Normal beat,qrs_peak,qrs,0,0,0,
121,464596,1290.5444444444445,39,WFON,(,Waveform onset,qrs_onset,qrs,0,0,1,
121,464659,1290.7194444444444,40,WFOFF,),Waveform end,qrs_offset,qrs,0,0,1,
121,464985,1291.625,39,WFON,(,Waveform onset,qrs_onset,qrs,0,0,1,
121,464995,1291.6527777777778,1,NORMAL,N,Normal beat,qrs_peak,qrs,0,0,0,
121,465022,1291.7277777777779,40,WFOFF,),Waveform end,qrs_offset,qrs,0,0,1,
121,465337,1292.6027777777779,39,WFON,(,Waveform onset,qrs_onset,qrs,0,0,1,
121,465357,1292.6583333333333,1,NORMAL,N,Normal beat,qrs_peak,qrs,0,0,0,
121,465385,1292.736111111111,40,WFOFF,),Waveform end,qrs_offset,qrs,0,0,1,
121,465672,1293.5333333333333,39,WFON,(,Waveform onset,qrs_onset,qrs,0,0,1,
121,465691,1293.5861111111112,1,NORMAL,N,Normal beat,qrs_peak,qrs,0,0,0,
121,465760,1293.7777777777778,40,WFOFF,),Waveform end,qrs_offset,qrs,0,0,1,
121,466099,1294.7194444444444,1,NORMAL,N,Normal beat,qrs_peak,qrs,0,0,0,
121,466099,1294.7194444444444,39,WFON,(,Waveform onset,qrs_onset,qrs,0,0,1,
121,466140,1294.8333333333333,40,WFOFF,),Waveform end,qrs_offset,qrs,0,0,1,
121,466167,1294.9083333333333,39,WFON,(,Waveform onset,t_onset,t,0,0,2,
121,466216,1295.0444444444445,27,TWAVE,t,T-wave peak,t_peak,t,0,0,0,
121,466254,1295.15,40,WFOFF,),Waveform end,t_offset,t,0,0,2,
121,466389,1295.525,39,WFON,(,Waveform onset,qrs_onset,qrs,0,0,1,
121,466424,1295.6222222222223,1,NORMAL,N,Normal beat,qrs_peak,qrs,0,0,0,
121,466490,1295.8055555555557,40,WFOFF,),Waveform end,qrs_offset,qrs,0,0,1,
121,466766,1296.5722222222223,39,WFON,(,Waveform onset,qrs_onset,qrs,0,0,1,
121,466795,1296.6527777777778,1,NORMAL,N,Normal beat,qrs_peak,qrs,0,0,0,
121,466862,1296.838888888889,40,WFOFF,),Waveform end,qrs_offset,qrs,0,0,1,
121,467144,1297.6222222222223,39,WFON,(,Waveform onset,qrs_onset,qrs,0,0,1,
121,467159,1297.6638888888888,1,NORMAL,N,Normal beat,qrs_peak,qrs,0,0,0,
121,467238,1297.8833333333334,40,WFOFF,),Waveform end,qrs_offset,qrs,0,0,1,
121,467297,1298.0472222222222,39,WFON,(,Waveform onset,t_onset,t,0,0,2,
121,467325,1298.125,27,TWAVE,t,T-wave peak,t_peak,t,0,0,5,
121,467417,1298.3805555555555,27,TWAVE,t,T-wave peak,t_peak,t,0,0,5,
121,467434,1298.4277777777777,40,WFOFF,),Waveform end,t_offset,t,0,0,2,
121,467551,1298.7527777777777,39,WFON,(,Waveform onset,qrs_onset,qrs,0,0,1,
121,467576,1298.8222222222223,1,NORMAL,N,Normal beat,qrs_peak,qrs,0,0,0,
121,467602,1298.8944444444444,40,WFOFF,),Waveform end,qrs_offset,qrs,0,0,1,
121,467926,1299.7944444444445,39,WFON,(,Waveform onset,qrs_onset,qrs,0,0,1,
121,467935,1299.8194444444443,1,NORMAL,N,Normal beat,qrs_peak,qrs,0,0,0,
121,467964,1299.9,40,WFOFF,),Waveform end,qrs_offset,qrs,0,0,1,
121,468308,1300.8555555555556,1,NORMAL,N,Normal beat,qrs_peak,qrs,0,0,0,
121,468308,1300.8555555555556,39,WFON,(,Waveform onset,qrs_onset,qrs,0,0,1,
121,468362,1301.0055555555555,40,WFOFF,),Waveform end,qrs_offset,qrs,0,0,1,
121,468406,1301.1277777777777,39,WFON,(,Waveform onset,t_onset,t,0,0,2,
121,468431,1301.1972222222223,27,TWAVE,t,T-wave peak,t_peak,t,0,0,0,
121,468468,1301.3,40,WFOFF,),Waveform end,t_offset,t,0,0,2,
121,468608,1301.6888888888889,39,WFON,(,Waveform onset,qrs_onset,qrs,0,0,1,
121,468632,1301.7555555555555,1,NORMAL,N,Normal beat,qrs_peak,qrs,0,0,0,
121,468702,1301.95,40,WFOFF,),Waveform end,qrs_offset,qrs,0,0,1,
121,469031,1302.8638888888888,39,WFON,(,Waveform onset,qrs_onset,qrs,0,0,1,
121,469042,1302.8944444444444,1,NORMAL,N,Normal beat,qrs_peak,qrs,0,0,0,
121,469068,1302.9666666666667,40,WFOFF,),Waveform end,qrs_offset,qrs,0,0,1,
121,469392,1303.8666666666666,39,WFON,(,Waveform onset,qrs_onset,qrs,0,0,1,
121,469401,1303.8916666666667,1,NORMAL,N,Normal beat,qrs_peak,qrs,0,0,0,
121,469430,1303.9722222222222,40,WFOFF,),Waveform end,qrs_offset,qrs,0,0,1,
121,469713,1304.7583333333334,39,WFON,(,Waveform onset,qrs_onset,qrs,0,0,1,
121,469727,1304.7972222222222,1,NORMAL,N,Normal beat,qrs_peak,qrs,0,0,0,
121,469798,1304.9944444444445,40,WFOFF,),Waveform end,qrs_offset,qrs,0,0,1,
121,470054,1305.7055555555555,39,WFON,(,Waveform onset,qrs_onset,qrs,0,0,1,
121,470094,1305.8166666666666,1,NORMAL,N,Normal beat,qrs_peak,qrs,0,0,0,
121,470163,1306.0083333333334,40,WFOFF,),Waveform end,qrs_offset,qrs,0,0,1,
121,470523,1307.0083333333334,39,WFON,(,Waveform onset,qrs_onset,qrs,0,0,1,
121,470540,1307.0555555555557,1,NORMAL,N,Normal beat,qrs_peak,qrs,0,0,0,
121,470558,1307.1055555555556,40,WFOFF,),Waveform end,qrs_offset,qrs,0,0,1,
121,470588,1307.1888888888889,39,WFON,(,Waveform onset,t_onset,t,0,0,2,
121,470620,1307.2777777777778,27,TWAVE,t,T-wave peak,t_peak,t,0,0,0,
121,470656,1307.3777777777777,40,WFOFF,),Waveform end,t_offset,t,0,0,2,
121,470823,1307.8416666666667,39,WFON,(,Waveform onset,qrs_onset,qrs,0,0,1,
121,470853,1307.925,1,NORMAL,N,Normal beat,qrs_peak,qrs,0,0,0,
121,470879,1307.9972222222223,40,WFOFF,),Waveform end,qrs_offset,qrs,0,0,1,
121,471142,1308.7277777777779,39,WFON,(,Waveform onset,qrs_onset,qrs,0,0,1,
121,471178,1308.8277777777778,1,NORMAL,N,Normal beat,qrs_peak,qrs,0,0,0,
121,471242,1309.0055555555555,40,WFOFF,),Waveform end,qrs_offset,qrs,0,0,1,
121,471615,1310.0416666666667,39,WFON,(,Waveform onset,qrs_onset,qrs,0,0,1,
121,471632,1310.088888888889,1,NORMAL,N,Normal beat,qrs_peak,qrs,0,0,0,
121,471674,1310.2055555555555,40,WFOFF,),Waveform end,qrs_offset,qrs,0,0,1,
121,471683,1310.2305555555556,39,WFON,(,Waveform onset,t_onset,t,0,0,2,
121,471710,1310.3055555555557,27,TWAVE,t,T-wave peak,t_peak,t,0,0,0,
121,471781,1310.5027777777777,40,WFOFF,),Waveform end,t_offset,t,0,0,2,
121,471880,1310.7777777777778,39,WFON,(,Waveform onset,qrs_onset,qrs,0,0,1,
121,471899,1310.8305555555555,1,NORMAL,N,Normal beat,qrs_peak,qrs,0,0,0,
121,471970,1311.0277777777778,40,WFOFF,),Waveform end,qrs_offset,qrs,0,0,1,
121,472350,1312.0833333333333,39,WFON,(,Waveform onset,qrs_onset,qrs,0,0,1,
121,472355,1312.0972222222222,1,NORMAL,N,Normal beat,qrs_peak,qrs,0,0,0,
121,472396,1312.2111111111112,40,WFOFF,),Waveform end,qrs_offset,qrs,0,0,1,
121,472408,1312.2444444444445,39,WFON,(,Waveform onset,t_onset,t,0,0,2,
121,472423,1312.286111111111,27,TWAVE,t,T-wave peak,t_peak,t,0,0,0,
121,472460,1312.388888888889,40,WFOFF,),Waveform end,t_offset,t,0,0,2,
121,472582,1312.7277777777779,39,WFON,(,Waveform onset,qrs_onset,qrs,0,0,1,
121,472622,1312.838888888889,1,NORMAL,N,Normal beat,qrs_peak,qrs,0,0,0,
121,472689,1313.025,40,WFOFF,),Waveform end,qrs_offset,qrs,0,0,1,
121,472967,1313.7972222222222,39,WFON,(,Waveform onset,qrs_onset,qrs,0,0,1,
121,473017,1313.9361111111111,1,NORMAL,N,Normal beat,qrs_peak,qrs,0,0,0,
121,473059,1314.0527777777777,40,WFOFF,),Waveform end,qrs_offset,qrs,0,0,1,
121,473110,1314.1944444444443,39,WFON,(,Waveform onset,t_onset,t,0,0,2,
121,473139,1314.275,27,TWAVE,t,T-wave peak,t_peak,t,0,0,5,
121,473229,1314.525,27,TWAVE,t,T-wave peak,t_peak,t,0,0,5,
121,473251,1314.5861111111112,40,WFOFF,),Waveform end,t_offset,t,0,0,2,
121,473382,1314.95,39,WFON,(,Waveform onset,qrs_onset,qrs,0,0,1,
121,473399,1314.9972222222223,1,NORMAL,N,Normal beat,qrs_peak,qrs,0,0,0,
121,473441,1315.1138888888888,40,WFOFF,),Waveform end,qrs_offset,qrs,0,0,1,
121,473443,1315.1194444444445,39,WFON,(,Waveform onset,t_onset,t,0,0,2,
121,473480,1315.2222222222222,27,TWAVE,t,T-wave peak,t_peak,t,0,0,0,
121,473516,1315.3222222222223,40,WFOFF,),Waveform end,t_offset,t,0,0,2,
121,473702,1315.838888888889,39,WFON,(,Waveform onset,qrs_onset,qrs,0,0,1,
121,473710,1315.861111111111,1,NORMAL,N,Normal beat,qrs_peak,qrs,0,0,0,
121,473737,1315.9361111111111,40,WFOFF,),Waveform end,qrs_offset,qrs,0,0,1,
121,474071,1316.8638888888888,1,NORMAL,N,Normal beat,qrs_peak,qrs,0,0,0,
121,474073,1316.8694444444445,39,WFON,(,Waveform onset,qrs_onset,qrs,0,0,1,
121,474107,1316.963888888889,40,WFOFF,),Waveform end,qrs_offset,qrs,0,0,1,
121,474117,1316.9916666666666,39,WFON,(,Waveform onset,t_onset,t,0,0,2,
121,474185,1317.1805555555557,27,TWAVE,t,T-wave peak,t_peak,t,0,0,5,
121,474297,1317.4916666666666,27,TWAVE,t,T-wave peak,t_peak,t,0,0,5,
121,474327,1317.575,40,WFOFF,),Waveform end,t_offset,t,0,0,2,
121,474459,1317.9416666666666,39,WFON,(,Waveform onset,qrs_onset,qrs,0,0,1,
121,474477,1317.9916666666666,1,NORMAL,N,Normal beat,qrs_peak,qrs,0,0,0,
121,474534,1318.15,40,WFOFF,),Waveform end,qrs_offset,qrs,0,0,1,
121,474543,1318.175,39,WFON,(,Waveform onset,t_onset,t,0,0,2,
121,474558,1318.2166666666667,27,TWAVE,t,T-wave peak,t_peak,t,0,0,0,
121,474599,1318.3305555555555,40,WFOFF,),Waveform end,t_offset,t,0,0,2,
121,474733,1318.7027777777778,39,WFON,(,Waveform onset,qrs_onset,qrs,0,0,1,
121,474754,1318.7611111111112,1,NORMAL,N,Normal beat,qrs_peak,qrs,0,0,0,
121,474824,1318.9555555555555,40,WFOFF,),Waveform end,qrs_offset,qrs,0,0,1,
121,475152,1319.8666666666666,39,WFON,(,Waveform onset,qrs_onset,qrs,0,0,1,
121,475164,1319.9,1,NORMAL,N,Normal beat,qrs_peak,qrs,0,0,0,
121,475190,1319.9722222222222,40,WFOFF,),Waveform end,qrs_offset,qrs,0,0,1,
121,475464,1320.7333333333333,39,WFON,(,Waveform onset,qrs_onset,qrs,0,0,1,
121,475500,1320.8333333333333,1,NORMAL,N,Normal beat,qrs_peak,qrs,0,0,0,
121,475567,1321.0194444444444,40,WFOFF,),Waveform end,qrs_offset,qrs,0,0,1,
121,475867,1321.8527777777779,39,WFON,(,Waveform onset,qrs_onset,qrs,0,0,1,
121,475885,1321.9027777777778,1,NORMAL,N,Normal beat,qrs_peak,qrs,0,0,0,
121,475953,1322.0916666666667,40,WFOFF,),Waveform end,qrs_offset,qrs,0,0,1,
121,476287,1323.0194444444444,39,WFON,(,Waveform onset,qrs_onset,qrs,0,0,1,
121,476304,1323.0666666666666,1,NORMAL,N,Normal beat,qrs_peak,qrs,0,0,0,
121,476331,1323.1416666666667,40,WFOFF,),Waveform end,qrs_offset,qrs,0,0,1,
121,476617,1323.9361111111111,39,WFON,(,Waveform onset,qrs_onset,qrs,0,0,1,
121,476641,1324.0027777777777,1,NORMAL,N,Normal beat,qrs_peak,qrs,0,0,0,
121,476711,1324.1972222222223,40,WFOFF,),Waveform end,qrs_offset,qrs,0,0,1,
121,477071,1325.1972222222223,1,NORMAL,N,Normal beat,qrs_peak,qrs,0,0,0,
121,477072,1325.2,39,WFON,(,Waveform onset,qrs_onset,qrs,0,0,1,
121,477114,1325.3166666666666,40,WFOFF,),Waveform end,qrs_offset,qrs,0,0,1,
121,477155,1325.4305555555557,39,WFON,(,Waveform onset,t_onset,t,0,0,2,
121,477193,1325.536111111111,27,TWAVE,t,T-wave peak,t_peak,t,0,0,0,
121,477231,1325.6416666666667,40,WFOFF,),Waveform end,t_offset,t,0,0,2,
121,477374,1326.0388888888888,39,WFON,(,Waveform onset,qrs_onset,qrs,0,0,1,
121,477410,1326.138888888889,1,NORMAL,N,Normal beat,qrs_peak,qrs,0,0,0,
121,477479,1326.3305555555555,40,WFOFF,),Waveform end,qrs_offset,qrs,0,0,1,
121,477804,1327.2333333333333,39,WFON,(,Waveform onset,qrs_onset,qrs,0,0,1,
121,477843,1327.3416666666667,1,NORMAL,N,Normal beat,qrs_peak,qrs,0,0,0,
121,477895,1327.486111111111,40,WFOFF,),Waveform end,qrs_offset,qrs,0,0,1,
121,477941,1327.6138888888888,39,WFON,(,Waveform onset,t_onset,t,0,0,2,
121,477965,1327.6805555555557,27,TWAVE,t,T-wave peak,t_peak,t,0,0,0,
121,478005,1327.7916666666667,40,WFOFF,),Waveform end,t_offset,t,0,0,2,
121,478208,1328.3555555555556,39,WFON,(,Waveform onset,qrs_onset,qrs,0,0,1,
121,478227,1328.4083333333333,1,NORMAL,N,Normal beat,qrs_peak,qrs,0,0,0,
121,478251,1328.475,40,WFOFF,),Waveform end,qrs_offset,qrs,0,0,1,
121,478544,1329.2888888888888,39,WFON,(,Waveform onset,qrs_onset,qrs,0,0,1,
121,478573,1329.3694444444445,1,NORMAL,N,Normal beat,qrs_peak,qrs,0,0,0,
121,478642,1329.5611111111111,40,WFOFF,),Waveform end,qrs_offset,qrs,0,0,1,
121,478951,1330.4194444444445,39,WFON,(,Waveform onset,qrs_onset,qrs,0,0,1,
121,478971,1330.475,1,NORMAL,N,Normal beat,qrs_peak,qrs,0,0,0,
121,479039,1330.6638888888888,40,WFOFF,),Waveform end,qrs_offset,qrs,0,0,1,
121,479372,1331.588888888889,39,WFON,(,Waveform onset,qrs_onset,qrs,0,0,1,
121,479394,1331.65,1,NORMAL,N,Normal beat,qrs_peak,qrs,0,0,0,
121,479422,1331.7277777777779,40,WFOFF,),Waveform end,qrs_offset,qrs,0,0,1,
121,479490,1331.9166666666667,39,WFON,(,Waveform onset,t_onset,t,0,0,2,
121,479518,1331.9944444444445,27,TWAVE,t,T-wave peak,t_peak,t,0,0,0,
121,479568,1332.1333333333334,40,WFOFF,),Waveform end,t_offset,t,0,0,2,
121,479786,1332.7388888888888,1,NORMAL,N,Normal beat,qrs_peak,qrs,0,0,0,
121,479786,1332.7388888888888,39,WFON,(,Waveform onset,qrs_onset,qrs,0,0,1,
121,479822,1332.838888888889,40,WFOFF,),Waveform end,qrs_offset,qrs,0,0,1,
121,479870,1332.9722222222222,39,WFON,(,Waveform onset,t_onset,t,0,0,2,
121,479902,1333.0611111111111,27,TWAVE,t,T-wave peak,t_peak,t,0,0,0,
121,479941,1333.1694444444445,40,WFOFF,),Waveform end,t_offset,t,0,0,2,
121,480160,1333.7777777777778,1,NORMAL,N,Normal beat,qrs_peak,qrs,0,0,0,
121,480170,1333.8055555555557,39,WFON,(,Waveform onset,qrs_onset,qrs,0,0,1,
121,480202,1333.8944444444444,40,WFOFF,),Waveform end,qrs_offset,qrs,0,0,1,
121,480243,1334.0083333333334,39,WFON,(,Waveform onset,t_onset,t,0,0,2,
121,480283,1334.1194444444445,27,TWAVE,t,T-wave peak,t_peak,t,0,0,5,
121,480384,1334.4,27,TWAVE,t,T-wave peak,t_peak,t,0,0,5,
121,480441,1334.5583333333334,40,WFOFF,),Waveform end,t_offset,t,0,0,2,
121,480543,1334.8416666666667,1,NORMAL,N,Normal beat,qrs_peak,qrs,0,0,0,
121,480543,1334.8416666666667,39,WFON,(,Waveform onset,qrs_onset,qrs,0,0,1,
121,480582,1334.95,40,WFOFF,),Waveform end,qrs_offset,qrs,0,0,1,
121,480615,1335.0416666666667,39,WFON,(,Waveform onset,t_onset,t,0,0,2,
121,480667,1335.1861111111111,27,TWAVE,t,T-wave peak,t_peak,t,0,0,0,
121,480706,1335.2944444444445,40,WFOFF,),Waveform end,t_offset,t,0,0,2,
121,480855,1335.7083333333333,39,WFON,(,Waveform onset,qrs_onset,qrs,0,0,1,
121,480880,1335.7777777777778,1,NORMAL,N,Normal beat,qrs_peak,qrs,0,0,0,
121,480948,1335.9666666666667,40,WFOFF,),Waveform end,qrs_offset,qrs,0,0,1,
121,481278,1336.8833333333334,39,WFON,(,Waveform onset,qrs_onset,qrs,0,0,1,
121,481288,1336.911111111111,1,NORMAL,N,Normal beat,qrs_peak,qrs,0,0,0,
121,481316,1336.9888888888888,40,WFOFF,),Waveform end,qrs_offset,qrs,0,0,1,
121,481649,1337.9138888888888,39,WFON,(,Waveform onset,qrs_onset,qrs,0,0,1,
121,481670,1337.9722222222222,1,NORMAL,N,Normal beat,qrs_peak,qrs,0,0,0,
121,481718,1338.1055555555556,40,WFOFF,),Waveform end,qrs_offset,qrs,0,0,1,
121,481775,1338.263888888889,39,WFON,(,Waveform onset,t_onset,t,0,0,2,
121,481800,1338.3333333333333,27,TWAVE,t,T-wave peak,t_peak,t,0,0,5,
121,481890,1338.5833333333333,27,TWAVE,t,T-wave peak,t_peak,t,0,0,5,
121,481919,1338.6638888888888,40,WFOFF,),Waveform end,t_offset,t,0,0,2,
121,482045,1339.013888888889,39,WFON,(,Waveform onset,qrs_onset,qrs,0,0,1,
121,482057,1339.0472222222222,1,NORMAL,N,Normal beat,qrs_peak,qrs,0,0,0,
121,482082,1339.1166666666666,40,WFOFF,),Waveform end,qrs_offset,qrs,0,0,1,
121,482422,1340.0611111111111,39,WFON,(,Waveform onset,qrs_onset,qrs,0,0,1,
121,482441,1340.1138888888888,1,NORMAL,N,Normal beat,qrs_peak,qrs,0,0,0,
121,482463,1340.175,40,WFOFF,),Waveform end,qrs_offset,qrs,0,0,1,
121,482811,1341.1416666666667,1,NORMAL,N,Normal beat,qrs_peak,qrs,0,0,0,
121,482812,1341.1444444444444,39,WFON,(,Waveform onset,qrs_onset,qrs,0,0,1,
121,482864,1341.2888888888888,40,WFOFF,),Waveform end,qrs_offset,qrs,0,0,1,
121,482904,1341.4,39,WFON,(,Waveform onset,t_onset,t,0,0,2,
121,482932,1341.4777777777779,27,TWAVE,t,T-wave peak,t_peak,t,0,0,5,
121,483053,1341.8138888888889,27,TWAVE,t,T-wave peak,t_peak,t,0,0,5,
121,483076,1341.8777777777777,40,WFOFF,),Waveform end,t_offset,t,0,0,2,
121,483184,1342.1777777777777,1,NORMAL,N,Normal beat,qrs_peak,qrs,0,0,0,
121,483193,1342.2027777777778,39,WFON,(,Waveform onset,qrs_onset,qrs,0,0,1,
121,483229,1342.3027777777777,40,WFOFF,),Waveform end,qrs_offset,qrs,0,0,1,
121,483277,1342.4361111111111,39,WFON,(,Waveform onset,t_onset,t,0,0,2,
121,483306,1342.5166666666667,27,TWAVE,t,T-wave peak,t_peak,t,0,0,5,
121,483408,1342.8,27,TWAVE,t,T-wave peak,t_peak,t,0,0,5,
121,483452,1342.9222222222222,40,WFOFF,),Waveform end,t_offset,t,0,0,2,
121,483537,1343.1583333333333,39,WFON,(,Waveform onset,qrs_onset,qrs,0,0,1,
121,483556,1343.2111111111112,1,NORMAL,N,Normal beat,qrs_peak,qrs,0,0,0,
121,483634,1343.4277777777777,40,WFOFF,),Waveform end,qrs_offset,qrs,0,0,1,
121,483660,1343.5,39,WFON,(,Waveform onset,t_onset,t,0,0,2,
121,483682,1343.5611111111111,27,TWAVE,t,T-wave peak,t_peak,t,0,0,5,
121,483783,1343.8416666666667,27,TWAVE,t,T-wave peak,t_peak,t,0,0,5,
121,483811,1343.9194444444445,40,WFOFF,),Waveform end,t_offset,t,0,0,2,
121,483940,1344.2777777777778,1,NORMAL,N,Normal beat,qrs_peak,qrs,0,0,0,
121,483940,1344.2777777777778,39,WFON,(,Waveform onset,qrs_onset,qrs,0,0,1,
121,483995,1344.4305555555557,40,WFOFF,),Waveform end,qrs_offset,qrs,0,0,1,
121,484031,1344.5305555555556,39,WFON,(,Waveform onset,t_onset,t,0,0,2,
121,484059,1344.6083333333333,27,TWAVE,t,T-wave peak,t_peak,t,0,0,0,
121,484096,1344.7111111111112,40,WFOFF,),Waveform end,t_offset,t,0,0,2,
121,484216,1345.0444444444445,39,WFON,(,Waveform onset,qrs_onset,qrs,0,0,1,
121,484265,1345.1805555555557,1,NORMAL,N,Normal beat,qrs_peak,qrs,0,0,0,
121,484333,1345.3694444444445,40,WFOFF,),Waveform end,qrs_offset,qrs,0,0,1,
121,484613,1346.1472222222221,39,WFON,(,Waveform onset,qrs_onset,qrs,0,0,1,
121,484639,1346.2194444444444,1,NORMAL,N,Normal beat,qrs_peak,qrs,0,0,0,
121,484729,1346.4694444444444,40,WFOFF,),Waveform end,qrs_offset,qrs,0,0,1,
121,484788,1346.6333333333334,39,WFON,(,Waveform onset,t_onset,t,0,0,2,
121,484811,1346.6972222222223,27,TWAVE,t,T-wave peak,t_peak,t,0,0,0,
121,484851,1346.8083333333334,40,WFOFF,),Waveform end,t_offset,t,0,0,2,
121,484997,1347.213888888889,39,WFON,(,Waveform onset,qrs_onset,qrs,0,0,1,
121,485033,1347.3138888888889,1,NORMAL,N,Normal beat,qrs_peak,qrs,0,0,0,
121,485104,1347.5111111111112,40,WFOFF,),Waveform end,qrs_offset,qrs,0,0,1,
121,485160,1347.6666666666667,39,WFON,(,Waveform onset,t_onset,t,0,0,2,
121,485195,1347.763888888889,27,TWAVE,t,T-wave peak,t_peak,t,0,0,0,
121,485230,1347.861111111111,40,WFOFF,),Waveform end,t_offset,t,0,0,2,
121,485453,1348.4805555555556,1,NORMAL,N,Normal beat,qrs_peak,qrs,0,0,0,
121,485463,1348.5083333333334,39,WFON,(,Waveform onset,qrs_onset,qrs,0,0,1,
121,485495,1348.5972222222222,40,WFOFF,),Waveform end,qrs_offset,qrs,0,0,1,
121,485545,1348.736111111111,39,WFON,(,Waveform onset,t_onset,t,0,0,2,
121,485573,1348.8138888888889,27,TWAVE,t,T-wave peak,t_peak,t,0,0,5,
121,485657,1349.0472222222222,27,TWAVE,t,T-wave peak,t_peak,t,0,0,5,
121,485692,1349.1444444444444,40,WFOFF,),Waveform end,t_offset,t,0,0,2,
121,485828,1349.5222222222221,1,NORMAL,N,Normal beat,qrs_peak,qrs,0,0,0,
121,485833,1349.536111111111,39,WFON,(,Waveform onset,qrs_onset,qrs,0,0,1,
121,485867,1349.6305555555555,40,WFOFF,),Waveform end,qrs_offset,qrs,0,0,1,
121,485915,1349.763888888889,39,WFON,(,Waveform onset,t_onset,t,0,0,2,
121,485945,1349.8472222222222,27,TWAVE,t,T-wave peak,t_peak,t,0,0,5,
121,486033,1350.0916666666667,27,TWAVE,t,T-wave peak,t_peak,t,0,0,5,
121,486054,1350.15,40,WFOFF,),Waveform end,t_offset,t,0,0,2,
121,486138,1350.3833333333334,39,WFON,(,Waveform onset,qrs_onset,qrs,0,0,1,
121,486162,1350.45,1,NORMAL,N,Normal beat,qrs_peak,qrs,0,0,0,
121,486230,1350.638888888889,40,WFOFF,),Waveform end,qrs_offset,qrs,0,0,1,
121,486593,1351.6472222222221,1,NORMAL,N,Normal beat,qrs_peak,qrs,0,0,0,
121,486596,1351.6555555555556,39,WFON,(,Waveform onset,qrs_onset,qrs,0,0,1,
121,486636,1351.7666666666667,40,WFOFF,),Waveform end,qrs_offset,qrs,0,0,1,
121,486652,1351.8111111111111,39,WFON,(,Waveform onset,t_onset,t,0,0,2,
121,486716,1351.9888888888888,27,TWAVE,t,T-wave peak,t_peak,t,0,0,5,
121,486800,1352.2222222222222,27,TWAVE,t,T-wave peak,t_peak,t,0,0,5,
121,486814,1352.2611111111112,40,WFOFF,),Waveform end,t_offset,t,0,0,2,
121,486979,1352.7194444444444,1,NORMAL,N,Normal beat,qrs_peak,qrs,0,0,0,
121,486979,1352.7194444444444,39,WFON,(,Waveform onset,qrs_onset,qrs,0,0,1,
121,487020,1352.8333333333333,40,WFOFF,),Waveform end,qrs_offset,qrs,0,0,1,
121,487065,1352.9583333333333,39,WFON,(,Waveform onset,t_onset,t,0,0,2,
121,487101,1353.0583333333334,27,TWAVE,t,T-wave peak,t_peak,t,0,0,0,
121,487146,1353.1833333333334,40,WFOFF,),Waveform end,t_offset,t,0,0,2,
121,487273,1353.536111111111,39,WFON,(,Waveform onset,qrs_onset,qrs,0,0,1,
121,487301,1353.6138888888888,1,NORMAL,N,Normal beat,qrs_peak,qrs,0,0,0,
121,487376,1353.8222222222223,40,WFOFF,),Waveform end,qrs_offset,qrs,0,0,1,
121,487441,1354.0027777777777,39,WFON,(,Waveform onset,t_onset,t,0,0,2,
121,487461,1354.0583333333334,27,TWAVE,t,T-wave peak,t_peak,t,0,0,5,
121,487565,1354.3472222222222,27,TWAVE,t,T-wave peak,t_peak,t,0,0,5,
121,487593,1354.425,40,WFOFF,),Waveform end,t_offset,t,0,0,2,
121,487724,1354.7888888888888,39,WFON,(,Waveform onset,qrs_onset,qrs,0,0,1,
121,487725,1354.7916666666667,1,NORMAL,N,Normal beat,qrs_peak,qrs,0,0,0,
121,487761,1354.8916666666667,40,WFOFF,),Waveform end,qrs_offset,qrs,0,0,1,
121,487773,1354.925,39,WFON,(,Waveform onset,t_onset,t,0,0,2,
121,487846,1355.1277777777777,27,TWAVE,t,T-wave peak,t_peak,t,0,0,5,
121,487959,1355.4416666666666,27,TWAVE,t,T-wave peak,t_peak,t,0,0,5,
121,487970,1355.4722222222222,40,WFOFF,),Waveform end,t_offset,t,0,0,2,
121,488066,1355.7388888888888,39,WFON,(,Waveform onset,qrs_onset,qrs,0,0,1,
121,488093,1355.8138888888889,1,NORMAL,N,Normal beat,qrs_peak,qrs,0,0,0,
121,488121,1355.8916666666667,40,WFOFF,),Waveform end,qrs_offset,qrs,0,0,1,
121,488438,1356.7722222222221,39,WFON,(,Waveform onset,qrs_onset,qrs,0,0,1,
121,488467,1356.8527777777779,1,NORMAL,N,Normal beat,qrs_peak,qrs,0,0,0,
121,488521,1357.0027777777777,40,WFOFF,),Waveform end,qrs_offset,qrs,0,0,1,
121,488569,1357.1361111111112,39,WFON,(,Waveform onset,t_onset,t,0,0,2,
121,488588,1357.1888888888889,27,TWAVE,t,T-wave peak,t_peak,t,0,0,5,
121,488678,1357.4388888888889,27,TWAVE,t,T-wave peak,t_peak,t,0,0,5,
121,488709,1357.525,40,WFOFF,),Waveform end,t_offset,t,0,0,2,
121,488815,1357.8194444444443,39,WFON,(,Waveform onset,qrs_onset,qrs,0,0,1,
121,488841,1357.8916666666667,1,NORMAL,N,Normal beat,qrs_peak,qrs,0,0,0,
121,488893,1358.036111111111,40,WFOFF,),Waveform end,qrs_offset,qrs,0,0,1,
121,488935,1358.1527777777778,39,WFON,(,Waveform onset,t_onset,t,0,0,2,
121,488965,1358.236111111111,27,TWAVE,t,T-wave peak,t_peak,t,0,0,5,
121,489042,1358.45,27,TWAVE,t,T-wave peak,t_peak,t,0,0,5,
121,489062,1358.5055555555555,40,WFOFF,),Waveform end,t_offset,t,0,0,2,
121,489182,1358.838888888889,39,WFON,(,Waveform onset,qrs_onset,qrs,0,0,1,
121,489210,1358.9166666666667,1,NORMAL,N,Normal beat,qrs_peak,qrs,0,0,0,
121,489234,1358.9833333333333,40,WFOFF,),Waveform end,qrs_offset,qrs,0,0,1,
121,489546,1359.85,39,WFON,(,Waveform onset,qrs_onset,qrs,0,0,1,
121,489560,1359.888888888889,1,NORMAL,N,Normal beat,qrs_peak,qrs,0,0,0,
121,489589,1359.9694444444444,40,WFOFF,),Waveform end,qrs_offset,qrs,0,0,1,
121,489908,1360.8555555555556,39,WFON,(,Waveform onset,qrs_onset,qrs,0,0,1,
121,489931,1360.9194444444445,1,NORMAL,N,Normal beat,qrs_peak,qrs,0,0,0,
121,490009,1361.1361111111112,40,WFOFF,),Waveform end,qrs_offset,qrs,0,0,1,
121,490013,1361.1472222222221,39,WFON,(,Waveform onset,t_onset,t,0,0,2,
121,490057,1361.2694444444444,27,TWAVE,t,T-wave peak,t_peak,t,0,0,0,
121,490099,1361.3861111111112,40,WFOFF,),Waveform end,t_offset,t,0,0,2,
121,490220,1361.7222222222222,39,WFON,(,Waveform onset,qrs_onset,qrs,0,0,1,
121,490257,1361.825,1,NORMAL,N,Normal beat,qrs_peak,qrs,0,0,0,
121,490323,1362.0083333333334,40,WFOFF,),Waveform end,qrs_offset,qrs,0,0,1,
121,490616,1362.8222222222223,39,WFON,(,Waveform onset,qrs_onset,qrs,0,0,1,
121,490654,1362.9277777777777,1,NORMAL,N,Normal beat,qrs_peak,qrs,0,0,0,
121,490730,1363.138888888889,40,WFOFF,),Waveform end,qrs_offset,qrs,0,0,1,
121,490737,1363.1583333333333,39,WFON,(,Waveform onset,t_onset,t,0,0,2,
121,490779,1363.275,27,TWAVE,t,T-wave peak,t_peak,t,0,0,0,
121,490818,1363.3833333333334,40,WFOFF,),Waveform end,t_offset,t,0,0,2,
121,490958,1363.7722222222221,39,WFON,(,Waveform onset,qrs_onset,qrs,0,0,1,
121,490988,1363.8555555555556,1,NORMAL,N,Normal beat,qrs_peak,qrs,0,0,0,
121,491055,1364.0416666666667,40,WFOFF,),Waveform end,qrs_offset,qrs,0,0,1,
121,491326,1364.7944444444445,39,WFON,(,Waveform onset,qrs_onset,qrs,0,0,1,
121,491361,1364.8916666666667,1,NORMAL,N,Normal beat,qrs_peak,qrs,0,0,0,
121,491426,1365.0722222222223,40,WFOFF,),Waveform end,qrs_offset,qrs,0,0,1,
121,491801,1366.1138888888888,39,WFON,(,Waveform onset,qrs_onset,qrs,0,0,1,
121,491817,1366.1583333333333,1,NORMAL,N,Normal beat,qrs_peak,qrs,0,0,0,
121,491835,1366.2083333333333,40,WFOFF,),Waveform end,qrs_offset,qrs,0,0,1,
121,491873,1366.3138888888889,39,WFON,(,Waveform onset,t_onset,t,0,0,2,
121,491896,1366.3777777777777,27,TWAVE,t,T-wave peak,t_peak,t,0,0,5,
121,492007,1366.6861111111111,27,TWAVE,t,T-wave peak,t_peak,t,0,0,5,
121,492013,1366.7027777777778,40,WFOFF,),Waveform end,t_offset,t,0,0,2,
121,492123,1367.0083333333334,39,WFON,(,Waveform onset,qrs_onset,qrs,0,0,1,
121,492153,1367.0916666666667,1,NORMAL,N,Normal beat,qrs_peak,qrs,0,0,0,
121,492180,1367.1666666666667,40,WFOFF,),Waveform end,qrs_offset,qrs,0,0,1,
121,492454,1367.9277777777777,39,WFON,(,Waveform onset,qrs_onset,qrs,0,0,1,
121,492489,1368.025,1,NORMAL,N,Normal beat,qrs_peak,qrs,0,0,0,
121,492556,1368.2111111111112,40,WFOFF,),Waveform end,qrs_offset,qrs,0,0,1,
121,492833,1368.9805555555556,39,WFON,(,Waveform onset,qrs_onset,qrs,0,0,1,
121,492861,1369.0583333333334,1,NORMAL,N,Normal beat,qrs_peak,qrs,0,0,0,
121,492929,1369.2472222222223,40,WFOFF,),Waveform end,qrs_offset,qrs,0,0,1,
121,493282,1370.2277777777779,1,NORMAL,N,Normal beat,qrs_peak,qrs,0,0,0,
121,493283,1370.2305555555556,39,WFON,(,Waveform onset,qrs_onset,qrs,0,0,1,
121,493320,1370.3333333333333,40,WFOFF,),Waveform end,qrs_offset,qrs,0,0,1,
121,493336,1370.3777777777777,39,WFON,(,Waveform onset,t_onset,t,0,0,2,
121,493400,1370.5555555555557,27,TWAVE,t,T-wave peak,t_peak,t,0,0,5,
121,493489,1370.8027777777777,27,TWAVE,t,T-wave peak,t_peak,t,0,0,5,
121,493504,1370.8444444444444,40,WFOFF,),Waveform end,t_offset,t,0,0,2,
121,493623,1371.175,39,WFON,(,Waveform onset,qrs_onset,qrs,0,0,1,
121,493643,1371.2305555555556,1,NORMAL,N,Normal beat,qrs_peak,qrs,0,0,0,
121,493696,1371.3777777777777,40,WFOFF,),Waveform end,qrs_offset,qrs,0,0,1,
121,493748,1371.5222222222221,39,WFON,(,Waveform onset,t_onset,t,0,0,2,
121,493770,1371.5833333333333,27,TWAVE,t,T-wave peak,t_peak,t,0,0,5,
121,493842,1371.7833333333333,27,TWAVE,t,T-wave peak,t_peak,t,0,0,5,
121,493850,1371.8055555555557,40,WFOFF,),Waveform end,t_offset,t,0,0,2,
121,494009,1372.2472222222223,39,WFON,(,Waveform onset,qrs_onset,qrs,0,0,1,
121,494026,1372.2944444444445,1,NORMAL,N,Normal beat,qrs_peak,qrs,0,0,0,
121,494078,1372.4388888888889,40,WFOFF,),Waveform end,qrs_offset,qrs,0,0,1,
121,494106,1372.5166666666667,39,WFON,(,Waveform onset,t_onset,t,0,0,2,
121,494149,1372.6361111111112,27,TWAVE,t,T-wave peak,t_peak,t,0,0,0,
121,494183,1372.7305555555556,40,WFOFF,),Waveform end,t_offset,t,0,0,2,
121,494284,1373.0111111111112,39,WFON,(,Waveform onset,qrs_onset,qrs,0,0,1,
121,494350,1373.1944444444443,1,NORMAL,N,Normal beat,qrs_peak,qrs,0,0,0,
121,494418,1373.3833333333334,40,WFOFF,),Waveform end,qrs_offset,qrs,0,0,1,
121,494711,1374.1972222222223,39,WFON,(,Waveform onset,qrs_onset,qrs,0,0,1,
121,494759,1374.3305555555555,1,NORMAL,N,Normal beat,qrs_peak,qrs,0,0,0,
121,494824,1374.5111111111112,40,WFOFF,),Waveform end,qrs_offset,qrs,0,0,1,
121,494856,1374.6,39,WFON,(,Waveform onset,t_onset,t,0,0,2,
121,494887,1374.6861111111111,27,TWAVE,t,T-wave peak,t_peak,t,0,0,0,
121,494936,1374.8222222222223,40,WFOFF,),Waveform end,t_offset,t,0,0,2,
121,495071,1375.1972222222223,39,WFON,(,Waveform onset,qrs_onset,qrs,0,0,1,
121,495105,1375.2916666666667,1,NORMAL,N,Normal beat,qrs_peak,qrs,0,0,0,
121,495171,1375.475,40,WFOFF,),Waveform end,qrs_offset,qrs,0,0,1,
121,495448,1376.2444444444445,39,WFON,(,Waveform onset,qrs_onset,qrs,0,0,1,
121,495479,1376.3305555555555,1,NORMAL,N,Normal beat,qrs_peak,qrs,0,0,0,
121,495541,1376.5027777777777,40,WFOFF,),Waveform end,qrs_offset,qrs,0,0,1,
121,495858,1377.3833333333334,39,WFON,(,Waveform onset,qrs_onset,qrs,0,0,1,
121,495886,1377.4611111111112,1,NORMAL,N,Normal beat,qrs_peak,qrs,0,0,0,
121,495916,1377.5444444444445,40,WFOFF,),Waveform end,qrs_offset,qrs,0,0,1,
121,496271,1378.5305555555556,1,NORMAL,N,Normal beat,qrs_peak,qrs,0,0,0,
121,496271,1378.5305555555556,39,WFON,(,Waveform onset,qrs_onset,qrs,0,0,1,
121,496311,1378.6416666666667,40,WFOFF,),Waveform end,qrs_offset,qrs,0,0,1,
121,496639,1379.5527777777777,39,WFON,(,Waveform onset,qrs_onset,qrs,0,0,1,
121,496667,1379.6305555555555,1,NORMAL,N,Normal beat,qrs_peak,qrs,0,0,0,
121,496687,1379.6861111111111,40,WFOFF,),Waveform end,qrs_offset,qrs,0,0,1,
121,496721,1379.7805555555556,39,WFON,(,Waveform onset,t_onset,t,0,0,2,
121,496761,1379.8916666666667,27,TWAVE,t,T-wave peak,t_peak,t,0,0,5,
121,496846,1380.1277777777777,27,TWAVE,t,T-wave peak,t_peak,t,0,0,5,
121,496877,1380.213888888889,40,WFOFF,),Waveform end,t_offset,t,0,0,2,
121,497012,1380.588888888889,39,WFON,(,Waveform onset,qrs_onset,qrs,0,0,1,
121,497039,1380.6638888888888,1,NORMAL,N,Normal beat,qrs_peak,qrs,0,0,0,
121,497058,1380.7166666666667,40,WFOFF,),Waveform end,qrs_offset,qrs,0,0,1,
121,497102,1380.838888888889,39,WFON,(,Waveform onset,t_onset,t,0,0,2,
121,497130,1380.9166666666667,27,TWAVE,t,T-wave peak,t_peak,t,0,0,5,
121,497251,1381.2527777777777,27,TWAVE,t,T-wave peak,t_peak,t,0,0,5,
121,497272,1381.3111111111111,40,WFOFF,),Waveform end,t_offset,t,0,0,2,
121,497382,1381.6166666666666,39,WFON,(,Waveform onset,qrs_onset,qrs,0,0,1,
121,497406,1381.6833333333334,1,NORMAL,N,Normal beat,qrs_peak,qrs,0,0,0,
121,497429,1381.7472222222223,40,WFOFF,),Waveform end,qrs_offset,qrs,0,0,1,
121,497452,1381.8111111111111,39,WFON,(,Waveform onset,t_onset,t,0,0,2,
121,497507,1381.963888888889,27,TWAVE,t,T-wave peak,t_peak,t,0,0,5,
121,497648,1382.3555555555556,27,TWAVE,t,T-wave peak,t_peak,t,0,0,5,
121,497657,1382.3805555555555,40,WFOFF,),Waveform end,t_offset,t,0,0,2,
121,497744,1382.6222222222223,39,WFON,(,Waveform onset,qrs_onset,qrs,0,0,1,
121,497763,1382.675,1,NORMAL,N,Normal beat,qrs_peak,qrs,0,0,0,
121,497784,1382.7333333333333,40,WFOFF,),Waveform end,qrs_offset,qrs,0,0,1,
121,497830,1382.861111111111,39,WFON,(,Waveform onset,t_onset,t,0,0,2,
121,497857,1382.9361111111111,27,TWAVE,t,T-wave peak,t_peak,t,0,0,5,
121,497964,1383.2333333333333,27,TWAVE,t,T-wave peak,t_peak,t,0,0,5,
121,497981,1383.2805555555556,40,WFOFF,),Waveform end,t_offset,t,0,0,2,
121,498105,1383.625,39,WFON,(,Waveform onset,qrs_onset,qrs,0,0,1,
121,498125,1383.6805555555557,1,NORMAL,N,Normal beat,qrs_peak,qrs,0,0,0,
121,498149,1383.7472222222223,40,WFOFF,),Waveform end,qrs_offset,qrs,0,0,1,
121,498176,1383.8222222222223,39,WFON,(,Waveform onset,t_onset,t,0,0,2,
121,498220,1383.9444444444443,27,TWAVE,t,T-wave peak,t_peak,t,0,0,5,
121,498324,1384.2333333333333,27,TWAVE,t,T-wave peak,t_peak,t,0,0,5,
121,498344,1384.2888888888888,40,WFOFF,),Waveform end,t_offset,t,0,0,2,
121,498463,1384.6194444444445,39,WFON,(,Waveform onset,qrs_onset,qrs,0,0,1,
121,498484,1384.6777777777777,1,NORMAL,N,Normal beat,qrs_peak,qrs,0,0,0,
121,498507,1384.7416666666666,40,WFOFF,),Waveform end,qrs_offset,qrs,0,0,1,
121,498540,1384.8333333333333,39,WFON,(,Waveform onset,t_onset,t,0,0,2,
121,498576,1384.9333333333334,27,TWAVE,t,T-wave peak,t_peak,t,0,0,5,
121,498707,1385.2972222222222,27,TWAVE,t,T-wave peak,t_peak,t,0,0,5,
121,498747,1385.4083333333333,40,WFOFF,),Waveform end,t_offset,t,0,0,2,
121,498835,1385.6527777777778,39,WFON,(,Waveform onset,qrs_onset,qrs,0,0,1,
121,498853,1385.7027777777778,1,NORMAL,N,Normal beat,qrs_peak,qrs,0,0,0,
121,498872,1385.7555555555555,40,WFOFF,),Waveform end,qrs_offset,qrs,0,0,1,
121,498885,1385.7916666666667,39,WFON,(,Waveform onset,t_onset,t,0,0,2,
121,498947,1385.963888888889,27,TWAVE,t,T-wave peak,t_peak,t,0,0,5,
121,499037,1386.213888888889,27,TWAVE,t,T-wave peak,t_peak,t,0,0,5,
121,499066,1386.2944444444445,40,WFOFF,),Waveform end,t_offset,t,0,0,2,
121,499206,1386.6833333333334,39,WFON,(,Waveform onset,qrs_onset,qrs,0,0,1,
121,499227,1386.7416666666666,1,NORMAL,N,Normal beat,qrs_peak,qrs,0,0,0,
121,499245,1386.7916666666667,40,WFOFF,),Waveform end,qrs_offset,qrs,0,0,1,
121,499290,1386.9166666666667,39,WFON,(,Waveform onset,t_onset,t,0,0,2,
121,499323,1387.0083333333334,27,TWAVE,t,T-wave peak,t_peak,t,0,0,5,
121,499413,1387.2583333333334,27,TWAVE,t,T-wave peak,t_peak,t,0,0,5,
121,499428,1387.3,40,WFOFF,),Waveform end,t_offset,t,0,0,2,
121,499580,1387.7222222222222,39,WFON,(,Waveform onset,qrs_onset,qrs,0,0,1,
121,499598,1387.7722222222221,1,NORMAL,N,Normal beat,qrs_peak,qrs,0,0,0,
121,499618,1387.8277777777778,40,WFOFF,),Waveform end,qrs_offset,qrs,0,0,1,
121,499666,1387.9611111111112,39,WFON,(,Waveform onset,t_onset,t,0,0,2,
121,499691,1388.0305555555556,27,TWAVE,t,T-wave peak,t_peak,t,0,0,5,
121,499787,1388.2972222222222,27,TWAVE,t,T-wave peak,t_peak,t,0,0,5,
121,499827,1388.4083333333333,40,WFOFF,),Waveform end,t_offset,t,0,0,2,
121,499952,1388.7555555555555,39,WFON,(,Waveform onset,qrs_onset,qrs,0,0,1,
121,499975,1388.8194444444443,1,NORMAL,N,Normal beat,qrs_peak,qrs,0,0,0,
121,499998,1388.8833333333334,40,WFOFF,),Waveform end,qrs_offset,qrs,0,0,1,
121,500049,1389.025,39,WFON,(,Waveform onset,t_onset,t,0,0,2,
121,500071,1389.0861111111112,27,TWAVE,t,T-wave peak,t_peak,t,0,0,0,
121,500111,1389.1972222222223,40,WFOFF,),Waveform end,t_offset,t,0,0,2,
121,500325,1389.7916666666667,39,WFON,(,Waveform onset,qrs_onset,qrs,0,0,1,
121,500349,1389.8583333333333,1,NORMAL,N,Normal beat,qrs_peak,qrs,0,0,0,
121,500364,1389.9,40,WFOFF,),Waveform end,qrs_offset,qrs,0,0,1,
121,500383,1389.9527777777778,39,WFON,(,Waveform onset,t_onset,t,0,0,2,
121,500443,1390.1194444444445,27,TWAVE,t,T-wave peak,t_peak,t,0,0,5,
121,500590,1390.5277777777778,27,TWAVE,t,T-wave peak,t_peak,t,0,0,5,
121,500599,1390.5527777777777,40,WFOFF,),Waveform end,t_offset,t,0,0,2,
121,500695,1390.8194444444443,39,WFON,(,Waveform onset,qrs_onset,qrs,0,0,1,
121,500714,1390.8722222222223,1,NORMAL,N,Normal beat,qrs_peak,qrs,0,0,0,
121,500732,1390.9222222222222,40,WFOFF,),Waveform end,qrs_offset,qrs,0,0,1,
121,500770,1391.0277777777778,39,WFON,(,Waveform onset,t_onset,t,0,0,2,
121,500803,1391.1194444444445,27,TWAVE,t,T-wave peak,t_peak,t,0,0,5,
121,500914,1391.4277777777777,27,TWAVE,t,T-wave peak,t_peak,t,0,0,5,
121,500934,1391.4833333333333,40,WFOFF,),Waveform end,t_offset,t,0,0,2,
121,501070,1391.861111111111,39,WFON,(,Waveform onset,qrs_onset,qrs,0,0,1,
121,501094,1391.9277777777777,1,NORMAL,N,Normal beat,qrs_peak,qrs,0,0,0,
121,501115,1391.986111111111,40,WFOFF,),Waveform end,qrs_offset,qrs,0,0,1,
121,501146,1392.0722222222223,39,WFON,(,Waveform onset,t_onset,t,0,0,2,
121,501190,1392.1944444444443,27,TWAVE,t,T-wave peak,t_peak,t,0,0,5,
121,501284,1392.4555555555555,27,TWAVE,t,T-wave peak,t_peak,t,0,0,5,
121,501305,1392.513888888889,40,WFOFF,),Waveform end,t_offset,t,0,0,2,
121,501454,1392.9277777777777,39,WFON,(,Waveform onset,qrs_onset,qrs,0,0,1,
121,501476,1392.9888888888888,1,NORMAL,N,Normal beat,qrs_peak,qrs,0,0,0,
121,501498,1393.05,40,WFOFF,),Waveform end,qrs_offset,qrs,0,0,1,
121,501549,1393.1916666666666,39,WFON,(,Waveform onset,t_onset,t,0,0,2,
121,501571,1393.2527777777777,27,TWAVE,t,T-wave peak,t_peak,t,0,0,5,
121,501687,1393.575,27,TWAVE,t,T-wave peak,t_peak,t,0,0,5,
121,501729,1393.6916666666666,40,WFOFF,),Waveform end,t_offset,t,0,0,2,
121,501839,1393.9972222222223,39,WFON,(,Waveform onset,qrs_onset,qrs,0,0,1,
121,501857,1394.0472222222222,1,NORMAL,N,Normal beat,qrs_peak,qrs,0,0,0,
121,501887,1394.1305555555555,40,WFOFF,),Waveform end,qrs_offset,qrs,0,0,1,
121,501923,1394.2305555555556,39,WFON,(,Waveform onset,t_onset,t,0,0,2,
121,501953,1394.3138888888889,27,TWAVE,t,T-wave peak,t_peak,t,0,0,5,
121,502084,1394.6777777777777,27,TWAVE,t,T-wave peak,t_peak,t,0,0,5,
121,502099,1394.7194444444444,40,WFOFF,),Waveform end,t_offset,t,0,0,2,
121,502221,1395.0583333333334,39,WFON,(,Waveform onset,qrs_onset,qrs,0,0,1,
121,502243,1395.1194444444445,1,NORMAL,N,Normal beat,qrs_peak,qrs,0,0,0,
121,502268,1395.1888888888889,40,WFOFF,),Waveform end,qrs_offset,qrs,0,0,1,
121,502308,1395.3,39,WFON,(,Waveform onset,t_onset,t,0,0,2,
121,502336,1395.3777777777777,27,TWAVE,t,T-wave peak,t_peak,t,0,0,5,
121,502429,1395.6361111111112,27,TWAVE,t,T-wave peak,t_peak,t,0,0,5,
121,502461,1395.725,40,WFOFF,),Waveform end,t_offset,t,0,0,2,
121,502593,1396.0916666666667,39,WFON,(,Waveform onset,qrs_onset,qrs,0,0,1,
121,502617,1396.1583333333333,1,NORMAL,N,Normal beat,qrs_peak,qrs,0,0,0,
121,502640,1396.2222222222222,40,WFOFF,),Waveform end,qrs_offset,qrs,0,0,1,
121,502680,1396.3333333333333,39,WFON,(,Waveform onset,t_onset,t,0,0,2,
121,502711,1396.4194444444445,27,TWAVE,t,T-wave peak,t_peak,t,0,0,5,
121,502795,1396.6527777777778,27,TWAVE,t,T-wave peak,t_peak,t,0,0,5,
121,502844,1396.7888888888888,40,WFOFF,),Waveform end,t_offset,t,0,0,2,
121,502980,1397.1666666666667,39,WFON,(,Waveform onset,qrs_onset,qrs,0,0,1,
121,502996,1397.2111111111112,1,NORMAL,N,Normal beat,qrs_peak,qrs,0,0,0,
121,503013,1397.2583333333334,40,WFOFF,),Waveform end,qrs_offset,qrs,0,0,1,
121,503028,1397.3,39,WFON,(,Waveform onset,t_onset,t,0,0,2,
121,503092,1397.4777777777779,27,TWAVE,t,T-wave peak,t_peak,t,0,0,5,
121,503220,1397.8333333333333,27,TWAVE,t,T-wave peak,t_peak,t,0,0,5,
121,503241,1397.8916666666667,40,WFOFF,),Waveform end,t_offset,t,0,0,2,
121,503365,1398.236111111111,39,WFON,(,Waveform onset,qrs_onset,qrs,0,0,1,
121,503384,1398.2888888888888,1,NORMAL,N,Normal beat,qrs_peak,qrs,0,0,0,
121,503408,1398.3555555555556,40,WFOFF,),Waveform end,qrs_offset,qrs,0,0,1,
121,503449,1398.4694444444444,39,WFON,(,Waveform onset,t_onset,t,0,0,2,
121,503481,1398.5583333333334,27,TWAVE,t,T-wave peak,t_peak,t,0,0,5,
121,503601,1398.8916666666667,27,TWAVE,t,T-wave peak,t_peak,t,0,0,5,
121,503612,1398.9222222222222,40,WFOFF,),Waveform end,t_offset,t,0,0,2,
121,503749,1399.3027777777777,39,WFON,(,Waveform onset,qrs_onset,qrs,0,0,1,
121,503766,1399.35,1,NORMAL,N,Normal beat,qrs_peak,qrs,0,0,0,
121,503787,1399.4083333333333,40,WFOFF,),Waveform end,qrs_offset,qrs,0,0,1,
121,503831,1399.5305555555556,39,WFON,(,Waveform onset,t_onset,t,0,0,2,
121,503855,1399.5972222222222,27,TWAVE,t,T-wave peak,t_peak,t,0,0,5,
121,503988,1399.9666666666667,27,TWAVE,t,T-wave peak,t_peak,t,0,0,5,
121,503997,1399.9916666666666,40,WFOFF,),Waveform end,t_offset,t,0,0,2,
121,504130,1400.361111111111,39,WFON,(,Waveform onset,qrs_onset,qrs,0,0,1,
121,504150,1400.4166666666667,1,NORMAL,N,Normal beat,qrs_peak,qrs,0,0,0,
121,504168,1400.4666666666667,40,WFOFF,),Waveform end,qrs_offset,qrs,0,0,1,
121,504207,1400.575,39,WFON,(,Waveform onset,t_onset,t,0,0,2,
121,504241,1400.6694444444445,27,TWAVE,t,T-wave peak,t_peak,t,0,0,5,
121,504361,1401.0027777777777,27,TWAVE,t,T-wave peak,t_peak,t,0,0,5,
121,504391,1401.0861111111112,40,WFOFF,),Waveform end,t_offset,t,0,0,2,
121,504513,1401.425,39,WFON,(,Waveform onset,qrs_onset,qrs,0,0,1,
121,504533,1401.4805555555556,1,NORMAL,N,Normal beat,qrs_peak,qrs,0,0,0,
121,504561,1401.5583333333334,40,WFOFF,),Waveform end,qrs_offset,qrs,0,0,1,
121,504589,1401.6361111111112,39,WFON,(,Waveform onset,t_onset,t,0,0,2,
121,504630,1401.75,27,TWAVE,t,T-wave peak,t_peak,t,0,0,5,
121,504722,1402.0055555555555,27,TWAVE,t,T-wave peak,t_peak,t,0,0,5,
121,504767,1402.1305555555555,40,WFOFF,),Waveform end,t_offset,t,0,0,2,
121,504898,1402.4944444444445,39,WFON,(,Waveform onset,qrs_onset,qrs,0,0,1,
121,504921,1402.5583333333334,1,NORMAL,N,Normal beat,qrs_peak,qrs,0,0,0,
121,504946,1402.6277777777777,40,WFOFF,),Waveform end,qrs_offset,qrs,0,0,1,
121,504993,1402.7583333333334,39,WFON,(,Waveform onset,t_onset,t,0,0,2,
121,505020,1402.8333333333333,27,TWAVE,t,T-wave peak,t_peak,t,0,0,5,
121,505110,1403.0833333333333,27,TWAVE,t,T-wave peak,t_peak,t,0,0,5,
121,505126,1403.1277777777777,40,WFOFF,),Waveform end,t_offset,t,0,0,2,
121,505282,1403.5611111111111,39,WFON,(,Waveform onset,qrs_onset,qrs,0,0,1,
121,505304,1403.6222222222223,1,NORMAL,N,Normal beat,qrs_peak,qrs,0,0,0,
121,505331,1403.6972222222223,40,WFOFF,),Waveform end,qrs_offset,qrs,0,0,1,
121,505366,1403.7944444444445,39,WFON,(,Waveform onset,t_onset,t,0,0,2,
121,505400,1403.888888888889,27,TWAVE,t,T-wave peak,t_peak,t,0,0,5,
121,505489,1404.1361111111112,27,TWAVE,t,T-wave peak,t_peak,t,0,0,5,
121,505498,1404.161111111111,40,WFOFF,),Waveform end,t_offset,t,0,0,2,
121,505655,1404.5972222222222,39,WFON,(,Waveform onset,qrs_onset,qrs,0,0,1,
121,505679,1404.6638888888888,1,NORMAL,N,Normal beat,qrs_peak,qrs,0,0,0,
121,505694,1404.7055555555555,40,WFOFF,),Waveform end,qrs_offset,qrs,0,0,1,
121,505730,1404.8055555555557,39,WFON,(,Waveform onset,t_onset,t,0,0,2,
121,505773,1404.925,27,TWAVE,t,T-wave peak,t_peak,t,0,0,5,
121,505850,1405.138888888889,27,TWAVE,t,T-wave peak,t_peak,t,0,0,5,
121,505881,1405.225,40,WFOFF,),Waveform end,t_offset,t,0,0,2,
121,506042,1405.6722222222222,39,WFON,(,Waveform onset,qrs_onset,qrs,0,0,1,
121,506060,1405.7222222222222,1,NORMAL,N,Normal beat,qrs_peak,qrs,0,0,0,
121,506075,1405.763888888889,40,WFOFF,),Waveform end,qrs_offset,qrs,0,0,1,
121,506127,1405.9083333333333,39,WFON,(,Waveform onset,t_onset,t,0,0,2,
121,506154,1405.9833333333333,27,TWAVE,t,T-wave peak,t_peak,t,0,0,5,
121,506260,1406.2777777777778,27,TWAVE,t,T-wave peak,t_peak,t,0,0,5,
121,506291,1406.3638888888888,40,WFOFF,),Waveform end,t_offset,t,0,0,2,
121,506409,1406.6916666666666,39,WFON,(,Waveform onset,qrs_onset,qrs,0,0,1,
121,506438,1406.7722222222221,1,NORMAL,N,Normal beat,qrs_peak,qrs,0,0,0,
121,506453,1406.8138888888889,40,WFOFF,),Waveform end,qrs_offset,qrs,0,0,1,
121,506500,1406.9444444444443,39,WFON,(,Waveform onset,t_onset,t,0,0,2,
121,506536,1407.0444444444445,27,TWAVE,t,T-wave peak,t_peak,t,0,0,5,
121,506676,1407.4333333333334,27,TWAVE,t,T-wave peak,t_peak,t,0,0,5,
121,506687,1407.463888888889,40,WFOFF,),Waveform end,t_offset,t,0,0,2,
121,506797,1407.7694444444444,39,WFON,(,Waveform onset,qrs_onset,qrs,0,0,1,
121,506820,1407.8333333333333,1,NORMAL,N,Normal beat,qrs_peak,qrs,0,0,0,
121,506841,1407.8916666666667,40,WFOFF,),Waveform end,qrs_offset,qrs,0,0,1,
121,506882,1408.0055555555555,39,WFON,(,Waveform onset,t_onset,t,0,0,2,
121,506914,1408.0944444444444,27,TWAVE,t,T-wave peak,t_peak,t,0,0,5,
121,507002,1408.338888888889,27,TWAVE,t,T-wave peak,t_peak,t,0,0,5,
121,507070,1408.5277777777778,40,WFOFF,),Waveform end,t_offset,t,0,0,2,
121,507179,1408.8305555555555,39,WFON,(,Waveform onset,qrs_onset,qrs,0,0,1,
121,507203,1408.8972222222221,1,NORMAL,N,Normal beat,qrs_peak,qrs,0,0,0,
121,507227,1408.963888888889,40,WFOFF,),Waveform end,qrs_offset,qrs,0,0,1,
121,507230,1408.9722222222222,39,WFON,(,Waveform onset,t_onset,t,0,0,2,
121,507294,1409.15,27,TWAVE,t,T-wave peak,t_peak,t,0,0,5,
121,507384,1409.4,27,TWAVE,t,T-wave peak,t_peak,t,0,0,5,
121,507416,1409.4888888888888,40,WFOFF,),Waveform end,t_offset,t,0,0,2,
121,507551,1409.8638888888888,39,WFON,(,Waveform onset,qrs_onset,qrs,0,0,1,
121,507579,1409.9416666666666,1,NORMAL,N,Normal beat,qrs_peak,qrs,0,0,0,
121,507594,1409.9833333333333,40,WFOFF,),Waveform end,qrs_offset,qrs,0,0,1,
121,507603,1410.0083333333334,39,WFON,(,Waveform onset,t_onset,t,0,0,2,
121,507621,1410.0583333333334,27,TWAVE,t,T-wave peak,t_peak,t,0,0,5,
121,507748,1410.411111111111,27,TWAVE,t,T-wave peak,t_peak,t,0,0,5,
121,507798,1410.55,40,WFOFF,),Waveform end,t_offset,t,0,0,2,
121,507943,1410.9527777777778,39,WFON,(,Waveform onset,qrs_onset,qrs,0,0,1,
121,507962,1411.0055555555555,1,NORMAL,N,Normal beat,qrs_peak,qrs,0,0,0,
121,507983,1411.0638888888889,40,WFOFF,),Waveform end,qrs_offset,qrs,0,0,1,
121,508037,1411.213888888889,39,WFON,(,Waveform onset,t_onset,t,0,0,2,
121,508057,1411.2694444444444,27,TWAVE,t,T-wave peak,t_peak,t,0,0,5,
121,508226,1411.7388888888888,27,TWAVE,t,T-wave peak,t_peak,t,0,0,5,
121,508235,1411.763888888889,40,WFOFF,),Waveform end,t_offset,t,0,0,2,
121,508310,1411.9722222222222,39,WFON,(,Waveform onset,qrs_onset,qrs,0,0,1,
121,508338,1412.05,1,NORMAL,N,Normal beat,qrs_peak,qrs,0,0,0,
121,508351,1412.0861111111112,40,WFOFF,),Waveform end,qrs_offset,qrs,0,0,1,
121,508417,1412.2694444444444,39,WFON,(,Waveform onset,t_onset,t,0,0,2,
121,508431,1412.3083333333334,27,TWAVE,t,T-wave peak,t_peak,t,0,0,5,
121,508516,1412.5444444444445,27,TWAVE,t,T-wave peak,t_peak,t,0,0,5,
121,508537,1412.6027777777779,40,WFOFF,),Waveform end,t_offset,t,0,0,2,
121,508692,1413.0333333333333,39,WFON,(,Waveform onset,qrs_onset,qrs,0,0,1,
121,508709,1413.0805555555555,1,NORMAL,N,Normal beat,qrs_peak,qrs,0,0,0,
121,508733,1413.1472222222221,40,WFOFF,),Waveform end,qrs_offset,qrs,0,0,1,
121,508769,1413.2472222222223,39,WFON,(,Waveform onset,t_onset,t,0,0,2,
121,508803,1413.3416666666667,27,TWAVE,t,T-wave peak,t_peak,t,0,0,5,
121,508902,1413.6166666666666,27,TWAVE,t,T-wave peak,t_peak,t,0,0,5,
121,508943,1413.7305555555556,40,WFOFF,),Waveform end,t_offset,t,0,0,2,
121,509066,1414.0722222222223,39,WFON,(,Waveform onset,qrs_onset,qrs,0,0,1,
121,509088,1414.1333333333334,1,NORMAL,N,Normal beat,qrs_peak,qrs,0,0,0,
121,509111,1414.1972222222223,40,WFOFF,),Waveform end,qrs_offset,qrs,0,0,1,
121,509126,1414.2388888888888,39,WFON,(,Waveform onset,t_onset,t,0,0,2,
121,509185,1414.4027777777778,27,TWAVE,t,T-wave peak,t_peak,t,0,0,5,
121,509295,1414.7083333333333,27,TWAVE,t,T-wave peak,t_peak,t,0,0,5,
121,509339,1414.8305555555555,40,WFOFF,),Waveform end,t_offset,t,0,0,2,
121,509450,1415.138888888889,39,WFON,(,Waveform onset,qrs_onset,qrs,0,0,1,
121,509472,1415.2,1,NORMAL,N,Normal beat,qrs_peak,qrs,0,0,0,
121,509495,1415.263888888889,40,WFOFF,),Waveform end,qrs_offset,qrs,0,0,1,
121,509540,1415.388888888889,39,WFON,(,Waveform onset,t_onset,t,0,0,2,
121,509565,1415.4583333333333,27,TWAVE,t,T-wave peak,t_peak,t,0,0,5,
121,509741,1415.9472222222223,27,TWAVE,t,T-wave peak,t_peak,t,0,0,5,
121,509750,1415.9722222222222,40,WFOFF,),Waveform end,t_offset,t,0,0,2,
121,509837,1416.213888888889,39,WFON,(,Waveform onset,qrs_onset,qrs,0,0,1,
121,509855,1416.263888888889,1,NORMAL,N,Normal beat,qrs_peak,qrs,0,0,0,
121,509878,1416.3277777777778,40,WFOFF,),Waveform end,qrs_offset,qrs,0,0,1,
121,509919,1416.4416666666666,39,WFON,(,Waveform onset,t_onset,t,0,0,2,
121,509944,1416.5111111111112,27,TWAVE,t,T-wave peak,t_peak,t,0,0,5,
121,510121,1417.0027777777777,27,TWAVE,t,T-wave peak,t_peak,t,0,0,5,
121,510131,1417.0305555555556,40,WFOFF,),Waveform end,t_offset,t,0,0,2,
121,510217,1417.2694444444444,39,WFON,(,Waveform onset,qrs_onset,qrs,0,0,1,
121,510243,1417.3416666666667,1,NORMAL,N,Normal beat,qrs_peak,qrs,0,0,0,
121,510264,1417.4,40,WFOFF,),Waveform end,qrs_offset,qrs,0,0,1,
121,510299,1417.4972222222223,39,WFON,(,Waveform onset,t_onset,t,0,0,2,
121,510336,1417.6,27,TWAVE,t,T-wave peak,t_peak,t,0,0,5,
121,510476,1417.9888888888888,27,TWAVE,t,T-wave peak,t_peak,t,0,0,5,
121,510495,1418.0416666666667,40,WFOFF,),Waveform end,t_offset,t,0,0,2,
121,510602,1418.338888888889,39,WFON,(,Waveform onset,qrs_onset,qrs,0,0,1,
121,510625,1418.4027777777778,1,NORMAL,N,Normal beat,qrs_peak,qrs,0,0,0,
121,510647,1418.463888888889,40,WFOFF,),Waveform end,qrs_offset,qrs,0,0,1,
121,510689,1418.5805555555555,39,WFON,(,Waveform onset,t_onset,t,0,0,2,
121,510721,1418.6694444444445,27,TWAVE,t,T-wave peak,t_peak,t,0,0,5,
121,510843,1419.0083333333334,27,TWAVE,t,T-wave peak,t_peak,t,0,0,5,
121,510874,1419.0944444444444,40,WFOFF,),Waveform end,t_offset,t,0,0,2,
121,510973,1419.3694444444445,39,WFON,(,Waveform onset,qrs_onset,qrs,0,0,1,
121,511003,1419.4527777777778,1,NORMAL,N,Normal beat,qrs_peak,qrs,0,0,0,
121,511022,1419.5055555555555,40,WFOFF,),Waveform end,qrs_offset,qrs,0,0,1,
121,511062,1419.6166666666666,39,WFON,(,Waveform onset,t_onset,t,0,0,2,
121,511100,1419.7222222222222,27,TWAVE,t,T-wave peak,t_peak,t,0,0,5,
121,511196,1419.9888888888888,27,TWAVE,t,T-wave peak,t_peak,t,0,0,5,
121,511211,1420.0305555555556,40,WFOFF,),Waveform end,t_offset,t,0,0,2,
121,511358,1420.4388888888889,39,WFON,(,Waveform onset,qrs_onset,qrs,0,0,1,
121,511379,1420.4972222222223,1,NORMAL,N,Normal beat,qrs_peak,qrs,0,0,0,
121,511406,1420.5722222222223,40,WFOFF,),Waveform end,qrs_offset,qrs,0,0,1,
121,511455,1420.7083333333333,39,WFON,(,Waveform onset,t_onset,t,0,0,2,
121,511470,1420.75,27,TWAVE,t,T-wave peak,t_peak,t,0,0,5,
121,511568,1421.0222222222221,27,TWAVE,t,T-wave peak,t_peak,t,0,0,5,
121,511610,1421.138888888889,40,WFOFF,),Waveform end,t_offset,t,0,0,2,
121,511732,1421.4777777777779,39,WFON,(,Waveform onset,qrs_onset,qrs,0,0,1,
121,511749,1421.525,1,NORMAL,N,Normal beat,qrs_peak,qrs,0,0,0,
121,511767,1421.575,40,WFOFF,),Waveform end,qrs_offset,qrs,0,0,1,
121,511804,1421.6777777777777,39,WFON,(,Waveform onset,t_onset,t,0,0,2,
121,511843,1421.786111111111,27,TWAVE,t,T-wave peak,t_peak,t,0,0,5,
121,511939,1422.0527777777777,27,TWAVE,t,T-wave peak,t_peak,t,0,0,5,
121,511990,1422.1944444444443,40,WFOFF,),Waveform end,t_offset,t,0,0,2,
121,512107,1422.5194444444444,39,WFON,(,Waveform onset,qrs_onset,qrs,0,0,1,
121,512127,1422.575,1,NORMAL,N,Normal beat,qrs_peak,qrs,0,0,0,
121,512142,1422.6166666666666,40,WFOFF,),Waveform end,qrs_offset,qrs,0,0,1,
121,512192,1422.7555555555555,39,WFON,(,Waveform onset,t_onset,t,0,0,2,
121,512224,1422.8444444444444,27,TWAVE,t,T-wave peak,t_peak,t,0,0,5,
121,512315,1423.0972222222222,27,TWAVE,t,T-wave peak,t_peak,t,0,0,5,
121,512328,1423.1333333333334,40,WFOFF,),Waveform end,t_offset,t,0,0,2,
121,512490,1423.5833333333333,39,WFON,(,Waveform onset,qrs_onset,qrs,0,0,1,
121,512508,1423.6333333333334,1,NORMAL,N,Normal beat,qrs_peak,qrs,0,0,0,
121,512521,1423.6694444444445,40,WFOFF,),Waveform end,qrs_offset,qrs,0,0,1,
121,512573,1423.8138888888889,39,WFON,(,Waveform onset,t_onset,t,0,0,2,
121,512605,1423.9027777777778,27,TWAVE,t,T-wave peak,t_peak,t,0,0,5,
121,512721,1424.225,27,TWAVE,t,T-wave peak,t_peak,t,0,0,5,
121,512734,1424.2611111111112,40,WFOFF,),Waveform end,t_offset,t,0,0,2,
121,512859,1424.6083333333333,39,WFON,(,Waveform onset,qrs_onset,qrs,0,0,1,
121,512884,1424.6777777777777,1,NORMAL,N,Normal beat,qrs_peak,qrs,0,0,0,
121,512900,1424.7222222222222,40,WFOFF,),Waveform end,qrs_offset,qrs,0,0,1,
121,512909,1424.7472222222223,39,WFON,(,Waveform onset,t_onset,t,0,0,2,
121,512975,1424.9305555555557,27,TWAVE,t,T-wave peak,t_peak,t,0,0,5,
121,513141,1425.3916666666667,27,TWAVE,t,T-wave peak,t_peak,t,0,0,5,
121,513157,1425.4361111111111,40,WFOFF,),Waveform end,t_offset,t,0,0,2,
121,513230,1425.638888888889,39,WFON,(,Waveform onset,qrs_onset,qrs,0,0,1,
121,513260,1425.7222222222222,1,NORMAL,N,Normal beat,qrs_peak,qrs,0,0,0,
121,513274,1425.7611111111112,40,WFOFF,),Waveform end,qrs_offset,qrs,0,0,1,
121,513307,1425.8527777777779,39,WFON,(,Waveform onset,t_onset,t,0,0,2,
121,513351,1425.975,27,TWAVE,t,T-wave peak,t_peak,t,0,0,5,
121,513441,1426.225,27,TWAVE,t,T-wave peak,t_peak,t,0,0,5,
121,513478,1426.3277777777778,40,WFOFF,),Waveform end,t_offset,t,0,0,2,
121,513621,1426.725,39,WFON,(,Waveform onset,qrs_onset,qrs,0,0,1,
121,513640,1426.7777777777778,1,NORMAL,N,Normal beat,qrs_peak,qrs,0,0,0,
121,513655,1426.8194444444443,40,WFOFF,),Waveform end,qrs_offset,qrs,0,0,1,
121,513676,1426.8777777777777,39,WFON,(,Waveform onset,t_onset,t,0,0,2,
121,513735,1427.0416666666667,27,TWAVE,t,T-wave peak,t_peak,t,0,0,5,
121,513833,1427.3138888888889,27,TWAVE,t,T-wave peak,t_peak,t,0,0,5,
121,513877,1427.4361111111111,40,WFOFF,),Waveform end,t_offset,t,0,0,2,
121,513999,1427.775,39,WFON,(,Waveform onset,qrs_onset,qrs,0,0,1,
121,514025,1427.8472222222222,1,NORMAL,N,Normal beat,qrs_peak,qrs,0,0,0,
121,514046,1427.9055555555556,40,WFOFF,),Waveform end,qrs_offset,qrs,0,0,1,
121,514097,1428.0472222222222,39,WFON,(,Waveform onset,t_onset,t,0,0,2,
121,514120,1428.111111111111,27,TWAVE,t,T-wave peak,t_peak,t,0,0,0,
121,514170,1428.25,40,WFOFF,),Waveform end,t_offset,t,0,0,2,
121,514383,1428.8416666666667,39,WFON,(,Waveform onset,qrs_onset,qrs,0,0,1,
121,514404,1428.9,1,NORMAL,N,Normal beat,qrs_peak,qrs,0,0,0,
121,514421,1428.9472222222223,40,WFOFF,),Waveform end,qrs_offset,qrs,0,0,1,
121,514460,1429.0555555555557,39,WFON,(,Waveform onset,t_onset,t,0,0,2,
121,514493,1429.1472222222221,27,TWAVE,t,T-wave peak,t_peak,t,0,0,5,
121,514601,1429.4472222222223,27,TWAVE,t,T-wave peak,t_peak,t,0,0,5,
121,514657,1429.6027777777779,40,WFOFF,),Waveform end,t_offset,t,0,0,2,
121,514757,1429.8805555555555,39,WFON,(,Waveform onset,qrs_onset,qrs,0,0,1,
121,514776,1429.9333333333334,1,NORMAL,N,Normal beat,qrs_peak,qrs,0,0,0,
121,514804,1430.0111111111112,40,WFOFF,),Waveform end,qrs_offset,qrs,0,0,1,
121,514831,1430.0861111111112,39,WFON,(,Waveform onset,t_onset,t,0,0,2,
121,514867,1430.1861111111111,27,TWAVE,t,T-wave peak,t_peak,t,0,0,5,
121,514963,1430.4527777777778,27,TWAVE,t,T-wave peak,t_peak,t,0,0,5,
121,514992,1430.5333333333333,40,WFOFF,),Waveform end,t_offset,t,0,0,2,
121,515129,1430.9138888888888,39,WFON,(,Waveform onset,qrs_onset,qrs,0,0,1,
121,515146,1430.9611111111112,1,NORMAL,N,Normal beat,qrs_peak,qrs,0,0,0,
121,515166,1431.0166666666667,40,WFOFF,),Waveform end,qrs_offset,qrs,0,0,1,
121,515203,1431.1194444444445,39,WFON,(,Waveform onset,t_onset,t,0,0,2,
121,515245,1431.236111111111,27,TWAVE,t,T-wave peak,t_peak,t,0,0,5,
121,515334,1431.4833333333333,27,TWAVE,t,T-wave peak,t_peak,t,0,0,5,
121,515372,1431.588888888889,40,WFOFF,),Waveform end,t_offset,t,0,0,2,
121,515502,1431.95,39,WFON,(,Waveform onset,qrs_onset,qrs,0,0,1,
121,515518,1431.9944444444445,1,NORMAL,N,Normal beat,qrs_peak,qrs,0,0,0,
121,515536,1432.0444444444445,40,WFOFF,),Waveform end,qrs_offset,qrs,0,0,1,
121,515577,1432.1583333333333,39,WFON,(,Waveform onset,t_onset,t,0,0,2,
121,515614,1432.2611111111112,27,TWAVE,t,T-wave peak,t_peak,t,0,0,5,
121,515744,1432.6222222222223,27,TWAVE,t,T-wave peak,t_peak,t,0,0,5,
121,515751,1432.6416666666667,40,WFOFF,),Waveform end,t_offset,t,0,0,2,
121,515850,1432.9166666666667,39,WFON,(,Waveform onset,qrs_onset,qrs,0,0,1,
121,515878,1432.9944444444445,1,NORMAL,N,Normal beat,qrs_peak,qrs,0,0,0,
121,515890,1433.0277777777778,40,WFOFF,),Waveform end,qrs_offset,qrs,0,0,1,
121,515948,1433.1888888888889,39,WFON,(,Waveform onset,t_onset,t,0,0,2,
121,515966,1433.2388888888888,27,TWAVE,t,T-wave peak,t_peak,t,0,0,5,
121,516047,1433.463888888889,27,TWAVE,t,T-wave peak,t_peak,t,0,0,5,
121,516097,1433.6027777777779,40,WFOFF,),Waveform end,t_offset,t,0,0,2,
121,516220,1433.9444444444443,39,WFON,(,Waveform onset,qrs_onset,qrs,0,0,1,
121,516241,1434.0027777777777,1,NORMAL,N,Normal beat,qrs_peak,qrs,0,0,0,
121,516261,1434.0583333333334,40,WFOFF,),Waveform end,qrs_offset,qrs,0,0,1,
121,516297,1434.1583333333333,39,WFON,(,Waveform onset,t_onset,t,0,0,2,
121,516338,1434.2722222222221,27,TWAVE,t,T-wave peak,t_peak,t,0,0,5,
121,516428,1434.5222222222221,27,TWAVE,t,T-wave peak,t_peak,t,0,0,5,
121,516439,1434.5527777777777,40,WFOFF,),Waveform end,t_offset,t,0,0,2,
121,516583,1434.9527777777778,39,WFON,(,Waveform onset,qrs_onset,qrs,0,0,1,
121,516606,1435.0166666666667,1,NORMAL,N,Normal beat,qrs_peak,qrs,0,0,0,
121,516626,1435.0722222222223,40,WFOFF,),Waveform end,qrs_offset,qrs,0,0,1,
121,516676,1435.2111111111112,39,WFON,(,Waveform onset,t_onset,t,0,0,2,
121,516701,1435.2805555555556,27,TWAVE,t,T-wave peak,t_peak,t,0,0,0,
121,516738,1435.3833333333334,40,WFOFF,),Waveform end,t_offset,t,0,0,2,
121,516953,1435.9805555555556,39,WFON,(,Waveform onset,qrs_onset,qrs,0,0,1,
121,516973,1436.036111111111,1,NORMAL,N,Normal beat,qrs_peak,qrs,0,0,0,
121,516997,1436.1027777777779,40,WFOFF,),Waveform end,qrs_offset,qrs,0,0,1,
121,517049,1436.2472222222223,39,WFON,(,Waveform onset,t_onset,t,0,0,2,
121,517070,1436.3055555555557,27,TWAVE,t,T-wave peak,t_peak,t,0,0,5,
121,517215,1436.7083333333333,27,TWAVE,t,T-wave peak,t_peak,t,0,0,5,
121,517236,1436.7666666666667,40,WFOFF,),Waveform end,t_offset,t,0,0,2,
121,517315,1436.986111111111,39,WFON,(,Waveform onset,qrs_onset,qrs,0,0,1,
121,517341,1437.0583333333334,1,NORMAL,N,Normal beat,qrs_peak,qrs,0,0,0,
121,517362,1437.1166666666666,40,WFOFF,),Waveform end,qrs_offset,qrs,0,0,1,
121,517400,1437.2222222222222,39,WFON,(,Waveform onset,t_onset,t,0,0,2,
121,517435,1437.3194444444443,27,TWAVE,t,T-wave peak,t_peak,t,0,0,5,
121,517542,1437.6166666666666,27,TWAVE,t,T-wave peak,t_peak,t,0,0,5,
121,517552,1437.6444444444444,40,WFOFF,),Waveform end,t_offset,t,0,0,2,
121,517694,1438.0388888888888,39,WFON,(,Waveform onset,qrs_onset,qrs,0,0,1,
121,517710,1438.0833333333333,1,NORMAL,N,Normal beat,qrs_peak,qrs,0,0,0,
121,517727,1438.1305555555555,40,WFOFF,),Waveform end,qrs_offset,qrs,0,0,1,
121,517753,1438.2027777777778,39,WFON,(,Waveform onset,t_onset,t,0,0,2,
121,517804,1438.3444444444444,27,TWAVE,t,T-wave peak,t_peak,t,0,0,0,
121,517896,1438.6,40,WFOFF,),Waveform end,t_offset,t,0,0,2,
121,518044,1439.0111111111112,39,WFON,(,Waveform onset,qrs_onset,qrs,0,0,1,
121,518059,1439.0527777777777,1,NORMAL,N,Normal beat,qrs_peak,qrs,0,0,0,
121,518075,1439.0972222222222,40,WFOFF,),Waveform end,qrs_offset,qrs,0,0,1,
121,518134,1439.2611111111112,39,WFON,(,Waveform onset,t_onset,t,0,0,2,
121,518155,1439.3194444444443,27,TWAVE,t,T-wave peak,t_peak,t,0,0,5,
121,518277,1439.6583333333333,27,TWAVE,t,T-wave peak,t_peak,t,0,0,5,
121,518317,1439.7694444444444,40,WFOFF,),Waveform end,t_offset,t,0,0,2,
121,518413,1440.036111111111,39,WFON,(,Waveform onset,qrs_onset,qrs,0,0,1,
121,518431,1440.0861111111112,1,NORMAL,N,Normal beat,qrs_peak,qrs,0,0,0,
121,518446,1440.1277777777777,40,WFOFF,),Waveform end,qrs_offset,qrs,0,0,1,
121,518501,1440.2805555555556,39,WFON,(,Waveform onset,t_onset,t,0,0,2,
121,518523,1440.3416666666667,27,TWAVE,t,T-wave peak,t_peak,t,0,0,5,
121,518564,1440.4555555555555,27,TWAVE,t,T-wave peak,t_peak,t,0,0,5,
121,518576,1440.4888888888888,40,WFOFF,),Waveform end,t_offset,t,0,0,2,
121,518779,1441.0527777777777,39,WFON,(,Waveform onset,qrs_onset,qrs,0,0,1,
121,518800,1441.111111111111,1,NORMAL,N,Normal beat,qrs_peak,qrs,0,0,0,
121,518819,1441.1638888888888,40,WFOFF,),Waveform end,qrs_offset,qrs,0,0,1,
121,518855,1441.263888888889,39,WFON,(,Waveform onset,t_onset,t,0,0,2,
121,518892,1441.3666666666666,27,TWAVE,t,T-wave peak,t_peak,t,0,0,5,
121,519020,1441.7222222222222,27,TWAVE,t,T-wave peak,t_peak,t,0,0,5,
121,519050,1441.8055555555557,40,WFOFF,),Waveform end,t_offset,t,0,0,2,
121,519141,1442.0583333333334,39,WFON,(,Waveform onset,qrs_onset,qrs,0,0,1,
121,519168,1442.1333333333334,1,NORMAL,N,Normal beat,qrs_peak,qrs,0,0,0,
121,519187,1442.1861111111111,40,WFOFF,),Waveform end,qrs_offset,qrs,0,0,1,
121,519216,1442.2666666666667,39,WFON,(,Waveform onset,t_onset,t,0,0,2,
121,519257,1442.3805555555555,27,TWAVE,t,T-wave peak,t_peak,t,0,0,5,
121,519363,1442.675,27,TWAVE,t,T-wave peak,t_peak,t,0,0,5,
121,519400,1442.7777777777778,40,WFOFF,),Waveform end,t_offset,t,0,0,2,
121,519522,1443.1166666666666,39,WFON,(,Waveform onset,qrs_onset,qrs,0,0,1,
121,519546,1443.1833333333334,1,NORMAL,N,Normal beat,qrs_peak,qrs,0,0,0,
121,519569,1443.2472222222223,40,WFOFF,),Waveform end,qrs_offset,qrs,0,0,1,
121,519609,1443.3583333333333,39,WFON,(,Waveform onset,t_onset,t,0,0,2,
121,519633,1443.425,27,TWAVE,t,T-wave peak,t_peak,t,0,0,5,
121,519754,1443.7611111111112,27,TWAVE,t,T-wave peak,t_peak,t,0,0,5,
121,519783,1443.8416666666667,40,WFOFF,),Waveform end,t_offset,t,0,0,2,
121,519895,1444.1527777777778,39,WFON,(,Waveform onset,qrs_onset,qrs,0,0,1,
121,519921,1444.225,1,NORMAL,N,Normal beat,qrs_peak,qrs,0,0,0,
121,519942,1444.2833333333333,40,WFOFF,),Waveform end,qrs_offset,qrs,0,0,1,
121,519985,1444.4027777777778,39,WFON,(,Waveform onset,t_onset,t,0,0,2,
121,520014,1444.4833333333333,27,TWAVE,t,T-wave peak,t_peak,t,0,0,5,
121,520109,1444.7472222222223,27,TWAVE,t,T-wave peak,t_peak,t,0,0,5,
121,520118,1444.7722222222221,40,WFOFF,),Waveform end,t_offset,t,0,0,2,
121,520281,1445.225,39,WFON,(,Waveform onset,qrs_onset,qrs,0,0,1,
121,520300,1445.2777777777778,1,NORMAL,N,Normal beat,qrs_peak,qrs,0,0,0,
121,520314,1445.3166666666666,40,WFOFF,),Waveform end,qrs_offset,qrs,0,0,1,
121,520360,1445.4444444444443,39,WFON,(,Waveform onset,t_onset,t,0,0,2,
121,520397,1445.5472222222222,27,TWAVE,t,T-wave peak,t_peak,t,0,0,0,
121,520440,1445.6666666666667,40,WFOFF,),Waveform end,t_offset,t,0,0,2,
121,520656,1446.2666666666667,39,WFON,(,Waveform onset,qrs_onset,qrs,0,0,1,
121,520674,1446.3166666666666,1,NORMAL,N,Normal beat,qrs_peak,qrs,0,0,0,
121,520689,1446.3583333333333,40,WFOFF,),Waveform end,qrs_offset,qrs,0,0,1,
121,520750,1446.5277777777778,39,WFON,(,Waveform onset,t_onset,t,0,0,2,
121,520767,1446.575,27,TWAVE,t,T-wave peak,t_peak,t,0,0,5,
121,520872,1446.8666666666666,27,TWAVE,t,T-wave peak,t_peak,t,0,0,5,
121,520932,1447.0333333333333,40,WFOFF,),Waveform end,t_offset,t,0,0,2,
121,521025,1447.2916666666667,39,WFON,(,Waveform onset,qrs_onset,qrs,0,0,1,
121,521043,1447.3416666666667,1,NORMAL,N,Normal beat,qrs_peak,qrs,0,0,0,
121,521057,1447.3805555555555,40,WFOFF,),Waveform end,qrs_offset,qrs,0,0,1,
121,521064,1447.4,39,WFON,(,Waveform onset,t_onset,t,0,0,2,
121,521133,1447.5916666666667,27,TWAVE,t,T-wave peak,t_peak,t,0,0,5,
121,521232,1447.8666666666666,27,TWAVE,t,T-wave peak,t_peak,t,0,0,5,
121,521247,1447.9083333333333,40,WFOFF,),Waveform end,t_offset,t,0,0,2,
121,521371,1448.2527777777777,39,WFON,(,Waveform onset,qrs_onset,qrs,0,0,1,
121,521389,1448.3027777777777,1,NORMAL,N,Normal beat,qrs_peak,qrs,0,0,0,
121,521404,1448.3444444444444,40,WFOFF,),Waveform end,qrs_offset,qrs,0,0,1,
121,521451,1448.475,39,WFON,(,Waveform onset,t_onset,t,0,0,2,
121,521488,1448.5777777777778,27,TWAVE,t,T-wave peak,t_peak,t,0,0,5,
121,521627,1448.963888888889,27,TWAVE,t,T-wave peak,t_peak,t,0,0,5,
121,521635,1448.986111111111,40,WFOFF,),Waveform end,t_offset,t,0,0,2,
121,521724,1449.2333333333333,39,WFON,(,Waveform onset,qrs_onset,qrs,0,0,1,
121,521742,1449.2833333333333,1,NORMAL,N,Normal beat,qrs_peak,qrs,0,0,0,
121,521756,1449.3222222222223,40,WFOFF,),Waveform end,qrs_offset,qrs,0,0,1,
121,521806,1449.4611111111112,39,WFON,(,Waveform onset,t_onset,t,0,0,2,
121,521837,1449.5472222222222,27,TWAVE,t,T-wave peak,t_peak,t,0,0,0,
121,521876,1449.6555555555556,40,WFOFF,),Waveform end,t_offset,t,0,0,2,
121,522090,1450.25,39,WFON,(,Waveform onset,qrs_onset,qrs,0,0,1,
121,522112,1450.3111111111111,1,NORMAL,N,Normal beat,qrs_peak,qrs,0,0,0,
121,522139,1450.3861111111112,40,WFOFF,),Waveform end,qrs_offset,qrs,0,0,1,
121,522166,1450.4611111111112,39,WFON,(,Waveform onset,t_onset,t,0,0,2,
121,522203,1450.5638888888889,27,TWAVE,t,T-wave peak,t_peak,t,0,0,5,
121,522290,1450.8055555555557,27,TWAVE,t,T-wave peak,t_peak,t,0,0,5,
121,522306,1450.85,40,WFOFF,),Waveform end,t_offset,t,0,0,2,
121,522451,1451.2527777777777,39,WFON,(,Waveform onset,qrs_onset,qrs,0,0,1,
121,522479,1451.3305555555555,1,NORMAL,N,Normal beat,qrs_peak,qrs,0,0,0,
121,522498,1451.3833333333334,40,WFOFF,),Waveform end,qrs_offset,qrs,0,0,1,
121,522535,1451.486111111111,39,WFON,(,Waveform onset,t_onset,t,0,0,2,
121,522570,1451.5833333333333,27,TWAVE,t,T-wave peak,t_peak,t,0,0,5,
121,522721,1452.0027777777777,27,TWAVE,t,T-wave peak,t_peak,t,0,0,5,
121,522738,1452.05,40,WFOFF,),Waveform end,t_offset,t,0,0,2,
121,522824,1452.2888888888888,39,WFON,(,Waveform onset,qrs_onset,qrs,0,0,1,
121,522845,1452.3472222222222,1,NORMAL,N,Normal beat,qrs_peak,qrs,0,0,0,
121,522871,1452.4194444444445,40,WFOFF,),Waveform end,qrs_offset,qrs,0,0,1,
121,522921,1452.5583333333334,39,WFON,(,Waveform onset,t_onset,t,0,0,2,
121,522940,1452.611111111111,27,TWAVE,t,T-wave peak,t_peak,t,0,0,0,
121,522980,1452.7222222222222,40,WFOFF,),Waveform end,t_offset,t,0,0,2,
121,523196,1453.3222222222223,39,WFON,(,Waveform onset,qrs_onset,qrs,0,0,1,
121,523216,1453.3777777777777,1,NORMAL,N,Normal beat,qrs_peak,qrs,0,0,0,
121,523233,1453.425,40,WFOFF,),Waveform end,qrs_offset,qrs,0,0,1,
121,523273,1453.536111111111,39,WFON,(,Waveform onset,t_onset,t,0,0,2,
121,523312,1453.6444444444444,27,TWAVE,t,T-wave peak,t_peak,t,0,0,5,
121,523441,1454.0027777777777,27,TWAVE,t,T-wave peak,t_peak,t,0,0,5,
121,523485,1454.125,40,WFOFF,),Waveform end,t_offset,t,0,0,2,
121,523567,1454.3527777777779,39,WFON,(,Waveform onset,qrs_onset,qrs,0,0,1,
121,523595,1454.4305555555557,1,NORMAL,N,Normal beat,qrs_peak,qrs,0,0,0,
121,523615,1454.486111111111,40,WFOFF,),Waveform end,qrs_offset,qrs,0,0,1,
121,523619,1454.4972222222223,39,WFON,(,Waveform onset,t_onset,t,0,0,2,
121,523687,1454.6861111111111,27,TWAVE,t,T-wave peak,t_peak,t,0,0,5,
121,523813,1455.036111111111,27,TWAVE,t,T-wave peak,t_peak,t,0,0,5,
121,523842,1455.1166666666666,40,WFOFF,),Waveform end,t_offset,t,0,0,2,
121,523953,1455.425,39,WFON,(,Waveform onset,qrs_onset,qrs,0,0,1,
121,523972,1455.4777777777779,1,NORMAL,N,Normal beat,qrs_peak,qrs,0,0,0,
121,524000,1455.5555555555557,40,WFOFF,),Waveform end,qrs_offset,qrs,0,0,1,
121,524043,1455.675,39,WFON,(,Waveform onset,t_onset,t,0,0,2,
121,524063,1455.7305555555556,27,TWAVE,t,T-wave peak,t_peak,t,0,0,5,
121,524217,1456.1583333333333,27,TWAVE,t,T-wave peak,t_peak,t,0,0,5,
121,524228,1456.1888888888889,40,WFOFF,),Waveform end,t_offset,t,0,0,2,
121,524325,1456.4583333333333,39,WFON,(,Waveform onset,qrs_onset,qrs,0,0,1,
121,524353,1456.536111111111,1,NORMAL,N,Normal beat,qrs_peak,qrs,0,0,0,
121,524372,1456.588888888889,40,WFOFF,),Waveform end,qrs_offset,qrs,0,0,1,
121,524423,1456.7305555555556,39,WFON,(,Waveform onset,t_onset,t,0,0,2,
121,524448,1456.8,27,TWAVE,t,T-wave peak,t_peak,t,0,0,0,
121,524486,1456.9055555555556,40,WFOFF,),Waveform end,t_offset,t,0,0,2,
121,524710,1457.5277777777778,39,WFON,(,Waveform onset,qrs_onset,qrs,0,0,1,
121,524732,1457.588888888889,1,NORMAL,N,Normal beat,qrs_peak,qrs,0,0,0,
121,524754,1457.65,40,WFOFF,),Waveform end,qrs_offset,qrs,0,0,1,
121,524798,1457.7722222222221,39,WFON,(,Waveform onset,t_onset,t,0,0,2,
121,524827,1457.8527777777779,27,TWAVE,t,T-wave peak,t_peak,t,0,0,5,
121,524996,1458.3222222222223,27,TWAVE,t,T-wave peak,t_peak,t,0,0,5,
121,525009,1458.3583333333333,40,WFOFF,),Waveform end,t_offset,t,0,0,2,
121,525096,1458.6,39,WFON,(,Waveform onset,qrs_onset,qrs,0,0,1,
121,525115,1458.6527777777778,1,NORMAL,N,Normal beat,qrs_peak,qrs,0,0,0,
121,525141,1458.725,40,WFOFF,),Waveform end,qrs_offset,qrs,0,0,1,
121,525171,1458.8083333333334,39,WFON,(,Waveform onset,t_onset,t,0,0,2,
121,525207,1458.9083333333333,27,TWAVE,t,T-wave peak,t_peak,t,0,0,5,
121,525303,1459.175,27,TWAVE,t,T-wave peak,t_peak,t,0,0,5,
121,525329,1459.2472222222223,40,WFOFF,),Waveform end,t_offset,t,0,0,2,
121,525465,1459.625,39,WFON,(,Waveform onset,qrs_onset,qrs,0,0,1,
121,525493,1459.7027777777778,1,NORMAL,N,Normal beat,qrs_peak,qrs,0,0,0,
121,525507,1459.7416666666666,40,WFOFF,),Waveform end,qrs_offset,qrs,0,0,1,
121,525551,1459.8638888888888,39,WFON,(,Waveform onset,t_onset,t,0,0,2,
121,525591,1459.975,27,TWAVE,t,T-wave peak,t_peak,t,0,0,5,
121,525712,1460.3111111111111,27,TWAVE,t,T-wave peak,t_peak,t,0,0,5,
121,525741,1460.3916666666667,40,WFOFF,),Waveform end,t_offset,t,0,0,2,
121,525853,1460.7027777777778,39,WFON,(,Waveform onset,qrs_onset,qrs,0,0,1,
121,525872,1460.7555555555555,1,NORMAL,N,Normal beat,qrs_peak,qrs,0,0,0,
121,525887,1460.7972222222222,40,WFOFF,),Waveform end,qrs_offset,qrs,0,0,1,
121,525937,1460.9361111111111,39,WFON,(,Waveform onset,t_onset,t,0,0,2,
121,525968,1461.0222222222221,27,TWAVE,t,T-wave peak,t_peak,t,0,0,5,
121,526068,1461.3,27,TWAVE,t,T-wave peak,t_peak,t,0,0,5,
121,526088,1461.3555555555556,40,WFOFF,),Waveform end,t_offset,t,0,0,2,
121,526129,1461.4694444444444,39,WFON,(,Waveform onset,p_onset,p,0,0,0,
121,526154,1461.5388888888888,24,PWAVE,p,P-wave peak,p_peak,p,0,0,0,
121,526193,1461.6472222222221,40,WFOFF,),Waveform end,p_offset,p,0,0,0,
121,526223,1461.7305555555556,39,WFON,(,Waveform onset,qrs_onset,qrs,0,0,1,
121,526249,1461.8027777777777,1,NORMAL,N,Normal beat,qrs_peak,qrs,0,0,0,
121,526270,1461.861111111111,40,WFOFF,),Waveform end,qrs_offset,qrs,0,0,1,
121,526310,1461.9722222222222,39,WFON,(,Waveform onset,t_onset,t,0,0,2,
121,526343,1462.0638888888889,27,TWAVE,t,T-wave peak,t_peak,t,0,0,0,
121,526382,1462.1722222222222,40,WFOFF,),Waveform end,t_offset,t,0,0,2,
121,526607,1462.7972222222222,39,WFON,(,Waveform onset,qrs_onset,qrs,0,0,1,
121,526626,1462.85,1,NORMAL,N,Normal beat,qrs_peak,qrs,0,0,0,
121,526639,1462.8861111111112,40,WFOFF,),Waveform end,qrs_offset,qrs,0,0,1,
121,526694,1463.0388888888888,39,WFON,(,Waveform onset,t_onset,t,0,0,2,
121,526715,1463.0972222222222,27,TWAVE,t,T-wave peak,t_peak,t,0,0,5,
121,526836,1463.4333333333334,27,TWAVE,t,T-wave peak,t_peak,t,0,0,5,
121,526879,1463.5527777777777,40,WFOFF,),Waveform end,t_offset,t,0,0,2,
121,526965,1463.7916666666667,39,WFON,(,Waveform onset,qrs_onset,qrs,0,0,1,
121,526993,1463.8694444444445,1,NORMAL,N,Normal beat,qrs_peak,qrs,0,0,0,
121,527013,1463.925,40,WFOFF,),Waveform end,qrs_offset,qrs,0,0,1,
121,527059,1464.0527777777777,39,WFON,(,Waveform onset,t_onset,t,0,0,2,
121,527084,1464.1222222222223,27,TWAVE,t,T-wave peak,t_peak,t,0,0,5,
121,527219,1464.4972222222223,27,TWAVE,t,T-wave peak,t_peak,t,0,0,5,
121,527230,1464.5277777777778,40,WFOFF,),Waveform end,t_offset,t,0,0,2,
121,527338,1464.8277777777778,39,WFON,(,Waveform onset,qrs_onset,qrs,0,0,1,
121,527361,1464.8916666666667,1,NORMAL,N,Normal beat,qrs_peak,qrs,0,0,0,
121,527385,1464.9583333333333,40,WFOFF,),Waveform end,qrs_offset,qrs,0,0,1,
121,527437,1465.1027777777779,39,WFON,(,Waveform onset,t_onset,t,0,0,2,
121,527457,1465.1583333333333,27,TWAVE,t,T-wave peak,t_peak,t,0,0,5,
121,527560,1465.4444444444443,27,TWAVE,t,T-wave peak,t_peak,t,0,0,5,
121,527612,1465.588888888889,40,WFOFF,),Waveform end,t_offset,t,0,0,2,
121,527711,1465.8638888888888,39,WFON,(,Waveform onset,qrs_onset,qrs,0,0,1,
121,527737,1465.9361111111111,1,NORMAL,N,Normal beat,qrs_peak,qrs,0,0,0,
121,527757,1465.9916666666666,40,WFOFF,),Waveform end,qrs_offset,qrs,0,0,1,
121,527806,1466.1277777777777,39,WFON,(,Waveform onset,t_onset,t,0,0,2,
121,527828,1466.1888888888889,27,TWAVE,t,T-wave peak,t_peak,t,0,0,5,
121,527916,1466.4333333333334,27,TWAVE,t,T-wave peak,t_peak,t,0,0,5,
121,527957,1466.5472222222222,40,WFOFF,),Waveform end,t_offset,t,0,0,2,
121,528071,1466.8638888888888,39,WFON,(,Waveform onset,qrs_onset,qrs,0,0,1,
121,528100,1466.9444444444443,1,NORMAL,N,Normal beat,qrs_peak,qrs,0,0,0,
121,528114,1466.9833333333333,40,WFOFF,),Waveform end,qrs_offset,qrs,0,0,1,
121,528157,1467.1027777777779,39,WFON,(,Waveform onset,t_onset,t,0,0,2,
121,528190,1467.1944444444443,27,TWAVE,t,T-wave peak,t_peak,t,0,0,0,
121,528228,1467.3,40,WFOFF,),Waveform end,t_offset,t,0,0,2,
121,528431,1467.8638888888888,39,WFON,(,Waveform onset,qrs_onset,qrs,0,0,1,
121,528455,1467.9305555555557,1,NORMAL,N,Normal beat,qrs_peak,qrs,0,0,0,
121,528477,1467.9916666666666,40,WFOFF,),Waveform end,qrs_offset,qrs,0,0,1,
121,528519,1468.1083333333333,39,WFON,(,Waveform onset,t_onset,t,0,0,2,
121,528549,1468.1916666666666,27,TWAVE,t,T-wave peak,t_peak,t,0,0,5,
121,528686,1468.5722222222223,27,TWAVE,t,T-wave peak,t_peak,t,0,0,5,
121,528702,1468.6166666666666,40,WFOFF,),Waveform end,t_offset,t,0,0,2,
121,528793,1468.8694444444445,39,WFON,(,Waveform onset,qrs_onset,qrs,0,0,1,
121,528816,1468.9333333333334,1,NORMAL,N,Normal beat,qrs_peak,qrs,0,0,0,
121,528838,1468.9944444444445,40,WFOFF,),Waveform end,qrs_offset,qrs,0,0,1,
121,528887,1469.1305555555555,39,WFON,(,Waveform onset,t_onset,t,0,0,2,
121,528908,1469.1888888888889,27,TWAVE,t,T-wave peak,t_peak,t,0,0,5,
121,529025,1469.513888888889,27,TWAVE,t,T-wave peak,t_peak,t,0,0,5,
121,529052,1469.588888888889,40,WFOFF,),Waveform end,t_offset,t,0,0,2,
121,529166,1469.9055555555556,39,WFON,(,Waveform onset,qrs_onset,qrs,0,0,1,
121,529184,1469.9555555555555,1,NORMAL,N,Normal beat,qrs_peak,qrs,0,0,0,
121,529199,1469.9972222222223,40,WFOFF,),Waveform end,qrs_offset,qrs,0,0,1,
121,529226,1470.0722222222223,39,WFON,(,Waveform onset,t_onset,t,0,0,2,
121,529278,1470.2166666666667,27,TWAVE,t,T-wave peak,t_peak,t,0,0,0,
121,529313,1470.3138888888889,40,WFOFF,),Waveform end,t_offset,t,0,0,2,
121,529523,1470.8972222222221,39,WFON,(,Waveform onset,qrs_onset,qrs,0,0,1,
121,529554,1470.9833333333333,1,NORMAL,N,Normal beat,qrs_peak,qrs,0,0,0,
121,529567,1471.0194444444444,40,WFOFF,),Waveform end,qrs_offset,qrs,0,0,1,
121,529612,1471.1444444444444,39,WFON,(,Waveform onset,t_onset,t,0,0,2,
121,529647,1471.2416666666666,27,TWAVE,t,T-wave peak,t_peak,t,0,0,5,
121,529741,1471.5027777777777,27,TWAVE,t,T-wave peak,t_peak,t,0,0,5,
121,529770,1471.5833333333333,40,WFOFF,),Waveform end,t_offset,t,0,0,2,
121,529900,1471.9444444444443,39,WFON,(,Waveform onset,qrs_onset,qrs,0,0,1,
121,529920,1472.0,1,NORMAL,N,Normal beat,qrs_peak,qrs,0,0,0,
121,529933,1472.036111111111,40,WFOFF,),Waveform end,qrs_offset,qrs,0,0,1,
121,529982,1472.1722222222222,39,WFON,(,Waveform onset,t_onset,t,0,0,2,
121,530013,1472.2583333333334,27,TWAVE,t,T-wave peak,t_peak,t,0,0,5,
121,530121,1472.5583333333334,27,TWAVE,t,T-wave peak,t_peak,t,0,0,5,
121,530132,1472.588888888889,40,WFOFF,),Waveform end,t_offset,t,0,0,2,
121,530256,1472.9333333333334,39,WFON,(,Waveform onset,qrs_onset,qrs,0,0,1,
121,530283,1473.0083333333334,1,NORMAL,N,Normal beat,qrs_peak,qrs,0,0,0,
121,530303,1473.0638888888889,40,WFOFF,),Waveform end,qrs_offset,qrs,0,0,1,
121,530355,1473.2083333333333,39,WFON,(,Waveform onset,t_onset,t,0,0,2,
121,530380,1473.2777777777778,27,TWAVE,t,T-wave peak,t_peak,t,0,0,5,
121,530496,1473.6,27,TWAVE,t,T-wave peak,t_peak,t,0,0,5,
121,530507,1473.6305555555555,40,WFOFF,),Waveform end,t_offset,t,0,0,2,
121,530627,1473.963888888889,39,WFON,(,Waveform onset,qrs_onset,qrs,0,0,1,
121,530653,1474.036111111111,1,NORMAL,N,Normal beat,qrs_peak,qrs,0,0,0,
121,530675,1474.0972222222222,40,WFOFF,),Waveform end,qrs_offset,qrs,0,0,1,
121,530704,1474.1777777777777,39,WFON,(,Waveform onset,t_onset,t,0,0,2,
121,530745,1474.2916666666667,27,TWAVE,t,T-wave peak,t_peak,t,0,0,5,
121,530846,1474.5722222222223,27,TWAVE,t,T-wave peak,t_peak,t,0,0,5,
121,530902,1474.7277777777779,40,WFOFF,),Waveform end,t_offset,t,0,0,2,
121,530974,1474.9277777777777,39,WFON,(,Waveform onset,qrs_onset,qrs,0,0,1,
121,531016,1475.0444444444445,1,NORMAL,N,Normal beat,qrs_peak,qrs,0,0,0,
121,531035,1475.0972222222222,40,WFOFF,),Waveform end,qrs_offset,qrs,0,0,1,
121,531066,1475.1833333333334,39,WFON,(,Waveform onset,t_onset,t,0,0,2,
121,531117,1475.325,27,TWAVE,t,T-wave peak,t_peak,t,0,0,0,
121,531206,1475.5722222222223,40,WFOFF,),Waveform end,t_offset,t,0,0,2,
121,531283,1475.786111111111,39,WFON,(,Waveform onset,qrs_onset,qrs,0,0,1,
121,531319,1475.8861111111112,1,NORMAL,N,Normal beat,qrs_peak,qrs,0,0,0,
121,531370,1476.0277777777778,40,WFOFF,),Waveform end,qrs_offset,qrs,0,0,1,
121,531659,1476.8305555555555,39,WFON,(,Waveform onset,qrs_onset,qrs,0,0,1,
121,531682,1476.8944444444444,1,NORMAL,N,Normal beat,qrs_peak,qrs,0,0,0,
121,531707,1476.963888888889,40,WFOFF,),Waveform end,qrs_offset,qrs,0,0,1,
121,531779,1477.1638888888888,39,WFON,(,Waveform onset,t_onset,t,0,0,2,
121,531841,1477.3361111111112,27,TWAVE,t,T-wave peak,t_peak,t,0,0,1,
121,531876,1477.4333333333334,40,WFOFF,),Waveform end,t_offset,t,0,0,2,
121,531968,1477.6888888888889,39,WFON,(,Waveform onset,qrs_onset,qrs,0,0,1,
121,532009,1477.8027777777777,1,NORMAL,N,Normal beat,qrs_peak,qrs,0,0,0,
121,532033,1477.8694444444445,40,WFOFF,),Waveform end,qrs_offset,qrs,0,0,1,
121,532067,1477.963888888889,39,WFON,(,Waveform onset,t_onset,t,0,0,2,
121,532074,1477.9833333333333,27,TWAVE,t,T-wave peak,t_peak,t,0,0,4,
121,532107,1478.075,27,TWAVE,t,T-wave peak,t_peak,t,0,0,4,
121,532171,1478.2527777777777,40,WFOFF,),Waveform end,t_offset,t,0,0,2,
121,532308,1478.6333333333334,39,WFON,(,Waveform onset,qrs_onset,qrs,0,0,1,
121,532338,1478.7166666666667,1,NORMAL,N,Normal beat,qrs_peak,qrs,0,0,0,
121,532355,1478.763888888889,40,WFOFF,),Waveform end,qrs_offset,qrs,0,0,1,
121,532406,1478.9055555555556,39,WFON,(,Waveform onset,t_onset,t,0,0,2,
121,532438,1478.9944444444445,27,TWAVE,t,T-wave peak,t_peak,t,0,0,0,
121,532455,1479.0416666666667,40,WFOFF,),Waveform end,t_offset,t,0,0,2,
121,532628,1479.5222222222221,39,WFON,(,Waveform onset,qrs_onset,qrs,0,0,1,
121,532640,1479.5555555555557,1,NORMAL,N,Normal beat,qrs_peak,qrs,0,0,0,
121,532680,1479.6666666666667,40,WFOFF,),Waveform end,qrs_offset,qrs,0,0,1,
121,532702,1479.7277777777779,39,WFON,(,Waveform onset,t_onset,t,0,0,2,
121,532770,1479.9166666666667,27,TWAVE,t,T-wave peak,t_peak,t,0,0,0,
121,532782,1479.95,40,WFOFF,),Waveform end,t_offset,t,0,0,2,
121,532974,1480.4833333333333,39,WFON,(,Waveform onset,qrs_onset,qrs,0,0,1,
121,532992,1480.5333333333333,1,NORMAL,N,Normal beat,qrs_peak,qrs,0,0,0,
121,533005,1480.5694444444443,40,WFOFF,),Waveform end,qrs_offset,qrs,0,0,1,
121,533293,1481.3694444444445,39,WFON,(,Waveform onset,qrs_onset,qrs,0,0,1,
121,533312,1481.4222222222222,1,NORMAL,N,Normal beat,qrs_peak,qrs,0,0,0,
121,533325,1481.4583333333333,40,WFOFF,),Waveform end,qrs_offset,qrs,0,0,1,
121,533378,1481.6055555555556,39,WFON,(,Waveform onset,t_onset,t,0,0,2,
121,533398,1481.661111111111,27,TWAVE,t,T-wave peak,t_peak,t,0,0,5,
121,533515,1481.986111111111,27,TWAVE,t,T-wave peak,t_peak,t,0,0,5,
121,533531,1482.0305555555556,40,WFOFF,),Waveform end,t_offset,t,0,0,2,
121,533615,1482.263888888889,39,WFON,(,Waveform onset,qrs_onset,qrs,0,0,1,
121,533644,1482.3444444444444,1,NORMAL,N,Normal beat,qrs_peak,qrs,0,0,0,
121,533658,1482.3833333333334,40,WFOFF,),Waveform end,qrs_offset,qrs,0,0,1,
121,533681,1482.4472222222223,39,WFON,(,Waveform onset,t_onset,t,0,0,2,
121,533731,1482.5861111111112,27,TWAVE,t,T-wave peak,t_peak,t,0,0,0,
121,533764,1482.6777777777777,40,WFOFF,),Waveform end,t_offset,t,0,0,2,
121,533955,1483.2083333333333,39,WFON,(,Waveform onset,qrs_onset,qrs,0,0,1,
121,533974,1483.2611111111112,1,NORMAL,N,Normal beat,qrs_peak,qrs,0,0,0,
121,533987,1483.2972222222222,40,WFOFF,),Waveform end,qrs_offset,qrs,0,0,1,
121,534009,1483.3583333333333,39,WFON,(,Waveform onset,t_onset,t,0,0,2,
121,534064,1483.5111111111112,27,TWAVE,t,T-wave peak,t_peak,t,0,0,0,
121,534101,1483.6138888888888,40,WFOFF,),Waveform end,t_offset,t,0,0,2,
121,534277,1484.1027777777779,39,WFON,(,Waveform onset,qrs_onset,qrs,0,0,1,
121,534307,1484.1861111111111,1,NORMAL,N,Normal beat,qrs_peak,qrs,0,0,0,
121,534320,1484.2222222222222,40,WFOFF,),Waveform end,qrs_offset,qrs,0,0,1,
121,534368,1484.3555555555556,39,WFON,(,Waveform onset,t_onset,t,0,0,2,
121,534397,1484.4361111111111,27,TWAVE,t,T-wave peak,t_peak,t,0,0,5,
121,534475,1484.6527777777778,27,TWAVE,t,T-wave peak,t_peak,t,0,0,5,
121,534502,1484.7277777777779,40,WFOFF,),Waveform end,t_offset,t,0,0,2,
121,534626,1485.0722222222223,39,WFON,(,Waveform onset,qrs_onset,qrs,0,0,1,
121,534645,1485.125,1,NORMAL,N,Normal beat,qrs_peak,qrs,0,0,0,
121,534659,1485.1638888888888,40,WFOFF,),Waveform end,qrs_offset,qrs,0,0,1,
121,534702,1485.2833333333333,39,WFON,(,Waveform onset,t_onset,t,0,0,2,
121,534739,1485.3861111111112,27,TWAVE,t,T-wave peak,t_peak,t,0,0,0,
121,534777,1485.4916666666666,40,WFOFF,),Waveform end,t_offset,t,0,0,2,
121,534950,1485.9722222222222,39,WFON,(,Waveform onset,qrs_onset,qrs,0,0,1,
121,534976,1486.0444444444445,1,NORMAL,N,Normal beat,qrs_peak,qrs,0,0,0,
121,534991,1486.0861111111112,40,WFOFF,),Waveform end,qrs_offset,qrs,0,0,1,
121,535036,1486.2111111111112,39,WFON,(,Waveform onset,t_onset,t,0,0,2,
121,535066,1486.2944444444445,27,TWAVE,t,T-wave peak,t_peak,t,0,0,5,
121,535179,1486.6083333333333,27,TWAVE,t,T-wave peak,t_peak,t,0,0,5,
121,535186,1486.6277777777777,40,WFOFF,),Waveform end,t_offset,t,0,0,2,
121,535287,1486.9083333333333,39,WFON,(,Waveform onset,qrs_onset,qrs,0,0,1,
121,535305,1486.9583333333333,1,NORMAL,N,Normal beat,qrs_peak,qrs,0,0,0,
121,535318,1486.9944444444445,40,WFOFF,),Waveform end,qrs_offset,qrs,0,0,1,
121,535336,1487.0444444444445,39,WFON,(,Waveform onset,t_onset,t,0,0,2,
121,535392,1487.2,27,TWAVE,t,T-wave peak,t_peak,t,0,0,5,
121,535483,1487.4527777777778,27,TWAVE,t,T-wave peak,t_peak,t,0,0,5,
121,535511,1487.5305555555556,40,WFOFF,),Waveform end,t_offset,t,0,0,2,
121,535624,1487.8444444444444,39,WFON,(,Waveform onset,qrs_onset,qrs,0,0,1,
121,535642,1487.8944444444444,1,NORMAL,N,Normal beat,qrs_peak,qrs,0,0,0,
121,535656,1487.9333333333334,40,WFOFF,),Waveform end,qrs_offset,qrs,0,0,1,
121,535683,1488.0083333333334,39,WFON,(,Waveform onset,t_onset,t,0,0,2,
121,535733,1488.1472222222221,27,TWAVE,t,T-wave peak,t_peak,t,0,0,0,
121,535769,1488.2472222222223,40,WFOFF,),Waveform end,t_offset,t,0,0,2,
121,535958,1488.7722222222221,39,WFON,(,Waveform onset,qrs_onset,qrs,0,0,1,
121,535975,1488.8194444444443,1,NORMAL,N,Normal beat,qrs_peak,qrs,0,0,0,
121,535991,1488.8638888888888,40,WFOFF,),Waveform end,qrs_offset,qrs,0,0,1,
121,536040,1489.0,39,WFON,(,Waveform onset,t_onset,t,0,0,2,
121,536064,1489.0666666666666,27,TWAVE,t,T-wave peak,t_peak,t,0,0,5,
121,536163,1489.3416666666667,27,TWAVE,t,T-wave peak,t_peak,t,0,0,5,
121,536182,1489.3944444444444,40,WFOFF,),Waveform end,t_offset,t,0,0,2,
121,536282,1489.6722222222222,39,WFON,(,Waveform onset,qrs_onset,qrs,0,0,1,
121,536308,1489.7444444444445,1,NORMAL,N,Normal beat,qrs_peak,qrs,0,0,0,
121,536322,1489.7833333333333,40,WFOFF,),Waveform end,qrs_offset,qrs,0,0,1,
121,536381,1489.9472222222223,39,WFON,(,Waveform onset,t_onset,t,0,0,2,
121,536399,1489.9972222222223,27,TWAVE,t,T-wave peak,t_peak,t,0,0,5,
121,536537,1490.3805555555555,27,TWAVE,t,T-wave peak,t_peak,t,0,0,5,
121,536548,1490.411111111111,40,WFOFF,),Waveform end,t_offset,t,0,0,2,
121,536634,1490.65,39,WFON,(,Waveform onset,qrs_onset,qrs,0,0,1,
121,536652,1490.7,1,NORMAL,N,Normal beat,qrs_peak,qrs,0,0,0,
121,536666,1490.7388888888888,40,WFOFF,),Waveform end,qrs_offset,qrs,0,0,1,
121,536708,1490.8555555555556,39,WFON,(,Waveform onset,t_onset,t,0,0,2,
121,536745,1490.9583333333333,27,TWAVE,t,T-wave peak,t_peak,t,0,0,5,
121,536840,1491.2222222222222,27,TWAVE,t,T-wave peak,t_peak,t,0,0,5,
121,536858,1491.2722222222221,40,WFOFF,),Waveform end,t_offset,t,0,0,2,
121,536966,1491.5722222222223,39,WFON,(,Waveform onset,qrs_onset,qrs,0,0,1,
121,536984,1491.6222222222223,1,NORMAL,N,Normal beat,qrs_peak,qrs,0,0,0,
121,537002,1491.6722222222222,40,WFOFF,),Waveform end,qrs_offset,qrs,0,0,1,
121,537019,1491.7194444444444,39,WFON,(,Waveform onset,t_onset,t,0,0,2,
121,537072,1491.8666666666666,27,TWAVE,t,T-wave peak,t_peak,t,0,0,5,
121,537162,1492.1166666666666,27,TWAVE,t,T-wave peak,t_peak,t,0,0,5,
121,537179,1492.1638888888888,40,WFOFF,),Waveform end,t_offset,t,0,0,2,
121,537303,1492.5083333333334,39,WFON,(,Waveform onset,qrs_onset,qrs,0,0,1,
121,537319,1492.5527777777777,1,NORMAL,N,Normal beat,qrs_peak,qrs,0,0,0,
121,537338,1492.6055555555556,40,WFOFF,),Waveform end,qrs_offset,qrs,0,0,1,
121,537378,1492.7166666666667,39,WFON,(,Waveform onset,t_onset,t,0,0,2,
121,537401,1492.7805555555556,27,TWAVE,t,T-wave peak,t_peak,t,0,0,5,
121,537525,1493.125,27,TWAVE,t,T-wave peak,t_peak,t,0,0,5,
121,537542,1493.1722222222222,40,WFOFF,),Waveform end,t_offset,t,0,0,2,
121,537640,1493.4444444444443,39,WFON,(,Waveform onset,qrs_onset,qrs,0,0,1,
121,537658,1493.4944444444445,1,NORMAL,N,Normal beat,qrs_peak,qrs,0,0,0,
121,537680,1493.5555555555557,40,WFOFF,),Waveform end,qrs_offset,qrs,0,0,1,
121,537681,1493.5583333333334,39,WFON,(,Waveform onset,t_onset,t,0,0,2,
121,537746,1493.7388888888888,27,TWAVE,t,T-wave peak,t_peak,t,0,0,5,
121,537853,1494.036111111111,27,TWAVE,t,T-wave peak,t_peak,t,0,0,5,
121,537870,1494.0833333333333,40,WFOFF,),Waveform end,t_offset,t,0,0,2,
121,537976,1494.3777777777777,39,WFON,(,Waveform onset,qrs_onset,qrs,0,0,1,
121,537993,1494.425,1,NORMAL,N,Normal beat,qrs_peak,qrs,0,0,0,
121,538012,1494.4777777777779,40,WFOFF,),Waveform end,qrs_offset,qrs,0,0,1,
121,538039,1494.5527777777777,39,WFON,(,Waveform onset,t_onset,t,0,0,2,
121,538082,1494.6722222222222,27,TWAVE,t,T-wave peak,t_peak,t,0,0,5,
121,538120,1494.7777777777778,27,TWAVE,t,T-wave peak,t_peak,t,0,0,5,
121,538131,1494.8083333333334,40,WFOFF,),Waveform end,t_offset,t,0,0,2,
121,538313,1495.3138888888889,39,WFON,(,Waveform onset,qrs_onset,qrs,0,0,1,
121,538340,1495.388888888889,1,NORMAL,N,Normal beat,qrs_peak,qrs,0,0,0,
121,538359,1495.4416666666666,40,WFOFF,),Waveform end,qrs_offset,qrs,0,0,1,
121,538395,1495.5416666666667,39,WFON,(,Waveform onset,t_onset,t,0,0,2,
121,538431,1495.6416666666667,27,TWAVE,t,T-wave peak,t_peak,t,0,0,5,
121,538517,1495.8805555555555,27,TWAVE,t,T-wave peak,t_peak,t,0,0,5,
121,538563,1496.0083333333334,40,WFOFF,),Waveform end,t_offset,t,0,0,2,
121,538671,1496.3083333333334,39,WFON,(,Waveform onset,qrs_onset,qrs,0,0,1,
121,538695,1496.375,1,NORMAL,N,Normal beat,qrs_peak,qrs,0,0,0,
121,538719,1496.4416666666666,40,WFOFF,),Waveform end,qrs_offset,qrs,0,0,1,
121,538766,1496.5722222222223,39,WFON,(,Waveform onset,t_onset,t,0,0,2,
121,538786,1496.6277777777777,27,TWAVE,t,T-wave peak,t_peak,t,0,0,5,
121,538882,1496.8944444444444,27,TWAVE,t,T-wave peak,t_peak,t,0,0,5,
121,538912,1496.9777777777779,40,WFOFF,),Waveform end,t_offset,t,0,0,2,
121,539022,1497.2833333333333,39,WFON,(,Waveform onset,qrs_onset,qrs,0,0,1,
121,539039,1497.3305555555555,1,NORMAL,N,Normal beat,qrs_peak,qrs,0,0,0,
121,539066,1497.4055555555556,40,WFOFF,),Waveform end,qrs_offset,qrs,0,0,1,
121,539080,1497.4444444444443,39,WFON,(,Waveform onset,t_onset,t,0,0,2,
121,539130,1497.5833333333333,27,TWAVE,t,T-wave peak,t_peak,t,0,0,5,
121,539227,1497.8527777777779,27,TWAVE,t,T-wave peak,t_peak,t,0,0,5,
121,539245,1497.9027777777778,40,WFOFF,),Waveform end,t_offset,t,0,0,2,
121,539357,1498.213888888889,39,WFON,(,Waveform onset,qrs_onset,qrs,0,0,1,
121,539379,1498.275,1,NORMAL,N,Normal beat,qrs_peak,qrs,0,0,0,
121,539402,1498.338888888889,40,WFOFF,),Waveform end,qrs_offset,qrs,0,0,1,
121,539416,1498.3777777777777,39,WFON,(,Waveform onset,t_onset,t,0,0,2,
121,539469,1498.525,27,TWAVE,t,T-wave peak,t_peak,t,0,0,5,
121,539578,1498.8277777777778,27,TWAVE,t,T-wave peak,t_peak,t,0,0,5,
121,539596,1498.8777777777777,40,WFOFF,),Waveform end,t_offset,t,0,0,2,
121,539715,1499.2083333333333,39,WFON,(,Waveform onset,qrs_onset,qrs,0,0,1,
121,539734,1499.2611111111112,1,NORMAL,N,Normal beat,qrs_peak,qrs,0,0,0,
121,539751,1499.3083333333334,40,WFOFF,),Waveform end,qrs_offset,qrs,0,0,1,
121,539794,1499.4277777777777,39,WFON,(,Waveform onset,t_onset,t,0,0,2,
121,539821,1499.5027777777777,27,TWAVE,t,T-wave peak,t_peak,t,0,0,5,
121,539924,1499.7888888888888,27,TWAVE,t,T-wave peak,t_peak,t,0,0,5,
121,539952,1499.8666666666666,40,WFOFF,),Waveform end,t_offset,t,0,0,2,
121,540053,1500.1472222222221,39,WFON,(,Waveform onset,qrs_onset,qrs,0,0,1,
121,540077,1500.213888888889,1,NORMAL,N,Normal beat,qrs_peak,qrs,0,0,0,
121,540099,1500.275,40,WFOFF,),Waveform end,qrs_offset,qrs,0,0,1,
121,540107,1500.2972222222222,39,WFON,(,Waveform onset,t_onset,t,0,0,2,
121,540170,1500.4722222222222,27,TWAVE,t,T-wave peak,t_peak,t,0,0,5,
121,540256,1500.7111111111112,27,TWAVE,t,T-wave peak,t_peak,t,0,0,5,
121,540278,1500.7722222222221,40,WFOFF,),Waveform end,t_offset,t,0,0,2,
121,540391,1501.0861111111112,39,WFON,(,Waveform onset,qrs_onset,qrs,0,0,1,
121,540415,1501.1527777777778,1,NORMAL,N,Normal beat,qrs_peak,qrs,0,0,0,
121,540435,1501.2083333333333,40,WFOFF,),Waveform end,qrs_offset,qrs,0,0,1,
121,540476,1501.3222222222223,39,WFON,(,Waveform onset,t_onset,t,0,0,2,
121,540504,1501.4,27,TWAVE,t,T-wave peak,t_peak,t,0,0,5,
121,540620,1501.7222222222222,27,TWAVE,t,T-wave peak,t_peak,t,0,0,5,
121,540636,1501.7666666666667,40,WFOFF,),Waveform end,t_offset,t,0,0,2,
121,540737,1502.0472222222222,39,WFON,(,Waveform onset,qrs_onset,qrs,0,0,1,
121,540763,1502.1194444444445,1,NORMAL,N,Normal beat,qrs_peak,qrs,0,0,0,
121,540783,1502.175,40,WFOFF,),Waveform end,qrs_offset,qrs,0,0,1,
121,540790,1502.1944444444443,39,WFON,(,Waveform onset,t_onset,t,0,0,2,
121,540855,1502.375,27,TWAVE,t,T-wave peak,t_peak,t,0,0,5,
121,540953,1502.6472222222221,27,TWAVE,t,T-wave peak,t_peak,t,0,0,5,
121,540985,1502.736111111111,40,WFOFF,),Waveform end,t_offset,t,0,0,2,
121,541086,1503.0166666666667,39,WFON,(,Waveform onset,qrs_onset,qrs,0,0,1,
121,541114,1503.0944444444444,1,NORMAL,N,Normal beat,qrs_peak,qrs,0,0,0,
121,541132,1503.1444444444444,40,WFOFF,),Waveform end,qrs_offset,qrs,0,0,1,
121,541145,1503.1805555555557,39,WFON,(,Waveform onset,t_onset,t,0,0,2,
121,541203,1503.3416666666667,27,TWAVE,t,T-wave peak,t_peak,t,0,0,5,
121,541281,1503.5583333333334,27,TWAVE,t,T-wave peak,t_peak,t,0,0,5,
121,541313,1503.6472222222221,40,WFOFF,),Waveform end,t_offset,t,0,0,2,
121,541447,1504.0194444444444,39,WFON,(,Waveform onset,qrs_onset,qrs,0,0,1,
121,541465,1504.0694444444443,1,NORMAL,N,Normal beat,qrs_peak,qrs,0,0,0,
121,541492,1504.1444444444444,40,WFOFF,),Waveform end,qrs_offset,qrs,0,0,1,
121,541534,1504.2611111111112,39,WFON,(,Waveform onset,t_onset,t,0,0,2,
121,541562,1504.338888888889,27,TWAVE,t,T-wave peak,t_peak,t,0,0,5,
121,541647,1504.575,27,TWAVE,t,T-wave peak,t_peak,t,0,0,5,
121,541680,1504.6666666666667,40,WFOFF,),Waveform end,t_offset,t,0,0,2,
121,541794,1504.9833333333333,39,WFON,(,Waveform onset,qrs_onset,qrs,0,0,1,
121,541816,1505.0444444444445,1,NORMAL,N,Normal beat,qrs_peak,qrs,0,0,0,
121,541839,1505.1083333333333,40,WFOFF,),Waveform end,qrs_offset,qrs,0,0,1,
121,542142,1505.95,39,WFON,(,Waveform onset,qrs_onset,qrs,0,0,1,
121,542169,1506.025,1,NORMAL,N,Normal beat,qrs_peak,qrs,0,0,0,
121,542183,1506.0638888888889,40,WFOFF,),Waveform end,qrs_offset,qrs,0,0,1,
121,542231,1506.1972222222223,39,WFON,(,Waveform onset,t_onset,t,0,0,2,
121,542257,1506.2694444444444,27,TWAVE,t,T-wave peak,t_peak,t,0,0,5,
121,542362,1506.5611111111111,27,TWAVE,t,T-wave peak,t_peak,t,0,0,5,
121,542377,1506.6027777777779,40,WFOFF,),Waveform end,t_offset,t,0,0,2,
121,542489,1506.9138888888888,39,WFON,(,Waveform onset,qrs_onset,qrs,0,0,1,
121,542515,1506.986111111111,1,NORMAL,N,Normal beat,qrs_peak,qrs,0,0,0,
121,542533,1507.036111111111,40,WFOFF,),Waveform end,qrs_offset,qrs,0,0,1,
121,542579,1507.1638888888888,39,WFON,(,Waveform onset,t_onset,t,0,0,2,
121,542610,1507.25,27,TWAVE,t,T-wave peak,t_peak,t,0,0,5,
121,542690,1507.4722222222222,27,TWAVE,t,T-wave peak,t_peak,t,0,0,5,
121,542727,1507.575,40,WFOFF,),Waveform end,t_offset,t,0,0,2,
121,542862,1507.95,39,WFON,(,Waveform onset,qrs_onset,qrs,0,0,1,
121,542879,1507.9972222222223,1,NORMAL,N,Normal beat,qrs_peak,qrs,0,0,0,
121,542892,1508.0333333333333,40,WFOFF,),Waveform end,qrs_offset,qrs,0,0,1,
121,542936,1508.1555555555556,39,WFON,(,Waveform onset,t_onset,t,0,0,2,
121,542965,1508.236111111111,27,TWAVE,t,T-wave peak,t_peak,t,0,0,5,
121,543055,1508.486111111111,27,TWAVE,t,T-wave peak,t_peak,t,0,0,5,
121,543110,1508.638888888889,40,WFOFF,),Waveform end,t_offset,t,0,0,2,
121,543221,1508.9472222222223,39,WFON,(,Waveform onset,qrs_onset,qrs,0,0,1,
121,543237,1508.9916666666666,1,NORMAL,N,Normal beat,qrs_peak,qrs,0,0,0,
121,543252,1509.0333333333333,40,WFOFF,),Waveform end,qrs_offset,qrs,0,0,1,
121,543270,1509.0833333333333,39,WFON,(,Waveform onset,t_onset,t,0,0,2,
121,543325,1509.236111111111,27,TWAVE,t,T-wave peak,t_peak,t,0,0,5,
121,543441,1509.5583333333334,27,TWAVE,t,T-wave peak,t_peak,t,0,0,5,
121,543458,1509.6055555555556,40,WFOFF,),Waveform end,t_offset,t,0,0,2,
121,543576,1509.9333333333334,39,WFON,(,Waveform onset,qrs_onset,qrs,0,0,1,
121,543593,1509.9805555555556,1,NORMAL,N,Normal beat,qrs_peak,qrs,0,0,0,
121,543609,1510.025,40,WFOFF,),Waveform end,qrs_offset,qrs,0,0,1,
121,543654,1510.15,39,WFON,(,Waveform onset,t_onset,t,0,0,2,
121,543682,1510.2277777777779,27,TWAVE,t,T-wave peak,t_peak,t,0,0,5,
121,543794,1510.5388888888888,27,TWAVE,t,T-wave peak,t_peak,t,0,0,5,
121,543805,1510.5694444444443,40,WFOFF,),Waveform end,t_offset,t,0,0,2,
121,543930,1510.9166666666667,39,WFON,(,Waveform onset,qrs_onset,qrs,0,0,1,
121,543952,1510.9777777777779,1,NORMAL,N,Normal beat,qrs_peak,qrs,0,0,0,
121,543977,1511.0472222222222,40,WFOFF,),Waveform end,qrs_offset,qrs,0,0,1,
121,544002,1511.1166666666666,39,WFON,(,Waveform onset,t_onset,t,0,0,2,
121,544037,1511.213888888889,27,TWAVE,t,T-wave peak,t_peak,t,0,0,5,
121,544127,1511.463888888889,27,TWAVE,t,T-wave peak,t_peak,t,0,0,5,
121,544156,1511.5444444444445,40,WFOFF,),Waveform end,t_offset,t,0,0,2,
121,544291,1511.9194444444445,39,WFON,(,Waveform onset,qrs_onset,qrs,0,0,1,
121,544309,1511.9694444444444,1,NORMAL,N,Normal beat,qrs_peak,qrs,0,0,0,
121,544328,1512.0222222222221,40,WFOFF,),Waveform end,qrs_offset,qrs,0,0,1,
121,544340,1512.0555555555557,39,WFON,(,Waveform onset,t_onset,t,0,0,2,
121,544397,1512.213888888889,27,TWAVE,t,T-wave peak,t_peak,t,0,0,5,
121,544488,1512.4666666666667,27,TWAVE,t,T-wave peak,t_peak,t,0,0,5,
121,544507,1512.5194444444444,40,WFOFF,),Waveform end,t_offset,t,0,0,2,
121,544650,1512.9166666666667,39,WFON,(,Waveform onset,qrs_onset,qrs,0,0,1,
121,544677,1512.9916666666666,1,NORMAL,N,Normal beat,qrs_peak,qrs,0,0,0,
121,544699,1513.0527777777777,40,WFOFF,),Waveform end,qrs_offset,qrs,0,0,1,
121,544745,1513.1805555555557,39,WFON,(,Waveform onset,t_onset,t,0,0,2,
121,544767,1513.2416666666666,27,TWAVE,t,T-wave peak,t_peak,t,0,0,5,
121,544869,1513.525,27,TWAVE,t,T-wave peak,t_peak,t,0,0,5,
121,544889,1513.5805555555555,40,WFOFF,),Waveform end,t_offset,t,0,0,2,
121,545011,1513.9194444444445,39,WFON,(,Waveform onset,qrs_onset,qrs,0,0,1,
121,545034,1513.9833333333333,1,NORMAL,N,Normal beat,qrs_peak,qrs,0,0,0,
121,545058,1514.05,40,WFOFF,),Waveform end,qrs_offset,qrs,0,0,1,
121,545090,1514.138888888889,39,WFON,(,Waveform onset,t_onset,t,0,0,2,
121,545129,1514.2472222222223,27,TWAVE,t,T-wave peak,t_peak,t,0,0,5,
121,545205,1514.4583333333333,27,TWAVE,t,T-wave peak,t_peak,t,0,0,5,
121,545235,1514.5416666666667,40,WFOFF,),Waveform end,t_offset,t,0,0,2,
121,545358,1514.8833333333334,39,WFON,(,Waveform onset,qrs_onset,qrs,0,0,1,
121,545386,1514.9611111111112,1,NORMAL,N,Normal beat,qrs_peak,qrs,0,0,0,
121,545405,1515.013888888889,40,WFOFF,),Waveform end,qrs_offset,qrs,0,0,1,
121,545418,1515.05,39,WFON,(,Waveform onset,t_onset,t,0,0,2,
121,545473,1515.2027777777778,27,TWAVE,t,T-wave peak,t_peak,t,0,0,5,
121,545558,1515.4388888888889,27,TWAVE,t,T-wave peak,t_peak,t,0,0,5,
121,545620,1515.611111111111,40,WFOFF,),Waveform end,t_offset,t,0,0,2,
121,545719,1515.8861111111112,39,WFON,(,Waveform onset,qrs_onset,qrs,0,0,1,
121,545741,1515.9472222222223,1,NORMAL,N,Normal beat,qrs_peak,qrs,0,0,0,
121,545764,1516.0111111111112,40,WFOFF,),Waveform end,qrs_offset,qrs,0,0,1,
121,545795,1516.0972222222222,39,WFON,(,Waveform onset,t_onset,t,0,0,2,
121,545828,1516.1888888888889,27,TWAVE,t,T-wave peak,t_peak,t,0,0,5,
121,545924,1516.4555555555555,27,TWAVE,t,T-wave peak,t_peak,t,0,0,5,
121,545982,1516.6166666666666,40,WFOFF,),Waveform end,t_offset,t,0,0,2,
121,546068,1516.8555555555556,39,WFON,(,Waveform onset,qrs_onset,qrs,0,0,1,
121,546091,1516.9194444444445,1,NORMAL,N,Normal beat,qrs_peak,qrs,0,0,0,
121,546113,1516.9805555555556,40,WFOFF,),Waveform end,qrs_offset,qrs,0,0,1,
121,546423,1517.8416666666667,39,WFON,(,Waveform onset,qrs_onset,qrs,0,0,1,
121,546441,1517.8916666666667,1,NORMAL,N,Normal beat,qrs_peak,qrs,0,0,0,
121,546462,1517.95,40,WFOFF,),Waveform end,qrs_offset,qrs,0,0,1,
121,546509,1518.0805555555555,39,WFON,(,Waveform onset,t_onset,t,0,0,2,
121,546528,1518.1333333333334,27,TWAVE,t,T-wave peak,t_peak,t,0,0,5,
121,546625,1518.4027777777778,27,TWAVE,t,T-wave peak,t_peak,t,0,0,5,
121,546641,1518.4472222222223,40,WFOFF,),Waveform end,t_offset,t,0,0,2,
121,546774,1518.8166666666666,39,WFON,(,Waveform onset,qrs_onset,qrs,0,0,1,
121,546792,1518.8666666666666,1,NORMAL,N,Normal beat,qrs_peak,qrs,0,0,0,
121,546812,1518.9222222222222,40,WFOFF,),Waveform end,qrs_offset,qrs,0,0,1,
121,546838,1518.9944444444445,39,WFON,(,Waveform onset,t_onset,t,0,0,2,
121,546885,1519.125,27,TWAVE,t,T-wave peak,t_peak,t,0,0,5,
121,547007,1519.463888888889,27,TWAVE,t,T-wave peak,t_peak,t,0,0,5,
121,547033,1519.536111111111,40,WFOFF,),Waveform end,t_offset,t,0,0,2,
121,547114,1519.7611111111112,39,WFON,(,Waveform onset,qrs_onset,qrs,0,0,1,
121,547140,1519.8333333333333,1,NORMAL,N,Normal beat,qrs_peak,qrs,0,0,0,
121,547160,1519.888888888889,40,WFOFF,),Waveform end,qrs_offset,qrs,0,0,1,
121,547213,1520.036111111111,39,WFON,(,Waveform onset,t_onset,t,0,0,2,
121,547231,1520.0861111111112,27,TWAVE,t,T-wave peak,t_peak,t,0,0,5,
121,547354,1520.4277777777777,27,TWAVE,t,T-wave peak,t_peak,t,0,0,5,
121,547376,1520.4888888888888,40,WFOFF,),Waveform end,t_offset,t,0,0,2,
121,547467,1520.7416666666666,39,WFON,(,Waveform onset,qrs_onset,qrs,0,0,1,
121,547494,1520.8166666666666,1,NORMAL,N,Normal beat,qrs_peak,qrs,0,0,0,
121,547518,1520.8833333333334,40,WFOFF,),Waveform end,qrs_offset,qrs,0,0,1,
121,547550,1520.9722222222222,39,WFON,(,Waveform onset,t_onset,t,0,0,2,
121,547563,1521.0083333333334,27,TWAVE,t,T-wave peak,t_peak,t,0,0,5,
121,547654,1521.2611111111112,27,TWAVE,t,T-wave peak,t_peak,t,0,0,5,
121,547663,1521.286111111111,40,WFOFF,),Waveform end,t_offset,t,0,0,2,
121,547814,1521.7055555555555,39,WFON,(,Waveform onset,qrs_onset,qrs,0,0,1,
121,547846,1521.7944444444445,1,NORMAL,N,Normal beat,qrs_peak,qrs,0,0,0,
121,547903,1521.9527777777778,40,WFOFF,),Waveform end,qrs_offset,qrs,0,0,1,
121,547920,1522.0,39,WFON,(,Waveform onset,t_onset,t,0,0,2,
121,547930,1522.0277777777778,27,TWAVE,t,T-wave peak,t_peak,t,0,0,5,
121,547972,1522.1444444444444,27,TWAVE,t,T-wave peak,t_peak,t,0,0,5,
121,547979,1522.1638888888888,40,WFOFF,),Waveform end,t_offset,t,0,0,2,
121,548104,1522.5111111111112,39,WFON,(,Waveform onset,qrs_onset,qrs,0,0,1,
121,548124,1522.5666666666666,1,NORMAL,N,Normal beat,qrs_peak,qrs,0,0,0,
121,548166,1522.6833333333334,40,WFOFF,),Waveform end,qrs_offset,qrs,0,0,1,
121,548172,1522.7,39,WFON,(,Waveform onset,t_onset,t,0,0,2,
121,548189,1522.7472222222223,27,TWAVE,t,T-wave peak,t_peak,t,0,0,0,
121,548207,1522.7972222222222,40,WFOFF,),Waveform end,t_offset,t,0,0,2,
121,548520,1523.6666666666667,39,WFON,(,Waveform onset,qrs_onset,qrs,0,0,1,
121,548538,1523.7166666666667,1,NORMAL,N,Normal beat,qrs_peak,qrs,0,0,0,
121,548551,1523.7527777777777,40,WFOFF,),Waveform end,qrs_offset,qrs,0,0,1,
121,548881,1524.6694444444445,39,WFON,(,Waveform onset,qrs_onset,qrs,0,0,1,
121,548891,1524.6972222222223,1,NORMAL,N,Normal beat,qrs_peak,qrs,0,0,0,
121,548923,1524.786111111111,40,WFOFF,),Waveform end,qrs_offset,qrs,0,0,1,
121,548936,1524.8222222222223,39,WFON,(,Waveform onset,t_onset,t,0,0,2,
121,549049,1525.1361111111112,27,TWAVE,t,T-wave peak,t_peak,t,0,0,0,
121,549115,1525.3194444444443,40,WFOFF,),Waveform end,t_offset,t,0,0,2,
121,549226,1525.6277777777777,39,WFON,(,Waveform onset,qrs_onset,qrs,0,0,1,
121,549240,1525.6666666666667,1,NORMAL,N,Normal beat,qrs_peak,qrs,0,0,0,
121,549256,1525.7111111111112,40,WFOFF,),Waveform end,qrs_offset,qrs,0,0,1,
121,549314,1525.8722222222223,39,WFON,(,Waveform onset,t_onset,t,0,0,2,
121,549327,1525.9083333333333,27,TWAVE,t,T-wave peak,t_peak,t,0,0,5,
121,549373,1526.036111111111,27,TWAVE,t,T-wave peak,t_peak,t,0,0,5,
121,549382,1526.0611111111111,40,WFOFF,),Waveform end,t_offset,t,0,0,2,
121,549563,1526.5638888888889,39,WFON,(,Waveform onset,qrs_onset,qrs,0,0,1,
121,549575,1526.5972222222222,1,NORMAL,N,Normal beat,qrs_peak,qrs,0,0,0,
121,549592,1526.6444444444444,40,WFOFF,),Waveform end,qrs_offset,qrs,0,0,1,
121,549642,1526.7833333333333,39,WFON,(,Waveform onset,t_onset,t,0,0,2,
121,549668,1526.8555555555556,27,TWAVE,t,T-wave peak,t_peak,t,0,0,5,
121,549737,1527.0472222222222,27,TWAVE,t,T-wave peak,t_peak,t,0,0,5,
121,549750,1527.0833333333333,40,WFOFF,),Waveform end,t_offset,t,0,0,2,
121,549896,1527.4888888888888,39,WFON,(,Waveform onset,qrs_onset,qrs,0,0,1,
121,549920,1527.5555555555557,1,NORMAL,N,Normal beat,qrs_peak,qrs,0,0,0,
121,549935,1527.5972222222222,40,WFOFF,),Waveform end,qrs_offset,qrs,0,0,1,
121,550093,1528.036111111111,39,WFON,(,Waveform onset,t_onset,t,0,0,2,
121,550110,1528.0833333333333,27,TWAVE,t,T-wave peak,t_peak,t,0,0,0,
121,550144,1528.1777777777777,40,WFOFF,),Waveform end,t_offset,t,0,0,2,
121,550291,1528.5861111111112,39,WFON,(,Waveform onset,qrs_onset,qrs,0,0,1,
121,550297,1528.6027777777779,1,NORMAL,N,Normal beat,qrs_peak,qrs,0,0,0,
121,550374,1528.8166666666666,40,WFOFF,),Waveform end,qrs_offset,qrs,0,0,1,
121,550457,1529.0472222222222,39,WFON,(,Waveform onset,t_onset,t,0,0,2,
121,550465,1529.0694444444443,27,TWAVE,t,T-wave peak,t_peak,t,0,0,0,
121,550474,1529.0944444444444,40,WFOFF,),Waveform end,t_offset,t,0,0,2,
121,550559,1529.3305555555555,39,WFON,(,Waveform onset,qrs_onset,qrs,0,0,1,
121,550585,1529.4027777777778,1,NORMAL,N,Normal beat,qrs_peak,qrs,0,0,0,
121,550599,1529.4416666666666,40,WFOFF,),Waveform end,qrs_offset,qrs,0,0,1,
121,550628,1529.5222222222221,39,WFON,(,Waveform onset,t_onset,t,0,0,2,
121,550659,1529.6083333333333,27,TWAVE,t,T-wave peak,t_peak,t,0,0,0,
121,550707,1529.7416666666666,40,WFOFF,),Waveform end,t_offset,t,0,0,2,
121,550905,1530.2916666666667,39,WFON,(,Waveform onset,qrs_onset,qrs,0,0,1,
121,550924,1530.3444444444444,1,NORMAL,N,Normal beat,qrs_peak,qrs,0,0,0,
121,550936,1530.3777777777777,40,WFOFF,),Waveform end,qrs_offset,qrs,0,0,1,
121,550956,1530.4333333333334,39,WFON,(,Waveform onset,t_onset,t,0,0,2,
121,551001,1530.5583333333334,27,TWAVE,t,T-wave peak,t_peak,t,0,0,5,
121,551108,1530.8555555555556,27,TWAVE,t,T-wave peak,t_peak,t,0,0,5,
121,551118,1530.8833333333334,40,WFOFF,),Waveform end,t_offset,t,0,0,2,
121,551226,1531.1833333333334,39,WFON,(,Waveform onset,qrs_onset,qrs,0,0,1,
121,551251,1531.2527777777777,1,NORMAL,N,Normal beat,qrs_peak,qrs,0,0,0,
121,551291,1531.3638888888888,40,WFOFF,),Waveform end,qrs_offset,qrs,0,0,1,
121,551355,1531.5416666666667,39,WFON,(,Waveform onset,t_onset,t,0,0,2,
121,551372,1531.588888888889,27,TWAVE,t,T-wave peak,t_peak,t,0,0,1,
121,551383,1531.6194444444445,40,WFOFF,),Waveform end,t_offset,t,0,0,2,
121,551553,1532.0916666666667,39,WFON,(,Waveform onset,qrs_onset,qrs,0,0,1,
121,551576,1532.1555555555556,1,NORMAL,N,Normal beat,qrs_peak,qrs,0,0,0,
121,551587,1532.1861111111111,40,WFOFF,),Waveform end,qrs_offset,qrs,0,0,1,
121,551671,1532.4194444444445,39,WFON,(,Waveform onset,t_onset,t,0,0,2,
121,551729,1532.5805555555555,27,TWAVE,t,T-wave peak,t_peak,t,0,0,1,
121,551768,1532.6888888888889,40,WFOFF,),Waveform end,t_offset,t,0,0,2,
121,551889,1533.025,39,WFON,(,Waveform onset,qrs_onset,qrs,0,0,1,
121,551907,1533.075,1,NORMAL,N,Normal beat,qrs_peak,qrs,0,0,0,
121,551921,1533.1138888888888,40,WFOFF,),Waveform end,qrs_offset,qrs,0,0,1,
121,552002,1533.338888888889,39,WFON,(,Waveform onset,t_onset,t,0,0,2,
121,552069,1533.525,27,TWAVE,t,T-wave peak,t_peak,t,0,0,1,
121,552118,1533.661111111111,40,WFOFF,),Waveform end,t_offset,t,0,0,2,
121,552214,1533.9277777777777,39,WFON,(,Waveform onset,qrs_onset,qrs,0,0,1,
121,552233,1533.9805555555556,1,NORMAL,N,Normal beat,qrs_peak,qrs,0,0,0,
121,552246,1534.0166666666667,40,WFOFF,),Waveform end,qrs_offset,qrs,0,0,1,
121,552277,1534.1027777777779,39,WFON,(,Waveform onset,t_onset,t,0,0,2,
121,552287,1534.1305555555555,27,TWAVE,t,T-wave peak,t_peak,t,0,0,5,
121,552413,1534.4805555555556,27,TWAVE,t,T-wave peak,t_peak,t,0,0,5,
121,552423,1534.5083333333334,40,WFOFF,),Waveform end,t_offset,t,0,0,2,
121,552527,1534.7972222222222,39,WFON,(,Waveform onset,qrs_onset,qrs,0,0,1,
121,552550,1534.861111111111,1,NORMAL,N,Normal beat,qrs_peak,qrs,0,0,0,
121,552564,1534.9,40,WFOFF,),Waveform end,qrs_offset,qrs,0,0,1,
121,552618,1535.05,39,WFON,(,Waveform onset,t_onset,t,0,0,2,
121,552631,1535.0861111111112,27,TWAVE,t,T-wave peak,t_peak,t,0,0,5,
121,552672,1535.2,27,TWAVE,t,T-wave peak,t_peak,t,0,0,5,
121,552682,1535.2277777777779,40,WFOFF,),Waveform end,t_offset,t,0,0,2,
121,552851,1535.6972222222223,39,WFON,(,Waveform onset,qrs_onset,qrs,0,0,1,
121,552874,1535.7611111111112,1,NORMAL,N,Normal beat,qrs_peak,qrs,0,0,0,
121,552889,1535.8027777777777,40,WFOFF,),Waveform end,qrs_offset,qrs,0,0,1,
121,552909,1535.8583333333333,39,WFON,(,Waveform onset,t_onset,t,0,0,2,
121,552959,1535.9972222222223,27,TWAVE,t,T-wave peak,t_peak,t,0,0,5,
121,553015,1536.1527777777778,27,TWAVE,t,T-wave peak,t_peak,t,0,0,5,
121,553083,1536.3416666666667,40,WFOFF,),Waveform end,t_offset,t,0,0,2,
121,553177,1536.6027777777779,39,WFON,(,Waveform onset,qrs_onset,qrs,0,0,1,
121,553195,1536.6527777777778,1,NORMAL,N,Normal beat,qrs_peak,qrs,0,0,0,
121,553207,1536.6861111111111,40,WFOFF,),Waveform end,qrs_offset,qrs,0,0,1,
121,553318,1536.9944444444445,39,WFON,(,Waveform onset,t_onset,t,0,0,2,
121,553365,1537.125,27,TWAVE,t,T-wave peak,t_peak,t,0,0,0,
121,553408,1537.2444444444445,40,WFOFF,),Waveform end,t_offset,t,0,0,2,
121,553493,1537.4805555555556,39,WFON,(,Waveform onset,qrs_onset,qrs,0,0,1,
121,553511,1537.5305555555556,1,NORMAL,N,Normal beat,qrs_peak,qrs,0,0,0,
121,553526,1537.5722222222223,40,WFOFF,),Waveform end,qrs_offset,qrs,0,0,1,
121,553612,1537.8111111111111,39,WFON,(,Waveform onset,t_onset,t,0,0,2,
121,553642,1537.8944444444444,27,TWAVE,t,T-wave peak,t_peak,t,0,0,1,
121,553652,1537.9222222222222,40,WFOFF,),Waveform end,t_offset,t,0,0,2,
121,553806,1538.35,39,WFON,(,Waveform onset,qrs_onset,qrs,0,0,1,
121,553834,1538.4277777777777,1,NORMAL,N,Normal beat,qrs_peak,qrs,0,0,0,
121,553848,1538.4666666666667,40,WFOFF,),Waveform end,qrs_offset,qrs,0,0,1,
121,553873,1538.536111111111,39,WFON,(,Waveform onset,t_onset,t,0,0,2,
121,553885,1538.5694444444443,27,TWAVE,t,T-wave peak,t_peak,t,0,0,5,
121,554015,1538.9305555555557,27,TWAVE,t,T-wave peak,t_peak,t,0,0,5,
121,554024,1538.9555555555555,40,WFOFF,),Waveform end,t_offset,t,0,0,2,
121,554131,1539.2527777777777,39,WFON,(,Waveform onset,qrs_onset,qrs,0,0,1,
121,554149,1539.3027777777777,1,NORMAL,N,Normal beat,qrs_peak,qrs,0,0,0,
121,554159,1539.3305555555555,40,WFOFF,),Waveform end,qrs_offset,qrs,0,0,1,
121,554234,1539.5388888888888,39,WFON,(,Waveform onset,t_onset,t,0,0,2,
121,554267,1539.6305555555555,27,TWAVE,t,T-wave peak,t_peak,t,0,0,1,
121,554281,1539.6694444444445,40,WFOFF,),Waveform end,t_offset,t,0,0,2,
121,554436,1540.1,39,WFON,(,Waveform onset,qrs_onset,qrs,0,0,1,
121,554456,1540.1555555555556,1,NORMAL,N,Normal beat,qrs_peak,qrs,0,0,0,
121,554482,1540.2277777777779,40,WFOFF,),Waveform end,qrs_offset,qrs,0,0,1,
121,554509,1540.3027777777777,39,WFON,(,Waveform onset,t_onset,t,0,0,2,
121,554535,1540.375,27,TWAVE,t,T-wave peak,t_peak,t,0,0,5,
121,554582,1540.5055555555555,27,TWAVE,t,T-wave peak,t_peak,t,0,0,5,
121,554603,1540.5638888888889,40,WFOFF,),Waveform end,t_offset,t,0,0,2,
121,554746,1540.9611111111112,39,WFON,(,Waveform onset,qrs_onset,qrs,0,0,1,
121,554770,1541.0277777777778,1,NORMAL,N,Normal beat,qrs_peak,qrs,0,0,0,
121,554794,1541.0944444444444,40,WFOFF,),Waveform end,qrs_offset,qrs,0,0,1,
121,554833,1541.2027777777778,39,WFON,(,Waveform onset,t_onset,t,0,0,2,
121,554857,1541.2694444444444,27,TWAVE,t,T-wave peak,t_peak,t,0,0,5,
121,554899,1541.3861111111112,27,TWAVE,t,T-wave peak,t_peak,t,0,0,5,
121,554911,1541.4194444444445,40,WFOFF,),Waveform end,t_offset,t,0,0,2,
121,555060,1541.8333333333333,39,WFON,(,Waveform onset,qrs_onset,qrs,0,0,1,
121,555088,1541.911111111111,1,NORMAL,N,Normal beat,qrs_peak,qrs,0,0,0,
121,555109,1541.9694444444444,40,WFOFF,),Waveform end,qrs_offset,qrs,0,0,1,
121,555139,1542.0527777777777,39,WFON,(,Waveform onset,t_onset,t,0,0,2,
121,555174,1542.15,27,TWAVE,t,T-wave peak,t_peak,t,0,0,5,
121,555208,1542.2444444444445,27,TWAVE,t,T-wave peak,t_peak,t,0,0,5,
121,555228,1542.3,40,WFOFF,),Waveform end,t_offset,t,0,0,2,
121,555373,1542.7027777777778,39,WFON,(,Waveform onset,qrs_onset,qrs,0,0,1,
121,555393,1542.7583333333334,1,NORMAL,N,Normal beat,qrs_peak,qrs,0,0,0,
121,555410,1542.8055555555557,40,WFOFF,),Waveform end,qrs_offset,qrs,0,0,1,
121,555665,1543.513888888889,39,WFON,(,Waveform onset,qrs_onset,qrs,0,0,1,
121,555696,1543.6,1,NORMAL,N,Normal beat,qrs_peak,qrs,0,0,0,
121,555719,1543.6638888888888,40,WFOFF,),Waveform end,qrs_offset,qrs,0,0,1,
121,555984,1544.4,39,WFON,(,Waveform onset,qrs_onset,qrs,0,0,1,
121,556006,1544.4611111111112,1,NORMAL,N,Normal beat,qrs_peak,qrs,0,0,0,
121,556027,1544.5194444444444,40,WFOFF,),Waveform end,qrs_offset,qrs,0,0,1,
121,556052,1544.588888888889,39,WFON,(,Waveform onset,t_onset,t,0,0,2,
121,556090,1544.6944444444443,27,TWAVE,t,T-wave peak,t_peak,t,0,0,0,
121,556129,1544.8027777777777,40,WFOFF,),Waveform end,t_offset,t,0,0,2,
121,556287,1545.2416666666666,39,WFON,(,Waveform onset,qrs_onset,qrs,0,0,1,
121,556310,1545.3055555555557,1,NORMAL,N,Normal beat,qrs_peak,qrs,0,0,0,
121,556333,1545.3694444444445,40,WFOFF,),Waveform end,qrs_offset,qrs,0,0,1,
121,556363,1545.4527777777778,39,WFON,(,Waveform onset,t_onset,t,0,0,2,
121,556394,1545.5388888888888,27,TWAVE,t,T-wave peak,t_peak,t,0,0,5,
121,556467,1545.7416666666666,27,TWAVE,t,T-wave peak,t_peak,t,0,0,5,
121,556498,1545.8277777777778,40,WFOFF,),Waveform end,t_offset,t,0,0,2,
121,556585,1546.0694444444443,39,WFON,(,Waveform onset,qrs_onset,qrs,0,0,1,
121,556612,1546.1444444444444,1,NORMAL,N,Normal beat,qrs_peak,qrs,0,0,0,
121,556631,1546.1972222222223,40,WFOFF,),Waveform end,qrs_offset,qrs,0,0,1,
121,556689,1546.3583333333333,27,TWAVE,t,T-wave peak,t_peak,t,0,0,3,
121,556726,1546.4611111111112,40,WFOFF,),Waveform end,t_offset,t,0,0,2,
121,556777,1546.6027777777779,39,WFON,(,Waveform onset,qrs_onset,qrs,0,0,1,
121,556844,1546.7888888888888,1,NORMAL,N,Normal beat,qrs_peak,qrs,0,0,0,
121,556883,1546.8972222222221,40,WFOFF,),Waveform end,qrs_offset,qrs,0,0,1,
121,556900,1546.9444444444443,39,WFON,(,Waveform onset,t_onset,t,0,0,2,
121,556916,1546.9888888888888,27,TWAVE,t,T-wave peak,t_peak,t,0,0,0,
121,556932,1547.0333333333333,40,WFOFF,),Waveform end,t_offset,t,0,0,2,
121,557131,1547.5861111111112,39,WFON,(,Waveform onset,qrs_onset,qrs,0,0,1,
121,557190,1547.75,1,NORMAL,N,Normal beat,qrs_peak,qrs,0,0,0,
121,557229,1547.8583333333333,40,WFOFF,),Waveform end,qrs_offset,qrs,0,0,1,
121,557261,1547.9472222222223,39,WFON,(,Waveform onset,t_onset,t,0,0,2,
121,557306,1548.0722222222223,27,TWAVE,t,T-wave peak,t_peak,t,0,0,0,
121,557330,1548.138888888889,40,WFOFF,),Waveform end,t_offset,t,0,0,2,
121,557470,1548.5277777777778,39,WFON,(,Waveform onset,qrs_onset,qrs,0,0,1,
121,557507,1548.6305555555555,1,NORMAL,N,Normal beat,qrs_peak,qrs,0,0,0,
121,557559,1548.775,40,WFOFF,),Waveform end,qrs_offset,qrs,0,0,1,
121,557584,1548.8444444444444,27,TWAVE,t,T-wave peak,t_peak,t,0,0,3,
121,557623,1548.9527777777778,40,WFOFF,),Waveform end,t_offset,t,0,0,2,
121,557688,1549.1333333333334,39,WFON,(,Waveform onset,qrs_onset,qrs,0,0,1,
121,557725,1549.236111111111,1,NORMAL,N,Normal beat,qrs_peak,qrs,0,0,0,
121,557753,1549.3138888888889,40,WFOFF,),Waveform end,qrs_offset,qrs,0,0,1,
121,557777,1549.3805555555555,39,WFON,(,Waveform onset,t_onset,t,0,0,2,
121,557795,1549.4305555555557,27,TWAVE,t,T-wave peak,t_peak,t,0,0,0,
121,557814,1549.4833333333333,40,WFOFF,),Waveform end,t_offset,t,0,0,2,
121,558060,1550.1666666666667,39,WFON,(,Waveform onset,qrs_onset,qrs,0,0,1,
121,558106,1550.2944444444445,1,NORMAL,N,Normal beat,qrs_peak,qrs,0,0,0,
121,558111,1550.3083333333334,40,WFOFF,),Waveform end,qrs_offset,qrs,0,0,1,
121,558134,1550.3722222222223,39,WFON,(,Waveform onset,t_onset,t,0,0,2,
121,558162,1550.45,27,TWAVE,t,T-wave peak,t_peak,t,0,0,5,
121,558195,1550.5416666666667,27,TWAVE,t,T-wave peak,t_peak,t,0,0,5,
121,558241,1550.6694444444445,40,WFOFF,),Waveform end,t_offset,t,0,0,2,
121,558349,1550.9694444444444,39,WFON,(,Waveform onset,qrs_onset,qrs,0,0,1,
121,558374,1551.0388888888888,1,NORMAL,N,Normal beat,qrs_peak,qrs,0,0,0,
121,558388,1551.0777777777778,40,WFOFF,),Waveform end,qrs_offset,qrs,0,0,1,
121,558636,1551.7666666666667,39,WFON,(,Waveform onset,qrs_onset,qrs,0,0,1,
121,558651,1551.8083333333334,1,NORMAL,N,Normal beat,qrs_peak,qrs,0,0,0,
121,558665,1551.8472222222222,40,WFOFF,),Waveform end,qrs_offset,qrs,0,0,1,
121,558670,1551.861111111111,39,WFON,(,Waveform onset,t_onset,t,0,0,2,
121,558752,1552.088888888889,27,TWAVE,t,T-wave peak,t_peak,t,0,0,0,
121,558804,1552.2333333333333,40,WFOFF,),Waveform end,t_offset,t,0,0,2,
121,558914,1552.5388888888888,39,WFON,(,Waveform onset,qrs_onset,qrs,0,0,1,
121,558932,1552.588888888889,1,NORMAL,N,Normal beat,qrs_peak,qrs,0,0,0,
121,558945,1552.625,40,WFOFF,),Waveform end,qrs_offset,qrs,0,0,1,
121,558989,1552.7472222222223,39,WFON,(,Waveform onset,t_onset,t,0,0,2,
121,559012,1552.8111111111111,27,TWAVE,t,T-wave peak,t_peak,t,0,0,0,
121,559029,1552.8583333333333,40,WFOFF,),Waveform end,t_offset,t,0,0,2,
121,559149,1553.1916666666666,39,WFON,(,Waveform onset,qrs_onset,qrs,0,0,1,
121,559180,1553.2777777777778,1,NORMAL,N,Normal beat,qrs_peak,qrs,0,0,0,
121,559222,1553.3944444444444,40,WFOFF,),Waveform end,qrs_offset,qrs,0,0,1,
121,559228,1553.411111111111,39,WFON,(,Waveform onset,t_onset,t,0,0,2,
121,559296,1553.6,27,TWAVE,t,T-wave peak,t_peak,t,0,0,5,
121,559328,1553.6888888888889,27,TWAVE,t,T-wave peak,t_peak,t,0,0,5,
121,559349,1553.7472222222223,40,WFOFF,),Waveform end,t_offset,t,0,0,2,
121,559466,1554.0722222222223,39,WFON,(,Waveform onset,qrs_onset,qrs,0,0,1,
121,559483,1554.1194444444445,1,NORMAL,N,Normal beat,qrs_peak,qrs,0,0,0,
121,559495,1554.1527777777778,40,WFOFF,),Waveform end,qrs_offset,qrs,0,0,1,
121,559544,1554.2888888888888,39,WFON,(,Waveform onset,t_onset,t,0,0,2,
121,559565,1554.3472222222222,27,TWAVE,t,T-wave peak,t_peak,t,0,0,5,
121,559610,1554.4722222222222,27,TWAVE,t,T-wave peak,t_peak,t,0,0,5,
121,559618,1554.4944444444445,40,WFOFF,),Waveform end,t_offset,t,0,0,2,
121,559730,1554.8055555555557,39,WFON,(,Waveform onset,qrs_onset,qrs,0,0,1,
121,559758,1554.8833333333334,1,NORMAL,N,Normal beat,qrs_peak,qrs,0,0,0,
121,559771,1554.9194444444445,40,WFOFF,),Waveform end,qrs_offset,qrs,0,0,1,
121,559818,1555.05,39,WFON,(,Waveform onset,t_onset,t,0,0,2,
121,559844,1555.1222222222223,27,TWAVE,t,T-wave peak,t_peak,t,0,0,0,
121,559866,1555.1833333333334,40,WFOFF,),Waveform end,t_offset,t,0,0,2,
121,560019,1555.6083333333333,39,WFON,(,Waveform onset,qrs_onset,qrs,0,0,1,
121,560036,1555.6555555555556,1,NORMAL,N,Normal beat,qrs_peak,qrs,0,0,0,
121,560050,1555.6944444444443,40,WFOFF,),Waveform end,qrs_offset,qrs,0,0,1,
121,560281,1556.3361111111112,39,WFON,(,Waveform onset,qrs_onset,qrs,0,0,1,
121,560307,1556.4083333333333,1,NORMAL,N,Normal beat,qrs_peak,qrs,0,0,0,
121,560321,1556.4472222222223,40,WFOFF,),Waveform end,qrs_offset,qrs,0,0,1,
121,560346,1556.5166666666667,39,WFON,(,Waveform onset,t_onset,t,0,0,2,
121,560355,1556.5416666666667,27,TWAVE,t,T-wave peak,t_peak,t,0,0,5,
121,560465,1556.8472222222222,27,TWAVE,t,T-wave peak,t_peak,t,0,0,5,
121,560472,1556.8666666666666,40,WFOFF,),Waveform end,t_offset,t,0,0,2,
121,560564,1557.1222222222223,39,WFON,(,Waveform onset,qrs_onset,qrs,0,0,1,
121,560582,1557.1722222222222,1,NORMAL,N,Normal beat,qrs_peak,qrs,0,0,0,
121,560596,1557.2111111111112,40,WFOFF,),Waveform end,qrs_offset,qrs,0,0,1,
121,560636,1557.3222222222223,39,WFON,(,Waveform onset,t_onset,t,0,0,2,
121,560668,1557.411111111111,27,TWAVE,t,T-wave peak,t_peak,t,0,0,0,
121,560698,1557.4944444444445,40,WFOFF,),Waveform end,t_offset,t,0,0,2,
121,560838,1557.8833333333334,39,WFON,(,Waveform onset,qrs_onset,qrs,0,0,1,
121,560858,1557.9388888888889,1,NORMAL,N,Normal beat,qrs_peak,qrs,0,0,0,
121,560873,1557.9805555555556,40,WFOFF,),Waveform end,qrs_offset,qrs,0,0,1,
121,560877,1557.9916666666666,39,WFON,(,Waveform onset,t_onset,t,0,0,2,
121,560907,1558.075,27,TWAVE,t,T-wave peak,t_peak,t,0,0,5,
121,560977,1558.2694444444444,27,TWAVE,t,T-wave peak,t_peak,t,0,0,5,
121,560990,1558.3055555555557,40,WFOFF,),Waveform end,t_offset,t,0,0,2,
121,561118,1558.661111111111,39,WFON,(,Waveform onset,qrs_onset,qrs,0,0,1,
121,561137,1558.713888888889,1,NORMAL,N,Normal beat,qrs_peak,qrs,0,0,0,
121,561152,1558.7555555555555,40,WFOFF,),Waveform end,qrs_offset,qrs,0,0,1,
121,561234,1558.9833333333333,39,WFON,(,Waveform onset,t_onset,t,0,0,2,
121,561262,1559.0611111111111,27,TWAVE,t,T-wave peak,t_peak,t,0,0,1,
121,561270,1559.0833333333333,40,WFOFF,),Waveform end,t_offset,t,0,0,2,
121,561395,1559.4305555555557,39,WFON,(,Waveform onset,qrs_onset,qrs,0,0,1,
121,561411,1559.475,1,NORMAL,N,Normal beat,qrs_peak,qrs,0,0,0,
121,561423,1559.5083333333334,40,WFOFF,),Waveform end,qrs_offset,qrs,0,0,1,
121,561448,1559.5777777777778,39,WFON,(,Waveform onset,t_onset,t,0,0,2,
121,561483,1559.675,27,TWAVE,t,T-wave peak,t_peak,t,0,0,5,
121,561533,1559.8138888888889,27,TWAVE,t,T-wave peak,t_peak,t,0,0,5,
121,561551,1559.8638888888888,40,WFOFF,),Waveform end,t_offset,t,0,0,2,
121,561668,1560.1888888888889,39,WFON,(,Waveform onset,qrs_onset,qrs,0,0,1,
121,561688,1560.2444444444445,1,NORMAL,N,Normal beat,qrs_peak,qrs,0,0,0,
121,561701,1560.2805555555556,40,WFOFF,),Waveform end,qrs_offset,qrs,0,0,1,
121,561782,1560.5055555555555,39,WFON,(,Waveform onset,t_onset,t,0,0,2,
121,561808,1560.5777777777778,27,TWAVE,t,T-wave peak,t_peak,t,0,0,1,
121,561829,1560.6361111111112,40,WFOFF,),Waveform end,t_offset,t,0,0,2,
121,561928,1560.911111111111,39,WFON,(,Waveform onset,qrs_onset,qrs,0,0,1,
121,561957,1560.9916666666666,1,NORMAL,N,Normal beat,qrs_peak,qrs,0,0,0,
121,561973,1561.036111111111,40,WFOFF,),Waveform end,qrs_offset,qrs,0,0,1,
121,562007,1561.1305555555555,39,WFON,(,Waveform onset,t_onset,t,0,0,2,
121,562032,1561.2,27,TWAVE,t,T-wave peak,t_peak,t,0,0,5,
121,562074,1561.3166666666666,27,TWAVE,t,T-wave peak,t_peak,t,0,0,5,
121,562093,1561.3694444444445,40,WFOFF,),Waveform end,t_offset,t,0,0,2,
121,562219,1561.7194444444444,39,WFON,(,Waveform onset,qrs_onset,qrs,0,0,1,
121,562237,1561.7694444444444,1,NORMAL,N,Normal beat,qrs_peak,qrs,0,0,0,
121,562250,1561.8055555555557,40,WFOFF,),Waveform end,qrs_offset,qrs,0,0,1,
121,562290,1561.9166666666667,39,WFON,(,Waveform onset,t_onset,t,0,0,2,
121,562322,1562.0055555555555,27,TWAVE,t,T-wave peak,t_peak,t,0,0,0,
121,562354,1562.0944444444444,40,WFOFF,),Waveform end,t_offset,t,0,0,2,
121,562467,1562.4083333333333,39,WFON,(,Waveform onset,qrs_onset,qrs,0,0,1,
121,562511,1562.5305555555556,1,NORMAL,N,Normal beat,qrs_peak,qrs,0,0,0,
121,562528,1562.5777777777778,40,WFOFF,),Waveform end,qrs_offset,qrs,0,0,1,
121,562564,1562.6777777777777,39,WFON,(,Waveform onset,t_onset,t,0,0,2,
121,562630,1562.861111111111,27,TWAVE,t,T-wave peak,t_peak,t,0,0,1,
121,562656,1562.9333333333334,40,WFOFF,),Waveform end,t_offset,t,0,0,2,
121,562766,1563.2388888888888,39,WFON,(,Waveform onset,qrs_onset,qrs,0,0,1,
121,562789,1563.3027777777777,1,NORMAL,N,Normal beat,qrs_peak,qrs,0,0,0,
121,562808,1563.3555555555556,40,WFOFF,),Waveform end,qrs_offset,qrs,0,0,1,
121,562813,1563.3694444444445,39,WFON,(,Waveform onset,t_onset,t,0,0,2,
121,562857,1563.4916666666666,27,TWAVE,t,T-wave peak,t_peak,t,0,0,0,
121,562910,1563.638888888889,40,WFOFF,),Waveform end,t_offset,t,0,0,2,
121,562966,1563.7944444444445,39,WFON,(,Waveform onset,qrs_onset,qrs,0,0,1,
121,562999,1563.8861111111112,1,NORMAL,N,Normal beat,qrs_peak,qrs,0,0,0,
121,563040,1564.0,40,WFOFF,),Waveform end,qrs_offset,qrs,0,0,1,
121,563054,1564.0388888888888,39,WFON,(,Waveform onset,t_onset,t,0,0,2,
121,563070,1564.0833333333333,27,TWAVE,t,T-wave peak,t_peak,t,0,0,0,
121,563088,1564.1333333333334,40,WFOFF,),Waveform end,t_offset,t,0,0,2,
121,563328,1564.8,39,WFON,(,Waveform onset,qrs_onset,qrs,0,0,1,
121,563349,1564.8583333333333,1,NORMAL,N,Normal beat,qrs_peak,qrs,0,0,0,
121,563370,1564.9166666666667,40,WFOFF,),Waveform end,qrs_offset,qrs,0,0,1,
121,563387,1564.963888888889,39,WFON,(,Waveform onset,t_onset,t,0,0,2,
121,563397,1564.9916666666666,27,TWAVE,t,T-wave peak,t_peak,t,0,0,5,
121,563468,1565.1888888888889,27,TWAVE,t,T-wave peak,t_peak,t,0,0,5,
121,563473,1565.2027777777778,40,WFOFF,),Waveform end,t_offset,t,0,0,2,
121,563610,1565.5833333333333,39,WFON,(,Waveform onset,qrs_onset,qrs,0,0,1,
121,563629,1565.6361111111112,1,NORMAL,N,Normal beat,qrs_peak,qrs,0,0,0,
121,563653,1565.7027777777778,40,WFOFF,),Waveform end,qrs_offset,qrs,0,0,1,
121,563684,1565.7888888888888,39,WFON,(,Waveform onset,t_onset,t,0,0,2,
121,563707,1565.8527777777779,27,TWAVE,t,T-wave peak,t_peak,t,0,0,0,
121,563747,1565.963888888889,40,WFOFF,),Waveform end,t_offset,t,0,0,2,
121,563885,1566.3472222222222,39,WFON,(,Waveform onset,qrs_onset,qrs,0,0,1,
121,563906,1566.4055555555556,1,NORMAL,N,Normal beat,qrs_peak,qrs,0,0,0,
121,563928,1566.4666666666667,40,WFOFF,),Waveform end,qrs_offset,qrs,0,0,1,
121,563979,1566.6083333333333,39,WFON,(,Waveform onset,t_onset,t,0,0,2,
121,563987,1566.6305555555555,27,TWAVE,t,T-wave peak,t_peak,t,0,0,0,
121,564075,1566.875,40,WFOFF,),Waveform end,t_offset,t,0,0,2,
121,564172,1567.1444444444444,39,WFON,(,Waveform onset,qrs_onset,qrs,0,0,1,
121,564204,1567.2333333333333,1,NORMAL,N,Normal beat,qrs_peak,qrs,0,0,0,
121,564210,1567.25,40,WFOFF,),Waveform end,qrs_offset,qrs,0,0,1,
121,564235,1567.3194444444443,39,WFON,(,Waveform onset,t_onset,t,0,0,2,
121,564277,1567.4361111111111,27,TWAVE,t,T-wave peak,t_peak,t,0,0,0,
121,564310,1567.5277777777778,40,WFOFF,),Waveform end,t_offset,t,0,0,2,
121,564444,1567.9,39,WFON,(,Waveform onset,qrs_onset,qrs,0,0,1,
121,564462,1567.95,1,NORMAL,N,Normal beat,qrs_peak,qrs,0,0,0,
121,564466,1567.9611111111112,40,WFOFF,),Waveform end,qrs_offset,qrs,0,0,1,
121,564517,1568.1027777777779,39,WFON,(,Waveform onset,t_onset,t,0,0,2,
121,564554,1568.2055555555555,27,TWAVE,t,T-wave peak,t_peak,t,0,0,0,
121,564578,1568.2722222222221,40,WFOFF,),Waveform end,t_offset,t,0,0,2,
121,564664,1568.5111111111112,39,WFON,(,Waveform onset,qrs_onset,qrs,0,0,1,
121,564720,1568.6666666666667,1,NORMAL,N,Normal beat,qrs_peak,qrs,0,0,0,
121,564757,1568.7694444444444,40,WFOFF,),Waveform end,qrs_offset,qrs,0,0,1,
121,564761,1568.7805555555556,39,WFON,(,Waveform onset,t_onset,t,0,0,2,
121,564825,1568.9583333333333,27,TWAVE,t,T-wave peak,t_peak,t,0,0,0,
121,564876,1569.1,40,WFOFF,),Waveform end,t_offset,t,0,0,2,
121,564973,1569.3694444444445,39,WFON,(,Waveform onset,qrs_onset,qrs,0,0,1,
121,565031,1569.5305555555556,1,NORMAL,N,Normal beat,qrs_peak,qrs,0,0,0,
121,565036,1569.5444444444445,40,WFOFF,),Waveform end,qrs_offset,qrs,0,0,1,
121,565266,1570.1833333333334,39,WFON,(,Waveform onset,qrs_onset,qrs,0,0,1,
121,565290,1570.25,1,NORMAL,N,Normal beat,qrs_peak,qrs,0,0,0,
121,565306,1570.2944444444445,40,WFOFF,),Waveform end,qrs_offset,qrs,0,0,1,
121,565352,1570.4222222222222,39,WFON,(,Waveform onset,t_onset,t,0,0,2,
121,565374,1570.4833333333333,27,TWAVE,t,T-wave peak,t_peak,t,0,0,0,
121,565450,1570.6944444444443,40,WFOFF,),Waveform end,t_offset,t,0,0,2,
121,565546,1570.9611111111112,39,WFON,(,Waveform onset,qrs_onset,qrs,0,0,1,
121,565562,1571.0055555555555,1,NORMAL,N,Normal beat,qrs_peak,qrs,0,0,0,
121,565575,1571.0416666666667,40,WFOFF,),Waveform end,qrs_offset,qrs,0,0,1,
121,565618,1571.161111111111,39,WFON,(,Waveform onset,t_onset,t,0,0,2,
121,565661,1571.2805555555556,27,TWAVE,t,T-wave peak,t_peak,t,0,0,0,
121,565714,1571.4277777777777,40,WFOFF,),Waveform end,t_offset,t,0,0,2,
121,565812,1571.7,39,WFON,(,Waveform onset,qrs_onset,qrs,0,0,1,
121,565829,1571.7472222222223,1,NORMAL,N,Normal beat,qrs_peak,qrs,0,0,0,
121,565843,1571.786111111111,40,WFOFF,),Waveform end,qrs_offset,qrs,0,0,1,
121,565892,1571.9222222222222,39,WFON,(,Waveform onset,t_onset,t,0,0,2,
121,565909,1571.9694444444444,27,TWAVE,t,T-wave peak,t_peak,t,0,0,0,
121,565945,1572.0694444444443,40,WFOFF,),Waveform end,t_offset,t,0,0,2,
121,566084,1572.4555555555555,39,WFON,(,Waveform onset,qrs_onset,qrs,0,0,1,
121,566100,1572.5,1,NORMAL,N,Normal beat,qrs_peak,qrs,0,0,0,
121,566114,1572.5388888888888,40,WFOFF,),Waveform end,qrs_offset,qrs,0,0,1,
121,566133,1572.5916666666667,39,WFON,(,Waveform onset,t_onset,t,0,0,2,
121,566186,1572.7388888888888,27,TWAVE,t,T-wave peak,t_peak,t,0,0,0,
121,566215,1572.8194444444443,40,WFOFF,),Waveform end,t_offset,t,0,0,2,
121,566352,1573.2,39,WFON,(,Waveform onset,qrs_onset,qrs,0,0,1,
121,566368,1573.2444444444445,1,NORMAL,N,Normal beat,qrs_peak,qrs,0,0,0,
121,566380,1573.2777777777778,40,WFOFF,),Waveform end,qrs_offset,qrs,0,0,1,
121,566384,1573.2888888888888,39,WFON,(,Waveform onset,t_onset,t,0,0,2,
121,566444,1573.4555555555555,27,TWAVE,t,T-wave peak,t_peak,t,0,0,0,
121,566482,1573.5611111111111,40,WFOFF,),Waveform end,t_offset,t,0,0,2,
121,566609,1573.9138888888888,39,WFON,(,Waveform onset,qrs_onset,qrs,0,0,1,
121,566633,1573.9805555555556,1,NORMAL,N,Normal beat,qrs_peak,qrs,0,0,0,
121,566647,1574.0194444444444,40,WFOFF,),Waveform end,qrs_offset,qrs,0,0,1,
121,566690,1574.138888888889,39,WFON,(,Waveform onset,t_onset,t,0,0,2,
121,566701,1574.1694444444445,27,TWAVE,t,T-wave peak,t_peak,t,0,0,5,
121,566768,1574.3555555555556,27,TWAVE,t,T-wave peak,t_peak,t,0,0,5,
121,566775,1574.375,40,WFOFF,),Waveform end,t_offset,t,0,0,2,
121,566878,1574.661111111111,39,WFON,(,Waveform onset,qrs_onset,qrs,0,0,1,
121,566894,1574.7055555555555,1,NORMAL,N,Normal beat,qrs_peak,qrs,0,0,0,
121,566907,1574.7416666666666,40,WFOFF,),Waveform end,qrs_offset,qrs,0,0,1,
121,566939,1574.8305555555555,39,WFON,(,Waveform onset,t_onset,t,0,0,2,
121,566948,1574.8555555555556,27,TWAVE,t,T-wave peak,t_peak,t,0,0,5,
121,567016,1575.0444444444445,27,TWAVE,t,T-wave peak,t_peak,t,0,0,5,
121,567024,1575.0666666666666,40,WFOFF,),Waveform end,t_offset,t,0,0,2,
121,567149,1575.4138888888888,39,WFON,(,Waveform onset,qrs_onset,qrs,0,0,1,
121,567167,1575.463888888889,1,NORMAL,N,Normal beat,qrs_peak,qrs,0,0,0,
121,567181,1575.5027777777777,40,WFOFF,),Waveform end,qrs_offset,qrs,0,0,1,
121,567227,1575.6305555555555,39,WFON,(,Waveform onset,t_onset,t,0,0,2,
121,567241,1575.6694444444445,27,TWAVE,t,T-wave peak,t_peak,t,0,0,5,
121,567285,1575.7916666666667,27,TWAVE,t,T-wave peak,t_peak,t,0,0,5,
121,567299,1575.8305555555555,40,WFOFF,),Waveform end,t_offset,t,0,0,2,
121,567414,1576.15,39,WFON,(,Waveform onset,qrs_onset,qrs,0,0,1,
121,567432,1576.2,1,NORMAL,N,Normal beat,qrs_peak,qrs,0,0,0,
121,567445,1576.236111111111,40,WFOFF,),Waveform end,qrs_offset,qrs,0,0,1,
121,567456,1576.2666666666667,39,WFON,(,Waveform onset,t_onset,t,0,0,2,
121,567501,1576.3916666666667,27,TWAVE,t,T-wave peak,t_peak,t,0,0,5,
121,567548,1576.5222222222221,27,TWAVE,t,T-wave peak,t_peak,t,0,0,5,
121,567579,1576.6083333333333,40,WFOFF,),Waveform end,t_offset,t,0,0,2,
121,567678,1576.8833333333334,39,WFON,(,Waveform onset,qrs_onset,qrs,0,0,1,
121,567701,1576.9472222222223,1,NORMAL,N,Normal beat,qrs_peak,qrs,0,0,0,
121,567715,1576.986111111111,40,WFOFF,),Waveform end,qrs_offset,qrs,0,0,1,
121,567779,1577.1638888888888,39,WFON,(,Waveform onset,t_onset,t,0,0,2,
121,567814,1577.2611111111112,27,TWAVE,t,T-wave peak,t_peak,t,0,0,1,
121,567838,1577.3277777777778,40,WFOFF,),Waveform end,t_offset,t,0,0,2,
121,567896,1577.4888888888888,39,WFON,(,Waveform onset,qrs_onset,qrs,0,0,1,
121,567941,1577.6138888888888,1,NORMAL,N,Normal beat,qrs_peak,qrs,0,0,0,
121,567979,1577.7194444444444,40,WFOFF,),Waveform end,qrs_offset,qrs,0,0,1,
121,567986,1577.7388888888888,39,WFON,(,Waveform onset,t_onset,t,0,0,2,
121,568046,1577.9055555555556,27,TWAVE,t,T-wave peak,t_peak,t,0,0,5,
121,568080,1578.0,27,TWAVE,t,T-wave peak,t_peak,t,0,0,5,
121,568099,1578.0527777777777,40,WFOFF,),Waveform end,t_offset,t,0,0,2,
121,568219,1578.3861111111112,39,WFON,(,Waveform onset,qrs_onset,qrs,0,0,1,
121,568239,1578.4416666666666,1,NORMAL,N,Normal beat,qrs_peak,qrs,0,0,0,
121,568266,1578.5166666666667,40,WFOFF,),Waveform end,qrs_offset,qrs,0,0,1,
121,568291,1578.5861111111112,39,WFON,(,Waveform onset,t_onset,t,0,0,2,
121,568301,1578.6138888888888,27,TWAVE,t,T-wave peak,t_peak,t,0,0,5,
121,568347,1578.7416666666666,27,TWAVE,t,T-wave peak,t_peak,t,0,0,5,
121,568385,1578.8472222222222,40,WFOFF,),Waveform end,t_offset,t,0,0,2,
121,568481,1579.1138888888888,39,WFON,(,Waveform onset,qrs_onset,qrs,0,0,1,
121,568509,1579.1916666666666,1,NORMAL,N,Normal beat,qrs_peak,qrs,0,0,0,
121,568524,1579.2333333333333,40,WFOFF,),Waveform end,qrs_offset,qrs,0,0,1,
121,568554,1579.3166666666666,39,WFON,(,Waveform onset,t_onset,t,0,0,2,
121,568586,1579.4055555555556,27,TWAVE,t,T-wave peak,t_peak,t,0,0,5,
121,568631,1579.5305555555556,27,TWAVE,t,T-wave peak,t_peak,t,0,0,5,
121,568644,1579.5666666666666,40,WFOFF,),Waveform end,t_offset,t,0,0,2,
121,568759,1579.8861111111112,39,WFON,(,Waveform onset,qrs_onset,qrs,0,0,1,
121,568785,1579.9583333333333,1,NORMAL,N,Normal beat,qrs_peak,qrs,0,0,0,
121,568798,1579.9944444444445,40,WFOFF,),Waveform end,qrs_offset,qrs,0,0,1,
121,568834,1580.0944444444444,39,WFON,(,Waveform onset,t_onset,t,0,0,2,
121,568864,1580.1777777777777,27,TWAVE,t,T-wave peak,t_peak,t,0,0,5,
121,568908,1580.3,27,TWAVE,t,T-wave peak,t_peak,t,0,0,5,
121,568913,1580.3138888888889,40,WFOFF,),Waveform end,t_offset,t,0,0,2,
121,569045,1580.6805555555557,39,WFON,(,Waveform onset,qrs_onset,qrs,0,0,1,
121,569063,1580.7305555555556,1,NORMAL,N,Normal beat,qrs_peak,qrs,0,0,0,
121,569082,1580.7833333333333,40,WFOFF,),Waveform end,qrs_offset,qrs,0,0,1,
121,569125,1580.9027777777778,39,WFON,(,Waveform onset,t_onset,t,0,0,2,
121,569142,1580.95,27,TWAVE,t,T-wave peak,t_peak,t,0,0,5,
121,569182,1581.0611111111111,27,TWAVE,t,T-wave peak,t_peak,t,0,0,5,
121,569202,1581.1166666666666,40,WFOFF,),Waveform end,t_offset,t,0,0,2,
121,569259,1581.275,39,WFON,(,Waveform onset,qrs_onset,qrs,0,0,1,
121,569319,1581.4416666666666,1,NORMAL,N,Normal beat,qrs_peak,qrs,0,0,0,
121,569360,1581.5555555555557,40,WFOFF,),Waveform end,qrs_offset,qrs,0,0,1,
121,569374,1581.5944444444444,39,WFON,(,Waveform onset,t_onset,t,0,0,2,
121,569420,1581.7222222222222,27,TWAVE,t,T-wave peak,t_peak,t,0,0,5,
121,569459,1581.8305555555555,27,TWAVE,t,T-wave peak,t_peak,t,0,0,5,
121,569475,1581.875,40,WFOFF,),Waveform end,t_offset,t,0,0,2,
121,569600,1582.2222222222222,39,WFON,(,Waveform onset,qrs_onset,qrs,0,0,1,
121,569621,1582.2805555555556,1,NORMAL,N,Normal beat,qrs_peak,qrs,0,0,0,
121,569637,1582.325,40,WFOFF,),Waveform end,qrs_offset,qrs,0,0,1,
121,569688,1582.4666666666667,39,WFON,(,Waveform onset,t_onset,t,0,0,2,
121,569703,1582.5083333333334,27,TWAVE,t,T-wave peak,t_peak,t,0,0,5,
121,569738,1582.6055555555556,27,TWAVE,t,T-wave peak,t_peak,t,0,0,5,
121,569753,1582.6472222222221,40,WFOFF,),Waveform end,t_offset,t,0,0,2,
121,569897,1583.0472222222222,39,WFON,(,Waveform onset,qrs_onset,qrs,0,0,1,
121,569909,1583.0805555555555,1,NORMAL,N,Normal beat,qrs_peak,qrs,0,0,0,
121,569925,1583.125,40,WFOFF,),Waveform end,qrs_offset,qrs,0,0,1,
121,569985,1583.2916666666667,39,WFON,(,Waveform onset,t_onset,t,0,0,2,
121,570002,1583.338888888889,27,TWAVE,t,T-wave peak,t_peak,t,0,0,4,
121,570057,1583.4916666666666,27,TWAVE,t,T-wave peak,t_peak,t,0,0,4,
121,570072,1583.5333333333333,40,WFOFF,),Waveform end,t_offset,t,0,0,2,
121,570151,1583.7527777777777,39,WFON,(,Waveform onset,qrs_onset,qrs,0,0,1,
121,570177,1583.825,1,NORMAL,N,Normal beat,qrs_peak,qrs,0,0,0,
121,570198,1583.8833333333334,40,WFOFF,),Waveform end,qrs_offset,qrs,0,0,1,
121,570265,1584.0694444444443,39,WFON,(,Waveform onset,t_onset,t,0,0,2,
121,570299,1584.1638888888888,27,TWAVE,t,T-wave peak,t_peak,t,0,0,1,
121,570308,1584.1888888888889,40,WFOFF,),Waveform end,t_offset,t,0,0,2,
121,570442,1584.5611111111111,39,WFON,(,Waveform onset,qrs_onset,qrs,0,0,1,
121,570460,1584.611111111111,1,NORMAL,N,Normal beat,qrs_peak,qrs,0,0,0,
121,570478,1584.661111111111,40,WFOFF,),Waveform end,qrs_offset,qrs,0,0,1,
121,570527,1584.7972222222222,39,WFON,(,Waveform onset,t_onset,t,0,0,2,
121,570536,1584.8222222222223,27,TWAVE,t,T-wave peak,t_peak,t,0,0,5,
121,570571,1584.9194444444445,27,TWAVE,t,T-wave peak,t_peak,t,0,0,5,
121,570585,1584.9583333333333,40,WFOFF,),Waveform end,t_offset,t,0,0,2,
121,570716,1585.3222222222223,39,WFON,(,Waveform onset,qrs_onset,qrs,0,0,1,
121,570744,1585.4,1,NORMAL,N,Normal beat,qrs_peak,qrs,0,0,0,
121,570766,1585.4611111111112,40,WFOFF,),Waveform end,qrs_offset,qrs,0,0,1,
121,570768,1585.4666666666667,39,WFON,(,Waveform onset,t_onset,t,0,0,2,
121,570823,1585.6194444444445,27,TWAVE,t,T-wave peak,t_peak,t,0,0,5,
121,570853,1585.7027777777778,27,TWAVE,t,T-wave peak,t_peak,t,0,0,5,
121,570875,1585.763888888889,40,WFOFF,),Waveform end,t_offset,t,0,0,2,
121,571005,1586.125,39,WFON,(,Waveform onset,qrs_onset,qrs,0,0,1,
121,571022,1586.1722222222222,1,NORMAL,N,Normal beat,qrs_peak,qrs,0,0,0,
121,571041,1586.225,40,WFOFF,),Waveform end,qrs_offset,qrs,0,0,1,
121,571154,1586.5388888888888,39,WFON,(,Waveform onset,t_onset,t,0,0,2,
121,571165,1586.5694444444443,27,TWAVE,t,T-wave peak,t_peak,t,0,0,0,
121,571179,1586.6083333333333,40,WFOFF,),Waveform end,t_offset,t,0,0,2,
121,571274,1586.8722222222223,39,WFON,(,Waveform onset,qrs_onset,qrs,0,0,1,
121,571313,1586.9805555555556,1,NORMAL,N,Normal beat,qrs_peak,qrs,0,0,0,
121,571330,1587.0277777777778,40,WFOFF,),Waveform end,qrs_offset,qrs,0,0,1,
121,571355,1587.0972222222222,39,WFON,(,Waveform onset,t_onset,t,0,0,2,
121,571397,1587.213888888889,27,TWAVE,t,T-wave peak,t_peak,t,0,0,0,
121,571417,1587.2694444444444,40,WFOFF,),Waveform end,t_offset,t,0,0,2,
121,571573,1587.7027777777778,39,WFON,(,Waveform onset,qrs_onset,qrs,0,0,1,
121,571575,1587.7083333333333,1,NORMAL,N,Normal beat,qrs_peak,qrs,0,0,0,
121,571612,1587.8111111111111,40,WFOFF,),Waveform end,qrs_offset,qrs,0,0,1,
121,571629,1587.8583333333333,39,WFON,(,Waveform onset,t_onset,t,0,0,2,
121,571681,1588.0027777777777,27,TWAVE,t,T-wave peak,t_peak,t,0,0,0,
121,571700,1588.0555555555557,40,WFOFF,),Waveform end,t_offset,t,0,0,2,
121,571857,1588.4916666666666,39,WFON,(,Waveform onset,qrs_onset,qrs,0,0,1,
121,571884,1588.5666666666666,1,NORMAL,N,Normal beat,qrs_peak,qrs,0,0,0,
121,571905,1588.625,40,WFOFF,),Waveform end,qrs_offset,qrs,0,0,1,
121,571943,1588.7305555555556,39,WFON,(,Waveform onset,t_onset,t,0,0,2,
121,571977,1588.825,27,TWAVE,t,T-wave peak,t_peak,t,0,0,0,
121,572060,1589.0555555555557,40,WFOFF,),Waveform end,t_offset,t,0,0,2,
121,572160,1589.3333333333333,39,WFON,(,Waveform onset,qrs_onset,qrs,0,0,1,
121,572178,1589.3833333333334,1,NORMAL,N,Normal beat,qrs_peak,qrs,0,0,0,
121,572204,1589.4555555555555,40,WFOFF,),Waveform end,qrs_offset,qrs,0,0,1,
121,572446,1590.1277777777777,39,WFON,(,Waveform onset,qrs_onset,qrs,0,0,1,
121,572466,1590.1833333333334,1,NORMAL,N,Normal beat,qrs_peak,qrs,0,0,0,
121,572485,1590.236111111111,40,WFOFF,),Waveform end,qrs_offset,qrs,0,0,1,
121,572523,1590.3416666666667,39,WFON,(,Waveform onset,t_onset,t,0,0,2,
121,572530,1590.361111111111,27,TWAVE,t,T-wave peak,t_peak,t,0,0,5,
121,572583,1590.5083333333334,27,TWAVE,t,T-wave peak,t_peak,t,0,0,5,
121,572597,1590.5472222222222,40,WFOFF,),Waveform end,t_offset,t,0,0,2,
121,572722,1590.8944444444444,39,WFON,(,Waveform onset,qrs_onset,qrs,0,0,1,
121,572749,1590.9694444444444,1,NORMAL,N,Normal beat,qrs_peak,qrs,0,0,0,
121,572769,1591.025,40,WFOFF,),Waveform end,qrs_offset,qrs,0,0,1,
121,572774,1591.0388888888888,39,WFON,(,Waveform onset,t_onset,t,0,0,2,
121,572798,1591.1055555555556,27,TWAVE,t,T-wave peak,t_peak,t,0,0,5,
121,572863,1591.286111111111,27,TWAVE,t,T-wave peak,t_peak,t,0,0,5,
121,572879,1591.3305555555555,40,WFOFF,),Waveform end,t_offset,t,0,0,2,
121,573012,1591.7,39,WFON,(,Waveform onset,qrs_onset,qrs,0,0,1,
121,573034,1591.7611111111112,1,NORMAL,N,Normal beat,qrs_peak,qrs,0,0,0,
121,573057,1591.825,40,WFOFF,),Waveform end,qrs_offset,qrs,0,0,1,
121,573119,1591.9972222222223,39,WFON,(,Waveform onset,t_onset,t,0,0,2,
121,573155,1592.0972222222222,27,TWAVE,t,T-wave peak,t_peak,t,0,0,1,
121,573174,1592.15,40,WFOFF,),Waveform end,t_offset,t,0,0,2,
121,573297,1592.4916666666666,39,WFON,(,Waveform onset,qrs_onset,qrs,0,0,1,
121,573326,1592.5722222222223,1,NORMAL,N,Normal beat,qrs_peak,qrs,0,0,0,
121,573345,1592.625,40,WFOFF,),Waveform end,qrs_offset,qrs,0,0,1,
121,573586,1593.2944444444445,39,WFON,(,Waveform onset,qrs_onset,qrs,0,0,1,
121,573604,1593.3444444444444,1,NORMAL,N,Normal beat,qrs_peak,qrs,0,0,0,
121,573618,1593.3833333333334,40,WFOFF,),Waveform end,qrs_offset,qrs,0,0,1,
121,573647,1593.463888888889,39,WFON,(,Waveform onset,t_onset,t,0,0,2,
121,573680,1593.5555555555557,27,TWAVE,t,T-wave peak,t_peak,t,0,0,5,
121,573720,1593.6666666666667,27,TWAVE,t,T-wave peak,t_peak,t,0,0,5,
121,573736,1593.7111111111112,40,WFOFF,),Waveform end,t_offset,t,0,0,2,
121,573861,1594.0583333333334,39,WFON,(,Waveform onset,qrs_onset,qrs,0,0,1,
121,573885,1594.125,1,NORMAL,N,Normal beat,qrs_peak,qrs,0,0,0,
121,573900,1594.1666666666667,40,WFOFF,),Waveform end,qrs_offset,qrs,0,0,1,
121,573906,1594.1833333333334,39,WFON,(,Waveform onset,t_onset,t,0,0,2,
121,573962,1594.338888888889,27,TWAVE,t,T-wave peak,t_peak,t,0,0,5,
121,573996,1594.4333333333334,27,TWAVE,t,T-wave peak,t_peak,t,0,0,5,
121,574015,1594.486111111111,40,WFOFF,),Waveform end,t_offset,t,0,0,2,
121,574137,1594.825,39,WFON,(,Waveform onset,qrs_onset,qrs,0,0,1,
121,574163,1594.8972222222221,1,NORMAL,N,Normal beat,qrs_peak,qrs,0,0,0,
121,574177,1594.9361111111111,40,WFOFF,),Waveform end,qrs_offset,qrs,0,0,1,
121,574206,1595.0166666666667,39,WFON,(,Waveform onset,t_onset,t,0,0,2,
121,574213,1595.036111111111,27,TWAVE,t,T-wave peak,t_peak,t,0,0,5,
121,574278,1595.2166666666667,27,TWAVE,t,T-wave peak,t_peak,t,0,0,5,
121,574292,1595.2555555555555,40,WFOFF,),Waveform end,t_offset,t,0,0,2,
121,574369,1595.4694444444444,39,WFON,(,Waveform onset,qrs_onset,qrs,0,0,1,
121,574417,1595.6027777777779,1,NORMAL,N,Normal beat,qrs_peak,qrs,0,0,0,
121,574450,1595.6944444444443,40,WFOFF,),Waveform end,qrs_offset,qrs,0,0,1,
121,574455,1595.7083333333333,39,WFON,(,Waveform onset,t_onset,t,0,0,2,
121,574511,1595.8638888888888,27,TWAVE,t,T-wave peak,t_peak,t,0,0,0,
121,574540,1595.9444444444443,40,WFOFF,),Waveform end,t_offset,t,0,0,2,
121,574698,1596.3833333333334,39,WFON,(,Waveform onset,qrs_onset,qrs,0,0,1,
121,574714,1596.4277777777777,1,NORMAL,N,Normal beat,qrs_peak,qrs,0,0,0,
121,574726,1596.4611111111112,40,WFOFF,),Waveform end,qrs_offset,qrs,0,0,1,
121,574733,1596.4805555555556,39,WFON,(,Waveform onset,t_onset,t,0,0,2,
121,574793,1596.6472222222221,27,TWAVE,t,T-wave peak,t_peak,t,0,0,0,
121,574821,1596.725,40,WFOFF,),Waveform end,t_offset,t,0,0,2,
121,574972,1597.1444444444444,39,WFON,(,Waveform onset,qrs_onset,qrs,0,0,1,
121,574990,1597.1944444444443,1,NORMAL,N,Normal beat,qrs_peak,qrs,0,0,0,
121,575004,1597.2333333333333,40,WFOFF,),Waveform end,qrs_offset,qrs,0,0,1,
121,575072,1597.4222222222222,39,WFON,(,Waveform onset,t_onset,t,0,0,2,
121,575101,1597.5027777777777,27,TWAVE,t,T-wave peak,t_peak,t,0,0,1,
121,575119,1597.5527777777777,40,WFOFF,),Waveform end,t_offset,t,0,0,2,
121,575242,1597.8944444444444,39,WFON,(,Waveform onset,qrs_onset,qrs,0,0,1,
121,575268,1597.9666666666667,1,NORMAL,N,Normal beat,qrs_peak,qrs,0,0,0,
121,575282,1598.0055555555555,40,WFOFF,),Waveform end,qrs_offset,qrs,0,0,1,
121,575295,1598.0416666666667,39,WFON,(,Waveform onset,t_onset,t,0,0,2,
121,575337,1598.1583333333333,27,TWAVE,t,T-wave peak,t_peak,t,0,0,5,
121,575378,1598.2722222222221,27,TWAVE,t,T-wave peak,t_peak,t,0,0,5,
121,575415,1598.375,40,WFOFF,),Waveform end,t_offset,t,0,0,2,
121,575523,1598.675,39,WFON,(,Waveform onset,qrs_onset,qrs,0,0,1,
121,575541,1598.725,1,NORMAL,N,Normal beat,qrs_peak,qrs,0,0,0,
121,575554,1598.7611111111112,40,WFOFF,),Waveform end,qrs_offset,qrs,0,0,1,
121,575595,1598.875,39,WFON,(,Waveform onset,t_onset,t,0,0,2,
121,575615,1598.9305555555557,27,TWAVE,t,T-wave peak,t_peak,t,0,0,0,
121,575645,1599.013888888889,40,WFOFF,),Waveform end,t_offset,t,0,0,2,
121,575799,1599.4416666666666,39,WFON,(,Waveform onset,qrs_onset,qrs,0,0,1,
121,575815,1599.486111111111,1,NORMAL,N,Normal beat,qrs_peak,qrs,0,0,0,
121,575827,1599.5194444444444,40,WFOFF,),Waveform end,qrs_offset,qrs,0,0,1,
121,575895,1599.7083333333333,39,WFON,(,Waveform onset,t_onset,t,0,0,2,
121,575923,1599.786111111111,27,TWAVE,t,T-wave peak,t_peak,t,0,0,1,
121,575952,1599.8666666666666,40,WFOFF,),Waveform end,t_offset,t,0,0,2,
121,576061,1600.1694444444445,39,WFON,(,Waveform onset,qrs_onset,qrs,0,0,1,
121,576087,1600.2416666666666,1,NORMAL,N,Normal beat,qrs_peak,qrs,0,0,0,
121,576107,1600.2972222222222,40,WFOFF,),Waveform end,qrs_offset,qrs,0,0,1,
121,576130,1600.361111111111,39,WFON,(,Waveform onset,t_onset,t,0,0,2,
121,576171,1600.475,27,TWAVE,t,T-wave peak,t_peak,t,0,0,5,
121,576199,1600.5527777777777,27,TWAVE,t,T-wave peak,t_peak,t,0,0,5,
121,576226,1600.6277777777777,40,WFOFF,),Waveform end,t_offset,t,0,0,2,
121,576352,1600.9777777777779,39,WFON,(,Waveform onset,qrs_onset,qrs,0,0,1,
121,576369,1601.025,1,NORMAL,N,Normal beat,qrs_peak,qrs,0,0,0,
121,576410,1601.138888888889,40,WFOFF,),Waveform end,qrs_offset,qrs,0,0,1,
121,576453,1601.2583333333334,39,WFON,(,Waveform onset,t_onset,t,0,0,2,
121,576477,1601.325,27,TWAVE,t,T-wave peak,t_peak,t,0,0,1,
121,576491,1601.3638888888888,40,WFOFF,),Waveform end,t_offset,t,0,0,2,
121,576563,1601.5638888888889,39,WFON,(,Waveform onset,qrs_onset,qrs,0,0,1,
121,576628,1601.7444444444445,1,NORMAL,N,Normal beat,qrs_peak,qrs,0,0,0,
121,576663,1601.8416666666667,40,WFOFF,),Waveform end,qrs_offset,qrs,0,0,1,
121,576697,1601.9361111111111,39,WFON,(,Waveform onset,t_onset,t,0,0,2,
121,576723,1602.0083333333334,27,TWAVE,t,T-wave peak,t_peak,t,0,0,5,
121,576761,1602.1138888888888,27,TWAVE,t,T-wave peak,t_peak,t,0,0,5,
121,576770,1602.138888888889,40,WFOFF,),Waveform end,t_offset,t,0,0,2,
121,576820,1602.2777777777778,39,WFON,(,Waveform onset,qrs_onset,qrs,0,0,1,
121,576856,1602.3777777777777,1,NORMAL,N,Normal beat,qrs_peak,qrs,0,0,0,
121,576896,1602.4888888888888,40,WFOFF,),Waveform end,qrs_offset,qrs,0,0,1,
121,576909,1602.525,39,WFON,(,Waveform onset,t_onset,t,0,0,2,
121,576924,1602.5666666666666,27,TWAVE,t,T-wave peak,t_peak,t,0,0,0,
121,576941,1602.6138888888888,40,WFOFF,),Waveform end,t_offset,t,0,0,2,
121,577122,1603.1166666666666,39,WFON,(,Waveform onset,qrs_onset,qrs,0,0,1,
121,577183,1603.286111111111,1,NORMAL,N,Normal beat,qrs_peak,qrs,0,0,0,
121,577224,1603.4,40,WFOFF,),Waveform end,qrs_offset,qrs,0,0,1,
121,577284,1603.5666666666666,39,WFON,(,Waveform onset,t_onset,t,0,0,2,
121,577314,1603.65,27,TWAVE,t,T-wave peak,t_peak,t,0,0,1,
121,577339,1603.7194444444444,40,WFOFF,),Waveform end,t_offset,t,0,0,2,
121,577467,1604.075,39,WFON,(,Waveform onset,qrs_onset,qrs,0,0,1,
121,577485,1604.125,1,NORMAL,N,Normal beat,qrs_peak,qrs,0,0,0,
121,577502,1604.1722222222222,40,WFOFF,),Waveform end,qrs_offset,qrs,0,0,1,
121,577514,1604.2055555555555,39,WFON,(,Waveform onset,t_onset,t,0,0,2,
121,577558,1604.3277777777778,27,TWAVE,t,T-wave peak,t_peak,t,0,0,5,
121,577599,1604.4416666666666,27,TWAVE,t,T-wave peak,t_peak,t,0,0,5,
121,577606,1604.4611111111112,40,WFOFF,),Waveform end,t_offset,t,0,0,2,
121,577696,1604.7111111111112,39,WFON,(,Waveform onset,qrs_onset,qrs,0,0,1,
121,577735,1604.8194444444443,1,NORMAL,N,Normal beat,qrs_peak,qrs,0,0,0,
121,577787,1604.963888888889,40,WFOFF,),Waveform end,qrs_offset,qrs,0,0,1,
121,577791,1604.975,39,WFON,(,Waveform onset,t_onset,t,0,0,2,
121,577831,1605.0861111111112,27,TWAVE,t,T-wave peak,t_peak,t,0,0,5,
121,577874,1605.2055555555555,27,TWAVE,t,T-wave peak,t_peak,t,0,0,5,
121,577903,1605.286111111111,40,WFOFF,),Waveform end,t_offset,t,0,0,2,
121,578026,1605.6277777777777,39,WFON,(,Waveform onset,qrs_onset,qrs,0,0,1,
121,578044,1605.6777777777777,1,NORMAL,N,Normal beat,qrs_peak,qrs,0,0,0,
121,578064,1605.7333333333333,40,WFOFF,),Waveform end,qrs_offset,qrs,0,0,1,
121,578094,1605.8166666666666,39,WFON,(,Waveform onset,t_onset,t,0,0,2,
121,578118,1605.8833333333334,27,TWAVE,t,T-wave peak,t_peak,t,0,0,5,
121,578162,1606.0055555555555,27,TWAVE,t,T-wave peak,t_peak,t,0,0,5,
121,578175,1606.0416666666667,40,WFOFF,),Waveform end,t_offset,t,0,0,2,
121,578211,1606.1416666666667,39,WFON,(,Waveform onset,qrs_onset,qrs,0,0,1,
121,578260,1606.2777777777778,1,NORMAL,N,Normal beat,qrs_peak,qrs,0,0,0,
121,578304,1606.4,40,WFOFF,),Waveform end,qrs_offset,qrs,0,0,1,
121,578313,1606.425,39,WFON,(,Waveform onset,t_onset,t,0,0,2,
121,578329,1606.4694444444444,27,TWAVE,t,T-wave peak,t_peak,t,0,0,0,
121,578347,1606.5194444444444,40,WFOFF,),Waveform end,t_offset,t,0,0,2,
121,578591,1607.1972222222223,39,WFON,(,Waveform onset,qrs_onset,qrs,0,0,1,
121,578635,1607.3194444444443,1,NORMAL,N,Normal beat,qrs_peak,qrs,0,0,0,
121,578696,1607.4888888888888,40,WFOFF,),Waveform end,qrs_offset,qrs,0,0,1,
121,578803,1607.786111111111,39,WFON,(,Waveform onset,qrs_onset,qrs,0,0,1,
121,578866,1607.9611111111112,1,NORMAL,N,Normal beat,qrs_peak,qrs,0,0,0,
121,578902,1608.0611111111111,40,WFOFF,),Waveform end,qrs_offset,qrs,0,0,1,
121,578909,1608.0805555555555,39,WFON,(,Waveform onset,t_onset,t,0,0,2,
121,578967,1608.2416666666666,27,TWAVE,t,T-wave peak,t_peak,t,0,0,5,
121,579006,1608.35,27,TWAVE,t,T-wave peak,t_peak,t,0,0,5,
121,579020,1608.388888888889,40,WFOFF,),Waveform end,t_offset,t,0,0,2,
121,579099,1608.6083333333333,39,WFON,(,Waveform onset,qrs_onset,qrs,0,0,1,
121,579139,1608.7194444444444,1,NORMAL,N,Normal beat,qrs_peak,qrs,0,0,0,
121,579185,1608.8472222222222,40,WFOFF,),Waveform end,qrs_offset,qrs,0,0,1,
121,579218,1608.9388888888889,39,WFON,(,Waveform onset,t_onset,t,0,0,2,
121,579234,1608.9833333333333,27,TWAVE,t,T-wave peak,t_peak,t,0,0,5,
121,579288,1609.1333333333334,27,TWAVE,t,T-wave peak,t_peak,t,0,0,5,
121,579309,1609.1916666666666,40,WFOFF,),Waveform end,t_offset,t,0,0,2,
121,579379,1609.3861111111112,39,WFON,(,Waveform onset,qrs_onset,qrs,0,0,1,
121,579425,1609.513888888889,1,NORMAL,N,Normal beat,qrs_peak,qrs,0,0,0,
121,579477,1609.6583333333333,40,WFOFF,),Waveform end,qrs_offset,qrs,0,0,1,
121,579535,1609.8194444444443,39,WFON,(,Waveform onset,t_onset,t,0,0,2,
121,579555,1609.875,27,TWAVE,t,T-wave peak,t_peak,t,0,0,4,
121,579594,1609.9833333333333,27,TWAVE,t,T-wave peak,t_peak,t,0,0,4,
121,579600,1610.0,40,WFOFF,),Waveform end,t_offset,t,0,0,2,
121,579667,1610.1861111111111,39,WFON,(,Waveform onset,qrs_onset,qrs,0,0,1,
121,579715,1610.3194444444443,1,NORMAL,N,Normal beat,qrs_peak,qrs,0,0,0,
121,579755,1610.4305555555557,40,WFOFF,),Waveform end,qrs_offset,qrs,0,0,1,
121,579761,1610.4472222222223,39,WFON,(,Waveform onset,t_onset,t,0,0,2,
121,579809,1610.5805555555555,27,TWAVE,t,T-wave peak,t_peak,t,0,0,5,
121,579847,1610.6861111111111,27,TWAVE,t,T-wave peak,t_peak,t,0,0,5,
121,579872,1610.7555555555555,40,WFOFF,),Waveform end,t_offset,t,0,0,2,
121,579943,1610.9527777777778,39,WFON,(,Waveform onset,qrs_onset,qrs,0,0,1,
121,579991,1611.0861111111112,1,NORMAL,N,Normal beat,qrs_peak,qrs,0,0,0,
121,580034,1611.2055555555555,40,WFOFF,),Waveform end,qrs_offset,qrs,0,0,1,
121,580073,1611.3138888888889,39,WFON,(,Waveform onset,t_onset,t,0,0,2,
121,580082,1611.338888888889,27,TWAVE,t,T-wave peak,t_peak,t,0,0,5,
121,580131,1611.475,27,TWAVE,t,T-wave peak,t_peak,t,0,0,5,
121,580142,1611.5055555555555,40,WFOFF,),Waveform end,t_offset,t,0,0,2,
121,580172,1611.588888888889,39,WFON,(,Waveform onset,qrs_onset,qrs,0,0,1,
121,580221,1611.725,1,NORMAL,N,Normal beat,qrs_peak,qrs,0,0,0,
121,580260,1611.8333333333333,40,WFOFF,),Waveform end,qrs_offset,qrs,0,0,1,
121,580273,1611.8694444444445,39,WFON,(,Waveform onset,t_onset,t,0,0,2,
121,580290,1611.9166666666667,27,TWAVE,t,T-wave peak,t_peak,t,0,0,0,
121,580306,1611.9611111111112,40,WFOFF,),Waveform end,t_offset,t,0,0,2,
121,580501,1612.5027777777777,39,WFON,(,Waveform onset,qrs_onset,qrs,0,0,1,
121,580543,1612.6194444444445,1,NORMAL,N,Normal beat,qrs_peak,qrs,0,0,0,
121,580584,1612.7333333333333,40,WFOFF,),Waveform end,qrs_offset,qrs,0,0,1,
121,580600,1612.7777777777778,39,WFON,(,Waveform onset,t_onset,t,0,0,2,
121,580644,1612.9,27,TWAVE,t,T-wave peak,t_peak,t,0,0,5,
121,580680,1613.0,27,TWAVE,t,T-wave peak,t_peak,t,0,0,5,
121,580706,1613.0722222222223,40,WFOFF,),Waveform end,t_offset,t,0,0,2,
121,580726,1613.1277777777777,39,WFON,(,Waveform onset,p_onset,p,0,0,0,
121,580729,1613.1361111111112,24,PWAVE,p,P-wave peak,p_peak,p,0,0,0,
121,580736,1613.1555555555556,40,WFOFF,),Waveform end,p_offset,p,0,0,0,
121,580830,1613.4166666666667,39,WFON,(,Waveform onset,qrs_onset,qrs,0,0,1,
121,580891,1613.5861111111112,1,NORMAL,N,Normal beat,qrs_peak,qrs,0,0,0,
121,580950,1613.75,40,WFOFF,),Waveform end,qrs_offset,qrs,0,0,1,
121,580962,1613.7833333333333,39,WFON,(,Waveform onset,t_onset,t,0,0,2,
121,581006,1613.9055555555556,27,TWAVE,t,T-wave peak,t_peak,t,0,0,0,
121,581018,1613.9388888888889,40,WFOFF,),Waveform end,t_offset,t,0,0,2,
121,581105,1614.1805555555557,39,WFON,(,Waveform onset,qrs_onset,qrs,0,0,1,
121,581125,1614.236111111111,1,NORMAL,N,Normal beat,qrs_peak,qrs,0,0,0,
121,581150,1614.3055555555557,40,WFOFF,),Waveform end,qrs_offset,qrs,0,0,1,
121,581154,1614.3166666666666,39,WFON,(,Waveform onset,t_onset,t,0,0,2,
121,581200,1614.4444444444443,27,TWAVE,t,T-wave peak,t_peak,t,0,0,5,
121,581240,1614.5555555555557,27,TWAVE,t,T-wave peak,t_peak,t,0,0,5,
121,581254,1614.5944444444444,40,WFOFF,),Waveform end,t_offset,t,0,0,2,
121,581385,1614.9583333333333,39,WFON,(,Waveform onset,qrs_onset,qrs,0,0,1,
121,581405,1615.013888888889,1,NORMAL,N,Normal beat,qrs_peak,qrs,0,0,0,
121,581419,1615.0527777777777,40,WFOFF,),Waveform end,qrs_offset,qrs,0,0,1,
121,581453,1615.1472222222221,39,WFON,(,Waveform onset,t_onset,t,0,0,2,
121,581489,1615.2472222222223,27,TWAVE,t,T-wave peak,t_peak,t,0,0,5,
121,581514,1615.3166666666666,27,TWAVE,t,T-wave peak,t_peak,t,0,0,5,
121,581522,1615.338888888889,40,WFOFF,),Waveform end,t_offset,t,0,0,2,
121,581661,1615.725,39,WFON,(,Waveform onset,qrs_onset,qrs,0,0,1,
121,581676,1615.7666666666667,1,NORMAL,N,Normal beat,qrs_peak,qrs,0,0,0,
121,581719,1615.8861111111112,40,WFOFF,),Waveform end,qrs_offset,qrs,0,0,1,
121,581863,1616.286111111111,39,WFON,(,Waveform onset,qrs_onset,qrs,0,0,1,
121,581925,1616.4583333333333,1,NORMAL,N,Normal beat,qrs_peak,qrs,0,0,0,
121,581961,1616.5583333333334,40,WFOFF,),Waveform end,qrs_offset,qrs,0,0,1,
121,581987,1616.6305555555555,39,WFON,(,Waveform onset,t_onset,t,0,0,2,
121,581991,1616.6416666666667,27,TWAVE,t,T-wave peak,t_peak,t,0,0,4,
121,582031,1616.7527777777777,27,TWAVE,t,T-wave peak,t_peak,t,0,0,4,
121,582060,1616.8333333333333,40,WFOFF,),Waveform end,t_offset,t,0,0,2,
121,582203,1617.2305555555556,39,WFON,(,Waveform onset,qrs_onset,qrs,0,0,1,
121,582222,1617.2833333333333,1,NORMAL,N,Normal beat,qrs_peak,qrs,0,0,0,
121,582271,1617.4194444444445,40,WFOFF,),Waveform end,qrs_offset,qrs,0,0,1,
121,582416,1617.8222222222223,39,WFON,(,Waveform onset,qrs_onset,qrs,0,0,1,
121,582475,1617.986111111111,1,NORMAL,N,Normal beat,qrs_peak,qrs,0,0,0,
121,582519,1618.1083333333333,40,WFOFF,),Waveform end,qrs_offset,qrs,0,0,1,
121,582547,1618.1861111111111,39,WFON,(,Waveform onset,t_onset,t,0,0,2,
121,582581,1618.2805555555556,27,TWAVE,t,T-wave peak,t_peak,t,0,0,1,
121,582629,1618.4138888888888,40,WFOFF,),Waveform end,t_offset,t,0,0,2,
121,582748,1618.7444444444445,39,WFON,(,Waveform onset,qrs_onset,qrs,0,0,1,
121,582767,1618.7972222222222,1,NORMAL,N,Normal beat,qrs_peak,qrs,0,0,0,
121,582778,1618.8277777777778,40,WFOFF,),Waveform end,qrs_offset,qrs,0,0,1,
121,582809,1618.9138888888888,39,WFON,(,Waveform onset,t_onset,t,0,0,2,
121,582830,1618.9722222222222,27,TWAVE,t,T-wave peak,t_peak,t,0,0,0,
121,582874,1619.0944444444444,40,WFOFF,),Waveform end,t_offset,t,0,0,2,
121,583011,1619.475,39,WFON,(,Waveform onset,qrs_onset,qrs,0,0,1,
121,583028,1619.5222222222221,1,NORMAL,N,Normal beat,qrs_peak,qrs,0,0,0,
121,583041,1619.5583333333334,40,WFOFF,),Waveform end,qrs_offset,qrs,0,0,1,
121,583167,1619.9083333333333,39,WFON,(,Waveform onset,t_onset,t,0,0,2,
121,583178,1619.9388888888889,27,TWAVE,t,T-wave peak,t_peak,t,0,0,0,
121,583193,1619.9805555555556,40,WFOFF,),Waveform end,t_offset,t,0,0,2,
121,583222,1620.0611111111111,39,WFON,(,Waveform onset,qrs_onset,qrs,0,0,1,
121,583266,1620.1833333333334,1,NORMAL,N,Normal beat,qrs_peak,qrs,0,0,0,
121,583307,1620.2972222222222,40,WFOFF,),Waveform end,qrs_offset,qrs,0,0,1,
121,583327,1620.3527777777779,39,WFON,(,Waveform onset,t_onset,t,0,0,2,
121,583370,1620.4722222222222,27,TWAVE,t,T-wave peak,t_peak,t,0,0,5,
121,583401,1620.5583333333334,27,TWAVE,t,T-wave peak,t_peak,t,0,0,5,
121,583478,1620.7722222222221,40,WFOFF,),Waveform end,t_offset,t,0,0,2,
121,583541,1620.9472222222223,39,WFON,(,Waveform onset,qrs_onset,qrs,0,0,1,
121,583557,1620.9916666666666,1,NORMAL,N,Normal beat,qrs_peak,qrs,0,0,0,
121,583570,1621.0277777777778,40,WFOFF,),Waveform end,qrs_offset,qrs,0,0,1,
121,583630,1621.1944444444443,39,WFON,(,Waveform onset,t_onset,t,0,0,2,
121,583663,1621.286111111111,27,TWAVE,t,T-wave peak,t_peak,t,0,0,1,
121,583676,1621.3222222222223,40,WFOFF,),Waveform end,t_offset,t,0,0,2,
121,583800,1621.6666666666667,39,WFON,(,Waveform onset,qrs_onset,qrs,0,0,1,
121,583818,1621.7166666666667,1,NORMAL,N,Normal beat,qrs_peak,qrs,0,0,0,
121,583833,1621.7583333333334,40,WFOFF,),Waveform end,qrs_offset,qrs,0,0,1,
121,583866,1621.85,39,WFON,(,Waveform onset,t_onset,t,0,0,2,
121,583873,1621.8694444444445,27,TWAVE,t,T-wave peak,t_peak,t,0,0,5,
121,583921,1622.0027777777777,27,TWAVE,t,T-wave peak,t_peak,t,0,0,5,
121,583947,1622.075,40,WFOFF,),Waveform end,t_offset,t,0,0,2,
121,584060,1622.388888888889,39,WFON,(,Waveform onset,qrs_onset,qrs,0,0,1,
121,584095,1622.486111111111,1,NORMAL,N,Normal beat,qrs_peak,qrs,0,0,0,
121,584106,1622.5166666666667,40,WFOFF,),Waveform end,qrs_offset,qrs,0,0,1,
121,584120,1622.5555555555557,39,WFON,(,Waveform onset,t_onset,t,0,0,2,
121,584152,1622.6444444444444,27,TWAVE,t,T-wave peak,t_peak,t,0,0,5,
121,584192,1622.7555555555555,27,TWAVE,t,T-wave peak,t_peak,t,0,0,5,
121,584216,1622.8222222222223,40,WFOFF,),Waveform end,t_offset,t,0,0,2,
121,584328,1623.1333333333334,39,WFON,(,Waveform onset,qrs_onset,qrs,0,0,1,
121,584361,1623.225,1,NORMAL,N,Normal beat,qrs_peak,qrs,0,0,0,
121,584372,1623.2555555555555,40,WFOFF,),Waveform end,qrs_offset,qrs,0,0,1,
121,584396,1623.3222222222223,39,WFON,(,Waveform onset,t_onset,t,0,0,2,
121,584418,1623.3833333333334,27,TWAVE,t,T-wave peak,t_peak,t,0,0,0,
121,584443,1623.4527777777778,40,WFOFF,),Waveform end,t_offset,t,0,0,2,
121,584588,1623.8555555555556,39,WFON,(,Waveform onset,qrs_onset,qrs,0,0,1,
121,584604,1623.9,1,NORMAL,N,Normal beat,qrs_peak,qrs,0,0,0,
121,584619,1623.9416666666666,40,WFOFF,),Waveform end,qrs_offset,qrs,0,0,1,
121,584650,1624.0277777777778,39,WFON,(,Waveform onset,t_onset,t,0,0,2,
121,584676,1624.1,27,TWAVE,t,T-wave peak,t_peak,t,0,0,0,
121,584711,1624.1972222222223,40,WFOFF,),Waveform end,t_offset,t,0,0,2,
121,584779,1624.3861111111112,39,WFON,(,Waveform onset,qrs_onset,qrs,0,0,1,
121,584795,1624.4305555555557,1,NORMAL,N,Normal beat,qrs_peak,qrs,0,0,0,
121,584842,1624.5611111111111,40,WFOFF,),Waveform end,qrs_offset,qrs,0,0,1,
121,584850,1624.5833333333333,39,WFON,(,Waveform onset,t_onset,t,0,0,2,
121,584866,1624.6277777777777,27,TWAVE,t,T-wave peak,t_peak,t,0,0,0,
121,584884,1624.6777777777777,40,WFOFF,),Waveform end,t_offset,t,0,0,2,
121,585044,1625.1222222222223,39,WFON,(,Waveform onset,qrs_onset,qrs,0,0,1,
121,585094,1625.2611111111112,1,NORMAL,N,Normal beat,qrs_peak,qrs,0,0,0,
121,585144,1625.4,40,WFOFF,),Waveform end,qrs_offset,qrs,0,0,1,
121,585160,1625.4444444444443,39,WFON,(,Waveform onset,t_onset,t,0,0,2,
121,585185,1625.513888888889,27,TWAVE,t,T-wave peak,t_peak,t,0,0,0,
121,585232,1625.6444444444444,40,WFOFF,),Waveform end,t_offset,t,0,0,2,
121,585308,1625.8555555555556,39,WFON,(,Waveform onset,qrs_onset,qrs,0,0,1,
121,585326,1625.9055555555556,1,NORMAL,N,Normal beat,qrs_peak,qrs,0,0,0,
121,585366,1626.0166666666667,40,WFOFF,),Waveform end,qrs_offset,qrs,0,0,1,
121,585378,1626.05,39,WFON,(,Waveform onset,t_onset,t,0,0,2,
121,585394,1626.0944444444444,27,TWAVE,t,T-wave peak,t_peak,t,0,0,0,
121,585411,1626.1416666666667,40,WFOFF,),Waveform end,t_offset,t,0,0,2,
121,585575,1626.5972222222222,39,WFON,(,Waveform onset,qrs_onset,qrs,0,0,1,
121,585624,1626.7333333333333,1,NORMAL,N,Normal beat,qrs_peak,qrs,0,0,0,
121,585675,1626.875,40,WFOFF,),Waveform end,qrs_offset,qrs,0,0,1,
121,585678,1626.8833333333334,39,WFON,(,Waveform onset,t_onset,t,0,0,2,
121,585728,1627.0222222222221,27,TWAVE,t,T-wave peak,t_peak,t,0,0,5,
121,585764,1627.1222222222223,27,TWAVE,t,T-wave peak,t_peak,t,0,0,5,
121,585784,1627.1777777777777,40,WFOFF,),Waveform end,t_offset,t,0,0,2,
121,585838,1627.3277777777778,39,WFON,(,Waveform onset,qrs_onset,qrs,0,0,1,
121,585887,1627.463888888889,1,NORMAL,N,Normal beat,qrs_peak,qrs,0,0,0,
121,585938,1627.6055555555556,40,WFOFF,),Waveform end,qrs_offset,qrs,0,0,1,
121,585995,1627.763888888889,39,WFON,(,Waveform onset,t_onset,t,0,0,2,
121,586026,1627.85,27,TWAVE,t,T-wave peak,t_peak,t,0,0,1,
121,586045,1627.9027777777778,40,WFOFF,),Waveform end,t_offset,t,0,0,2,
121,586090,1628.0277777777778,39,WFON,(,Waveform onset,qrs_onset,qrs,0,0,1,
121,586150,1628.1944444444443,1,NORMAL,N,Normal beat,qrs_peak,qrs,0,0,0,
121,586190,1628.3055555555557,40,WFOFF,),Waveform end,qrs_offset,qrs,0,0,1,
121,586234,1628.4277777777777,39,WFON,(,Waveform onset,t_onset,t,0,0,2,
121,586251,1628.475,27,TWAVE,t,T-wave peak,t_peak,t,0,0,5,
121,586287,1628.575,27,TWAVE,t,T-wave peak,t_peak,t,0,0,5,
121,586300,1628.611111111111,40,WFOFF,),Waveform end,t_offset,t,0,0,2,
121,586377,1628.825,39,WFON,(,Waveform onset,qrs_onset,qrs,0,0,1,
121,586428,1628.9666666666667,1,NORMAL,N,Normal beat,qrs_peak,qrs,0,0,0,
121,586468,1629.0777777777778,40,WFOFF,),Waveform end,qrs_offset,qrs,0,0,1,
121,586496,1629.1555555555556,39,WFON,(,Waveform onset,t_onset,t,0,0,2,
121,586518,1629.2166666666667,27,TWAVE,t,T-wave peak,t_peak,t,0,0,5,
121,586558,1629.3277777777778,27,TWAVE,t,T-wave peak,t_peak,t,0,0,5,
121,586563,1629.3416666666667,40,WFOFF,),Waveform end,t_offset,t,0,0,2,
121,586642,1629.5611111111111,1,NORMAL,N,Normal beat,qrs_peak,qrs,0,0,0,
121,586652,1629.588888888889,39,WFON,(,Waveform onset,qrs_onset,qrs,0,0,1,
121,586685,1629.6805555555557,40,WFOFF,),Waveform end,qrs_offset,qrs,0,0,1,
121,586696,1629.7111111111112,39,WFON,(,Waveform onset,t_onset,t,0,0,2,
121,586713,1629.7583333333334,27,TWAVE,t,T-wave peak,t_peak,t,0,0,0,
121,586731,1629.8083333333334,40,WFOFF,),Waveform end,t_offset,t,0,0,2,
121,586892,1630.2555555555555,39,WFON,(,Waveform onset,qrs_onset,qrs,0,0,1,
121,586916,1630.3222222222223,1,NORMAL,N,Normal beat,qrs_peak,qrs,0,0,0,
121,586955,1630.4305555555557,40,WFOFF,),Waveform end,qrs_offset,qrs,0,0,1,
121,586966,1630.4611111111112,39,WFON,(,Waveform onset,t_onset,t,0,0,2,
121,586982,1630.5055555555555,27,TWAVE,t,T-wave peak,t_peak,t,0,0,0,
121,587002,1630.5611111111111,40,WFOFF,),Waveform end,t_offset,t,0,0,2,
121,587166,1631.0166666666667,39,WFON,(,Waveform onset,qrs_onset,qrs,0,0,1,
121,587183,1631.0638888888889,1,NORMAL,N,Normal beat,qrs_peak,qrs,0,0,0,
121,587214,1631.15,40,WFOFF,),Waveform end,qrs_offset,qrs,0,0,1,
121,587236,1631.2111111111112,39,WFON,(,Waveform onset,t_onset,t,0,0,2,
121,587255,1631.263888888889,27,TWAVE,t,T-wave peak,t_peak,t,0,0,0,
121,587274,1631.3166666666666,40,WFOFF,),Waveform end,t_offset,t,0,0,2,
121,587467,1631.8527777777779,39,WFON,(,Waveform onset,qrs_onset,qrs,0,0,1,
121,587508,1631.9666666666667,1,NORMAL,N,Normal beat,qrs_peak,qrs,0,0,0,
121,587548,1632.0777777777778,40,WFOFF,),Waveform end,qrs_offset,qrs,0,0,1,
121,587576,1632.1555555555556,39,WFON,(,Waveform onset,t_onset,t,0,0,2,
121,587608,1632.2444444444445,27,TWAVE,t,T-wave peak,t_peak,t,0,0,5,
121,587643,1632.3416666666667,27,TWAVE,t,T-wave peak,t_peak,t,0,0,5,
121,587658,1632.3833333333334,40,WFOFF,),Waveform end,t_offset,t,0,0,2,
121,587721,1632.5583333333334,39,WFON,(,Waveform onset,qrs_onset,qrs,0,0,1,
121,587782,1632.7277777777779,1,NORMAL,N,Normal beat,qrs_peak,qrs,0,0,0,
121,587830,1632.861111111111,40,WFOFF,),Waveform end,qrs_offset,qrs,0,0,1,
121,587855,1632.9305555555557,39,WFON,(,Waveform onset,t_onset,t,0,0,2,
121,587869,1632.9694444444444,27,TWAVE,t,T-wave peak,t_peak,t,0,0,5,
121,587922,1633.1166666666666,27,TWAVE,t,T-wave peak,t_peak,t,0,0,5,
121,587938,1633.161111111111,40,WFOFF,),Waveform end,t_offset,t,0,0,2,
121,587986,1633.2944444444445,39,WFON,(,Waveform onset,qrs_onset,qrs,0,0,1,
121,588011,1633.3638888888888,1,NORMAL,N,Normal beat,qrs_peak,qrs,0,0,0,
121,588047,1633.463888888889,40,WFOFF,),Waveform end,qrs_offset,qrs,0,0,1,
121,588060,1633.5,39,WFON,(,Waveform onset,t_onset,t,0,0,2,
121,588076,1633.5444444444445,27,TWAVE,t,T-wave peak,t_peak,t,0,0,0,
121,588094,1633.5944444444444,40,WFOFF,),Waveform end,t_offset,t,0,0,2,
121,588343,1634.286111111111,39,WFON,(,Waveform onset,qrs_onset,qrs,0,0,1,
121,588386,1634.4055555555556,1,NORMAL,N,Normal beat,qrs_peak,qrs,0,0,0,
121,588413,1634.4805555555556,40,WFOFF,),Waveform end,qrs_offset,qrs,0,0,1,
121,588434,1634.5388888888888,40,WFOFF,),Waveform end,t_offset,t,0,0,2,
121,588438,1634.55,27,TWAVE,t,T-wave peak,t_peak,t,0,0,1,
121,588441,1634.5583333333334,39,WFON,(,Waveform onset,t_onset,t,0,0,2,
121,588504,1634.7333333333333,39,WFON,(,Waveform onset,qrs_onset,qrs,0,0,1,
121,588565,1634.9027777777778,1,NORMAL,N,Normal beat,qrs_peak,qrs,0,0,0,
121,588608,1635.0222222222221,40,WFOFF,),Waveform end,qrs_offset,qrs,0,0,1,
121,588621,1635.0583333333334,39,WFON,(,Waveform onset,t_onset,t,0,0,2,
121,588636,1635.1,27,TWAVE,t,T-wave peak,t_peak,t,0,0,0,
121,588655,1635.1527777777778,40,WFOFF,),Waveform end,t_offset,t,0,0,2,
121,588898,1635.8277777777778,39,WFON,(,Waveform onset,qrs_onset,qrs,0,0,1,
121,588948,1635.9666666666667,1,NORMAL,N,Normal beat,qrs_peak,qrs,0,0,0,
121,589026,1636.1833333333334,40,WFOFF,),Waveform end,qrs_offset,qrs,0,0,1,
121,589070,1636.3055555555557,39,WFON,(,Waveform onset,qrs_onset,qrs,0,0,1,
121,589117,1636.4361111111111,1,NORMAL,N,Normal beat,qrs_peak,qrs,0,0,0,
121,589160,1636.5555555555557,40,WFOFF,),Waveform end,qrs_offset,qrs,0,0,1,
121,589172,1636.588888888889,39,WFON,(,Waveform onset,t_onset,t,0,0,2,
121,589188,1636.6333333333334,27,TWAVE,t,T-wave peak,t_peak,t,0,0,0,
121,589206,1636.6833333333334,40,WFOFF,),Waveform end,t_offset,t,0,0,2,
121,589406,1637.2388888888888,39,WFON,(,Waveform onset,qrs_onset,qrs,0,0,1,
121,589452,1637.3666666666666,1,NORMAL,N,Normal beat,qrs_peak,qrs,0,0,0,
121,589502,1637.5055555555555,40,WFOFF,),Waveform end,qrs_offset,qrs,0,0,1,
121,589509,1637.525,39,WFON,(,Waveform onset,t_onset,t,0,0,2,
121,589551,1637.6416666666667,27,TWAVE,t,T-wave peak,t_peak,t,0,0,5,
121,589586,1637.7388888888888,27,TWAVE,t,T-wave peak,t_peak,t,0,0,5,
121,589601,1637.7805555555556,40,WFOFF,),Waveform end,t_offset,t,0,0,2,
121,589677,1637.9916666666666,39,WFON,(,Waveform onset,qrs_onset,qrs,0,0,1,
121,589741,1638.1694444444445,1,NORMAL,N,Normal beat,qrs_peak,qrs,0,0,0,
121,589778,1638.2722222222221,40,WFOFF,),Waveform end,qrs_offset,qrs,0,0,1,
121,589785,1638.2916666666667,39,WFON,(,Waveform onset,t_onset,t,0,0,2,
121,589836,1638.4333333333334,27,TWAVE,t,T-wave peak,t_peak,t,0,0,0,
121,589873,1638.536111111111,40,WFOFF,),Waveform end,t_offset,t,0,0,2,
121,589968,1638.8,39,WFON,(,Waveform onset,qrs_onset,qrs,0,0,1,
121,590019,1638.9416666666666,1,NORMAL,N,Normal beat,qrs_peak,qrs,0,0,0,
121,590065,1639.0694444444443,40,WFOFF,),Waveform end,qrs_offset,qrs,0,0,1,
121,590073,1639.0916666666667,39,WFON,(,Waveform onset,t_onset,t,0,0,2,
121,590118,1639.2166666666667,27,TWAVE,t,T-wave peak,t_peak,t,0,0,5,
121,590170,1639.361111111111,27,TWAVE,t,T-wave peak,t_peak,t,0,0,5,
121,590176,1639.3777777777777,40,WFOFF,),Waveform end,t_offset,t,0,0,2,
121,590258,1639.6055555555556,39,WFON,(,Waveform onset,qrs_onset,qrs,0,0,1,
121,590317,1639.7694444444444,1,NORMAL,N,Normal beat,qrs_peak,qrs,0,0,0,
121,590358,1639.8833333333334,40,WFOFF,),Waveform end,qrs_offset,qrs,0,0,1,
121,590387,1639.963888888889,39,WFON,(,Waveform onset,t_onset,t,0,0,2,
121,590416,1640.0444444444445,27,TWAVE,t,T-wave peak,t_peak,t,0,0,0,
121,590453,1640.1472222222221,40,WFOFF,),Waveform end,t_offset,t,0,0,2,
121,590531,1640.3638888888888,39,WFON,(,Waveform onset,qrs_onset,qrs,0,0,1,
121,590559,1640.4416666666666,1,NORMAL,N,Normal beat,qrs_peak,qrs,0,0,0,
121,590610,1640.5833333333333,40,WFOFF,),Waveform end,qrs_offset,qrs,0,0,1,
121,590613,1640.5916666666667,39,WFON,(,Waveform onset,t_onset,t,0,0,2,
121,590631,1640.6416666666667,27,TWAVE,t,T-wave peak,t_peak,t,0,0,0,
121,590649,1640.6916666666666,40,WFOFF,),Waveform end,t_offset,t,0,0,2,
121,590810,1641.138888888889,39,WFON,(,Waveform onset,qrs_onset,qrs,0,0,1,
121,590848,1641.2444444444445,1,NORMAL,N,Normal beat,qrs_peak,qrs,0,0,0,
121,590897,1641.3805555555555,40,WFOFF,),Waveform end,qrs_offset,qrs,0,0,1,
121,590898,1641.3833333333334,39,WFON,(,Waveform onset,t_onset,t,0,0,2,
121,590917,1641.4361111111111,27,TWAVE,t,T-wave peak,t_peak,t,0,0,0,
121,590935,1641.486111111111,40,WFOFF,),Waveform end,t_offset,t,0,0,2,
121,591097,1641.9361111111111,39,WFON,(,Waveform onset,qrs_onset,qrs,0,0,1,
121,591132,1642.0333333333333,1,NORMAL,N,Normal beat,qrs_peak,qrs,0,0,0,
121,591177,1642.1583333333333,40,WFOFF,),Waveform end,qrs_offset,qrs,0,0,1,
121,591186,1642.1833333333334,39,WFON,(,Waveform onset,t_onset,t,0,0,2,
121,591202,1642.2277777777779,27,TWAVE,t,T-wave peak,t_peak,t,0,0,0,
121,591222,1642.2833333333333,40,WFOFF,),Waveform end,t_offset,t,0,0,2,
121,591432,1642.8666666666666,39,WFON,(,Waveform onset,qrs_onset,qrs,0,0,1,
121,591472,1642.9777777777779,1,NORMAL,N,Normal beat,qrs_peak,qrs,0,0,0,
121,591514,1643.0944444444444,40,WFOFF,),Waveform end,qrs_offset,qrs,0,0,1,
121,591751,1643.7527777777777,39,WFON,(,Waveform onset,qrs_onset,qrs,0,0,1,
121,591794,1643.8722222222223,1,NORMAL,N,Normal beat,qrs_peak,qrs,0,0,0,
121,591798,1643.8833333333334,40,WFOFF,),Waveform end,qrs_offset,qrs,0,0,1,
121,591850,1644.0277777777778,27,TWAVE,t,T-wave peak,t_peak,t,0,0,3,
121,591883,1644.1194444444445,40,WFOFF,),Waveform end,t_offset,t,0,0,2,
121,591924,1644.2333333333333,39,WFON,(,Waveform onset,qrs_onset,qrs,0,0,1,
121,591993,1644.425,1,NORMAL,N,Normal beat,qrs_peak,qrs,0,0,0,
121,592037,1644.5472222222222,40,WFOFF,),Waveform end,qrs_offset,qrs,0,0,1,
121,592046,1644.5722222222223,39,WFON,(,Waveform onset,t_onset,t,0,0,2,
121,592062,1644.6166666666666,27,TWAVE,t,T-wave peak,t_peak,t,0,0,0,
121,592079,1644.6638888888888,40,WFOFF,),Waveform end,t_offset,t,0,0,2,
121,592264,1645.1777777777777,39,WFON,(,Waveform onset,qrs_onset,qrs,0,0,1,
121,592308,1645.3,1,NORMAL,N,Normal beat,qrs_peak,qrs,0,0,0,
121,592363,1645.4527777777778,40,WFOFF,),Waveform end,qrs_offset,qrs,0,0,1,
121,592393,1645.536111111111,39,WFON,(,Waveform onset,t_onset,t,0,0,2,
121,592410,1645.5833333333333,27,TWAVE,t,T-wave peak,t_peak,t,0,0,5,
121,592450,1645.6944444444443,27,TWAVE,t,T-wave peak,t_peak,t,0,0,5,
121,592479,1645.775,40,WFOFF,),Waveform end,t_offset,t,0,0,2,
121,592516,1645.8777777777777,39,WFON,(,Waveform onset,qrs_onset,qrs,0,0,1,
121,592559,1645.9972222222223,1,NORMAL,N,Normal beat,qrs_peak,qrs,0,0,0,
121,592601,1646.1138888888888,40,WFOFF,),Waveform end,qrs_offset,qrs,0,0,1,
121,592607,1646.1305555555555,39,WFON,(,Waveform onset,t_onset,t,0,0,2,
121,592624,1646.1777777777777,27,TWAVE,t,T-wave peak,t_peak,t,0,0,0,
121,592642,1646.2277777777779,40,WFOFF,),Waveform end,t_offset,t,0,0,2,
121,592895,1646.9305555555557,39,WFON,(,Waveform onset,qrs_onset,qrs,0,0,1,
121,592959,1647.1083333333333,1,NORMAL,N,Normal beat,qrs_peak,qrs,0,0,0,
121,593018,1647.2722222222221,40,WFOFF,),Waveform end,qrs_offset,qrs,0,0,1,
121,593021,1647.2805555555556,39,WFON,(,Waveform onset,t_onset,t,0,0,2,
121,593050,1647.361111111111,27,TWAVE,t,T-wave peak,t_peak,t,0,0,0,
121,593079,1647.4416666666666,40,WFOFF,),Waveform end,t_offset,t,0,0,2,
121,593137,1647.6027777777779,39,WFON,(,Waveform onset,qrs_onset,qrs,0,0,1,
121,593176,1647.7111111111112,1,NORMAL,N,Normal beat,qrs_peak,qrs,0,0,0,
121,593211,1647.8083333333334,40,WFOFF,),Waveform end,qrs_offset,qrs,0,0,1,
121,593216,1647.8222222222223,39,WFON,(,Waveform onset,t_onset,t,0,0,2,
121,593270,1647.9722222222222,27,TWAVE,t,T-wave peak,t_peak,t,0,0,5,
121,593306,1648.0722222222223,27,TWAVE,t,T-wave peak,t_peak,t,0,0,5,
121,593333,1648.1472222222221,40,WFOFF,),Waveform end,t_offset,t,0,0,2,
121,593421,1648.3916666666667,39,WFON,(,Waveform onset,qrs_onset,qrs,0,0,1,
121,593473,1648.536111111111,1,NORMAL,N,Normal beat,qrs_peak,qrs,0,0,0,
121,593515,1648.6527777777778,40,WFOFF,),Waveform end,qrs_offset,qrs,0,0,1,
121,593573,1648.8138888888889,39,WFON,(,Waveform onset,t_onset,t,0,0,2,
121,593606,1648.9055555555556,27,TWAVE,t,T-wave peak,t_peak,t,0,0,1,
121,593623,1648.9527777777778,40,WFOFF,),Waveform end,t_offset,t,0,0,2,
121,593689,1649.1361111111112,39,WFON,(,Waveform onset,qrs_onset,qrs,0,0,1,
121,593761,1649.3361111111112,1,NORMAL,N,Normal beat,qrs_peak,qrs,0,0,0,
121,593804,1649.4555555555555,40,WFOFF,),Waveform end,qrs_offset,qrs,0,0,1,
121,593823,1649.5083333333334,39,WFON,(,Waveform onset,t_onset,t,0,0,2,
121,593838,1649.55,27,TWAVE,t,T-wave peak,t_peak,t,0,0,5,
121,593890,1649.6944444444443,27,TWAVE,t,T-wave peak,t_peak,t,0,0,5,
121,593911,1649.7527777777777,40,WFOFF,),Waveform end,t_offset,t,0,0,2,
121,594073,1650.2027777777778,39,WFON,(,Waveform onset,qrs_onset,qrs,0,0,1,
121,594088,1650.2444444444445,1,NORMAL,N,Normal beat,qrs_peak,qrs,0,0,0,
121,594111,1650.3083333333334,40,WFOFF,),Waveform end,qrs_offset,qrs,0,0,1,
121,594160,1650.4444444444443,39,WFON,(,Waveform onset,t_onset,t,0,0,2,
121,594179,1650.4972222222223,27,TWAVE,t,T-wave peak,t_peak,t,0,0,1,
121,594196,1650.5444444444445,40,WFOFF,),Waveform end,t_offset,t,0,0,2,
121,594280,1650.7777777777778,39,WFON,(,Waveform onset,qrs_onset,qrs,0,0,1,
121,594338,1650.9388888888889,1,NORMAL,N,Normal beat,qrs_peak,qrs,0,0,0,
121,594389,1651.0805555555555,40,WFOFF,),Waveform end,qrs_offset,qrs,0,0,1,
121,594426,1651.1833333333334,39,WFON,(,Waveform onset,t_onset,t,0,0,2,
121,594440,1651.2222222222222,27,TWAVE,t,T-wave peak,t_peak,t,0,0,0,
121,594477,1651.325,40,WFOFF,),Waveform end,t_offset,t,0,0,2,
121,594591,1651.6416666666667,39,WFON,(,Waveform onset,qrs_onset,qrs,0,0,1,
121,594639,1651.775,1,NORMAL,N,Normal beat,qrs_peak,qrs,0,0,0,
121,594690,1651.9166666666667,40,WFOFF,),Waveform end,qrs_offset,qrs,0,0,1,
121,594715,1651.986111111111,39,WFON,(,Waveform onset,t_onset,t,0,0,2,
121,594727,1652.0194444444444,27,TWAVE,t,T-wave peak,t_peak,t,0,0,5,
121,594791,1652.1972222222223,27,TWAVE,t,T-wave peak,t_peak,t,0,0,5,
121,594802,1652.2277777777779,40,WFOFF,),Waveform end,t_offset,t,0,0,2,
121,594881,1652.4472222222223,39,WFON,(,Waveform onset,qrs_onset,qrs,0,0,1,
121,594939,1652.6083333333333,1,NORMAL,N,Normal beat,qrs_peak,qrs,0,0,0,
121,594980,1652.7222222222222,40,WFOFF,),Waveform end,qrs_offset,qrs,0,0,1,
121,594988,1652.7444444444445,39,WFON,(,Waveform onset,t_onset,t,0,0,2,
121,595038,1652.8833333333334,27,TWAVE,t,T-wave peak,t_peak,t,0,0,5,
121,595126,1653.1277777777777,27,TWAVE,t,T-wave peak,t_peak,t,0,0,5,
121,595137,1653.1583333333333,40,WFOFF,),Waveform end,t_offset,t,0,0,2,
121,595154,1653.2055555555555,39,WFON,(,Waveform onset,p_onset,p,0,0,0,
121,595167,1653.2416666666666,24,PWAVE,p,P-wave peak,p_peak,p,0,0,0,
121,595207,1653.3527777777779,40,WFOFF,),Waveform end,p_offset,p,0,0,0,
121,595234,1653.4277777777777,39,WFON,(,Waveform onset,qrs_onset,qrs,0,0,1,
121,595253,1653.4805555555556,1,NORMAL,N,Normal beat,qrs_peak,qrs,0,0,0,
121,595281,1653.5583333333334,40,WFOFF,),Waveform end,qrs_offset,qrs,0,0,1,
121,595297,1653.6027777777779,39,WFON,(,Waveform onset,t_onset,t,0,0,2,
121,595338,1653.7166666666667,27,TWAVE,t,T-wave peak,t_peak,t,0,0,0,
121,595357,1653.7694444444444,40,WFOFF,),Waveform end,t_offset,t,0,0,2,
121,595493,1654.1472222222221,39,WFON,(,Waveform onset,qrs_onset,qrs,0,0,1,
121,595516,1654.2111111111112,1,NORMAL,N,Normal beat,qrs_peak,qrs,0,0,0,
121,595538,1654.2722222222221,40,WFOFF,),Waveform end,qrs_offset,qrs,0,0,1,
121,595740,1654.8333333333333,27,TWAVE,t,T-wave peak,t_peak,t,0,0,2,
121,595767,1654.9083333333333,1,NORMAL,N,Normal beat,qrs_peak,qrs,0,0,0,
121,595769,1654.9138888888888,40,WFOFF,),Waveform end,t_offset,t,0,0,2,
121,595824,1655.0666666666666,40,WFOFF,),Waveform end,qrs_offset,qrs,0,0,1,
121,595842,1655.1166666666666,39,WFON,(,Waveform onset,t_onset,t,0,0,2,
121,595851,1655.1416666666667,27,TWAVE,t,T-wave peak,t_peak,t,0,0,1,
121,595978,1655.4944444444445,40,WFOFF,),Waveform end,t_offset,t,0,0,2,
121,596105,1655.8472222222222,39,WFON,(,Waveform onset,qrs_onset,qrs,0,0,1,
121,596128,1655.911111111111,1,NORMAL,N,Normal beat,qrs_peak,qrs,0,0,0,
121,596142,1655.95,40,WFOFF,),Waveform end,qrs_offset,qrs,0,0,1,
121,596411,1656.6972222222223,39,WFON,(,Waveform onset,qrs_onset,qrs,0,0,1,
121,596429,1656.7472222222223,1,NORMAL,N,Normal beat,qrs_peak,qrs,0,0,0,
121,596445,1656.7916666666667,40,WFOFF,),Waveform end,qrs_offset,qrs,0,0,1,
121,596699,1657.4972222222223,39,WFON,(,Waveform onset,qrs_onset,qrs,0,0,1,
121,596729,1657.5805555555555,1,NORMAL,N,Normal beat,qrs_peak,qrs,0,0,0,
121,596743,1657.6194444444445,40,WFOFF,),Waveform end,qrs_offset,qrs,0,0,1,
121,596804,1657.7888888888888,39,WFON,(,Waveform onset,t_onset,t,0,0,2,
121,596835,1657.875,27,TWAVE,t,T-wave peak,t_peak,t,0,0,1,
121,596870,1657.9722222222222,40,WFOFF,),Waveform end,t_offset,t,0,0,2,
121,596998,1658.3277777777778,39,WFON,(,Waveform onset,qrs_onset,qrs,0,0,1,
121,597027,1658.4083333333333,1,NORMAL,N,Normal beat,qrs_peak,qrs,0,0,0,
121,597042,1658.45,40,WFOFF,),Waveform end,qrs_offset,qrs,0,0,1,
121,597110,1658.638888888889,39,WFON,(,Waveform onset,t_onset,t,0,0,2,
121,597132,1658.7,27,TWAVE,t,T-wave peak,t_peak,t,0,0,1,
121,597160,1658.7777777777778,40,WFOFF,),Waveform end,t_offset,t,0,0,2,
121,597300,1659.1666666666667,39,WFON,(,Waveform onset,qrs_onset,qrs,0,0,1,
121,597328,1659.2444444444445,1,NORMAL,N,Normal beat,qrs_peak,qrs,0,0,0,
121,597341,1659.2805555555556,40,WFOFF,),Waveform end,qrs_offset,qrs,0,0,1,
121,597387,1659.4083333333333,39,WFON,(,Waveform onset,t_onset,t,0,0,2,
121,597401,1659.4472222222223,27,TWAVE,t,T-wave peak,t_peak,t,0,0,5,
121,597436,1659.5444444444445,27,TWAVE,t,T-wave peak,t_peak,t,0,0,5,
121,597457,1659.6027777777779,40,WFOFF,),Waveform end,t_offset,t,0,0,2,
121,597623,1660.0638888888889,39,WFON,(,Waveform onset,qrs_onset,qrs,0,0,1,
121,597638,1660.1055555555556,1,NORMAL,N,Normal beat,qrs_peak,qrs,0,0,0,
121,597652,1660.1444444444444,40,WFOFF,),Waveform end,qrs_offset,qrs,0,0,1,
121,597684,1660.2333333333333,39,WFON,(,Waveform onset,t_onset,t,0,0,2,
121,597704,1660.2888888888888,27,TWAVE,t,T-wave peak,t_peak,t,0,0,5,
121,597793,1660.536111111111,27,TWAVE,t,T-wave peak,t_peak,t,0,0,5,
121,597833,1660.6472222222221,40,WFOFF,),Waveform end,t_offset,t,0,0,2,
121,597924,1660.9,39,WFON,(,Waveform onset,qrs_onset,qrs,0,0,1,
121,597942,1660.95,1,NORMAL,N,Normal beat,qrs_peak,qrs,0,0,0,
121,597956,1660.9888888888888,40,WFOFF,),Waveform end,qrs_offset,qrs,0,0,1,
121,597991,1661.0861111111112,39,WFON,(,Waveform onset,t_onset,t,0,0,2,
121,598016,1661.1555555555556,27,TWAVE,t,T-wave peak,t_peak,t,0,0,5,
121,598134,1661.4833333333333,27,TWAVE,t,T-wave peak,t_peak,t,0,0,5,
121,598147,1661.5194444444444,40,WFOFF,),Waveform end,t_offset,t,0,0,2,
121,598222,1661.7277777777779,39,WFON,(,Waveform onset,qrs_onset,qrs,0,0,1,
121,598240,1661.7777777777778,1,NORMAL,N,Normal beat,qrs_peak,qrs,0,0,0,
121,598254,1661.8166666666666,40,WFOFF,),Waveform end,qrs_offset,qrs,0,0,1,
121,598278,1661.8833333333334,39,WFON,(,Waveform onset,t_onset,t,0,0,2,
121,598305,1661.9583333333333,27,TWAVE,t,T-wave peak,t_peak,t,0,0,0,
121,598346,1662.0722222222223,40,WFOFF,),Waveform end,t_offset,t,0,0,2,
121,598519,1662.5527777777777,39,WFON,(,Waveform onset,qrs_onset,qrs,0,0,1,
121,598538,1662.6055555555556,1,NORMAL,N,Normal beat,qrs_peak,qrs,0,0,0,
121,598552,1662.6444444444444,40,WFOFF,),Waveform end,qrs_offset,qrs,0,0,1,
121,598589,1662.7472222222223,39,WFON,(,Waveform onset,t_onset,t,0,0,2,
121,598606,1662.7944444444445,27,TWAVE,t,T-wave peak,t_peak,t,0,0,5,
121,598647,1662.9083333333333,27,TWAVE,t,T-wave peak,t_peak,t,0,0,5,
121,598683,1663.0083333333334,40,WFOFF,),Waveform end,t_offset,t,0,0,2,
121,598819,1663.3861111111112,39,WFON,(,Waveform onset,qrs_onset,qrs,0,0,1,
121,598838,1663.4388888888889,1,NORMAL,N,Normal beat,qrs_peak,qrs,0,0,0,
121,598852,1663.4777777777779,40,WFOFF,),Waveform end,qrs_offset,qrs,0,0,1,
121,598915,1663.6527777777778,39,WFON,(,Waveform onset,t_onset,t,0,0,2,
121,598945,1663.736111111111,27,TWAVE,t,T-wave peak,t_peak,t,0,0,1,
121,598965,1663.7916666666667,40,WFOFF,),Waveform end,t_offset,t,0,0,2,
121,599112,1664.2,39,WFON,(,Waveform onset,qrs_onset,qrs,0,0,1,
121,599139,1664.275,1,NORMAL,N,Normal beat,qrs_peak,qrs,0,0,0,
121,599155,1664.3194444444443,40,WFOFF,),Waveform end,qrs_offset,qrs,0,0,1,
121,599178,1664.3833333333334,39,WFON,(,Waveform onset,t_onset,t,0,0,2,
121,599193,1664.425,27,TWAVE,t,T-wave peak,t_peak,t,0,0,5,
121,599252,1664.588888888889,27,TWAVE,t,T-wave peak,t_peak,t,0,0,5,
121,599265,1664.625,40,WFOFF,),Waveform end,t_offset,t,0,0,2,
121,599429,1665.0805555555555,39,WFON,(,Waveform onset,qrs_onset,qrs,0,0,1,
121,599448,1665.1333333333334,1,NORMAL,N,Normal beat,qrs_peak,qrs,0,0,0,
121,599462,1665.1722222222222,40,WFOFF,),Waveform end,qrs_offset,qrs,0,0,1,
121,599511,1665.3083333333334,39,WFON,(,Waveform onset,t_onset,t,0,0,2,
121,599518,1665.3277777777778,27,TWAVE,t,T-wave peak,t_peak,t,0,0,5,
121,599643,1665.675,27,TWAVE,t,T-wave peak,t_peak,t,0,0,5,
121,599653,1665.7027777777778,40,WFOFF,),Waveform end,t_offset,t,0,0,2,
121,599735,1665.9305555555557,39,WFON,(,Waveform onset,qrs_onset,qrs,0,0,1,
121,599759,1665.9972222222223,1,NORMAL,N,Normal beat,qrs_peak,qrs,0,0,0,
121,599774,1666.0388888888888,40,WFOFF,),Waveform end,qrs_offset,qrs,0,0,1,
121,599791,1666.0861111111112,39,WFON,(,Waveform onset,t_onset,t,0,0,2,
121,599807,1666.1305555555555,27,TWAVE,t,T-wave peak,t_peak,t,0,0,5,
121,599874,1666.3166666666666,27,TWAVE,t,T-wave peak,t_peak,t,0,0,5,
121,599890,1666.361111111111,40,WFOFF,),Waveform end,t_offset,t,0,0,2,
121,600040,1666.7777777777778,39,WFON,(,Waveform onset,qrs_onset,qrs,0,0,1,
121,600058,1666.8277777777778,1,NORMAL,N,Normal beat,qrs_peak,qrs,0,0,0,
121,600071,1666.8638888888888,40,WFOFF,),Waveform end,qrs_offset,qrs,0,0,1,
121,600095,1666.9305555555557,39,WFON,(,Waveform onset,t_onset,t,0,0,2,
121,600129,1667.025,27,TWAVE,t,T-wave peak,t_peak,t,0,0,5,
121,600164,1667.1222222222223,27,TWAVE,t,T-wave peak,t_peak,t,0,0,5,
121,600200,1667.2222222222222,40,WFOFF,),Waveform end,t_offset,t,0,0,2,
121,600336,1667.6,39,WFON,(,Waveform onset,qrs_onset,qrs,0,0,1,
121,600362,1667.6722222222222,1,NORMAL,N,Normal beat,qrs_peak,qrs,0,0,0,
121,600377,1667.713888888889,40,WFOFF,),Waveform end,qrs_offset,qrs,0,0,1,
121,600443,1667.8972222222221,39,WFON,(,Waveform onset,t_onset,t,0,0,2,
121,600473,1667.9805555555556,27,TWAVE,t,T-wave peak,t_peak,t,0,0,1,
121,600493,1668.036111111111,40,WFOFF,),Waveform end,t_offset,t,0,0,2,
121,600664,1668.5111111111112,39,WFON,(,Waveform onset,qrs_onset,qrs,0,0,1,
121,600680,1668.5555555555557,1,NORMAL,N,Normal beat,qrs_peak,qrs,0,0,0,
121,600702,1668.6166666666666,40,WFOFF,),Waveform end,qrs_offset,qrs,0,0,1,
121,600765,1668.7916666666667,39,WFON,(,Waveform onset,t_onset,t,0,0,2,
121,600818,1668.9388888888889,27,TWAVE,t,T-wave peak,t_peak,t,0,0,1,
121,600860,1669.0555555555557,40,WFOFF,),Waveform end,t_offset,t,0,0,2,
121,600960,1669.3333333333333,39,WFON,(,Waveform onset,qrs_onset,qrs,0,0,1,
121,600988,1669.411111111111,1,NORMAL,N,Normal beat,qrs_peak,qrs,0,0,0,
121,601003,1669.4527777777778,40,WFOFF,),Waveform end,qrs_offset,qrs,0,0,1,
121,601046,1669.5722222222223,39,WFON,(,Waveform onset,t_onset,t,0,0,2,
121,601068,1669.6333333333334,27,TWAVE,t,T-wave peak,t_peak,t,0,0,5,
121,601121,1669.7805555555556,27,TWAVE,t,T-wave peak,t_peak,t,0,0,5,
121,601134,1669.8166666666666,40,WFOFF,),Waveform end,t_offset,t,0,0,2,
121,601276,1670.2111111111112,39,WFON,(,Waveform onset,qrs_onset,qrs,0,0,1,
121,601293,1670.2583333333334,1,NORMAL,N,Normal beat,qrs_peak,qrs,0,0,0,
121,601305,1670.2916666666667,40,WFOFF,),Waveform end,qrs_offset,qrs,0,0,1,
121,601368,1670.4666666666667,39,WFON,(,Waveform onset,t_onset,t,0,0,2,
121,601397,1670.5472222222222,27,TWAVE,t,T-wave peak,t_peak,t,0,0,1,
121,601424,1670.6222222222223,40,WFOFF,),Waveform end,t_offset,t,0,0,2,
121,601581,1671.0583333333334,39,WFON,(,Waveform onset,qrs_onset,qrs,0,0,1,
121,601600,1671.111111111111,1,NORMAL,N,Normal beat,qrs_peak,qrs,0,0,0,
121,601613,1671.1472222222221,40,WFOFF,),Waveform end,qrs_offset,qrs,0,0,1,
121,601654,1671.2611111111112,39,WFON,(,Waveform onset,t_onset,t,0,0,2,
121,601670,1671.3055555555557,27,TWAVE,t,T-wave peak,t_peak,t,0,0,5,
121,601711,1671.4194444444445,27,TWAVE,t,T-wave peak,t_peak,t,0,0,5,
121,601729,1671.4694444444444,40,WFOFF,),Waveform end,t_offset,t,0,0,2,
121,601888,1671.911111111111,39,WFON,(,Waveform onset,qrs_onset,qrs,0,0,1,
121,601907,1671.963888888889,1,NORMAL,N,Normal beat,qrs_peak,qrs,0,0,0,
121,601921,1672.0027777777777,40,WFOFF,),Waveform end,qrs_offset,qrs,0,0,1,
121,601987,1672.1861111111111,39,WFON,(,Waveform onset,t_onset,t,0,0,2,
121,602021,1672.2805555555556,27,TWAVE,t,T-wave peak,t_peak,t,0,0,1,
121,602036,1672.3222222222223,40,WFOFF,),Waveform end,t_offset,t,0,0,2,
121,602191,1672.7527777777777,39,WFON,(,Waveform onset,qrs_onset,qrs,0,0,1,
121,602209,1672.8027777777777,1,NORMAL,N,Normal beat,qrs_peak,qrs,0,0,0,
121,602225,1672.8472222222222,40,WFOFF,),Waveform end,qrs_offset,qrs,0,0,1,
121,602229,1672.8583333333333,39,WFON,(,Waveform onset,t_onset,t,0,0,2,
121,602281,1673.0027777777777,27,TWAVE,t,T-wave peak,t_peak,t,0,0,5,
121,602398,1673.3277777777778,27,TWAVE,t,T-wave peak,t_peak,t,0,0,5,
121,602411,1673.3638888888888,40,WFOFF,),Waveform end,t_offset,t,0,0,2,
121,602503,1673.6194444444445,39,WFON,(,Waveform onset,qrs_onset,qrs,0,0,1,
121,602523,1673.675,1,NORMAL,N,Normal beat,qrs_peak,qrs,0,0,0,
121,602538,1673.7166666666667,40,WFOFF,),Waveform end,qrs_offset,qrs,0,0,1,
121,602552,1673.7555555555555,39,WFON,(,Waveform onset,t_onset,t,0,0,2,
121,602575,1673.8194444444443,27,TWAVE,t,T-wave peak,t_peak,t,0,0,5,
121,602694,1674.15,27,TWAVE,t,T-wave peak,t_peak,t,0,0,5,
121,602736,1674.2666666666667,40,WFOFF,),Waveform end,t_offset,t,0,0,2,
121,602814,1674.4833333333333,39,WFON,(,Waveform onset,qrs_onset,qrs,0,0,1,
121,602831,1674.5305555555556,1,NORMAL,N,Normal beat,qrs_peak,qrs,0,0,0,
121,602843,1674.5638888888889,40,WFOFF,),Waveform end,qrs_offset,qrs,0,0,1,
121,602849,1674.5805555555555,39,WFON,(,Waveform onset,t_onset,t,0,0,2,
121,602901,1674.725,27,TWAVE,t,T-wave peak,t_peak,t,0,0,5,
121,602939,1674.8305555555555,27,TWAVE,t,T-wave peak,t_peak,t,0,0,5,
121,602967,1674.9083333333333,40,WFOFF,),Waveform end,t_offset,t,0,0,2,
121,603115,1675.3194444444443,39,WFON,(,Waveform onset,qrs_onset,qrs,0,0,1,
121,603139,1675.3861111111112,1,NORMAL,N,Normal beat,qrs_peak,qrs,0,0,0,
121,603153,1675.425,40,WFOFF,),Waveform end,qrs_offset,qrs,0,0,1,
121,603215,1675.5972222222222,39,WFON,(,Waveform onset,t_onset,t,0,0,2,
121,603246,1675.6833333333334,27,TWAVE,t,T-wave peak,t_peak,t,0,0,1,
121,603275,1675.763888888889,40,WFOFF,),Waveform end,t_offset,t,0,0,2,
121,603424,1676.1777777777777,39,WFON,(,Waveform onset,qrs_onset,qrs,0,0,1,
121,603443,1676.2305555555556,1,NORMAL,N,Normal beat,qrs_peak,qrs,0,0,0,
121,603458,1676.2722222222221,40,WFOFF,),Waveform end,qrs_offset,qrs,0,0,1,
121,603481,1676.3361111111112,39,WFON,(,Waveform onset,t_onset,t,0,0,2,
121,603515,1676.4305555555557,27,TWAVE,t,T-wave peak,t_peak,t,0,0,5,
121,603556,1676.5444444444445,27,TWAVE,t,T-wave peak,t_peak,t,0,0,5,
121,603588,1676.6333333333334,40,WFOFF,),Waveform end,t_offset,t,0,0,2,
121,603741,1677.0583333333334,39,WFON,(,Waveform onset,qrs_onset,qrs,0,0,1,
121,603764,1677.1222222222223,1,NORMAL,N,Normal beat,qrs_peak,qrs,0,0,0,
121,603779,1677.1638888888888,40,WFOFF,),Waveform end,qrs_offset,qrs,0,0,1,
121,603795,1677.2083333333333,39,WFON,(,Waveform onset,t_onset,t,0,0,2,
121,603837,1677.325,27,TWAVE,t,T-wave peak,t_peak,t,0,0,5,
121,603873,1677.425,27,TWAVE,t,T-wave peak,t_peak,t,0,0,5,
121,603903,1677.5083333333334,40,WFOFF,),Waveform end,t_offset,t,0,0,2,
121,604064,1677.9555555555555,39,WFON,(,Waveform onset,qrs_onset,qrs,0,0,1,
121,604078,1677.9944444444445,1,NORMAL,N,Normal beat,qrs_peak,qrs,0,0,0,
121,604093,1678.036111111111,40,WFOFF,),Waveform end,qrs_offset,qrs,0,0,1,
121,604155,1678.2083333333333,39,WFON,(,Waveform onset,t_onset,t,0,0,2,
121,604196,1678.3222222222223,27,TWAVE,t,T-wave peak,t_peak,t,0,0,1,
121,604210,1678.361111111111,40,WFOFF,),Waveform end,t_offset,t,0,0,2,
121,604359,1678.775,39,WFON,(,Waveform onset,qrs_onset,qrs,0,0,1,
121,604384,1678.8444444444444,1,NORMAL,N,Normal beat,qrs_peak,qrs,0,0,0,
121,604400,1678.888888888889,40,WFOFF,),Waveform end,qrs_offset,qrs,0,0,1,
121,604404,1678.9,39,WFON,(,Waveform onset,t_onset,t,0,0,2,
121,604453,1679.036111111111,27,TWAVE,t,T-wave peak,t_peak,t,0,0,5,
121,604495,1679.1527777777778,27,TWAVE,t,T-wave peak,t_peak,t,0,0,5,
121,604522,1679.2277777777779,40,WFOFF,),Waveform end,t_offset,t,0,0,2,
121,604674,1679.65,39,WFON,(,Waveform onset,qrs_onset,qrs,0,0,1,
121,604692,1679.7,1,NORMAL,N,Normal beat,qrs_peak,qrs,0,0,0,
121,604706,1679.7388888888888,40,WFOFF,),Waveform end,qrs_offset,qrs,0,0,1,
121,604713,1679.7583333333334,39,WFON,(,Waveform onset,t_onset,t,0,0,2,
121,604737,1679.825,27,TWAVE,t,T-wave peak,t_peak,t,0,0,5,
121,604887,1680.2416666666666,27,TWAVE,t,T-wave peak,t_peak,t,0,0,5,
121,604898,1680.2722222222221,40,WFOFF,),Waveform end,t_offset,t,0,0,2,
121,604987,1680.5194444444444,39,WFON,(,Waveform onset,qrs_onset,qrs,0,0,1,
121,605004,1680.5666666666666,1,NORMAL,N,Normal beat,qrs_peak,qrs,0,0,0,
121,605019,1680.6083333333333,40,WFOFF,),Waveform end,qrs_offset,qrs,0,0,1,
121,605034,1680.65,39,WFON,(,Waveform onset,t_onset,t,0,0,2,
121,605057,1680.713888888889,27,TWAVE,t,T-wave peak,t_peak,t,0,0,5,
121,605112,1680.8666666666666,27,TWAVE,t,T-wave peak,t_peak,t,0,0,5,
121,605122,1680.8944444444444,40,WFOFF,),Waveform end,t_offset,t,0,0,2,
121,605303,1681.3972222222221,39,WFON,(,Waveform onset,qrs_onset,qrs,0,0,1,
121,605318,1681.4388888888889,1,NORMAL,N,Normal beat,qrs_peak,qrs,0,0,0,
121,605347,1681.5194444444444,40,WFOFF,),Waveform end,qrs_offset,qrs,0,0,1,
121,605405,1681.6805555555557,39,WFON,(,Waveform onset,t_onset,t,0,0,2,
121,605431,1681.7527777777777,27,TWAVE,t,T-wave peak,t_peak,t,0,0,4,
121,605461,1681.8361111111112,27,TWAVE,t,T-wave peak,t_peak,t,0,0,4,
121,605482,1681.8944444444444,40,WFOFF,),Waveform end,t_offset,t,0,0,2,
121,605621,1682.2805555555556,39,WFON,(,Waveform onset,qrs_onset,qrs,0,0,1,
121,605640,1682.3333333333333,1,NORMAL,N,Normal beat,qrs_peak,qrs,0,0,0,
121,605654,1682.3722222222223,40,WFOFF,),Waveform end,qrs_offset,qrs,0,0,1,
121,605694,1682.4833333333333,39,WFON,(,Waveform onset,t_onset,t,0,0,2,
121,605704,1682.5111111111112,27,TWAVE,t,T-wave peak,t_peak,t,0,0,5,
121,605749,1682.6361111111112,27,TWAVE,t,T-wave peak,t_peak,t,0,0,5,
121,605762,1682.6722222222222,40,WFOFF,),Waveform end,t_offset,t,0,0,2,
121,605906,1683.0722222222223,39,WFON,(,Waveform onset,qrs_onset,qrs,0,0,1,
121,605947,1683.1861111111111,1,NORMAL,N,Normal beat,qrs_peak,qrs,0,0,0,
121,605962,1683.2277777777779,40,WFOFF,),Waveform end,qrs_offset,qrs,0,0,1,
121,605992,1683.3111111111111,39,WFON,(,Waveform onset,t_onset,t,0,0,2,
121,606022,1683.3944444444444,27,TWAVE,t,T-wave peak,t_peak,t,0,0,5,
121,606123,1683.675,27,TWAVE,t,T-wave peak,t_peak,t,0,0,5,
121,606134,1683.7055555555555,40,WFOFF,),Waveform end,t_offset,t,0,0,2,
121,606232,1683.9777777777779,39,WFON,(,Waveform onset,qrs_onset,qrs,0,0,1,
121,606260,1684.0555555555557,1,NORMAL,N,Normal beat,qrs_peak,qrs,0,0,0,
121,606273,1684.0916666666667,40,WFOFF,),Waveform end,qrs_offset,qrs,0,0,1,
121,606544,1684.8444444444444,39,WFON,(,Waveform onset,qrs_onset,qrs,0,0,1,
121,606572,1684.9222222222222,1,NORMAL,N,Normal beat,qrs_peak,qrs,0,0,0,
121,606587,1684.963888888889,40,WFOFF,),Waveform end,qrs_offset,qrs,0,0,1,
121,606596,1684.9888888888888,39,WFON,(,Waveform onset,t_onset,t,0,0,2,
121,606651,1685.1416666666667,27,TWAVE,t,T-wave peak,t_peak,t,0,0,5,
121,606688,1685.2444444444445,27,TWAVE,t,T-wave peak,t_peak,t,0,0,5,
121,606709,1685.3027777777777,40,WFOFF,),Waveform end,t_offset,t,0,0,2,
121,606871,1685.7527777777777,39,WFON,(,Waveform onset,qrs_onset,qrs,0,0,1,
121,606888,1685.8,1,NORMAL,N,Normal beat,qrs_peak,qrs,0,0,0,
121,606903,1685.8416666666667,40,WFOFF,),Waveform end,qrs_offset,qrs,0,0,1,
121,606919,1685.8861111111112,39,WFON,(,Waveform onset,t_onset,t,0,0,2,
121,606960,1686.0,27,TWAVE,t,T-wave peak,t_peak,t,0,0,5,
121,606999,1686.1083333333333,27,TWAVE,t,T-wave peak,t_peak,t,0,0,5,
121,607022,1686.1722222222222,40,WFOFF,),Waveform end,t_offset,t,0,0,2,
121,607182,1686.6166666666666,39,WFON,(,Waveform onset,qrs_onset,qrs,0,0,1,
121,607201,1686.6694444444445,1,NORMAL,N,Normal beat,qrs_peak,qrs,0,0,0,
121,607215,1686.7083333333333,40,WFOFF,),Waveform end,qrs_offset,qrs,0,0,1,
121,607232,1686.7555555555555,39,WFON,(,Waveform onset,t_onset,t,0,0,2,
121,607272,1686.8666666666666,27,TWAVE,t,T-wave peak,t_peak,t,0,0,5,
121,607314,1686.9833333333333,27,TWAVE,t,T-wave peak,t_peak,t,0,0,5,
121,607325,1687.013888888889,40,WFOFF,),Waveform end,t_offset,t,0,0,2,
121,607480,1687.4444444444443,39,WFON,(,Waveform onset,qrs_onset,qrs,0,0,1,
121,607507,1687.5194444444444,1,NORMAL,N,Normal beat,qrs_peak,qrs,0,0,0,
121,607521,1687.5583333333334,40,WFOFF,),Waveform end,qrs_offset,qrs,0,0,1,
121,607562,1687.6722222222222,39,WFON,(,Waveform onset,t_onset,t,0,0,2,
121,607582,1687.7277777777779,27,TWAVE,t,T-wave peak,t_peak,t,0,0,5,
121,607617,1687.825,27,TWAVE,t,T-wave peak,t_peak,t,0,0,5,
121,607636,1687.8777777777777,40,WFOFF,),Waveform end,t_offset,t,0,0,2,
121,607803,1688.3416666666667,39,WFON,(,Waveform onset,qrs_onset,qrs,0,0,1,
121,607821,1688.3916666666667,1,NORMAL,N,Normal beat,qrs_peak,qrs,0,0,0,
121,607836,1688.4333333333334,40,WFOFF,),Waveform end,qrs_offset,qrs,0,0,1,
121,607882,1688.5611111111111,39,WFON,(,Waveform onset,t_onset,t,0,0,2,
121,607897,1688.6027777777779,27,TWAVE,t,T-wave peak,t_peak,t,0,0,5,
121,607936,1688.7111111111112,27,TWAVE,t,T-wave peak,t_peak,t,0,0,5,
121,607949,1688.7472222222223,40,WFOFF,),Waveform end,t_offset,t,0,0,2,
121,608101,1689.1694444444445,39,WFON,(,Waveform onset,qrs_onset,qrs,0,0,1,
121,608122,1689.2277777777779,1,NORMAL,N,Normal beat,qrs_peak,qrs,0,0,0,
121,608137,1689.2694444444444,40,WFOFF,),Waveform end,qrs_offset,qrs,0,0,1,
121,608203,1689.4527777777778,39,WFON,(,Waveform onset,t_onset,t,0,0,2,
121,608237,1689.5472222222222,27,TWAVE,t,T-wave peak,t_peak,t,0,0,1,
121,608248,1689.5777777777778,40,WFOFF,),Waveform end,t_offset,t,0,0,2,
121,608411,1690.0305555555556,39,WFON,(,Waveform onset,qrs_onset,qrs,0,0,1,
121,608431,1690.0861111111112,1,NORMAL,N,Normal beat,qrs_peak,qrs,0,0,0,
121,608447,1690.1305555555555,40,WFOFF,),Waveform end,qrs_offset,qrs,0,0,1,
121,608483,1690.2305555555556,39,WFON,(,Waveform onset,t_onset,t,0,0,2,
121,608508,1690.3,27,TWAVE,t,T-wave peak,t_peak,t,0,0,5,
121,608544,1690.4,27,TWAVE,t,T-wave peak,t_peak,t,0,0,5,
121,608569,1690.4694444444444,40,WFOFF,),Waveform end,t_offset,t,0,0,2,
121,608721,1690.8916666666667,39,WFON,(,Waveform onset,qrs_onset,qrs,0,0,1,
121,608740,1690.9444444444443,1,NORMAL,N,Normal beat,qrs_peak,qrs,0,0,0,
121,608756,1690.9888888888888,40,WFOFF,),Waveform end,qrs_offset,qrs,0,0,1,
121,608775,1691.0416666666667,39,WFON,(,Waveform onset,t_onset,t,0,0,2,
121,608814,1691.15,27,TWAVE,t,T-wave peak,t_peak,t,0,0,5,
121,608855,1691.263888888889,27,TWAVE,t,T-wave peak,t_peak,t,0,0,5,
121,608878,1691.3277777777778,40,WFOFF,),Waveform end,t_offset,t,0,0,2,
121,609032,1691.7555555555555,39,WFON,(,Waveform onset,qrs_onset,qrs,0,0,1,
121,609048,1691.8,1,NORMAL,N,Normal beat,qrs_peak,qrs,0,0,0,
121,609063,1691.8416666666667,40,WFOFF,),Waveform end,qrs_offset,qrs,0,0,1,
121,609089,1691.9138888888888,39,WFON,(,Waveform onset,t_onset,t,0,0,2,
121,609127,1692.0194444444444,27,TWAVE,t,T-wave peak,t_peak,t,0,0,5,
121,609164,1692.1222222222223,27,TWAVE,t,T-wave peak,t_peak,t,0,0,5,
121,609184,1692.1777777777777,40,WFOFF,),Waveform end,t_offset,t,0,0,2,
121,609342,1692.6166666666666,39,WFON,(,Waveform onset,qrs_onset,qrs,0,0,1,
121,609361,1692.6694444444445,1,NORMAL,N,Normal beat,qrs_peak,qrs,0,0,0,
121,609395,1692.763888888889,40,WFOFF,),Waveform end,qrs_offset,qrs,0,0,1,
121,609416,1692.8222222222223,39,WFON,(,Waveform onset,t_onset,t,0,0,2,
121,609434,1692.8722222222223,27,TWAVE,t,T-wave peak,t_peak,t,0,0,5,
121,609549,1693.1916666666666,27,TWAVE,t,T-wave peak,t_peak,t,0,0,5,
121,609567,1693.2416666666666,40,WFOFF,),Waveform end,t_offset,t,0,0,2,
121,609660,1693.5,39,WFON,(,Waveform onset,qrs_onset,qrs,0,0,1,
121,609673,1693.536111111111,1,NORMAL,N,Normal beat,qrs_peak,qrs,0,0,0,
121,609706,1693.6277777777777,40,WFOFF,),Waveform end,qrs_offset,qrs,0,0,1,
121,609766,1693.7944444444445,39,WFON,(,Waveform onset,t_onset,t,0,0,2,
121,609801,1693.8916666666667,27,TWAVE,t,T-wave peak,t_peak,t,0,0,1,
121,609811,1693.9194444444445,40,WFOFF,),Waveform end,t_offset,t,0,0,2,
121,609972,1694.3666666666666,39,WFON,(,Waveform onset,qrs_onset,qrs,0,0,1,
121,609991,1694.4194444444445,1,NORMAL,N,Normal beat,qrs_peak,qrs,0,0,0,
121,610011,1694.475,40,WFOFF,),Waveform end,qrs_offset,qrs,0,0,1,
121,610073,1694.6472222222221,39,WFON,(,Waveform onset,t_onset,t,0,0,2,
121,610100,1694.7222222222222,27,TWAVE,t,T-wave peak,t_peak,t,0,0,1,
121,610109,1694.7472222222223,40,WFOFF,),Waveform end,t_offset,t,0,0,2,
121,610272,1695.2,39,WFON,(,Waveform onset,qrs_onset,qrs,0,0,1,
121,610293,1695.2583333333334,1,NORMAL,N,Normal beat,qrs_peak,qrs,0,0,0,
121,610307,1695.2972222222222,40,WFOFF,),Waveform end,qrs_offset,qrs,0,0,1,
121,610341,1695.3916666666667,39,WFON,(,Waveform onset,t_onset,t,0,0,2,
121,610368,1695.4666666666667,27,TWAVE,t,T-wave peak,t_peak,t,0,0,5,
121,610474,1695.7611111111112,27,TWAVE,t,T-wave peak,t_peak,t,0,0,5,
121,610484,1695.7888888888888,40,WFOFF,),Waveform end,t_offset,t,0,0,2,
121,610573,1696.036111111111,39,WFON,(,Waveform onset,qrs_onset,qrs,0,0,1,
121,610590,1696.0833333333333,1,NORMAL,N,Normal beat,qrs_peak,qrs,0,0,0,
121,610605,1696.125,40,WFOFF,),Waveform end,qrs_offset,qrs,0,0,1,
121,610616,1696.1555555555556,39,WFON,(,Waveform onset,t_onset,t,0,0,2,
121,610670,1696.3055555555557,27,TWAVE,t,T-wave peak,t_peak,t,0,0,5,
121,610776,1696.6,27,TWAVE,t,T-wave peak,t_peak,t,0,0,5,
121,610795,1696.6527777777778,40,WFOFF,),Waveform end,t_offset,t,0,0,2,
121,610855,1696.8194444444443,39,WFON,(,Waveform onset,qrs_onset,qrs,0,0,1,
121,610899,1696.9416666666666,1,NORMAL,N,Normal beat,qrs_peak,qrs,0,0,0,
121,610913,1696.9805555555556,40,WFOFF,),Waveform end,qrs_offset,qrs,0,0,1,
121,610980,1697.1666666666667,39,WFON,(,Waveform onset,t_onset,t,0,0,2,
121,611049,1697.3583333333333,27,TWAVE,t,T-wave peak,t_peak,t,0,0,1,
121,611100,1697.5,40,WFOFF,),Waveform end,t_offset,t,0,0,2,
121,611180,1697.7222222222222,39,WFON,(,Waveform onset,qrs_onset,qrs,0,0,1,
121,611197,1697.7694444444444,1,NORMAL,N,Normal beat,qrs_peak,qrs,0,0,0,
121,611211,1697.8083333333334,40,WFOFF,),Waveform end,qrs_offset,qrs,0,0,1,
121,611239,1697.8861111111112,39,WFON,(,Waveform onset,t_onset,t,0,0,2,
121,611272,1697.9777777777779,27,TWAVE,t,T-wave peak,t_peak,t,0,0,5,
121,611309,1698.0805555555555,27,TWAVE,t,T-wave peak,t_peak,t,0,0,5,
121,611321,1698.1138888888888,40,WFOFF,),Waveform end,t_offset,t,0,0,2,
121,611479,1698.5527777777777,39,WFON,(,Waveform onset,qrs_onset,qrs,0,0,1,
121,611496,1698.6,1,NORMAL,N,Normal beat,qrs_peak,qrs,0,0,0,
121,611510,1698.638888888889,40,WFOFF,),Waveform end,qrs_offset,qrs,0,0,1,
121,611536,1698.7111111111112,39,WFON,(,Waveform onset,t_onset,t,0,0,2,
121,611575,1698.8194444444443,27,TWAVE,t,T-wave peak,t_peak,t,0,0,5,
121,611676,1699.1,27,TWAVE,t,T-wave peak,t_peak,t,0,0,5,
121,611695,1699.1527777777778,40,WFOFF,),Waveform end,t_offset,t,0,0,2,
121,611784,1699.4,39,WFON,(,Waveform onset,qrs_onset,qrs,0,0,1,
121,611803,1699.4527777777778,1,NORMAL,N,Normal beat,qrs_peak,qrs,0,0,0,
121,611831,1699.5305555555556,40,WFOFF,),Waveform end,qrs_offset,qrs,0,0,1,
121,611853,1699.5916666666667,39,WFON,(,Waveform onset,t_onset,t,0,0,2,
121,611877,1699.6583333333333,27,TWAVE,t,T-wave peak,t_peak,t,0,0,5,
121,611919,1699.775,27,TWAVE,t,T-wave peak,t_peak,t,0,0,5,
121,611930,1699.8055555555557,40,WFOFF,),Waveform end,t_offset,t,0,0,2,
121,612085,1700.236111111111,39,WFON,(,Waveform onset,qrs_onset,qrs,0,0,1,
121,612104,1700.2888888888888,1,NORMAL,N,Normal beat,qrs_peak,qrs,0,0,0,
121,612121,1700.3361111111112,40,WFOFF,),Waveform end,qrs_offset,qrs,0,0,1,
121,612185,1700.513888888889,39,WFON,(,Waveform onset,t_onset,t,0,0,2,
121,612219,1700.6083333333333,27,TWAVE,t,T-wave peak,t_peak,t,0,0,1,
121,612231,1700.6416666666667,40,WFOFF,),Waveform end,t_offset,t,0,0,2,
121,612388,1701.0777777777778,39,WFON,(,Waveform onset,qrs_onset,qrs,0,0,1,
121,612405,1701.125,1,NORMAL,N,Normal beat,qrs_peak,qrs,0,0,0,
121,612434,1701.2055555555555,40,WFOFF,),Waveform end,qrs_offset,qrs,0,0,1,
121,612473,1701.3138888888889,39,WFON,(,Waveform onset,t_onset,t,0,0,2,
121,612484,1701.3444444444444,27,TWAVE,t,T-wave peak,t_peak,t,0,0,5,
121,612516,1701.4333333333334,27,TWAVE,t,T-wave peak,t_peak,t,0,0,5,
121,612530,1701.4722222222222,40,WFOFF,),Waveform end,t_offset,t,0,0,2,
121,612695,1701.9305555555557,39,WFON,(,Waveform onset,qrs_onset,qrs,0,0,1,
121,612712,1701.9777777777779,1,NORMAL,N,Normal beat,qrs_peak,qrs,0,0,0,
121,612733,1702.036111111111,40,WFOFF,),Waveform end,qrs_offset,qrs,0,0,1,
121,612749,1702.0805555555555,39,WFON,(,Waveform onset,t_onset,t,0,0,2,
121,612759,1702.1083333333333,27,TWAVE,t,T-wave peak,t_peak,t,0,0,5,
121,612905,1702.513888888889,27,TWAVE,t,T-wave peak,t_peak,t,0,0,5,
121,612915,1702.5416666666667,40,WFOFF,),Waveform end,t_offset,t,0,0,2,
121,612997,1702.7694444444444,39,WFON,(,Waveform onset,qrs_onset,qrs,0,0,1,
121,613015,1702.8194444444443,1,NORMAL,N,Normal beat,qrs_peak,qrs,0,0,0,
121,613029,1702.8583333333333,40,WFOFF,),Waveform end,qrs_offset,qrs,0,0,1,
121,613049,1702.9138888888888,39,WFON,(,Waveform onset,t_onset,t,0,0,2,
121,613094,1703.0388888888888,27,TWAVE,t,T-wave peak,t_peak,t,0,0,5,
121,613185,1703.2916666666667,27,TWAVE,t,T-wave peak,t_peak,t,0,0,5,
121,613191,1703.3083333333334,40,WFOFF,),Waveform end,t_offset,t,0,0,2,
121,613296,1703.6,39,WFON,(,Waveform onset,qrs_onset,qrs,0,0,1,
121,613316,1703.6555555555556,1,NORMAL,N,Normal beat,qrs_peak,qrs,0,0,0,
121,613332,1703.7,40,WFOFF,),Waveform end,qrs_offset,qrs,0,0,1,
121,613380,1703.8333333333333,39,WFON,(,Waveform onset,t_onset,t,0,0,2,
121,613395,1703.875,27,TWAVE,t,T-wave peak,t_peak,t,0,0,5,
121,613438,1703.9944444444445,27,TWAVE,t,T-wave peak,t_peak,t,0,0,5,
121,613457,1704.0472222222222,40,WFOFF,),Waveform end,t_offset,t,0,0,2,
121,613579,1704.3861111111112,39,WFON,(,Waveform onset,qrs_onset,qrs,0,0,1,
121,613608,1704.4666666666667,1,NORMAL,N,Normal beat,qrs_peak,qrs,0,0,0,
121,613623,1704.5083333333334,40,WFOFF,),Waveform end,qrs_offset,qrs,0,0,1,
121,613638,1704.55,39,WFON,(,Waveform onset,t_onset,t,0,0,2,
121,613683,1704.675,27,TWAVE,t,T-wave peak,t_peak,t,0,0,5,
121,613726,1704.7944444444445,27,TWAVE,t,T-wave peak,t_peak,t,0,0,5,
121,613744,1704.8444444444444,40,WFOFF,),Waveform end,t_offset,t,0,0,2,
121,613883,1705.2305555555556,39,WFON,(,Waveform onset,qrs_onset,qrs,0,0,1,
121,613908,1705.3,1,NORMAL,N,Normal beat,qrs_peak,qrs,0,0,0,
121,613923,1705.3416666666667,40,WFOFF,),Waveform end,qrs_offset,qrs,0,0,1,
121,613966,1705.4611111111112,39,WFON,(,Waveform onset,t_onset,t,0,0,2,
121,613984,1705.5111111111112,27,TWAVE,t,T-wave peak,t_peak,t,0,0,5,
121,614022,1705.6166666666666,27,TWAVE,t,T-wave peak,t_peak,t,0,0,5,
121,614049,1705.6916666666666,40,WFOFF,),Waveform end,t_offset,t,0,0,2,
121,614178,1706.05,39,WFON,(,Waveform onset,qrs_onset,qrs,0,0,1,
121,614204,1706.1222222222223,1,NORMAL,N,Normal beat,qrs_peak,qrs,0,0,0,
121,614218,1706.161111111111,40,WFOFF,),Waveform end,qrs_offset,qrs,0,0,1,
121,614285,1706.3472222222222,39,WFON,(,Waveform onset,t_onset,t,0,0,2,
121,614317,1706.4361111111111,27,TWAVE,t,T-wave peak,t_peak,t,0,0,1,
121,614331,1706.475,40,WFOFF,),Waveform end,t_offset,t,0,0,2,
121,614483,1706.8972222222221,39,WFON,(,Waveform onset,qrs_onset,qrs,0,0,1,
121,614501,1706.9472222222223,1,NORMAL,N,Normal beat,qrs_peak,qrs,0,0,0,
121,614516,1706.9888888888888,40,WFOFF,),Waveform end,qrs_offset,qrs,0,0,1,
121,614545,1707.0694444444443,39,WFON,(,Waveform onset,t_onset,t,0,0,2,
121,614574,1707.15,27,TWAVE,t,T-wave peak,t_peak,t,0,0,5,
121,614617,1707.2694444444444,27,TWAVE,t,T-wave peak,t_peak,t,0,0,5,
121,614623,1707.286111111111,40,WFOFF,),Waveform end,t_offset,t,0,0,2,
121,614784,1707.7333333333333,39,WFON,(,Waveform onset,qrs_onset,qrs,0,0,1,
121,614801,1707.7805555555556,1,NORMAL,N,Normal beat,qrs_peak,qrs,0,0,0,
121,614815,1707.8194444444443,40,WFOFF,),Waveform end,qrs_offset,qrs,0,0,1,
121,614856,1707.9333333333334,39,WFON,(,Waveform onset,t_onset,t,0,0,2,
121,614886,1708.0166666666667,27,TWAVE,t,T-wave peak,t_peak,t,0,0,5,
121,614984,1708.2888888888888,27,TWAVE,t,T-wave peak,t_peak,t,0,0,5,
121,614995,1708.3194444444443,40,WFOFF,),Waveform end,t_offset,t,0,0,2,
121,615082,1708.5611111111111,39,WFON,(,Waveform onset,qrs_onset,qrs,0,0,1,
121,615101,1708.6138888888888,1,NORMAL,N,Normal beat,qrs_peak,qrs,0,0,0,
121,615114,1708.65,40,WFOFF,),Waveform end,qrs_offset,qrs,0,0,1,
121,615129,1708.6916666666666,39,WFON,(,Waveform onset,t_onset,t,0,0,2,
121,615177,1708.825,27,TWAVE,t,T-wave peak,t_peak,t,0,0,0,
121,615206,1708.9055555555556,40,WFOFF,),Waveform end,t_offset,t,0,0,2,
121,615374,1709.3722222222223,39,WFON,(,Waveform onset,qrs_onset,qrs,0,0,1,
121,615392,1709.4222222222222,1,NORMAL,N,Normal beat,qrs_peak,qrs,0,0,0,
121,615408,1709.4666666666667,40,WFOFF,),Waveform end,qrs_offset,qrs,0,0,1,
121,615441,1709.5583333333334,39,WFON,(,Waveform onset,t_onset,t,0,0,2,
121,615469,1709.6361111111112,27,TWAVE,t,T-wave peak,t_peak,t,0,0,0,
121,615496,1709.7111111111112,40,WFOFF,),Waveform end,t_offset,t,0,0,2,
121,615672,1710.2,39,WFON,(,Waveform onset,qrs_onset,qrs,0,0,1,
121,615690,1710.25,1,NORMAL,N,Normal beat,qrs_peak,qrs,0,0,0,
121,615704,1710.2888888888888,40,WFOFF,),Waveform end,qrs_offset,qrs,0,0,1,
121,615711,1710.3083333333334,39,WFON,(,Waveform onset,t_onset,t,0,0,2,
121,615765,1710.4583333333333,27,TWAVE,t,T-wave peak,t_peak,t,0,0,5,
121,615803,1710.5638888888889,27,TWAVE,t,T-wave peak,t_peak,t,0,0,5,
121,615824,1710.6222222222223,40,WFOFF,),Waveform end,t_offset,t,0,0,2,
121,615970,1711.0277777777778,39,WFON,(,Waveform onset,qrs_onset,qrs,0,0,1,
121,615998,1711.1055555555556,1,NORMAL,N,Normal beat,qrs_peak,qrs,0,0,0,
121,616012,1711.1444444444444,40,WFOFF,),Waveform end,qrs_offset,qrs,0,0,1,
121,616018,1711.161111111111,39,WFON,(,Waveform onset,t_onset,t,0,0,2,
121,616071,1711.3083333333334,27,TWAVE,t,T-wave peak,t_peak,t,0,0,5,
121,616178,1711.6055555555556,27,TWAVE,t,T-wave peak,t_peak,t,0,0,5,
121,616196,1711.6555555555556,40,WFOFF,),Waveform end,t_offset,t,0,0,2,
121,616283,1711.8972222222221,39,WFON,(,Waveform onset,qrs_onset,qrs,0,0,1,
121,616299,1711.9416666666666,1,NORMAL,N,Normal beat,qrs_peak,qrs,0,0,0,
121,616314,1711.9833333333333,40,WFOFF,),Waveform end,qrs_offset,qrs,0,0,1,
121,616323,1712.0083333333334,39,WFON,(,Waveform onset,t_onset,t,0,0,2,
121,616377,1712.1583333333333,27,TWAVE,t,T-wave peak,t_peak,t,0,0,5,
121,616482,1712.45,27,TWAVE,t,T-wave peak,t_peak,t,0,0,5,
121,616494,1712.4833333333333,40,WFOFF,),Waveform end,t_offset,t,0,0,2,
121,616578,1712.7166666666667,39,WFON,(,Waveform onset,qrs_onset,qrs,0,0,1,
121,616596,1712.7666666666667,1,NORMAL,N,Normal beat,qrs_peak,qrs,0,0,0,
121,616610,1712.8055555555557,40,WFOFF,),Waveform end,qrs_offset,qrs,0,0,1,
121,616626,1712.85,39,WFON,(,Waveform onset,t_onset,t,0,0,2,
121,616675,1712.986111111111,27,TWAVE,t,T-wave peak,t_peak,t,0,0,5,
121,616711,1713.0861111111112,27,TWAVE,t,T-wave peak,t_peak,t,0,0,5,
121,616735,1713.1527777777778,40,WFOFF,),Waveform end,t_offset,t,0,0,2,
121,616887,1713.575,39,WFON,(,Waveform onset,qrs_onset,qrs,0,0,1,
121,616906,1713.6277777777777,1,NORMAL,N,Normal beat,qrs_peak,qrs,0,0,0,
121,616921,1713.6694444444445,40,WFOFF,),Waveform end,qrs_offset,qrs,0,0,1,
121,616932,1713.7,39,WFON,(,Waveform onset,t_onset,t,0,0,2,
121,616966,1713.7944444444445,27,TWAVE,t,T-wave peak,t_peak,t,0,0,0,
121,617086,1714.1277777777777,40,WFOFF,),Waveform end,t_offset,t,0,0,2,
121,617188,1714.411111111111,39,WFON,(,Waveform onset,qrs_onset,qrs,0,0,1,
121,617207,1714.463888888889,1,NORMAL,N,Normal beat,qrs_peak,qrs,0,0,0,
121,617221,1714.5027777777777,40,WFOFF,),Waveform end,qrs_offset,qrs,0,0,1,
121,617227,1714.5194444444444,39,WFON,(,Waveform onset,t_onset,t,0,0,2,
121,617283,1714.675,27,TWAVE,t,T-wave peak,t_peak,t,0,0,5,
121,617388,1714.9666666666667,27,TWAVE,t,T-wave peak,t_peak,t,0,0,5,
121,617405,1715.013888888889,40,WFOFF,),Waveform end,t_offset,t,0,0,2,
121,617484,1715.2333333333333,39,WFON,(,Waveform onset,qrs_onset,qrs,0,0,1,
121,617512,1715.3111111111111,1,NORMAL,N,Normal beat,qrs_peak,qrs,0,0,0,
121,617527,1715.3527777777779,40,WFOFF,),Waveform end,qrs_offset,qrs,0,0,1,
121,617596,1715.5444444444445,39,WFON,(,Waveform onset,t_onset,t,0,0,2,
121,617657,1715.713888888889,27,TWAVE,t,T-wave peak,t_peak,t,0,0,1,
121,617697,1715.825,40,WFOFF,),Waveform end,t_offset,t,0,0,2,
121,617779,1716.0527777777777,39,WFON,(,Waveform onset,qrs_onset,qrs,0,0,1,
121,617820,1716.1666666666667,1,NORMAL,N,Normal beat,qrs_peak,qrs,0,0,0,
121,617837,1716.213888888889,40,WFOFF,),Waveform end,qrs_offset,qrs,0,0,1,
121,617848,1716.2444444444445,39,WFON,(,Waveform onset,t_onset,t,0,0,2,
121,617865,1716.2916666666667,27,TWAVE,t,T-wave peak,t_peak,t,0,0,5,
121,617939,1716.4972222222223,27,TWAVE,t,T-wave peak,t_peak,t,0,0,5,
121,617959,1716.5527777777777,40,WFOFF,),Waveform end,t_offset,t,0,0,2,
121,618110,1716.9722222222222,39,WFON,(,Waveform onset,qrs_onset,qrs,0,0,1,
121,618127,1717.0194444444444,1,NORMAL,N,Normal beat,qrs_peak,qrs,0,0,0,
121,618148,1717.0777777777778,40,WFOFF,),Waveform end,qrs_offset,qrs,0,0,1,
121,618168,1717.1333333333334,39,WFON,(,Waveform onset,t_onset,t,0,0,2,
121,618200,1717.2222222222222,27,TWAVE,t,T-wave peak,t_peak,t,0,0,5,
121,618301,1717.5027777777777,27,TWAVE,t,T-wave peak,t_peak,t,0,0,5,
121,618308,1717.5222222222221,40,WFOFF,),Waveform end,t_offset,t,0,0,2,
121,618411,1717.8083333333334,39,WFON,(,Waveform onset,qrs_onset,qrs,0,0,1,
121,618432,1717.8666666666666,1,NORMAL,N,Normal beat,qrs_peak,qrs,0,0,0,
121,618450,1717.9166666666667,40,WFOFF,),Waveform end,qrs_offset,qrs,0,0,1,
121,618495,1718.0416666666667,39,WFON,(,Waveform onset,t_onset,t,0,0,2,
121,618513,1718.0916666666667,27,TWAVE,t,T-wave peak,t_peak,t,0,0,0,
121,618551,1718.1972222222223,40,WFOFF,),Waveform end,t_offset,t,0,0,2,
121,618712,1718.6444444444444,39,WFON,(,Waveform onset,qrs_onset,qrs,0,0,1,
121,618732,1718.7,1,NORMAL,N,Normal beat,qrs_peak,qrs,0,0,0,
121,618748,1718.7444444444445,40,WFOFF,),Waveform end,qrs_offset,qrs,0,0,1,
121,618771,1718.8083333333334,39,WFON,(,Waveform onset,t_onset,t,0,0,2,
121,618779,1718.8305555555555,27,TWAVE,t,T-wave peak,t_peak,t,0,0,5,
121,618928,1719.2444444444445,27,TWAVE,t,T-wave peak,t_peak,t,0,0,5,
121,618935,1719.263888888889,40,WFOFF,),Waveform end,t_offset,t,0,0,2,
121,619023,1719.5083333333334,39,WFON,(,Waveform onset,qrs_onset,qrs,0,0,1,
121,619045,1719.5694444444443,1,NORMAL,N,Normal beat,qrs_peak,qrs,0,0,0,
121,619071,1719.6416666666667,40,WFOFF,),Waveform end,qrs_offset,qrs,0,0,1,
121,619108,1719.7444444444445,39,WFON,(,Waveform onset,t_onset,t,0,0,2,
121,619118,1719.7722222222221,27,TWAVE,t,T-wave peak,t_peak,t,0,0,5,
121,619163,1719.8972222222221,27,TWAVE,t,T-wave peak,t_peak,t,0,0,5,
121,619174,1719.9277777777777,40,WFOFF,),Waveform end,t_offset,t,0,0,2,
121,619338,1720.3833333333334,39,WFON,(,Waveform onset,qrs_onset,qrs,0,0,1,
121,619355,1720.4305555555557,1,NORMAL,N,Normal beat,qrs_peak,qrs,0,0,0,
121,619369,1720.4694444444444,40,WFOFF,),Waveform end,qrs_offset,qrs,0,0,1,
121,619396,1720.5444444444445,39,WFON,(,Waveform onset,t_onset,t,0,0,2,
121,619429,1720.6361111111112,27,TWAVE,t,T-wave peak,t_peak,t,0,0,0,
121,619468,1720.7444444444445,40,WFOFF,),Waveform end,t_offset,t,0,0,2,
121,619636,1721.2111111111112,39,WFON,(,Waveform onset,qrs_onset,qrs,0,0,1,
121,619657,1721.2694444444444,1,NORMAL,N,Normal beat,qrs_peak,qrs,0,0,0,
121,619672,1721.3111111111111,40,WFOFF,),Waveform end,qrs_offset,qrs,0,0,1,
121,619943,1722.0638888888889,39,WFON,(,Waveform onset,qrs_onset,qrs,0,0,1,
121,619972,1722.1444444444444,1,NORMAL,N,Normal beat,qrs_peak,qrs,0,0,0,
121,619985,1722.1805555555557,40,WFOFF,),Waveform end,qrs_offset,qrs,0,0,1,
121,620028,1722.3,39,WFON,(,Waveform onset,t_onset,t,0,0,2,
121,620044,1722.3444444444444,27,TWAVE,t,T-wave peak,t_peak,t,0,0,5,
121,620152,1722.6444444444444,27,TWAVE,t,T-wave peak,t_peak,t,0,0,5,
121,620164,1722.6777777777777,40,WFOFF,),Waveform end,t_offset,t,0,0,2,
121,620257,1722.9361111111111,39,WFON,(,Waveform onset,qrs_onset,qrs,0,0,1,
121,620276,1722.9888888888888,1,NORMAL,N,Normal beat,qrs_peak,qrs,0,0,0,
121,620293,1723.036111111111,40,WFOFF,),Waveform end,qrs_offset,qrs,0,0,1,
121,620330,1723.138888888889,39,WFON,(,Waveform onset,t_onset,t,0,0,2,
121,620354,1723.2055555555555,27,TWAVE,t,T-wave peak,t_peak,t,0,0,0,
121,620392,1723.3111111111111,40,WFOFF,),Waveform end,t_offset,t,0,0,2,
121,620554,1723.7611111111112,39,WFON,(,Waveform onset,qrs_onset,qrs,0,0,1,
121,620587,1723.8527777777779,1,NORMAL,N,Normal beat,qrs_peak,qrs,0,0,0,
121,620601,1723.8916666666667,40,WFOFF,),Waveform end,qrs_offset,qrs,0,0,1,
121,620607,1723.9083333333333,39,WFON,(,Waveform onset,t_onset,t,0,0,2,
121,620637,1723.9916666666666,27,TWAVE,t,T-wave peak,t_peak,t,0,0,5,
121,620705,1724.1805555555557,27,TWAVE,t,T-wave peak,t_peak,t,0,0,5,
121,620718,1724.2166666666667,40,WFOFF,),Waveform end,t_offset,t,0,0,2,
121,620876,1724.6555555555556,39,WFON,(,Waveform onset,qrs_onset,qrs,0,0,1,
121,620901,1724.725,1,NORMAL,N,Normal beat,qrs_peak,qrs,0,0,0,
121,620914,1724.7611111111112,40,WFOFF,),Waveform end,qrs_offset,qrs,0,0,1,
121,620928,1724.8,39,WFON,(,Waveform onset,t_onset,t,0,0,2,
121,620983,1724.9527777777778,27,TWAVE,t,T-wave peak,t_peak,t,0,0,5,
121,621026,1725.0722222222223,27,TWAVE,t,T-wave peak,t_peak,t,0,0,5,
121,621039,1725.1083333333333,40,WFOFF,),Waveform end,t_offset,t,0,0,2,
121,621197,1725.5472222222222,39,WFON,(,Waveform onset,qrs_onset,qrs,0,0,1,
121,621215,1725.5972222222222,1,NORMAL,N,Normal beat,qrs_peak,qrs,0,0,0,
121,621230,1725.638888888889,40,WFOFF,),Waveform end,qrs_offset,qrs,0,0,1,
121,621281,1725.7805555555556,39,WFON,(,Waveform onset,t_onset,t,0,0,2,
121,621295,1725.8194444444443,27,TWAVE,t,T-wave peak,t_peak,t,0,0,5,
121,621389,1726.0805555555555,27,TWAVE,t,T-wave peak,t_peak,t,0,0,5,
121,621406,1726.1277777777777,40,WFOFF,),Waveform end,t_offset,t,0,0,2,
121,621502,1726.3944444444444,39,WFON,(,Waveform onset,qrs_onset,qrs,0,0,1,
121,621526,1726.4611111111112,1,NORMAL,N,Normal beat,qrs_peak,qrs,0,0,0,
121,621540,1726.5,40,WFOFF,),Waveform end,qrs_offset,qrs,0,0,1,
121,621589,1726.6361111111112,39,WFON,(,Waveform onset,t_onset,t,0,0,2,
121,621601,1726.6694444444445,27,TWAVE,t,T-wave peak,t_peak,t,0,0,5,
121,621643,1726.786111111111,27,TWAVE,t,T-wave peak,t_peak,t,0,0,5,
121,621653,1726.8138888888889,40,WFOFF,),Waveform end,t_offset,t,0,0,2,
121,621826,1727.2944444444445,39,WFON,(,Waveform onset,qrs_onset,qrs,0,0,1,
121,621846,1727.35,1,NORMAL,N,Normal beat,qrs_peak,qrs,0,0,0,
121,621860,1727.388888888889,40,WFOFF,),Waveform end,qrs_offset,qrs,0,0,1,
121,621879,1727.4416666666666,39,WFON,(,Waveform onset,t_onset,t,0,0,2,
121,621929,1727.5805555555555,27,TWAVE,t,T-wave peak,t_peak,t,0,0,5,
121,622028,1727.8555555555556,27,TWAVE,t,T-wave peak,t_peak,t,0,0,5,
121,622042,1727.8944444444444,40,WFOFF,),Waveform end,t_offset,t,0,0,2,
121,622145,1728.1805555555557,39,WFON,(,Waveform onset,qrs_onset,qrs,0,0,1,
121,622162,1728.2277777777779,1,NORMAL,N,Normal beat,qrs_peak,qrs,0,0,0,
121,622178,1728.2722222222221,40,WFOFF,),Waveform end,qrs_offset,qrs,0,0,1,
121,622201,1728.3361111111112,39,WFON,(,Waveform onset,t_onset,t,0,0,2,
121,622240,1728.4444444444443,27,TWAVE,t,T-wave peak,t_peak,t,0,0,5,
121,622343,1728.7305555555556,27,TWAVE,t,T-wave peak,t_peak,t,0,0,5,
121,622374,1728.8166666666666,40,WFOFF,),Waveform end,t_offset,t,0,0,2,
121,622451,1729.0305555555556,39,WFON,(,Waveform onset,qrs_onset,qrs,0,0,1,
121,622477,1729.1027777777779,1,NORMAL,N,Normal beat,qrs_peak,qrs,0,0,0,
121,622491,1729.1416666666667,40,WFOFF,),Waveform end,qrs_offset,qrs,0,0,1,
121,622541,1729.2805555555556,39,WFON,(,Waveform onset,t_onset,t,0,0,2,
121,622552,1729.3111111111111,27,TWAVE,t,T-wave peak,t_peak,t,0,0,5,
121,622652,1729.588888888889,27,TWAVE,t,T-wave peak,t_peak,t,0,0,5,
121,622666,1729.6277777777777,40,WFOFF,),Waveform end,t_offset,t,0,0,2,
121,622763,1729.8972222222221,39,WFON,(,Waveform onset,qrs_onset,qrs,0,0,1,
121,622782,1729.95,1,NORMAL,N,Normal beat,qrs_peak,qrs,0,0,0,
121,622796,1729.9888888888888,40,WFOFF,),Waveform end,qrs_offset,qrs,0,0,1,
121,622811,1730.0305555555556,39,WFON,(,Waveform onset,t_onset,t,0,0,2,
121,622868,1730.1888888888889,27,TWAVE,t,T-wave peak,t_peak,t,0,0,5,
121,622955,1730.4305555555557,27,TWAVE,t,T-wave peak,t_peak,t,0,0,5,
121,622979,1730.4972222222223,40,WFOFF,),Waveform end,t_offset,t,0,0,2,
121,623075,1730.763888888889,39,WFON,(,Waveform onset,qrs_onset,qrs,0,0,1,
121,623092,1730.8111111111111,1,NORMAL,N,Normal beat,qrs_peak,qrs,0,0,0,
121,623104,1730.8444444444444,40,WFOFF,),Waveform end,qrs_offset,qrs,0,0,1,
121,623151,1730.975,39,WFON,(,Waveform onset,t_onset,t,0,0,2,
121,623170,1731.0277777777778,27,TWAVE,t,T-wave peak,t_peak,t,0,0,5,
121,623282,1731.338888888889,27,TWAVE,t,T-wave peak,t_peak,t,0,0,5,
121,623290,1731.361111111111,40,WFOFF,),Waveform end,t_offset,t,0,0,2,
121,623380,1731.611111111111,39,WFON,(,Waveform onset,qrs_onset,qrs,0,0,1,
121,623395,1731.6527777777778,1,NORMAL,N,Normal beat,qrs_peak,qrs,0,0,0,
121,623410,1731.6944444444443,40,WFOFF,),Waveform end,qrs_offset,qrs,0,0,1,
121,623445,1731.7916666666667,39,WFON,(,Waveform onset,t_onset,t,0,0,2,
121,623475,1731.875,27,TWAVE,t,T-wave peak,t_peak,t,0,0,0,
121,623513,1731.9805555555556,40,WFOFF,),Waveform end,t_offset,t,0,0,2,
121,623683,1732.4527777777778,39,WFON,(,Waveform onset,qrs_onset,qrs,0,0,1,
121,623702,1732.5055555555555,1,NORMAL,N,Normal beat,qrs_peak,qrs,0,0,0,
121,623717,1732.5472222222222,40,WFOFF,),Waveform end,qrs_offset,qrs,0,0,1,
121,623752,1732.6444444444444,39,WFON,(,Waveform onset,t_onset,t,0,0,2,
121,623785,1732.736111111111,27,TWAVE,t,T-wave peak,t_peak,t,0,0,5,
121,623818,1732.8277777777778,27,TWAVE,t,T-wave peak,t_peak,t,0,0,5,
121,623828,1732.8555555555556,40,WFOFF,),Waveform end,t_offset,t,0,0,2,
121,623981,1733.2805555555556,39,WFON,(,Waveform onset,qrs_onset,qrs,0,0,1,
121,624004,1733.3444444444444,1,NORMAL,N,Normal beat,qrs_peak,qrs,0,0,0,
121,624020,1733.388888888889,40,WFOFF,),Waveform end,qrs_offset,qrs,0,0,1,
121,624042,1733.45,39,WFON,(,Waveform onset,t_onset,t,0,0,2,
121,624071,1733.5305555555556,27,TWAVE,t,T-wave peak,t_peak,t,0,0,5,
121,624123,1733.675,27,TWAVE,t,T-wave peak,t_peak,t,0,0,5,
121,624133,1733.7027777777778,40,WFOFF,),Waveform end,t_offset,t,0,0,2,
121,624286,1734.1277777777777,39,WFON,(,Waveform onset,qrs_onset,qrs,0,0,1,
121,624305,1734.1805555555557,1,NORMAL,N,Normal beat,qrs_peak,qrs,0,0,0,
121,624321,1734.225,40,WFOFF,),Waveform end,qrs_offset,qrs,0,0,1,
121,624363,1734.3416666666667,39,WFON,(,Waveform onset,t_onset,t,0,0,2,
121,624376,1734.3777777777777,27,TWAVE,t,T-wave peak,t_peak,t,0,0,5,
121,624485,1734.6805555555557,27,TWAVE,t,T-wave peak,t_peak,t,0,0,5,
121,624508,1734.7444444444445,40,WFOFF,),Waveform end,t_offset,t,0,0,2,
121,624566,1734.9055555555556,39,WFON,(,Waveform onset,qrs_onset,qrs,0,0,1,
121,624608,1735.0222222222221,1,NORMAL,N,Normal beat,qrs_peak,qrs,0,0,0,
121,624623,1735.0638888888889,40,WFOFF,),Waveform end,qrs_offset,qrs,0,0,1,
121,624696,1735.2666666666667,39,WFON,(,Waveform onset,t_onset,t,0,0,2,
121,624761,1735.4472222222223,27,TWAVE,t,T-wave peak,t_peak,t,0,0,1,
121,624808,1735.5777777777778,40,WFOFF,),Waveform end,t_offset,t,0,0,2,
121,624890,1735.8055555555557,39,WFON,(,Waveform onset,qrs_onset,qrs,0,0,1,
121,624917,1735.8805555555555,1,NORMAL,N,Normal beat,qrs_peak,qrs,0,0,0,
121,624932,1735.9222222222222,40,WFOFF,),Waveform end,qrs_offset,qrs,0,0,1,
121,624951,1735.975,39,WFON,(,Waveform onset,t_onset,t,0,0,2,
121,624960,1736.0,27,TWAVE,t,T-wave peak,t_peak,t,0,0,5,
121,625050,1736.25,27,TWAVE,t,T-wave peak,t_peak,t,0,0,5,
121,625055,1736.263888888889,40,WFOFF,),Waveform end,t_offset,t,0,0,2,
121,625208,1736.6888888888889,39,WFON,(,Waveform onset,qrs_onset,qrs,0,0,1,
121,625226,1736.7388888888888,1,NORMAL,N,Normal beat,qrs_peak,qrs,0,0,0,
121,625239,1736.775,40,WFOFF,),Waveform end,qrs_offset,qrs,0,0,1,
121,625247,1736.7972222222222,39,WFON,(,Waveform onset,t_onset,t,0,0,2,
121,625316,1736.9888888888888,27,TWAVE,t,T-wave peak,t_peak,t,0,0,5,
121,625345,1737.0694444444443,27,TWAVE,t,T-wave peak,t_peak,t,0,0,5,
121,625360,1737.111111111111,40,WFOFF,),Waveform end,t_offset,t,0,0,2,
121,625521,1737.5583333333334,39,WFON,(,Waveform onset,qrs_onset,qrs,0,0,1,
121,625538,1737.6055555555556,1,NORMAL,N,Normal beat,qrs_peak,qrs,0,0,0,
121,625551,1737.6416666666667,40,WFOFF,),Waveform end,qrs_offset,qrs,0,0,1,
121,625564,1737.6777777777777,39,WFON,(,Waveform onset,t_onset,t,0,0,2,
121,625605,1737.7916666666667,27,TWAVE,t,T-wave peak,t_peak,t,0,0,5,
121,625726,1738.1277777777777,27,TWAVE,t,T-wave peak,t_peak,t,0,0,5,
121,625736,1738.1555555555556,40,WFOFF,),Waveform end,t_offset,t,0,0,2,
121,625825,1738.4027777777778,39,WFON,(,Waveform onset,qrs_onset,qrs,0,0,1,
121,625842,1738.45,1,NORMAL,N,Normal beat,qrs_peak,qrs,0,0,0,
121,625859,1738.4972222222223,40,WFOFF,),Waveform end,qrs_offset,qrs,0,0,1,
121,625903,1738.6194444444445,39,WFON,(,Waveform onset,t_onset,t,0,0,2,
121,625921,1738.6694444444445,27,TWAVE,t,T-wave peak,t_peak,t,0,0,5,
121,625965,1738.7916666666667,27,TWAVE,t,T-wave peak,t_peak,t,0,0,5,
121,625977,1738.825,40,WFOFF,),Waveform end,t_offset,t,0,0,2,
121,626113,1739.2027777777778,39,WFON,(,Waveform onset,qrs_onset,qrs,0,0,1,
121,626160,1739.3333333333333,1,NORMAL,N,Normal beat,qrs_peak,qrs,0,0,0,
121,626175,1739.375,40,WFOFF,),Waveform end,qrs_offset,qrs,0,0,1,
121,626183,1739.3972222222221,39,WFON,(,Waveform onset,t_onset,t,0,0,2,
121,626219,1739.4972222222223,27,TWAVE,t,T-wave peak,t_peak,t,0,0,5,
121,626367,1739.9083333333333,27,TWAVE,t,T-wave peak,t_peak,t,0,0,5,
121,626377,1739.9361111111111,40,WFOFF,),Waveform end,t_offset,t,0,0,2,
121,626455,1740.1527777777778,39,WFON,(,Waveform onset,qrs_onset,qrs,0,0,1,
121,626472,1740.2,1,NORMAL,N,Normal beat,qrs_peak,qrs,0,0,0,
121,626515,1740.3194444444443,40,WFOFF,),Waveform end,qrs_offset,qrs,0,0,1,
121,626540,1740.388888888889,39,WFON,(,Waveform onset,t_onset,t,0,0,2,
121,626557,1740.4361111111111,27,TWAVE,t,T-wave peak,t_peak,t,0,0,5,
121,626650,1740.6944444444443,27,TWAVE,t,T-wave peak,t_peak,t,0,0,5,
121,626664,1740.7333333333333,40,WFOFF,),Waveform end,t_offset,t,0,0,2,
121,626763,1741.0083333333334,39,WFON,(,Waveform onset,qrs_onset,qrs,0,0,1,
121,626790,1741.0833333333333,1,NORMAL,N,Normal beat,qrs_peak,qrs,0,0,0,
121,626806,1741.1277777777777,40,WFOFF,),Waveform end,qrs_offset,qrs,0,0,1,
121,626815,1741.1527777777778,39,WFON,(,Waveform onset,t_onset,t,0,0,2,
121,626871,1741.3083333333334,27,TWAVE,t,T-wave peak,t_peak,t,0,0,5,
121,626963,1741.5638888888889,27,TWAVE,t,T-wave peak,t_peak,t,0,0,5,
121,626990,1741.638888888889,40,WFOFF,),Waveform end,t_offset,t,0,0,2,
121,627082,1741.8944444444444,39,WFON,(,Waveform onset,qrs_onset,qrs,0,0,1,
121,627103,1741.9527777777778,1,NORMAL,N,Normal beat,qrs_peak,qrs,0,0,0,
121,627127,1742.0194444444444,40,WFOFF,),Waveform end,qrs_offset,qrs,0,0,1,
121,627168,1742.1333333333334,39,WFON,(,Waveform onset,t_onset,t,0,0,2,
121,627211,1742.2527777777777,27,TWAVE,t,T-wave peak,t_peak,t,0,0,0,
121,627261,1742.3916666666667,40,WFOFF,),Waveform end,t_offset,t,0,0,2,
121,627387,1742.7416666666666,39,WFON,(,Waveform onset,qrs_onset,qrs,0,0,1,
121,627413,1742.8138888888889,1,NORMAL,N,Normal beat,qrs_peak,qrs,0,0,0,
121,627427,1742.8527777777779,40,WFOFF,),Waveform end,qrs_offset,qrs,0,0,1,
121,627478,1742.9944444444445,39,WFON,(,Waveform onset,t_onset,t,0,0,2,
121,627493,1743.036111111111,27,TWAVE,t,T-wave peak,t_peak,t,0,0,0,
121,627574,1743.2611111111112,40,WFOFF,),Waveform end,t_offset,t,0,0,2,
121,627697,1743.6027777777779,39,WFON,(,Waveform onset,qrs_onset,qrs,0,0,1,
121,627714,1743.65,1,NORMAL,N,Normal beat,qrs_peak,qrs,0,0,0,
121,627730,1743.6944444444443,40,WFOFF,),Waveform end,qrs_offset,qrs,0,0,1,
121,627757,1743.7694444444444,39,WFON,(,Waveform onset,t_onset,t,0,0,2,
121,627803,1743.8972222222221,27,TWAVE,t,T-wave peak,t_peak,t,0,0,0,
121,627824,1743.9555555555555,40,WFOFF,),Waveform end,t_offset,t,0,0,2,
121,628012,1744.4777777777779,39,WFON,(,Waveform onset,qrs_onset,qrs,0,0,1,
121,628031,1744.5305555555556,1,NORMAL,N,Normal beat,qrs_peak,qrs,0,0,0,
121,628045,1744.5694444444443,40,WFOFF,),Waveform end,qrs_offset,qrs,0,0,1,
121,628089,1744.6916666666666,39,WFON,(,Waveform onset,t_onset,t,0,0,2,
121,628108,1744.7444444444445,27,TWAVE,t,T-wave peak,t_peak,t,0,0,5,
121,628199,1744.9972222222223,27,TWAVE,t,T-wave peak,t_peak,t,0,0,5,
121,628249,1745.1361111111112,40,WFOFF,),Waveform end,t_offset,t,0,0,2,
121,628323,1745.3416666666667,39,WFON,(,Waveform onset,qrs_onset,qrs,0,0,1,
121,628342,1745.3944444444444,1,NORMAL,N,Normal beat,qrs_peak,qrs,0,0,0,
121,628356,1745.4333333333334,40,WFOFF,),Waveform end,qrs_offset,qrs,0,0,1,
121,628408,1745.5777777777778,39,WFON,(,Waveform onset,t_onset,t,0,0,2,
121,628421,1745.6138888888888,27,TWAVE,t,T-wave peak,t_peak,t,0,0,0,
121,628459,1745.7194444444444,40,WFOFF,),Waveform end,t_offset,t,0,0,2,
121,628622,1746.1722222222222,39,WFON,(,Waveform onset,qrs_onset,qrs,0,0,1,
121,628651,1746.2527777777777,1,NORMAL,N,Normal beat,qrs_peak,qrs,0,0,0,
121,628665,1746.2916666666667,40,WFOFF,),Waveform end,qrs_offset,qrs,0,0,1,
121,628702,1746.3944444444444,39,WFON,(,Waveform onset,t_onset,t,0,0,2,
121,628727,1746.463888888889,27,TWAVE,t,T-wave peak,t_peak,t,0,0,5,
121,628857,1746.825,27,TWAVE,t,T-wave peak,t_peak,t,0,0,5,
121,628868,1746.8555555555556,40,WFOFF,),Waveform end,t_offset,t,0,0,2,
121,628933,1747.036111111111,39,WFON,(,Waveform onset,qrs_onset,qrs,0,0,1,
121,628963,1747.1194444444445,1,NORMAL,N,Normal beat,qrs_peak,qrs,0,0,0,
121,628979,1747.1638888888888,40,WFOFF,),Waveform end,qrs_offset,qrs,0,0,1,
121,629055,1747.375,39,WFON,(,Waveform onset,t_onset,t,0,0,2,
121,629084,1747.4555555555555,27,TWAVE,t,T-wave peak,t_peak,t,0,0,1,
121,629111,1747.5305555555556,40,WFOFF,),Waveform end,t_offset,t,0,0,2,
121,629252,1747.9222222222222,39,WFON,(,Waveform onset,qrs_onset,qrs,0,0,1,
121,629271,1747.975,1,NORMAL,N,Normal beat,qrs_peak,qrs,0,0,0,
121,629287,1748.0194444444444,40,WFOFF,),Waveform end,qrs_offset,qrs,0,0,1,
121,629332,1748.1444444444444,39,WFON,(,Waveform onset,t_onset,t,0,0,2,
121,629344,1748.1777777777777,27,TWAVE,t,T-wave peak,t_peak,t,0,0,5,
121,629448,1748.4666666666667,27,TWAVE,t,T-wave peak,t_peak,t,0,0,5,
121,629465,1748.513888888889,40,WFOFF,),Waveform end,t_offset,t,0,0,2,
121,629567,1748.7972222222222,39,WFON,(,Waveform onset,qrs_onset,qrs,0,0,1,
121,629583,1748.8416666666667,1,NORMAL,N,Normal beat,qrs_peak,qrs,0,0,0,
121,629598,1748.8833333333334,40,WFOFF,),Waveform end,qrs_offset,qrs,0,0,1,
121,629637,1748.9916666666666,39,WFON,(,Waveform onset,t_onset,t,0,0,2,
121,629663,1749.0638888888889,27,TWAVE,t,T-wave peak,t_peak,t,0,0,5,
121,629770,1749.361111111111,27,TWAVE,t,T-wave peak,t_peak,t,0,0,5,
121,629787,1749.4083333333333,40,WFOFF,),Waveform end,t_offset,t,0,0,2,
121,629881,1749.6694444444445,39,WFON,(,Waveform onset,qrs_onset,qrs,0,0,1,
121,629901,1749.725,1,NORMAL,N,Normal beat,qrs_peak,qrs,0,0,0,
121,629917,1749.7694444444444,40,WFOFF,),Waveform end,qrs_offset,qrs,0,0,1,
121,629960,1749.888888888889,39,WFON,(,Waveform onset,t_onset,t,0,0,2,
121,629978,1749.9388888888889,27,TWAVE,t,T-wave peak,t_peak,t,0,0,5,
121,630083,1750.2305555555556,27,TWAVE,t,T-wave peak,t_peak,t,0,0,5,
121,630103,1750.286111111111,40,WFOFF,),Waveform end,t_offset,t,0,0,2,
121,630172,1750.4777777777779,39,WFON,(,Waveform onset,qrs_onset,qrs,0,0,1,
121,630211,1750.5861111111112,1,NORMAL,N,Normal beat,qrs_peak,qrs,0,0,0,
121,630227,1750.6305555555555,40,WFOFF,),Waveform end,qrs_offset,qrs,0,0,1,
121,630263,1750.7305555555556,39,WFON,(,Waveform onset,t_onset,t,0,0,2,
121,630287,1750.7972222222222,27,TWAVE,t,T-wave peak,t_peak,t,0,0,5,
121,630332,1750.9222222222222,27,TWAVE,t,T-wave peak,t_peak,t,0,0,5,
121,630343,1750.9527777777778,40,WFOFF,),Waveform end,t_offset,t,0,0,2,
121,630501,1751.3916666666667,39,WFON,(,Waveform onset,qrs_onset,qrs,0,0,1,
121,630523,1751.4527777777778,1,NORMAL,N,Normal beat,qrs_peak,qrs,0,0,0,
121,630538,1751.4944444444445,40,WFOFF,),Waveform end,qrs_offset,qrs,0,0,1,
121,630547,1751.5194444444444,39,WFON,(,Waveform onset,t_onset,t,0,0,2,
121,630592,1751.6444444444444,27,TWAVE,t,T-wave peak,t_peak,t,0,0,5,
121,630639,1751.775,27,TWAVE,t,T-wave peak,t_peak,t,0,0,5,
121,630650,1751.8055555555557,40,WFOFF,),Waveform end,t_offset,t,0,0,2,
121,630810,1752.25,39,WFON,(,Waveform onset,qrs_onset,qrs,0,0,1,
121,630828,1752.3,1,NORMAL,N,Normal beat,qrs_peak,qrs,0,0,0,
121,630843,1752.3416666666667,40,WFOFF,),Waveform end,qrs_offset,qrs,0,0,1,
121,630859,1752.3861111111112,39,WFON,(,Waveform onset,t_onset,t,0,0,2,
121,630913,1752.536111111111,27,TWAVE,t,T-wave peak,t_peak,t,0,0,5,
121,631008,1752.8,27,TWAVE,t,T-wave peak,t_peak,t,0,0,5,
121,631016,1752.8222222222223,40,WFOFF,),Waveform end,t_offset,t,0,0,2,
121,631124,1753.1222222222223,39,WFON,(,Waveform onset,qrs_onset,qrs,0,0,1,
121,631142,1753.1722222222222,1,NORMAL,N,Normal beat,qrs_peak,qrs,0,0,0,
121,631172,1753.2555555555555,40,WFOFF,),Waveform end,qrs_offset,qrs,0,0,1,
121,631193,1753.3138888888889,39,WFON,(,Waveform onset,t_onset,t,0,0,2,
121,631222,1753.3944444444444,27,TWAVE,t,T-wave peak,t_peak,t,0,0,5,
121,631259,1753.4972222222223,27,TWAVE,t,T-wave peak,t_peak,t,0,0,5,
121,631273,1753.536111111111,40,WFOFF,),Waveform end,t_offset,t,0,0,2,
121,631431,1753.975,39,WFON,(,Waveform onset,qrs_onset,qrs,0,0,1,
121,631448,1754.0222222222221,1,NORMAL,N,Normal beat,qrs_peak,qrs,0,0,0,
121,631464,1754.0666666666666,40,WFOFF,),Waveform end,qrs_offset,qrs,0,0,1,
121,631511,1754.1972222222223,39,WFON,(,Waveform onset,t_onset,t,0,0,2,
121,631536,1754.2666666666667,27,TWAVE,t,T-wave peak,t_peak,t,0,0,5,
121,631571,1754.3638888888888,27,TWAVE,t,T-wave peak,t_peak,t,0,0,5,
121,631584,1754.4,40,WFOFF,),Waveform end,t_offset,t,0,0,2,
121,631728,1754.8,39,WFON,(,Waveform onset,qrs_onset,qrs,0,0,1,
121,631749,1754.8583333333333,1,NORMAL,N,Normal beat,qrs_peak,qrs,0,0,0,
121,631776,1754.9333333333334,40,WFOFF,),Waveform end,qrs_offset,qrs,0,0,1,
121,632037,1755.6583333333333,39,WFON,(,Waveform onset,qrs_onset,qrs,0,0,1,
121,632051,1755.6972222222223,1,NORMAL,N,Normal beat,qrs_peak,qrs,0,0,0,
121,632067,1755.7416666666666,40,WFOFF,),Waveform end,qrs_offset,qrs,0,0,1,
121,632095,1755.8194444444443,39,WFON,(,Waveform onset,t_onset,t,0,0,2,
121,632113,1755.8694444444445,27,TWAVE,t,T-wave peak,t_peak,t,0,0,5,
121,632221,1756.1694444444445,27,TWAVE,t,T-wave peak,t_peak,t,0,0,5,
121,632255,1756.263888888889,40,WFOFF,),Waveform end,t_offset,t,0,0,2,
121,632308,1756.411111111111,39,WFON,(,Waveform onset,qrs_onset,qrs,0,0,1,
121,632354,1756.5388888888888,1,NORMAL,N,Normal beat,qrs_peak,qrs,0,0,0,
121,632369,1756.5805555555555,40,WFOFF,),Waveform end,qrs_offset,qrs,0,0,1,
121,632396,1756.6555555555556,39,WFON,(,Waveform onset,t_onset,t,0,0,2,
121,632436,1756.7666666666667,27,TWAVE,t,T-wave peak,t_peak,t,0,0,5,
121,632471,1756.8638888888888,27,TWAVE,t,T-wave peak,t_peak,t,0,0,5,
121,632483,1756.8972222222221,40,WFOFF,),Waveform end,t_offset,t,0,0,2,
121,632640,1757.3333333333333,39,WFON,(,Waveform onset,qrs_onset,qrs,0,0,1,
121,632658,1757.3833333333334,1,NORMAL,N,Normal beat,qrs_peak,qrs,0,0,0,
121,632683,1757.4527777777778,40,WFOFF,),Waveform end,qrs_offset,qrs,0,0,1,
121,632709,1757.525,39,WFON,(,Waveform onset,t_onset,t,0,0,2,
121,632739,1757.6083333333333,27,TWAVE,t,T-wave peak,t_peak,t,0,0,5,
121,632776,1757.7111111111112,27,TWAVE,t,T-wave peak,t_peak,t,0,0,5,
121,632809,1757.8027777777777,40,WFOFF,),Waveform end,t_offset,t,0,0,2,
121,632942,1758.1722222222222,39,WFON,(,Waveform onset,qrs_onset,qrs,0,0,1,
121,632961,1758.225,1,NORMAL,N,Normal beat,qrs_peak,qrs,0,0,0,
121,632979,1758.275,40,WFOFF,),Waveform end,qrs_offset,qrs,0,0,1,
121,632996,1758.3222222222223,39,WFON,(,Waveform onset,t_onset,t,0,0,2,
121,633041,1758.4472222222223,27,TWAVE,t,T-wave peak,t_peak,t,0,0,5,
121,633082,1758.5611111111111,27,TWAVE,t,T-wave peak,t_peak,t,0,0,5,
121,633090,1758.5833333333333,40,WFOFF,),Waveform end,t_offset,t,0,0,2,
121,633253,1759.036111111111,39,WFON,(,Waveform onset,qrs_onset,qrs,0,0,1,
121,633272,1759.088888888889,1,NORMAL,N,Normal beat,qrs_peak,qrs,0,0,0,
121,633285,1759.125,40,WFOFF,),Waveform end,qrs_offset,qrs,0,0,1,
121,633336,1759.2666666666667,39,WFON,(,Waveform onset,t_onset,t,0,0,2,
121,633349,1759.3027777777777,27,TWAVE,t,T-wave peak,t_peak,t,0,0,5,
121,633392,1759.4222222222222,27,TWAVE,t,T-wave peak,t_peak,t,0,0,5,
121,633410,1759.4722222222222,40,WFOFF,),Waveform end,t_offset,t,0,0,2,
121,633546,1759.85,39,WFON,(,Waveform onset,qrs_onset,qrs,0,0,1,
121,633571,1759.9194444444445,1,NORMAL,N,Normal beat,qrs_peak,qrs,0,0,0,
121,633600,1760.0,40,WFOFF,),Waveform end,qrs_offset,qrs,0,0,1,
121,633619,1760.0527777777777,39,WFON,(,Waveform onset,t_onset,t,0,0,2,
121,633653,1760.1472222222221,27,TWAVE,t,T-wave peak,t_peak,t,0,0,0,
121,633684,1760.2333333333333,40,WFOFF,),Waveform end,t_offset,t,0,0,2,
121,633855,1760.7083333333333,39,WFON,(,Waveform onset,qrs_onset,qrs,0,0,1,
121,633870,1760.75,1,NORMAL,N,Normal beat,qrs_peak,qrs,0,0,0,
121,633888,1760.8,40,WFOFF,),Waveform end,qrs_offset,qrs,0,0,1,
121,633902,1760.838888888889,39,WFON,(,Waveform onset,t_onset,t,0,0,2,
121,633954,1760.9833333333333,27,TWAVE,t,T-wave peak,t_peak,t,0,0,5,
121,633994,1761.0944444444444,27,TWAVE,t,T-wave peak,t_peak,t,0,0,5,
121,634005,1761.125,40,WFOFF,),Waveform end,t_offset,t,0,0,2,
121,634165,1761.5694444444443,39,WFON,(,Waveform onset,qrs_onset,qrs,0,0,1,
121,634184,1761.6222222222223,1,NORMAL,N,Normal beat,qrs_peak,qrs,0,0,0,
121,634200,1761.6666666666667,40,WFOFF,),Waveform end,qrs_offset,qrs,0,0,1,
121,634218,1761.7166666666667,39,WFON,(,Waveform onset,t_onset,t,0,0,2,
121,634265,1761.8472222222222,27,TWAVE,t,T-wave peak,t_peak,t,0,0,5,
121,634317,1761.9916666666666,27,TWAVE,t,T-wave peak,t_peak,t,0,0,5,
121,634326,1762.0166666666667,40,WFOFF,),Waveform end,t_offset,t,0,0,2,
121,634469,1762.4138888888888,39,WFON,(,Waveform onset,qrs_onset,qrs,0,0,1,
121,634486,1762.4611111111112,1,NORMAL,N,Normal beat,qrs_peak,qrs,0,0,0,
121,634511,1762.5305555555556,40,WFOFF,),Waveform end,qrs_offset,qrs,0,0,1,
121,634547,1762.6305555555555,39,WFON,(,Waveform onset,t_onset,t,0,0,2,
121,634569,1762.6916666666666,27,TWAVE,t,T-wave peak,t_peak,t,0,0,5,
121,634633,1762.8694444444445,27,TWAVE,t,T-wave peak,t_peak,t,0,0,5,
121,634671,1762.975,40,WFOFF,),Waveform end,t_offset,t,0,0,2,
121,634753,1763.2027777777778,39,WFON,(,Waveform onset,qrs_onset,qrs,0,0,1,
121,634771,1763.2527777777777,1,NORMAL,N,Normal beat,qrs_peak,qrs,0,0,0,
121,634799,1763.3305555555555,40,WFOFF,),Waveform end,qrs_offset,qrs,0,0,1,
121,634837,1763.4361111111111,39,WFON,(,Waveform onset,t_onset,t,0,0,2,
121,634848,1763.4666666666667,27,TWAVE,t,T-wave peak,t_peak,t,0,0,5,
121,634887,1763.575,27,TWAVE,t,T-wave peak,t_peak,t,0,0,5,
121,634931,1763.6972222222223,40,WFOFF,),Waveform end,t_offset,t,0,0,2,
121,635030,1763.9722222222222,39,WFON,(,Waveform onset,qrs_onset,qrs,0,0,1,
121,635052,1764.0333333333333,1,NORMAL,N,Normal beat,qrs_peak,qrs,0,0,0,
121,635066,1764.0722222222223,40,WFOFF,),Waveform end,qrs_offset,qrs,0,0,1,
121,635106,1764.1833333333334,39,WFON,(,Waveform onset,t_onset,t,0,0,2,
121,635131,1764.2527777777777,27,TWAVE,t,T-wave peak,t_peak,t,0,0,5,
121,635167,1764.3527777777779,27,TWAVE,t,T-wave peak,t_peak,t,0,0,5,
121,635186,1764.4055555555556,40,WFOFF,),Waveform end,t_offset,t,0,0,2,
121,635331,1764.8083333333334,39,WFON,(,Waveform onset,qrs_onset,qrs,0,0,1,
121,635347,1764.8527777777779,1,NORMAL,N,Normal beat,qrs_peak,qrs,0,0,0,
121,635363,1764.8972222222221,40,WFOFF,),Waveform end,qrs_offset,qrs,0,0,1,
121,635381,1764.9472222222223,39,WFON,(,Waveform onset,t_onset,t,0,0,2,
121,635397,1764.9916666666666,27,TWAVE,t,T-wave peak,t_peak,t,0,0,5,
121,635472,1765.2,27,TWAVE,t,T-wave peak,t_peak,t,0,0,5,
121,635477,1765.213888888889,40,WFOFF,),Waveform end,t_offset,t,0,0,2,
121,635618,1765.6055555555556,39,WFON,(,Waveform onset,qrs_onset,qrs,0,0,1,
121,635637,1765.6583333333333,1,NORMAL,N,Normal beat,qrs_peak,qrs,0,0,0,
121,635654,1765.7055555555555,40,WFOFF,),Waveform end,qrs_offset,qrs,0,0,1,
121,635681,1765.7805555555556,39,WFON,(,Waveform onset,t_onset,t,0,0,2,
121,635714,1765.8722222222223,27,TWAVE,t,T-wave peak,t_peak,t,0,0,5,
121,635761,1766.0027777777777,27,TWAVE,t,T-wave peak,t_peak,t,0,0,5,
121,635768,1766.0222222222221,40,WFOFF,),Waveform end,t_offset,t,0,0,2,
121,635888,1766.3555555555556,39,WFON,(,Waveform onset,qrs_onset,qrs,0,0,1,
121,635926,1766.4611111111112,1,NORMAL,N,Normal beat,qrs_peak,qrs,0,0,0,
121,635942,1766.5055555555555,40,WFOFF,),Waveform end,qrs_offset,qrs,0,0,1,
121,635959,1766.5527777777777,39,WFON,(,Waveform onset,t_onset,t,0,0,2,
121,635976,1766.6,27,TWAVE,t,T-wave peak,t_peak,t,0,0,5,
121,636093,1766.925,27,TWAVE,t,T-wave peak,t_peak,t,0,0,5,
121,636097,1766.9361111111111,40,WFOFF,),Waveform end,t_offset,t,0,0,2,
121,636193,1767.2027777777778,39,WFON,(,Waveform onset,qrs_onset,qrs,0,0,1,
121,636214,1767.2611111111112,1,NORMAL,N,Normal beat,qrs_peak,qrs,0,0,0,
121,636245,1767.3472222222222,40,WFOFF,),Waveform end,qrs_offset,qrs,0,0,1,
121,636251,1767.3638888888888,39,WFON,(,Waveform onset,t_onset,t,0,0,2,
121,636294,1767.4833333333333,27,TWAVE,t,T-wave peak,t_peak,t,0,0,5,
121,636337,1767.6027777777779,27,TWAVE,t,T-wave peak,t_peak,t,0,0,5,
121,636346,1767.6277777777777,40,WFOFF,),Waveform end,t_offset,t,0,0,2,
121,636490,1768.0277777777778,39,WFON,(,Waveform onset,qrs_onset,qrs,0,0,1,
121,636503,1768.0638888888889,1,NORMAL,N,Normal beat,qrs_peak,qrs,0,0,0,
121,636549,1768.1916666666666,40,WFOFF,),Waveform end,qrs_offset,qrs,0,0,1,
121,636562,1768.2277777777779,39,WFON,(,Waveform onset,t_onset,t,0,0,2,
121,636584,1768.2888888888888,27,TWAVE,t,T-wave peak,t_peak,t,0,0,5,
121,636624,1768.4,27,TWAVE,t,T-wave peak,t_peak,t,0,0,5,
121,636636,1768.4333333333334,40,WFOFF,),Waveform end,t_offset,t,0,0,2,
121,636776,1768.8222222222223,39,WFON,(,Waveform onset,qrs_onset,qrs,0,0,1,
121,636791,1768.8638888888888,1,NORMAL,N,Normal beat,qrs_peak,qrs,0,0,0,
121,636806,1768.9055555555556,40,WFOFF,),Waveform end,qrs_offset,qrs,0,0,1,
121,636843,1769.0083333333334,39,WFON,(,Waveform onset,t_onset,t,0,0,2,
121,636873,1769.0916666666667,27,TWAVE,t,T-wave peak,t_peak,t,0,0,5,
121,636982,1769.3944444444444,27,TWAVE,t,T-wave peak,t_peak,t,0,0,5,
121,636993,1769.425,40,WFOFF,),Waveform end,t_offset,t,0,0,2,
121,637068,1769.6333333333334,39,WFON,(,Waveform onset,qrs_onset,qrs,0,0,1,
121,637085,1769.6805555555557,1,NORMAL,N,Normal beat,qrs_peak,qrs,0,0,0,
121,637106,1769.7388888888888,40,WFOFF,),Waveform end,qrs_offset,qrs,0,0,1,
121,637129,1769.8027777777777,39,WFON,(,Waveform onset,t_onset,t,0,0,2,
121,637164,1769.9,27,TWAVE,t,T-wave peak,t_peak,t,0,0,5,
121,637201,1770.0027777777777,27,TWAVE,t,T-wave peak,t_peak,t,0,0,5,
121,637214,1770.0388888888888,40,WFOFF,),Waveform end,t_offset,t,0,0,2,
121,637340,1770.388888888889,39,WFON,(,Waveform onset,qrs_onset,qrs,0,0,1,
121,637378,1770.4944444444445,1,NORMAL,N,Normal beat,qrs_peak,qrs,0,0,0,
121,637423,1770.6194444444445,40,WFOFF,),Waveform end,qrs_offset,qrs,0,0,1,
121,637460,1770.7222222222222,39,WFON,(,Waveform onset,t_onset,t,0,0,2,
121,637497,1770.825,27,TWAVE,t,T-wave peak,t_peak,t,0,0,1,
121,637507,1770.8527777777779,40,WFOFF,),Waveform end,t_offset,t,0,0,2,
121,637655,1771.263888888889,39,WFON,(,Waveform onset,qrs_onset,qrs,0,0,1,
121,637673,1771.3138888888889,1,NORMAL,N,Normal beat,qrs_peak,qrs,0,0,0,
121,637685,1771.3472222222222,40,WFOFF,),Waveform end,qrs_offset,qrs,0,0,1,
121,637718,1771.4388888888889,39,WFON,(,Waveform onset,t_onset,t,0,0,2,
121,637757,1771.5472222222222,27,TWAVE,t,T-wave peak,t_peak,t,0,0,5,
121,637842,1771.7833333333333,27,TWAVE,t,T-wave peak,t_peak,t,0,0,5,
121,637854,1771.8166666666666,40,WFOFF,),Waveform end,t_offset,t,0,0,2,
121,637938,1772.05,39,WFON,(,Waveform onset,qrs_onset,qrs,0,0,1,
121,637956,1772.1,1,NORMAL,N,Normal beat,qrs_peak,qrs,0,0,0,
121,637970,1772.138888888889,40,WFOFF,),Waveform end,qrs_offset,qrs,0,0,1,
121,637984,1772.1777777777777,39,WFON,(,Waveform onset,t_onset,t,0,0,2,
121,638000,1772.2222222222222,27,TWAVE,t,T-wave peak,t_peak,t,0,0,5,
121,638134,1772.5944444444444,27,TWAVE,t,T-wave peak,t_peak,t,0,0,5,
121,638156,1772.6555555555556,40,WFOFF,),Waveform end,t_offset,t,0,0,2,
121,638236,1772.8777777777777,39,WFON,(,Waveform onset,qrs_onset,qrs,0,0,1,
121,638252,1772.9222222222222,1,NORMAL,N,Normal beat,qrs_peak,qrs,0,0,0,
121,638268,1772.9666666666667,40,WFOFF,),Waveform end,qrs_offset,qrs,0,0,1,
121,638288,1773.0222222222221,39,WFON,(,Waveform onset,t_onset,t,0,0,2,
121,638332,1773.1444444444444,27,TWAVE,t,T-wave peak,t_peak,t,0,0,5,
121,638373,1773.2583333333334,27,TWAVE,t,T-wave peak,t_peak,t,0,0,5,
121,638380,1773.2777777777778,40,WFOFF,),Waveform end,t_offset,t,0,0,2,
121,638524,1773.6777777777777,39,WFON,(,Waveform onset,qrs_onset,qrs,0,0,1,
121,638543,1773.7305555555556,1,NORMAL,N,Normal beat,qrs_peak,qrs,0,0,0,
121,638559,1773.775,40,WFOFF,),Waveform end,qrs_offset,qrs,0,0,1,
121,638576,1773.8222222222223,39,WFON,(,Waveform onset,t_onset,t,0,0,2,
121,638620,1773.9444444444443,27,TWAVE,t,T-wave peak,t_peak,t,0,0,5,
121,638658,1774.05,27,TWAVE,t,T-wave peak,t_peak,t,0,0,5,
121,638676,1774.1,40,WFOFF,),Waveform end,t_offset,t,0,0,2,
121,638822,1774.5055555555555,39,WFON,(,Waveform onset,qrs_onset,qrs,0,0,1,
121,638836,1774.5444444444445,1,NORMAL,N,Normal beat,qrs_peak,qrs,0,0,0,
121,638872,1774.6444444444444,40,WFOFF,),Waveform end,qrs_offset,qrs,0,0,1,
121,638897,1774.713888888889,39,WFON,(,Waveform onset,t_onset,t,0,0,2,
121,638961,1774.8916666666667,27,TWAVE,t,T-wave peak,t_peak,t,0,0,0,
121,639025,1775.0694444444443,40,WFOFF,),Waveform end,t_offset,t,0,0,2,
121,639122,1775.338888888889,39,WFON,(,Waveform onset,qrs_onset,qrs,0,0,1,
121,639135,1775.375,1,NORMAL,N,Normal beat,qrs_peak,qrs,0,0,0,
121,639160,1775.4444444444443,40,WFOFF,),Waveform end,qrs_offset,qrs,0,0,1,
121,639196,1775.5444444444445,39,WFON,(,Waveform onset,t_onset,t,0,0,2,
121,639212,1775.588888888889,27,TWAVE,t,T-wave peak,t_peak,t,0,0,5,
121,639315,1775.875,27,TWAVE,t,T-wave peak,t_peak,t,0,0,5,
121,639329,1775.9138888888888,40,WFOFF,),Waveform end,t_offset,t,0,0,2,
121,639413,1776.1472222222221,39,WFON,(,Waveform onset,qrs_onset,qrs,0,0,1,
121,639430,1776.1944444444443,1,NORMAL,N,Normal beat,qrs_peak,qrs,0,0,0,
121,639450,1776.25,40,WFOFF,),Waveform end,qrs_offset,qrs,0,0,1,
121,639470,1776.3055555555557,39,WFON,(,Waveform onset,t_onset,t,0,0,2,
121,639512,1776.4222222222222,27,TWAVE,t,T-wave peak,t_peak,t,0,0,5,
121,639614,1776.7055555555555,27,TWAVE,t,T-wave peak,t_peak,t,0,0,5,
121,639634,1776.7611111111112,40,WFOFF,),Waveform end,t_offset,t,0,0,2,
121,639714,1776.9833333333333,39,WFON,(,Waveform onset,qrs_onset,qrs,0,0,1,
121,639730,1777.0277777777778,1,NORMAL,N,Normal beat,qrs_peak,qrs,0,0,0,
121,639744,1777.0666666666666,40,WFOFF,),Waveform end,qrs_offset,qrs,0,0,1,
121,639770,1777.138888888889,39,WFON,(,Waveform onset,t_onset,t,0,0,2,
121,639811,1777.2527777777777,27,TWAVE,t,T-wave peak,t_peak,t,0,0,5,
121,639843,1777.3416666666667,27,TWAVE,t,T-wave peak,t_peak,t,0,0,5,
121,639864,1777.4,40,WFOFF,),Waveform end,t_offset,t,0,0,2,
121,640010,1777.8055555555557,39,WFON,(,Waveform onset,qrs_onset,qrs,0,0,1,
121,640029,1777.8583333333333,1,NORMAL,N,Normal beat,qrs_peak,qrs,0,0,0,
121,640045,1777.9027777777778,40,WFOFF,),Waveform end,qrs_offset,qrs,0,0,1,
121,640068,1777.9666666666667,39,WFON,(,Waveform onset,t_onset,t,0,0,2,
121,640078,1777.9944444444445,27,TWAVE,t,T-wave peak,t_peak,t,0,0,5,
121,640202,1778.338888888889,27,TWAVE,t,T-wave peak,t_peak,t,0,0,5,
121,640223,1778.3972222222221,40,WFOFF,),Waveform end,t_offset,t,0,0,2,
121,640314,1778.65,39,WFON,(,Waveform onset,qrs_onset,qrs,0,0,1,
121,640332,1778.7,1,NORMAL,N,Normal beat,qrs_peak,qrs,0,0,0,
121,640348,1778.7444444444445,40,WFOFF,),Waveform end,qrs_offset,qrs,0,0,1,
121,640368,1778.8,39,WFON,(,Waveform onset,t_onset,t,0,0,2,
121,640417,1778.9361111111111,27,TWAVE,t,T-wave peak,t_peak,t,0,0,5,
121,640527,1779.2416666666666,27,TWAVE,t,T-wave peak,t_peak,t,0,0,5,
121,640541,1779.2805555555556,40,WFOFF,),Waveform end,t_offset,t,0,0,2,
121,640593,1779.425,39,WFON,(,Waveform onset,qrs_onset,qrs,0,0,1,
121,640633,1779.536111111111,1,NORMAL,N,Normal beat,qrs_peak,qrs,0,0,0,
121,640658,1779.6055555555556,40,WFOFF,),Waveform end,qrs_offset,qrs,0,0,1,
121,640691,1779.6972222222223,39,WFON,(,Waveform onset,t_onset,t,0,0,2,
121,640716,1779.7666666666667,27,TWAVE,t,T-wave peak,t_peak,t,0,0,5,
121,640811,1780.0305555555556,27,TWAVE,t,T-wave peak,t_peak,t,0,0,5,
121,640826,1780.0722222222223,40,WFOFF,),Waveform end,t_offset,t,0,0,2,
121,640911,1780.3083333333334,39,WFON,(,Waveform onset,qrs_onset,qrs,0,0,1,
121,640929,1780.3583333333333,1,NORMAL,N,Normal beat,qrs_peak,qrs,0,0,0,
121,640946,1780.4055555555556,40,WFOFF,),Waveform end,qrs_offset,qrs,0,0,1,
121,640966,1780.4611111111112,39,WFON,(,Waveform onset,t_onset,t,0,0,2,
121,640978,1780.4944444444445,27,TWAVE,t,T-wave peak,t_peak,t,0,0,5,
121,641113,1780.8694444444445,27,TWAVE,t,T-wave peak,t_peak,t,0,0,5,
121,641132,1780.9222222222222,40,WFOFF,),Waveform end,t_offset,t,0,0,2,
121,641213,1781.1472222222221,39,WFON,(,Waveform onset,qrs_onset,qrs,0,0,1,
121,641233,1781.2027777777778,1,NORMAL,N,Normal beat,qrs_peak,qrs,0,0,0,
121,641248,1781.2444444444445,40,WFOFF,),Waveform end,qrs_offset,qrs,0,0,1,
121,641254,1781.2611111111112,39,WFON,(,Waveform onset,t_onset,t,0,0,2,
121,641313,1781.425,27,TWAVE,t,T-wave peak,t_peak,t,0,0,5,
121,641352,1781.5333333333333,27,TWAVE,t,T-wave peak,t_peak,t,0,0,5,
121,641360,1781.5555555555557,40,WFOFF,),Waveform end,t_offset,t,0,0,2,
121,641512,1781.9777777777779,39,WFON,(,Waveform onset,qrs_onset,qrs,0,0,1,
121,641535,1782.0416666666667,1,NORMAL,N,Normal beat,qrs_peak,qrs,0,0,0,
121,641550,1782.0833333333333,40,WFOFF,),Waveform end,qrs_offset,qrs,0,0,1,
121,641593,1782.2027777777778,39,WFON,(,Waveform onset,t_onset,t,0,0,2,
121,641618,1782.2722222222221,27,TWAVE,t,T-wave peak,t_peak,t,0,0,0,
121,641650,1782.361111111111,40,WFOFF,),Waveform end,t_offset,t,0,0,2,
121,641822,1782.838888888889,39,WFON,(,Waveform onset,qrs_onset,qrs,0,0,1,
121,641840,1782.888888888889,1,NORMAL,N,Normal beat,qrs_peak,qrs,0,0,0,
121,641860,1782.9444444444443,40,WFOFF,),Waveform end,qrs_offset,qrs,0,0,1,
121,641903,1783.0638888888889,39,WFON,(,Waveform onset,t_onset,t,0,0,2,
121,641924,1783.1222222222223,27,TWAVE,t,T-wave peak,t_peak,t,0,0,5,
121,642020,1783.388888888889,27,TWAVE,t,T-wave peak,t_peak,t,0,0,5,
121,642039,1783.4416666666666,40,WFOFF,),Waveform end,t_offset,t,0,0,2,
121,642128,1783.6888888888889,39,WFON,(,Waveform onset,qrs_onset,qrs,0,0,1,
121,642151,1783.7527777777777,1,NORMAL,N,Normal beat,qrs_peak,qrs,0,0,0,
121,642165,1783.7916666666667,40,WFOFF,),Waveform end,qrs_offset,qrs,0,0,1,
121,642220,1783.9444444444443,39,WFON,(,Waveform onset,t_onset,t,0,0,2,
121,642232,1783.9777777777779,27,TWAVE,t,T-wave peak,t_peak,t,0,0,5,
121,642270,1784.0833333333333,27,TWAVE,t,T-wave peak,t_peak,t,0,0,5,
121,642286,1784.1277777777777,40,WFOFF,),Waveform end,t_offset,t,0,0,2,
121,642431,1784.5305555555556,39,WFON,(,Waveform onset,qrs_onset,qrs,0,0,1,
121,642457,1784.6027777777779,1,NORMAL,N,Normal beat,qrs_peak,qrs,0,0,0,
121,642472,1784.6444444444444,40,WFOFF,),Waveform end,qrs_offset,qrs,0,0,1,
121,642511,1784.7527777777777,39,WFON,(,Waveform onset,t_onset,t,0,0,2,
121,642540,1784.8333333333333,27,TWAVE,t,T-wave peak,t_peak,t,0,0,5,
121,642651,1785.1416666666667,27,TWAVE,t,T-wave peak,t_peak,t,0,0,5,
121,642670,1785.1944444444443,40,WFOFF,),Waveform end,t_offset,t,0,0,2,
121,642743,1785.3972222222221,39,WFON,(,Waveform onset,qrs_onset,qrs,0,0,1,
121,642764,1785.4555555555555,1,NORMAL,N,Normal beat,qrs_peak,qrs,0,0,0,
121,642785,1785.513888888889,40,WFOFF,),Waveform end,qrs_offset,qrs,0,0,1,
121,642801,1785.5583333333334,39,WFON,(,Waveform onset,t_onset,t,0,0,2,
121,642847,1785.6861111111111,27,TWAVE,t,T-wave peak,t_peak,t,0,0,5,
121,642945,1785.9583333333333,27,TWAVE,t,T-wave peak,t_peak,t,0,0,5,
121,642958,1785.9944444444445,40,WFOFF,),Waveform end,t_offset,t,0,0,2,
121,643034,1786.2055555555555,39,WFON,(,Waveform onset,qrs_onset,qrs,0,0,1,
121,643069,1786.3027777777777,1,NORMAL,N,Normal beat,qrs_peak,qrs,0,0,0,
121,643085,1786.3472222222222,40,WFOFF,),Waveform end,qrs_offset,qrs,0,0,1,
121,643123,1786.4527777777778,39,WFON,(,Waveform onset,t_onset,t,0,0,2,
121,643154,1786.5388888888888,27,TWAVE,t,T-wave peak,t_peak,t,0,0,0,
121,643182,1786.6166666666666,40,WFOFF,),Waveform end,t_offset,t,0,0,2,
121,643366,1787.1277777777777,39,WFON,(,Waveform onset,qrs_onset,qrs,0,0,1,
121,643381,1787.1694444444445,1,NORMAL,N,Normal beat,qrs_peak,qrs,0,0,0,
121,643397,1787.213888888889,40,WFOFF,),Waveform end,qrs_offset,qrs,0,0,1,
121,643416,1787.2666666666667,39,WFON,(,Waveform onset,t_onset,t,0,0,2,
121,643438,1787.3277777777778,27,TWAVE,t,T-wave peak,t_peak,t,0,0,5,
121,643570,1787.6944444444443,27,TWAVE,t,T-wave peak,t_peak,t,0,0,5,
121,643585,1787.736111111111,40,WFOFF,),Waveform end,t_offset,t,0,0,2,
121,643665,1787.9583333333333,39,WFON,(,Waveform onset,qrs_onset,qrs,0,0,1,
121,643685,1788.013888888889,1,NORMAL,N,Normal beat,qrs_peak,qrs,0,0,0,
121,643703,1788.0638888888889,40,WFOFF,),Waveform end,qrs_offset,qrs,0,0,1,
121,643757,1788.213888888889,39,WFON,(,Waveform onset,t_onset,t,0,0,2,
121,643767,1788.2416666666666,27,TWAVE,t,T-wave peak,t_peak,t,0,0,5,
121,643804,1788.3444444444444,27,TWAVE,t,T-wave peak,t_peak,t,0,0,5,
121,643809,1788.3583333333333,40,WFOFF,),Waveform end,t_offset,t,0,0,2,
121,643961,1788.7805555555556,39,WFON,(,Waveform onset,qrs_onset,qrs,0,0,1,
121,643979,1788.8305555555555,1,NORMAL,N,Normal beat,qrs_peak,qrs,0,0,0,
121,644005,1788.9027777777778,40,WFOFF,),Waveform end,qrs_offset,qrs,0,0,1,
121,644042,1789.0055555555555,39,WFON,(,Waveform onset,t_onset,t,0,0,2,
121,644054,1789.0388888888888,27,TWAVE,t,T-wave peak,t_peak,t,0,0,5,
121,644143,1789.286111111111,27,TWAVE,t,T-wave peak,t_peak,t,0,0,5,
121,644173,1789.3694444444445,40,WFOFF,),Waveform end,t_offset,t,0,0,2,
121,644244,1789.5666666666666,39,WFON,(,Waveform onset,qrs_onset,qrs,0,0,1,
121,644285,1789.6805555555557,1,NORMAL,N,Normal beat,qrs_peak,qrs,0,0,0,
121,644301,1789.725,40,WFOFF,),Waveform end,qrs_offset,qrs,0,0,1,
121,644311,1789.7527777777777,39,WFON,(,Waveform onset,t_onset,t,0,0,2,
121,644364,1789.9,27,TWAVE,t,T-wave peak,t_peak,t,0,0,5,
121,644422,1790.0611111111111,27,TWAVE,t,T-wave peak,t_peak,t,0,0,5,
121,644430,1790.0833333333333,40,WFOFF,),Waveform end,t_offset,t,0,0,2,
121,644564,1790.4555555555555,39,WFON,(,Waveform onset,qrs_onset,qrs,0,0,1,
121,644583,1790.5083333333334,1,NORMAL,N,Normal beat,qrs_peak,qrs,0,0,0,
121,644599,1790.5527777777777,40,WFOFF,),Waveform end,qrs_offset,qrs,0,0,1,
121,644635,1790.6527777777778,39,WFON,(,Waveform onset,t_onset,t,0,0,2,
121,644649,1790.6916666666666,27,TWAVE,t,T-wave peak,t_peak,t,0,0,5,
121,644700,1790.8333333333333,27,TWAVE,t,T-wave peak,t_peak,t,0,0,5,
121,644713,1790.8694444444445,40,WFOFF,),Waveform end,t_offset,t,0,0,2,
121,644859,1791.275,39,WFON,(,Waveform onset,qrs_onset,qrs,0,0,1,
121,644874,1791.3166666666666,1,NORMAL,N,Normal beat,qrs_peak,qrs,0,0,0,
121,644890,1791.361111111111,40,WFOFF,),Waveform end,qrs_offset,qrs,0,0,1,
121,644911,1791.4194444444445,39,WFON,(,Waveform onset,t_onset,t,0,0,2,
121,644949,1791.525,27,TWAVE,t,T-wave peak,t_peak,t,0,0,5,
121,645062,1791.838888888889,27,TWAVE,t,T-wave peak,t_peak,t,0,0,5,
121,645069,1791.8583333333333,40,WFOFF,),Waveform end,t_offset,t,0,0,2,
121,645133,1792.036111111111,39,WFON,(,Waveform onset,qrs_onset,qrs,0,0,1,
121,645172,1792.1444444444444,1,NORMAL,N,Normal beat,qrs_peak,qrs,0,0,0,
121,645189,1792.1916666666666,40,WFOFF,),Waveform end,qrs_offset,qrs,0,0,1,
121,645242,1792.338888888889,39,WFON,(,Waveform onset,t_onset,t,0,0,2,
121,645253,1792.3694444444445,27,TWAVE,t,T-wave peak,t_peak,t,0,0,5,
121,645293,1792.4805555555556,27,TWAVE,t,T-wave peak,t_peak,t,0,0,5,
121,645312,1792.5333333333333,40,WFOFF,),Waveform end,t_offset,t,0,0,2,
121,645448,1792.911111111111,39,WFON,(,Waveform onset,qrs_onset,qrs,0,0,1,
121,645469,1792.9694444444444,1,NORMAL,N,Normal beat,qrs_peak,qrs,0,0,0,
121,645485,1793.013888888889,40,WFOFF,),Waveform end,qrs_offset,qrs,0,0,1,
121,645489,1793.025,39,WFON,(,Waveform onset,t_onset,t,0,0,2,
121,645545,1793.1805555555557,27,TWAVE,t,T-wave peak,t_peak,t,0,0,5,
121,645584,1793.2888888888888,27,TWAVE,t,T-wave peak,t_peak,t,0,0,5,
121,645596,1793.3222222222223,40,WFOFF,),Waveform end,t_offset,t,0,0,2,
121,645737,1793.713888888889,39,WFON,(,Waveform onset,qrs_onset,qrs,0,0,1,
121,645756,1793.7666666666667,1,NORMAL,N,Normal beat,qrs_peak,qrs,0,0,0,
121,645785,1793.8472222222222,40,WFOFF,),Waveform end,qrs_offset,qrs,0,0,1,
121,645805,1793.9027777777778,39,WFON,(,Waveform onset,t_onset,t,0,0,2,
121,645841,1794.0027777777777,27,TWAVE,t,T-wave peak,t_peak,t,0,0,5,
121,645881,1794.1138888888888,27,TWAVE,t,T-wave peak,t_peak,t,0,0,5,
121,645891,1794.1416666666667,40,WFOFF,),Waveform end,t_offset,t,0,0,2,
121,646022,1794.5055555555555,39,WFON,(,Waveform onset,qrs_onset,qrs,0,0,1,
121,646047,1794.575,1,NORMAL,N,Normal beat,qrs_peak,qrs,0,0,0,
121,646071,1794.6416666666667,40,WFOFF,),Waveform end,qrs_offset,qrs,0,0,1,
121,646106,1794.7388888888888,39,WFON,(,Waveform onset,t_onset,t,0,0,2,
121,646117,1794.7694444444444,27,TWAVE,t,T-wave peak,t_peak,t,0,0,5,
121,646173,1794.925,27,TWAVE,t,T-wave peak,t_peak,t,0,0,5,
121,646184,1794.9555555555555,40,WFOFF,),Waveform end,t_offset,t,0,0,2,
121,646327,1795.3527777777779,39,WFON,(,Waveform onset,qrs_onset,qrs,0,0,1,
121,646365,1795.4583333333333,1,NORMAL,N,Normal beat,qrs_peak,qrs,0,0,0,
121,646366,1795.4611111111112,40,WFOFF,),Waveform end,qrs_offset,qrs,0,0,1,
121,646406,1795.5722222222223,39,WFON,(,Waveform onset,t_onset,t,0,0,2,
121,646428,1795.6333333333334,27,TWAVE,t,T-wave peak,t_peak,t,0,0,5,
121,646514,1795.8722222222223,27,TWAVE,t,T-wave peak,t_peak,t,0,0,5,
121,646525,1795.9027777777778,40,WFOFF,),Waveform end,t_offset,t,0,0,2,
121,646617,1796.1583333333333,39,WFON,(,Waveform onset,qrs_onset,qrs,0,0,1,
121,646635,1796.2083333333333,1,NORMAL,N,Normal beat,qrs_peak,qrs,0,0,0,
121,646664,1796.2888888888888,40,WFOFF,),Waveform end,qrs_offset,qrs,0,0,1,
121,646690,1796.361111111111,39,WFON,(,Waveform onset,t_onset,t,0,0,2,
121,646709,1796.4138888888888,27,TWAVE,t,T-wave peak,t_peak,t,0,0,5,
121,646775,1796.5972222222222,27,TWAVE,t,T-wave peak,t_peak,t,0,0,5,
121,646785,1796.625,40,WFOFF,),Waveform end,t_offset,t,0,0,2,
121,646920,1797.0,39,WFON,(,Waveform onset,qrs_onset,qrs,0,0,1,
121,646934,1797.0388888888888,1,NORMAL,N,Normal beat,qrs_peak,qrs,0,0,0,
121,646953,1797.0916666666667,40,WFOFF,),Waveform end,qrs_offset,qrs,0,0,1,
121,646996,1797.2111111111112,39,WFON,(,Waveform onset,t_onset,t,0,0,2,
121,647008,1797.2444444444445,27,TWAVE,t,T-wave peak,t_peak,t,0,0,5,
121,647120,1797.5555555555557,27,TWAVE,t,T-wave peak,t_peak,t,0,0,5,
121,647136,1797.6,40,WFOFF,),Waveform end,t_offset,t,0,0,2,
121,647200,1797.7777777777778,39,WFON,(,Waveform onset,qrs_onset,qrs,0,0,1,
121,647227,1797.8527777777779,1,NORMAL,N,Normal beat,qrs_peak,qrs,0,0,0,
121,647242,1797.8944444444444,40,WFOFF,),Waveform end,qrs_offset,qrs,0,0,1,
121,647298,1798.05,39,WFON,(,Waveform onset,t_onset,t,0,0,2,
121,647310,1798.0833333333333,27,TWAVE,t,T-wave peak,t_peak,t,0,0,5,
121,647405,1798.3472222222222,27,TWAVE,t,T-wave peak,t_peak,t,0,0,5,
121,647423,1798.3972222222221,40,WFOFF,),Waveform end,t_offset,t,0,0,2,
121,647471,1798.5305555555556,39,WFON,(,Waveform onset,qrs_onset,qrs,0,0,1,
121,647518,1798.661111111111,1,NORMAL,N,Normal beat,qrs_peak,qrs,0,0,0,
121,647539,1798.7194444444444,40,WFOFF,),Waveform end,qrs_offset,qrs,0,0,1,
121,647575,1798.8194444444443,39,WFON,(,Waveform onset,t_onset,t,0,0,2,
121,647598,1798.8833333333334,27,TWAVE,t,T-wave peak,t_peak,t,0,0,5,
121,647676,1799.1,27,TWAVE,t,T-wave peak,t_peak,t,0,0,5,
121,647713,1799.2027777777778,40,WFOFF,),Waveform end,t_offset,t,0,0,2,
121,647789,1799.4138888888888,39,WFON,(,Waveform onset,qrs_onset,qrs,0,0,1,
121,647818,1799.4944444444445,1,NORMAL,N,Normal beat,qrs_peak,qrs,0,0,0,
121,647831,1799.5305555555556,40,WFOFF,),Waveform end,qrs_offset,qrs,0,0,1,
121,647839,1799.5527777777777,39,WFON,(,Waveform onset,t_onset,t,0,0,2,
121,647872,1799.6444444444444,27,TWAVE,t,T-wave peak,t_peak,t,0,0,5,
121,647995,1799.986111111111,27,TWAVE,t,T-wave peak,t_peak,t,0,0,5,
121,648005,1800.013888888889,40,WFOFF,),Waveform end,t_offset,t,0,0,2,
121,648094,1800.2611111111112,39,WFON,(,Waveform onset,qrs_onset,qrs,0,0,1,
121,648130,1800.361111111111,1,NORMAL,N,Normal beat,qrs_peak,qrs,0,0,0,
121,648130,1800.361111111111,40,WFOFF,),Waveform end,qrs_offset,qrs,0,0,1,
121,648207,1800.575,39,WFON,(,Waveform onset,t_onset,t,0,0,2,
121,648229,1800.6361111111112,27,TWAVE,t,T-wave peak,t_peak,t,0,0,1,
121,648239,1800.6638888888888,40,WFOFF,),Waveform end,t_offset,t,0,0,2,
121,648386,1801.0722222222223,39,WFON,(,Waveform onset,qrs_onset,qrs,0,0,1,
121,648405,1801.125,1,NORMAL,N,Normal beat,qrs_peak,qrs,0,0,0,
121,648421,1801.1694444444445,40,WFOFF,),Waveform end,qrs_offset,qrs,0,0,1,
121,648471,1801.3083333333334,39,WFON,(,Waveform onset,t_onset,t,0,0,2,
121,648487,1801.3527777777779,27,TWAVE,t,T-wave peak,t_peak,t,0,0,5,
121,648519,1801.4416666666666,27,TWAVE,t,T-wave peak,t_peak,t,0,0,5,
121,648532,1801.4777777777779,40,WFOFF,),Waveform end,t_offset,t,0,0,2,
121,648685,1801.9027777777778,39,WFON,(,Waveform onset,qrs_onset,qrs,0,0,1,
121,648705,1801.9583333333333,1,NORMAL,N,Normal beat,qrs_peak,qrs,0,0,0,
121,648718,1801.9944444444445,40,WFOFF,),Waveform end,qrs_offset,qrs,0,0,1,
121,648767,1802.1305555555555,39,WFON,(,Waveform onset,t_onset,t,0,0,2,
121,648782,1802.1722222222222,27,TWAVE,t,T-wave peak,t_peak,t,0,0,5,
121,648825,1802.2916666666667,27,TWAVE,t,T-wave peak,t_peak,t,0,0,5,
121,648835,1802.3194444444443,40,WFOFF,),Waveform end,t_offset,t,0,0,2,
121,648979,1802.7194444444444,39,WFON,(,Waveform onset,qrs_onset,qrs,0,0,1,
121,649015,1802.8194444444443,1,NORMAL,N,Normal beat,qrs_peak,qrs,0,0,0,
121,649027,1802.8527777777779,40,WFOFF,),Waveform end,qrs_offset,qrs,0,0,1,
121,649044,1802.9,39,WFON,(,Waveform onset,t_onset,t,0,0,2,
121,649069,1802.9694444444444,27,TWAVE,t,T-wave peak,t_peak,t,0,0,5,
121,649160,1803.2222222222222,27,TWAVE,t,T-wave peak,t_peak,t,0,0,5,
121,649177,1803.2694444444444,40,WFOFF,),Waveform end,t_offset,t,0,0,2,
121,649268,1803.5222222222221,39,WFON,(,Waveform onset,qrs_onset,qrs,0,0,1,
121,649287,1803.575,1,NORMAL,N,Normal beat,qrs_peak,qrs,0,0,0,
121,649317,1803.6583333333333,40,WFOFF,),Waveform end,qrs_offset,qrs,0,0,1,
121,649372,1803.8111111111111,39,WFON,(,Waveform onset,t_onset,t,0,0,2,
121,649411,1803.9194444444445,27,TWAVE,t,T-wave peak,t_peak,t,0,0,1,
121,649419,1803.9416666666666,40,WFOFF,),Waveform end,t_offset,t,0,0,2,
121,649568,1804.3555555555556,39,WFON,(,Waveform onset,qrs_onset,qrs,0,0,1,
121,649588,1804.411111111111,1,NORMAL,N,Normal beat,qrs_peak,qrs,0,0,0,
121,649601,1804.4472222222223,40,WFOFF,),Waveform end,qrs_offset,qrs,0,0,1,
121,649606,1804.4611111111112,39,WFON,(,Waveform onset,t_onset,t,0,0,2,
121,649657,1804.6027777777779,27,TWAVE,t,T-wave peak,t_peak,t,0,0,0,
121,649701,1804.725,40,WFOFF,),Waveform end,t_offset,t,0,0,2,
