record,beat_number,qrs_sample,qrs_seconds,qrs_annotation,qrs_symbol,p_onset_sample,p_peak_sample,p_offset_sample,qrs_onset_sample,qrs_offset_sample,t_onset_sample,t_peak_sample,t_offset_sample,t_wave_type
201,1,160,0.4444444444444444,NORMAL,N,72,85,97,138,169,200,228,257,normal
201,2,416,1.1555555555555554,NORMAL,N,356,365,377,386,430,452,497,522,normal
201,3,687,1.9083333333333334,NORMAL,N,,,,666,701,756,816,829,biphasic_positive_negative
201,4,906,2.5166666666666666,NORMAL,N,,,,882,916,995,1015,1030,inverted
201,5,1190,3.3055555555555554,NORMAL,N,1113,1129,1144,1168,1204,1264,1311,1324,biphasic_positive_negative
201,6,1423,3.952777777777778,NORMAL,N,,,,1404,1432,,,,
201,7,1622,4.5055555555555555,NORMAL,N,1539,1557,1594,1601,1632,1667,1704,1728,normal
201,8,1966,5.461111111111111,NORMAL,N,1872,1895,1936,1942,1979,2010,2055,2081,normal
201,9,2237,6.213888888888889,NORMAL,N,2161,2175,2195,2217,2251,2290,2318,2352,normal
201,10,2496,6.933333333333334,NORMAL,N,2439,2453,2468,2473,2506,2550,2605,2622,biphasic_positive_negative
201,11,2722,7.561111111111111,NORMAL,N,2633,2669,2680,2701,2734,2781,2853,2867,biphasic_positive_negative
201,12,2956,8.21111111111111,NORMAL,N,,,,2926,2970,3012,3059,3068,biphasic_positive_negative
201,13,3198,8.883333333333333,NORMAL,N,3111,3124,3138,3176,3261,3288,3334,3348,inverted
201,14,3471,9.641666666666667,NORMAL,N,,,,3448,3533,3561,3613,3636,inverted
201,15,3800,10.555555555555555,NORMAL,N,3703,3727,3757,3778,3813,3855,3942,3959,biphasic_positive_negative
201,16,4111,11.419444444444444,NORMAL,N,3989,4005,4016,4089,4119,4179,4257,4268,biphasic_positive_negative
201,17,4354,12.094444444444445,NORMAL,N,4288,4297,4318,4324,4363,4410,4436,4464,normal
201,18,4592,12.755555555555556,NORMAL,N,,,,4563,4605,4638,4671,4698,normal
201,19,4848,13.466666666666667,NORMAL,N,,,,4817,4857,4912,4928,4946,normal
201,20,4990,13.86111111111111,NORMAL,N,,,,4968,5000,5047,5078,5105,normal
201,21,5222,14.505555555555556,NORMAL,N,5137,5147,5165,5194,5231,5263,5295,5324,normal
201,22,5478,15.216666666666667,NORMAL,N,5392,5403,5418,5457,5492,5525,5563,5587,normal
201,23,5689,15.802777777777777,NORMAL,N,,,,5663,5702,,,,
201,24,5920,16.444444444444443,NORMAL,N,,,,5901,5930,5985,6010,6038,normal
201,25,6104,16.955555555555556,NORMAL,N,,,,6084,6113,6158,6188,6212,normal
201,26,6392,17.755555555555556,NORMAL,N,6297,6316,6339,6361,6405,6460,6481,6506,normal
201,27,6638,18.43888888888889,NORMAL,N,,,,6603,6650,6681,6715,6744,normal
201,28,6837,18.991666666666667,NORMAL,N,,,,6818,6846,6898,6943,6961,biphasic_positive_negative
201,29,7070,19.63888888888889,NORMAL,N,,,,7049,7080,7130,7189,7208,biphasic_positive_negative
201,30,7325,20.34722222222222,NORMAL,N,7237,7254,7275,7302,7338,7367,7441,7453,biphasic_positive_negative
201,31,7614,21.15,NORMAL,N,,,,7593,7624,7691,7706,7739,normal
201,32,7820,21.72222222222222,NORMAL,N,7740,7758,7778,7799,7830,7883,7942,7956,biphasic_positive_negative
201,33,8072,22.42222222222222,NORMAL,N,7978,8013,8028,8051,8085,8133,8163,8195,normal
201,34,8304,23.066666666666666,NORMAL,N,,,,8285,8317,8356,8385,8413,normal
201,35,8515,23.65277777777778,NORMAL,N,,,,8492,8525,8569,8592,8616,normal
201,36,8668,24.07777777777778,NORMAL,N,,,,8643,8738,8750,8786,8798,inverted
201,37,8923,24.78611111111111,NORMAL,N,8843,8850,8864,8903,8936,8975,9004,9029,normal
201,38,9118,25.32777777777778,NORMAL,N,9040,9053,9068,9098,9130,9178,9196,9229,normal
201,39,9350,25.97222222222222,NORMAL,N,9295,9304,9316,9329,9360,9392,9443,9475,biphasic_negative_positive
201,40,9644,26.788888888888888,NORMAL,N,9561,9572,9596,9621,9653,9676,9714,9774,normal
201,41,10009,27.802777777777777,NORMAL,N,,,,9981,10024,10075,10106,10142,normal
201,42,10268,28.522222222222222,NORMAL,N,10190,10206,10218,10245,10323,10341,10355,10391,normal
201,43,10522,29.227777777777778,NORMAL,N,10431,10466,10485,10500,10555,10577,10658,10675,biphasic_positive_negative
201,44,10772,29.92222222222222,NORMAL,N,10694,10708,10730,10754,10786,10836,10855,10890,normal
201,45,11044,30.677777777777777,NORMAL,N,10951,10965,10991,11016,11053,11103,11123,11144,normal
201,46,11301,31.391666666666666,NORMAL,N,11245,11257,11267,11270,11310,11348,11378,11401,normal
201,47,11476,31.877777777777776,NORMAL,N,11425,11434,11447,11452,11485,11524,11557,11581,normal
201,48,11801,32.78055555555556,NORMAL,N,11701,11713,11738,11760,11811,11873,11897,11919,normal
201,49,12008,33.355555555555554,NORMAL,N,11934,11948,11972,11985,12069,12090,12129,12162,inverted
201,50,12253,34.03611111111111,NORMAL,N,,,,12212,12263,12326,12347,12374,normal
201,51,12455,34.59722222222222,NORMAL,N,,,,12434,12468,,,,
201,52,12691,35.25277777777778,NORMAL,N,12607,12618,12655,12669,12701,12738,12767,12796,normal
201,53,12929,35.91388888888889,NORMAL,N,12819,12860,12875,12907,12939,,,,
201,54,13223,36.730555555555554,NORMAL,N,13141,13172,13190,13203,13239,13288,13340,13358,biphasic_positive_negative
201,55,13551,37.641666666666666,NORMAL,N,13487,13500,13516,13526,13564,13614,13663,13680,biphasic_positive_negative
201,56,13802,38.33888888888889,NORMAL,N,13722,13736,13762,13773,13811,13840,13888,13942,normal
201,57,14023,38.952777777777776,NORMAL,N,13952,13973,13990,13996,14031,14082,14141,14161,biphasic_positive_negative
201,58,14350,39.861111111111114,NORMAL,N,14236,14267,14296,14325,14359,14383,14450,14477,normal
201,59,14616,40.6,NORMAL,N,14528,14575,14588,14595,14626,14674,14703,14731,normal
201,60,14867,41.297222222222224,NORMAL,N,14806,14824,14838,14846,14912,14922,14949,14976,normal
201,61,15015,41.708333333333336,NORMAL,N,,,,14997,15024,15071,15095,15121,normal
201,62,15242,42.33888888888889,NORMAL,N,15170,15190,15206,15223,15270,15315,15334,15363,normal
201,63,15471,42.975,NORMAL,N,15372,15392,15418,15443,15509,15521,15599,15611,biphasic_positive_negative
201,64,15693,43.59166666666667,NORMAL,N,,,,15674,15706,15744,15802,15820,biphasic_positive_negative
201,65,15896,44.15555555555556,NORMAL,N,,,,15862,15908,15960,15984,16012,normal
201,66,16152,44.86666666666667,NORMAL,N,16102,16110,16122,16128,16162,16186,16239,16263,normal
201,67,16408,45.577777777777776,NORMAL,N,16294,16304,16344,16386,16418,,,,
201,68,16570,46.02777777777778,NORMAL,N,16481,16493,16519,16542,16580,16631,16662,16693,normal
201,69,16814,46.705555555555556,NORMAL,N,16729,16756,16785,16788,16850,16879,16910,16958,biphasic_negative_positive
201,70,17043,47.34166666666667,NORMAL,N,16965,16980,17006,17014,17053,17083,17111,17143,normal
201,71,17272,47.977777777777774,NORMAL,N,17152,17163,17193,17249,17281,,,,
201,72,17425,48.40277777777778,NORMAL,N,17333,17357,17373,17406,17435,,,,
201,73,17539,48.71944444444444,ABERR,a,,,,17521,17606,17613,17635,17670,normal
201,74,17776,49.37777777777778,NORMAL,N,17699,17712,17733,17743,17785,17823,17860,17878,normal
201,75,17959,49.88611111111111,NORMAL,N,17885,17907,17932,17938,18020,18043,18080,18104,biphasic_negative_positive
201,76,18262,50.727777777777774,NORMAL,N,,,,18239,18278,,18321,18354,positive_monophasic
201,77,18429,51.19166666666667,NORMAL,N,,,,18392,18440,18502,18518,18540,normal
201,78,18682,51.894444444444446,NORMAL,N,18584,18615,18638,18660,18692,18756,18780,18808,normal
201,79,18925,52.56944444444444,NORMAL,N,18844,18869,18886,18905,18934,18960,18975,19008,inverted
201,80,19076,52.98888888888889,NORMAL,N,,,,19048,19086,,,,
201,81,19301,53.61388888888889,NORMAL,N,19210,19242,19263,19276,19310,19346,19408,19428,biphasic_positive_negative
201,82,19592,54.422222222222224,NORMAL,N,19506,19528,19555,19573,19602,19660,19681,19707,normal
201,83,19826,55.07222222222222,NORMAL,N,,,,19807,19838,19872,19932,19957,biphasic_positive_negative
201,84,20052,55.7,NORMAL,N,19963,19992,20010,20031,20060,20095,20133,20155,normal
201,85,20272,56.31111111111111,NORMAL,N,,,,20247,20282,20320,20354,20380,normal
201,86,20585,57.18055555555556,NORMAL,N,20522,20533,20545,20561,20599,20649,20673,20706,normal
201,87,20908,58.077777777777776,NORMAL,N,20821,20846,20880,20887,20922,20953,20991,21019,normal
201,88,21168,58.8,NORMAL,N,21091,21103,21128,21141,21221,21254,21285,21300,inverted
201,89,21408,59.46666666666667,NORMAL,N,21307,21334,21357,21383,21420,21471,21480,21490,normal
201,90,21562,59.894444444444446,NORMAL,N,,,,21539,21572,21622,21640,21659,normal
201,91,21745,60.40277777777778,NORMAL,N,21662,21669,21684,21718,21785,21796,21841,21888,normal
201,92,21964,61.01111111111111,NORMAL,N,21896,21913,21938,21946,21973,22010,22071,22091,biphasic_positive_negative
201,93,22296,61.93333333333333,NORMAL,N,22166,22180,22201,22267,22309,22360,22418,22437,biphasic_positive_negative
201,94,22598,62.772222222222226,NORMAL,N,22448,22462,22471,22561,22607,,22630,22683,positive_monophasic
201,95,22754,63.205555555555556,NORMAL,N,,,,22722,22766,,22810,22840,positive_monophasic
201,96,22916,63.65555555555556,NORMAL,N,22850,22874,22888,22895,22967,,,,
201,97,23154,64.31666666666666,NORMAL,N,23070,23097,23126,23132,23167,23196,23245,23264,normal
201,98,23503,65.28611111111111,NORMAL,N,23453,23465,23479,23485,23512,23545,23557,23590,inverted
201,99,23658,65.71666666666667,NORMAL,N,,,,23629,23701,23715,23741,23762,normal
201,100,23873,66.31388888888888,NORMAL,N,23778,23808,23831,23844,23882,23943,23961,23995,normal
201,101,24192,67.2,NORMAL,N,24064,24085,24107,24171,24205,24253,24278,24306,normal
201,102,24397,67.76944444444445,NORMAL,N,24321,24346,24369,24374,24407,24430,24468,24523,normal
201,103,24642,68.45,NORMAL,N,24544,24558,24584,24610,24651,24696,24723,24751,normal
201,104,24873,69.09166666666667,NORMAL,N,24803,24817,24843,24849,24887,24951,24966,25016,normal
201,105,25120,69.77777777777777,NORMAL,N,25022,25041,25072,25084,25129,25189,25207,25226,normal
201,106,25360,70.44444444444444,NORMAL,N,25271,25292,25305,25340,25370,25410,25442,25470,normal
201,107,25625,71.18055555555556,NORMAL,N,25523,25539,25554,25605,25638,25669,25710,25728,normal
201,108,25859,71.83055555555555,NORMAL,N,25773,25791,25810,25839,25871,25903,25964,25977,biphasic_positive_negative
201,109,26139,72.60833333333333,NORMAL,N,26040,26068,26080,26116,26148,26193,26219,26242,normal
201,110,26363,73.23055555555555,NORMAL,N,26269,26300,26317,26343,26372,26421,26497,26513,biphasic_positive_negative
201,111,26611,73.91944444444445,NORMAL,N,,,,26590,26626,26662,26697,26722,normal
201,112,26804,74.45555555555555,NORMAL,N,,,,26772,26814,26861,26887,26908,normal
201,113,27042,75.11666666666666,NORMAL,N,26950,26974,27004,27009,27081,27120,27137,27172,normal
201,114,27258,75.71666666666667,NORMAL,N,27188,27195,27205,27227,27267,,27303,27331,positive_monophasic
201,115,27444,76.23333333333333,NORMAL,N,27355,27376,27399,27424,27471,27503,27526,27556,normal
201,116,27599,76.66388888888889,NORMAL,N,,,,27578,27610,27659,27710,27726,biphasic_positive_negative
201,117,27880,77.44444444444444,NORMAL,N,27796,27818,27843,27859,27889,27943,27972,27998,normal
201,118,28129,78.1361111111111,NORMAL,N,28036,28065,28078,28108,28137,28189,28242,28260,biphasic_positive_negative
201,119,28379,78.83055555555555,NORMAL,N,28305,28321,28344,28353,28387,28407,28445,28470,normal
201,120,28619,79.49722222222222,NORMAL,N,28543,28570,28587,28597,28649,28681,28744,28766,biphasic_positive_negative
201,121,28917,80.325,NORMAL,N,28818,28833,28866,28893,28925,28993,29043,29067,biphasic_positive_negative
201,122,29154,80.98333333333333,NORMAL,N,29072,29103,29126,29133,29168,29221,29245,29278,normal
201,123,29444,81.78888888888889,NORMAL,N,,,,29419,29454,29519,29579,29604,biphasic_positive_negative
201,124,29713,82.53611111111111,NORMAL,N,29615,29636,29651,29690,29722,29750,29836,29852,biphasic_positive_negative
201,125,29940,83.16666666666667,NORMAL,N,29858,29880,29898,29919,29953,29982,30055,30072,biphasic_positive_negative
201,126,30172,83.81111111111112,NORMAL,N,30083,30096,30118,30136,30181,30231,30250,30276,normal
201,127,30315,84.20833333333333,NORMAL,N,,,,30285,30326,30352,30398,30444,normal
201,128,30578,84.93888888888888,NORMAL,N,30497,30507,30517,30545,30587,30634,30663,30689,normal
201,129,30781,85.50277777777778,NORMAL,N,30707,30719,30738,30754,30794,,,,
201,130,31023,86.175,NORMAL,N,30948,30970,30983,30998,31033,31088,31144,31164,biphasic_positive_negative
201,131,31306,86.96111111111111,NORMAL,N,31218,31235,31270,31285,31315,31353,31394,31418,normal
201,132,31721,88.1138888888889,NORMAL,N,31644,31657,31670,31698,31735,31795,31844,31857,biphasic_positive_negative
201,133,32031,88.975,NORMAL,N,31935,31949,31970,32008,32081,32088,32116,32146,normal
201,134,32259,89.60833333333333,NORMAL,N,,,,32227,32267,32298,32332,32358,normal
201,135,32430,90.08333333333333,NORMAL,N,,,,32404,32485,32500,32511,32547,normal
201,136,32629,90.6361111111111,NORMAL,N,32569,32585,32602,32609,32637,32670,32724,32742,biphasic_positive_negative
201,137,32862,91.28333333333333,NORMAL,N,32756,32775,32790,32834,32896,32925,32971,32988,biphasic_positive_negative
201,138,33178,92.16111111111111,NORMAL,N,33070,33080,33099,33147,33186,33223,33262,33289,normal
201,139,33364,92.67777777777778,NORMAL,N,,,,33342,33373,33422,33484,33502,biphasic_positive_negative
201,140,33649,93.46944444444445,NORMAL,N,33588,33603,33621,33626,33695,33731,33787,33808,biphasic_positive_negative
201,141,33895,94.15277777777777,NORMAL,N,33813,33850,33862,33873,33931,33949,34018,34040,biphasic_positive_negative
201,142,34203,95.00833333333334,NORMAL,N,,,,34180,34217,34249,34287,34313,normal
201,143,34352,95.42222222222222,NORMAL,N,,,,34332,34362,34404,34475,34491,biphasic_positive_negative
201,144,34625,96.18055555555556,NORMAL,N,34498,34524,34558,34603,34634,34702,34766,34780,biphasic_positive_negative
201,145,34872,96.86666666666666,NORMAL,N,34786,34820,34839,34850,34884,,,,
201,146,35020,97.27777777777777,NORMAL,N,34943,34959,34978,34999,35030,35089,35103,35140,normal
201,147,35223,97.84166666666667,NORMAL,N,35155,35170,35194,35200,35232,35267,35313,35326,normal
201,148,35376,98.26666666666667,NORMAL,N,,,,35356,35422,35447,35502,35513,biphasic_positive_negative
201,149,35623,98.95277777777778,NORMAL,N,,,,35592,35659,35697,35715,35752,normal
201,150,35922,99.78333333333333,NORMAL,N,35796,35818,35834,35893,35936,35994,36016,36040,normal
201,151,36256,100.71111111111111,NORMAL,N,36179,36192,36207,36232,36266,36318,36370,36383,biphasic_positive_negative
201,152,36490,101.36111111111111,NORMAL,N,36391,36401,36418,36469,36503,36541,36568,36599,normal
201,153,36685,101.90277777777777,NORMAL,N,36616,36635,36652,36663,36699,36752,36810,36829,biphasic_positive_negative
201,154,37034,102.87222222222222,NORMAL,N,36947,36961,36977,37009,37044,,,,
201,155,37199,103.33055555555555,NORMAL,N,37107,37121,37142,37170,37209,37246,37277,37301,normal
201,156,37341,103.725,NORMAL,N,,,,37319,37351,37396,37452,37472,biphasic_positive_negative
201,157,37585,104.40277777777777,NORMAL,N,37518,37530,37551,37563,37600,37639,37683,37709,biphasic_negative_positive
201,158,37825,105.06944444444444,NORMAL,N,37748,37765,37787,37803,37835,37904,37920,37939,normal
201,159,38075,105.76388888888889,NORMAL,N,37982,37996,38016,38052,38084,38139,38160,38189,normal
201,160,38319,106.44166666666666,NORMAL,N,38202,38216,38239,38299,38332,38373,38442,38471,biphasic_positive_negative
201,161,38584,107.17777777777778,NORMAL,N,,,,38558,38594,38596,38667,38692,biphasic_negative_positive
201,162,38866,107.96111111111111,NORMAL,N,38773,38783,38792,38844,38875,38906,38948,38972,normal
201,163,39163,108.78611111111111,NORMAL,N,39102,39114,39134,39141,39177,39220,39279,39298,biphasic_positive_negative
201,164,39451,109.58611111111111,NORMAL,N,39316,39339,39367,39426,39460,39519,39574,39595,biphasic_positive_negative
201,165,39784,110.5111111111111,NORMAL,N,39707,39731,39745,39761,39796,39822,39863,39889,normal
201,166,40081,111.33611111111111,NORMAL,N,39984,40021,40043,40050,40095,40149,40170,40210,normal
201,167,40306,111.96111111111111,NORMAL,N,40216,40241,40270,40276,40316,40360,40392,40417,normal
201,168,40608,112.8,NORMAL,N,40505,40532,40564,40586,40623,40678,40696,40729,normal
201,169,40812,113.36666666666666,NORMAL,N,40735,40767,40779,40789,40827,40866,40939,40958,biphasic_positive_negative
201,170,41040,114.0,NORMAL,N,,,,41014,41083,41097,41119,41138,normal
201,171,41261,114.6138888888889,NORMAL,N,41180,41192,41204,41242,41270,41315,41341,41369,normal
201,172,41523,115.34166666666667,NORMAL,N,41423,41433,41446,41495,41535,41570,41610,41631,normal
201,173,41696,115.82222222222222,NORMAL,N,,,,41679,41705,41740,41778,41794,normal
201,174,41926,116.46111111111111,NORMAL,N,41828,41836,41846,41896,41936,41984,42024,42043,normal
201,175,42169,117.1361111111111,NORMAL,N,42063,42077,42083,42146,42178,42226,42257,42288,normal
201,176,42417,117.825,NORMAL,N,42313,42329,42353,42387,42429,42460,42504,42527,normal
201,177,42565,118.23611111111111,NORMAL,N,,,,42530,42576,,,,
201,178,42701,118.6138888888889,NORMAL,N,42632,42650,42665,42681,42712,42746,42785,42808,normal
201,179,43023,119.50833333333334,NORMAL,N,42931,42958,42977,43000,43036,43077,43115,43138,normal
201,180,43243,120.11944444444444,NORMAL,N,,,,43222,43255,43299,43351,43381,biphasic_positive_negative
201,181,43474,120.7611111111111,NORMAL,N,43387,43418,43437,43452,43483,43514,43554,43571,normal
201,182,43617,121.15833333333333,NORMAL,N,,,,43599,43627,43675,43698,43718,normal
201,183,43935,122.04166666666667,NORMAL,N,43853,43879,43907,43913,43944,43985,44027,44051,normal
201,184,44333,123.14722222222223,NORMAL,N,44218,44233,44250,44310,44343,44400,44433,44469,normal
201,185,44650,124.02777777777777,NORMAL,N,44547,44561,44578,44618,44699,44718,44778,44792,biphasic_positive_negative
201,186,44921,124.78055555555555,NORMAL,N,44809,44822,44835,44889,44930,44992,45005,45021,normal
201,187,45202,125.56111111111112,NORMAL,N,45118,45142,45160,45177,45210,45253,45310,45329,biphasic_positive_negative
201,188,45409,126.1361111111111,NORMAL,N,,,,45388,45477,45488,45511,45523,inverted
201,189,45595,126.65277777777777,NORMAL,N,,,,45560,45608,45635,45677,45698,normal
201,190,45771,127.14166666666667,NORMAL,N,,,,45749,45780,45826,45850,45877,normal
201,191,45987,127.74166666666666,NORMAL,N,,,,45958,45997,46033,46081,46107,normal
201,192,46199,128.33055555555555,NORMAL,N,46133,46151,46174,46180,46248,,,,
201,193,46461,129.05833333333334,NORMAL,N,46353,46370,46397,46424,46470,46501,46567,46581,biphasic_positive_negative
201,194,46753,129.86944444444444,NORMAL,N,46659,46679,46699,46730,46766,46826,46847,46890,normal
201,195,47003,130.5638888888889,NORMAL,N,46928,46947,46963,46982,47012,47059,47117,47138,biphasic_positive_negative
201,196,47285,131.34722222222223,NORMAL,N,47183,47193,47206,47254,47294,47342,47369,47400,normal
201,197,47502,131.95,NORMAL,N,47441,47456,47471,47483,47515,47548,47616,47636,biphasic_positive_negative
201,198,47750,132.63888888888889,NORMAL,N,47658,47670,47685,47727,47759,47816,47834,47862,normal
201,199,47953,133.20277777777778,NORMAL,N,47891,47902,47912,47935,47963,47992,48062,48071,biphasic_positive_negative
201,200,48198,133.88333333333333,NORMAL,N,48083,48106,48146,48175,48211,48252,48287,48322,normal
201,201,48417,134.49166666666667,NORMAL,N,,,,48396,48432,48459,48503,48526,normal
201,202,48667,135.1861111111111,NORMAL,N,48577,48606,48623,48636,48677,48696,48747,48774,normal
201,203,48919,135.88611111111112,NORMAL,N,48865,48875,48888,48895,48968,48995,49048,49063,biphasic_positive_negative
201,204,49139,136.49722222222223,NORMAL,N,,,,49104,49152,49167,49267,49290,biphasic_positive_negative
201,205,49377,137.15833333333333,NORMAL,N,,,,49355,49390,49427,49461,49485,normal
201,206,49561,137.66944444444445,NORMAL,N,49490,49509,49536,49543,49614,,,,
201,207,49706,138.07222222222222,NORMAL,N,49593,49628,49651,49687,49714,49763,49790,49810,normal
201,208,50082,139.11666666666667,NORMAL,N,50023,50039,50053,50060,50096,50143,50175,50198,normal
201,209,50333,139.8138888888889,NORMAL,N,50231,50265,50282,50309,50342,50385,50426,50450,biphasic_negative_positive
201,210,50641,140.66944444444445,NORMAL,N,50545,50556,50570,50608,50650,50716,50731,50777,normal
201,211,50930,141.47222222222223,NORMAL,N,50872,50886,50901,50909,50943,50976,51022,51045,normal
201,212,51251,142.36388888888888,NORMAL,N,51153,51168,51210,51222,51260,51288,51390,51402,biphasic_positive_negative
201,213,51501,143.05833333333334,NORMAL,N,,,,51480,51553,,,,
201,214,51686,143.57222222222222,NORMAL,N,51585,51593,51629,51653,51700,51734,51823,51840,biphasic_positive_negative
201,215,51914,144.20555555555555,NORMAL,N,,,,51890,51923,51971,51995,52024,normal
201,216,52142,144.8388888888889,NORMAL,N,52055,52084,52103,52120,52151,52214,52229,52246,normal
201,217,52407,145.575,NORMAL,N,52337,52348,52361,52385,52415,52452,52485,52514,normal
201,218,52668,146.3,NORMAL,N,52595,52614,52628,52645,52681,52728,52799,52821,biphasic_positive_negative
201,219,52912,146.9777777777778,NORMAL,N,52844,52863,52875,52887,52921,52969,52994,53024,normal
201,220,53238,147.88333333333333,NORMAL,N,53159,53183,53212,53218,53247,53293,53325,53346,normal
201,221,53452,148.4777777777778,NORMAL,N,,,,53430,53464,53493,53530,53566,normal
201,222,53621,148.94722222222222,NORMAL,N,,,,53595,53677,53682,53728,53745,biphasic_positive_negative
201,223,53847,149.575,NORMAL,N,53764,53782,53796,53824,53857,53903,53928,53954,normal
201,224,54086,150.23888888888888,NORMAL,N,53989,54010,54025,54065,54096,54130,54161,54187,normal
201,225,54410,151.13888888888889,NORMAL,N,54317,54333,54344,54390,54422,54454,54488,54510,normal
201,226,54659,151.83055555555555,NORMAL,N,54569,54580,54591,54640,54668,54709,54738,54776,normal
201,227,54887,152.4638888888889,NORMAL,N,54784,54804,54826,54854,54897,54927,54975,54993,normal
201,228,55112,153.0888888888889,NORMAL,N,55035,55051,55064,55091,55127,55174,55195,55223,normal
201,229,55261,153.50277777777777,NORMAL,N,,,,55233,55274,55325,55376,55389,biphasic_positive_negative
201,230,55520,154.22222222222223,NORMAL,N,55420,55437,55454,55499,55530,,55565,55597,positive_monophasic
201,231,55681,154.66944444444445,NORMAL,N,,,,55652,55690,,,,
201,232,56046,155.68333333333334,NORMAL,N,55959,55973,55987,56023,56058,56114,56137,56177,normal
201,233,56247,156.24166666666667,NORMAL,N,56193,56205,56221,56227,56259,56286,56351,56371,biphasic_positive_negative
201,234,56448,156.8,NORMAL,N,56377,56394,56408,56423,56457,56482,56538,56554,biphasic_negative_positive
201,235,56691,157.475,NORMAL,N,56597,56624,56656,56661,56701,56729,56761,56795,normal
201,236,56954,158.20555555555555,NORMAL,N,56867,56878,56892,56929,56968,56994,57046,57065,normal
201,237,57164,158.7888888888889,NORMAL,N,57088,57112,57127,57143,57176,57217,57239,57266,normal
201,238,57322,159.2277777777778,NORMAL,N,,,,57301,57333,57385,57407,57429,normal
201,239,57733,160.36944444444444,NORMAL,N,57632,57641,57656,57705,57746,57804,57828,57855,normal
201,240,58035,161.20833333333334,NORMAL,N,57960,57971,58002,58013,58048,58111,58129,58149,normal
201,241,58262,161.8388888888889,NORMAL,N,58174,58184,58234,58239,58302,58311,58337,58363,normal
201,242,58448,162.35555555555555,NORMAL,N,58372,58386,58420,58428,58516,,,,
201,243,58578,162.71666666666667,NORMAL,N,58496,58520,58542,58553,58589,58631,58658,58684,normal
201,244,58811,163.36388888888888,NORMAL,N,58686,58691,58708,58791,58823,58866,58920,58931,biphasic_positive_negative
201,245,59084,164.12222222222223,NORMAL,N,,,,59062,59093,59141,59168,59195,normal
201,246,59333,164.8138888888889,NORMAL,N,59260,59272,59283,59313,59342,59385,59421,59456,normal
201,247,59593,165.5361111111111,NORMAL,N,59502,59515,59527,59563,59607,59667,59719,59739,biphasic_positive_negative
201,248,59849,166.24722222222223,NORMAL,N,,,,59827,59859,59882,59918,59977,normal
201,249,60080,166.88888888888889,NORMAL,N,59995,60013,60041,60048,60127,60147,60199,60211,biphasic_positive_negative
201,250,60338,167.60555555555555,NORMAL,N,,,,60318,60352,,,,
201,251,60588,168.3,NORMAL,N,60529,60544,60561,60567,60597,60629,60666,60688,normal
201,252,60896,169.15555555555557,NORMAL,N,60808,60836,60858,60877,60912,60959,60980,61004,normal
201,253,61146,169.85,NORMAL,N,61034,61061,61076,61118,61158,61196,61261,61285,biphasic_positive_negative
201,254,61396,170.54444444444445,NORMAL,N,61305,61330,61348,61374,61405,61434,61486,61501,normal
201,255,61629,171.19166666666666,NORMAL,N,61569,61577,61591,61604,61639,61689,61763,61778,biphasic_positive_negative
201,256,61859,171.83055555555555,NORMAL,N,,,,61839,61868,61915,61976,62002,biphasic_positive_negative
201,257,62075,172.43055555555554,NORMAL,N,62015,62031,62046,62051,62088,62112,62161,62192,normal
201,258,62315,173.09722222222223,NORMAL,N,62208,62227,62239,62290,62324,62351,62379,62386,normal
201,259,62466,173.51666666666668,NORMAL,N,,,,62447,62476,62512,62548,62571,normal
201,260,62703,174.175,NORMAL,N,62593,62628,62638,62682,62712,62764,62790,62808,normal
201,261,62923,174.7861111111111,NORMAL,N,62861,62880,62896,62904,62932,62961,63023,63041,biphasic_positive_negative
201,262,63167,175.4638888888889,NORMAL,N,63087,63107,63129,63141,63177,63234,63251,63277,normal
201,263,63347,175.9638888888889,NORMAL,N,63285,63303,63321,63326,63356,63392,63425,63447,normal
201,264,63617,176.7138888888889,NORMAL,N,63543,63556,63576,63597,63630,63679,63710,63737,normal
201,265,63830,177.30555555555554,NORMAL,N,63766,63779,63794,63805,63847,63882,63947,63964,biphasic_positive_negative
201,266,64085,178.01388888888889,NORMAL,N,64015,64027,64040,64061,64094,64141,64201,64221,biphasic_positive_negative
201,267,64308,178.63333333333333,NORMAL,N,64228,64260,64279,64289,64337,64367,64424,64440,biphasic_positive_negative
201,268,64523,179.23055555555555,NORMAL,N,,,,64497,64532,64569,64603,64628,normal
201,269,64690,179.69444444444446,NORMAL,N,,,,64669,64703,64736,64771,64794,normal
201,270,64928,180.35555555555555,NORMAL,N,64801,64822,64840,64907,64937,64966,65015,65038,biphasic_negative_positive
201,271,65121,180.89166666666668,NORMAL,N,65042,65059,65090,65095,65131,65180,65198,65218,normal
201,272,65337,181.49166666666667,NORMAL,N,65253,65285,65298,65316,65346,65377,65413,65433,normal
201,273,65635,182.31944444444446,NORMAL,N,,,,65613,65647,65670,65721,65774,normal
201,274,65950,183.19444444444446,NORMAL,N,65872,65887,65917,65930,65963,66009,66072,66098,biphasic_positive_negative
201,275,66198,183.88333333333333,NORMAL,N,66105,66134,66157,66174,66207,66255,66283,66311,normal
201,276,66635,185.09722222222223,NORMAL,N,,,,66611,66648,66709,66721,66740,normal
201,277,66809,185.58055555555555,NORMAL,N,66759,66768,66780,66787,66853,,,,
201,278,67040,186.22222222222223,NORMAL,N,66951,66964,66991,67020,67049,67087,67153,67175,biphasic_positive_negative
201,279,67254,186.81666666666666,NORMAL,N,67181,67207,67219,67232,67267,67305,67326,67356,normal
201,280,67524,187.56666666666666,NORMAL,N,67445,67473,67496,67502,67533,67577,67602,67636,normal
201,281,67773,188.25833333333333,NORMAL,N,67711,67723,67735,67747,67805,67847,67862,67891,normal
201,282,68009,188.9138888888889,NORMAL,N,67900,67914,67928,67967,68042,,,,
201,283,68299,189.71944444444443,NORMAL,N,68215,68231,68256,68275,68314,68358,68391,68417,normal
201,284,68572,190.4777777777778,NORMAL,N,68498,68506,68520,68548,68624,68675,68706,68734,inverted
201,285,68948,191.5222222222222,NORMAL,N,,,,68924,68961,68978,69036,69088,biphasic_negative_positive
201,286,69179,192.1638888888889,NORMAL,N,69095,69113,69135,69150,69191,69223,69314,69327,biphasic_positive_negative
201,287,69478,192.99444444444444,NORMAL,N,69401,69409,69421,69457,69487,69511,69557,69571,normal
201,288,69656,193.48888888888888,NORMAL,N,,,,69621,69665,69703,69734,69764,normal
201,289,69890,194.13888888888889,NORMAL,N,69825,69841,69859,69868,69902,69942,69974,69995,normal
201,290,70172,194.92222222222222,NORMAL,N,,,,70149,70182,70254,70300,70309,biphasic_positive_negative
201,291,70393,195.5361111111111,NORMAL,N,70330,70338,70355,70370,70403,,,,
201,292,70537,195.9361111111111,NORMAL,N,70463,70480,70499,70516,70548,,,,
201,293,70671,196.30833333333334,NORMAL,N,70577,70621,70635,70653,70706,70735,70762,70786,normal
201,294,71068,197.4111111111111,NORMAL,N,70988,71005,71023,71046,71078,71109,71161,71204,normal
201,295,71280,198.0,NORMAL,N,71225,71236,71255,71259,71289,71331,71363,71381,normal
201,296,71480,198.55555555555554,NORMAL,N,71415,71427,71441,71459,71492,71519,71576,71589,biphasic_positive_negative
201,297,71817,199.49166666666667,NORMAL,N,71714,71734,71760,71795,71826,71886,71906,71942,normal
201,298,72052,200.14444444444445,NORMAL,N,71973,72002,72016,72030,72061,,,,
201,299,72203,200.5638888888889,NORMAL,N,72121,72144,72167,72182,72214,72254,72290,72319,normal
201,300,72485,201.34722222222223,NORMAL,N,72426,72439,72458,72464,72522,72537,72577,72600,biphasic_negative_positive
201,301,72730,202.02777777777777,NORMAL,N,72651,72669,72681,72707,72738,72788,72847,72871,biphasic_positive_negative
201,302,72968,202.6888888888889,NORMAL,N,72884,72909,72933,72944,72982,73027,73058,73096,normal
201,303,73254,203.48333333333332,NORMAL,N,73186,73200,73214,73223,73263,73323,73370,73397,biphasic_positive_negative
201,304,73527,204.24166666666667,NORMAL,N,73452,73464,73479,73495,73536,73582,73609,73628,normal
201,305,73723,204.7861111111111,NORMAL,N,73661,73679,73696,73703,73735,73776,73794,73827,normal
201,306,74050,205.69444444444446,NORMAL,N,73950,73967,73998,74021,74060,74108,74169,74187,biphasic_positive_negative
201,307,74480,206.88888888888889,NORMAL,N,74414,74428,74450,74456,74489,74544,74569,74602,normal
201,308,74703,207.50833333333333,NORMAL,N,74609,74641,74665,74680,74716,74753,74822,74843,biphasic_positive_negative
201,309,74976,208.26666666666668,NORMAL,N,74909,74935,74948,74956,74985,75039,75061,75100,normal
201,310,75203,208.8972222222222,NORMAL,N,75106,75128,75148,75181,75243,75268,75287,75310,normal
201,311,75429,209.525,NORMAL,N,75355,75368,75384,75408,75441,75476,75507,75529,normal
201,312,75711,210.30833333333334,NORMAL,N,75606,75628,75644,75681,75725,75776,75832,75856,biphasic_positive_negative
201,313,75942,210.95,NORMAL,N,75863,75888,75900,75921,75951,,,,
201,314,76077,211.325,ABERR,a,75996,76017,76039,76050,76109,,,,
201,315,76219,211.71944444444443,NORMAL,N,76144,76160,76188,76196,76228,76271,76323,76338,biphasic_positive_negative
201,316,76438,212.32777777777778,NORMAL,N,76390,76400,76410,76417,76447,76492,76530,76550,normal
201,317,76740,213.16666666666666,NORMAL,N,76649,76670,76707,76717,76754,76821,76839,76864,normal
201,318,76970,213.80555555555554,NORMAL,N,76886,76926,76941,76948,76979,77009,77100,77119,biphasic_positive_negative
201,319,77328,214.8,NORMAL,N,77268,77277,77292,77306,77342,77392,77406,77421,normal
201,320,77517,215.325,NORMAL,N,77428,77465,77482,77495,77527,77585,77604,77639,normal
201,321,77734,215.92777777777778,NORMAL,N,77678,77692,77706,77715,77743,77791,77849,77868,biphasic_positive_negative
201,322,77950,216.52777777777777,NORMAL,N,77883,77898,77925,77931,77961,77995,78024,78044,normal
201,323,78099,216.94166666666666,NORMAL,N,,,,78079,78154,78175,78190,78201,inverted
201,324,78340,217.61111111111111,NORMAL,N,78268,78288,78312,78318,78350,,78386,78425,positive_monophasic
201,325,78494,218.0388888888889,NORMAL,N,,,,78463,78504,78559,78581,78609,normal
201,326,78717,218.65833333333333,NORMAL,N,78655,78678,78690,78696,78727,78788,78807,78848,normal
201,327,78954,219.31666666666666,NORMAL,N,78867,78894,78919,78933,78970,79008,79068,79087,biphasic_positive_negative
201,328,79187,219.9638888888889,NORMAL,N,79094,79110,79128,79165,79197,79263,79284,79325,normal
201,329,79431,220.64166666666668,NORMAL,N,79333,79347,79363,79410,79440,79494,79517,79549,normal
201,330,79662,221.28333333333333,NORMAL,N,79574,79590,79624,79629,79672,79718,79774,79804,biphasic_positive_negative
201,331,79880,221.88888888888889,NORMAL,N,,,,79855,79893,79937,79988,80014,biphasic_positive_negative
201,332,80249,222.9138888888889,NORMAL,N,80131,80153,80188,80224,80258,80300,80330,80351,normal
201,333,80555,223.76388888888889,NORMAL,N,80471,80492,80513,80534,80564,80590,80674,80692,biphasic_positive_negative
201,334,80842,224.5611111111111,NORMAL,N,80752,80780,80797,80819,80855,80888,80925,80949,normal
201,335,81117,225.325,NORMAL,N,81018,81044,81072,81084,81126,81177,81207,81246,normal
201,336,81392,226.0888888888889,NORMAL,N,81316,81329,81352,81367,81404,81439,81472,81494,normal
201,337,81679,226.88611111111112,NORMAL,N,81600,81626,81644,81655,81688,81743,81809,81825,biphasic_positive_negative
201,338,81929,227.58055555555555,NORMAL,N,81847,81864,81878,81908,81939,81978,82044,82058,biphasic_positive_negative
201,339,82167,228.24166666666667,NORMAL,N,82079,82091,82103,82149,82179,82213,82243,82272,normal
201,340,82418,228.9388888888889,NORMAL,N,82340,82360,82390,82395,82426,82449,82498,82542,normal
201,341,82737,229.825,NORMAL,N,82637,82655,82670,82709,82747,82811,82871,82894,biphasic_positive_negative
201,342,83036,230.65555555555557,NORMAL,N,82948,82978,83007,83015,83048,83076,83169,83207,biphasic_positive_negative
201,343,83309,231.4138888888889,NORMAL,N,83217,83241,83265,83286,83323,83362,83420,83434,biphasic_positive_negative
201,344,83617,232.26944444444445,NORMAL,N,83561,83573,83584,83596,83626,83684,83705,83740,normal
201,345,83848,232.9111111111111,NORMAL,N,83745,83773,83796,83828,83857,83902,83962,83981,biphasic_positive_negative
201,346,84155,233.76388888888889,NORMAL,N,84086,84097,84116,84136,84168,84213,84268,84284,biphasic_positive_negative
201,347,84453,234.59166666666667,NORMAL,N,84356,84375,84400,84421,84487,84538,84569,84587,inverted
201,348,84723,235.34166666666667,NORMAL,N,84646,84661,84691,84704,84735,84767,84801,84834,normal
201,349,84928,235.9111111111111,NORMAL,N,84835,84855,84889,84905,84941,84979,85012,85037,normal
201,350,85119,236.44166666666666,NORMAL,N,,,,85098,85129,85182,85206,85237,normal
201,351,85326,237.01666666666668,NORMAL,N,85247,85271,85291,85297,85336,85374,85437,85456,biphasic_positive_negative
201,352,85579,237.71944444444443,NORMAL,N,85500,85514,85546,85554,85593,85626,85667,85689,normal
201,353,85842,238.45,NORMAL,N,85768,85795,85809,85813,85851,85917,85934,85956,normal
201,354,86004,238.9,NORMAL,N,,,,85983,86015,86065,86087,86114,normal
201,355,86220,239.5,NORMAL,N,86130,86142,86150,86201,86229,86265,86302,86321,normal
201,356,86391,239.975,NORMAL,N,,,,86369,86400,86424,86487,86497,biphasic_positive_negative
201,357,86615,240.59722222222223,NORMAL,N,86526,86537,86551,86591,86668,86677,86763,86774,biphasic_positive_negative
201,358,86865,241.29166666666666,NORMAL,N,86779,86809,86834,86845,86921,,,,
201,359,87111,241.975,NORMAL,N,87017,87030,87056,87079,87148,87181,87236,87253,biphasic_positive_negative
201,360,87360,242.66666666666666,NORMAL,N,87262,87287,87304,87328,87373,87396,87420,87427,normal
201,361,87543,243.175,NORMAL,N,87438,87452,87494,87509,87590,87603,87636,87658,normal
201,362,87768,243.8,NORMAL,N,87701,87717,87738,87745,87777,87837,87853,87879,normal
201,363,87993,244.425,NORMAL,N,87886,87904,87916,87972,88051,88052,88082,88115,normal
201,364,88206,245.01666666666668,NORMAL,N,88128,88152,88178,88184,88214,88254,88286,88311,normal
201,365,88361,245.44722222222222,NORMAL,N,,,,88339,88394,88405,88457,88479,biphasic_negative_positive
201,366,88588,246.07777777777778,NORMAL,N,88492,88510,88523,88564,88597,,,,
201,367,88728,246.46666666666667,NORMAL,N,88640,88673,88690,88702,88737,88771,88812,88829,normal
201,368,89010,247.25,NORMAL,N,88915,88924,88938,88976,89022,89074,89098,89120,normal
201,369,89273,247.98055555555555,NORMAL,N,89205,89217,89235,89252,89282,89348,89366,89389,normal
201,370,89498,248.60555555555555,NORMAL,N,89412,89426,89467,89473,89508,89566,89585,89616,normal
201,371,89774,249.37222222222223,NORMAL,N,,,,89745,89783,89844,89895,89920,biphasic_positive_negative
201,372,90051,250.14166666666668,NORMAL,N,89963,89976,89997,90029,90065,90112,90126,90167,normal
201,373,90337,250.9361111111111,NORMAL,N,90245,90270,90298,90306,90347,,,,
201,374,90611,251.69722222222222,NORMAL,N,90505,90518,90533,90583,90657,90674,90718,90742,biphasic_positive_negative
201,375,90842,252.3388888888889,NORMAL,N,90749,90780,90792,90821,90855,90885,90922,90954,normal
201,376,91047,252.90833333333333,NORMAL,N,90980,90994,91024,91029,91057,91101,91129,91161,normal
201,377,91284,253.56666666666666,NORMAL,N,91202,91217,91233,91265,91294,91324,91364,91389,normal
201,378,91520,254.22222222222223,NORMAL,N,91393,91420,91438,91486,91533,91563,91600,91625,normal
201,379,91755,254.875,NORMAL,N,91649,91663,91672,91727,91788,91826,91844,91881,normal
201,380,92023,255.61944444444444,NORMAL,N,91916,91959,91976,91999,92032,92088,92141,92163,biphasic_positive_negative
201,381,92395,256.65277777777777,NORMAL,N,92307,92322,92338,92372,92407,92436,92476,92501,normal
201,382,92592,257.2,NORMAL,N,92506,92523,92540,92568,92601,92630,92691,92704,biphasic_positive_negative
201,383,92826,257.85,NORMAL,N,92733,92748,92760,92804,92836,92864,92907,92932,normal
201,384,93050,258.47222222222223,NORMAL,N,92975,92991,93018,93031,93062,93098,93129,93154,normal
201,385,93240,259.0,NORMAL,N,93167,93191,93205,93220,93277,,,,
201,386,93377,259.38055555555553,NORMAL,N,,,,93357,93388,93436,93457,93478,normal
201,387,93606,260.01666666666665,NORMAL,N,93482,93506,93538,93573,93616,93676,93696,93709,normal
201,388,93960,261.0,NORMAL,N,93846,93882,93909,93937,93975,94017,94051,94072,normal
201,389,94151,261.53055555555557,NORMAL,N,,,,94122,94187,94224,94242,94275,normal
201,390,94393,262.2027777777778,NORMAL,N,94317,94333,94368,94374,94402,94450,94480,94501,normal
201,391,94646,262.90555555555557,NORMAL,N,94542,94568,94591,94615,94656,94702,94763,94782,biphasic_positive_negative
201,392,94876,263.5444444444444,NORMAL,N,94805,94819,94836,94854,94889,94927,94957,94985,normal
201,393,95113,264.2027777777778,NORMAL,N,95025,95036,95055,95087,95122,,,,
201,394,95248,264.5777777777778,NORMAL,N,,,,95227,95261,95288,95326,95349,normal
201,395,95601,265.55833333333334,NORMAL,N,95508,95518,95536,95578,95610,95669,95694,95717,normal
201,396,95836,266.2111111111111,NORMAL,N,95778,95789,95795,95815,95850,95888,95930,95947,normal
201,397,96166,267.1277777777778,NORMAL,N,96089,96115,96128,96143,96176,96209,96248,96319,normal
201,398,96469,267.96944444444443,NORMAL,N,96389,96404,96438,96447,96478,96528,96562,96600,normal
201,399,96745,268.7361111111111,NORMAL,N,96640,96665,96680,96723,96757,96800,96821,96854,normal
201,400,96904,269.1777777777778,NORMAL,N,,,,96884,96936,96968,96992,97015,normal
201,401,97122,269.78333333333336,NORMAL,N,97041,97053,97064,97087,97156,97163,97202,97223,normal
201,402,97352,270.4222222222222,NORMAL,N,,,,97329,97367,97421,97438,97463,normal
201,403,97568,271.02222222222224,NORMAL,N,97481,97490,97501,97549,97577,97633,97651,97685,normal
201,404,97806,271.68333333333334,NORMAL,N,97696,97724,97744,97775,97815,97864,97927,97949,biphasic_positive_negative
201,405,98214,272.81666666666666,NORMAL,N,,,,98195,98226,98274,98333,98350,biphasic_positive_negative
201,406,98519,273.6638888888889,NORMAL,N,98423,98450,98471,98498,98532,98564,98604,98627,normal
201,407,98725,274.2361111111111,NORMAL,N,98643,98672,98694,98704,98764,98783,98845,98875,biphasic_positive_negative
201,408,99014,275.0388888888889,NORMAL,N,98936,98953,98988,98994,99023,99078,99130,99159,biphasic_positive_negative
201,409,99342,275.95,NORMAL,N,,99281,99287,99303,99351,99406,99453,99476,biphasic_positive_negative
201,410,99613,276.7027777777778,NORMAL,N,99519,99531,99543,99585,99622,99670,99693,99724,normal
201,411,99898,277.49444444444447,NORMAL,N,,,,99876,99907,99927,100014,100029,biphasic_positive_negative
201,412,100145,278.18055555555554,NORMAL,N,100070,100084,100105,100122,100154,100174,100274,100289,biphasic_positive_negative
201,413,100416,278.93333333333334,NORMAL,N,100316,100331,100351,100392,100458,100488,100509,100558,normal
201,414,100736,279.8222222222222,NORMAL,N,100626,100639,100649,100706,100746,100807,100826,100862,normal
201,415,101068,280.74444444444447,NORMAL,N,101000,101015,101040,101047,101083,101124,101152,101182,normal
201,416,101325,281.4583333333333,NORMAL,N,101258,101276,101289,101303,101335,101361,101404,101425,normal
201,417,101521,282.0027777777778,NORMAL,N,,,,101488,101530,101576,101629,101655,biphasic_positive_negative
201,418,101755,282.65277777777777,NORMAL,N,,,,101731,101764,101813,101838,101859,normal
201,419,102048,283.46666666666664,NORMAL,N,101988,102002,102014,102020,102058,102126,102179,102198,biphasic_positive_negative
201,420,102308,284.18888888888887,NORMAL,N,102215,102240,102270,102289,102317,102364,102391,102424,normal
201,421,102526,284.7944444444444,NORMAL,N,102430,102441,102459,102492,102534,,,,
201,422,102665,285.18055555555554,NORMAL,N,102579,102606,102622,102644,102676,102729,102749,102782,normal
201,423,102908,285.85555555555555,NORMAL,N,102821,102843,102867,102887,102918,102961,103029,103044,biphasic_positive_negative
201,424,103190,286.6388888888889,NORMAL,N,103117,103129,103153,103168,103200,103251,103283,103305,normal
201,425,103439,287.3305555555556,NORMAL,N,,,,103416,103447,103532,103567,103587,inverted
201,426,103661,287.9472222222222,NORMAL,N,,,,103633,103694,103704,103769,103791,biphasic_positive_negative
201,427,103880,288.55555555555554,NORMAL,N,,,,103854,103918,103934,103987,104037,normal
201,428,104114,289.2055555555556,NORMAL,N,,,,104091,104123,104147,104228,104240,biphasic_positive_negative
201,429,104338,289.8277777777778,NORMAL,N,104255,104265,104282,104313,104346,104392,104417,104444,normal
201,430,104599,290.5527777777778,NORMAL,N,104506,104529,104561,104566,104608,104633,104694,104739,normal
201,431,104958,291.55,NORMAL,N,104862,104889,104924,104928,104967,105028,105090,105117,biphasic_positive_negative
201,432,105272,292.4222222222222,NORMAL,N,105146,105158,105204,105251,105281,105328,105359,105382,normal
201,433,105487,293.01944444444445,NORMAL,N,105416,105426,105441,105460,105496,105545,105567,105603,normal
201,434,105827,293.9638888888889,NORMAL,N,105745,105759,105781,105793,105836,105898,105920,105940,normal
201,435,106049,294.5805555555556,NORMAL,N,105949,105970,105990,106025,106057,,,,
201,436,106183,294.9527777777778,NORMAL,N,106103,106126,106148,106158,106223,106235,106267,106291,normal
201,437,106434,295.65,NORMAL,N,106324,106354,106370,106412,106442,106473,106524,106545,normal
201,438,106637,296.2138888888889,NORMAL,N,106558,106568,106583,106618,106647,106686,106721,106744,normal
201,439,106949,297.0805555555556,NORMAL,N,106847,106860,106872,106925,106963,107006,107040,107061,normal
201,440,107300,298.05555555555554,NORMAL,N,,,,107268,107311,107377,107394,107413,normal
201,441,107645,299.0138888888889,NORMAL,N,107546,107573,107603,107623,107654,107701,107728,107758,normal
201,442,107975,299.93055555555554,NORMAL,N,107884,107902,107924,107949,107984,108015,108058,108080,normal
201,443,108173,300.48055555555555,NORMAL,N,,,,108153,108182,108219,108249,108277,normal
201,444,108445,301.2361111111111,NORMAL,N,108368,108382,108400,108424,108454,108497,108533,108552,normal
201,445,108687,301.90833333333336,NORMAL,N,,,,108665,108701,108725,108768,108784,normal
201,446,108940,302.6111111111111,NORMAL,N,108838,108853,108881,108908,108949,109020,109088,109110,biphasic_positive_negative
201,447,109185,303.2916666666667,NORMAL,N,,,,109162,109194,109231,109265,109295,normal
201,448,109462,304.06111111111113,NORMAL,N,109347,109364,109383,109430,109471,,109498,109539,positive_monophasic
201,449,109611,304.475,ABERR,a,109540,109551,109579,109587,109628,109673,109702,109733,normal
201,450,109833,305.09166666666664,NORMAL,N,,,,109801,109874,109906,109924,109964,normal
201,451,110140,305.94444444444446,NORMAL,N,110066,110081,110102,110120,110149,110193,110228,110260,normal
201,452,110324,306.4555555555556,NORMAL,N,110267,110280,110296,110304,110333,110395,110450,110468,biphasic_positive_negative
201,453,110560,307.1111111111111,NORMAL,N,110486,110500,110522,110540,110569,110604,110639,110661,normal
201,454,110782,307.72777777777776,NORMAL,N,110720,110737,110752,110760,110791,110825,110860,110884,normal
201,455,111101,308.6138888888889,NORMAL,N,,,,111072,111111,111164,111234,111248,biphasic_positive_negative
201,456,111381,309.39166666666665,NORMAL,N,111286,111320,111339,111356,111391,111456,111517,111535,biphasic_positive_negative
201,457,111635,310.09722222222223,NORMAL,N,,,,111597,111644,111693,111720,111751,normal
201,458,111894,310.81666666666666,NORMAL,N,111796,111823,111843,111875,111903,111940,111972,111996,normal
201,459,112123,311.4527777777778,NORMAL,N,112053,112072,112087,112101,112132,112163,112234,112249,biphasic_positive_negative
201,460,112445,312.34722222222223,NORMAL,N,112365,112381,112396,112426,112454,112492,112555,112566,biphasic_positive_negative
201,461,112680,313.0,NORMAL,N,112607,112622,112643,112651,112688,112747,112802,112822,biphasic_positive_negative
201,462,113110,314.19444444444446,NORMAL,N,113018,113042,113055,113078,113120,113147,113251,113264,biphasic_positive_negative
201,463,113369,314.9138888888889,NORMAL,N,113296,113307,113319,113343,113379,,113414,113455,positive_monophasic
201,464,113523,315.34166666666664,NORMAL,N,,,,113500,113533,113585,113609,113631,normal
201,465,113775,316.0416666666667,NORMAL,N,113688,113705,113728,113739,113784,113844,113864,113891,normal
201,466,114078,316.8833333333333,NORMAL,N,113992,114011,114027,114048,114087,114153,114170,114199,normal
201,467,114391,317.7527777777778,NORMAL,N,114321,114333,114354,114371,114400,114438,114474,114501,normal
201,468,114689,318.5805555555556,NORMAL,N,114611,114625,114642,114667,114697,114722,114771,114788,normal
201,469,114900,319.1666666666667,NORMAL,N,,,,114882,114910,114944,114976,114996,normal
201,470,115123,319.7861111111111,NORMAL,N,115053,115066,115088,115102,115132,115164,115205,115253,normal
201,471,115398,320.55,NORMAL,N,,,,115375,115407,115435,115462,115491,normal
201,472,115579,321.0527777777778,NORMAL,N,,,,115545,115631,115643,115707,115730,biphasic_positive_negative
201,473,115847,321.7972222222222,NORMAL,N,115743,115771,115795,115820,115857,115906,115933,115965,normal
201,474,116061,322.39166666666665,NORMAL,N,,,,116030,116070,116095,116132,116169,normal
201,475,116295,323.0416666666667,NORMAL,N,116217,116231,116264,116270,116304,116344,116422,116448,biphasic_positive_negative
201,476,116532,323.7,NORMAL,N,116464,116487,116498,116510,116542,116563,116588,116599,normal
201,477,116704,324.1777777777778,NORMAL,N,116607,116621,116657,116665,116748,116776,116782,116789,normal
201,478,116891,324.6972222222222,NORMAL,N,116798,116830,116851,116871,116900,116949,116966,116991,normal
201,479,117150,325.4166666666667,NORMAL,N,117062,117074,117096,117124,117159,117210,117234,117257,normal
201,480,117307,325.85277777777776,NORMAL,N,,,,117288,117341,117360,117385,117397,normal
201,481,117478,326.3277777777778,NORMAL,N,117400,117426,117452,117457,117538,117563,117582,117599,inverted
201,482,117902,327.50555555555553,NORMAL,N,117789,117827,117843,117875,117912,117955,117996,118023,normal
201,483,118143,328.175,NORMAL,N,,,,118116,118152,118212,118229,118257,normal
201,484,118303,328.61944444444447,NORMAL,N,,,,118275,118313,118376,118393,118412,normal
201,485,118545,329.2916666666667,NORMAL,N,118460,118492,118516,118524,118555,118610,118636,118660,normal
201,486,118730,329.80555555555554,NORMAL,N,118661,118664,118672,118701,118762,118810,118829,118846,inverted
201,487,118974,330.48333333333335,NORMAL,N,118889,118907,118925,118953,118982,119018,119083,119103,biphasic_positive_negative
201,488,119276,331.3222222222222,NORMAL,N,119173,119205,119217,119255,119284,119313,119364,119388,biphasic_negative_positive
201,489,119527,332.01944444444445,NORMAL,N,119427,119453,119478,119505,119536,119578,119612,119639,normal
201,490,119875,332.9861111111111,NORMAL,N,119798,119810,119827,119835,119884,119947,119973,120001,normal
201,491,120427,334.51944444444445,NORMAL,N,120337,120354,120395,120400,120436,120467,120503,120534,normal
201,492,120673,335.2027777777778,NORMAL,N,120598,120613,120629,120653,120681,120728,120751,120778,normal
201,493,120920,335.8888888888889,NORMAL,N,120854,120867,120876,120895,120928,120968,120998,121020,normal
201,494,121143,336.5083333333333,NORMAL,N,121040,121070,121098,121119,121153,121192,121225,121253,normal
201,495,121435,337.31944444444446,NORMAL,N,121381,121395,121410,121415,121444,121492,121567,121583,biphasic_positive_negative
201,496,121695,338.0416666666667,NORMAL,N,121616,121631,121644,121669,121704,121741,121763,121801,normal
201,497,121929,338.69166666666666,NORMAL,N,121821,121851,121885,121906,121938,121996,122022,122055,normal
201,498,122204,339.4555555555556,NORMAL,N,122118,122132,122150,122183,122214,122246,122283,122323,normal
201,499,122428,340.0777777777778,NORMAL,N,,,,122407,122437,122475,122508,122535,normal
201,500,122636,340.65555555555557,NORMAL,N,,,,122612,122645,122684,122718,122743,normal
201,501,122847,341.2416666666667,NORMAL,N,122753,122768,122792,122827,122855,122889,122946,122964,biphasic_positive_negative
201,502,123244,342.34444444444443,NORMAL,N,123147,123175,123191,123224,123252,123295,123331,123355,normal
201,503,123551,343.1972222222222,NORMAL,N,,,,123519,123561,123599,123637,123669,normal
201,504,123796,343.8777777777778,NORMAL,N,123707,123735,123753,123773,123805,123846,123879,123905,normal
201,505,124039,344.5527777777778,NORMAL,N,123963,123977,123991,124015,124087,124089,124153,124176,biphasic_positive_negative
201,506,124259,345.1638888888889,NORMAL,N,,,,124229,124268,124311,124379,124399,biphasic_positive_negative
201,507,124505,345.84722222222223,NORMAL,N,,,,124479,124514,124549,124584,124610,normal
201,508,124737,346.4916666666667,NORMAL,N,124656,124678,124703,124709,124747,124785,124823,124847,normal
201,509,124883,346.89722222222224,NORMAL,N,,,,124854,124927,124933,125004,125017,biphasic_positive_negative
201,510,125147,347.63055555555553,NORMAL,N,125043,125072,125095,125125,125155,125193,125232,125260,normal
201,511,125418,348.3833333333333,NORMAL,N,125334,125345,125355,125396,125427,125452,125498,125517,biphasic_negative_positive
201,512,125778,349.3833333333333,NORMAL,N,125695,125708,125722,125742,125786,125828,125865,125883,normal
201,513,126013,350.0361111111111,NORMAL,N,,,,125992,126023,126062,126096,126121,normal
201,514,126209,350.5805555555556,NORMAL,N,126122,126134,126149,126187,126278,126300,126343,126387,inverted
201,515,126472,351.31111111111113,NORMAL,N,126402,126429,126447,126451,126514,126538,126570,126599,normal
201,516,126766,352.1277777777778,NORMAL,N,126686,126714,126728,126745,126774,126817,126856,126887,normal
201,517,126968,352.68888888888887,NORMAL,N,,,,126948,126977,127020,127073,127091,biphasic_positive_negative
201,518,127244,353.4555555555556,NORMAL,N,127163,127196,127212,127225,127274,127302,127329,127350,normal
201,519,127460,354.05555555555554,NORMAL,N,127385,127404,127418,127441,127475,127520,127541,127573,normal
201,520,127673,354.64722222222224,NORMAL,N,127581,127600,127618,127646,127682,,,,
201,521,127961,355.4472222222222,NORMAL,N,127902,127914,127935,127941,127970,128026,128050,128081,normal
201,522,128183,356.06388888888887,NORMAL,N,128117,128140,128155,128163,128192,128236,128291,128310,biphasic_positive_negative
201,523,128408,356.68888888888887,NORMAL,N,,,,128385,128417,,,,
201,524,128551,357.0861111111111,NORMAL,N,128475,128492,128511,128530,128564,128609,128637,128664,normal
201,525,128794,357.7611111111111,NORMAL,N,128697,128743,128758,128772,128804,128827,128884,128905,biphasic_negative_positive
201,526,129061,358.5027777777778,NORMAL,N,128998,129007,129021,129036,129086,129137,129155,129179,normal
201,527,129254,359.0388888888889,NORMAL,N,129198,129212,129227,129233,129263,129305,129374,129392,biphasic_positive_negative
201,528,129524,359.7888888888889,NORMAL,N,129447,129476,129497,129506,129533,,,,
201,529,129758,360.43888888888887,NORMAL,N,,,,129735,129800,129833,129877,129900,biphasic_positive_negative
201,530,130093,361.36944444444447,NORMAL,N,130027,130039,130064,130071,130101,130139,130182,130226,normal
201,531,130407,362.2416666666667,NORMAL,N,130336,130347,130357,130385,130416,,130452,130490,positive_monophasic
201,532,130578,362.71666666666664,NORMAL,N,130496,130532,130544,130558,130588,130634,130689,130716,biphasic_positive_negative
201,533,130831,363.4194444444444,NORMAL,N,130722,130739,130754,130797,130841,,,,
201,534,130990,363.8611111111111,NORMAL,N,130898,130927,130948,130971,131036,131046,131073,131097,normal
201,535,131219,364.4972222222222,NORMAL,N,131138,131164,131187,131199,131228,131266,131307,131323,normal
201,536,131531,365.3638888888889,NORMAL,N,,,,131506,131540,131599,131617,131641,normal
201,537,131794,366.09444444444443,NORMAL,N,131676,131699,131712,131771,131803,131831,131878,131901,normal
201,538,132006,366.68333333333334,NORMAL,N,,,,131970,132015,132068,132120,132134,biphasic_positive_negative
201,539,132239,367.3305555555556,NORMAL,N,132138,132164,132192,132215,132248,132286,132347,132369,biphasic_positive_negative
201,540,132559,368.21944444444443,NORMAL,N,132474,132489,132503,132531,132568,132619,132703,132722,biphasic_positive_negative
201,541,132816,368.93333333333334,NORMAL,N,132739,132756,132774,132794,132825,132872,132901,132929,normal
201,542,133161,369.89166666666665,NORMAL,N,133062,133083,133107,133137,133171,133208,133254,133275,normal
201,543,133428,370.6333333333333,NORMAL,N,133347,133363,133384,133404,133437,133475,133512,133534,normal
201,544,133791,371.64166666666665,NORMAL,N,133696,133705,133713,133772,133800,133845,133910,133926,biphasic_positive_negative
201,545,134060,372.3888888888889,NORMAL,N,133990,134017,134035,134040,134091,134150,134198,134213,inverted
201,546,134365,373.2361111111111,NORMAL,N,134216,134260,134280,134333,134395,134431,134489,134503,biphasic_positive_negative
201,547,134607,373.90833333333336,NORMAL,N,134517,134525,134536,134577,134616,134665,134732,134762,biphasic_positive_negative
201,548,134842,374.56111111111113,NORMAL,N,,,,134813,134896,,,,
201,549,135091,375.2527777777778,NORMAL,N,135016,135037,135054,135068,135100,135146,135211,135239,biphasic_positive_negative
201,550,135356,375.9888888888889,NORMAL,N,135268,135283,135295,135334,135389,,,,
201,551,135609,376.69166666666666,NORMAL,N,135514,135531,135563,135581,135619,135643,135690,135712,normal
201,552,135871,377.4194444444444,NORMAL,N,135781,135797,135825,135846,135880,135903,135975,135982,biphasic_positive_negative
201,553,136092,378.03333333333336,NORMAL,N,,,,136070,136101,136136,136170,136195,normal
201,554,137427,381.7416666666667,NESC,j,,,,137404,137445,137510,137538,137570,normal
201,555,138166,383.7944444444444,NESC,j,,,,138146,138181,138242,138264,138285,normal
201,556,138703,385.2861111111111,NORMAL,N,138614,138634,138654,138679,138712,138754,138792,138821,normal
201,557,139294,386.9277777777778,NESC,j,,,,139272,139304,139352,139391,139424,normal
201,558,139692,388.03333333333336,NORMAL,N,,,,139667,139702,139749,139785,139811,normal
201,559,140256,389.6,NORMAL,N,140173,140194,140216,140233,140265,140313,140346,140375,normal
201,560,140745,390.9583333333333,NORMAL,N,140658,140679,140704,140722,140755,140787,140828,140858,normal
201,561,140911,391.4194444444444,ABERR,a,,,,140883,140927,140973,141003,141033,normal
201,562,141442,392.89444444444445,NORMAL,N,141373,141395,141414,141419,141453,141503,141544,141572,normal
201,563,141963,394.34166666666664,NORMAL,N,141878,141897,141923,141939,141972,142018,142055,142082,normal
201,564,142436,395.65555555555557,NORMAL,N,142350,142365,142393,142412,142445,142489,142525,142553,normal
201,565,142890,396.9166666666667,NORMAL,N,142807,142825,142850,142868,142899,142942,142980,143010,normal
201,566,143138,397.60555555555555,PVC,V,,,,143111,143173,143186,143222,143258,normal
201,567,143375,398.2638888888889,NORMAL,N,143267,143281,143311,143342,143384,143427,143470,143498,normal
201,568,143824,399.5111111111111,NORMAL,N,143733,143753,143780,143800,143833,143881,143925,143953,normal
201,569,144325,400.90277777777777,NORMAL,N,144237,144258,144283,144303,144334,144373,144418,144449,normal
201,570,144748,402.0777777777778,NORMAL,N,144667,144685,144707,144726,144756,144794,144836,144862,normal
201,571,145129,403.1361111111111,PVC,V,145075,145093,145101,145109,145158,145176,145218,145256,normal
201,572,145577,404.38055555555553,NORMAL,N,145487,145506,145530,145553,145585,145635,145673,145704,normal
201,573,146019,405.60833333333335,NORMAL,N,145932,145953,145974,145996,146032,146075,146113,146142,normal
201,574,146448,406.8,NORMAL,N,146364,146381,146404,146426,146457,146497,146540,146570,normal
201,575,146863,407.9527777777778,NORMAL,N,146780,146797,146821,146841,146878,146922,146958,146989,normal
201,576,147275,409.09722222222223,NORMAL,N,147190,147207,147231,147253,147284,147331,147366,147394,normal
201,577,147692,410.25555555555553,NORMAL,N,147609,147626,147651,147669,147701,147747,147784,147817,normal
201,578,148134,411.48333333333335,NORMAL,N,148048,148065,148089,148111,148143,148196,148233,148267,normal
201,579,148598,412.77222222222224,NORMAL,N,148509,148529,148552,148574,148614,148655,148695,148723,normal
201,580,149027,413.9638888888889,NORMAL,N,148943,148962,148986,149006,149036,149083,149114,149143,normal
201,581,149470,415.19444444444446,NORMAL,N,149386,149404,149428,149447,149484,149527,149564,149593,normal
201,582,149924,416.4555555555556,NORMAL,N,149836,149855,149879,149900,149933,149988,150025,150056,normal
201,583,150414,417.81666666666666,NORMAL,N,150326,150344,150372,150391,150423,150474,150509,150538,normal
201,584,150897,419.15833333333336,NORMAL,N,150811,150830,150855,150875,150906,150957,150993,151022,normal
201,585,151349,420.4138888888889,NORMAL,N,151262,151282,151303,151326,151358,151406,151442,151471,normal
201,586,151786,421.6277777777778,NORMAL,N,151703,151722,151743,151764,151794,151839,151877,151909,normal
201,587,152231,422.8638888888889,NORMAL,N,152138,152157,152180,152206,152240,152291,152335,152365,normal
201,588,152705,424.18055555555554,NORMAL,N,152617,152635,152660,152682,152714,152770,152808,152837,normal
201,589,153148,425.4111111111111,NORMAL,N,153061,153081,153103,153123,153157,153203,153238,153266,normal
201,590,153573,426.59166666666664,NORMAL,N,153493,153510,153533,153552,153582,153611,153646,153694,normal
201,591,153934,427.59444444444443,PVC,V,,,,153908,153976,153988,154029,154072,normal
201,592,154253,428.48055555555555,NORMAL,N,154160,154176,154199,154229,154262,,,,
201,593,154410,428.9166666666667,ABERR,a,154322,154348,154371,154386,154443,154494,154526,154555,normal
201,594,154955,430.43055555555554,NORMAL,N,154865,154883,154908,154931,154965,155009,155043,155093,normal
201,595,155172,431.03333333333336,ABERR,a,,,,155152,155242,155255,155284,155314,normal
201,596,155636,432.3222222222222,NORMAL,N,155557,155575,155595,155615,155645,155677,155708,155758,normal
201,597,156287,434.13055555555553,NORMAL,N,156204,156222,156243,156265,156295,156338,156390,156421,normal
201,598,156750,435.4166666666667,NORMAL,N,156656,156676,156701,156725,156760,156806,156845,156884,normal
201,599,157177,436.60277777777776,PVC,V,,,,157149,157209,157235,157269,157307,normal
201,600,157450,437.3611111111111,NORMAL,N,157354,157369,157393,157425,157459,157507,157543,157569,normal
201,601,157877,438.5472222222222,NORMAL,N,157789,157807,157832,157855,157886,157927,157966,157998,normal
201,602,158067,439.075,ABERR,a,,,,158043,158126,158145,158182,158212,normal
201,603,158566,440.4611111111111,NORMAL,N,158480,158496,158521,158542,158575,158621,158658,158693,normal
201,604,159283,442.4527777777778,NORMAL,N,159196,159215,159238,159260,159293,159337,159370,159419,normal
201,605,159953,444.31388888888887,NORMAL,N,159871,159889,159910,159931,159961,160000,160036,160073,normal
201,606,160610,446.1388888888889,NORMAL,N,160523,160541,160563,160586,160619,160666,160703,160740,normal
201,607,161292,448.03333333333336,NORMAL,N,161205,161222,161249,161268,161302,161355,161391,161420,normal
201,608,161717,449.2138888888889,NORMAL,N,161633,161651,161674,161694,161727,,161743,161783,positive_monophasic
201,609,161905,449.7361111111111,ABERR,a,161793,161808,161836,161870,161932,161967,162002,162032,normal
201,610,162373,451.0361111111111,NORMAL,N,162295,162312,162331,162351,162382,162420,162472,162500,normal
201,611,162811,452.2527777777778,NORMAL,N,162726,162744,162766,162788,162820,162867,162909,162941,normal
201,612,163295,453.59722222222223,NORMAL,N,163201,163222,163244,163271,163305,163360,163400,163434,normal
201,613,163790,454.97222222222223,NORMAL,N,163706,163722,163748,163769,163799,163847,163885,163913,normal
201,614,164237,456.2138888888889,NORMAL,N,164152,164170,164192,164215,164246,164295,164333,164361,normal
201,615,164703,457.5083333333333,NORMAL,N,164620,164636,164662,164680,164712,164762,164802,164835,normal
201,616,165159,458.775,NORMAL,N,165070,165089,165111,165136,165168,165209,165242,165294,normal
201,617,165518,459.77222222222224,PVC,V,,,,165491,165555,165579,165615,165655,normal
201,618,165880,460.77777777777777,NORMAL,N,165786,165804,165827,165855,165894,165941,165982,166012,normal
201,619,166316,461.9888888888889,NORMAL,N,166232,166248,166273,166295,166325,166363,166396,166440,normal
201,620,166976,463.8222222222222,NORMAL,N,166888,166905,166930,166953,166986,167038,167079,167107,normal
201,621,167427,465.075,NORMAL,N,167337,167357,167380,167404,167441,167486,167533,167564,normal
201,622,167883,466.34166666666664,NORMAL,N,167797,167814,167837,167860,167891,167944,167985,168014,normal
201,623,168324,467.56666666666666,NORMAL,N,168243,168260,168282,168302,168332,,168357,168389,positive_monophasic
201,624,168514,468.09444444444443,ABERR,a,168400,168416,168446,168470,168529,168583,168614,168643,normal
201,625,168990,469.4166666666667,NORMAL,N,168908,168926,168948,168968,168999,169053,169093,169124,normal
201,626,169431,470.64166666666665,NORMAL,N,169343,169362,169385,169409,169446,169483,169516,169563,normal
201,627,169802,471.6722222222222,PVC,V,,,,169774,169837,169864,169898,169937,normal
201,628,170146,472.6277777777778,NORMAL,N,170049,170067,170091,170123,170161,170198,170245,170273,normal
201,629,170581,473.8361111111111,NORMAL,N,170498,170515,170538,170559,170589,170638,170673,170703,normal
201,630,171038,475.10555555555555,NORMAL,N,170952,170974,170999,171017,171047,171096,171135,171167,normal
201,631,171501,476.39166666666665,NORMAL,N,171409,171427,171451,171477,171511,171550,171587,171631,normal
201,632,171901,477.5027777777778,PVC,V,171810,171823,171843,171866,171912,,171956,171987,positive_monophasic
201,633,172065,477.9583333333333,ABERR,a,,,,172041,172099,172159,172186,172200,normal
201,634,172273,478.5361111111111,ABERR,a,,,,172204,172299,172314,172331,172391,normal
201,635,172464,479.06666666666666,NORMAL,N,172397,172409,172430,172442,172475,172545,172568,172595,normal
201,636,172669,479.6361111111111,ABERR,a,,,,172603,172718,,,,
201,637,172768,479.9111111111111,ABERR,a,172698,172720,172732,172738,172835,172839,172861,172879,normal
201,638,173008,480.5777777777778,NORMAL,N,172936,172947,172961,172985,173034,173083,173095,173108,normal
201,639,173187,481.075,NORMAL,N,,,,173166,173200,173251,173277,173298,normal
201,640,173367,481.575,NORMAL,N,,,,173348,173376,,173428,173459,positive_monophasic
201,641,173543,482.06388888888887,NORMAL,N,,,,173512,173584,173594,173639,173649,normal
201,642,173700,482.5,NORMAL,N,,,,173673,173709,173772,173795,173814,normal
201,643,173881,483.0027777777778,NORMAL,N,,,,173850,173892,173945,173958,173987,inverted
201,644,174138,483.71666666666664,NORMAL,N,174041,174053,174074,174116,174149,174178,174187,174246,inverted
201,645,174303,484.175,ABERR,a,,,,174274,174346,174377,174413,174444,normal
201,646,174561,484.89166666666665,NORMAL,N,174448,174468,174496,174534,174570,174606,174616,174662,inverted
201,647,174741,485.39166666666665,NORMAL,N,,,,174706,174777,174791,174847,174873,biphasic_negative_positive
201,648,174975,486.0416666666667,NORMAL,N,174902,174911,174931,174943,174985,175049,175069,175095,normal
201,649,175169,486.5805555555556,NORMAL,N,,,,175149,175178,175247,175263,175283,normal
201,650,175357,487.10277777777776,NORMAL,N,175289,175321,175332,175338,175365,175399,175443,175468,normal
201,651,175546,487.6277777777778,NORMAL,N,175483,175509,175518,175524,175555,175609,175638,175661,normal
201,652,175767,488.2416666666667,NORMAL,N,,,,175743,175777,175846,175870,175894,normal
201,653,176068,489.0777777777778,NORMAL,N,175949,175968,175990,176042,176077,,176104,176143,positive_monophasic
201,654,176258,489.60555555555555,NORMAL,N,176179,176194,176204,176236,176267,176317,176382,176403,biphasic_positive_negative
201,655,176525,490.34722222222223,NORMAL,N,176430,176448,176466,176504,176534,176596,176621,176664,normal
201,656,176795,491.09722222222223,NORMAL,N,176717,176746,176767,176777,176806,176828,176877,176924,normal
201,657,177057,491.825,NORMAL,N,176985,177001,177020,177036,177066,,177102,177140,positive_monophasic
201,658,177214,492.2611111111111,NORMAL,N,,,,177190,177224,177253,177324,177338,biphasic_positive_negative
201,659,177427,492.85277777777776,NORMAL,N,177370,177383,177397,177408,177436,177467,177515,177539,biphasic_negative_positive
201,660,177611,493.3638888888889,NORMAL,N,,,,177592,177641,177687,177705,177765,normal
201,661,177869,494.0805555555556,NORMAL,N,177770,177795,177818,177839,177878,177931,177970,177983,biphasic_negative_positive
201,662,178142,494.8388888888889,NORMAL,N,178001,178047,178058,178113,178151,,,,
201,663,178303,495.2861111111111,NORMAL,N,178219,178239,178259,178280,178315,178350,178396,178416,normal
201,664,178503,495.84166666666664,NORMAL,N,178421,178437,178467,178473,178568,178605,178626,178648,inverted
201,665,178803,496.675,NORMAL,N,178713,178727,178749,178768,178812,178874,178895,178909,normal
201,666,179024,497.2888888888889,NORMAL,N,,,,179004,179033,,,,
201,667,179175,497.7083333333333,NORMAL,N,179071,179108,179123,179156,179209,179232,179261,179287,normal
201,668,179436,498.43333333333334,NORMAL,N,179358,179367,179391,179416,179445,,179493,179530,positive_monophasic
201,669,179616,498.93333333333334,NORMAL,N,179537,179569,179578,179596,179626,179668,179705,179737,normal
201,670,179870,499.6388888888889,NORMAL,N,,,,179849,179879,179943,179937,179931,normal
201,671,180065,500.18055555555554,NORMAL,N,179945,179967,179994,180032,180074,180141,180152,180172,normal
201,672,180281,500.78055555555557,NORMAL,N,180200,180220,180231,180259,180291,180347,180375,180396,biphasic_negative_positive
201,673,180453,501.2583333333333,NORMAL,N,,,,180430,180464,180519,180537,180564,normal
201,674,180619,501.71944444444443,NORMAL,N,,,,180599,180628,,,,
201,675,180760,502.1111111111111,NORMAL,N,180697,180717,180733,180741,180775,180795,180851,180885,biphasic_negative_positive
201,676,180964,502.6777777777778,NORMAL,N,,,,180942,180972,181014,181063,181097,biphasic_negative_positive
201,677,181179,503.275,NORMAL,N,181114,181128,181150,181156,181189,181249,181267,181287,normal
201,678,181440,504.0,NORMAL,N,181329,181366,181388,181417,181449,,,,
201,679,181583,504.39722222222224,ABERR,a,181502,181530,181554,181560,181613,,181634,181680,positive_monophasic
201,680,181758,504.8833333333333,ABERR,a,,,,181701,181793,181798,181838,181855,biphasic_positive_negative
201,681,181933,505.36944444444447,NORMAL,N,,,,181889,181961,181981,182024,182063,biphasic_negative_positive
201,682,182163,506.0083333333333,NORMAL,N,,,,182138,182173,182205,182221,182237,normal
201,683,182594,507.2055555555556,NORMAL,N,182494,182524,182555,182574,182609,182666,182691,182721,normal
201,684,182935,508.15277777777777,NORMAL,N,182861,182889,182906,182912,182944,183000,183027,183058,normal
201,685,183244,509.0111111111111,NORMAL,N,183151,183195,183211,183223,183253,,183286,183325,positive_monophasic
201,686,183389,509.4138888888889,ABERR,a,,,,183364,183421,183468,183495,183522,normal
201,687,183687,510.2416666666667,NORMAL,N,183607,183626,183653,183658,183735,183746,183783,183826,biphasic_negative_positive
201,688,183889,510.8027777777778,NORMAL,N,,,,183868,183898,,,,
201,689,184030,511.19444444444446,NORMAL,N,183951,183970,183991,184011,184096,184104,184159,184174,biphasic_positive_negative
201,690,184281,511.89166666666665,NORMAL,N,,,,184260,184290,,,,
201,691,184431,512.3083333333333,NORMAL,N,184355,184374,184396,184413,184478,,184492,184525,positive_monophasic
201,692,184601,512.7805555555556,NORMAL,N,,,,184578,184629,184632,184656,184687,inverted
201,693,184756,513.2111111111111,NORMAL,N,184704,184716,184729,184736,184766,184822,184845,184865,normal
201,694,185331,514.8083333333333,NORMAL,N,,,,185309,185339,185408,185431,185458,normal
201,695,186037,516.7694444444444,NESC,j,,,,186015,186052,186103,186135,186164,normal
201,696,186378,517.7166666666667,NORMAL,N,186293,186309,186332,186355,186387,186425,186468,186498,normal
201,697,187100,519.7222222222222,NESC,j,,,,187078,187117,,187162,187213,positive_monophasic
201,698,187324,520.3444444444444,APC,A,187234,187254,187291,187301,187333,187374,187408,187436,normal
201,699,187984,522.1777777777778,NESC,j,,,,187964,187998,,188048,188085,positive_monophasic
201,700,188184,522.7333333333333,APC,A,188093,188120,188152,188163,188193,188235,188267,188294,normal
201,701,188578,523.8277777777778,NORMAL,N,188496,188513,188533,188555,188587,188633,188671,188698,normal
201,702,189065,525.1805555555555,NORMAL,N,188980,188997,189020,189042,189075,189121,189158,189188,normal
201,703,189401,526.1138888888889,PVC,V,,,,189376,189433,189458,189492,189532,normal
201,704,189599,526.6638888888889,NPC,J,,,,189573,189610,189645,189690,189716,normal
201,705,190005,527.7916666666666,NORMAL,N,189919,189937,189958,189982,190013,190049,190088,190118,normal
201,706,190670,529.6388888888889,NORMAL,N,190582,190600,190623,190648,190679,190719,190758,190795,normal
201,707,191371,531.5861111111111,NORMAL,N,191281,191298,191322,191348,191380,191423,191462,191499,normal
201,708,192067,533.5194444444444,NORMAL,N,191981,192000,192022,192044,192077,192130,192156,192187,normal
201,709,192717,535.325,NORMAL,N,192634,192652,192672,192695,192726,192761,192800,192835,normal
201,710,193403,537.2305555555556,NORMAL,N,193309,193328,193352,193377,193412,193461,193500,193534,normal
201,711,194093,539.1472222222222,NORMAL,N,194007,194024,194048,194069,194103,194145,194184,194217,normal
201,712,194742,540.95,NORMAL,N,194657,194675,194698,194720,194752,194807,194835,194864,normal
201,713,195422,542.8388888888888,NORMAL,N,195332,195353,195376,195399,195432,195475,195516,195551,normal
201,714,196139,544.8305555555555,NORMAL,N,196050,196068,196091,196116,196148,196195,196234,196266,normal
201,715,196802,546.6722222222222,NORMAL,N,196720,196736,196759,196779,196811,196860,196895,196922,normal
201,716,197210,547.8055555555555,NORMAL,N,197128,197146,197168,197189,197219,197266,197305,197335,normal
201,717,197555,548.7638888888889,PVC,V,,,,197528,197585,197618,197653,197696,normal
201,718,197817,549.4916666666667,NORMAL,N,197707,197723,197732,197793,197827,197872,197913,197940,normal
201,719,198356,550.9888888888889,NORMAL,N,198273,198291,198312,198332,198365,198409,198448,198481,normal
201,720,199035,552.875,NORMAL,N,198955,198971,198992,199017,199048,199093,199133,199164,normal
201,721,199459,554.0527777777778,NORMAL,N,199374,199392,199412,199442,199474,199521,199556,199586,normal
201,722,199773,554.925,PVC,V,199678,199699,199715,199747,199804,199846,199872,199910,normal
201,723,200331,556.475,NORMAL,N,200247,200264,200285,200313,200345,200387,200437,200465,normal
201,724,200758,557.6611111111112,NORMAL,N,200675,200693,200715,200741,200771,200817,200857,200886,normal
201,725,201070,558.5277777777778,PVC,V,200940,200968,201001,201043,201099,201128,201158,201193,normal
201,726,201584,559.9555555555555,NORMAL,N,201496,201514,201539,201566,201598,201642,201686,201715,normal
201,727,202009,561.1361111111111,NORMAL,N,201923,201942,201963,201993,202022,202067,202106,202135,normal
201,728,202381,562.1694444444445,PVC,V,202269,202280,202309,202358,202409,202440,202480,202520,normal
201,729,202853,563.4805555555556,NORMAL,N,202770,202787,202808,202836,202868,202908,202954,202982,normal
201,730,203264,564.6222222222223,NORMAL,N,203179,203196,203220,203247,203276,203319,203357,203389,normal
201,731,203618,565.6055555555556,PVC,V,203532,203551,203586,203598,203646,203672,203709,203747,normal
201,732,204088,566.9111111111112,NORMAL,N,203999,204018,204041,204069,204101,204157,204196,204229,normal
201,733,204541,568.1694444444445,NORMAL,N,204453,204472,204494,204523,204555,204605,204644,204675,normal
201,734,204895,569.1527777777778,PVC,V,204808,204833,204863,204875,204923,204954,204990,205028,normal
201,735,205370,570.4722222222222,NORMAL,N,205291,205309,205329,205355,205383,205423,205461,205490,normal
201,736,205776,571.6,NORMAL,N,205692,205709,205731,205758,205788,205833,205876,205910,normal
201,737,206146,572.6277777777777,PVC,V,206059,206085,206113,206125,206175,206204,206242,206281,normal
201,738,206643,574.0083333333333,NORMAL,N,206557,206575,206598,206624,206657,206708,206746,206778,normal
201,739,207089,575.2472222222223,NORMAL,N,207001,207021,207041,207072,207104,207149,207185,207215,normal
201,740,207441,576.225,PVC,V,207305,207330,207352,207420,207466,207496,207528,207564,normal
201,741,207895,577.4861111111111,NORMAL,N,207817,207834,207853,207878,207910,207957,207996,208025,normal
201,742,208318,578.6611111111112,NORMAL,N,208228,208247,208271,208299,208328,208374,208386,208398,normal
201,743,208518,579.2166666666667,ABERR,a,208403,208419,208446,208487,208572,208581,208627,208658,normal
201,744,209043,580.675,NORMAL,N,208959,208976,208997,209025,209056,209104,209145,209175,normal
201,745,209467,581.8527777777778,NORMAL,N,209381,209400,209421,209449,209481,209517,209549,209596,normal
201,746,209804,582.7888888888889,PVC,V,,,,209779,209833,209859,209894,209931,normal
201,747,210146,583.7388888888889,NORMAL,N,210054,210072,210094,210128,210159,210206,210241,210270,normal
201,748,210585,584.9583333333334,NORMAL,N,210499,210518,210540,210569,210598,210646,210688,210722,normal
201,749,210938,585.9388888888889,PVC,V,,,,210914,210967,211009,211036,211074,normal
201,750,211226,586.7388888888889,NORMAL,N,211123,211138,211150,211209,211239,211281,211322,211351,normal
201,751,211768,588.2444444444444,NORMAL,N,211685,211703,211723,211750,211780,211825,211867,211894,normal
201,752,212200,589.4444444444445,NORMAL,N,212117,212135,212155,212185,212212,212260,212299,212328,normal
201,753,212656,590.7111111111111,NORMAL,N,212570,212586,212609,212639,212669,212717,212757,212792,normal
201,754,212999,591.6638888888889,PVC,V,,,,212975,213029,213066,213094,213131,normal
201,755,213277,592.4361111111111,NORMAL,N,213195,213222,213249,213261,213290,213332,213373,213400,normal
201,756,213805,593.9027777777778,NORMAL,N,213720,213737,213760,213787,213818,213866,213905,213935,normal
201,757,214231,595.0861111111111,NORMAL,N,214146,214164,214184,214215,214243,214292,214325,214355,normal
201,758,214663,596.2861111111112,NORMAL,N,214579,214596,214617,214646,214676,214723,214762,214792,normal
201,759,215003,597.2305555555556,PVC,V,214909,214922,214934,214976,215035,215074,215104,215143,normal
201,760,215294,598.0388888888889,NORMAL,N,215185,215200,215212,215275,215304,215357,215395,215420,normal
201,761,215823,599.5083333333333,NORMAL,N,215744,215761,215781,215807,215836,215869,215921,215948,normal
201,762,216243,600.675,NORMAL,N,216158,216175,216198,216226,216255,216300,216336,216365,normal
201,763,216671,601.8638888888889,NORMAL,N,216585,216604,216626,216655,216685,216732,216770,216802,normal
201,764,217020,602.8333333333334,PVC,V,216899,216912,216922,216995,217048,217088,217115,217152,normal
201,765,217312,603.6444444444444,NORMAL,N,217208,217223,217234,217294,217324,217371,217409,217437,normal
201,766,217870,605.1944444444445,NORMAL,N,217782,217800,217823,217852,217883,217929,217973,218005,normal
201,767,218324,606.4555555555555,NORMAL,N,218239,218257,218276,218307,218338,218379,218420,218450,normal
201,768,218751,607.6416666666667,NORMAL,N,218668,218685,218706,218735,218763,218809,218846,218877,normal
201,769,219086,608.5722222222222,PVC,V,,,,219059,219115,219154,219180,219217,normal
201,770,219661,610.1694444444445,NORMAL,N,219570,219588,219612,219642,219675,219725,219768,219799,normal
201,771,220099,611.3861111111111,NORMAL,N,220014,220033,220054,220083,220111,220155,220191,220219,normal
201,772,220411,612.2527777777777,PVC,V,,,,220387,220438,220471,220503,220538,normal
201,773,220925,613.6805555555555,NORMAL,N,220844,220862,220883,220908,220938,220988,221026,221055,normal
201,774,221340,614.8333333333334,NORMAL,N,221255,221272,221294,221323,221354,221401,221446,221478,normal
201,775,221721,615.8916666666667,PVC,V,221624,221655,221686,221698,221751,221782,221820,221857,normal
201,776,222189,617.1916666666667,NORMAL,N,222104,222122,222144,222171,222202,222247,222288,222318,normal
201,777,222607,618.3527777777778,NORMAL,N,222528,222545,222565,222591,222620,222666,222702,222733,normal
201,778,222937,619.2694444444444,PVC,V,222851,222860,222887,222913,222961,222994,223025,223062,normal
201,779,223454,620.7055555555555,NORMAL,N,223362,223382,223407,223436,223469,223520,223559,223591,normal
201,780,223914,621.9833333333333,NORMAL,N,223825,223844,223869,223897,223924,223978,224014,224045,normal
201,781,224369,623.2472222222223,NORMAL,N,224284,224302,224324,224351,224381,224430,224467,224497,normal
201,782,224805,624.4583333333334,NORMAL,N,224718,224736,224758,224787,224818,224865,224902,224932,normal
201,783,225254,625.7055555555555,NORMAL,N,225170,225189,225211,225237,225267,225313,225350,225382,normal
201,784,225704,626.9555555555555,NORMAL,N,225617,225635,225657,225688,225716,225764,225805,225837,normal
201,785,226171,628.2527777777777,NORMAL,N,226078,226099,226121,226154,226186,226239,226280,226311,normal
201,786,226621,629.5027777777777,NORMAL,N,226535,226553,226575,226604,226630,226677,226716,226747,normal
201,787,227030,630.6388888888889,NORMAL,N,226951,226967,226986,227015,227042,227085,227127,227159,normal
201,788,227448,631.8,NORMAL,N,227364,227380,227401,227430,227461,227509,227551,227583,normal
201,789,227896,633.0444444444445,NORMAL,N,227806,227825,227846,227879,227912,227961,228001,228031,normal
201,790,228331,634.2527777777777,NORMAL,N,228245,228263,228286,228315,228344,228397,228430,228464,normal
201,791,228667,635.1861111111111,PVC,V,,,,228642,228695,228731,228764,228802,normal
201,792,229168,636.5777777777778,NORMAL,N,229087,229106,229126,229153,229180,229245,229265,229295,normal
201,793,229355,637.0972222222222,ABERR,a,,,,229340,229395,229435,229465,229496,normal
201,794,229818,638.3833333333333,NORMAL,N,229733,229750,229774,229802,229832,229881,229929,229959,normal
201,795,230264,639.6222222222223,NORMAL,N,230174,230192,230215,230248,230279,230330,230371,230401,normal
201,796,230710,640.8611111111111,NORMAL,N,230624,230643,230664,230694,230722,230772,230807,230839,normal
201,797,231055,641.8194444444445,PVC,V,,,,231033,231081,231114,231145,231179,normal
201,798,231546,643.1833333333333,NORMAL,N,231461,231480,231502,231528,231560,231611,231650,231680,normal
201,799,231988,644.4111111111112,NORMAL,N,231899,231917,231939,231970,232003,232050,232090,232122,normal
201,800,232317,645.325,PVC,V,232212,232235,232258,232291,232348,232383,232415,232451,normal
201,801,232859,646.8305555555555,NORMAL,N,232777,232794,232815,232842,232873,232921,232964,232994,normal
201,802,233285,648.0138888888889,NORMAL,N,233199,233217,233241,233267,233295,233346,233384,233414,normal
201,803,233626,648.9611111111111,PVC,V,,,,233604,233654,233685,233719,233754,normal
201,804,234100,650.2777777777778,NORMAL,N,234016,234033,234056,234082,234109,234165,234207,234241,normal
201,805,234549,651.525,NORMAL,N,234463,234480,234503,234531,234562,234614,234652,234684,normal
201,806,234923,652.5638888888889,PVC,V,,,,234901,234949,234983,235019,235056,normal
201,807,235392,653.8666666666667,NORMAL,N,235308,235326,235349,235375,235405,235452,235485,235514,normal
201,808,235807,655.0194444444444,NORMAL,N,235725,235742,235762,235791,235819,235871,235906,235938,normal
201,809,236159,655.9972222222223,PVC,V,,,,236135,236185,236220,236252,236288,normal
201,810,236400,656.6666666666666,NORMAL,N,236310,236342,236372,236384,236414,236457,236496,236525,normal
201,811,236946,658.1833333333333,NORMAL,N,236857,236873,236898,236927,236960,237013,237055,237087,normal
201,812,237391,659.4194444444445,NORMAL,N,237305,237324,237346,237375,237404,237450,237490,237519,normal
201,813,237800,660.5555555555555,NORMAL,N,237718,237734,237757,237784,237812,237859,237892,237924,normal
201,814,238146,661.5166666666667,PVC,V,238028,238048,238080,238124,238172,238204,238238,238274,normal
201,815,238660,662.9444444444445,NORMAL,N,238570,238590,238611,238643,238674,238730,238770,238804,normal
201,816,239117,664.2138888888888,NORMAL,N,239028,239046,239068,239099,239131,239181,239217,239249,normal
201,817,239460,665.1666666666666,PVC,V,,,,239435,239487,239522,239556,239593,normal
201,818,239952,666.5333333333333,NORMAL,N,239873,239890,239908,239936,239964,240008,240048,240075,normal
201,819,240351,667.6416666666667,NORMAL,N,240271,240288,240309,240335,240363,240416,240451,240482,normal
201,820,240725,668.6805555555555,PVC,V,240629,240645,240690,240702,240756,240790,240827,240864,normal
201,821,241192,669.9777777777778,NORMAL,N,241103,241124,241145,241174,241201,241259,241295,241328,normal
201,822,241639,671.2194444444444,NORMAL,N,241558,241575,241594,241623,241652,241697,241736,241767,normal
201,823,241973,672.1472222222222,PVC,V,,,,241950,241998,242028,242062,242097,normal
201,824,242450,673.4722222222222,NORMAL,N,242365,242383,242404,242432,242462,242518,242552,242583,normal
201,825,242875,674.6527777777778,NORMAL,N,242784,242803,242827,242857,242888,242941,242977,243004,normal
201,826,243256,675.7111111111111,PVC,V,243143,243152,243182,243233,243284,243318,243352,243390,normal
201,827,243731,677.0305555555556,NORMAL,N,243647,243666,243688,243713,243740,243794,243832,243865,normal
201,828,244161,678.225,NORMAL,N,244077,244095,244113,244143,244174,244222,244259,244291,normal
201,829,244491,679.1416666666667,PVC,V,244330,244375,244391,244467,244517,244550,244584,244618,normal
201,830,244990,680.5277777777778,NORMAL,N,244903,244923,244944,244972,245005,245059,245098,245129,normal
201,831,245436,681.7666666666667,NORMAL,N,245348,245367,245388,245418,245445,245504,245541,245579,normal
201,832,245810,682.8055555555555,PVC,V,245716,245749,245778,245790,245838,245867,245904,245941,normal
201,833,246258,684.05,NORMAL,N,246173,246191,246212,246240,246267,246317,246352,246380,normal
201,834,246668,685.1888888888889,NORMAL,N,246585,246603,246623,246652,246680,246730,246766,246796,normal
201,835,247016,686.1555555555556,PVC,V,,,,246996,247043,247076,247110,247147,normal
201,836,247496,687.4888888888889,NORMAL,N,247410,247428,247451,247479,247509,247561,247600,247635,normal
201,837,247939,688.7194444444444,NORMAL,N,247848,247867,247892,247920,247951,248004,248042,248073,normal
201,838,248288,689.6888888888889,PVC,V,248157,248173,248213,248263,248316,248349,248384,248421,normal
201,839,248719,690.8861111111111,NORMAL,N,248639,248656,248676,248702,248731,248771,248812,248842,normal
201,840,249131,692.0305555555556,NORMAL,N,249050,249068,249089,249114,249145,249194,249232,249264,normal
201,841,249481,693.0027777777777,PVC,V,,,,249454,249512,249547,249583,249623,normal
201,842,249951,694.3083333333333,NORMAL,N,249866,249884,249906,249933,249961,250015,250057,250093,normal
201,843,250390,695.5277777777778,NORMAL,N,250307,250325,250346,250374,250404,250447,250489,250520,normal
201,844,250709,696.4138888888889,PVC,V,,,,250684,250738,250773,250804,250838,normal
201,845,251216,697.8222222222222,NORMAL,N,251136,251154,251173,251199,251228,251272,251313,251345,normal
201,846,251647,699.0194444444444,NORMAL,N,251557,251576,251599,251629,251661,251714,251755,251788,normal
201,847,251999,699.9972222222223,PVC,V,251902,251913,251928,251974,252029,252068,252102,252140,normal
201,848,252517,701.4361111111111,NORMAL,N,252433,252451,252475,252500,252529,252578,252614,252644,normal
201,849,252927,702.575,NORMAL,N,252847,252865,252885,252912,252939,252984,253019,253049,normal
201,850,253254,703.4833333333333,PVC,V,,,,253229,253281,253318,253351,253389,normal
201,851,253759,704.8861111111111,NORMAL,N,253671,253690,253712,253741,253772,253826,253867,253896,normal
201,852,254177,706.0472222222222,NORMAL,N,254086,254105,254129,254158,254186,254245,254277,254308,normal
201,853,254559,707.1083333333333,PVC,V,,,,254538,254586,254614,254650,254686,normal
201,854,255018,708.3833333333333,NORMAL,N,254935,254951,254974,255000,255028,255082,255118,255151,normal
201,855,255445,709.5694444444445,NORMAL,N,255362,255381,255401,255429,255458,255509,255545,255574,normal
201,856,255773,710.4805555555556,PVC,V,255698,255717,255738,255748,255801,255838,255871,255909,normal
201,857,256335,712.0416666666666,NORMAL,N,256246,256265,256288,256318,256348,256397,256437,256468,normal
201,858,256766,713.2388888888889,NORMAL,N,256685,256702,256723,256751,256775,256826,256862,256891,normal
201,859,257092,714.1444444444444,PVC,V,256991,257025,257047,257068,257120,257153,257186,257221,normal
201,860,257585,715.5138888888889,NORMAL,N,257501,257519,257540,257569,257594,257647,257686,257716,normal
201,861,258017,716.7138888888888,NORMAL,N,257931,257949,257969,258000,258031,258080,258118,258148,normal
201,862,258367,717.6861111111111,PVC,V,258281,258302,258312,258347,258394,258428,258464,258502,normal
201,863,258839,718.9972222222223,NORMAL,N,258754,258771,258791,258822,258854,258908,258946,258977,normal
201,864,259260,720.1666666666666,NORMAL,N,259178,259195,259215,259244,259273,259318,259359,259389,normal
201,865,259577,721.0472222222222,PVC,V,259487,259500,259512,259554,259605,259639,259670,259706,normal
201,866,260034,722.3166666666667,NORMAL,N,259952,259970,259990,260017,260046,260091,260135,260165,normal
201,867,260480,723.5555555555555,NORMAL,N,260389,260411,260431,260463,260495,260547,260589,260622,normal
201,868,260819,724.4972222222223,PVC,V,260700,260714,260724,260794,260848,260880,260915,260953,normal
201,869,261288,725.8,NORMAL,N,261207,261224,261245,261271,261300,261352,261387,261418,normal
201,870,261711,726.975,NORMAL,N,261624,261644,261665,261694,261723,261774,261807,261838,normal
201,871,262027,727.8527777777778,PVC,V,,,,262002,262056,262090,262122,262158,normal
201,872,262535,729.2638888888889,NORMAL,N,262449,262468,262490,262517,262548,262601,262642,262674,normal
201,873,262981,730.5027777777777,NORMAL,N,262892,262910,262932,262963,262994,263049,263086,263117,normal
201,874,263308,731.4111111111112,PVC,V,,,,263283,263337,263372,263403,263439,normal
201,875,263804,732.7888888888889,NORMAL,N,263725,263742,263762,263788,263815,263860,263898,263927,normal
201,876,264213,733.925,NORMAL,N,264126,264144,264165,264197,264227,264275,264317,264349,normal
201,877,264554,734.8722222222223,PVC,V,,,,264529,264583,264618,264653,264691,normal
201,878,265071,736.3083333333333,NORMAL,N,264988,265005,265025,265053,265085,265128,265176,265204,normal
201,879,265495,737.4861111111111,NORMAL,N,265412,265429,265452,265480,265503,265555,265589,265620,normal
201,880,265819,738.3861111111111,PVC,V,265725,265736,265763,265795,265845,265878,265910,265947,normal
201,881,266269,739.6361111111111,NORMAL,N,266190,266207,266226,266253,266281,266322,266355,266396,normal
201,882,266498,740.2722222222222,ABERR,a,266437,266462,266480,266495,266567,,266568,266601,negative_monophasic
201,883,266922,741.45,NORMAL,N,266834,266852,266875,266905,266936,266985,267036,267069,normal
201,884,267360,742.6666666666666,NORMAL,N,267272,267291,267314,267342,267373,267420,267461,267492,normal
201,885,267708,743.6333333333333,PVC,V,267594,267614,267637,267689,267735,267764,267801,267837,normal
201,886,268142,744.8388888888888,NORMAL,N,268060,268077,268099,268125,268155,268195,268225,268265,normal
201,887,268364,745.4555555555555,ABERR,a,,,,268296,268375,268398,268428,268460,normal
201,888,268800,746.6666666666666,NORMAL,N,268708,268727,268752,268781,268810,268861,268907,268935,normal
201,889,269237,747.8805555555556,NORMAL,N,269149,269169,269189,269221,269251,269294,269339,269368,normal
201,890,269669,749.0805555555555,NORMAL,N,269583,269600,269623,269651,269678,269730,269773,269802,normal
201,891,270008,750.0222222222222,PVC,V,,,,269984,270034,270064,270096,270132,normal
201,892,270496,751.3777777777777,NORMAL,N,270411,270430,270451,270478,270505,270554,270595,270623,normal
201,893,270924,752.5666666666667,NORMAL,N,270838,270857,270876,270908,270937,270987,271025,271055,normal
201,894,271254,753.4833333333333,PVC,V,,,,271229,271282,271319,271353,271393,normal
201,895,271759,754.8861111111111,NORMAL,N,271678,271694,271713,271742,271772,271815,271845,271879,normal
201,896,271987,755.5194444444444,ABERR,a,271882,271897,271915,271927,272004,272019,272051,272079,normal
201,897,272390,756.6388888888889,NORMAL,N,272307,272323,272344,272372,272403,272454,272494,272523,normal
201,898,272795,757.7638888888889,NORMAL,N,272712,272729,272748,272779,272807,272854,272898,272927,normal
201,899,273219,758.9416666666667,NORMAL,N,273130,273149,273171,273202,273233,273278,273322,273353,normal
201,900,273576,759.9333333333333,PVC,V,273456,273477,273495,273555,273606,273638,273672,273708,normal
201,901,274049,761.2472222222223,NORMAL,N,273966,273984,274005,274033,274061,274107,274137,274178,normal
201,902,274280,761.8888888888889,ABERR,a,,,,274216,274294,274320,274348,274376,normal
201,903,274690,763.0277777777778,NORMAL,N,274609,274625,274647,274674,274702,274748,274787,274821,normal
201,904,275107,764.1861111111111,NORMAL,N,275020,275039,275061,275089,275121,275168,275213,275246,normal
201,905,275566,765.4611111111111,NORMAL,N,275475,275495,275516,275548,275579,275631,275671,275708,normal
201,906,275898,766.3833333333333,PVC,V,275802,275831,275856,275874,275929,275943,275996,276033,normal
201,907,276442,767.8944444444444,NORMAL,N,276363,276379,276399,276424,276451,276497,276540,276573,normal
201,908,276871,769.0861111111111,NORMAL,N,276787,276806,276825,276854,276884,276926,276958,276997,normal
201,909,277546,770.9611111111111,NORMAL,N,277460,277478,277500,277527,277559,277612,277651,277683,normal
201,910,277996,772.2111111111111,NORMAL,N,277902,277922,277944,277977,278008,278066,278101,278132,normal
201,911,278438,773.4388888888889,NORMAL,N,278354,278371,278394,278422,278450,278495,278530,278560,normal
201,912,278743,774.2861111111112,PVC,V,,,,278720,278770,278802,278831,278866,normal
201,913,279248,775.6888888888889,NORMAL,N,279164,279182,279204,279231,279261,279319,279353,279382,normal
201,914,279692,776.9222222222222,NORMAL,N,279600,279622,279642,279676,279705,279751,279783,279822,normal
201,915,279926,777.5722222222222,ABERR,a,,,,279858,279956,279960,279997,280031,normal
201,916,280383,778.8416666666667,NORMAL,N,280298,280318,280337,280367,280396,280443,280489,280521,normal
201,917,280813,780.0361111111112,NORMAL,N,280728,280745,280768,280795,280822,280868,280908,280937,normal
201,918,281235,781.2083333333334,NORMAL,N,281156,281173,281192,281220,281247,281284,281317,281361,normal
201,919,281510,781.9722222222222,PVC,V,,,,281487,281540,281569,281604,281643,normal
201,920,281927,783.1305555555556,NORMAL,N,281838,281855,281877,281909,281940,282001,282034,282066,normal
201,921,282392,784.4222222222222,NORMAL,N,282298,282319,282342,282375,282405,282457,282498,282529,normal
201,922,282702,785.2833333333333,PVC,V,,,,282679,282731,,282742,282792,positive_monophasic
201,923,282881,785.7805555555556,NORMAL,N,,,,282866,282893,282938,282969,282994,normal
201,924,283246,786.7944444444445,NORMAL,N,283161,283178,283199,283230,283255,283307,283346,283374,normal
201,925,283682,788.0055555555556,NORMAL,N,283598,283615,283637,283665,283696,283739,283771,283814,normal
201,926,283933,788.7027777777778,ABERR,a,283820,283822,283883,283892,283990,,284001,284032,negative_monophasic
201,927,284381,789.9472222222222,NORMAL,N,284290,284309,284331,284362,284393,284445,284490,284520,normal
201,928,284820,791.1666666666666,NORMAL,N,284733,284751,284771,284803,284834,284883,284921,284949,normal
201,929,285251,792.3638888888889,NORMAL,N,285169,285186,285207,285236,285263,285314,285344,285372,normal
201,930,285564,793.2333333333333,PVC,V,285471,285488,285518,285540,285593,285625,285651,285687,normal
201,931,286099,794.7194444444444,NORMAL,N,286008,286026,286052,286080,286113,286170,286210,286244,normal
201,932,286558,795.9944444444444,NORMAL,N,286466,286485,286508,286541,286571,286626,286663,286691,normal
201,933,286999,797.2194444444444,NORMAL,N,286915,286933,286954,286983,287011,287058,287093,287125,normal
201,934,287298,798.05,PVC,V,,,,287275,287324,287333,287383,287420,normal
201,935,287835,799.5416666666666,NORMAL,N,287750,287769,287791,287817,287848,287896,287937,287967,normal
201,936,288257,800.7138888888888,NORMAL,N,288169,288187,288209,288240,288271,288321,288358,288387,normal
201,937,288690,801.9166666666666,NORMAL,N,288600,288619,288641,288672,288704,288759,288795,288829,normal
201,938,289068,802.9666666666667,PVC,V,,,,289049,289096,289125,289160,289197,normal
201,939,289540,804.2777777777778,NORMAL,N,289461,289477,289497,289522,289551,289604,289636,289664,normal
201,940,289952,805.4222222222222,NORMAL,N,289868,289885,289904,289936,289965,290008,290045,290075,normal
201,941,290384,806.6222222222223,NORMAL,N,290296,290316,290337,290367,290397,290450,290489,290522,normal
201,942,290760,807.6666666666666,PVC,V,290641,290650,290665,290735,290789,290824,290859,290897,normal
201,943,291016,808.3777777777777,NORMAL,N,290910,290923,290936,291000,291025,291076,291114,291142,normal
201,944,291531,809.8083333333333,NORMAL,N,291447,291466,291485,291514,291544,291591,291634,291662,normal
201,945,291953,810.9805555555556,NORMAL,N,291869,291886,291907,291929,291962,292016,292051,292082,normal
201,946,292377,812.1583333333333,NORMAL,N,292290,292308,292329,292359,292390,292435,292473,292505,normal
201,947,292725,813.125,PVC,V,292616,292661,292679,292700,292752,292787,292820,292856,normal
201,948,293241,814.5583333333333,NORMAL,N,293152,293171,293192,293222,293254,293308,293347,293376,normal
201,949,293661,815.725,NORMAL,N,293577,293595,293615,293645,293674,293719,293759,293788,normal
201,950,293993,816.6472222222222,PVC,V,293905,293926,293961,293973,294018,294051,294083,294120,normal
201,951,294471,817.975,NORMAL,N,294383,294402,294423,294454,294484,294530,294572,294602,normal
201,952,294905,819.1805555555555,NORMAL,N,294819,294837,294859,294888,294917,294965,295003,295036,normal
201,953,295248,820.1333333333333,PVC,V,295154,295160,295207,295224,295276,295310,295346,295385,normal
201,954,295731,821.475,NORMAL,N,295648,295666,295687,295714,295744,295798,295833,295862,normal
201,955,296156,822.6555555555556,NORMAL,N,296070,296089,296110,296140,296169,296212,296249,296278,normal
201,956,296464,823.5111111111111,PVC,V,,,,296439,296492,296523,296554,296588,normal
201,957,296961,824.8916666666667,NORMAL,N,296872,296893,296914,296943,296975,297028,297071,297103,normal
201,958,297410,826.1388888888889,NORMAL,N,297321,297340,297363,297392,297423,297476,297515,297547,normal
201,959,297744,827.0666666666667,PVC,V,297638,297651,297695,297722,297772,297806,297897,297929,biphasic_positive_negative
201,960,298238,828.4388888888889,NORMAL,N,,,,298223,298246,298298,298331,298360,normal
201,961,298656,829.6,NORMAL,N,,,,298636,298670,298717,298759,298788,normal
201,962,298987,830.5194444444444,PVC,V,,,,298960,298991,299003,299059,299121,normal
201,963,299528,832.0222222222222,NORMAL,N,,,,299506,299542,299587,299635,299665,normal
201,964,299972,833.2555555555556,NORMAL,N,,,,299956,299984,300033,300067,300098,normal
201,965,300301,834.1694444444445,PVC,V,,,,300278,300305,300360,300390,300424,normal
201,966,300783,835.5083333333333,NORMAL,N,,,,300759,300795,300845,300885,300916,normal
201,967,301207,836.6861111111111,NORMAL,N,,,,301191,301222,301271,301313,301343,normal
201,968,301570,837.6944444444445,PVC,V,,,,301540,301575,301588,301672,301709,normal
201,969,302042,839.0055555555556,NORMAL,N,,,,302019,302054,302103,302139,302166,normal
201,970,302447,840.1305555555556,NORMAL,N,,,,302422,302467,302506,302547,302578,normal
201,971,302792,841.0888888888888,PVC,V,,,,302763,302795,302807,302885,302923,normal
201,972,303233,842.3138888888889,NORMAL,N,,,,303214,303246,303294,303336,303368,normal
201,973,303672,843.5333333333333,NORMAL,N,,,,303651,303685,303734,303771,303802,normal
201,974,304032,844.5333333333333,PVC,V,,,,304002,304045,304091,304128,304167,normal
201,975,304485,845.7916666666666,NORMAL,N,,,,304467,304497,304547,304581,304612,normal
201,976,304889,846.9138888888889,NORMAL,N,,,,304863,304900,304951,304982,305013,normal
201,977,305237,847.8805555555556,PVC,V,,,,305211,305241,305254,305337,305376,normal
201,978,305743,849.2861111111112,NORMAL,N,,,,305715,305757,305807,305846,305874,normal
201,979,306169,850.4694444444444,NORMAL,N,,,,306142,306182,306232,306269,306299,normal
201,980,306527,851.4638888888888,PVC,V,,,,306502,306531,306542,306619,306656,normal
201,981,306993,852.7583333333333,NORMAL,N,,,,306969,307006,307055,307092,307122,normal
201,982,307407,853.9083333333333,NORMAL,N,,,,307384,307428,307465,307504,307535,normal
201,983,307748,854.8555555555556,PVC,V,,,,307724,307755,307765,307849,307889,normal
201,984,308259,856.275,NORMAL,N,,,,308235,308272,308324,308363,308394,normal
201,985,308677,857.4361111111111,NORMAL,N,,,,308655,308689,308740,308776,308805,normal
201,986,309011,858.3638888888889,PVC,V,,,,308985,309027,309072,309104,309138,normal
201,987,309455,859.5972222222222,NORMAL,N,,,,309440,309467,309517,309556,309588,normal
201,988,309892,860.8111111111111,NORMAL,N,,,,309866,309906,309951,309997,310028,normal
201,989,310238,861.7722222222222,PVC,V,,,,310214,310244,310253,310334,310372,normal
201,990,310717,863.1027777777778,NORMAL,N,,,,310695,310730,310786,310821,310850,normal
201,991,311131,864.2527777777777,NORMAL,N,,,,311108,311139,311191,311226,311254,normal
201,992,311459,865.1638888888889,PVC,V,,,,311433,311463,311515,311548,311582,normal
201,993,311915,866.4305555555555,NORMAL,N,,,,311895,311928,311976,312020,312052,normal
201,994,312361,867.6694444444445,NORMAL,N,,,,312344,312374,312433,312469,312502,normal
201,995,312711,868.6416666666667,PVC,V,,,,312687,312717,312728,312776,312843,normal
201,996,313191,869.975,NORMAL,N,,,,313167,313203,313253,313290,313320,normal
201,997,313612,871.1444444444444,NORMAL,N,,,,313593,313624,313674,313706,313739,normal
201,998,313935,872.0416666666666,PVC,V,,,,313911,313941,313947,313996,314060,normal
201,999,314420,873.3888888888889,NORMAL,N,,,,314397,314433,314486,314528,314559,normal
201,1000,314851,874.5861111111111,NORMAL,N,,,,314829,314864,314914,314952,314981,normal
201,1001,315197,875.5472222222222,PVC,V,,,,315171,315213,315256,315287,315322,normal
201,1002,315631,876.7527777777777,NORMAL,N,,,,315609,315643,315688,315724,315753,normal
201,1003,316049,877.9138888888889,NORMAL,N,,,,316022,316063,316111,316153,316184,normal
201,1004,316373,878.8138888888889,PVC,V,,,,316346,316374,316387,316438,316509,normal
201,1005,316876,880.2111111111111,NORMAL,N,,,,316857,316890,316946,316979,317010,normal
201,1006,317302,881.3944444444444,NORMAL,N,,,,317282,317313,317364,317393,317423,normal
201,1007,317618,882.2722222222222,PVC,V,,,,317594,317619,317629,317680,317744,normal
201,1008,318117,883.6583333333333,NORMAL,N,,,,318102,318129,318178,318220,318251,normal
201,1009,318546,884.85,NORMAL,N,,,,318524,318568,318605,318650,318682,normal
201,1010,318883,885.7861111111112,PVC,V,,,,318847,318889,318903,318962,319025,normal
201,1011,319419,887.275,NORMAL,N,,,,319394,319431,319482,319516,319543,normal
201,1012,319821,888.3916666666667,NORMAL,N,,,,319802,319833,319885,319920,319950,normal
201,1013,320129,889.2472222222223,PVC,V,,,,320102,320133,320143,320194,320261,normal
201,1014,320626,890.6277777777777,NORMAL,N,,,,320606,320639,320689,320730,320760,normal
201,1015,321061,891.8361111111111,NORMAL,N,,,,321038,321073,321125,321161,321193,normal
201,1016,321397,892.7694444444444,PVC,V,,,,321367,321404,321413,321462,321531,normal
201,1017,321877,894.1027777777778,NORMAL,N,,,,321860,321889,321939,321975,322008,normal
201,1018,322287,895.2416666666667,NORMAL,N,,,,322268,322301,322349,322385,322413,normal
201,1019,322610,896.1388888888889,PVC,V,,,,322586,322615,322626,322708,322744,normal
201,1020,323110,897.5277777777778,NORMAL,N,,,,323084,323123,323177,323217,323250,normal
201,1021,323553,898.7583333333333,NORMAL,N,,,,323534,323562,323612,323651,323684,normal
201,1022,323878,899.6611111111112,PVC,V,,,,323851,323883,323935,323967,324002,normal
201,1023,324359,900.9972222222223,NORMAL,N,,,,324337,324372,324419,324461,324493,normal
201,1024,324782,902.1722222222222,NORMAL,N,,,,324756,324794,324845,324880,324910,normal
201,1025,325118,903.1055555555556,PVC,V,,,,325094,325125,325135,325184,325248,normal
201,1026,325610,904.4722222222222,NORMAL,N,,,,325585,325622,325677,325716,325749,normal
201,1027,326049,905.6916666666667,NORMAL,N,,,,326030,326062,326111,326148,326180,normal
201,1028,326340,906.5,PVC,V,,,,326317,326346,326354,326403,326466,normal
201,1029,326812,907.8111111111111,NORMAL,N,,,,326792,326826,326884,326916,326947,normal
201,1030,327238,908.9944444444444,NORMAL,N,,,,327217,327251,327302,327338,327369,normal
201,1031,327594,909.9833333333333,PVC,V,,,,327571,327611,327655,327688,327724,normal
201,1032,328047,911.2416666666667,NORMAL,N,,,,328032,328056,328109,328147,328176,normal
201,1033,328472,912.4222222222222,NORMAL,N,,,,328452,328484,328536,328569,328599,normal
201,1034,328742,913.1722222222222,PVC,V,,,,328716,328747,328760,328834,328873,normal
201,1035,329269,914.6361111111111,NORMAL,N,,,,329253,329281,329334,329372,329404,normal
201,1036,329719,915.8861111111111,NORMAL,N,,,,329695,329733,329783,329827,329857,normal
201,1037,330155,917.0972222222222,NORMAL,N,,,,330132,330168,330221,330257,330288,normal
201,1038,330453,917.925,PVC,V,,,,330427,330458,330469,330544,330579,normal
201,1039,330967,919.3527777777778,NORMAL,N,,,,330948,330978,331022,331063,331091,normal
201,1040,331402,920.5611111111111,NORMAL,N,,,,331380,331415,331470,331510,331540,normal
201,1041,331842,921.7833333333333,NORMAL,N,,,,331818,331855,331910,331949,331980,normal
201,1042,332167,922.6861111111111,PVC,V,,,,332142,332172,332183,332260,332298,normal
201,1043,332695,924.1527777777778,NORMAL,N,,,,332670,332707,332758,332793,332824,normal
201,1044,333100,925.2777777777778,NORMAL,N,,,,333078,333121,333156,333192,333220,normal
201,1045,333498,926.3833333333333,NORMAL,N,,,,333474,333511,333564,333604,333637,normal
201,1046,333841,927.3361111111111,PVC,V,,,,333816,333847,333858,333909,333982,normal
201,1047,334358,928.7722222222222,NORMAL,N,,,,334338,334371,334414,334458,334490,normal
201,1048,334769,929.9138888888889,NORMAL,N,,,,334746,334781,334823,334862,334891,normal
201,1049,335156,930.9888888888889,NORMAL,N,,,,335129,335169,335219,335256,335289,normal
201,1050,335497,931.9361111111111,PVC,V,,,,335474,335502,335555,335591,335629,normal
201,1051,335988,933.3,NORMAL,N,,,,335965,336001,336047,336095,336125,normal
201,1052,336431,934.5305555555556,NORMAL,N,,,,336407,336443,336494,336528,336558,normal
201,1053,336849,935.6916666666667,NORMAL,N,,,,336828,336861,336907,336947,336978,normal
201,1054,337167,936.575,PVC,V,,,,337146,337171,337179,337230,337290,normal
201,1055,337667,937.9638888888888,NORMAL,N,,,,337645,337680,337725,337770,337802,normal
201,1056,338122,939.2277777777778,NORMAL,N,,,,338100,338135,338191,338226,338258,normal
201,1057,338577,940.4916666666667,NORMAL,N,,,,338555,338590,338638,338675,338703,normal
201,1058,338870,941.3055555555555,PVC,V,,,,338843,338874,,338875,338955,positive_monophasic
201,1059,339050,941.8055555555555,NORMAL,N,,,,339030,339076,339107,339144,339170,normal
201,1060,339409,942.8027777777778,NORMAL,N,,,,339390,339421,339472,339508,339538,normal
201,1061,339838,943.9944444444444,NORMAL,N,,,,339816,339847,339899,339936,339970,normal
201,1062,340279,945.2194444444444,NORMAL,N,,,,340253,340292,340336,340379,340413,normal
201,1063,340598,946.1055555555556,PVC,V,,,,340571,340601,340615,340698,340736,normal
201,1064,341148,947.6333333333333,NORMAL,N,,,,341123,341161,341214,341248,341277,normal
201,1065,341550,948.75,NORMAL,N,,,,341531,341561,341608,341642,341673,normal
201,1066,341956,949.8777777777777,NORMAL,N,,,,341933,341968,342012,342055,342088,normal
201,1067,342297,950.825,PVC,V,,,,342269,342304,342312,342364,342437,normal
201,1068,342807,952.2416666666667,NORMAL,N,,,,342785,342821,342872,342912,342941,normal
201,1069,343226,953.4055555555556,NORMAL,N,,,,343198,343239,343285,343325,343357,normal
201,1070,343646,954.5722222222222,NORMAL,N,,,,343625,343658,343705,343740,343769,normal
201,1071,343968,955.4666666666667,PVC,V,,,,343947,343973,344024,344057,344091,normal
201,1072,344466,956.85,NORMAL,N,,,,344440,344480,344537,344575,344607,normal
201,1073,344910,958.0833333333334,NORMAL,N,,,,344895,344923,344979,345013,345045,normal
201,1074,345348,959.3,NORMAL,N,,,,345328,345359,345407,345442,345472,normal
201,1075,345655,960.1527777777778,PVC,V,,,,345635,345659,345670,345721,345777,normal
201,1076,346156,961.5444444444445,NORMAL,N,,,,346133,346168,346224,346263,346294,normal
201,1077,346592,962.7555555555556,NORMAL,N,,,,346565,346605,346658,346695,346727,normal
201,1078,347020,963.9444444444445,NORMAL,N,,,,347006,347029,347083,347121,347152,normal
201,1079,347364,964.9,PVC,V,,,,347341,347368,347422,347454,347490,normal
201,1080,347850,966.25,NORMAL,N,,,,347834,347859,347915,347952,347980,normal
201,1081,348267,967.4083333333333,NORMAL,N,,,,348253,348287,348319,348362,348391,normal
201,1082,348681,968.5583333333333,NORMAL,N,,,,348665,348690,348741,348786,348821,normal
201,1083,349048,969.5777777777778,PVC,V,,,,349023,349053,349065,349144,349182,normal
201,1084,349563,971.0083333333333,NORMAL,N,,,,349547,349572,349630,349664,349698,normal
201,1085,349993,972.2027777777778,NORMAL,N,,,,349972,350006,350049,350085,350114,normal
201,1086,350392,973.3111111111111,NORMAL,N,,,,350374,350404,350453,350492,350524,normal
201,1087,350751,974.3083333333333,PVC,V,,,,350728,350768,350811,350847,350885,normal
201,1088,351243,975.675,NORMAL,N,,,,351220,351255,351308,351348,351379,normal
201,1089,351684,976.9,NORMAL,N,,,,351658,351697,351749,351785,351813,normal
201,1090,352034,977.8722222222223,PVC,V,,,,351998,352039,352049,352127,352161,normal
201,1091,352464,979.0666666666667,NORMAL,N,,,,352444,352475,352520,352532,352545,normal
201,1092,352653,979.5916666666667,ABERR,a,,,,352636,352659,352736,352768,352799,normal
201,1093,353129,980.9138888888889,NORMAL,N,,,,353103,353139,353200,353239,353268,normal
201,1094,353574,982.15,NORMAL,N,,,,353553,353588,353638,353677,353708,normal
201,1095,353923,983.1194444444444,PVC,V,,,,353900,353926,353981,354015,354049,normal
201,1096,354410,984.4722222222222,NORMAL,N,,,,354386,354423,354471,354507,354535,normal
201,1097,354834,985.65,NORMAL,N,,,,354813,354845,354894,354927,354955,normal
201,1098,355145,986.5138888888889,PVC,V,,,,355118,355149,355161,355215,355278,normal
201,1099,355663,987.9527777777778,NORMAL,N,,,,355647,355690,355735,355773,355802,normal
201,1100,356075,989.0972222222222,NORMAL,N,,,,356059,356087,356142,356170,356199,normal
201,1101,356448,990.1333333333333,PVC,V,,,,356419,356461,356505,356536,356572,normal
201,1102,356840,991.2222222222222,NORMAL,N,,,,356816,356852,356903,356938,356969,normal
201,1103,357273,992.425,NORMAL,N,,,,357249,357286,357332,357376,357409,normal
201,1104,357628,993.4111111111112,PVC,V,,,,357603,357632,357644,357725,357764,normal
201,1105,358105,994.7361111111111,NORMAL,N,,,,358083,358119,,358137,358187,positive_monophasic
201,1106,358311,995.3083333333333,ABERR,a,,,,358298,358340,358376,358411,358444,normal
201,1107,358745,996.5138888888889,NORMAL,N,,,,358725,358758,358802,358847,358875,normal
201,1108,359138,997.6055555555556,NORMAL,N,,,,359114,359150,359199,359235,359265,normal
201,1109,359507,998.6305555555556,PVC,V,,,,359481,359511,359525,359607,359645,normal
201,1110,359961,999.8916666666667,NORMAL,N,,,,359937,359983,360022,360065,360094,normal
201,1111,360399,1001.1083333333333,NORMAL,N,,,,360380,360411,360456,360495,360526,normal
201,1112,360718,1001.9944444444444,PVC,V,,,,360692,360722,360778,360810,360846,normal
201,1113,361176,1003.2666666666667,NORMAL,N,,,,361154,361198,361238,361273,361303,normal
201,1114,361607,1004.4638888888888,NORMAL,N,,,,361580,361621,361667,361706,361738,normal
201,1115,361984,1005.5111111111111,NORMAL,N,,,,361963,361998,362051,362066,362074,normal
201,1116,362160,1006.0,APC,A,,,,362139,362171,362218,362303,362332,biphasic_positive_negative
201,1117,362658,1007.3833333333333,NORMAL,N,,,,362642,362667,362716,362754,362787,normal
201,1118,363048,1008.4666666666667,NORMAL,N,,,,363025,363057,363105,363138,363164,normal
201,1119,363402,1009.45,PVC,V,,,,363380,363406,363459,363496,363535,normal
201,1120,363812,1010.5888888888888,NORMAL,N,,,,363788,363825,363874,363919,363951,normal
201,1121,364219,1011.7194444444444,NORMAL,N,,,,364196,364233,364291,364327,364355,normal
201,1122,364622,1012.8388888888888,NORMAL,N,,,,364607,364635,364685,364719,364750,normal
201,1123,364993,1013.8694444444444,NORMAL,N,,,,364969,365005,365057,365090,365119,normal
201,1124,365379,1014.9416666666667,PVC,V,,,,365337,365384,365394,365469,365506,normal
201,1125,365762,1016.0055555555556,NORMAL,N,,,,365737,365774,365819,365856,365886,normal
201,1126,366180,1017.1666666666666,NORMAL,N,,,,366157,366193,366245,366285,366318,normal
201,1127,366557,1018.2138888888888,PVC,V,,,,366528,366564,366575,366659,366699,normal
201,1128,367004,1019.4555555555555,NORMAL,N,,,,366986,367016,367065,367100,367129,normal
201,1129,367395,1020.5416666666666,NORMAL,N,,,,367375,367407,367450,367486,367515,normal
201,1130,367769,1021.5805555555555,PVC,V,,,,367746,367776,367783,367864,367905,normal
201,1131,368223,1022.8416666666667,NORMAL,N,,,,368198,368236,368289,368325,368362,normal
201,1132,368651,1024.0305555555556,NORMAL,N,,,,368629,368664,368721,368752,368784,normal
201,1133,369047,1025.1305555555555,PVC,V,,,,369013,369054,369064,369140,369176,normal
201,1134,369472,1026.3111111111111,NORMAL,N,,,,369451,369485,369538,369568,369599,normal
201,1135,369879,1027.4416666666666,NORMAL,N,,,,369858,369892,369943,369975,370006,normal
201,1136,370280,1028.5555555555557,PVC,V,,,,370256,370284,370292,370376,370414,normal
201,1137,370727,1029.7972222222222,NORMAL,N,,,,370705,370741,370802,370836,370867,normal
201,1138,371156,1030.9888888888888,NORMAL,N,,,,371131,371165,371219,371253,371282,normal
201,1139,371535,1032.0416666666667,PVC,V,,,,371515,371556,371591,371623,371659,normal
201,1140,371945,1033.1805555555557,NORMAL,N,,,,371922,371957,372003,372040,372071,normal
201,1141,372357,1034.325,NORMAL,N,,,,372338,372371,372430,372463,372495,normal
201,1142,372764,1035.4555555555555,PVC,V,,,,372722,372768,372782,372866,372905,normal
201,1143,373186,1036.6277777777777,NORMAL,N,,,,373164,373199,373251,373287,373317,normal
201,1144,373620,1037.8333333333333,NORMAL,N,,,,373596,373632,373681,373712,373742,normal
201,1145,373967,1038.7972222222222,PVC,V,,,,373939,373973,374018,374053,374082,normal
201,1146,374178,1039.3833333333334,NORMAL,N,,,,374160,374190,374233,374269,374294,normal
201,1147,374664,1040.7333333333333,NORMAL,N,,,,374641,374676,374731,374767,374802,normal
201,1148,375113,1041.9805555555556,NORMAL,N,,,,375097,375127,375184,375220,375250,normal
201,1149,375541,1043.1694444444445,NORMAL,N,,,,375521,375553,375606,375638,375668,normal
201,1150,375892,1044.1444444444444,PVC,V,,,,375858,375896,375908,375983,376018,normal
201,1151,376332,1045.3666666666666,NORMAL,N,,,,376308,376344,376392,376428,376458,normal
201,1152,376768,1046.5777777777778,NORMAL,N,,,,376740,376781,376827,376867,376899,normal
201,1153,377105,1047.513888888889,PVC,V,,,,377075,377111,377119,377171,377242,normal
201,1154,377590,1048.861111111111,NORMAL,N,,,,377568,377603,377654,377692,377722,normal
201,1155,378022,1050.0611111111111,NORMAL,N,,,,378000,378034,378082,378113,378145,normal
201,1156,378351,1050.975,PVC,V,,,,378329,378367,378408,378440,378474,normal
201,1157,378796,1052.2111111111112,NORMAL,N,,,,378774,378809,378862,378902,378937,normal
201,1158,379259,1053.4972222222223,NORMAL,N,,,,379237,379272,379323,379365,379397,normal
201,1159,379605,1054.4583333333333,PVC,V,,,,379576,379612,379620,379670,379736,normal
201,1160,380081,1055.7805555555556,NORMAL,N,,,,380064,380093,380141,380175,380205,normal
201,1161,380491,1056.9194444444445,NORMAL,N,,,,380472,380503,380554,380589,380621,normal
201,1162,380832,1057.8666666666666,PVC,V,,,,380813,380847,380857,380936,380974,normal
201,1163,381281,1059.1138888888888,NORMAL,N,,,,381263,381294,381341,381385,381416,normal
201,1164,381715,1060.3194444444443,NORMAL,N,,,,381689,381729,381784,381820,381852,normal
201,1165,382102,1061.3944444444444,PVC,V,,,,382078,382108,382119,382193,382227,normal
201,1166,382492,1062.4777777777779,NORMAL,N,,,,382469,382503,382552,382584,382617,normal
201,1167,382905,1063.625,NORMAL,N,,,,382883,382918,382970,383005,383037,normal
201,1168,383252,1064.588888888889,PVC,V,,,,383237,383277,383326,383361,383401,normal
201,1169,383747,1065.963888888889,NORMAL,N,,,,383723,383760,383814,383848,383877,normal
201,1170,384168,1067.1333333333334,NORMAL,N,,,,384142,384181,384232,384267,384299,normal
201,1171,384526,1068.1277777777777,PVC,V,,,,384502,384539,384589,384623,384659,normal
201,1172,384959,1069.3305555555555,NORMAL,N,,,,384941,384970,385021,385054,385086,normal
201,1173,385390,1070.5277777777778,NORMAL,N,,,,385366,385403,385457,385490,385520,normal
201,1174,385752,1071.5333333333333,PVC,V,,,,385721,385759,385769,385849,385888,normal
201,1175,386249,1072.9138888888888,NORMAL,N,,,,386233,386258,386314,386348,386380,normal
201,1176,386658,1074.05,NORMAL,N,,,,386644,386667,386714,386750,386779,normal
201,1177,387008,1075.0222222222221,PVC,V,,,,386982,387013,387022,387061,387102,normal
201,1178,387228,1075.6333333333334,NORMAL,N,,,,387212,387237,387278,387319,387347,normal
201,1179,387729,1077.025,NORMAL,N,,,,387705,387742,387799,387835,387866,normal
201,1180,388179,1078.275,NORMAL,N,,,,388156,388191,388237,388275,388306,normal
201,1181,388601,1079.4472222222223,NORMAL,N,,,,388575,388610,388664,388701,388735,normal
201,1182,388952,1080.4222222222222,PVC,V,,,,388936,388965,389020,389052,389087,normal
201,1183,389409,1081.6916666666666,NORMAL,N,,,,389385,389421,389471,389509,389544,normal
201,1184,389856,1082.9333333333334,NORMAL,N,,,,389829,389870,389922,389960,389992,normal
201,1185,390214,1083.9277777777777,PVC,V,,,,390195,390239,390287,390319,390357,normal
201,1186,390680,1085.2222222222222,NORMAL,N,,,,390657,390693,390738,390778,390808,normal
201,1187,391066,1086.2944444444445,NORMAL,N,,,,391042,391078,391127,391165,391198,normal
201,1188,391439,1087.3305555555555,PVC,V,,,,391411,391443,391457,391534,391570,normal
201,1189,391846,1088.4611111111112,NORMAL,N,,,,391830,391858,,391894,391929,positive_monophasic
201,1190,392041,1089.0027777777777,ABERR,a,,,,392025,392065,,,,
201,1191,392172,1089.3666666666666,ABERR,a,,,,392149,392178,392260,392288,392316,normal
201,1192,392545,1090.4027777777778,NORMAL,N,,,,392523,392559,392609,392650,392679,normal
201,1193,392960,1091.5555555555557,NORMAL,N,,,,392943,392972,393018,393053,393082,normal
201,1194,393297,1092.4916666666666,PVC,V,,,,393280,393319,393363,393395,393431,normal
201,1195,393763,1093.786111111111,NORMAL,N,,,,393741,393777,393827,393867,393898,normal
201,1196,394212,1095.0333333333333,NORMAL,N,,,,394190,394225,394273,394314,394345,normal
201,1197,394578,1096.05,PVC,V,,,,394549,394585,394595,394673,394710,normal
201,1198,395071,1097.4194444444445,NORMAL,N,,,,395048,395084,395136,395319,395329,biphasic_positive_negative
201,1199,395487,1098.575,NORMAL,N,,,,395467,395498,395573,395675,395691,biphasic_positive_negative
201,1200,395820,1099.5,PVC,V,,,,395795,395826,395894,395916,395973,normal
201,1201,396254,1100.7055555555555,NORMAL,N,,,,396238,396267,396327,396444,396453,biphasic_positive_negative
201,1202,396658,1101.8277777777778,NORMAL,N,,,,396630,396672,,396712,396747,positive_monophasic
201,1203,397303,1103.6194444444445,NORMAL,N,397217,397241,397253,397286,397347,397356,397403,397428,normal
201,1204,397652,1104.588888888889,NORMAL,N,397571,397589,397607,397635,397661,,397678,397732,positive_monophasic
201,1205,397822,1105.0611111111111,APC,A,397741,397747,397769,397806,397830,397888,397918,397940,normal
201,1206,398277,1106.325,NORMAL,N,398188,398213,398239,398258,398287,398302,398370,398377,biphasic_negative_positive
201,1207,398477,1106.8805555555555,ABERR,a,398396,398425,398450,398461,398543,398548,398586,398620,normal
201,1208,398895,1108.0416666666667,NESC,j,398810,398819,398864,398876,398904,398971,399008,399039,normal
201,1209,399342,1109.2833333333333,NORMAL,N,399260,399279,399299,399325,399351,399393,399442,399472,normal
201,1210,399702,1110.2833333333333,NORMAL,N,399619,399636,399658,399684,399710,399757,399796,399824,normal
201,1211,400065,1111.2916666666667,NORMAL,N,399985,400004,400024,400049,400073,400119,400156,400187,normal
201,1212,400408,1112.2444444444445,NORMAL,N,400323,400342,400364,400390,400417,,400458,400497,positive_monophasic
201,1213,400594,1112.7611111111112,APC,A,,,,400576,400604,400624,400638,400695,inverted
201,1214,400756,1113.2111111111112,APC,A,,,,400740,400766,400816,400852,400876,normal
201,1215,401106,1114.1833333333334,NORMAL,N,401014,401037,401057,401087,401116,401166,401207,401234,normal
201,1216,401502,1115.2833333333333,NORMAL,N,401420,401439,401459,401486,401510,401557,401593,401623,normal
201,1217,401900,1116.388888888889,PVC,V,401837,401856,401870,401880,401927,401958,401991,402028,normal
201,1218,402357,1117.6583333333333,NORMAL,N,402269,402290,402311,402339,402366,402424,402453,402487,normal
201,1219,403078,1119.661111111111,NORMAL,N,403010,403027,403047,403059,403088,403145,403183,403214,normal
201,1220,403583,1121.0638888888889,NORMAL,N,403501,403518,403540,403566,403592,403642,403769,403856,biphasic_positive_negative
201,1221,404034,1122.3166666666666,NORMAL,N,403953,403971,403994,404018,404043,404099,404127,404157,normal
201,1222,404478,1123.55,NORMAL,N,404392,404411,404435,404461,404488,404538,404570,404600,normal
201,1223,404945,1124.8472222222222,NORMAL,N,404853,404877,404897,404926,404954,405018,405050,405082,normal
201,1224,405440,1126.2222222222222,NORMAL,N,405349,405372,405393,405423,405453,,405472,405527,positive_monophasic
201,1225,405628,1126.7444444444445,ABERR,a,405535,405542,405566,405609,405654,405700,405738,405771,normal
201,1226,406177,1128.2694444444444,NESC,j,406096,406106,406148,406160,406187,406243,406281,406298,normal
201,1227,406382,1128.838888888889,APC,A,,,,406366,406391,406437,406472,406498,normal
201,1228,406911,1130.3083333333334,NORMAL,N,406835,406854,406875,406893,406920,406985,407007,407042,normal
201,1229,407616,1132.2666666666667,NORMAL,N,407528,407547,407568,407596,407624,407683,407764,407799,biphasic_positive_negative
201,1230,407943,1133.175,NORMAL,N,407824,407859,407875,407926,407953,408000,408036,408065,normal
201,1231,408287,1134.1305555555555,NORMAL,N,408204,408221,408242,408270,408296,408347,408378,408407,normal
201,1232,408678,1135.2166666666667,NORMAL,N,408594,408611,408632,408661,408687,408739,408776,408806,normal
201,1233,409095,1136.375,PVC,V,409024,409041,409063,409069,409124,409157,409193,409234,normal
201,1234,409555,1137.6527777777778,NORMAL,N,409469,409487,409507,409537,409564,409619,409659,409690,normal
201,1235,410003,1138.8972222222221,NORMAL,N,409915,409932,409955,409985,410012,410060,410097,410127,normal
201,1236,410425,1140.0694444444443,NORMAL,N,410341,410359,410381,410409,410433,410485,410521,410549,normal
201,1237,410833,1141.2027777777778,NORMAL,N,410751,410768,410788,410815,410841,410900,410930,410962,normal
201,1238,411250,1142.361111111111,NORMAL,N,411163,411182,411202,411232,411259,411315,411352,411383,normal
201,1239,411700,1143.611111111111,NORMAL,N,411606,411624,411650,411682,411710,411768,411804,411836,normal
201,1240,412130,1144.8055555555557,NORMAL,N,412044,412062,412083,412113,412139,412186,412223,412252,normal
201,1241,412508,1145.8555555555556,PVC,V,412448,412465,412480,412488,412535,,412549,412601,positive_monophasic
201,1242,412700,1146.388888888889,APC,A,,,,412682,412708,412727,412740,412787,inverted
201,1243,412853,1146.8138888888889,APC,A,,,,412838,412864,412911,412944,412968,normal
201,1244,413186,1147.7388888888888,NORMAL,N,413098,413115,413135,413168,413195,413248,413289,413318,normal
201,1245,413619,1148.9416666666666,NORMAL,N,413528,413547,413567,413600,413633,413681,413724,413751,normal
201,1246,414007,1150.0194444444444,PVC,V,413913,413942,413970,413987,414036,,414057,414105,positive_monophasic
201,1247,414229,1150.6361111111112,APC,A,,,,414210,414239,414290,414436,414452,biphasic_positive_negative
201,1248,414739,1152.0527777777777,NORMAL,N,414655,414672,414693,414722,414748,414802,414835,414863,normal
201,1249,415146,1153.1833333333334,NORMAL,N,415062,415079,415101,415130,415154,415203,415239,415269,normal
201,1250,415564,1154.3444444444444,NORMAL,N,415480,415498,415517,415547,415573,415624,415665,415697,normal
201,1251,415964,1155.4555555555555,PVC,V,,,,415943,415993,416028,416066,416107,normal
201,1252,416446,1156.7944444444445,NORMAL,N,416353,416376,416398,416427,416455,416508,416541,416568,normal
201,1253,416853,1157.925,NORMAL,N,416769,416787,416808,416835,416861,416911,416949,416979,normal
201,1254,417252,1159.0333333333333,PVC,V,417181,417200,417208,417216,417264,,417274,417326,positive_monophasic
201,1255,417434,1159.5388888888888,APC,A,,,,417417,417445,417464,417480,417528,inverted
201,1256,417591,1159.975,APC,A,,,,417575,417601,417645,417679,417703,normal
201,1257,417935,1160.9305555555557,NORMAL,N,417849,417866,417885,417919,417950,417993,418041,418071,normal
201,1258,418368,1162.1333333333334,NORMAL,N,418278,418296,418318,418349,418377,418429,418474,418503,normal
201,1259,418762,1163.2277777777779,PVC,V,418675,418696,418728,418740,418793,418824,418859,418893,normal
201,1260,419209,1164.4694444444444,NORMAL,N,419125,419143,419166,419192,419218,419267,419296,419331,normal
201,1261,419382,1164.95,ABERR,a,,,,419365,419409,419443,419492,419525,normal
201,1262,419871,1166.3083333333334,NORMAL,N,419777,419800,419822,419852,419881,419933,419976,420005,normal
201,1263,420308,1167.5222222222221,NORMAL,N,420220,420239,420260,420291,420317,420368,420406,420437,normal
201,1264,420690,1168.5833333333333,PVC,V,,,,420671,420718,420750,420786,420823,normal
201,1265,421140,1169.8333333333333,NORMAL,N,421054,421071,421091,421122,421149,421205,421236,421266,normal
201,1266,421549,1170.9694444444444,NORMAL,N,421462,421480,421503,421531,421558,421605,421640,421669,normal
201,1267,421913,1171.9805555555556,PVC,V,421790,421800,421816,421893,421941,421970,422006,422042,normal
201,1268,422377,1173.2694444444444,NORMAL,N,422285,422304,422326,422358,422387,422446,422482,422515,normal
201,1269,422824,1174.5111111111112,NORMAL,N,422734,422754,422774,422805,422838,422888,422924,422956,normal
201,1270,423181,1175.5027777777777,PVC,V,423089,423098,423148,423160,423207,423240,423272,423307,normal
201,1271,423629,1176.7472222222223,NORMAL,N,423548,423566,423585,423612,423637,423681,423719,423747,normal
201,1272,424033,1177.8694444444445,NORMAL,N,423945,423964,423985,424015,424042,424095,424133,424162,normal
201,1273,424427,1178.963888888889,PVC,V,424337,424359,424395,424406,424456,,424473,424524,positive_monophasic
201,1274,424654,1179.5944444444444,APC,A,,,,424637,424665,424682,424693,424747,inverted
201,1275,424807,1180.0194444444444,APC,A,,,,424791,424817,424865,424901,424924,normal
201,1276,425185,1181.0694444444443,NORMAL,N,425094,425112,425134,425167,425199,425251,425288,425318,normal
201,1277,425600,1182.2222222222222,NORMAL,N,425515,425532,425553,425582,425609,425660,425695,425724,normal
201,1278,426007,1183.3527777777779,NORMAL,N,425923,425941,425961,425990,426015,426065,426099,426129,normal
201,1279,426425,1184.513888888889,NORMAL,N,426337,426356,426377,426407,426434,426485,426527,426559,normal
201,1280,426825,1185.625,PVC,V,426728,426751,426791,426803,426856,426892,426928,426968,normal
201,1281,427320,1187.0,NORMAL,N,427233,427252,427273,427302,427329,427379,427409,427443,normal
201,1282,427509,1187.525,ABERR,a,,,,427479,427523,,,,
201,1283,427626,1187.85,ABERR,a,427570,427601,427610,427615,427658,427708,427733,427758,normal
201,1284,427985,1188.8472222222222,NORMAL,N,427896,427913,427935,427967,427994,428045,428083,428112,normal
201,1285,428398,1189.9944444444445,NORMAL,N,428311,428328,428351,428381,428407,428453,428493,428521,normal
201,1286,428772,1191.0333333333333,PVC,V,428688,428706,428738,428750,428801,428835,428871,428908,normal
201,1287,429250,1192.361111111111,NORMAL,N,429160,429178,429199,429230,429258,429311,429354,429384,normal
201,1288,429687,1193.575,NORMAL,N,429600,429618,429638,429670,429695,429745,429777,429806,normal
201,1289,429869,1194.0805555555555,ABERR,a,,,,429839,429933,429935,429965,429996,normal
201,1290,430325,1195.3472222222222,NORMAL,N,430244,430261,430280,430308,430334,430383,430426,430453,normal
201,1291,430754,1196.5388888888888,NORMAL,N,430663,430682,430705,430736,430763,430808,430852,430883,normal
201,1292,431136,1197.6,PVC,V,431015,431031,431058,431114,431166,431193,431229,431267,normal
201,1293,431613,1198.925,NORMAL,N,431526,431545,431566,431594,431622,431670,431713,431745,normal
201,1294,432035,1200.0972222222222,NORMAL,N,431950,431967,431987,432018,432049,432094,432127,432156,normal
201,1295,432375,1201.0416666666667,PVC,V,432256,432278,432291,432355,432400,432431,432463,432496,normal
201,1296,432860,1202.388888888889,NORMAL,N,432775,432794,432813,432843,432868,432924,432960,432988,normal
201,1297,433295,1203.5972222222222,NORMAL,N,433203,433222,433247,433277,433305,433366,433402,433436,normal
201,1298,433739,1204.8305555555555,NORMAL,N,433649,433667,433688,433722,433753,,433787,433822,positive_monophasic
201,1299,433929,1205.3583333333333,ABERR,a,433830,433836,433859,433898,433944,433982,434022,434055,normal
201,1300,434382,1206.6166666666666,NORMAL,N,434298,434316,434336,434365,434391,434439,434476,434505,normal
201,1301,434792,1207.7555555555555,NORMAL,N,434705,434722,434744,434774,434801,434846,434890,434923,normal
201,1302,435162,1208.7833333333333,PVC,V,435063,435073,435080,435141,435189,435222,435256,435293,normal
201,1303,435650,1210.138888888889,NORMAL,N,435562,435582,435602,435631,435659,435709,435749,435780,normal
201,1304,436077,1211.325,NORMAL,N,435988,436006,436027,436059,436086,436138,436176,436206,normal
201,1305,436485,1212.4583333333333,NORMAL,N,436399,436416,436438,436469,436494,436543,436579,436607,normal
201,1306,436840,1213.4444444444443,PVC,V,436716,436766,436780,436819,436866,436896,436928,436964,normal
201,1307,437306,1214.7388888888888,NORMAL,N,437221,437239,437259,437290,437316,437371,437404,437443,normal
201,1308,437556,1215.4333333333334,ABERR,a,437444,437456,437495,437499,437628,,,,
201,1309,437642,1215.6722222222222,ABERR,a,,,,437630,437691,437729,437761,437789,normal
201,1310,438034,1216.7611111111112,NORMAL,N,437950,437966,437985,438018,438043,438099,438136,438165,normal
201,1311,438440,1217.888888888889,NORMAL,N,438357,438375,438395,438424,438449,438496,438535,438564,normal
201,1312,438866,1219.0722222222223,NORMAL,N,438778,438796,438817,438848,438881,438924,438965,438993,normal
201,1313,439208,1220.0222222222221,PVC,V,439108,439159,439172,439184,439234,439268,439301,439336,normal
201,1314,439457,1220.713888888889,APC,A,439355,439370,439383,439439,439466,439487,439503,439554,inverted
201,1315,439621,1221.1694444444445,APC,A,,,,439603,439637,439682,439716,439741,normal
201,1316,440004,1222.2333333333333,NORMAL,N,439919,439936,439956,439988,440013,440061,440107,440133,normal
201,1317,440427,1223.4083333333333,PVC,V,440352,440370,440391,440402,440453,440484,440522,440561,normal
201,1318,440854,1224.5944444444444,NORMAL,N,440769,440787,440808,440838,440862,440911,440948,440974,normal
201,1319,441260,1225.7222222222222,NORMAL,N,441174,441191,441212,441242,441274,441329,441360,441391,normal
201,1320,441654,1226.8166666666666,PVC,V,441544,441561,441605,441631,441682,441715,441750,441786,normal
201,1321,442125,1228.125,NORMAL,N,442041,442058,442079,442107,442133,,442155,442208,positive_monophasic
201,1322,442310,1228.638888888889,ABERR,a,442217,442224,442247,442293,442337,442392,442420,442450,normal
201,1323,442773,1229.925,NORMAL,N,442692,442708,442730,442756,442783,442837,442870,442902,normal
201,1324,443191,1231.0861111111112,NORMAL,N,443105,443122,443143,443174,443205,443250,443289,443318,normal
201,1325,443556,1232.1,PVC,V,443465,443493,443522,443534,443583,443617,443653,443689,normal
201,1326,444036,1233.4333333333334,NORMAL,N,443947,443966,443987,444018,444051,444099,444141,444173,normal
201,1327,444467,1234.6305555555555,NORMAL,N,444377,444396,444419,444448,444476,444527,444560,444591,normal
201,1328,444851,1235.6972222222223,PVC,V,444803,444820,444826,444833,444879,444903,444940,444974,normal
201,1329,445051,1236.2527777777777,APC,A,,,,445035,445060,445105,445135,445160,normal
201,1330,445527,1237.575,NORMAL,N,445444,445460,445481,445509,445536,445587,445629,445659,normal
201,1331,445969,1238.8027777777777,NORMAL,N,445876,445896,445919,445951,445979,446036,446074,446102,normal
201,1332,446412,1240.0333333333333,NORMAL,N,446321,446339,446361,446393,446425,446475,446509,446539,normal
201,1333,446787,1241.075,PVC,V,446694,446734,446757,446767,446815,446847,446881,446905,normal
201,1334,447007,1241.6861111111111,APC,A,446922,446929,446933,446990,447018,447068,447102,447125,normal
201,1335,447510,1243.0833333333333,NORMAL,N,447429,447446,447466,447493,447518,447566,447601,447628,normal
201,1336,447924,1244.2333333333333,NORMAL,N,447837,447855,447877,447906,447933,447991,448027,448058,normal
201,1337,448366,1245.4611111111112,NORMAL,N,448274,448293,448315,448347,448380,448428,448469,448500,normal
201,1338,448742,1246.5055555555555,PVC,V,448644,448654,448692,448721,448770,448805,448838,448872,normal
201,1339,449223,1247.8416666666667,NORMAL,N,449143,449159,449179,449207,449231,449277,449313,449341,normal
201,1340,449627,1248.963888888889,NORMAL,N,449542,449559,449582,449608,449636,449689,449725,449755,normal
201,1341,449994,1249.9833333333333,PVC,V,449913,449940,449961,449973,450022,450054,450090,450128,normal
201,1342,450486,1251.35,NORMAL,N,450396,450414,450437,450468,450495,450548,450585,450617,normal
201,1343,450925,1252.5694444444443,NORMAL,N,450840,450859,450880,450909,450934,450985,451021,451052,normal
201,1344,451153,1253.2027777777778,ABERR,a,,,,451085,451192,,,,
201,1345,451291,1253.5861111111112,ABERR,a,451220,451224,451237,451245,451346,451349,451405,451434,inverted
201,1346,451607,1254.463888888889,NORMAL,N,451524,451542,451561,451589,451615,451663,451701,451730,normal
201,1347,452002,1255.5611111111111,NORMAL,N,451920,451937,451959,451986,452011,452062,452092,452127,normal
201,1348,452194,1256.0944444444444,ABERR,a,,,,452162,452257,452259,452295,452328,normal
201,1349,452708,1257.5222222222221,NORMAL,N,452621,452639,452660,452691,452717,452773,452817,452846,normal
201,1350,453153,1258.7583333333334,NORMAL,N,453068,453084,453105,453135,453162,453216,453253,453283,normal
201,1351,453478,1259.661111111111,PVC,V,453383,453393,453401,453454,453509,453542,453571,453605,normal
201,1352,453983,1261.0638888888889,NORMAL,N,453901,453918,453939,453966,453992,454042,454083,454115,normal
201,1353,454414,1262.2611111111112,NORMAL,N,454329,454345,454366,454398,454428,454470,454516,454548,normal
201,1354,454843,1263.4527777777778,NORMAL,N,454754,454772,454795,454826,454852,454908,454938,454973,normal
201,1355,455077,1264.1027777777779,ABERR,a,,,,455013,455078,455104,455153,455186,normal
201,1356,455557,1265.4361111111111,NORMAL,N,455472,455489,455512,455538,455565,455615,455656,455684,normal
201,1357,455967,1266.575,NORMAL,N,455884,455902,455923,455952,455981,456022,456058,456088,normal
201,1358,456282,1267.45,PVC,V,456226,456234,456246,456258,456309,456339,456369,456403,normal
201,1359,456802,1268.8944444444444,NORMAL,N,456712,456730,456752,456783,456817,456871,456911,456945,normal
201,1360,457247,1270.1305555555555,NORMAL,N,457155,457175,457197,457229,457257,457308,457347,457377,normal
201,1361,457665,1271.2916666666667,NORMAL,N,457580,457598,457618,457649,457680,457725,457762,457793,normal
201,1362,458018,1272.2722222222221,PVC,V,457928,457953,457986,457998,458045,458075,458108,458142,normal
201,1363,458472,1273.5333333333333,NORMAL,N,458393,458409,458428,458455,458485,458529,458559,458597,normal
201,1364,458694,1274.15,ABERR,a,458598,458605,458623,458636,458727,458729,458764,458796,normal
201,1365,459141,1275.3916666666667,NORMAL,N,459054,459072,459094,459122,459150,459212,459248,459279,normal
201,1366,459587,1276.6305555555555,NORMAL,N,459496,459515,459536,459570,459597,459643,459688,459716,normal
201,1367,459997,1277.7694444444444,NORMAL,N,459912,459929,459951,459979,460006,460055,460089,460117,normal
201,1368,460344,1278.7333333333333,PVC,V,460265,460274,460312,460324,460372,460400,460436,460473,normal
201,1369,460782,1279.95,NORMAL,N,460698,460714,460736,460765,460791,460843,460880,460910,normal
201,1370,461233,1281.2027777777778,NORMAL,N,461149,461166,461186,461217,461242,461293,461335,461367,normal
201,1371,461566,1282.1277777777777,PVC,V,,,,461538,461594,461629,461662,461701,normal
201,1372,462070,1283.5277777777778,NORMAL,N,461985,462005,462024,462054,462078,462130,462159,462196,normal
201,1373,462722,1285.338888888889,NORMAL,N,462638,462656,462677,462704,462730,462780,462817,462846,normal
201,1374,463131,1286.475,NORMAL,N,463042,463061,463082,463113,463141,463196,463236,463267,normal
201,1375,463579,1287.7194444444444,NORMAL,N,463491,463509,463530,463561,463594,463641,463681,463716,normal
201,1376,463954,1288.7611111111112,PVC,V,463833,463844,463895,463934,463981,464013,464048,464085,normal
201,1377,464406,1290.0166666666667,NORMAL,N,464321,464339,464361,464389,464414,464464,464492,464525,normal
201,1378,464620,1290.611111111111,ABERR,a,,,,464560,464621,464656,464692,464723,normal
201,1379,465066,1291.85,NORMAL,N,464976,464996,465018,465048,465076,465130,465167,465198,normal
201,1380,465498,1293.05,NORMAL,N,465411,465430,465451,465482,465512,465557,465598,465628,normal
201,1381,465933,1294.2583333333334,NORMAL,N,465841,465861,465884,465914,465943,465998,466040,466071,normal
201,1382,466302,1295.2833333333333,PVC,V,466222,466233,466247,466282,466330,466360,466393,466429,normal
201,1383,466744,1296.5111111111112,NORMAL,N,466661,466679,466698,466727,466753,466804,466838,466865,normal
201,1384,467153,1297.6472222222221,NORMAL,N,467072,467090,467109,467138,467166,467213,467249,467278,normal
201,1385,467488,1298.5777777777778,PVC,V,467395,467405,467413,467467,467515,467553,467586,467624,normal
201,1386,467986,1299.9611111111112,NORMAL,N,467896,467916,467938,467968,467995,468051,468089,468121,normal
201,1387,468406,1301.1277777777777,NORMAL,N,468322,468340,468361,468390,468415,468467,468503,468534,normal
201,1388,468749,1302.0805555555555,PVC,V,468665,468680,468711,468730,468778,468813,468844,468881,normal
201,1389,469203,1303.3416666666667,NORMAL,N,469122,469140,469159,469188,469212,469257,469296,469325,normal
201,1390,469601,1304.4472222222223,NORMAL,N,469514,469532,469553,469584,469610,469667,469704,469738,normal
201,1391,469984,1305.5111111111112,PVC,V,469902,469923,469951,469963,470015,470047,470087,470126,normal
201,1392,470429,1306.7472222222223,NORMAL,N,470340,470359,470381,470411,470438,470489,470530,470560,normal
201,1393,470854,1307.9277777777777,NORMAL,N,470771,470788,470807,470838,470862,470914,470943,470972,normal
201,1394,471167,1308.7972222222222,PVC,V,471068,471094,471131,471143,471193,471228,471259,471295,normal
201,1395,471661,1310.1694444444445,NORMAL,N,471578,471596,471615,471644,471670,471720,471762,471795,normal
201,1396,472093,1311.3694444444445,NORMAL,N,472006,472023,472045,472074,472102,472163,472196,472228,normal
201,1397,472482,1312.45,PVC,V,472382,472392,472404,472459,472512,472545,472578,472613,normal
201,1398,472951,1313.7527777777777,NORMAL,N,472867,472885,472906,472934,472960,473014,473048,473079,normal
201,1399,473367,1314.9083333333333,NORMAL,N,473285,473302,473321,473350,473380,473428,473461,473494,normal
201,1400,473715,1315.875,PVC,V,473636,473654,473684,473696,473742,473775,473808,473844,normal
201,1401,474196,1317.2111111111112,NORMAL,N,474102,474123,474144,474177,474211,474264,474302,474333,normal
201,1402,474628,1318.411111111111,NORMAL,N,474536,474555,474578,474609,474638,474694,474726,474755,normal
201,1403,475012,1319.4777777777779,PVC,V,474962,474978,474986,474994,475038,475066,475100,475136,normal
201,1404,475439,1320.6638888888888,NORMAL,N,475356,475374,475394,475422,475448,475499,475536,475566,normal
201,1405,475869,1321.8583333333333,NORMAL,N,475780,475798,475819,475850,475883,475936,475969,476000,normal
201,1406,476236,1322.8777777777777,PVC,V,476139,476181,476202,476214,476265,476300,476335,476370,normal
201,1407,476715,1324.2083333333333,NORMAL,N,476626,476644,476666,476698,476724,476783,476822,476854,normal
201,1408,477137,1325.3805555555555,NORMAL,N,477053,477071,477092,477121,477146,477196,477232,477262,normal
201,1409,477506,1326.4055555555556,PVC,V,477458,477474,477480,477488,477532,477564,477596,477632,normal
201,1410,477923,1327.5638888888889,NORMAL,N,477836,477854,477876,477905,477932,477988,478021,478049,normal
201,1411,478355,1328.763888888889,NORMAL,N,478265,478284,478309,478337,478364,478422,478457,478489,normal
201,1412,478740,1329.8333333333333,PVC,V,478653,478664,478706,478718,478769,478801,478836,478874,normal
201,1413,479168,1331.0222222222221,NORMAL,N,479087,479105,479123,479151,479177,479227,479264,479294,normal
201,1414,479596,1332.2111111111112,NORMAL,N,479509,479527,479548,479579,479605,479661,479695,479725,normal
201,1415,479932,1333.1444444444444,PVC,V,479802,479831,479859,479912,479960,479993,480026,480063,normal
201,1416,480402,1334.45,NORMAL,N,480314,480334,480354,480385,480411,480458,480502,480533,normal
201,1417,480827,1335.6305555555555,NORMAL,N,480742,480759,480781,480810,480837,480895,480930,480960,normal
201,1418,481230,1336.75,PVC,V,481117,481140,481179,481209,481259,481293,481329,481366,normal
201,1419,481690,1338.0277777777778,NORMAL,N,481605,481624,481646,481673,481699,481751,481786,481814,normal
201,1420,482104,1339.1777777777777,NORMAL,N,482019,482037,482057,482088,482113,482165,482201,482229,normal
201,1421,482466,1340.1833333333334,PVC,V,482298,482341,482353,482446,482492,482529,482561,482597,normal
201,1422,482977,1341.6027777777779,NORMAL,N,482891,482911,482931,482961,482986,483048,483082,483114,normal
201,1423,483404,1342.7888888888888,NORMAL,N,483316,483332,483354,483385,483413,483469,483500,483530,normal
201,1424,483781,1343.8361111111112,PVC,V,483726,483744,483753,483762,483809,483837,483872,483908,normal
201,1425,484199,1344.9972222222223,NORMAL,N,484118,484135,484155,484182,484208,484258,484292,484321,normal
201,1426,484621,1346.1694444444445,NORMAL,N,484537,484555,484575,484605,484634,484686,484722,484751,normal
201,1427,484984,1347.1777777777777,PVC,V,484877,484895,484934,484963,485014,485053,485088,485127,normal
201,1428,485491,1348.5861111111112,NORMAL,N,485401,485420,485441,485473,485505,485554,485592,485620,normal
201,1429,485888,1349.6888888888889,NORMAL,N,485805,485823,485844,485872,485897,485942,485980,486008,normal
201,1430,486248,1350.6888888888889,PVC,V,486158,486172,486221,486230,486275,486305,486339,486375,normal
201,1431,486690,1351.9166666666667,NORMAL,N,486601,486619,486640,486672,486700,486751,486793,486823,normal
201,1432,487119,1353.1083333333333,NORMAL,N,487028,487047,487067,487100,487134,487180,487223,487252,normal
201,1433,487504,1354.1777777777777,PVC,V,487439,487457,487474,487483,487532,487567,487602,487642,normal
201,1434,487966,1355.4611111111112,NORMAL,N,487882,487900,487919,487950,487974,488023,488059,488089,normal
201,1435,488366,1356.5722222222223,NORMAL,N,488283,488301,488322,488350,488375,488419,488456,488485,normal
201,1436,488720,1357.5555555555557,PVC,V,488630,488643,488687,488699,488748,488780,488817,488855,normal
201,1437,489203,1358.8972222222221,NORMAL,N,489110,489128,489152,489184,489213,489270,489308,489339,normal
201,1438,489657,1360.1583333333333,NORMAL,N,489569,489587,489608,489641,489671,489717,489755,489786,normal
201,1439,490011,1361.1416666666667,PVC,V,489942,489950,489979,489991,490036,490070,490100,490134,normal
201,1440,490462,1362.3944444444444,NORMAL,N,490377,490396,490417,490444,490471,490525,490564,490592,normal
201,1441,490879,1363.5527777777777,NORMAL,N,490792,490810,490830,490861,490888,490946,490978,491009,normal
201,1442,491236,1364.5444444444445,PVC,V,491145,491171,491202,491214,491265,491300,491333,491372,normal
201,1443,491707,1365.8527777777779,NORMAL,N,491620,491641,491660,491691,491715,491766,491809,491840,normal
201,1444,492126,1367.0166666666667,NORMAL,N,492037,492057,492078,492107,492134,492190,492226,492255,normal
201,1445,492505,1368.0694444444443,PVC,V,492430,492440,492477,492487,492533,492566,492599,492635,normal
201,1446,492923,1369.2305555555556,NORMAL,N,492839,492857,492876,492906,492931,492982,493017,493048,normal
201,1447,493375,1370.486111111111,NORMAL,N,493281,493302,493324,493357,493384,493440,493478,493508,normal
201,1448,493857,1371.825,NORMAL,N,493766,493789,493810,493839,493866,493919,493955,493988,normal
201,1449,494286,1373.0166666666667,NORMAL,N,494198,494217,494237,494269,494300,494350,494385,494414,normal
201,1450,494707,1374.1861111111111,NORMAL,N,494621,494640,494662,494691,494716,494766,494802,494832,normal
201,1451,495134,1375.3722222222223,NORMAL,N,495054,495070,495090,495118,495142,495193,495229,495259,normal
201,1452,495556,1376.5444444444445,NORMAL,N,495472,495487,495508,495539,495565,495617,495658,495690,normal
201,1453,496017,1377.825,NORMAL,N,495922,495940,495961,495998,496032,496084,496122,496153,normal
201,1454,496452,1379.0333333333333,NORMAL,N,,,,496436,496461,496508,496546,496574,normal
201,1455,496861,1380.1694444444445,NORMAL,N,496781,496797,496816,496846,496873,496917,496957,496986,normal
201,1456,497265,1381.2916666666667,NORMAL,N,497180,497196,497218,497249,497274,497327,497365,497396,normal
201,1457,497710,1382.5277777777778,NORMAL,N,497617,497636,497659,497694,497723,497771,497811,497841,normal
201,1458,498142,1383.7277777777779,NORMAL,N,498054,498073,498096,498126,498151,498209,498244,498274,normal
201,1459,498585,1384.9583333333333,NORMAL,N,498495,498514,498534,498569,498598,498649,498687,498718,normal
201,1460,499001,1386.1138888888888,NORMAL,N,498918,498935,498956,498985,499010,499065,499098,499127,normal
201,1461,499411,1387.2527777777777,NORMAL,N,499325,499343,499364,499395,499423,499469,499504,499533,normal
201,1462,499827,1388.4083333333333,NORMAL,N,499742,499759,499781,499812,499837,499890,499929,499961,normal
201,1463,500284,1389.6777777777777,NORMAL,N,500190,500211,500231,500268,500298,500353,500392,500424,normal
201,1464,500725,1390.9027777777778,NORMAL,N,500637,500655,500677,500708,500734,500789,500823,500851,normal
201,1465,501150,1392.0833333333333,NORMAL,N,501065,501084,501104,501135,501159,501213,501247,501280,normal
201,1466,501573,1393.2583333333334,NORMAL,N,501491,501508,501529,501558,501582,501632,501670,501701,normal
201,1467,502007,1394.463888888889,NORMAL,N,501921,501937,501957,501991,502019,502074,502110,502140,normal
201,1468,502450,1395.6944444444443,NORMAL,N,502359,502377,502399,502435,502459,502507,502550,502584,normal
201,1469,502889,1396.9138888888888,NORMAL,N,502803,502820,502843,502873,502901,502954,502990,503022,normal
201,1470,503305,1398.0694444444443,NORMAL,N,503222,503240,503260,503290,503314,503364,503400,503431,normal
201,1471,503710,1399.1944444444443,NORMAL,N,503627,503644,503664,503695,503722,503775,503807,503835,normal
201,1472,504145,1400.4027777777778,NORMAL,N,504051,504071,504093,504128,504154,504215,504250,504282,normal
201,1473,504595,1401.6527777777778,NORMAL,N,504506,504524,504547,504579,504608,504659,504692,504723,normal
201,1474,505022,1402.838888888889,NORMAL,N,504936,504955,504977,505006,505031,505082,505125,505154,normal
201,1475,505435,1403.986111111111,NORMAL,N,505348,505367,505387,505420,505448,505498,505530,505560,normal
201,1476,505842,1405.1166666666666,NORMAL,N,505757,505775,505795,505827,505851,505900,505935,505966,normal
201,1477,506257,1406.2694444444444,NORMAL,N,506171,506189,506209,506241,506265,506317,506356,506387,normal
201,1478,506696,1407.4888888888888,NORMAL,N,506603,506624,506644,506679,506709,506761,506806,506837,normal
201,1479,507146,1408.7388888888888,NORMAL,N,507057,507074,507098,507130,507159,507210,507244,507276,normal
201,1480,507556,1409.8777777777777,NORMAL,N,507473,507491,507510,507542,507567,507614,507648,507677,normal
201,1481,507954,1410.9833333333333,PVC,V,507880,507896,507916,507931,507958,508012,508048,508083,normal
201,1482,508377,1412.1583333333333,NORMAL,N,508288,508306,508327,508361,508386,508446,508483,508515,normal
201,1483,508791,1413.3083333333334,NORMAL,N,508700,508720,508741,508775,508800,508857,508893,508926,normal
201,1484,509230,1414.5277777777778,NORMAL,N,509144,509162,509181,509215,509239,509294,509333,509364,normal
201,1485,509652,1415.7,NORMAL,N,509568,509585,509606,509636,509661,509715,509746,509774,normal
201,1486,510063,1416.8416666666667,NORMAL,N,509984,510001,510020,510048,510075,510124,510158,510187,normal
201,1487,510464,1417.9555555555555,PVC,V,510386,510404,510424,510442,510487,510528,510562,510599,normal
201,1488,510915,1419.2083333333333,NORMAL,N,510824,510843,510863,510899,510923,510982,511017,511048,normal
201,1489,511357,1420.4361111111111,NORMAL,N,511268,511287,511309,511341,511366,511422,511455,511485,normal
201,1490,511767,1421.575,NORMAL,N,511686,511704,511724,511752,511776,511826,511861,511890,normal
201,1491,512172,1422.7,NORMAL,N,512085,512103,512125,512156,512181,512238,512273,512304,normal
201,1492,512583,1423.8416666666667,NORMAL,N,512494,512511,512532,512567,512591,512644,512684,512715,normal
201,1493,513000,1425.0,NORMAL,N,512909,512929,512952,512984,513009,513063,513099,513130,normal
201,1494,513434,1426.2055555555555,NORMAL,N,513351,513367,513388,513418,513447,513500,513538,513572,normal
201,1495,513845,1427.3472222222222,NORMAL,N,513757,513776,513796,513829,513853,513903,513944,513976,normal
201,1496,514239,1428.4416666666666,NORMAL,N,514156,514172,514194,514224,514248,514296,514333,514362,normal
201,1497,514630,1429.5277777777778,NORMAL,N,514546,514563,514585,514615,514639,514690,514730,514762,normal
201,1498,515063,1430.7305555555556,NORMAL,N,514969,514988,515012,515046,515076,515126,515164,515193,normal
201,1499,515501,1431.9472222222223,NORMAL,N,515414,515434,515455,515486,515513,515556,515599,515630,normal
201,1500,515916,1433.1,NORMAL,N,515828,515846,515867,515900,515928,515981,516014,516044,normal
201,1501,516326,1434.2388888888888,NORMAL,N,516239,516257,516277,516311,516334,516387,516422,516451,normal
201,1502,516741,1435.3916666666667,NORMAL,N,516658,516675,516696,516726,516750,516797,516836,516865,normal
201,1503,517167,1436.575,NORMAL,N,517080,517099,517120,517151,517176,517229,517267,517297,normal
201,1504,517614,1437.8166666666666,NORMAL,N,517520,517539,517563,517597,517623,517679,517723,517754,normal
201,1505,518050,1439.0277777777778,NORMAL,N,517961,517979,518000,518034,518063,518114,518148,518176,normal
201,1506,518448,1440.1333333333334,NORMAL,N,518366,518382,518404,518434,518456,518504,518540,518570,normal
201,1507,518855,1441.263888888889,NORMAL,N,518776,518792,518812,518840,518867,518915,518954,518984,normal
201,1508,519269,1442.4138888888888,NORMAL,N,519178,519196,519220,519252,519278,519335,519375,519406,normal
201,1509,519716,1443.6555555555556,NORMAL,N,519625,519643,519665,519700,519730,519778,519820,519849,normal
201,1510,520106,1444.7388888888888,NORMAL,N,520019,520038,520058,520090,520115,520163,520205,520236,normal
201,1511,520536,1445.9333333333334,NORMAL,N,520454,520471,520492,520520,520548,520595,520628,520658,normal
201,1512,520917,1446.9916666666666,NORMAL,N,520836,520853,520872,520901,520925,520974,521009,521035,normal
201,1513,521334,1448.15,NORMAL,N,521247,521265,521285,521318,521344,521404,521438,521468,normal
201,1514,521768,1449.3555555555556,NORMAL,N,521675,521696,521720,521751,521778,521836,521871,521902,normal
201,1515,522236,1450.6555555555556,PVC,V,522164,522183,522204,522213,522242,,522243,522328,positive_monophasic
201,1516,522425,1451.1805555555557,ABERR,a,,,,522410,522441,,,,
201,1517,522564,1451.5666666666666,APC,A,522494,522519,522538,522550,522575,522625,522651,522673,normal
201,1518,522929,1452.5805555555555,NORMAL,N,522841,522859,522880,522912,522938,522988,523031,523062,normal
201,1519,523356,1453.7666666666667,NORMAL,N,523272,523288,523308,523341,523368,523418,523441,523446,normal
201,1520,523552,1454.3111111111111,ABERR,a,523451,523460,523481,523541,523570,523603,523654,523685,normal
201,1521,524044,1455.6777777777777,NORMAL,N,523955,523972,523993,524027,524053,524113,524156,524186,normal
201,1522,524466,1456.85,NORMAL,N,524376,524395,524418,524450,524475,524529,524552,524557,normal
201,1523,524642,1457.338888888889,ABERR,a,524561,524568,524589,524627,524647,,,,
201,1524,524787,1457.7416666666666,ABERR,a,524689,524723,524753,524762,524792,524869,524894,524922,normal
201,1525,525130,1458.6944444444443,NORMAL,N,525044,525061,525082,525114,525139,525186,525232,525258,normal
201,1526,525535,1459.8194444444443,NORMAL,N,525447,525465,525486,525520,525543,525588,525639,525668,normal
201,1527,525985,1461.0694444444443,FUSION,F,525889,525907,525929,525952,525991,526039,526073,526108,normal
201,1528,526410,1462.25,NORMAL,N,526323,526341,526362,526394,526422,526474,526487,526501,normal
201,1529,526589,1462.7472222222223,ABERR,a,526503,526509,526531,526573,526603,526649,526680,526707,normal
201,1530,527104,1464.1777777777777,NORMAL,N,527021,527041,527062,527088,527113,527169,527191,527195,normal
201,1531,527311,1464.7527777777777,ABERR,a,527199,527209,527230,527297,527317,527374,527423,527458,normal
201,1532,527807,1466.1305555555555,NORMAL,N,527714,527741,527760,527792,527816,527878,527914,527944,normal
201,1533,528551,1468.1972222222223,NORMAL,N,528462,528482,528503,528533,528561,528622,528645,528653,normal
201,1534,528739,1468.7194444444444,ABERR,a,528656,528664,528685,528723,528768,528802,528834,528871,normal
201,1535,529260,1470.1666666666667,NORMAL,N,529181,529199,529220,529244,529268,529325,529352,529385,normal
201,1536,529460,1470.7222222222222,ABERR,a,,,,529445,529464,529528,529570,529604,normal
201,1537,529957,1472.1027777777779,NORMAL,N,529862,529888,529911,529940,529966,530023,530055,530092,normal
201,1538,530696,1474.1555555555556,NORMAL,N,530618,530637,530659,530679,530706,,530764,530792,positive_monophasic
201,1539,530879,1474.6638888888888,ABERR,a,530794,530816,530836,530864,530896,530939,530972,531003,normal
201,1540,531414,1476.15,NORMAL,N,531340,531355,531375,531399,531423,,531448,531501,positive_monophasic
201,1541,531597,1476.6583333333333,ABERR,a,,,,531582,531601,531661,531710,531743,normal
201,1542,532106,1478.0722222222223,NORMAL,N,532026,532045,532064,532090,532114,532174,532197,532202,normal
201,1543,532321,1478.6694444444445,ABERR,a,532220,532260,532276,532306,532338,532372,532423,532456,normal
201,1544,532856,1480.1555555555556,NORMAL,N,532757,532785,532808,532839,532865,532925,532958,532995,normal
201,1545,533556,1482.1,NORMAL,N,533473,533494,533512,533539,533564,533615,533644,533681,normal
201,1546,533751,1482.6416666666667,ABERR,a,,,,533714,533760,533788,533823,533859,normal
201,1547,534243,1484.0083333333334,NORMAL,N,534173,534192,534212,534226,534253,,534283,534348,positive_monophasic
201,1548,534444,1484.5666666666666,ABERR,a,,,,534428,534458,534501,534537,534562,normal
201,1549,534982,1486.0611111111111,NORMAL,N,534902,534927,534948,534964,534991,,535023,535085,positive_monophasic
201,1550,535177,1486.6027777777779,ABERR,a,,,,535161,535194,535208,535225,535268,inverted
201,1551,535315,1486.986111111111,APC,A,,,,535300,535327,535379,535410,535434,normal
201,1552,535691,1488.0305555555556,NORMAL,N,535602,535622,535642,535674,535700,535752,535772,535778,normal
201,1553,535865,1488.513888888889,ABERR,a,535782,535790,535812,535851,535869,535927,535974,536003,normal
201,1554,536376,1489.9333333333334,NORMAL,N,536289,536310,536329,536360,536385,536442,536475,536515,normal
201,1555,537135,1492.0416666666667,NORMAL,N,537045,537067,537088,537116,537150,,537175,537228,positive_monophasic
201,1556,537312,1492.5333333333333,ABERR,a,,,,537298,537332,537376,537410,537450,normal
201,1557,537841,1494.0027777777777,NORMAL,N,537759,537784,537804,537827,537850,537905,537932,537969,normal
201,1558,538026,1494.5166666666667,ABERR,a,537970,537979,537997,538009,538033,,,,
201,1559,538146,1494.85,ABERR,a,538042,538074,538100,538112,538152,538178,538252,538278,biphasic_negative_positive
201,1560,538539,1495.9416666666666,NORMAL,N,538454,538471,538492,538523,538548,538601,538623,538629,normal
201,1561,538729,1496.4694444444444,ABERR,a,538633,538645,538668,538714,538735,538810,538846,538877,normal
201,1562,539284,1498.0111111111112,NORMAL,N,539189,539215,539234,539267,539293,539353,539387,539430,normal
201,1563,540001,1500.0027777777777,NORMAL,N,539920,539940,539959,539986,540012,540063,540084,540090,normal
201,1564,540194,1500.5388888888888,ABERR,a,540095,540104,540128,540159,540202,540230,540263,540297,normal
201,1565,540693,1501.925,NORMAL,N,540610,540629,540649,540677,540702,540764,540786,540794,normal
201,1566,540888,1502.4666666666667,ABERR,a,540798,540804,540825,540873,540893,540953,541012,541047,normal
201,1567,541446,1504.0166666666667,NORMAL,N,541361,541380,541401,541430,541455,541515,541536,541543,normal
201,1568,541630,1504.5277777777778,ABERR,a,541547,541555,541575,541614,541648,541690,541723,541752,normal
201,1569,541866,1505.1833333333334,NORMAL,N,541773,541783,541798,541850,541876,,,,
201,1570,542231,1506.1972222222223,NORMAL,N,542145,542162,542183,542216,542240,542291,542313,542319,normal
201,1571,542398,1506.661111111111,APC,A,,,,542382,542411,542458,542490,542514,normal
201,1572,542922,1508.1166666666666,NORMAL,N,542842,542861,542880,542906,542931,542992,543015,543020,normal
201,1573,543146,1508.7388888888888,ABERR,a,543024,543028,543052,543118,543153,543218,543256,543290,normal
201,1574,543694,1510.2611111111112,NORMAL,N,543599,543623,543644,543676,543704,543766,543801,543829,normal
201,1575,544401,1512.225,NORMAL,N,544320,544338,544360,544386,544413,544464,544494,544528,normal
201,1576,544598,1512.7722222222221,ABERR,a,,,,544558,544606,544639,544671,544707,normal
201,1577,545134,1514.2611111111112,NORMAL,N,545060,545076,545097,545116,545144,,545173,545234,positive_monophasic
201,1578,545326,1514.7944444444445,APC,A,,,,545310,545339,545385,545419,545449,normal
201,1579,545890,1516.361111111111,NORMAL,N,545794,545821,545841,545873,545899,545953,545974,545978,normal
201,1580,546099,1516.9416666666666,ABERR,a,545995,546034,546051,546084,546104,546167,546214,546246,normal
201,1581,546602,1518.338888888889,NORMAL,N,546520,546539,546557,546587,546610,546661,546690,546726,normal
201,1582,547296,1520.2666666666667,NORMAL,N,547206,547226,547245,547278,547305,,547360,547388,positive_monophasic
201,1583,547484,1520.7888888888888,ABERR,a,547396,547404,547427,547468,547517,,547529,547590,positive_monophasic
201,1584,547639,1521.2194444444444,ABERR,a,,,,547625,547670,547699,547733,547767,normal
201,1585,548033,1522.3138888888889,NORMAL,N,547946,547964,547984,548017,548042,548093,548114,548121,normal
201,1586,548215,1522.8194444444443,ABERR,a,548125,548135,548155,548199,548219,,,,
201,1587,548342,1523.1722222222222,ABERR,a,,,,548329,548346,548348,548444,548471,biphasic_negative_positive
201,1588,548743,1524.286111111111,NORMAL,N,548657,548679,548697,548726,548751,548806,548883,548919,biphasic_positive_negative
201,1589,549054,1525.15,NORMAL,N,548947,548973,549007,549038,549063,549139,549156,549181,normal
201,1590,549479,1526.3305555555555,NORMAL,N,549386,549408,549429,549462,549488,,549537,549572,positive_monophasic
201,1591,549690,1526.9166666666667,ABERR,a,,,,549670,549698,549753,549804,549836,normal
201,1592,550264,1528.5111111111112,NORMAL,N,550165,550191,550213,550247,550274,550330,550367,550396,normal
201,1593,550974,1530.4833333333333,NORMAL,N,550887,550907,550927,550957,550982,551033,551065,551094,normal
201,1594,551162,1531.0055555555555,ABERR,a,,,,551124,551170,551200,551236,551273,normal
201,1595,551701,1532.5027777777777,NORMAL,N,551612,551632,551652,551683,551710,551769,551907,551917,biphasic_positive_negative
201,1596,552444,1534.5666666666666,NORMAL,N,552360,552376,552397,552428,552453,,552471,552524,positive_monophasic
201,1597,552618,1535.05,ABERR,a,552536,552544,552565,552602,552637,552684,552714,552750,normal
201,1598,553147,1536.5194444444444,NORMAL,N,553065,553082,553102,553131,553159,553203,553244,553273,normal
201,1599,553558,1537.661111111111,NORMAL,N,553475,553492,553512,553542,553568,553620,553659,553686,normal
201,1600,553997,1538.8805555555555,NORMAL,N,553906,553925,553947,553981,554011,554059,554096,554124,normal
201,1601,554369,1539.9138888888888,PVC,V,,,,554343,554383,554430,554465,554500,normal
201,1602,554614,1540.5944444444444,NORMAL,N,554523,554557,554586,554598,554624,554664,554710,554739,normal
201,1603,555140,1542.0555555555557,NORMAL,N,555055,555078,555098,555124,555149,555201,555227,555261,normal
201,1604,555843,1544.0083333333334,NORMAL,N,555758,555778,555799,555826,555853,555909,555931,555936,normal
201,1605,556053,1544.5916666666667,ABERR,a,555941,555947,555971,556013,556054,556099,556133,556170,normal
201,1606,556578,1546.05,NORMAL,N,556490,556511,556532,556561,556591,556648,556680,556716,normal
201,1607,557279,1547.9972222222223,NORMAL,N,557197,557209,557235,557263,557288,,557325,557368,positive_monophasic
201,1608,557456,1548.4888888888888,ABERR,a,,,,557441,557484,,,,
201,1609,557603,1548.8972222222221,APC,A,557521,557546,557569,557588,557615,557672,557693,557717,normal
201,1610,557942,1549.838888888889,NORMAL,N,557855,557875,557893,557926,557951,558008,558042,558072,normal
201,1611,558270,1550.75,NORMAL,N,558179,558207,558242,558254,558279,558333,558379,558409,normal
201,1612,558644,1551.7888888888888,NORMAL,N,558552,558572,558596,558627,558654,,558683,558738,positive_monophasic
201,1613,558831,1552.3083333333334,APC,A,558754,558787,558801,558814,558847,558865,558876,558923,inverted
201,1614,558970,1552.6944444444443,APC,A,,,,558956,558980,559027,559059,559083,normal
201,1615,559323,1553.675,NORMAL,N,559239,559256,559276,559307,559332,,559369,559413,positive_monophasic
201,1616,559499,1554.1638888888888,APC,A,559416,559424,559446,559485,559514,559527,559539,559585,inverted
201,1617,559629,1554.525,APC,A,,,,559614,559639,559691,559717,559743,normal
201,1618,559990,1555.5277777777778,NORMAL,N,559902,559919,559940,559973,559999,,560033,560082,positive_monophasic
201,1619,560176,1556.0444444444445,APC,A,560088,560098,560120,560160,560189,560236,560268,560294,normal
201,1620,560711,1557.5305555555556,NORMAL,N,560631,560644,560663,560694,560720,560786,560821,560851,normal
201,1621,561435,1559.5416666666667,NORMAL,N,561348,561369,561392,561418,561444,561502,561522,561528,normal
201,1622,561609,1560.025,ABERR,a,561531,561536,561558,561593,561638,,,,
201,1623,561736,1560.3777777777777,ABERR,a,561672,561694,561714,561722,561763,561797,561822,561854,normal
201,1624,562131,1561.475,NORMAL,N,562040,562061,562084,562114,562141,562192,562222,562257,normal
201,1625,562313,1561.9805555555556,ABERR,a,562258,562271,562287,562297,562320,562333,562353,562424,inverted
201,1626,562475,1562.4305555555557,ABERR,a,,,,562459,562480,562553,562747,562763,biphasic_positive_negative
201,1627,562924,1563.6777777777777,NORMAL,N,562832,562852,562875,562906,562934,562982,563026,563055,normal
201,1628,563380,1564.9444444444443,NORMAL,N,563297,563313,563333,563364,563388,563444,563469,563501,normal
201,1629,563573,1565.4805555555556,ABERR,a,,,,563560,563589,563620,563669,563699,normal
201,1630,564083,1566.8972222222221,NORMAL,N,564000,564019,564037,564067,564091,564146,564174,564210,normal
201,1631,564262,1567.3944444444444,ABERR,a,,,,564246,564291,564324,564352,564386,normal
201,1632,564807,1568.9083333333333,NORMAL,N,564716,564735,564757,564789,564816,564881,564915,564945,normal
201,1633,565550,1570.9722222222222,FUSION,F,565468,565491,565512,565525,565572,,565596,565645,positive_monophasic
201,1634,565731,1571.475,ABERR,a,565654,565672,565677,565717,565752,565794,565825,565858,normal
201,1635,566245,1572.9027777777778,NORMAL,N,566162,566179,566201,566229,566255,566309,566347,566375,normal
201,1636,566986,1574.9611111111112,NORMAL,N,566890,566914,566936,566968,566996,,567022,567071,positive_monophasic
201,1637,567188,1575.5222222222221,ABERR,a,567082,567089,567112,567150,567196,567229,567266,567303,normal
201,1638,567710,1576.9722222222222,NORMAL,N,567623,567645,567664,567694,567718,567771,567799,567834,normal
201,1639,568398,1578.8833333333334,NORMAL,N,568318,568335,568355,568382,568406,568458,568487,568525,normal
201,1640,569095,1580.8194444444443,NORMAL,N,569003,569025,569044,569077,569105,569166,569189,569193,normal
201,1641,569289,1581.3583333333333,ABERR,a,569197,569204,569229,569272,569320,569356,569393,569430,normal
201,1642,569830,1582.861111111111,NORMAL,N,569749,569768,569786,569815,569839,569890,569919,569952,normal
201,1643,570495,1584.7083333333333,NORMAL,N,570411,570433,570450,570478,570503,,570550,570584,positive_monophasic
201,1644,570674,1585.2055555555555,ABERR,a,570591,570593,570619,570660,570706,,,,
201,1645,570815,1585.5972222222222,ABERR,a,570745,570769,570792,570801,570845,570876,570911,570944,normal
201,1646,571017,1586.1583333333333,APC,A,,,,570999,571027,571079,571114,571136,normal
201,1647,571585,1587.736111111111,NORMAL,N,571497,571519,571537,571568,571594,571655,571729,571776,biphasic_positive_negative
201,1648,571924,1588.6777777777777,NORMAL,N,,,,571907,571935,571984,572028,572052,normal
201,1649,572349,1589.8583333333333,NORMAL,N,572253,572278,572301,572332,572358,572410,572437,572473,normal
201,1650,572543,1590.3972222222221,ABERR,a,572474,572484,572517,572529,572550,572600,572649,572681,normal
201,1651,573051,1591.8083333333334,NORMAL,N,572951,572982,573003,573033,573061,573119,573145,573175,normal
201,1652,573802,1593.8944444444444,NORMAL,N,573715,573734,573758,573782,573818,,573833,573897,positive_monophasic
201,1653,573990,1594.4166666666667,ABERR,a,,,,573972,574018,574056,574087,574122,normal
201,1654,574488,1595.8,NORMAL,N,574404,574422,574442,574471,574497,574552,574629,574670,biphasic_positive_negative
201,1655,574803,1596.675,NORMAL,N,574691,574728,574751,574788,574811,574861,574892,574920,normal
201,1656,574989,1597.1916666666666,NORMAL,N,,,,574973,574997,575019,575034,575079,inverted
201,1657,575137,1597.6027777777779,NORMAL,N,,,,575122,575149,575206,575226,575247,normal
201,1658,575350,1598.1944444444443,NORMAL,N,575265,575281,575292,575332,575360,575382,575402,575449,inverted
201,1659,575526,1598.6833333333334,NORMAL,N,,,,575510,575535,575548,575581,575621,inverted
201,1660,575700,1599.1666666666667,NORMAL,N,,,,575683,575710,575712,575744,575792,inverted
201,1661,575857,1599.6027777777779,NORMAL,N,,,,575842,575869,575871,575951,575976,biphasic_negative_positive
201,1662,576047,1600.1305555555555,NORMAL,N,,,,576029,576058,576082,576144,576209,normal
201,1663,576338,1600.9388888888889,NORMAL,N,576237,576256,576285,576319,576347,576388,576441,576457,normal
201,1664,576542,1601.5055555555555,NORMAL,N,576463,576480,576504,576527,576551,576600,576626,576654,normal
201,1665,576695,1601.9305555555557,NORMAL,N,,,,576679,576707,576745,576777,576799,normal
201,1666,576909,1602.525,NORMAL,N,576817,576831,576863,576892,576919,576956,576995,577019,normal
201,1667,577080,1603.0,NORMAL,N,577028,577045,577055,577064,577090,577119,577167,577177,biphasic_negative_positive
201,1668,577280,1603.5555555555557,NORMAL,N,577194,577230,577251,577263,577289,577384,577399,577418,inverted
201,1669,577572,1604.3666666666666,NORMAL,N,577482,577498,577528,577555,577583,577585,577728,577758,biphasic_negative_positive
201,1670,577869,1605.1916666666666,NORMAL,N,577789,577803,577819,577853,577878,577880,577959,577990,biphasic_negative_positive
201,1671,578083,1605.786111111111,NORMAL,N,578015,578031,578050,578068,578092,578108,578136,578179,inverted
201,1672,578255,1606.263888888889,NORMAL,N,,,,578239,578266,578315,578344,578371,normal
201,1673,578455,1606.8194444444443,NORMAL,N,578372,578394,578408,578439,578465,,,,
201,1674,578698,1607.4944444444445,NORMAL,N,578616,578631,578645,578682,578707,578709,578789,578813,biphasic_negative_positive
201,1675,578966,1608.2388888888888,NORMAL,N,578905,578919,578931,578950,578974,578993,579066,579093,biphasic_negative_positive
201,1676,579145,1608.736111111111,NORMAL,N,,,,579129,579156,579191,579225,579257,normal
201,1677,579401,1609.4472222222223,NORMAL,N,579336,579353,579368,579386,579410,579423,579497,579520,biphasic_negative_positive
201,1678,579636,1610.1,NORMAL,N,579548,579565,579598,579621,579645,579694,579766,579782,biphasic_positive_negative
201,1679,579960,1611.0,NORMAL,N,579848,579861,579878,579943,579970,580026,580050,580067,inverted
201,1680,580158,1611.55,NORMAL,N,580084,580103,580129,580141,580168,580191,580254,580282,biphasic_negative_positive
201,1681,580369,1612.1361111111112,NORMAL,N,580313,580328,580344,580354,580378,580411,580438,580471,inverted
201,1682,580547,1612.6305555555555,NORMAL,N,,,,580531,580560,580609,580628,580651,normal
201,1683,580712,1613.088888888889,NORMAL,N,,,,580696,580723,,,,
201,1684,580945,1613.736111111111,NORMAL,N,,,,580930,580954,580978,581042,581074,biphasic_negative_positive
201,1685,581161,1614.3361111111112,NORMAL,N,,,,581146,581169,581199,581247,581276,biphasic_negative_positive
201,1686,581362,1614.8944444444444,NORMAL,N,581305,581317,581338,581347,581374,581412,581427,581455,inverted
201,1687,581519,1615.3305555555555,NORMAL,N,581461,581481,581491,581503,581531,,,,
201,1688,581660,1615.7222222222222,NORMAL,N,581587,581604,581626,581644,581671,,,,
201,1689,581814,1616.15,NORMAL,N,581735,581752,581766,581798,581824,,581856,581898,positive_monophasic
201,1690,581967,1616.575,NORMAL,N,,,,581950,581975,,,,
201,1691,582100,1616.9444444444443,NORMAL,N,582033,582056,582072,582084,582113,582115,582149,582189,inverted
201,1692,582250,1617.361111111111,NORMAL,N,,,,582233,582261,582321,582339,582356,normal
201,1693,582531,1618.1416666666667,NORMAL,N,582452,582482,582493,582514,582540,582565,582591,582633,inverted
201,1694,582713,1618.6472222222221,NORMAL,N,,,,582696,582723,582758,582792,582822,normal
201,1695,583124,1619.7888888888888,NORMAL,N,583042,583058,583072,583108,583133,583177,583220,583243,normal
201,1696,583363,1620.4527777777778,NORMAL,N,583284,583307,583322,583347,583373,583432,583454,583478,normal
201,1697,583556,1620.9888888888888,NORMAL,N,583479,583501,583528,583532,583565,583579,583622,583656,normal
201,1698,583737,1621.4916666666666,NORMAL,N,583660,583680,583701,583721,583745,583799,583820,583847,normal
201,1699,583916,1621.9888888888888,NORMAL,N,,,,583901,583926,583987,584002,584014,normal
201,1700,584225,1622.8472222222222,NORMAL,N,584167,584188,584199,584209,584236,584259,584328,584361,biphasic_negative_positive
201,1701,584459,1623.4972222222223,NORMAL,N,584394,584409,584431,584443,584468,584522,584553,584582,normal
201,1702,584720,1624.2222222222222,NORMAL,N,584636,584668,584692,584704,584734,584759,584797,584834,normal
201,1703,584970,1624.9166666666667,NORMAL,N,584838,584850,584867,584955,584981,585022,585055,585073,normal
201,1704,585212,1625.588888888889,NORMAL,N,585110,585132,585147,585196,585221,585271,585341,585356,biphasic_positive_negative
201,1705,585516,1626.4333333333334,NORMAL,N,585421,585453,585485,585500,585524,585576,585598,585625,normal
201,1706,585695,1626.9305555555557,NORMAL,N,585647,585661,585671,585680,585706,585758,585776,585790,normal
201,1707,585870,1627.4166666666667,NORMAL,N,585819,585835,585842,585854,585879,585919,585984,586002,biphasic_positive_negative
201,1708,586296,1628.6,NORMAL,N,586202,586216,586229,586281,586304,586360,586398,586449,biphasic_negative_positive
201,1709,586577,1629.3805555555555,NORMAL,N,586495,586523,586542,586561,586587,586647,586666,586684,normal
201,1710,586838,1630.1055555555556,NORMAL,N,586748,586771,586799,586821,586849,586892,586960,586983,biphasic_positive_negative
201,1711,587076,1630.7666666666667,NORMAL,N,586993,587022,587049,587060,587085,587144,587164,587209,normal
201,1712,587361,1631.5583333333334,NORMAL,N,587265,587285,587318,587346,587373,587409,587447,587474,normal
201,1713,587518,1631.9944444444445,NORMAL,N,,,,587503,587529,,,,
201,1714,587652,1632.3666666666666,NORMAL,N,587554,587595,587616,587638,587663,587716,587730,587748,normal
201,1715,587828,1632.8555555555556,NORMAL,N,587771,587789,587800,587812,587836,587881,587933,587963,biphasic_positive_negative
201,1716,588037,1633.4361111111111,NORMAL,N,587971,587998,588009,588022,588049,588087,588117,588153,normal
201,1717,588296,1634.1555555555556,NORMAL,N,588233,588247,588264,588278,588305,588369,588391,588416,normal
201,1718,588535,1634.8194444444443,NORMAL,N,588443,588453,588483,588517,588546,588593,588627,588655,normal
201,1719,588799,1635.5527777777777,NORMAL,N,588735,588748,588770,588783,588807,588863,588887,588913,normal
201,1720,589009,1636.1361111111112,NORMAL,N,588936,588953,588975,588994,589017,589058,589132,589148,biphasic_positive_negative
201,1721,589284,1636.9,NORMAL,N,589233,589246,589255,589267,589296,589314,589356,589386,normal
201,1722,589479,1637.4416666666666,NORMAL,N,589410,589422,589437,589463,589489,589526,589594,589612,biphasic_positive_negative
201,1723,589815,1638.375,NORMAL,N,589729,589741,589756,589798,589824,589859,589894,589924,normal
201,1724,590001,1638.8916666666667,NORMAL,N,589929,589946,589966,589978,590011,590052,590109,590128,biphasic_positive_negative
201,1725,590255,1639.5972222222222,NORMAL,N,590185,590198,590207,590238,590264,590313,590371,590395,biphasic_positive_negative
201,1726,590523,1640.3416666666667,NORMAL,N,590448,590460,590478,590508,590532,590569,590647,590659,biphasic_positive_negative
201,1727,590774,1641.0388888888888,NORMAL,N,,,,590748,590784,590829,590867,590894,normal
201,1728,590996,1641.6555555555556,NORMAL,N,590902,590940,590963,590979,591007,591062,591113,591148,biphasic_positive_negative
201,1729,591262,1642.3944444444444,NORMAL,N,591173,591191,591217,591245,591270,,591325,591352,positive_monophasic
201,1730,591426,1642.85,NORMAL,N,591358,591381,591398,591410,591435,,,,
201,1731,591624,1643.4,NORMAL,N,591547,591569,591596,591608,591633,591680,591709,591722,biphasic_negative_positive
201,1732,591920,1644.2222222222222,NORMAL,N,591859,591869,591875,591904,591930,591968,592001,592065,normal
201,1733,592145,1644.8472222222222,NORMAL,N,592072,592102,592112,592118,592153,592198,592259,592289,biphasic_positive_negative
201,1734,592368,1645.4666666666667,NORMAL,N,592301,592320,592338,592352,592377,592407,592433,592476,normal
201,1735,592655,1646.263888888889,NORMAL,N,592566,592598,592627,592639,592665,592693,592795,592809,biphasic_positive_negative
201,1736,592922,1647.0055555555555,NORMAL,N,592839,592856,592875,592905,592932,592961,593001,593030,normal
201,1737,593240,1647.888888888889,NORMAL,N,593185,593196,593211,593224,593248,,593273,593318,positive_monophasic
201,1738,593400,1648.3333333333333,NORMAL,N,593330,593363,593372,593385,593409,593469,593490,593506,normal
201,1739,593684,1649.1222222222223,NORMAL,N,593597,593627,593655,593667,593693,593731,593774,593808,biphasic_negative_positive
201,1740,593948,1649.8555555555556,NORMAL,N,593853,593872,593884,593934,593957,594003,594036,594062,normal
201,1741,594163,1650.4527777777778,NORMAL,N,594103,594123,594138,594148,594171,594191,594226,594261,normal
201,1742,594422,1651.1722222222222,NORMAL,N,594344,594376,594395,594407,594432,,,,
201,1743,594586,1651.6277777777777,NORMAL,N,594513,594525,594536,594570,594596,594649,594700,594734,biphasic_positive_negative
201,1744,594849,1652.3583333333333,NORMAL,N,594784,594799,594817,594832,594857,594911,594961,594995,biphasic_positive_negative
201,1745,595093,1653.036111111111,NORMAL,N,595004,595030,595062,595078,595102,595160,595186,595221,normal
201,1746,595352,1653.7555555555555,NORMAL,N,595270,595292,595308,595335,595362,595413,595446,595460,biphasic_negative_positive
201,1747,595566,1654.35,NORMAL,N,595478,595498,595536,595550,595576,595630,595689,595707,biphasic_positive_negative
201,1748,595855,1655.1527777777778,NORMAL,N,595798,595815,595827,595839,595862,595897,595930,595958,normal
201,1749,596035,1655.6527777777778,NORMAL,N,595966,595981,596000,596019,596044,596088,596113,596135,normal
201,1750,596350,1656.5277777777778,NORMAL,N,596253,596269,596294,596333,596359,596411,596435,596457,normal
201,1751,596565,1657.125,NORMAL,N,596474,596488,596507,596549,596573,596599,596645,596666,normal
201,1752,596853,1657.925,NORMAL,N,596767,596803,596822,596837,596861,596901,596960,596984,biphasic_positive_negative
201,1753,597069,1658.525,NORMAL,N,596993,597022,597037,597050,597080,597136,597153,597175,normal
201,1754,597327,1659.2416666666666,NORMAL,N,597260,597281,597296,597311,597336,597355,597442,597462,biphasic_positive_negative
201,1755,597583,1659.9527777777778,NORMAL,N,597518,597537,597550,597567,597591,597612,597664,597696,normal
201,1756,597824,1660.6222222222223,NORMAL,N,597761,597777,597793,597807,597833,597885,597936,597950,biphasic_positive_negative
201,1757,598019,1661.1638888888888,NORMAL,N,597956,597970,597988,598001,598028,598068,598104,598127,normal
201,1758,598241,1661.7805555555556,NORMAL,N,598169,598181,598193,598226,598250,598283,598322,598361,biphasic_negative_positive
201,1759,598457,1662.3805555555555,NORMAL,N,598368,598401,598423,598442,598466,598493,598563,598581,biphasic_positive_negative
201,1760,598759,1663.2194444444444,NORMAL,N,598675,598705,598726,598743,598769,598803,598864,598888,biphasic_positive_negative
201,1761,599025,1663.9583333333333,NORMAL,N,598944,598953,598979,599008,599034,599074,599143,599155,biphasic_positive_negative
201,1762,599283,1664.675,NORMAL,N,599227,599241,599251,599268,599292,599333,599368,599398,normal
201,1763,599444,1665.1222222222223,NORMAL,N,,,,599428,599454,599488,599533,599571,biphasic_negative_positive
201,1764,599666,1665.7388888888888,NORMAL,N,599599,599611,599622,599650,599676,,599698,599746,positive_monophasic
201,1765,599826,1666.1833333333334,NORMAL,N,599756,599784,599802,599811,599835,599877,599909,599954,biphasic_negative_positive
201,1766,600117,1666.9916666666666,NORMAL,N,600004,600022,600059,600101,600125,600193,600207,600230,normal
201,1767,600372,1667.7,NORMAL,N,600289,600303,600323,600356,600381,600414,600451,600474,normal
201,1768,600563,1668.2305555555556,NORMAL,N,600498,600521,600536,600548,600574,600647,600665,600675,inverted
201,1769,600873,1669.0916666666667,NORMAL,N,600820,600832,600846,600858,600882,600945,600974,600984,biphasic_positive_negative
201,1770,601128,1669.8,NORMAL,N,601037,601050,601071,601112,601137,601163,601233,601242,biphasic_positive_negative
201,1771,601424,1670.6222222222223,NORMAL,N,601377,601389,601395,601407,601433,601461,601532,601564,biphasic_positive_negative
201,1772,601710,1671.4166666666667,NORMAL,N,601636,601658,601679,601693,601720,601795,601809,601827,normal
201,1773,601925,1672.013888888889,NORMAL,N,601843,601865,601881,601909,601932,601992,602008,602027,normal
201,1774,602184,1672.7333333333333,NORMAL,N,602099,602126,602156,602168,602208,602229,602271,602310,biphasic_negative_positive
201,1775,602371,1673.2527777777777,NORMAL,N,,,,602348,602380,602431,602448,602487,normal
201,1776,602590,1673.861111111111,NORMAL,N,602494,602525,602546,602576,602600,,,,
201,1777,602767,1674.3527777777779,NORMAL,N,602691,602702,602725,602751,602776,,602800,602835,positive_monophasic
201,1778,602916,1674.7666666666667,NORMAL,N,602849,602874,602889,602901,602926,602972,602994,603026,normal
201,1779,603141,1675.3916666666667,NORMAL,N,603059,603070,603091,603124,603150,603185,603225,603246,normal
201,1780,603404,1676.1222222222223,NORMAL,N,603315,603327,603342,603385,603414,603446,603484,603518,normal
201,1781,603670,1676.861111111111,NORMAL,N,603607,603622,603642,603654,603679,603728,603799,603820,biphasic_positive_negative
201,1782,603913,1677.536111111111,NORMAL,N,603854,603869,603885,603897,603921,603953,603985,604017,normal
201,1783,604098,1678.05,NORMAL,N,604036,604048,604063,604081,604108,604151,604202,604231,biphasic_positive_negative
201,1784,604361,1678.7805555555556,NORMAL,N,604281,604295,604331,604344,604370,604404,604445,604470,normal
201,1785,604531,1679.2527777777777,NORMAL,N,,,,604515,604541,604591,604618,604640,normal
201,1786,604765,1679.9027777777778,NORMAL,N,604686,604702,604739,604750,604774,604836,604852,604903,normal
201,1787,604996,1680.5444444444445,NORMAL,N,604908,604944,604957,604981,605006,605067,605127,605160,biphasic_positive_negative
201,1788,605235,1681.2083333333333,NORMAL,N,605167,605186,605207,605219,605244,605302,605366,605384,biphasic_positive_negative
201,1789,605479,1681.8861111111112,NORMAL,N,605413,605430,605446,605463,605487,605509,605589,605599,biphasic_positive_negative
201,1790,605716,1682.5444444444445,NORMAL,N,605606,605621,605632,605700,605724,605760,605828,605853,biphasic_positive_negative
201,1791,605975,1683.263888888889,NORMAL,N,605908,605920,605942,605957,605985,606026,606089,606108,biphasic_positive_negative
201,1792,606197,1683.8805555555555,NORMAL,N,606132,606152,606169,606181,606207,606271,606287,606324,normal
201,1793,606429,1684.525,NORMAL,N,606377,606393,606401,606413,606438,606467,606537,606561,biphasic_positive_negative
201,1794,606635,1685.0972222222222,NORMAL,N,606571,606591,606606,606619,606644,606715,606732,606745,inverted
201,1795,606869,1685.7472222222223,NORMAL,N,606787,606800,606821,606852,606879,,,,
201,1796,607021,1686.1694444444445,ABERR,a,606957,606987,607003,607006,607043,607068,607105,607127,normal
201,1797,607199,1686.6638888888888,NORMAL,N,607132,607156,607174,607183,607207,607256,607282,607308,normal
201,1798,607418,1687.2722222222221,NORMAL,N,607348,607368,607391,607403,607426,607453,607470,607485,normal
201,1799,607560,1687.6666666666667,ABERR,a,607492,607505,607514,607541,607575,607626,607650,607682,normal
201,1800,607795,1688.3194444444443,NORMAL,N,607741,607750,607767,607779,607804,607847,607905,607936,biphasic_negative_positive
201,1801,608071,1689.0861111111112,NORMAL,N,607978,608012,608035,608056,608079,608134,608163,608186,normal
201,1802,608313,1689.7583333333334,NORMAL,N,608235,608271,608285,608297,608322,608380,608443,608463,biphasic_positive_negative
201,1803,608553,1690.425,NORMAL,N,608490,608508,608524,608536,608564,608582,608658,608674,biphasic_positive_negative
201,1804,608867,1691.2972222222222,NORMAL,N,608803,608814,608826,608851,608875,608914,608947,608975,normal
201,1805,609090,1691.9166666666667,NORMAL,N,608997,609015,609045,609075,609098,609138,609190,609221,biphasic_positive_negative
201,1806,609340,1692.611111111111,NORMAL,N,609252,609291,609307,609325,609350,609382,609441,609454,biphasic_positive_negative
201,1807,609562,1693.2277777777779,NORMAL,N,609500,609517,609534,609546,609571,609619,609641,609669,normal
201,1808,609831,1693.975,NORMAL,N,609739,609759,609793,609814,609840,609867,609922,609975,normal
201,1809,610138,1694.8277777777778,NORMAL,N,610074,610090,610102,610122,610146,610196,610255,610288,biphasic_positive_negative
201,1810,610406,1695.5722222222223,NORMAL,N,610339,610360,610378,610389,610415,610453,610486,610510,normal
201,1811,610566,1696.0166666666667,NORMAL,N,,,,610552,610575,610629,610651,610682,normal
201,1812,610812,1696.7,NORMAL,N,610732,610748,610785,610798,610820,610876,610936,610949,biphasic_positive_negative
201,1813,611034,1697.3166666666666,NORMAL,N,610960,610974,610993,611019,611044,611077,611102,611132,normal
201,1814,611317,1698.1027777777779,NORMAL,N,611226,611254,611284,611300,611327,611373,611392,611414,normal
201,1815,611598,1698.8833333333334,NORMAL,N,611507,611534,611552,611583,611606,611653,611713,611739,biphasic_positive_negative
201,1816,611833,1699.536111111111,NORMAL,N,611745,611762,611776,611817,611841,611883,611967,611981,biphasic_positive_negative
201,1817,612136,1700.3777777777777,NORMAL,N,612048,612067,612103,612120,612145,612175,612216,612243,normal
201,1818,612403,1701.1194444444445,NORMAL,N,612345,612356,612371,612386,612411,612448,612490,612521,normal
201,1819,612720,1702.0,NORMAL,N,612672,612680,612691,612703,612729,612770,612834,612862,biphasic_positive_negative
201,1820,612982,1702.7277777777779,NORMAL,N,612909,612925,612944,612965,612991,613043,613065,613095,normal
201,1821,613187,1703.2972222222222,NORMAL,N,,,,613171,613196,613225,613287,613301,biphasic_positive_negative
201,1822,613391,1703.8638888888888,NORMAL,N,613306,613342,613358,613377,613399,613454,613468,613496,normal
201,1823,613579,1704.3861111111112,NORMAL,N,613517,613531,613553,613564,613588,613629,613686,613706,biphasic_positive_negative
201,1824,613794,1704.9833333333333,NORMAL,N,613716,613735,613746,613779,613804,613844,613903,613936,biphasic_positive_negative
201,1825,614111,1705.8638888888888,NORMAL,N,614005,614028,614042,614095,614120,614158,614200,614227,normal
201,1826,614275,1706.3194444444443,NORMAL,N,,,,614250,614285,614335,614367,614398,normal
201,1827,614518,1706.9944444444445,NORMAL,N,614430,614445,614461,614501,614527,614556,614591,614651,normal
201,1828,614735,1707.5972222222222,NORMAL,N,614659,614685,614709,614719,614745,614793,614820,614847,normal
201,1829,614944,1708.1777777777777,NORMAL,N,614870,614880,614891,614930,614954,,,,
201,1830,615123,1708.675,NORMAL,N,,,,615106,615131,,,,
201,1831,615257,1709.0472222222222,ABERR,a,615162,615204,615223,615241,615271,,,,
201,1832,615519,1709.775,NORMAL,N,615446,615459,615490,615502,615528,615569,615606,615648,biphasic_negative_positive
201,1833,615799,1710.5527777777777,NORMAL,N,615734,615746,615766,615784,615808,615837,615860,615895,normal
201,1834,615981,1711.0583333333334,NORMAL,N,615928,615943,615953,615965,615989,616029,616063,616112,normal
201,1835,616225,1711.736111111111,NORMAL,N,616145,616171,616195,616209,616235,616272,616336,616357,biphasic_negative_positive
201,1836,616470,1712.4166666666667,NORMAL,N,616388,616400,616419,616452,616480,616504,616539,616573,normal
201,1837,616727,1713.1305555555555,NORMAL,N,616650,616674,616692,616709,616736,616787,616813,616861,normal
201,1838,616966,1713.7944444444445,NORMAL,N,616868,616899,616929,616947,616975,617010,617047,617073,normal
201,1839,617136,1714.2666666666667,NORMAL,N,,,,617120,617146,617192,617215,617239,normal
201,1840,617445,1715.125,NORMAL,N,617354,617382,617402,617428,617453,617484,617526,617545,normal
201,1841,617663,1715.7305555555556,NORMAL,N,617576,617593,617611,617649,617671,617709,617742,617768,normal
201,1842,617952,1716.5333333333333,NORMAL,N,617870,617886,617908,617936,617961,617984,618026,618059,normal
201,1843,618147,1717.075,NORMAL,N,,,,618131,618156,618197,618224,618260,normal
201,1844,618306,1717.5166666666667,NORMAL,N,,,,618290,618315,618368,618391,618414,normal
201,1845,618577,1718.2694444444444,NORMAL,N,618478,618504,618530,618561,618584,618641,618665,618693,normal
201,1846,618817,1718.9361111111111,NORMAL,N,618743,618771,618790,618802,618826,618866,618895,618923,normal
201,1847,619016,1719.4888888888888,NORMAL,N,618946,618955,618966,618998,619027,619090,619106,619128,normal
201,1848,619222,1720.0611111111111,NORMAL,N,619155,619168,619190,619206,619232,619271,619335,619351,biphasic_positive_negative
201,1849,619445,1720.6805555555557,NORMAL,N,619356,619382,619411,619430,619453,619495,619532,619555,normal
201,1850,619681,1721.3361111111112,NORMAL,N,619596,619615,619635,619665,619690,619730,619762,619786,normal
201,1851,619860,1721.8333333333333,NORMAL,N,619793,619816,619834,619843,619870,619920,619937,619956,normal
201,1852,620053,1722.3694444444445,NORMAL,N,619968,619996,620010,620036,620062,620114,620132,620179,normal
201,1853,620227,1722.8527777777779,NORMAL,N,,,,620212,620235,620285,620302,620326,normal
201,1854,620465,1723.513888888889,NORMAL,N,620348,620361,620374,620450,620474,620505,620580,620600,biphasic_positive_negative
201,1855,620740,1724.2777777777778,NORMAL,N,620656,620670,620696,620722,620751,620775,620854,620875,biphasic_positive_negative
201,1856,620975,1724.9305555555557,NORMAL,N,620882,620900,620929,620958,620984,621020,621057,621081,normal
201,1857,621243,1725.675,NORMAL,N,621165,621190,621216,621228,621251,,621285,621323,positive_monophasic
201,1858,621401,1726.1138888888888,NORMAL,N,,,,621386,621412,621450,621485,621505,normal
201,1859,621627,1726.7416666666666,NORMAL,N,621544,621558,621575,621611,621637,621697,621717,621751,normal
201,1860,621879,1727.4416666666666,NORMAL,N,621785,621819,621841,621852,621887,621922,621956,621971,normal
201,1861,622145,1728.1805555555557,NORMAL,N,622055,622089,622108,622129,622153,622193,622242,622255,biphasic_positive_negative
201,1862,622409,1728.9138888888888,NORMAL,N,622339,622357,622384,622394,622419,622495,622516,622532,inverted
201,1863,622634,1729.5388888888888,NORMAL,N,622581,622594,622606,622619,622642,622700,622717,622741,normal
201,1864,622851,1730.1416666666667,NORMAL,N,622773,622796,622820,622836,622858,622902,622934,622958,normal
201,1865,623043,1730.675,NORMAL,N,622995,623007,623017,623027,623053,623081,623157,623168,biphasic_positive_negative
201,1866,623295,1731.375,NORMAL,N,623216,623252,623268,623278,623304,623354,623388,623418,normal
201,1867,623461,1731.8361111111112,NORMAL,N,,,,623445,623471,623503,623582,623603,biphasic_positive_negative
201,1868,623680,1732.4444444444443,NORMAL,N,623613,623622,623644,623664,623688,623716,623789,623801,biphasic_positive_negative
201,1869,623913,1733.0916666666667,NORMAL,N,623858,623868,623876,623898,623921,623978,624004,624016,biphasic_positive_negative
201,1870,624148,1733.7444444444445,NORMAL,N,624062,624072,624096,624117,624157,624193,624251,624272,biphasic_positive_negative
201,1871,624351,1734.3083333333334,NORMAL,N,,,,624335,624361,624390,624461,624482,biphasic_positive_negative
201,1872,624581,1734.9472222222223,NORMAL,N,624489,624509,624533,624566,624608,624624,624657,624680,normal
201,1873,624830,1735.638888888889,NORMAL,N,624758,624779,624802,624814,624838,624891,624935,624955,biphasic_positive_negative
201,1874,625130,1736.4722222222222,NORMAL,N,625058,625074,625090,625112,625140,625169,625221,625261,normal
201,1875,625475,1737.4305555555557,NORMAL,N,625381,625390,625405,625458,625483,625537,625602,625625,biphasic_positive_negative
201,1876,625719,1738.1083333333333,NORMAL,N,625641,625656,625689,625704,625728,625772,625830,625843,biphasic_positive_negative
201,1877,625929,1738.6916666666666,NORMAL,N,625857,625869,625885,625912,625938,625972,626010,626032,normal
201,1878,626182,1739.3944444444444,NORMAL,N,626125,626148,626154,626166,626191,626215,626319,626346,biphasic_positive_negative
201,1879,626426,1740.0722222222223,NORMAL,N,626363,626379,626398,626410,626433,626466,626503,626533,normal
201,1880,626588,1740.5222222222221,NORMAL,N,,,,626573,626598,626644,626667,626693,normal
201,1881,626830,1741.1944444444443,NORMAL,N,626760,626788,626803,626813,626839,626884,626913,626938,normal
201,1882,627025,1741.736111111111,NORMAL,N,626956,626972,626997,627009,627033,627087,627107,627142,normal
201,1883,627199,1742.2194444444444,NORMAL,N,,,,627182,627207,627255,627302,627325,biphasic_positive_negative
201,1884,627461,1742.9472222222223,NORMAL,N,627380,627404,627434,627444,627472,627537,627557,627591,normal
201,1885,627709,1743.6361111111112,NORMAL,N,627641,627661,627679,627690,627720,627765,627777,627801,biphasic_negative_positive
201,1886,627882,1744.1166666666666,NORMAL,N,,,,627864,627891,627954,627968,628003,normal
201,1887,628313,1745.3138888888889,NORMAL,N,628261,628272,628278,628297,628321,628383,628399,628432,normal
201,1888,628531,1745.9194444444445,NORMAL,N,628441,628458,628483,628516,628540,628580,628609,628633,normal
201,1889,628701,1746.3916666666667,NORMAL,N,,,,628675,628711,628753,628783,628804,normal
201,1890,628907,1746.963888888889,NORMAL,N,628856,628866,628877,628891,628914,628960,628986,629008,normal
201,1891,629131,1747.5861111111112,NORMAL,N,629083,629093,629102,629115,629139,629170,629240,629263,biphasic_positive_negative
201,1892,629325,1748.125,NORMAL,N,629272,629287,629297,629309,629335,629363,629403,629429,normal
201,1893,629625,1748.9583333333333,NORMAL,N,629580,629590,629596,629608,629634,629654,629700,629731,normal
201,1894,629797,1749.4361111111111,NORMAL,N,,,,629780,629807,629854,629888,629908,normal
201,1895,630032,1750.088888888889,NORMAL,N,629974,629993,630004,630016,630041,630101,630140,630148,biphasic_positive_negative
201,1896,630292,1750.8111111111111,NORMAL,N,630225,630240,630264,630276,630302,630359,630376,630407,normal
201,1897,630460,1751.2777777777778,NORMAL,N,,,,630444,630470,630523,630540,630567,normal
201,1898,630734,1752.0388888888888,NORMAL,N,630679,630692,630706,630719,630742,630796,630814,630845,normal
201,1899,630955,1752.6527777777778,NORMAL,N,630903,630915,630926,630940,630962,630980,631028,631053,normal
201,1900,631222,1753.3944444444444,NORMAL,N,631152,631167,631182,631207,631231,631291,631311,631341,normal
201,1901,631392,1753.8666666666666,NORMAL,N,,,,631376,631402,631449,631471,631500,normal
201,1902,631557,1754.325,NORMAL,N,,,,631541,631568,631606,631640,631664,normal
201,1903,631816,1755.0444444444445,NORMAL,N,631763,631772,631786,631799,631824,631892,631928,631938,biphasic_positive_negative
201,1904,632077,1755.7694444444444,NORMAL,N,632010,632024,632039,632062,632085,632141,632159,632186,normal
201,1905,632362,1756.5611111111111,NORMAL,N,632274,632292,632326,632344,632372,632401,632461,632479,biphasic_positive_negative
201,1906,632618,1757.2722222222221,NORMAL,N,632528,632540,632561,632602,632627,632676,632698,632724,normal
201,1907,632777,1757.713888888889,NORMAL,N,,,,632762,632785,632823,632885,632906,biphasic_positive_negative
201,1908,633009,1758.3583333333333,NORMAL,N,632961,632972,632981,632993,633018,633041,633088,633110,normal
201,1909,633286,1759.1277777777777,NORMAL,N,633228,633243,633258,633270,633297,633351,633369,633402,normal
201,1910,633504,1759.7333333333333,NORMAL,N,633427,633441,633472,633487,633513,633552,633583,633604,normal
201,1911,633737,1760.3805555555555,NORMAL,N,633663,633675,633683,633722,633746,633774,633851,633878,biphasic_positive_negative
201,1912,634016,1761.1555555555556,NORMAL,N,633933,633944,633977,634000,634026,634070,634128,634143,biphasic_positive_negative
201,1913,634387,1762.1861111111111,NORMAL,N,634304,634321,634337,634370,634396,634452,634516,634538,biphasic_positive_negative
201,1914,634670,1762.9722222222222,NORMAL,N,634584,634599,634633,634653,634679,634729,634748,634782,normal
201,1915,634922,1763.6722222222222,NORMAL,N,634857,634872,634890,634907,634932,634982,635001,635038,normal
201,1916,635210,1764.4722222222222,NORMAL,N,635121,635144,635162,635194,635219,635262,635289,635316,normal
201,1917,635494,1765.2611111111112,NORMAL,N,635376,635391,635401,635479,635502,635539,635574,635604,normal
201,1918,635667,1765.7416666666666,NORMAL,N,635621,635630,635640,635651,635677,635718,635749,635773,normal
201,1919,635839,1766.2194444444444,NORMAL,N,,,,635822,635850,635908,635930,635951,normal
201,1920,636102,1766.95,NORMAL,N,636024,636058,636075,636086,636112,636163,636186,636223,normal
201,1921,636352,1767.6444444444444,NORMAL,N,636246,636259,636273,636333,636360,636409,636466,636482,biphasic_positive_negative
201,1922,636653,1768.4805555555556,NORMAL,N,636564,636575,636596,636637,636662,636695,636726,636754,normal
201,1923,636909,1769.1916666666666,NORMAL,N,636827,636872,636880,636892,636919,636940,637047,637066,biphasic_positive_negative
201,1924,637283,1770.2305555555556,NORMAL,N,637196,637211,637223,637268,637291,637328,637363,637398,normal
201,1925,637524,1770.9,NORMAL,N,637445,637467,637481,637509,637533,637575,637597,637619,normal
201,1926,637695,1771.375,NORMAL,N,,,,637679,637705,637729,637773,637800,normal
201,1927,637878,1771.8833333333334,NORMAL,N,637801,637806,637819,637862,637886,637938,638008,638026,biphasic_positive_negative
201,1928,638105,1772.513888888889,NORMAL,N,638032,638062,638076,638089,638112,638161,638184,638214,normal
201,1929,638297,1773.0472222222222,NORMAL,N,638215,638223,638238,638279,638306,638337,638377,638401,normal
201,1930,638533,1773.7027777777778,NORMAL,N,638441,638454,638475,638516,638544,638593,638620,638642,normal
201,1931,638711,1774.1972222222223,NORMAL,N,,,,638695,638721,638770,638796,638823,normal
201,1932,638930,1774.8055555555557,NORMAL,N,638851,638873,638886,638904,638939,638995,639042,639054,biphasic_positive_negative
201,1933,639139,1775.3861111111112,NORMAL,N,639083,639092,639111,639125,639147,639177,639246,639260,biphasic_positive_negative
201,1934,639366,1776.0166666666667,NORMAL,N,639285,639327,639339,639350,639376,639399,639470,639482,biphasic_positive_negative
201,1935,639630,1776.75,NORMAL,N,639568,639580,639590,639614,639639,639686,639715,639741,normal
201,1936,639846,1777.35,NORMAL,N,639757,639788,639801,639830,639853,639890,639921,639942,normal
201,1937,639997,1777.7694444444444,NORMAL,N,,,,639982,640007,640058,640112,640133,biphasic_positive_negative
201,1938,640260,1778.5,NORMAL,N,640171,640201,640219,640242,640269,640304,640375,640393,biphasic_positive_negative
201,1939,640523,1779.2305555555556,NORMAL,N,640449,640475,640496,640506,640533,640564,640598,640624,normal
201,1940,640792,1779.9777777777779,NORMAL,N,640717,640737,640755,640776,640801,640845,640902,640918,biphasic_positive_negative
201,1941,641019,1780.6083333333333,NORMAL,N,640942,640958,640970,641003,641027,641058,641100,641128,normal
201,1942,641206,1781.1277777777777,NORMAL,N,641129,641133,641163,641190,641216,641253,641280,641302,normal
201,1943,641543,1782.0638888888889,NORMAL,N,641456,641485,641496,641528,641551,641584,641665,641692,biphasic_positive_negative
201,1944,641823,1782.8416666666667,NORMAL,N,641758,641771,641790,641808,641830,641876,641930,641945,biphasic_positive_negative
201,1945,642038,1783.4388888888889,NORMAL,N,641984,641995,642007,642022,642047,642095,642161,642176,biphasic_positive_negative
201,1946,642307,1784.1861111111111,NORMAL,N,642244,642268,642279,642291,642317,642378,642388,642398,normal
201,1947,642496,1784.7111111111112,NORMAL,N,642404,642441,642458,642478,642506,642567,642585,642622,normal
201,1948,642736,1785.3777777777777,NORMAL,N,642644,642657,642674,642720,642744,,,,
201,1949,642970,1786.0277777777778,NORMAL,N,642908,642928,642945,642954,642979,643000,643031,643062,normal
201,1950,643237,1786.7694444444444,NORMAL,N,643152,643161,643174,643222,643246,643284,643315,643341,normal
201,1951,644596,1790.5444444444445,NESC,j,,,,644580,644604,644662,644691,644722,normal
201,1952,645178,1792.161111111111,NORMAL,N,645083,645105,645129,645161,645188,645234,645274,645302,normal
201,1953,645803,1793.8972222222221,NESC,j,645713,645767,645777,645789,645812,645856,645888,645917,normal
201,1954,646052,1794.588888888889,NORMAL,N,645965,645982,646005,646036,646060,646098,646133,646163,normal
201,1955,646520,1795.888888888889,NORMAL,N,646429,646449,646473,646503,646529,646560,646592,646636,normal
201,1956,646691,1796.3638888888888,ABERR,a,646637,646645,646664,646676,646696,646767,646805,646839,normal
201,1957,647251,1797.9194444444445,NORMAL,N,647160,647182,647205,647234,647260,647295,647324,647367,normal
201,1958,647966,1799.9055555555556,NORMAL,N,647880,647896,647923,647949,647976,648017,648052,648080,normal
201,1959,648420,1801.1666666666667,NORMAL,N,648340,648356,648380,648405,648429,648458,648488,648533,normal
201,1960,648591,1801.6416666666667,ABERR,a,648534,648543,648575,648579,648604,648646,648684,648715,normal
201,1961,649105,1803.0694444444443,NORMAL,N,649018,649037,649059,649089,649115,649148,649182,649231,normal
