record,beat_number,qrs_sample,qrs_seconds,qrs_annotation,qrs_symbol,p_onset_sample,p_peak_sample,p_offset_sample,qrs_onset_sample,qrs_offset_sample,t_onset_sample,t_peak_sample,t_offset_sample,t_wave_type
202,1,349,0.9694444444444444,NORMAL,N,290,300,312,325,359,410,443,474,normal
202,2,742,2.061111111111111,NORMAL,N,682,692,703,715,753,801,837,867,normal
202,3,1156,3.2111111111111112,NORMAL,N,1091,1101,1114,1130,1166,1224,1258,1293,normal
202,4,1577,4.3805555555555555,NORMAL,N,1514,1525,1537,1550,1587,1637,1674,1708,normal
202,5,1980,5.5,NORMAL,N,1920,1931,1944,1956,1991,2041,2073,2105,normal
202,6,2366,6.572222222222222,NORMAL,N,2307,2319,2329,2344,2376,2428,2459,2488,normal
202,7,2757,7.658333333333333,NORMAL,N,2698,2708,2719,2732,2768,2812,2850,2884,normal
202,8,3168,8.8,NORMAL,N,3104,3116,3129,3142,3179,3235,3269,3303,normal
202,9,3590,9.972222222222221,NORMAL,N,3528,3538,3550,3563,3601,3650,3689,3720,normal
202,10,4007,11.130555555555556,NORMAL,N,3946,3956,3968,3981,4018,4069,4101,4133,normal
202,11,4401,12.225,NORMAL,N,4340,4351,4363,4378,4410,4460,4494,4526,normal
202,12,4800,13.333333333333334,NORMAL,N,4738,4751,4762,4776,4811,4862,4893,4928,normal
202,13,5201,14.447222222222223,NORMAL,N,5137,5149,5162,5172,5211,5261,5298,5332,normal
202,14,5614,15.594444444444445,NORMAL,N,5549,5561,5572,5585,5625,5677,5712,5748,normal
202,15,6016,16.711111111111112,NORMAL,N,,,,5990,6026,6078,6111,6143,normal
202,16,6407,17.79722222222222,NORMAL,N,6344,6356,6367,6381,6419,6468,6499,6532,normal
202,17,6799,18.886111111111113,NORMAL,N,6737,6748,6759,6772,6810,6860,6891,6922,normal
202,18,7191,19.975,NORMAL,N,7130,7143,7153,7163,7202,7251,7289,7321,normal
202,19,7608,21.133333333333333,NORMAL,N,7544,7556,7566,7576,7620,7675,7709,7742,normal
202,20,8042,22.33888888888889,NORMAL,N,7976,7987,8001,8012,8053,8108,8143,8176,normal
202,21,8461,23.502777777777776,NORMAL,N,8399,8410,8422,8435,8473,8524,8556,8586,normal
202,22,8857,24.602777777777778,NORMAL,N,8798,8809,8820,8833,8868,8917,8952,8985,normal
202,23,9261,25.725,NORMAL,N,9200,9210,9220,9232,9272,9326,9357,9390,normal
202,24,9678,26.883333333333333,NORMAL,N,,,,9653,9689,9734,9779,9810,normal
202,25,10109,28.080555555555556,NORMAL,N,10045,10056,10068,10086,10121,10176,10210,10245,normal
202,26,10356,28.766666666666666,PVC,V,10276,10289,10299,10330,10360,10373,10449,10490,normal
202,27,10901,30.280555555555555,NORMAL,N,10842,10853,10865,10875,10912,10962,10998,11028,normal
202,28,11290,31.36111111111111,NORMAL,N,11228,11240,11250,11267,11301,11350,11389,11421,normal
202,29,11682,32.45,NORMAL,N,,,,11655,11693,11746,11785,11818,normal
202,30,12088,33.577777777777776,NORMAL,N,12026,12036,12047,12059,12100,12151,12188,12220,normal
202,31,12497,34.71388888888889,NORMAL,N,12431,12442,12454,12471,12507,12564,12596,12628,normal
202,32,12887,35.797222222222224,NORMAL,N,12826,12838,12850,12860,12900,12942,12981,13013,normal
202,33,13280,36.888888888888886,NORMAL,N,13218,13229,13240,13255,13290,13344,13376,13409,normal
202,34,13676,37.98888888888889,NORMAL,N,13615,13626,13638,13650,13687,13739,13773,13809,normal
202,35,14096,39.15555555555556,NORMAL,N,14033,14044,14056,14073,14107,14159,14195,14225,normal
202,36,14525,40.34722222222222,NORMAL,N,14460,14472,14485,14497,14536,14588,14625,14659,normal
202,37,14950,41.52777777777778,NORMAL,N,14889,14900,14912,14924,14961,15011,15044,15080,normal
202,38,15353,42.647222222222226,NORMAL,N,15295,15306,15318,15324,15365,15415,15444,15475,normal
202,39,15756,43.766666666666666,NORMAL,N,15696,15708,15720,15733,15767,15818,15855,15887,normal
202,40,16176,44.93333333333333,NORMAL,N,,,,16152,16187,16243,16279,16311,normal
202,41,16609,46.13611111111111,NORMAL,N,16543,16554,16566,16583,16620,16674,16711,16742,normal
202,42,17024,47.28888888888889,NORMAL,N,16963,16974,16985,16999,17034,17084,17120,17151,normal
202,43,17410,48.361111111111114,NORMAL,N,17348,17358,17370,17387,17420,17468,17501,17532,normal
202,44,17793,49.425,NORMAL,N,17732,17742,17754,17767,17804,17855,17891,17921,normal
202,45,18195,50.541666666666664,NORMAL,N,18129,18140,18152,18169,18205,18259,18295,18329,normal
202,46,18613,51.702777777777776,NORMAL,N,18550,18561,18572,18586,18623,18679,18708,18739,normal
202,47,19007,52.797222222222224,NORMAL,N,18941,18953,18964,18977,19017,19066,19103,19137,normal
202,48,19400,53.888888888888886,NORMAL,N,19341,19352,19365,19378,19410,19456,19492,19522,normal
202,49,19789,54.96944444444444,NORMAL,N,19730,19741,19750,19768,19801,19848,19884,19914,normal
202,50,20191,56.08611111111111,NORMAL,N,20129,20140,20154,20161,20202,20248,20288,20319,normal
202,51,20611,57.25277777777778,NORMAL,N,20549,20559,20572,20588,20622,20675,20711,20743,normal
202,52,21036,58.43333333333333,NORMAL,N,,,,21012,21047,21095,21137,21169,normal
202,53,21461,59.61388888888889,NORMAL,N,21401,21412,21423,21437,21470,21520,21554,21584,normal
202,54,21860,60.72222222222222,NORMAL,N,21800,21811,21824,21835,21871,21917,21951,21981,normal
202,55,22257,61.825,NORMAL,N,22197,22208,22220,22231,22268,22314,22352,22386,normal
202,56,22681,63.00277777777778,NORMAL,N,22618,22629,22642,22656,22692,22744,22782,22813,normal
202,57,23109,64.19166666666666,NORMAL,N,23046,23056,23069,23083,23120,23178,23210,23244,normal
202,58,23530,65.36111111111111,NORMAL,N,23470,23479,23491,23505,23541,23590,23626,23658,normal
202,59,23930,66.47222222222223,NORMAL,N,23871,23882,23893,23905,23940,23991,24022,24052,normal
202,60,24331,67.58611111111111,NORMAL,N,24269,24280,24293,24308,24342,24390,24429,24460,normal
202,61,24757,68.76944444444445,NORMAL,N,24694,24705,24717,24729,24767,24823,24856,24888,normal
202,62,25181,69.94722222222222,NORMAL,N,25118,25128,25142,25158,25192,25245,25280,25312,normal
202,63,25592,71.08888888888889,NORMAL,N,25531,25540,25553,25567,25602,25644,25687,25719,normal
202,64,25985,72.18055555555556,NORMAL,N,25925,25935,25947,25962,25995,26043,26076,26108,normal
202,65,26375,73.26388888888889,NORMAL,N,26315,26327,26337,26350,26385,26438,26471,26502,normal
202,66,26779,74.3861111111111,NORMAL,N,26718,26729,26740,26756,26790,26844,26878,26912,normal
202,67,27201,75.55833333333334,NORMAL,N,27137,27147,27159,27173,27212,27262,27298,27331,normal
202,68,27618,76.71666666666667,NORMAL,N,27553,27564,27576,27589,27629,27680,27717,27750,normal
202,69,28031,77.8638888888889,NORMAL,N,27971,27982,27992,28007,28041,28088,28121,28154,normal
202,70,28425,78.95833333333333,NORMAL,N,,,,28402,28434,28480,28515,28548,normal
202,71,28824,80.06666666666666,NORMAL,N,28764,28775,28785,28798,28835,28882,28920,28953,normal
202,72,29245,81.23611111111111,NORMAL,N,29182,29194,29205,29220,29257,29310,29346,29381,normal
202,73,29676,82.43333333333334,NORMAL,N,29613,29624,29635,29649,29688,29738,29777,29812,normal
202,74,30092,83.58888888888889,NORMAL,N,,,,30069,30102,30152,30185,30215,normal
202,75,30490,84.69444444444444,NORMAL,N,30430,30440,30452,30463,30500,30544,30580,30612,normal
202,76,30887,85.79722222222222,NORMAL,N,30825,30837,30850,30858,30898,30947,30986,31021,normal
202,77,31326,87.01666666666667,NORMAL,N,,,,31297,31338,31389,31426,31460,normal
202,78,31753,88.20277777777778,NORMAL,N,31691,31702,31713,31727,31764,31816,31850,31882,normal
202,79,32150,89.30555555555556,NORMAL,N,32087,32098,32111,32123,32160,32209,32244,32275,normal
202,80,32534,90.37222222222222,NORMAL,N,32474,32486,32496,32508,32545,32590,32625,32657,normal
202,81,32918,91.43888888888888,NORMAL,N,,,,32884,32928,32979,33014,33045,normal
202,82,33308,92.52222222222223,NORMAL,N,33244,33256,33267,33279,33319,33367,33405,33442,normal
202,83,33709,93.6361111111111,NORMAL,N,33647,33659,33669,33682,33722,33774,33806,33841,normal
202,84,34106,94.7388888888889,NORMAL,N,,,,34082,34117,34169,34205,34237,normal
202,85,34504,95.84444444444445,NORMAL,N,34442,34453,34465,34477,34515,34561,34595,34628,normal
202,86,34890,96.91666666666667,NORMAL,N,34827,34839,34852,34863,34900,34951,34981,35013,normal
202,87,35279,97.99722222222222,NORMAL,N,35216,35227,35237,35252,35290,35340,35373,35407,normal
202,88,35692,99.14444444444445,NORMAL,N,35629,35640,35652,35665,35703,35755,35789,35822,normal
202,89,36112,100.31111111111112,NORMAL,N,36047,36060,36073,36084,36123,36178,36211,36246,normal
202,90,36524,101.45555555555555,NORMAL,N,36461,36472,36484,36499,36591,36602,36616,36646,normal
202,91,36910,102.52777777777777,NORMAL,N,36849,36860,36873,36885,36920,36969,37001,37032,normal
202,92,37293,103.59166666666667,NORMAL,N,37231,37241,37252,37269,37304,37353,37387,37420,normal
202,93,37702,104.72777777777777,NORMAL,N,37636,37647,37658,37675,37714,37774,37805,37838,normal
202,94,38117,105.88055555555556,NORMAL,N,38050,38061,38072,38090,38127,38181,38217,38251,normal
202,95,38524,107.0111111111111,NORMAL,N,38461,38473,38484,38498,38535,38585,38620,38654,normal
202,96,38925,108.125,NORMAL,N,38863,38875,38886,38900,38935,38984,39018,39048,normal
202,97,39317,109.21388888888889,NORMAL,N,,,,39291,39328,39377,39412,39445,normal
202,98,39730,110.36111111111111,NORMAL,N,39666,39676,39688,39704,39741,39798,39833,39866,normal
202,99,40156,111.54444444444445,NORMAL,N,40090,40101,40114,40128,40167,40223,40255,40286,normal
202,100,40573,112.70277777777778,NORMAL,N,40510,40521,40533,40546,40583,40638,40671,40704,normal
202,101,40979,113.83055555555555,NORMAL,N,40917,40928,40939,40952,40989,41041,41073,41106,normal
202,102,41369,114.91388888888889,NORMAL,N,41309,41320,41331,41343,41380,41431,41465,41497,normal
202,103,41759,115.99722222222222,NORMAL,N,41699,41710,41722,41732,41768,41824,41856,41889,normal
202,104,42168,117.13333333333334,NORMAL,N,42102,42113,42126,42142,42180,42229,42269,42302,normal
202,105,42582,118.28333333333333,NORMAL,N,42517,42528,42541,42554,42593,42644,42681,42713,normal
202,106,42994,119.42777777777778,NORMAL,N,42932,42943,42954,42969,43005,43059,43091,43121,normal
202,107,43387,120.51944444444445,NORMAL,N,43328,43340,43349,43363,43398,43445,43480,43514,normal
202,108,43779,121.60833333333333,NORMAL,N,43719,43730,43740,43754,43789,43843,43873,43904,normal
202,109,44190,122.75,NORMAL,N,44125,44137,44148,44163,44201,44251,44291,44328,normal
202,110,44618,123.93888888888888,NORMAL,N,44555,44566,44577,44592,44629,44682,44718,44752,normal
202,111,45031,125.08611111111111,NORMAL,N,44971,44983,44994,45000,45041,45093,45124,45156,normal
202,112,45426,126.18333333333334,NORMAL,N,45365,45376,45386,45399,45437,45485,45520,45550,normal
202,113,45820,127.27777777777777,NORMAL,N,45760,45771,45782,45795,45830,45883,45913,45950,normal
202,114,46229,128.4138888888889,NORMAL,N,46165,46176,46187,46200,46241,46295,46332,46369,normal
202,115,46660,129.61111111111111,NORMAL,N,46596,46608,46619,46633,46670,46726,46758,46791,normal
202,116,47080,130.77777777777777,NORMAL,N,47016,47029,47040,47052,47091,47140,47176,47208,normal
202,117,47489,131.9138888888889,NORMAL,N,47429,47440,47451,47463,47500,47551,47584,47616,normal
202,118,47891,133.03055555555557,NORMAL,N,47830,47842,47853,47865,47901,47949,47983,48015,normal
202,119,48295,134.15277777777777,NORMAL,N,48234,48245,48255,48270,48306,48356,48390,48422,normal
202,120,48709,135.30277777777778,NORMAL,N,48647,48658,48669,48681,48721,48772,48809,48844,normal
202,121,49134,136.48333333333332,NORMAL,N,49070,49082,49093,49105,49146,49197,49231,49265,normal
202,122,49542,137.61666666666667,NORMAL,N,49481,49492,49504,49512,49553,49600,49636,49670,normal
202,123,49937,138.7138888888889,NORMAL,N,49878,49888,49899,49909,49947,49998,50029,50062,normal
202,124,50328,139.8,NORMAL,N,50267,50277,50287,50301,50338,50388,50421,50455,normal
202,125,50735,140.93055555555554,NORMAL,N,50670,50682,50693,50705,50746,50806,50836,50871,normal
202,126,51166,142.12777777777777,NORMAL,N,51100,51113,51123,51142,51176,51229,51263,51297,normal
202,127,51578,143.2722222222222,NORMAL,N,51517,51527,51538,51554,51590,51638,51671,51706,normal
202,128,51969,144.35833333333332,NORMAL,N,51909,51921,51931,51943,51979,52028,52060,52089,normal
202,129,52361,145.44722222222222,NORMAL,N,52300,52311,52323,52334,52372,52417,52453,52481,normal
202,130,52771,146.5861111111111,NORMAL,N,52706,52718,52731,52745,52783,52835,52870,52906,normal
202,131,53209,147.80277777777778,NORMAL,N,53143,53155,53168,53180,53220,53270,53307,53342,normal
202,132,53635,148.98611111111111,NORMAL,N,53571,53583,53595,53608,53646,53696,53730,53763,normal
202,133,54043,150.11944444444444,NORMAL,N,53982,53994,54004,54011,54054,54102,54137,54168,normal
202,134,54456,151.26666666666668,NORMAL,N,54393,54405,54417,54432,54466,54520,54550,54581,normal
202,135,54875,152.43055555555554,NORMAL,N,54808,54820,54835,54844,54887,54942,54975,55011,normal
202,136,55303,153.61944444444444,NORMAL,N,55237,55250,55262,55275,55314,55368,55401,55434,normal
202,137,55726,154.79444444444445,NORMAL,N,55661,55672,55683,55700,55736,55785,55819,55854,normal
202,138,56124,155.9,NORMAL,N,56063,56076,56088,56097,56135,56185,56217,56250,normal
202,139,56518,156.99444444444444,NORMAL,N,56457,56468,56478,56489,56528,56576,56609,56641,normal
202,140,56909,158.08055555555555,NORMAL,N,56846,56857,56867,56877,56921,56967,57006,57039,normal
202,141,57318,159.21666666666667,NORMAL,N,,,,57294,57329,57387,57419,57452,normal
202,142,57742,160.39444444444445,NORMAL,N,57676,57688,57701,57716,57754,57807,57840,57874,normal
202,143,58146,161.51666666666668,NORMAL,N,58084,58095,58107,58121,58158,58206,58240,58272,normal
202,144,58535,162.59722222222223,NORMAL,N,58473,58485,58498,58509,58545,58599,58629,58661,normal
202,145,58933,163.70277777777778,NORMAL,N,,,,58907,58945,58994,59028,59062,normal
202,146,59355,164.875,NORMAL,N,59287,59298,59312,59329,59365,59420,59455,59486,normal
202,147,59788,166.07777777777778,NORMAL,N,59722,59734,59745,59760,59800,59850,59890,59923,normal
202,148,60207,167.24166666666667,NORMAL,N,60144,60155,60165,60183,60218,60272,60303,60336,normal
202,149,60598,168.32777777777778,NORMAL,N,60539,60550,60561,60571,60609,60659,60690,60721,normal
202,150,60998,169.4388888888889,NORMAL,N,60935,60947,60957,60970,61009,61056,61094,61127,normal
202,151,61406,170.57222222222222,NORMAL,N,61343,61354,61367,61381,61417,61466,61509,61541,normal
202,152,61827,171.74166666666667,NORMAL,N,61764,61775,61787,61802,61839,61892,61928,61962,normal
202,153,62243,172.8972222222222,NORMAL,N,62180,62191,62204,62215,62254,62304,62341,62371,normal
202,154,62645,174.01388888888889,NORMAL,N,62583,62594,62606,62620,62657,62707,62740,62772,normal
202,155,63046,175.12777777777777,NORMAL,N,,,,63023,63056,63109,63142,63171,normal
202,156,63452,176.25555555555556,NORMAL,N,63389,63399,63411,63428,63464,63517,63553,63586,normal
202,157,63873,177.425,NORMAL,N,63809,63820,63831,63847,63884,63937,63973,64005,normal
202,158,64299,178.60833333333332,NORMAL,N,64234,64245,64257,64275,64310,64366,64401,64432,normal
202,159,64703,179.73055555555555,NORMAL,N,64642,64653,64665,64681,64714,64759,64797,64830,normal
202,160,65088,180.8,NORMAL,N,65028,65040,65050,65066,65099,65147,65182,65214,normal
202,161,65471,181.86388888888888,NORMAL,N,,,,65446,65483,65532,65572,65607,normal
202,162,65879,182.99722222222223,NORMAL,N,65814,65826,65838,65851,65891,65949,65982,66015,normal
202,163,66308,184.1888888888889,NORMAL,N,66243,66254,66267,66283,66319,66378,66409,66442,normal
202,164,66715,185.31944444444446,NORMAL,N,66652,66662,66674,66690,66725,66773,66811,66842,normal
202,165,67103,186.3972222222222,NORMAL,N,67044,67055,67065,67077,67113,67161,67195,67228,normal
202,166,67500,187.5,NORMAL,N,67437,67448,67459,67474,67510,67566,67599,67633,normal
202,167,67925,188.68055555555554,NORMAL,N,67859,67871,67882,67897,67936,67994,68027,68062,normal
202,168,68355,189.875,NORMAL,N,68294,68304,68316,68326,68365,68421,68454,68489,normal
202,169,68771,191.03055555555557,NORMAL,N,68708,68720,68731,68746,68783,68839,68869,68902,normal
202,170,69171,192.14166666666668,NORMAL,N,69109,69121,69131,69142,69181,69234,69266,69298,normal
202,171,69568,193.24444444444444,NORMAL,N,69455,69461,69514,69543,69579,69628,69666,69699,normal
202,172,69980,194.38888888888889,NORMAL,N,69916,69926,69936,69944,69991,70041,70080,70119,normal
202,173,70401,195.55833333333334,NORMAL,N,70337,70347,70358,70376,70411,70465,70499,70533,normal
202,174,70820,196.72222222222223,NORMAL,N,70755,70766,70779,70791,70831,70883,70922,70956,normal
202,175,71229,197.85833333333332,NORMAL,N,71168,71179,71190,71202,71238,71288,71322,71355,normal
202,176,71616,198.93333333333334,NORMAL,N,71556,71567,71578,71593,71627,71672,71708,71742,normal
202,177,72014,200.0388888888889,NORMAL,N,71952,71962,71974,71986,72024,72079,72115,72148,normal
202,178,72431,201.19722222222222,NORMAL,N,72368,72379,72390,72404,72443,72499,72535,72570,normal
202,179,72862,202.39444444444445,NORMAL,N,72797,72808,72821,72838,72872,72929,72963,72998,normal
202,180,73276,203.54444444444445,NORMAL,N,73214,73225,73236,73250,73287,73338,73369,73400,normal
202,181,73670,204.63888888888889,NORMAL,N,73612,73623,73634,73642,73680,73728,73762,73793,normal
202,182,74071,205.75277777777777,NORMAL,N,,,,74044,74082,74132,74173,74206,normal
202,183,74508,206.96666666666667,NORMAL,N,74443,74454,74467,74483,74519,74572,74611,74649,normal
202,184,74943,208.175,NORMAL,N,74881,74891,74903,74919,74954,75007,75045,75077,normal
202,185,75365,209.34722222222223,NORMAL,N,75303,75314,75326,75341,75377,75428,75463,75495,normal
202,186,75769,210.46944444444443,NORMAL,N,,,,75744,75780,75832,75865,75896,normal
202,187,76178,211.60555555555555,NORMAL,N,76115,76126,76138,76154,76189,76244,76280,76314,normal
202,188,76605,212.79166666666666,NORMAL,N,76540,76551,76565,76580,76616,76673,76706,76739,normal
202,189,77025,213.95833333333334,NORMAL,N,76962,76974,76985,76999,77036,77094,77128,77160,normal
202,190,77445,215.125,NORMAL,N,77383,77394,77405,77411,77456,77513,77544,77574,normal
202,191,77835,216.20833333333334,NORMAL,N,77773,77784,77796,77812,77845,77897,77929,77960,normal
202,192,78219,217.275,NORMAL,N,78160,78170,78180,78195,78229,78279,78312,78348,normal
202,193,78618,218.38333333333333,NORMAL,N,78554,78566,78577,78587,78629,78680,78722,78756,normal
202,194,79043,219.5638888888889,NORMAL,N,78979,78989,79001,79014,79053,79108,79146,79180,normal
202,195,79464,220.73333333333332,NORMAL,N,79399,79410,79423,79436,79475,79526,79565,79596,normal
202,196,79864,221.84444444444443,NORMAL,N,79804,79815,79826,79839,79874,79924,79958,79988,normal
202,197,80248,222.9111111111111,NORMAL,N,80189,80199,80210,80225,80259,80303,80341,80372,normal
202,198,80645,224.01388888888889,NORMAL,N,80581,80593,80604,80619,80655,80710,80747,80783,normal
202,199,81065,225.18055555555554,NORMAL,N,,,,81040,81076,81124,81166,81200,normal
202,200,81480,226.33333333333334,NORMAL,N,81417,81428,81440,81455,81490,81539,81577,81610,normal
202,201,81884,227.45555555555555,NORMAL,N,81821,81832,81844,81858,81894,81943,81978,82006,normal
202,202,82134,228.15,PVC,V,82032,82056,82080,82094,82146,82164,82202,82242,normal
202,203,82654,229.59444444444443,NORMAL,N,82591,82603,82616,82630,82664,82716,82756,82789,normal
202,204,83065,230.73611111111111,NORMAL,N,83001,83012,83024,83038,83077,83133,83166,83199,normal
202,205,83480,231.88888888888889,NORMAL,N,83417,83428,83439,83452,83491,83545,83580,83612,normal
202,206,83889,233.025,NORMAL,N,83823,83836,83846,83864,83899,83948,83986,84019,normal
202,207,84285,234.125,NORMAL,N,84227,84238,84248,84253,84297,84345,84378,84408,normal
202,208,84676,235.2111111111111,NORMAL,N,84616,84628,84637,84643,84687,84727,84769,84800,normal
202,209,85082,236.3388888888889,NORMAL,N,85020,85032,85043,85050,85092,85142,85182,85217,normal
202,210,85507,237.51944444444445,NORMAL,N,85443,85454,85465,85478,85518,85572,85607,85639,normal
202,211,85931,238.69722222222222,NORMAL,N,,,,85903,85942,85990,86031,86064,normal
202,212,86338,239.82777777777778,NORMAL,N,86280,86291,86301,86313,86349,86395,86432,86466,normal
202,213,86731,240.91944444444445,NORMAL,N,86671,86682,86694,86707,86741,86787,86823,86853,normal
202,214,87124,242.01111111111112,NORMAL,N,87061,87072,87084,87099,87134,87182,87224,87257,normal
202,215,87555,243.20833333333334,NORMAL,N,87491,87502,87514,87529,87565,87624,87657,87692,normal
202,216,87977,244.38055555555556,NORMAL,N,87914,87925,87938,87951,87987,88041,88072,88106,normal
202,217,88237,245.1027777777778,PVC,V,88107,88136,88153,88194,88249,88275,88310,88349,normal
202,218,88750,246.52777777777777,NORMAL,N,88693,88704,88715,88727,88760,88811,88845,88875,normal
202,219,89132,247.5888888888889,NORMAL,N,89069,89080,89092,89110,89142,89188,89228,89259,normal
202,220,89539,248.71944444444443,NORMAL,N,89471,89482,89494,89514,89549,89603,89637,89669,normal
202,221,89936,249.82222222222222,NORMAL,N,89870,89881,89894,89910,89946,89992,90034,90064,normal
202,222,90333,250.925,NORMAL,N,90271,90281,90292,90303,90344,90398,90430,90461,normal
202,223,90729,252.025,NORMAL,N,90666,90676,90688,90704,90738,90789,90824,90856,normal
202,224,91116,253.1,NORMAL,N,91055,91066,91077,91089,91127,91172,91210,91244,normal
202,225,91517,254.2138888888889,NORMAL,N,91453,91464,91475,91491,91527,91585,91617,91649,normal
202,226,91941,255.39166666666668,NORMAL,N,91876,91887,91898,91914,91953,92002,92043,92075,normal
202,227,92365,256.56944444444446,NORMAL,N,92301,92312,92323,92340,92376,92430,92466,92498,normal
202,228,92778,257.71666666666664,NORMAL,N,,,,92755,92789,92838,92871,92904,normal
202,229,93171,258.80833333333334,NORMAL,N,93109,93120,93131,93147,93181,93231,93264,93293,normal
202,230,93556,259.8777777777778,NORMAL,N,93494,93504,93516,93532,93566,93616,93652,93683,normal
202,231,93970,261.02777777777777,NORMAL,N,93905,93916,93929,93945,93981,94038,94074,94110,normal
202,232,94399,262.21944444444443,NORMAL,N,,,,94373,94410,94462,94499,94531,normal
202,233,94808,263.35555555555555,NORMAL,N,94748,94758,94768,94782,94819,94871,94903,94935,normal
202,234,95205,264.4583333333333,NORMAL,N,,,,95182,95216,95264,95299,95332,normal
202,235,95594,265.5388888888889,NORMAL,N,95534,95545,95556,95565,95605,95656,95691,95725,normal
202,236,95835,266.2083333333333,PVC,V,95739,95743,95801,95810,95867,95892,95929,95969,normal
202,237,96400,267.77777777777777,NORMAL,N,96337,96348,96361,96376,96411,96460,96503,96537,normal
202,238,96801,268.89166666666665,NORMAL,N,96737,96747,96758,96778,96812,96865,96897,96927,normal
202,239,97181,269.9472222222222,NORMAL,N,97118,97128,97139,97154,97191,97240,97274,97308,normal
202,240,97558,270.99444444444447,NORMAL,N,97496,97507,97518,97534,97568,97618,97649,97680,normal
202,241,97947,272.075,NORMAL,N,97882,97893,97905,97912,97958,98009,98043,98075,normal
202,242,98354,273.2055555555556,NORMAL,N,98290,98301,98313,98323,98365,98419,98453,98487,normal
202,243,98762,274.3388888888889,NORMAL,N,,,,98738,98772,98819,98858,98890,normal
202,244,99169,275.46944444444443,NORMAL,N,99106,99117,99128,99141,99179,,,,
202,245,99568,276.5777777777778,NORMAL,N,99518,99530,99540,99552,99578,99629,99659,99687,normal
202,246,99959,277.6638888888889,NORMAL,N,99898,99908,99919,99942,99970,100021,100052,100084,normal
202,247,100367,278.7972222222222,NORMAL,N,,,,100349,100378,100433,100467,100500,normal
202,248,100797,279.9916666666667,NORMAL,N,,,,100778,100809,100869,100899,100930,normal
202,249,101219,281.1638888888889,NORMAL,N,101156,101166,101177,101202,101230,101282,101313,101346,normal
202,250,101612,282.25555555555553,NORMAL,N,101550,101562,101574,101595,101623,101668,101703,101735,normal
202,251,102010,283.3611111111111,NORMAL,N,,,,101993,102022,102070,102104,102135,normal
202,252,102422,284.50555555555553,NORMAL,N,102358,102369,102380,102405,102433,102485,102523,102555,normal
202,253,102859,285.71944444444443,NORMAL,N,102792,102804,102815,102841,102870,102918,102958,102989,normal
202,254,103282,286.89444444444445,NORMAL,N,,,,103266,103292,103346,103379,103414,normal
202,255,103682,288.00555555555553,NORMAL,N,103622,103633,103643,103665,103692,103742,103775,103805,normal
202,256,104084,289.1222222222222,NORMAL,N,104022,104034,104045,104067,104095,104149,104178,104209,normal
202,257,104492,290.25555555555553,NORMAL,N,,,,104475,104503,104553,104593,104628,normal
202,258,104911,291.4194444444444,NORMAL,N,104847,104858,104870,104894,104923,104980,105012,105044,normal
202,259,105334,292.59444444444443,NORMAL,N,105270,105280,105291,105316,105345,105397,105434,105467,normal
202,260,105736,293.7111111111111,NORMAL,N,105675,105685,105696,105720,105747,105797,105830,105861,normal
202,261,106135,294.81944444444446,NORMAL,N,,,,106117,106146,106199,106228,106258,normal
202,262,106529,295.9138888888889,NORMAL,N,,,,106512,106540,106592,106627,106659,normal
202,263,106949,297.0805555555556,NORMAL,N,,,,106931,106960,107014,107052,107084,normal
202,264,107382,298.28333333333336,NORMAL,N,107318,107329,107341,107365,107393,107452,107482,107519,normal
202,265,107801,299.4472222222222,NORMAL,N,107738,107749,107761,107783,107812,107862,107895,107929,normal
202,266,108194,300.5388888888889,NORMAL,N,108136,108145,108157,108179,108204,108255,108289,108321,normal
202,267,108588,301.6333333333333,NORMAL,N,108527,108538,108548,108571,108599,108654,108688,108723,normal
202,268,109000,302.77777777777777,NORMAL,N,108934,108946,108957,108982,109011,109067,109103,109136,normal
202,269,109421,303.9472222222222,NORMAL,N,109355,109366,109377,109404,109432,109486,109524,109556,normal
202,270,109826,305.0722222222222,NORMAL,N,109763,109775,109787,109810,109836,109887,109922,109954,normal
202,271,110206,306.1277777777778,NORMAL,N,110144,110156,110166,110190,110216,110265,110298,110328,normal
202,272,110591,307.1972222222222,NORMAL,N,110531,110541,110552,110574,110601,110650,110688,110721,normal
202,273,111003,308.34166666666664,NORMAL,N,110939,110950,110962,110987,111014,111070,111105,111139,normal
202,274,111424,309.5111111111111,NORMAL,N,111359,111370,111383,111407,111435,111486,111521,111554,normal
202,275,111831,310.64166666666665,NORMAL,N,111768,111779,111791,111814,111842,111891,111930,111963,normal
202,276,112236,311.76666666666665,NORMAL,N,112175,112187,112198,112220,112246,112292,112330,112362,normal
202,277,112637,312.88055555555553,NORMAL,N,112576,112587,112600,112621,112648,112697,112732,112764,normal
202,278,113049,314.025,NORMAL,N,112987,112997,113010,113032,113059,113117,113149,113181,normal
202,279,113477,315.2138888888889,NORMAL,N,113415,113425,113436,113460,113487,113543,113576,113609,normal
202,280,113913,316.425,NORMAL,N,113849,113859,113872,113896,113924,113978,114014,114049,normal
202,281,114334,317.59444444444443,NORMAL,N,114273,114284,114297,114318,114343,114396,114427,114459,normal
202,282,114734,318.7055555555556,NORMAL,N,114675,114685,114696,114718,114744,114792,114827,114858,normal
202,283,115137,319.825,NORMAL,N,115076,115086,115098,115119,115147,115205,115237,115272,normal
202,284,115561,321.0027777777778,NORMAL,N,115496,115507,115519,115543,115572,115619,115664,115698,normal
202,285,115994,322.2055555555556,NORMAL,N,115928,115938,115950,115976,116004,116054,116094,116125,normal
202,286,116407,323.35277777777776,NORMAL,N,116344,116355,116368,116391,116417,116466,116502,116533,normal
202,287,116803,324.4527777777778,NORMAL,N,116744,116754,116766,116786,116812,116859,116895,116925,normal
202,288,117205,325.56944444444446,NORMAL,N,117143,117153,117165,117188,117215,117265,117305,117337,normal
202,289,117636,326.76666666666665,NORMAL,N,117568,117579,117593,117618,117646,117697,117737,117769,normal
202,290,118064,327.9555555555556,NORMAL,N,118000,118011,118023,118047,118074,118128,118164,118198,normal
202,291,118488,329.1333333333333,NORMAL,N,118425,118435,118448,118470,118498,118548,118584,118618,normal
202,292,118896,330.26666666666665,NORMAL,N,118834,118846,118857,118879,118907,118962,118992,119028,normal
202,293,119306,331.40555555555557,NORMAL,N,119243,119252,119265,119289,119317,119367,119402,119434,normal
202,294,119731,332.5861111111111,NORMAL,N,119664,119676,119690,119714,119741,119798,119833,119865,normal
202,295,120163,333.7861111111111,NORMAL,N,120099,120110,120124,120146,120175,120228,120265,120297,normal
202,296,120446,334.5722222222222,PVC,V,120350,120360,120372,120402,120520,,120521,120562,negative_monophasic
202,297,121007,336.13055555555553,NORMAL,N,,,,120989,121017,121067,121104,121139,normal
202,298,121406,337.2388888888889,NORMAL,N,,,,121390,121416,121468,121502,121532,normal
202,299,121820,338.3888888888889,NORMAL,N,121755,121765,121780,121803,121831,121886,121919,121950,normal
202,300,122251,339.5861111111111,NORMAL,N,122185,122195,122208,122234,122262,122317,122351,122383,normal
202,301,122680,340.77777777777777,NORMAL,N,122615,122626,122640,122663,122690,122741,122779,122809,normal
202,302,123086,341.90555555555557,NORMAL,N,123026,123037,123048,123070,123096,123147,123180,123209,normal
202,303,123480,343.0,NORMAL,N,123420,123429,123442,123464,123491,123540,123701,123719,biphasic_positive_negative
202,304,123896,344.15555555555557,NORMAL,N,123829,123838,123850,123878,123907,123965,124003,124035,normal
202,305,124328,345.35555555555555,NORMAL,N,124261,124271,124286,124310,124339,124395,124433,124464,normal
202,306,124746,346.51666666666665,NORMAL,N,124683,124694,124705,124729,124757,124812,124846,124877,normal
202,307,125156,347.65555555555557,NORMAL,N,125094,125105,125116,125139,125167,125216,125247,125278,normal
202,308,125548,348.74444444444447,NORMAL,N,125485,125496,125508,125532,125558,125600,125641,125671,normal
202,309,125950,349.8611111111111,NORMAL,N,125887,125897,125910,125933,125960,126009,126046,126078,normal
202,310,126367,351.01944444444445,NORMAL,N,126301,126312,126325,126349,126377,126435,126466,126498,normal
202,311,126785,352.18055555555554,NORMAL,N,126719,126730,126742,126767,126796,126845,126884,126915,normal
202,312,127204,353.34444444444443,NORMAL,N,127140,127151,127162,127187,127214,127268,127300,127334,normal
202,313,127601,354.4472222222222,NORMAL,N,127539,127550,127563,127584,127612,127656,127694,127724,normal
202,314,127992,355.53333333333336,NORMAL,N,127931,127942,127953,127976,128003,128053,128087,128123,normal
202,315,128407,356.68611111111113,NORMAL,N,,,,128389,128418,128464,128506,128538,normal
202,316,128835,357.875,NORMAL,N,128770,128780,128792,128818,128846,128899,128934,128968,normal
202,317,129258,359.05,NORMAL,N,129194,129206,129218,129242,129269,129317,129354,129382,normal
202,318,129653,360.14722222222224,NORMAL,N,129592,129603,129615,129636,129663,129709,129745,129775,normal
202,319,130035,361.2083333333333,NORMAL,N,129975,129985,129999,130019,130045,130091,130129,130160,normal
202,320,130440,362.3333333333333,NORMAL,N,130374,130384,130398,130422,130452,130508,130543,130576,normal
202,321,130864,363.5111111111111,NORMAL,N,130796,130807,130820,130845,130874,130928,130966,130998,normal
202,322,131273,364.64722222222224,NORMAL,N,,,,131256,131284,131333,131373,131404,normal
202,323,131674,365.7611111111111,NORMAL,N,131612,131622,131634,131657,131684,131736,131768,131800,normal
202,324,132062,366.8388888888889,NORMAL,N,132000,132010,132022,132045,132072,132123,132155,132186,normal
202,325,132470,367.97222222222223,NORMAL,N,132402,132415,132428,132451,132482,132536,132572,132606,normal
202,326,132903,369.175,NORMAL,N,132839,132850,132862,132886,132914,132972,133005,133037,normal
202,327,133329,370.35833333333335,NORMAL,N,133266,133277,133289,133312,133340,133390,133428,133461,normal
202,328,133751,371.53055555555557,NORMAL,N,133689,133699,133711,133734,133762,133814,133848,133878,normal
202,329,134154,372.65,NORMAL,N,134093,134103,134115,134137,134164,134216,134249,134282,normal
202,330,134554,373.7611111111111,NORMAL,N,134494,134504,134515,134537,134564,134618,134651,134683,normal
202,331,134974,374.9277777777778,NORMAL,N,134908,134921,134933,134957,134985,135041,135077,135110,normal
202,332,135403,376.11944444444447,NORMAL,N,135338,135350,135362,135386,135415,135470,135504,135538,normal
202,333,135821,377.28055555555557,NORMAL,N,135758,135768,135780,135804,135831,135879,135917,135952,normal
202,334,136213,378.36944444444447,NORMAL,N,136153,136163,136174,136197,136223,136270,136305,136338,normal
202,335,136593,379.425,NORMAL,N,136532,136542,136553,136576,136603,136653,136687,136720,normal
202,336,137002,380.56111111111113,NORMAL,N,136936,136947,136962,136985,137013,137071,137107,137138,normal
202,337,137412,381.7,NORMAL,N,137346,137356,137369,137395,137422,137476,137511,137544,normal
202,338,137814,382.81666666666666,NORMAL,N,137751,137762,137774,137796,137825,137873,137908,137939,normal
202,339,138196,383.8777777777778,NORMAL,N,138135,138145,138157,138181,138206,138255,138288,138320,normal
202,340,138581,384.9472222222222,NORMAL,N,138520,138531,138543,138563,138592,138640,138674,138704,normal
202,341,138984,386.06666666666666,NORMAL,N,138921,138933,138946,138967,138996,139046,139085,139118,normal
202,342,139420,387.27777777777777,NORMAL,N,,,,139403,139430,139484,139520,139553,normal
202,343,139852,388.47777777777776,NORMAL,N,,,,139835,139863,139914,139950,139982,normal
202,344,140276,389.65555555555557,NORMAL,N,140166,140192,140225,140259,140287,140337,140372,140403,normal
202,345,140691,390.80833333333334,NORMAL,N,140631,140641,140653,140675,140701,140749,140784,140814,normal
202,346,141098,391.93888888888887,NORMAL,N,141039,141050,141062,141082,141108,141146,141194,141226,normal
202,347,141519,393.10833333333335,NORMAL,N,141456,141467,141479,141502,141530,141573,141622,141652,normal
202,348,141945,394.2916666666667,NORMAL,N,141881,141892,141906,141928,141955,142007,142045,142075,normal
202,349,142362,395.45,NORMAL,N,142300,142310,142323,142345,142372,142425,142458,142488,normal
202,350,142758,396.55,NORMAL,N,142698,142709,142721,142742,142767,142815,142851,142883,normal
202,351,143149,397.6361111111111,NORMAL,N,143088,143100,143110,143133,143159,143207,143243,143274,normal
202,352,143557,398.76944444444445,NORMAL,N,143491,143503,143516,143540,143568,143623,143660,143691,normal
202,353,143988,399.96666666666664,NORMAL,N,143923,143934,143945,143971,143998,144043,144085,144119,normal
202,354,144401,401.1138888888889,NORMAL,N,144339,144350,144363,144385,144412,144465,144495,144525,normal
202,355,144798,402.21666666666664,NORMAL,N,144738,144750,144762,144782,144808,144853,144889,144922,normal
202,356,145068,402.96666666666664,APC,A,144988,145002,145024,145052,145079,145121,145157,145185,normal
202,357,145489,404.1361111111111,NORMAL,N,145425,145436,145449,145472,145500,145553,145588,145622,normal
202,358,145938,405.3833333333333,NORMAL,N,145869,145880,145892,145918,145949,146001,146040,146074,normal
202,359,146382,406.6166666666667,NORMAL,N,146317,146328,146341,146365,146392,146445,146480,146511,normal
202,360,146806,407.7944444444444,NORMAL,N,146745,146756,146767,146789,146815,146859,146900,146930,normal
202,361,147236,408.9888888888889,NORMAL,N,147174,147185,147196,147218,147246,147293,147329,147359,normal
202,362,147665,410.18055555555554,NORMAL,N,147599,147609,147625,147648,147675,147730,147765,147794,normal
202,363,148097,411.38055555555553,NORMAL,N,148032,148044,148057,148080,148109,148164,148197,148230,normal
202,364,148528,412.5777777777778,NORMAL,N,,,,148510,148539,148594,148625,148660,normal
202,365,148949,413.7472222222222,NORMAL,N,,,,148933,148959,149009,149042,149074,normal
202,366,149336,414.8222222222222,NORMAL,N,149273,149285,149297,149319,149346,149389,149426,149458,normal
202,367,149704,415.84444444444443,NORMAL,N,149639,149652,149662,149687,149715,149762,149839,149859,biphasic_positive_negative
202,368,150083,416.89722222222224,NORMAL,N,150032,150043,150054,150066,150094,150146,150184,150218,normal
202,369,150482,418.00555555555553,NORMAL,N,150412,150424,150436,150464,150493,150549,150585,150617,normal
202,370,150887,419.13055555555553,NORMAL,N,,,,150870,150899,150947,150984,151015,normal
202,371,151283,420.23055555555555,NORMAL,N,151222,151233,151243,151266,151293,151342,151377,151408,normal
202,372,151680,421.3333333333333,NORMAL,N,151618,151630,151641,151663,151691,151739,151776,151807,normal
202,373,152091,422.475,NORMAL,N,152027,152038,152049,152073,152102,152152,152195,152230,normal
202,374,152529,423.69166666666666,NORMAL,N,152463,152474,152488,152512,152540,152596,152631,152662,normal
202,375,152953,424.86944444444447,NORMAL,N,152889,152900,152915,152936,152963,153012,153051,153082,normal
202,376,153353,425.98055555555555,NORMAL,N,153293,153303,153315,153336,153363,153410,153447,153480,normal
202,377,153751,427.0861111111111,NORMAL,N,153689,153700,153714,153735,153761,153807,153849,153879,normal
202,378,154160,428.22222222222223,NORMAL,N,154096,154106,154119,154143,154171,154220,154262,154295,normal
202,379,154584,429.4,NORMAL,N,154519,154530,154543,154567,154595,154643,154686,154718,normal
202,380,155008,430.5777777777778,NORMAL,N,154944,154955,154969,154992,155019,155069,155108,155139,normal
202,381,155417,431.7138888888889,NORMAL,N,,,,155400,155427,155473,155513,155545,normal
202,382,155647,432.35277777777776,PVC,V,,,,155624,155648,155663,155733,155771,normal
202,383,156201,433.89166666666665,NORMAL,N,156138,156148,156162,156184,156212,156263,156305,156336,normal
202,384,156613,435.0361111111111,NORMAL,N,156547,156558,156570,156596,156623,156675,156713,156744,normal
202,385,157021,436.1694444444444,NORMAL,N,156956,156968,156980,157004,157033,157085,157123,157155,normal
202,386,157424,437.2888888888889,NORMAL,N,157362,157374,157387,157408,157435,157482,157520,157552,normal
202,387,157806,438.35,NORMAL,N,157747,157758,157769,157790,157816,157864,157896,157929,normal
202,388,158188,439.4111111111111,NORMAL,N,158125,158136,158148,158171,158198,158251,158282,158313,normal
202,389,158589,440.525,NORMAL,N,158525,158536,158547,158571,158599,158649,158689,158724,normal
202,390,159012,441.7,NORMAL,N,158947,158958,158970,158995,159022,159075,159114,159146,normal
202,391,159430,442.8611111111111,NORMAL,N,159368,159378,159391,159413,159441,159493,159527,159559,normal
202,392,159827,443.9638888888889,NORMAL,N,,,,159811,159837,159890,159919,159950,normal
202,393,160223,445.06388888888887,NORMAL,N,160160,160171,160182,160206,160234,160280,160317,160349,normal
202,394,160636,446.2111111111111,NORMAL,N,160572,160583,160596,160619,160647,160699,160735,160766,normal
202,395,161061,447.39166666666665,NORMAL,N,160999,161010,161021,161044,161071,161124,161159,161191,normal
202,396,161478,448.55,NORMAL,N,161414,161426,161437,161461,161489,161544,161578,161608,normal
202,397,161884,449.6777777777778,NORMAL,N,161823,161835,161846,161868,161894,161941,161976,162009,normal
202,398,162279,450.775,NORMAL,N,162218,162229,162241,162263,162290,162341,162375,162406,normal
202,399,162678,451.8833333333333,NORMAL,N,162617,162628,162639,162661,162688,162738,162777,162810,normal
202,400,163093,453.0361111111111,NORMAL,N,163029,163040,163052,163077,163102,163157,163193,163228,normal
202,401,163516,454.2111111111111,NORMAL,N,163450,163462,163475,163499,163526,163587,163616,163653,normal
202,402,163928,455.35555555555555,NORMAL,N,163867,163877,163889,163912,163938,163987,164022,164053,normal
202,403,164318,456.43888888888887,NORMAL,N,,,,164303,164328,164372,164407,164441,normal
202,404,164708,457.52222222222224,NORMAL,N,164647,164658,164669,164692,164718,164764,164803,164835,normal
202,405,165119,458.6638888888889,NORMAL,N,165056,165066,165079,165102,165130,165181,165220,165252,normal
202,406,165550,459.8611111111111,NORMAL,N,165485,165497,165510,165533,165561,165614,165652,165685,normal
202,407,165976,461.0444444444444,NORMAL,N,165914,165924,165936,165960,165986,166038,166072,166103,normal
202,408,166377,462.15833333333336,NORMAL,N,166318,166329,166340,166362,166387,166435,166469,166499,normal
202,409,166775,463.2638888888889,NORMAL,N,166714,166725,166737,166759,166786,166833,166873,166901,normal
202,410,167199,464.44166666666666,NORMAL,N,167135,167146,167158,167182,167209,167253,167300,167332,normal
202,411,167632,465.64444444444445,NORMAL,N,167570,167581,167594,167616,167641,167692,167731,167763,normal
202,412,168045,466.7916666666667,NORMAL,N,167983,167994,168005,168028,168056,168107,168144,168176,normal
202,413,168441,467.89166666666665,NORMAL,N,,,,168425,168451,168499,168536,168565,normal
202,414,168829,468.96944444444443,NORMAL,N,168767,168778,168789,168812,168840,168886,168922,168953,normal
202,415,169224,470.06666666666666,NORMAL,N,,,,169207,169235,169284,169323,169356,normal
202,416,169633,471.2027777777778,NORMAL,N,169551,169580,169591,169617,169643,169691,169878,169894,biphasic_positive_negative
202,417,170039,472.3305555555556,NORMAL,N,169905,169922,169949,170022,170050,170092,170138,170170,normal
202,418,170319,473.10833333333335,PVC,V,,,,170275,170334,170356,170389,170425,normal
202,419,170814,474.48333333333335,NORMAL,N,,,,170799,170824,170872,170907,170940,normal
202,420,171185,475.5138888888889,NORMAL,N,171124,171134,171144,171169,171196,171239,171277,171309,normal
202,421,171569,476.5805555555556,NORMAL,N,,,,171554,171579,171632,171700,171762,biphasic_positive_negative
202,422,171958,477.6611111111111,NORMAL,N,171893,171902,171914,171940,171968,172022,172053,172087,normal
202,423,172346,478.7388888888889,NORMAL,N,172279,172292,172304,172329,172357,172405,172441,172473,normal
202,424,172722,479.78333333333336,NORMAL,N,172673,172685,172693,172705,172733,172773,172812,172850,normal
202,425,173090,480.80555555555554,NORMAL,N,,,,173073,173101,173143,173182,173211,normal
202,426,173470,481.8611111111111,NORMAL,N,173406,173417,173429,173452,173482,173534,173573,173613,normal
202,427,173880,483.0,NORMAL,N,173814,173827,173840,173862,173890,173945,173981,174010,normal
202,428,174282,484.1166666666667,NORMAL,N,174216,174227,174240,174266,174294,174348,174383,174415,normal
202,429,174684,485.23333333333335,NORMAL,N,174622,174633,174645,174667,174694,174745,174780,174812,normal
202,430,175064,486.2888888888889,NORMAL,N,175000,175012,175023,175048,175075,175124,175158,175192,normal
202,431,175451,487.3638888888889,NORMAL,N,175389,175400,175412,175434,175461,175510,175545,175578,normal
202,432,175848,488.46666666666664,NORMAL,N,175784,175795,175807,175830,175859,175907,175948,175980,normal
202,433,176257,489.60277777777776,NORMAL,N,176194,176205,176217,176240,176269,176323,176355,176388,normal
202,434,176671,490.7527777777778,NORMAL,N,176606,176618,176630,176653,176683,176734,176769,176802,normal
202,435,177076,491.8777777777778,NORMAL,N,177016,177026,177037,177060,177086,177138,177168,177200,normal
202,436,177465,492.9583333333333,NORMAL,N,177406,177417,177428,177449,177475,177517,177554,177586,normal
202,437,177860,494.05555555555554,NORMAL,N,177799,177809,177820,177843,177871,177918,177958,177990,normal
202,438,178276,495.2111111111111,NORMAL,N,178212,178224,178237,178259,178286,178339,178376,178408,normal
202,439,178706,496.40555555555557,NORMAL,N,178640,178652,178665,178689,178717,178772,178806,178839,normal
202,440,179120,497.55555555555554,NORMAL,N,179059,179070,179082,179104,179130,179180,179212,179243,normal
202,441,179514,498.65,NORMAL,N,179455,179466,179478,179498,179525,179575,179606,179636,normal
202,442,179910,499.75,NORMAL,N,179849,179860,179871,179893,179920,179971,180005,180039,normal
202,443,180332,500.9222222222222,NORMAL,N,180267,180279,180292,180314,180344,180396,180431,180460,normal
202,444,180753,502.09166666666664,NORMAL,N,180690,180702,180713,180737,180763,180816,180848,180881,normal
202,445,181154,503.2055555555556,NORMAL,N,181094,181104,181114,181137,181165,181207,181248,181276,normal
202,446,181543,504.2861111111111,NORMAL,N,181486,181496,181509,181526,181553,181601,181634,181664,normal
202,447,181932,505.3666666666667,NORMAL,N,181871,181881,181892,181916,181943,181993,182027,182059,normal
202,448,182341,506.5027777777778,NORMAL,N,182277,182288,182300,182324,182351,182406,182438,182469,normal
202,449,182753,507.64722222222224,NORMAL,N,182688,182699,182712,182735,182764,182816,182849,182881,normal
202,450,183164,508.7888888888889,NORMAL,N,183101,183112,183124,183146,183175,183228,183263,183294,normal
202,451,183569,509.9138888888889,NORMAL,N,183508,183519,183532,183553,183580,183631,183663,183691,normal
202,452,183962,511.00555555555553,NORMAL,N,183902,183912,183924,183946,183971,184020,184051,184082,normal
202,453,184356,512.1,NORMAL,N,184292,184304,184316,184340,184367,184418,184452,184481,normal
202,454,184779,513.275,NORMAL,N,184716,184726,184739,184761,184790,184841,184876,184907,normal
202,455,185202,514.45,NORMAL,N,185138,185150,185162,185186,185213,185264,185301,185334,normal
202,456,185621,515.6138888888889,NORMAL,N,185559,185570,185582,185604,185631,185678,185711,185741,normal
202,457,186014,516.7055555555555,NORMAL,N,185954,185964,185977,185998,186023,186067,186104,186136,normal
202,458,186410,517.8055555555555,NORMAL,N,186349,186359,186370,186393,186420,186474,186506,186537,normal
202,459,186838,518.9944444444444,NORMAL,N,186772,186783,186796,186821,186849,186902,186938,186971,normal
202,460,187265,520.1805555555555,NORMAL,N,187200,187211,187223,187248,187276,187326,187363,187394,normal
202,461,187674,521.3166666666667,NORMAL,N,187611,187623,187634,187657,187683,187730,187767,187799,normal
202,462,188069,522.4138888888889,NORMAL,N,188008,188018,188032,188053,188079,188126,188160,188188,normal
202,463,188458,523.4944444444444,NORMAL,N,188396,188406,188418,188442,188468,188521,188551,188583,normal
202,464,188866,524.6277777777777,NORMAL,N,188798,188810,188826,188848,188876,188932,188968,188997,normal
202,465,189272,525.7555555555556,NORMAL,N,189192,189216,189229,189256,189282,189339,189371,189407,normal
202,466,189676,526.8777777777777,NORMAL,N,189612,189624,189636,189661,189687,189739,189772,189802,normal
202,467,190076,527.9888888888889,NORMAL,N,190015,190029,190040,190059,190086,190127,190171,190200,normal
202,468,190460,529.0555555555555,NORMAL,N,190396,190410,190418,190444,190471,190521,190554,190587,normal
202,469,190849,530.1361111111111,NORMAL,N,190788,190799,190811,190833,190860,190910,190947,190981,normal
202,470,191263,531.2861111111112,NORMAL,N,191199,191210,191222,191246,191274,191330,191365,191399,normal
202,471,191685,532.4583333333334,NORMAL,N,191622,191632,191645,191668,191694,191745,191784,191816,normal
202,472,192095,533.5972222222222,NORMAL,N,192034,192044,192056,192079,192105,192155,192191,192221,normal
202,473,192489,534.6916666666667,NORMAL,N,192430,192441,192452,192473,192499,192547,192582,192611,normal
202,474,192875,535.7638888888889,NORMAL,N,192813,192826,192839,192859,192885,192938,193002,193030,biphasic_positive_negative
202,475,193281,536.8916666666667,NORMAL,N,193215,193225,193237,193263,193291,193351,193381,193414,normal
202,476,193701,538.0583333333333,NORMAL,N,193635,193647,193661,193685,193710,193771,193800,193830,normal
202,477,194106,539.1833333333333,NORMAL,N,194046,194057,194068,194090,194116,194165,194199,194228,normal
202,478,194489,540.2472222222223,NORMAL,N,194431,194441,194452,194472,194499,194544,194581,194612,normal
202,479,194874,541.3166666666667,NORMAL,N,194815,194826,194838,194858,194884,194934,194967,194997,normal
202,480,195272,542.4222222222222,NORMAL,N,195210,195221,195234,195255,195282,195329,195371,195403,normal
202,481,195694,543.5944444444444,NORMAL,N,195630,195640,195653,195677,195704,195755,195790,195821,normal
202,482,196108,544.7444444444444,NORMAL,N,196046,196056,196068,196091,196118,196165,196202,196232,normal
202,483,196507,545.8527777777778,NORMAL,N,196447,196459,196470,196491,196518,196563,196602,196632,normal
202,484,196906,546.9611111111111,NORMAL,N,196846,196857,196868,196889,196917,196964,196997,197028,normal
202,485,197304,548.0666666666667,NORMAL,N,197240,197252,197264,197286,197314,197360,197399,197433,normal
202,486,197712,549.2,NORMAL,N,,,,197695,197724,197774,197810,197842,normal
202,487,198129,550.3583333333333,NORMAL,N,198066,198078,198091,198112,198141,198190,198226,198256,normal
202,488,198534,551.4833333333333,NORMAL,N,198474,198484,198494,198517,198545,198598,198627,198645,normal
202,489,198926,552.5722222222222,NORMAL,N,198865,198875,198887,198906,198936,198982,199018,199041,normal
202,490,199313,553.6472222222222,NORMAL,N,199250,199264,199274,199292,199324,199376,199404,199438,normal
202,491,199700,554.7222222222222,NORMAL,N,199636,199647,199660,199679,199711,199768,199799,199832,normal
202,492,200108,555.8555555555556,NORMAL,N,200040,200053,200063,200087,200120,200172,200208,200241,normal
202,493,200499,556.9416666666667,NORMAL,N,200435,200446,200459,200477,200510,200558,200596,200632,normal
202,494,200859,557.9416666666667,NORMAL,N,200781,200810,200822,200840,200870,200917,200952,200986,normal
202,495,201216,558.9333333333333,NORMAL,N,201154,201167,201178,201197,201228,201276,201309,201340,normal
202,496,201579,559.9416666666667,NORMAL,N,201516,201528,201540,201558,201590,201644,201715,201731,biphasic_positive_negative
202,497,201960,561.0,NORMAL,N,201893,201905,201916,201939,201972,202024,202187,202205,biphasic_positive_negative
202,498,202345,562.0694444444445,NORMAL,N,202233,202249,202273,202325,202357,202408,202514,202530,biphasic_positive_negative
202,499,202714,563.0944444444444,NORMAL,N,202650,202663,202672,202695,202725,202775,202807,202843,normal
202,500,203065,564.0694444444445,NORMAL,N,203004,203014,203028,203046,203075,203127,203158,203186,normal
202,501,203429,565.0805555555555,NORMAL,N,203337,203377,203388,203408,203439,203490,203523,203551,normal
202,502,203805,566.125,NORMAL,N,203739,203750,203762,203784,203816,203875,203907,203943,normal
202,503,204211,567.2527777777777,NORMAL,N,204148,204158,204169,204190,204222,204281,204314,204345,normal
202,504,204626,568.4055555555556,NORMAL,N,,,,204605,204637,204690,204724,204759,normal
202,505,205030,569.5277777777778,NORMAL,N,204967,204978,204989,205009,205040,205097,205252,205264,biphasic_positive_negative
202,506,205423,570.6194444444444,NORMAL,N,205332,205371,205393,205405,205462,205498,205517,205551,normal
202,507,205815,571.7083333333334,NORMAL,N,205754,205765,205777,205795,205826,205878,205914,205946,normal
202,508,206217,572.825,NORMAL,N,,,,206198,206228,206279,206316,206349,normal
202,509,206640,574.0,NORMAL,N,206574,206585,206598,206619,206651,206708,206742,206776,normal
202,510,207059,575.1638888888889,NORMAL,N,206999,207010,207022,207040,207069,207124,207155,207193,normal
202,511,207449,576.2472222222223,NORMAL,N,207390,207401,207413,207431,207458,207506,207542,207570,normal
202,512,207836,577.3222222222222,NORMAL,N,207774,207785,207799,207816,207845,207901,207931,207961,normal
202,513,208229,578.4138888888889,NORMAL,N,208162,208175,208188,208210,208239,208300,208510,208522,biphasic_positive_negative
202,514,208629,579.525,NORMAL,N,208554,208571,208582,208608,208639,208701,208730,208763,normal
202,515,209012,580.5888888888888,NORMAL,N,208947,208959,208972,208992,209022,209073,209109,209142,normal
202,516,209383,581.6194444444444,NORMAL,N,209321,209330,209342,209363,209392,209477,209550,209598,inverted
202,517,209742,582.6166666666667,NORMAL,N,209685,209695,209705,209721,209752,209810,209879,209890,biphasic_positive_negative
202,518,210112,583.6444444444444,NORMAL,N,210045,210056,210070,210092,210120,210181,210207,210235,normal
202,519,210486,584.6833333333333,NORMAL,N,210399,210419,210442,210468,210496,210563,210586,210616,normal
202,520,210859,585.7194444444444,NORMAL,N,210794,210804,210822,210838,210870,210927,210958,210989,normal
202,521,211225,586.7361111111111,NORMAL,N,211161,211171,211181,211206,211234,211291,211322,211358,normal
202,522,211571,587.6972222222222,NORMAL,N,211486,211520,211533,211550,211581,211632,211663,211697,normal
202,523,211907,588.6305555555556,NORMAL,N,211844,211858,211871,211888,211916,211977,212033,212066,biphasic_positive_negative
202,524,212238,589.55,NORMAL,N,212157,212166,212179,212217,212250,212296,212424,212438,biphasic_positive_negative
202,525,212584,590.5111111111111,NORMAL,N,212523,212534,212549,212562,212594,212653,212729,212741,biphasic_positive_negative
202,526,212931,591.475,NORMAL,N,212869,212878,212892,212913,212943,212998,213029,213060,normal
202,527,213281,592.4472222222222,NORMAL,N,213218,213230,213240,213260,213291,213341,213379,213411,normal
202,528,213619,593.3861111111111,NORMAL,N,213558,213569,213585,213598,213629,213675,213756,213767,biphasic_positive_negative
202,529,213942,594.2833333333333,NORMAL,N,213883,213896,213909,213923,213951,214003,214093,214103,biphasic_positive_negative
202,530,214261,595.1694444444445,NORMAL,N,214180,214190,214199,214240,214272,214314,214472,214485,biphasic_positive_negative
202,531,214593,596.0916666666667,NORMAL,N,214532,214543,214560,214568,214603,214652,214685,214718,normal
202,532,214938,597.05,NORMAL,N,,,,214918,214949,214997,215072,215092,biphasic_positive_negative
202,533,215295,598.0416666666666,NORMAL,N,215230,215242,215255,215273,215305,215359,215467,215481,biphasic_positive_negative
202,534,215640,599.0,NORMAL,N,215541,215555,215568,215618,215651,215698,215733,215761,normal
202,535,215970,599.9166666666666,NORMAL,N,215841,215849,215883,215951,215980,216026,216099,216135,biphasic_positive_negative
202,536,216299,600.8305555555555,NORMAL,N,216237,216249,216261,216279,216309,216360,216392,216419,normal
202,537,216633,601.7583333333333,NORMAL,N,216560,216576,216594,216613,216644,216696,216728,216758,normal
202,538,216978,602.7166666666667,NORMAL,N,216893,216909,216935,216957,216989,217047,217080,217110,normal
202,539,217315,603.6527777777778,NORMAL,N,217235,217253,217272,217295,217325,217374,217413,217443,normal
202,540,217647,604.575,NORMAL,N,217566,217583,217605,217625,217658,217709,217780,217796,biphasic_positive_negative
202,541,217974,605.4833333333333,NORMAL,N,217893,217907,217938,217954,217984,218035,218066,218095,normal
202,542,218297,606.3805555555556,NORMAL,N,218220,218236,218252,218278,218307,218349,218438,218454,biphasic_positive_negative
202,543,218560,607.1111111111111,PVC,V,218523,218533,218546,,218598,218621,218632,218673,normal
202,544,218932,608.1444444444444,NORMAL,N,218852,218871,218890,218910,218942,218990,219063,219120,biphasic_positive_negative
202,545,219269,609.0805555555555,NORMAL,N,219187,219205,219226,219249,219279,219360,219413,219435,biphasic_positive_negative
202,546,219608,610.0222222222222,NORMAL,N,219526,219541,219562,219587,219619,219654,219709,219736,normal
202,547,219946,610.9611111111111,NORMAL,N,219868,219879,219891,219925,219956,220008,220040,220070,normal
202,548,220267,611.8527777777778,NORMAL,N,220189,220204,220225,220246,220277,220331,220359,220384,normal
202,549,220576,612.7111111111111,NORMAL,N,220498,220532,220548,220558,220622,220646,220705,220727,biphasic_positive_negative
202,550,220892,613.5888888888888,NORMAL,N,220822,220832,220850,220871,220902,220950,220984,221018,normal
202,551,221225,614.5138888888889,NORMAL,N,221145,221161,221183,221204,221235,221280,221320,221348,normal
202,552,221564,615.4555555555555,NORMAL,N,221484,221500,221521,221544,221575,221632,221660,221688,normal
202,553,221907,616.4083333333333,NORMAL,N,221807,221838,221863,221880,221918,221970,222043,222074,biphasic_positive_negative
202,554,222234,617.3166666666667,NORMAL,N,222152,222170,222188,222214,222245,222286,222364,222384,biphasic_positive_negative
202,555,222490,618.0277777777778,PVC,V,,,,222447,222500,222531,222556,222600,normal
202,556,222871,619.0861111111111,NORMAL,N,222787,222810,222832,222852,222881,222927,223001,223028,biphasic_positive_negative
202,557,223212,620.0333333333333,NORMAL,N,223130,223150,223171,223192,223222,223271,223306,223334,normal
202,558,223550,620.9722222222222,NORMAL,N,223464,223484,223507,223530,223561,223600,223648,223694,normal
202,559,223894,621.9277777777778,NORMAL,N,223811,223831,223851,223874,223904,223946,223993,224027,normal
202,560,224233,622.8694444444444,NORMAL,N,224151,224169,224188,224212,224243,224288,224328,224359,normal
202,561,224499,623.6083333333333,PVC,V,224406,224434,224444,224456,224509,224535,224565,224600,normal
202,562,224883,624.675,NORMAL,N,224806,224823,224844,224864,224894,224949,225019,225031,biphasic_positive_negative
202,563,225222,625.6166666666667,NORMAL,N,225133,225160,225176,225200,225231,225281,225348,225369,biphasic_positive_negative
202,564,225559,626.5527777777778,NORMAL,N,225477,225494,225513,225538,225570,225612,225779,225798,biphasic_positive_negative
202,565,225908,627.5222222222222,NORMAL,N,225825,225841,225863,225888,225918,225944,226005,226037,normal
202,566,226257,628.4916666666667,NORMAL,N,226173,226192,226217,226237,226267,226322,226355,226392,normal
202,567,226507,629.1861111111111,PVC,V,226431,226466,226478,226493,226547,226571,226606,226641,normal
202,568,226929,630.3583333333333,NORMAL,N,226851,226869,226888,226911,226939,226983,227049,227081,biphasic_positive_negative
202,569,227254,631.2611111111111,NORMAL,N,227175,227194,227213,227236,227265,227319,227346,227375,normal
202,570,227585,632.1805555555555,NORMAL,N,227501,227522,227546,227564,227596,227661,227683,227716,normal
202,571,227927,633.1305555555556,NORMAL,N,227838,227855,227883,227905,227937,227981,228067,228088,biphasic_positive_negative
202,572,228277,634.1027777777778,NORMAL,N,228191,228208,228244,228258,228288,228340,228375,228411,normal
202,573,228542,634.8388888888888,PVC,V,228489,228505,228520,228532,228583,228607,228639,228677,normal
202,574,228955,635.9861111111111,NORMAL,N,228878,228896,228916,228937,228965,229012,229046,229083,normal
202,575,229271,636.8638888888889,NORMAL,N,229192,229211,229225,229251,229316,229323,229361,229388,normal
202,576,229596,637.7666666666667,NORMAL,N,229514,229534,229552,229577,229607,229661,229694,229727,normal
202,577,229944,638.7333333333333,NORMAL,N,229857,229877,229901,229922,229954,229998,230143,230184,biphasic_positive_negative
202,578,230288,639.6888888888889,NORMAL,N,230207,230225,230240,230269,230298,230349,230383,230413,normal
202,579,230623,640.6194444444444,NORMAL,N,230538,230557,230578,230603,230633,230682,230718,230749,normal
202,580,230951,641.5305555555556,NORMAL,N,230870,230888,230907,230931,230960,231008,231044,231071,normal
202,581,231264,642.4,NORMAL,N,231185,231204,231223,231245,231273,231316,231355,231385,normal
202,582,231578,643.2722222222222,NORMAL,N,231500,231518,231536,231558,231588,231628,231670,231702,normal
202,583,231903,644.175,NORMAL,N,231821,231840,231859,231882,231913,231962,231996,232026,normal
202,584,232235,645.0972222222222,NORMAL,N,232151,232169,232193,232214,232245,232293,232332,232364,normal
202,585,232487,645.7972222222222,PVC,V,232373,232392,232401,232462,232517,232544,232578,232622,normal
202,586,232908,646.9666666666667,NORMAL,N,232826,232844,232864,232888,232918,232961,233047,233065,biphasic_positive_negative
202,587,233241,647.8916666666667,NORMAL,N,233166,233183,233199,233222,233250,233293,233331,233358,normal
202,588,233555,648.7638888888889,NORMAL,N,233477,233494,233514,233534,233565,233604,233645,233673,normal
202,589,233864,649.6222222222223,NORMAL,N,233786,233804,233824,233846,233874,233928,233957,233986,normal
202,590,234190,650.5277777777778,NORMAL,N,234110,234127,234146,234169,234201,234242,234287,234321,normal
202,591,234526,651.4611111111111,NORMAL,N,234447,234463,234482,234505,234536,234585,234622,234654,normal
202,592,234866,652.4055555555556,NORMAL,N,234785,234803,234823,234847,234876,234919,234962,234991,normal
202,593,235211,653.3638888888889,NORMAL,N,235132,235150,235169,235191,235221,235262,235304,235334,normal
202,594,235533,654.2583333333333,NORMAL,N,235455,235473,235492,235515,235543,235581,235625,235653,normal
202,595,235855,655.1527777777778,NORMAL,N,235779,235795,235816,235835,235864,235899,235944,235972,normal
202,596,236181,656.0583333333333,NORMAL,N,236101,236118,236138,236162,236191,236236,236278,236307,normal
202,597,236532,657.0333333333333,NORMAL,N,236446,236465,236484,236513,236563,236609,236630,236656,normal
202,598,236880,658.0,NORMAL,N,236796,236815,236835,236861,236890,236932,236979,237010,normal
202,599,237218,658.9388888888889,NORMAL,N,237140,237158,237177,237197,237227,237270,237314,237342,normal
202,600,237549,659.8583333333333,NORMAL,N,237472,237490,237510,237530,237559,237595,237641,237668,normal
202,601,237870,660.75,NORMAL,N,237795,237811,237830,237850,237879,237916,237960,237990,normal
202,602,238194,661.65,NORMAL,N,238115,238133,238152,238174,238204,238246,238285,238315,normal
202,603,238456,662.3777777777777,PVC,V,238373,238392,238423,238428,238469,238500,238532,238572,normal
202,604,238873,663.5361111111112,NORMAL,N,238789,238809,238839,238848,238883,238937,239071,239098,biphasic_positive_negative
202,605,239213,664.4805555555556,NORMAL,N,239116,239128,239171,239194,239223,239250,239290,239336,normal
202,606,239544,665.4,NORMAL,N,239465,239481,239501,239526,239587,239599,239702,239716,biphasic_positive_negative
202,607,239868,666.3,NORMAL,N,239788,239808,239827,239848,239877,239906,240053,240064,biphasic_positive_negative
202,608,240178,667.1611111111112,NORMAL,N,240102,240119,240137,240160,240188,240234,240272,240295,normal
202,609,240491,668.0305555555556,NORMAL,N,240416,240432,240451,240472,240500,240555,240588,240624,normal
202,610,240815,668.9305555555555,NORMAL,N,240735,240754,240772,240796,240872,240919,240981,241044,inverted
202,611,241147,669.8527777777778,NORMAL,N,241050,241065,241078,241129,241192,241275,241316,241328,biphasic_negative_positive
202,612,241470,670.75,NORMAL,N,241387,241405,241426,241450,241480,241498,241566,241593,biphasic_negative_positive
202,613,241790,671.6388888888889,NORMAL,N,241711,241728,241748,241771,241799,241842,241882,241909,normal
202,614,242095,672.4861111111111,NORMAL,N,242020,242038,242054,242075,242104,242150,242184,242213,normal
202,615,242403,673.3416666666667,NORMAL,N,242323,242342,242364,242382,242413,242454,242518,242542,biphasic_positive_negative
202,616,242725,674.2361111111111,NORMAL,N,242645,242661,242692,242703,242734,242782,242818,242857,normal
202,617,243059,675.1638888888889,NORMAL,N,242975,242993,243016,243037,243070,243120,243162,243194,normal
202,618,243400,676.1111111111111,NORMAL,N,243318,243339,243360,243379,243411,243448,243496,243524,normal
202,619,243728,677.0222222222222,NORMAL,N,243646,243664,243685,243708,243737,243777,243818,243845,normal
202,620,244040,677.8888888888889,NORMAL,N,243962,243979,243998,244022,244050,244076,244130,244157,normal
202,621,244272,678.5333333333333,PVC,V,244191,244210,244233,244243,244296,244323,244353,244392,normal
202,622,244657,679.6027777777778,NORMAL,N,244579,244600,244615,244634,244669,244726,244759,244788,normal
202,623,244991,680.5305555555556,NORMAL,N,244910,244927,244947,244971,245001,245047,245093,245121,normal
202,624,245331,681.475,NORMAL,N,245250,245269,245287,245311,245341,245387,245427,245452,normal
202,625,245662,682.3944444444444,NORMAL,N,245583,245600,245618,245643,245672,245706,245758,245785,normal
202,626,245980,683.2777777777778,NORMAL,N,245903,245922,245938,245961,245990,246033,246074,246101,normal
202,627,246297,684.1583333333333,NORMAL,N,246220,246237,246256,246279,246347,246364,246389,246419,normal
202,628,246615,685.0416666666666,NORMAL,N,246540,246556,246576,246598,246626,246663,246705,246731,normal
202,629,246939,685.9416666666667,NORMAL,N,246860,246877,246897,246920,246949,246989,247033,247061,normal
202,630,247271,686.8638888888889,NORMAL,N,247189,247206,247228,247252,247282,247315,247367,247395,normal
202,631,247620,687.8333333333334,NORMAL,N,247538,247558,247576,247601,247630,247674,247718,247748,normal
202,632,247957,688.7694444444444,NORMAL,N,247877,247895,247915,247938,248018,248022,248053,248081,normal
202,633,248296,689.7111111111111,NORMAL,N,248218,248236,248254,248278,248306,248338,248387,248416,normal
202,634,248630,690.6388888888889,NORMAL,N,248553,248571,248589,248610,248639,248675,248718,248744,normal
202,635,248953,691.5361111111112,NORMAL,N,248875,248892,248911,248934,248962,248994,249042,249069,normal
202,636,249298,692.4944444444444,NORMAL,N,249216,249236,249255,249277,249308,249349,249395,249425,normal
202,637,249657,693.4916666666667,NORMAL,N,249571,249589,249610,249636,249668,249705,249757,249789,normal
202,638,250041,694.5583333333333,NORMAL,N,249961,249977,249998,250021,250051,250101,250174,250193,biphasic_positive_negative
202,639,250380,695.5,NORMAL,N,250302,250320,250337,250362,250389,250433,250467,250495,normal
202,640,250719,696.4416666666667,NORMAL,N,250646,250661,250678,250700,250729,250757,250809,250836,normal
202,641,251061,697.3916666666667,NORMAL,N,250985,251002,251019,251043,251070,251114,251149,251179,normal
202,642,251433,698.425,NORMAL,N,251351,251365,251390,251414,251443,251484,251529,251561,normal
202,643,251809,699.4694444444444,NORMAL,N,251718,251737,251758,251788,251819,251862,251905,251935,normal
202,644,252186,700.5166666666667,NORMAL,N,252097,252121,252141,252166,252196,252243,252282,252314,normal
202,645,252552,701.5333333333333,NORMAL,N,252471,252489,252512,252532,252562,252600,252643,252673,normal
202,646,252915,702.5416666666666,NORMAL,N,252837,252852,252874,252896,252925,252965,253044,253069,biphasic_positive_negative
202,647,253277,703.5472222222222,NORMAL,N,253193,253215,253236,253259,253287,253326,253370,253402,normal
202,648,253662,704.6166666666667,NORMAL,N,253579,253596,253619,253641,253671,253724,253789,253814,biphasic_positive_negative
202,649,254045,705.6805555555555,NORMAL,N,253960,253978,254001,254025,254055,254103,254142,254170,normal
202,650,254434,706.7611111111111,NORMAL,N,254352,254368,254390,254414,254444,254492,254527,254560,normal
202,651,254802,707.7833333333333,NORMAL,N,254722,254739,254761,254784,254812,254847,254892,254920,normal
202,652,255177,708.825,NORMAL,N,255100,255114,255136,255158,255187,255229,255265,255295,normal
202,653,255541,709.8361111111111,NORMAL,N,255462,255475,255498,255521,255551,255588,255631,255660,normal
202,654,255928,710.9111111111112,NORMAL,N,255842,255859,255879,255907,255937,255979,256026,256057,normal
202,655,256330,712.0277777777778,NORMAL,N,256243,256258,256285,256310,256340,256388,256425,256457,normal
202,656,256723,713.1194444444444,NORMAL,N,256635,256657,256681,256704,256733,256774,256815,256847,normal
202,657,257095,714.1527777777778,NORMAL,N,257016,257032,257052,257076,257104,257152,257184,257216,normal
202,658,257465,715.1805555555555,NORMAL,N,257384,257402,257422,257445,257475,257515,257556,257587,normal
202,659,257846,716.2388888888889,NORMAL,N,257763,257780,257804,257825,257856,257904,257944,257976,normal
202,660,258249,717.3583333333333,NORMAL,N,258164,258182,258205,258229,258260,258308,258350,258381,normal
202,661,258656,718.4888888888889,NORMAL,N,258573,258587,258612,258634,258665,258710,258752,258783,normal
202,662,259039,719.5527777777778,NORMAL,N,258960,258976,259000,259021,259049,259092,259128,259157,normal
202,663,259418,720.6055555555556,NORMAL,N,259338,259353,259377,259399,259427,259474,259511,259541,normal
202,664,259794,721.65,NORMAL,N,259711,259728,259753,259774,259803,259845,259886,259917,normal
202,665,260194,722.7611111111111,NORMAL,N,260111,260127,260156,260173,260203,260240,260288,260319,normal
202,666,260589,723.8583333333333,NORMAL,N,260508,260523,260545,260568,260599,260640,260685,260718,normal
202,667,260984,724.9555555555555,NORMAL,N,260904,260920,260943,260964,260994,261036,261077,261108,normal
202,668,261366,726.0166666666667,NORMAL,N,261289,261303,261323,261346,261376,261420,261459,261492,normal
202,669,261747,727.075,NORMAL,N,261665,261685,261706,261728,261756,261800,261835,261864,normal
202,670,262130,728.1388888888889,NORMAL,N,262047,262064,262085,262110,262139,262186,262222,262254,normal
202,671,262522,729.2277777777778,NORMAL,N,262437,262452,262479,262503,262532,262576,262621,262652,normal
202,672,262934,730.3722222222223,NORMAL,N,262845,262863,262892,262913,262944,262995,263029,263060,normal
202,673,263319,731.4416666666667,NORMAL,N,263237,263253,263280,263300,263329,263371,263444,263471,biphasic_positive_negative
202,674,263687,732.4638888888888,NORMAL,N,263606,263622,263646,263667,263697,263749,263777,263810,normal
202,675,264054,733.4833333333333,NORMAL,N,263970,263989,264010,264036,264064,264105,264144,264175,normal
202,676,264437,734.5472222222222,NORMAL,N,264351,264369,264388,264416,264448,264492,264536,264568,normal
202,677,264839,735.6638888888889,NORMAL,N,264749,264770,264796,264819,264849,,264870,264936,positive_monophasic
202,678,265017,736.1583333333333,APC,A,264945,264971,264984,264995,265052,265063,265073,265110,inverted
202,679,265160,736.5555555555555,APC,A,,,,265144,265173,,265174,265228,negative_monophasic
202,680,265296,736.9333333333333,APC,A,,,,265261,265370,265375,265503,265580,normal
202,681,265833,738.425,NORMAL,N,265781,265791,265806,265814,265843,,,,
202,682,266198,739.4388888888889,NORMAL,N,266117,266134,266152,266178,266208,266250,266327,266347,biphasic_positive_negative
202,683,266576,740.4888888888889,NORMAL,N,266487,266508,266529,266554,266586,266641,266798,266834,biphasic_positive_negative
202,684,266955,741.5416666666666,NORMAL,N,266894,266916,266927,266935,266966,267009,267050,267082,normal
202,685,267329,742.5805555555555,NORMAL,N,267244,267275,267297,267310,267340,267400,267463,267474,biphasic_positive_negative
202,686,267712,743.6444444444444,NORMAL,N,267620,267641,267670,267691,267737,,267766,267802,positive_monophasic
202,687,267880,744.1111111111111,ABERR,a,,,,267860,267929,267942,268108,268122,biphasic_positive_negative
202,688,268315,745.3194444444445,NORMAL,N,268245,268256,268276,268295,268359,268374,268409,268437,normal
202,689,268689,746.3583333333333,NORMAL,N,268601,268621,268646,268667,268700,,268728,268783,positive_monophasic
202,690,268865,746.8472222222222,APC,A,,,,268848,268897,268915,268956,268986,normal
202,691,269331,748.1416666666667,NORMAL,N,269245,269262,269283,269310,269342,269391,269563,269576,biphasic_positive_negative
202,692,269707,749.1861111111111,NORMAL,N,269624,269639,269663,269687,269717,,269740,269799,positive_monophasic
202,693,269878,749.6611111111112,APC,A,,,,269860,269888,269926,269962,269989,normal
202,694,270305,750.8472222222222,NORMAL,N,270229,270238,270272,270285,270316,270355,270395,270425,normal
202,695,270667,751.8527777777778,NORMAL,N,270574,270602,270621,270647,270677,270728,270756,270785,normal
202,696,271040,752.8888888888889,NORMAL,N,270952,270969,270991,271018,271050,271092,271135,271170,normal
202,697,271293,753.5916666666667,PVC,V,271194,271213,271235,271276,271336,271365,271393,271432,normal
202,698,271803,755.0083333333333,NORMAL,N,271720,271737,271760,271782,271813,271863,271898,271920,normal
202,699,272166,756.0166666666667,NORMAL,N,272088,272105,272125,272146,272176,272216,272254,272289,normal
202,700,272530,757.0277777777778,NORMAL,N,272446,272466,272487,272509,272541,272587,272620,272648,normal
202,701,272917,758.1027777777778,NORMAL,N,272831,272850,272872,272896,272928,,272944,273011,positive_monophasic
202,702,273100,758.6111111111111,APC,A,273018,273058,273067,273079,273111,273152,273193,273228,normal
202,703,273573,759.925,NORMAL,N,273479,273504,273531,273551,273584,273631,273673,273702,normal
202,704,273969,761.025,NORMAL,N,273883,273898,273922,273949,273979,,274012,274061,positive_monophasic
202,705,274139,761.4972222222223,APC,A,,,,274121,274151,274190,274363,274404,biphasic_positive_negative
202,706,274593,762.7583333333333,NORMAL,N,274510,274521,274552,274573,274628,274665,274825,274861,biphasic_positive_negative
202,707,274978,763.8277777777778,NORMAL,N,274882,274911,274935,274958,274988,,275025,275070,positive_monophasic
202,708,275153,764.3138888888889,ABERR,a,,,,275136,275223,275234,275346,275363,biphasic_positive_negative
202,709,275472,765.2,PVC,V,275430,275440,275454,275471,275505,275511,275548,275587,normal
202,710,276017,766.7138888888888,NORMAL,N,275933,275951,275972,275996,276028,276080,276118,276149,normal
202,711,276405,767.7916666666666,NORMAL,N,276323,276340,276360,276384,276414,276463,276495,276525,normal
202,712,276781,768.8361111111111,NORMAL,N,276700,276716,276740,276762,276791,,276809,276870,positive_monophasic
202,713,276950,769.3055555555555,ABERR,a,,,,276936,277006,277024,277052,277092,normal
202,714,277409,770.5805555555555,NORMAL,N,277330,277346,277365,277388,277420,277469,277507,277540,normal
202,715,277825,771.7361111111111,NORMAL,N,277734,277754,277772,277803,277835,277884,277921,277956,normal
202,716,278233,772.8694444444444,NORMAL,N,278144,278162,278185,278213,278242,,278263,278322,positive_monophasic
202,717,278406,773.35,APC,A,,,,278389,278466,278478,278494,278521,normal
202,718,278854,774.5944444444444,NORMAL,N,278778,278793,278816,278836,278864,278901,278981,279008,biphasic_positive_negative
202,719,279248,775.6888888888889,NORMAL,N,279160,279180,279204,279227,279258,279304,279344,279377,normal
202,720,279653,776.8138888888889,NORMAL,N,279567,279581,279607,279633,279663,279694,279749,279782,normal
202,721,280060,777.9444444444445,NORMAL,N,279975,279989,280013,280039,280070,280114,280154,280184,normal
202,722,280459,779.0527777777778,NORMAL,N,280372,280390,280414,280438,280469,,280489,280552,positive_monophasic
202,723,280635,779.5416666666666,APC,A,280558,280597,280604,280617,280645,280688,280720,280747,normal
202,724,281095,780.8194444444445,NORMAL,N,281013,281031,281051,281075,281105,281152,281188,281219,normal
202,725,281482,781.8944444444444,NORMAL,N,281397,281412,281437,281461,281492,281536,281575,281607,normal
202,726,281888,783.0222222222222,NORMAL,N,281797,281813,281842,281866,281898,,281919,281984,positive_monophasic
202,727,282071,783.5305555555556,APC,A,,,,282052,282081,282124,282162,282191,normal
202,728,282548,784.8555555555556,NORMAL,N,282462,282482,282503,282527,282558,282609,282650,282678,normal
202,729,282945,785.9583333333334,NORMAL,N,282864,282880,282900,282925,282955,,282972,283034,positive_monophasic
202,730,283116,786.4333333333333,APC,A,,,,283097,283170,283182,283201,283227,normal
202,731,283563,787.675,NORMAL,N,283482,283503,283528,283542,283573,283617,283658,283689,normal
202,732,283959,788.775,NORMAL,N,283871,283892,283912,283938,283969,284011,284220,284232,biphasic_positive_negative
202,733,284358,789.8833333333333,NORMAL,N,284266,284287,284310,284337,284368,284408,284456,284490,normal
202,734,284759,790.9972222222223,NORMAL,N,284667,284688,284713,284739,284769,284817,284852,284884,normal
202,735,285131,792.0305555555556,NORMAL,N,285048,285067,285093,285112,285141,285183,285220,285256,normal
202,736,285497,793.0472222222222,NORMAL,N,285417,285434,285450,285478,285507,285554,285586,285616,normal
202,737,285873,794.0916666666667,NORMAL,N,285787,285804,285825,285853,285884,285931,285972,286007,normal
202,738,286282,795.2277777777778,NORMAL,N,286197,286214,286236,286262,286293,286346,286381,286415,normal
202,739,286686,796.35,NORMAL,N,286601,286620,286640,286665,286696,286744,286778,286812,normal
202,740,287076,797.4333333333333,NORMAL,N,286992,287013,287032,287057,287086,287129,287268,287279,biphasic_positive_negative
202,741,287453,798.4805555555556,NORMAL,N,287374,287392,287411,287433,287463,287507,287544,287583,normal
202,742,287837,799.5472222222222,NORMAL,N,287752,287770,287794,287817,287890,287892,287929,287962,normal
202,743,288239,800.6638888888889,NORMAL,N,288152,288170,288193,288218,288250,288301,288334,288366,normal
202,744,288645,801.7916666666666,NORMAL,N,288559,288574,288599,288624,288655,,288679,288739,positive_monophasic
202,745,288824,802.2888888888889,APC,A,,,,288805,288833,288878,288915,288949,normal
202,746,289300,803.6111111111111,NORMAL,N,289218,289235,289254,289279,289311,289359,289398,289431,normal
202,747,289691,804.6972222222222,NORMAL,N,289606,289624,289646,289671,289701,289742,289783,289816,normal
202,748,290075,805.7638888888889,NORMAL,N,289991,290009,290032,290056,290085,,290110,290167,positive_monophasic
202,749,290254,806.2611111111111,APC,A,,,,290235,290265,290309,290345,290374,normal
202,750,290744,807.6222222222223,NORMAL,N,290648,290675,290695,290723,290754,290795,290843,290881,normal
202,751,291145,808.7361111111111,NORMAL,N,291057,291074,291098,291125,291156,291195,291240,291274,normal
202,752,291539,809.8305555555555,NORMAL,N,291459,291475,291496,291519,291550,291595,291627,291658,normal
202,753,291909,810.8583333333333,NORMAL,N,291826,291844,291865,291888,291918,291961,291996,292027,normal
202,754,292283,811.8972222222222,NORMAL,N,292200,292217,292238,292262,292294,292343,292377,292409,normal
202,755,292686,813.0166666666667,NORMAL,N,292598,292617,292637,292665,292698,292757,292820,292882,biphasic_positive_negative
202,756,293088,814.1333333333333,NORMAL,N,293000,293019,293041,293065,293100,293149,293186,293224,normal
202,757,293478,815.2166666666667,NORMAL,N,293397,293415,293433,293458,293489,293646,293670,293707,inverted
202,758,293854,816.2611111111111,NORMAL,N,,,,293772,293877,293919,293987,293998,biphasic_positive_negative
202,759,294222,817.2833333333333,NORMAL,N,294141,294159,294176,294201,294233,294283,294316,294351,normal
202,760,294615,818.375,NORMAL,N,294527,294544,294567,294593,294625,294678,294716,294748,normal
202,761,295023,819.5083333333333,NORMAL,N,294936,294950,294975,295002,295033,295084,295154,295197,biphasic_positive_negative
202,762,295418,820.6055555555556,NORMAL,N,295334,295349,295376,295397,295428,295466,295513,295548,normal
202,763,295807,821.6861111111111,NORMAL,N,295721,295740,295762,295788,295817,295857,295898,295930,normal
202,764,296184,822.7333333333333,NORMAL,N,296103,296126,296137,296162,296194,296236,296275,296309,normal
202,765,296562,823.7833333333333,NORMAL,N,296480,296496,296515,296541,296573,296615,296654,296686,normal
202,766,296953,824.8694444444444,NORMAL,N,296868,296879,296907,296931,296964,297009,297050,297086,normal
202,767,297348,825.9666666666667,NORMAL,N,297262,297283,297302,297328,297358,297404,297528,297600,biphasic_positive_negative
202,768,297749,827.0805555555555,NORMAL,N,297665,297682,297702,297727,297759,297807,297840,297876,normal
202,769,298134,828.15,NORMAL,N,298052,298071,298089,298111,298143,298191,298222,298256,normal
202,770,298497,829.1583333333333,NORMAL,N,298416,298434,298453,298477,298507,298553,298587,298622,normal
202,771,298878,830.2166666666667,NORMAL,N,298793,298810,298833,298853,298888,298939,298977,299009,normal
202,772,299281,831.3361111111111,NORMAL,N,299191,299209,299230,299256,299292,299351,299386,299419,normal
202,773,299688,832.4666666666667,NORMAL,N,299601,299619,299642,299663,299698,299746,299787,299821,normal
202,774,300066,833.5166666666667,NORMAL,N,299986,300002,300021,300044,300076,300117,300159,300189,normal
202,775,300437,834.5472222222222,NORMAL,N,300356,300373,300391,300415,300447,300492,300530,300560,normal
202,776,300813,835.5916666666667,NORMAL,N,300732,300747,300768,300788,300823,300869,300909,300942,normal
202,777,301203,836.675,NORMAL,N,301113,301133,301155,301178,301214,301265,301309,301340,normal
202,778,301619,837.8305555555555,NORMAL,N,301534,301549,301573,301593,301628,301676,301717,301751,normal
202,779,302011,838.9194444444445,NORMAL,N,301927,301946,301964,301989,302021,302070,302105,302139,normal
202,780,302397,839.9916666666667,NORMAL,N,302313,302331,302351,302371,302406,,302447,302488,positive_monophasic
202,781,302570,840.4722222222222,APC,A,,,,302550,302584,302631,302662,302689,normal
202,782,303019,841.7194444444444,NORMAL,N,302936,302953,302975,302996,303029,303072,303118,303147,normal
202,783,303418,842.8277777777778,NORMAL,N,303324,303344,303369,303394,303428,303477,303516,303544,normal
202,784,303814,843.9277777777778,NORMAL,N,303725,303744,303769,303786,303824,303872,303911,303943,normal
202,785,304209,845.025,NORMAL,N,304123,304142,304163,304186,304219,304267,304303,304333,normal
202,786,304589,846.0805555555555,NORMAL,N,304507,304525,304541,304557,304599,304646,304681,304711,normal
202,787,304959,847.1083333333333,NORMAL,N,304877,304895,304913,304937,304968,305013,305051,305085,normal
202,788,305337,848.1583333333333,NORMAL,N,305254,305271,305293,305314,305347,305399,305434,305466,normal
202,789,305742,849.2833333333333,NORMAL,N,305652,305671,305694,305714,305753,305817,305846,305879,normal
202,790,306153,850.425,NORMAL,N,306069,306085,306107,306130,306164,306215,306251,306284,normal
202,791,306548,851.5222222222222,NORMAL,N,306468,306484,306503,306523,306558,306602,306641,306672,normal
202,792,306924,852.5666666666667,NORMAL,N,306844,306859,306880,306896,306933,306969,307016,307046,normal
202,793,307295,853.5972222222222,NORMAL,N,307213,307231,307253,307269,307305,307348,307390,307422,normal
202,794,307688,854.6888888888889,NORMAL,N,307601,307621,307637,307663,307699,307750,307792,307827,normal
202,795,308093,855.8138888888889,NORMAL,N,308009,308028,308047,308066,308104,308149,308193,308222,normal
202,796,308484,856.9,NORMAL,N,308401,308419,308439,308459,308494,308540,308579,308607,normal
202,797,308853,857.925,NORMAL,N,308773,308790,308808,308829,308863,308910,308947,308979,normal
202,798,309232,858.9777777777778,NORMAL,N,309152,309168,309188,309209,309242,309288,309322,309349,normal
202,799,309606,860.0166666666667,NORMAL,N,309519,309538,309558,309581,309616,309664,309701,309729,normal
202,800,310012,861.1444444444444,NORMAL,N,,,,309970,310022,310071,310107,310141,normal
202,801,310418,862.2722222222222,NORMAL,N,,,,310394,310428,310475,310511,310549,normal
202,802,310815,863.375,NORMAL,N,310722,310761,310773,310775,310825,310870,310967,310978,biphasic_positive_negative
202,803,311201,864.4472222222222,NORMAL,N,,,,311171,311260,311265,311292,311309,normal
202,804,311581,865.5027777777777,NORMAL,N,,,,311562,311590,311650,311674,311704,normal
202,805,311969,866.5805555555555,NORMAL,N,311883,311899,311924,311944,311980,312030,312162,312207,biphasic_positive_negative
202,806,312381,867.725,NORMAL,N,312298,312310,312331,312352,312392,312457,312661,312672,biphasic_positive_negative
202,807,312793,868.8694444444444,NORMAL,N,312708,312724,312746,312766,312803,312852,312889,312921,normal
202,808,313182,869.95,NORMAL,N,313101,313117,313140,313160,313192,313243,313275,313307,normal
202,809,313565,871.0138888888889,NORMAL,N,,,,313541,313575,313606,313658,313688,normal
202,810,313959,872.1083333333333,NORMAL,N,313873,313889,313911,313934,313969,314018,314087,314096,biphasic_positive_negative
202,811,314368,873.2444444444444,NORMAL,N,314279,314297,314319,314338,314379,314438,314470,314501,normal
202,812,314783,874.3972222222222,NORMAL,N,314696,314715,314735,314761,314792,314843,314881,314912,normal
202,813,315179,875.4972222222223,NORMAL,N,315094,315115,315135,315157,315189,315235,315270,315304,normal
202,814,315564,876.5666666666667,NORMAL,N,315472,315500,315518,315539,315574,315619,315713,315767,biphasic_positive_negative
202,815,315951,877.6416666666667,NORMAL,N,,,,315920,315960,316005,316164,316229,biphasic_positive_negative
202,816,316351,878.7527777777777,NORMAL,N,,,,316330,316361,316416,316448,316482,normal
202,817,316758,879.8833333333333,NORMAL,N,316672,316691,316710,316728,316768,316809,316858,316892,normal
202,818,317158,880.9944444444444,NORMAL,N,317075,317093,317113,317132,317168,317217,317253,317285,normal
202,819,317550,882.0833333333334,NORMAL,N,317470,317486,317504,317522,317560,317604,317646,317677,normal
202,820,317921,883.1138888888889,NORMAL,N,317843,317860,317880,317898,317931,317977,318014,318045,normal
202,821,318309,884.1916666666667,NORMAL,N,318227,318244,318265,318283,318319,318368,318405,318436,normal
202,822,318706,885.2944444444445,NORMAL,N,318618,318640,318657,318682,318716,318776,318806,318838,normal
202,823,319119,886.4416666666667,NORMAL,N,319034,319049,319073,319083,319129,319172,319216,319247,normal
202,824,319512,887.5333333333333,NORMAL,N,319429,319447,319466,319485,319522,319568,319601,319633,normal
202,825,319887,888.575,NORMAL,N,319808,319824,319844,319865,319896,319941,319976,320007,normal
202,826,320271,889.6416666666667,NORMAL,N,320191,320206,320230,320245,320282,320324,320363,320391,normal
202,827,320665,890.7361111111111,NORMAL,N,320578,320598,320618,320643,320676,320726,320816,320839,biphasic_positive_negative
202,828,321079,891.8861111111111,NORMAL,N,320993,321010,321035,321054,321090,321142,321177,321207,normal
202,829,321476,892.9888888888889,NORMAL,N,321390,321410,321429,321451,321486,321535,321569,321600,normal
202,830,321858,894.05,NORMAL,N,321776,321794,321814,321825,321912,321917,322119,322130,biphasic_positive_negative
202,831,322243,895.1194444444444,NORMAL,N,322161,322177,322194,322209,322252,322297,322337,322371,normal
202,832,322632,896.2,NORMAL,N,322548,322565,322584,322598,322642,322691,322734,322765,normal
202,833,323033,897.3138888888889,NORMAL,N,322951,322969,322986,323003,323043,323096,323135,323166,normal
202,834,323442,898.45,NORMAL,N,323356,323373,323395,323417,323453,323508,323542,323574,normal
202,835,323846,899.5722222222222,NORMAL,N,323762,323781,323807,323818,323856,323907,323943,323969,normal
202,836,324228,900.6333333333333,NORMAL,N,,,,324198,324238,324284,324322,324353,normal
202,837,324618,901.7166666666667,NORMAL,N,324537,324553,324575,324590,324628,324676,324712,324743,normal
202,838,325013,902.8138888888889,NORMAL,N,324928,324944,324966,324983,325024,325078,325112,325146,normal
202,839,325435,903.9861111111111,NORMAL,N,325351,325366,325391,325413,325445,325490,325537,325573,normal
202,840,325843,905.1194444444444,NORMAL,N,325757,325779,325799,325820,325852,325900,325938,325968,normal
202,841,326235,906.2083333333334,NORMAL,N,326157,326171,326189,326215,326244,326289,326321,326350,normal
202,842,326613,907.2583333333333,NORMAL,N,326534,326549,326571,326593,326623,326671,326843,326860,biphasic_positive_negative
202,843,327008,908.3555555555556,NORMAL,N,326930,326944,326956,326980,327019,327071,327272,327299,biphasic_positive_negative
202,844,327420,909.5,NORMAL,N,327337,327355,327375,327394,327430,327483,327521,327553,normal
202,845,327839,910.6638888888889,NORMAL,N,327754,327770,327794,327814,327850,327902,327936,327966,normal
202,846,328235,911.7638888888889,NORMAL,N,328153,328171,328189,328211,328244,328292,328324,328355,normal
202,847,328617,912.825,NORMAL,N,328538,328554,328577,328590,328627,328676,328710,328745,normal
202,848,329016,913.9333333333333,NORMAL,N,328932,328948,328971,328991,329026,329070,329114,329142,normal
202,849,329427,915.075,NORMAL,N,,,,329402,329437,329488,329526,329557,normal
202,850,329839,916.2194444444444,NORMAL,N,329750,329772,329795,329806,329850,329891,329935,329969,normal
202,851,330247,917.3527777777778,NORMAL,N,330161,330181,330201,330221,330257,330305,330340,330371,normal
202,852,330629,918.4138888888889,NORMAL,N,330547,330563,330584,330601,330638,330683,330720,330747,normal
202,853,331022,919.5055555555556,NORMAL,N,330940,330955,330977,330999,331031,331080,331117,331148,normal
202,854,331417,920.6027777777778,NORMAL,N,331335,331351,331368,331395,331427,331480,331517,331549,normal
202,855,331825,921.7361111111111,NORMAL,N,331739,331757,331780,331800,331835,331885,331924,331955,normal
202,856,332233,922.8694444444444,NORMAL,N,,,,332209,332243,332296,332331,332362,normal
202,857,332617,923.9361111111111,NORMAL,N,332541,332556,332578,332592,332627,332676,332711,332743,normal
202,858,332994,924.9833333333333,NORMAL,N,332916,332932,332949,332972,333004,333050,333085,333120,normal
202,859,333369,926.025,NORMAL,N,333291,333308,333325,333337,333379,333424,333468,333500,normal
202,860,333763,927.1194444444444,NORMAL,N,333679,333699,333717,333737,333773,333814,333864,333896,normal
202,861,334172,928.2555555555556,NORMAL,N,334087,334107,334124,334147,334182,334236,334272,334303,normal
202,862,334561,929.3361111111111,NORMAL,N,334483,334500,334518,334534,334571,334623,334655,334683,normal
202,863,334942,930.3944444444444,NORMAL,N,334863,334881,334899,334910,334951,334990,335032,335060,normal
202,864,335318,931.4388888888889,NORMAL,N,335234,335250,335268,335291,335327,335378,335413,335444,normal
202,865,335722,932.5611111111111,NORMAL,N,335636,335655,335680,335698,335733,335777,335818,335851,normal
202,866,336130,933.6944444444445,NORMAL,N,336046,336062,336087,336107,336140,336191,336227,336257,normal
202,867,336531,934.8083333333333,NORMAL,N,336447,336463,336485,336505,336541,336586,336627,336656,normal
202,868,336916,935.8777777777777,NORMAL,N,336833,336851,336871,336893,336925,336986,337006,337032,normal
202,869,337288,936.9111111111112,NORMAL,N,337206,337226,337244,337263,337299,337343,337380,337411,normal
202,870,337678,937.9944444444444,NORMAL,N,337592,337610,337634,337651,337689,337739,337776,337808,normal
202,871,338076,939.1,NORMAL,N,337989,338009,338028,338049,338087,338137,338175,338209,normal
202,872,338479,940.2194444444444,NORMAL,N,338395,338411,338433,338454,338489,338538,338577,338611,normal
202,873,338878,941.3277777777778,NORMAL,N,338795,338813,338834,338851,338888,338939,338974,339005,normal
202,874,339264,942.4,NORMAL,N,339182,339201,339224,339240,339274,339318,339357,339388,normal
202,875,339640,943.4444444444445,NORMAL,N,339561,339577,339600,339614,339649,339698,339734,339766,normal
202,876,340032,944.5333333333333,NORMAL,N,339950,339964,339987,340005,340043,340097,340133,340165,normal
202,877,340444,945.6777777777778,NORMAL,N,340359,340375,340397,340416,340455,340501,340545,340577,normal
202,878,340853,946.8138888888889,NORMAL,N,340765,340785,340807,340826,340864,340915,340951,340985,normal
202,879,341245,947.9027777777778,NORMAL,N,341166,341180,341201,341219,341255,341301,341338,341369,normal
202,880,341622,948.95,NORMAL,N,341542,341560,341580,341599,341631,341674,341712,341743,normal
202,881,342009,950.025,NORMAL,N,341926,341941,341965,341981,342019,342071,342112,342144,normal
202,882,342439,951.2194444444444,NORMAL,N,342355,342372,342395,342404,342450,342501,342541,342574,normal
202,883,342855,952.375,NORMAL,N,342773,342788,342811,342828,342866,342908,342949,342979,normal
202,884,343246,953.4611111111111,NORMAL,N,343167,343181,343204,343223,343256,343300,343339,343369,normal
202,885,343630,954.5277777777778,NORMAL,N,343550,343568,343589,343597,343640,343687,343722,343750,normal
202,886,344021,955.6138888888889,NORMAL,N,343942,343956,343979,343995,344031,344083,344119,344151,normal
202,887,344432,956.7555555555556,NORMAL,N,344348,344364,344387,344409,344443,344494,344530,344560,normal
202,888,344844,957.9,NORMAL,N,344758,344779,344797,344820,344854,344906,344942,344973,normal
202,889,345250,959.0277777777778,NORMAL,N,345163,345182,345204,345223,345260,345310,345346,345379,normal
202,890,345649,960.1361111111111,NORMAL,N,345568,345584,345605,345626,345658,345705,345740,345770,normal
202,891,346033,961.2027777777778,NORMAL,N,345953,345970,345990,346010,346042,346088,346124,346152,normal
202,892,346427,962.2972222222222,NORMAL,N,346341,346359,346383,346403,346437,346491,346525,346557,normal
202,893,346833,963.425,NORMAL,N,346748,346764,346789,346808,346843,346894,346929,346960,normal
202,894,347245,964.5694444444445,NORMAL,N,347161,347177,347201,347222,347255,347304,347341,347371,normal
202,895,347643,965.675,NORMAL,N,347559,347576,347599,347621,347652,347695,347732,347763,normal
202,896,348025,966.7361111111111,NORMAL,N,,,,348002,348035,348082,348116,348146,normal
202,897,348411,967.8083333333333,NORMAL,N,348333,348346,348369,348387,348421,348469,348508,348539,normal
202,898,348827,968.9638888888888,NORMAL,N,348738,348755,348778,348802,348837,348892,348929,348963,normal
202,899,349233,970.0916666666667,NORMAL,N,349143,349162,349184,349206,349243,349294,349447,349477,biphasic_positive_negative
202,900,349627,971.1861111111111,NORMAL,N,,,,349604,349637,349683,349720,349748,normal
202,901,350003,972.2305555555556,NORMAL,N,349920,349937,349958,349976,350012,350078,350095,350125,normal
202,902,350373,973.2583333333333,NORMAL,N,350289,350308,350326,350347,350382,350430,350466,350497,normal
202,903,350755,974.3194444444445,NORMAL,N,350667,350686,350706,350731,350766,350824,350857,350889,normal
202,904,351147,975.4083333333333,NORMAL,N,351060,351079,351099,351124,351157,351205,351249,351278,normal
202,905,351531,976.475,NORMAL,N,351447,351467,351486,351506,351541,351591,351628,351663,normal
202,906,351911,977.5305555555556,NORMAL,N,351827,351845,351866,351888,351921,351968,352006,352035,normal
202,907,352276,978.5444444444445,NORMAL,N,352196,352212,352235,352253,352286,352337,352368,352400,normal
202,908,352646,979.5722222222222,NORMAL,N,352566,352584,352603,352621,352655,352701,352735,352766,normal
202,909,353023,980.6194444444444,NORMAL,N,352939,352957,352977,352998,353033,353084,353151,353169,biphasic_positive_negative
202,910,353423,981.7305555555556,NORMAL,N,353338,353356,353376,353391,353433,353481,353520,353552,normal
202,911,353818,982.8277777777778,NORMAL,N,,,,353799,353855,353878,353913,353945,normal
202,912,354208,983.9111111111112,NORMAL,N,354123,354143,354163,354186,354218,354261,354298,354330,normal
202,913,354582,984.95,NORMAL,N,354501,354520,354538,354559,354592,354637,354671,354706,normal
202,914,354954,985.9833333333333,NORMAL,N,354871,354889,354907,354926,354964,355017,355050,355084,normal
202,915,355364,987.1222222222223,NORMAL,N,355273,355292,355314,355340,355375,355431,355468,355498,normal
202,916,355763,988.2305555555556,NORMAL,N,355675,355694,355713,355738,355773,355825,355862,355895,normal
202,917,356152,989.3111111111111,NORMAL,N,,,,356123,356161,356222,356343,356371,biphasic_positive_negative
202,918,356524,990.3444444444444,NORMAL,N,356395,356405,356420,356505,356533,356562,356616,356647,normal
202,919,356887,991.3527777777778,NORMAL,N,356805,356825,356839,356861,356897,356936,356983,357009,normal
202,920,357260,992.3888888888889,NORMAL,N,357172,357188,357206,357234,357271,357325,357362,357393,normal
202,921,357653,993.4805555555556,NORMAL,N,357563,357585,357608,357620,357664,357722,357754,357782,normal
202,922,358027,994.5194444444444,NORMAL,N,357941,357964,357986,358003,358038,358091,358122,358155,normal
202,923,358392,995.5333333333333,NORMAL,N,358308,358327,358346,358363,358403,358454,358485,358516,normal
202,924,358761,996.5583333333333,NORMAL,N,358682,358703,358719,358738,358771,358819,358851,358884,normal
202,925,359117,997.5472222222222,NORMAL,N,359033,359054,359073,359094,359128,359177,359207,359237,normal
202,926,359493,998.5916666666667,NORMAL,N,359407,359430,359447,359470,359504,359557,359588,359620,normal
202,927,359898,999.7166666666667,NORMAL,N,,,,359875,359909,359959,359994,360028,normal
202,928,360285,1000.7916666666666,NORMAL,N,,,,360262,360297,360351,360380,360412,normal
202,929,360679,1001.8861111111111,NORMAL,N,360592,360620,360636,360654,360690,360743,360770,360800,normal
202,930,361058,1002.9388888888889,NORMAL,N,360976,360992,361017,361033,361069,361120,361149,361179,normal
202,931,361441,1004.0027777777777,NORMAL,N,,,,361418,361452,361506,361536,361570,normal
202,932,361865,1005.1805555555555,NORMAL,N,,,,361838,361878,361937,361970,362003,normal
202,933,362281,1006.3361111111111,NORMAL,N,362192,362214,362234,362256,362293,362347,362379,362412,normal
202,934,362670,1007.4166666666666,NORMAL,N,362587,362605,362626,362644,362681,362735,362765,362796,normal
202,935,363065,1008.5138888888889,NORMAL,N,362980,363001,363022,363041,363076,363128,363158,363189,normal
202,936,363456,1009.6,NORMAL,N,363369,363387,363407,363432,363468,363522,363551,363580,normal
202,937,363876,1010.7666666666667,NORMAL,N,363783,363804,363828,363850,363887,363945,363978,364009,normal
202,938,364294,1011.9277777777778,NORMAL,N,364209,364226,364249,364272,364305,364360,364396,364429,normal
202,939,364709,1013.0805555555555,NORMAL,N,364622,364644,364664,364682,364721,364773,364804,364834,normal
202,940,365109,1014.1916666666667,NORMAL,N,365025,365047,365065,365083,365120,365173,365204,365237,normal
202,941,365506,1015.2944444444445,NORMAL,N,365421,365440,365459,365480,365517,365571,365601,365633,normal
202,942,365914,1016.4277777777778,NORMAL,N,365830,365849,365867,365882,365924,365978,366014,366046,normal
202,943,366329,1017.5805555555555,NORMAL,N,,,,366306,366340,366396,366430,366464,normal
202,944,366749,1018.7472222222223,NORMAL,N,366662,366679,366701,366718,366762,366817,366849,366879,normal
202,945,367160,1019.8888888888889,NORMAL,N,367076,367092,367116,367135,367170,367221,367255,367284,normal
202,946,367542,1020.95,NORMAL,N,,,,367518,367554,367607,367636,367667,normal
202,947,367938,1022.05,NORMAL,N,367852,367871,367891,367908,367949,368003,368035,368065,normal
202,948,368355,1023.2083333333334,NORMAL,N,368265,368286,368304,368328,368366,368423,368459,368492,normal
202,949,368783,1024.3972222222221,NORMAL,N,368693,368713,368733,368759,368794,368846,368881,368912,normal
202,950,369190,1025.5277777777778,NORMAL,N,369106,369126,369145,369164,369200,369248,369283,369314,normal
202,951,369575,1026.5972222222222,NORMAL,N,369492,369512,369531,369552,369585,369638,369670,369702,normal
202,952,369969,1027.6916666666666,NORMAL,N,369883,369904,369922,369940,369980,370033,370065,370095,normal
202,953,370386,1028.85,NORMAL,N,370295,370316,370338,370361,370398,370456,370489,370522,normal
202,954,370804,1030.0111111111112,NORMAL,N,370715,370734,370756,370781,370814,370870,370902,370935,normal
202,955,371219,1031.1638888888888,NORMAL,N,371133,371153,371174,371196,371230,371284,371314,371343,normal
202,956,371622,1032.2833333333333,NORMAL,N,371538,371558,371577,371600,371633,371686,371716,371748,normal
202,957,372017,1033.3805555555555,NORMAL,N,371931,371953,371972,371994,372028,372081,372110,372142,normal
202,958,372425,1034.513888888889,NORMAL,N,372339,372358,372379,372402,372436,372490,372522,372553,normal
202,959,372843,1035.675,NORMAL,N,372753,372776,372795,372819,372854,372909,372944,372975,normal
202,960,373265,1036.8472222222222,NORMAL,N,373178,373197,373216,373240,373276,373330,373362,373392,normal
202,961,373671,1037.975,NORMAL,N,373585,373606,373624,373644,373682,373732,373766,373797,normal
202,962,374066,1039.0722222222223,NORMAL,N,373986,374003,374021,374044,374076,374126,374158,374189,normal
202,963,374472,1040.2,NORMAL,N,374385,374406,374425,374447,374483,374536,374569,374601,normal
202,964,374894,1041.3722222222223,NORMAL,N,374802,374827,374846,374869,374905,374962,374997,375027,normal
202,965,375321,1042.5583333333334,NORMAL,N,375230,375252,375272,375298,375332,375385,375419,375450,normal
202,966,375740,1043.7222222222222,NORMAL,N,375657,375675,375693,375718,375750,375799,375830,375861,normal
202,967,376129,1044.8027777777777,NORMAL,N,376045,376066,376085,376103,376139,376190,376222,376252,normal
202,968,376531,1045.9194444444445,NORMAL,N,376447,376466,376487,376510,376542,376593,376627,376657,normal
202,969,376955,1047.0972222222222,NORMAL,N,376865,376884,376906,376932,376966,377022,377057,377090,normal
202,970,377396,1048.3222222222223,NORMAL,N,377305,377327,377348,377371,377407,377461,377493,377523,normal
202,971,377814,1049.4833333333333,NORMAL,N,377731,377748,377769,377792,377825,377875,377909,377939,normal
202,972,378215,1050.5972222222222,NORMAL,N,378129,378148,378169,378190,378226,378281,378310,378339,normal
202,973,378634,1051.7611111111112,NORMAL,N,378548,378567,378587,378612,378645,378697,378732,378761,normal
202,974,379061,1052.9472222222223,NORMAL,N,378970,378989,379013,379037,379072,379126,379160,379191,normal
202,975,379493,1054.1472222222221,NORMAL,N,379401,379423,379443,379469,379504,379562,379593,379624,normal
202,976,379911,1055.3083333333334,NORMAL,N,379822,379843,379864,379887,379922,379976,380005,380035,normal
202,977,380319,1056.4416666666666,NORMAL,N,380235,380252,380275,380295,380330,380384,380415,380445,normal
202,978,380725,1057.5694444444443,NORMAL,N,380642,380659,380681,380702,380736,380787,380820,380850,normal
202,979,381142,1058.7277777777779,NORMAL,N,381051,381073,381093,381116,381153,381206,381241,381271,normal
202,980,381578,1059.9388888888889,NORMAL,N,381486,381508,381527,381548,381589,381646,381681,381711,normal
202,981,382005,1061.125,NORMAL,N,381917,381939,381961,381981,382015,382066,382101,382130,normal
202,982,382412,1062.2555555555555,NORMAL,N,382327,382346,382366,382387,382422,382473,382502,382532,normal
202,983,382811,1063.3638888888888,NORMAL,N,382726,382746,382765,382789,382822,382871,382906,382936,normal
202,984,383221,1064.5027777777777,NORMAL,N,383134,383153,383174,383196,383232,383283,383320,383353,normal
202,985,383661,1065.725,NORMAL,N,383569,383589,383612,383634,383672,383727,383764,383794,normal
202,986,384097,1066.9361111111111,NORMAL,N,384007,384024,384049,384072,384108,384160,384193,384222,normal
202,987,384503,1068.0638888888889,NORMAL,N,384422,384438,384461,384481,384513,384563,384595,384626,normal
202,988,384910,1069.1944444444443,NORMAL,N,384824,384842,384862,384882,384922,384977,385007,385040,normal
202,989,385339,1070.3861111111112,NORMAL,N,385249,385269,385290,385313,385349,385402,385440,385474,normal
202,990,385780,1071.611111111111,NORMAL,N,385683,385707,385730,385752,385791,385845,385879,385911,normal
202,991,386215,1072.8194444444443,NORMAL,N,386124,386150,386168,386189,386225,386282,386314,386346,normal
202,992,386628,1073.9666666666667,NORMAL,N,386540,386559,386582,386602,386639,386691,386724,386754,normal
202,993,387043,1075.1194444444445,NORMAL,N,386956,386974,386996,387017,387053,387107,387139,387171,normal
202,994,387461,1076.2805555555556,NORMAL,N,387375,387391,387414,387435,387473,387527,387564,387595,normal
202,995,387899,1077.4972222222223,NORMAL,N,387806,387825,387849,387875,387911,387968,388000,388030,normal
202,996,388339,1078.7194444444444,NORMAL,N,388251,388266,388291,388316,388350,388406,388441,388473,normal
202,997,388757,1079.8805555555555,NORMAL,N,388672,388691,388714,388734,388768,388816,388854,388883,normal
202,998,389151,1080.975,NORMAL,N,389068,389090,389106,389129,389162,389217,389245,389278,normal
202,999,389559,1082.1083333333333,NORMAL,N,389469,389490,389510,389529,389570,389628,389660,389689,normal
202,1000,389984,1083.2888888888888,NORMAL,N,389893,389915,389934,389959,389995,390050,390089,390122,normal
202,1001,390415,1084.486111111111,NORMAL,N,390323,390345,390366,390386,390427,390485,390517,390546,normal
202,1002,390826,1085.6277777777777,NORMAL,N,390740,390760,390779,390801,390838,390888,390921,390953,normal
202,1003,391217,1086.713888888889,NORMAL,N,391132,391151,391169,391193,391227,391279,391310,391340,normal
202,1004,391625,1087.8472222222222,NORMAL,N,391537,391557,391575,391599,391636,391693,391730,391763,normal
202,1005,392058,1089.05,NORMAL,N,391963,391987,392007,392029,392069,392126,392163,392196,normal
202,1006,392491,1090.2527777777777,NORMAL,N,392399,392418,392440,392465,392503,392559,392591,392622,normal
202,1007,392914,1091.4277777777777,NORMAL,N,392821,392846,392866,392891,392925,392981,393011,393041,normal
202,1008,393318,1092.55,NORMAL,N,393230,393253,393270,393290,393329,393383,393414,393444,normal
202,1009,393733,1093.7027777777778,NORMAL,N,393643,393663,393681,393708,393743,393796,393830,393859,normal
202,1010,394152,1094.8666666666666,NORMAL,N,394057,394079,394099,394129,394162,394217,394251,394283,normal
202,1011,394579,1096.0527777777777,NORMAL,N,394489,394509,394528,394554,394590,394648,394681,394713,normal
202,1012,395016,1097.2666666666667,NORMAL,N,394923,394945,394967,394993,395026,395083,395114,395142,normal
202,1013,395423,1098.3972222222221,NORMAL,N,395334,395355,395375,395401,395433,395483,395515,395546,normal
202,1014,395826,1099.5166666666667,NORMAL,N,395735,395759,395778,395804,395837,395890,395920,395951,normal
202,1015,396250,1100.6944444444443,NORMAL,N,396156,396181,396201,396226,396261,396313,396349,396379,normal
202,1016,396673,1101.8694444444445,NORMAL,N,396581,396603,396621,396648,396684,396739,396773,396804,normal
202,1017,397110,1103.0833333333333,NORMAL,N,397019,397041,397062,397088,397120,397172,397197,397208,normal
202,1018,397519,1104.2194444444444,NORMAL,N,,,,397504,397530,397582,397612,397641,normal
202,1019,397918,1105.3277777777778,NORMAL,N,,,,397892,397945,397981,398015,398044,normal
202,1020,398354,1106.5388888888888,NORMAL,N,398252,398276,398301,398337,398383,398421,398455,398487,normal
202,1021,398799,1107.775,NORMAL,N,,,,398783,398821,398863,398898,398929,normal
202,1022,399219,1108.9416666666666,NORMAL,N,399129,399150,399171,399194,399246,399286,399316,399345,normal
202,1023,399629,1110.0805555555555,NORMAL,N,,,,399609,399639,399693,399722,399752,normal
202,1024,400027,1111.1861111111111,NORMAL,N,399942,399962,399982,400012,400037,400091,400124,400153,normal
202,1025,400454,1112.3722222222223,NORMAL,N,,,,400430,400483,400521,400554,400586,normal
202,1026,400888,1113.5777777777778,NORMAL,N,400797,400818,400838,400872,400899,400951,400988,401018,normal
202,1027,401317,1114.7694444444444,NORMAL,N,,,,401295,401347,401385,401417,401447,normal
202,1028,401737,1115.9361111111111,NORMAL,N,,,,401720,401747,401800,401832,401862,normal
202,1029,402139,1117.0527777777777,NORMAL,N,402007,402041,402068,402116,402150,402199,402229,402256,normal
202,1030,402551,1118.1972222222223,NORMAL,N,,,,402530,402563,402614,402652,402681,normal
202,1031,402979,1119.3861111111112,NORMAL,N,402842,402851,402903,402956,402990,403049,403082,403113,normal
202,1032,403416,1120.6,NORMAL,N,,,,403388,403429,403485,403519,403547,normal
202,1033,403835,1121.763888888889,NORMAL,N,,,,403814,403848,403895,403929,403959,normal
202,1034,404236,1122.8777777777777,NORMAL,N,,,,404210,404263,,404268,404329,positive_monophasic
202,1035,404415,1123.375,APC,A,,,,404397,404430,404470,404507,404535,normal
202,1036,404938,1124.8277777777778,NORMAL,N,,,,404912,404952,405010,405043,405073,normal
202,1037,405139,1125.3861111111112,ABERR,a,,,,405116,405169,,,,
202,1038,405286,1125.7944444444445,ABERR,a,405209,405236,405261,405271,405315,405346,405378,405409,normal
202,1039,405664,1126.8444444444444,NORMAL,N,,,,405638,405674,,405733,405762,positive_monophasic
202,1040,405848,1127.3555555555556,APC,A,,,,405830,405858,405901,405937,405966,normal
202,1041,406334,1128.7055555555555,NORMAL,N,,,,406310,406356,,406391,406433,positive_monophasic
202,1042,406521,1129.225,ABERR,a,,,,406506,406550,406574,406610,406642,normal
202,1043,407021,1130.6138888888888,NORMAL,N,,,,406994,407053,,407061,407126,positive_monophasic
202,1044,407221,1131.1694444444445,ABERR,a,,,,407199,407239,407272,407313,407342,normal
202,1045,407729,1132.5805555555555,NORMAL,N,,,,407702,407755,,407775,407831,positive_monophasic
202,1046,407925,1133.125,ABERR,a,,,,407906,407954,,,,
202,1047,408068,1133.5222222222221,ABERR,a,407988,408017,408042,408054,408098,408125,408157,408187,normal
202,1048,408421,1134.5027777777777,NORMAL,N,408334,408355,408375,408406,408432,,408455,408516,positive_monophasic
202,1049,408603,1135.0083333333334,APC,A,,,,408588,408614,408652,408685,408711,normal
202,1050,409093,1136.3694444444445,NORMAL,N,,,,409070,409122,,409137,409192,positive_monophasic
202,1051,409291,1136.9194444444445,ABERR,a,,,,409275,409323,,,,
202,1052,409437,1137.325,ABERR,a,409359,409386,409411,409423,409466,409496,409528,409560,normal
202,1053,409821,1138.3916666666667,NORMAL,N,409729,409750,409769,409795,409842,,409876,409919,positive_monophasic
202,1054,410011,1138.9194444444445,APC,A,,,,409994,410024,410072,410102,410123,normal
202,1055,410159,1139.3305555555555,APC,A,,,,410137,410191,410229,410252,410270,normal
202,1056,410521,1140.3361111111112,NORMAL,N,,,,410498,410533,,410559,410613,positive_monophasic
202,1057,410698,1140.8277777777778,APC,A,,,,410678,410709,410744,410781,410807,normal
202,1058,411192,1142.2,NORMAL,N,,,,411169,411216,,411261,411294,positive_monophasic
202,1059,411392,1142.7555555555555,ABERR,a,,,,411374,411425,,411445,411485,positive_monophasic
202,1060,411544,1143.1777777777777,ABERR,a,,,,411529,411575,411603,411635,411667,normal
202,1061,411706,1143.6277777777777,NORMAL,N,,,,411689,411739,411780,411802,411818,normal
202,1062,411882,1144.1166666666666,NORMAL,N,,,,411865,411913,411962,411977,411992,normal
202,1063,412091,1144.6972222222223,NORMAL,N,,,,412075,412103,412170,412192,412213,normal
202,1064,412323,1145.3416666666667,NORMAL,N,,,,412298,412350,412396,412416,412432,normal
202,1065,412518,1145.8833333333334,NORMAL,N,,,,412503,412530,412558,412609,412627,normal
202,1066,412701,1146.3916666666667,NORMAL,N,,,,412682,412722,412773,412792,412813,normal
202,1067,412875,1146.875,NORMAL,N,,,,412856,412908,412945,412954,412963,normal
202,1068,413039,1147.3305555555555,NORMAL,N,,,,413012,413064,413105,413128,413178,normal
202,1069,413256,1147.9333333333334,NORMAL,N,,,,413234,413281,,,,
202,1070,413471,1148.5305555555556,NORMAL,N,,,,413444,413484,413507,413518,413567,inverted
202,1071,413654,1149.0388888888888,NORMAL,N,,,,413630,413688,413702,413713,413745,inverted
202,1072,413813,1149.4805555555556,NORMAL,N,,,,413792,413844,413885,413905,413924,normal
202,1073,414075,1150.2083333333333,NORMAL,N,,,,414055,414102,414112,414174,414189,biphasic_negative_positive
202,1074,414321,1150.8916666666667,NORMAL,N,,,,414302,414355,414402,414419,414459,normal
202,1075,414522,1151.45,NORMAL,N,,,,414494,414552,414564,414611,414635,normal
202,1076,414707,1151.963888888889,NORMAL,N,,,,414679,414732,414746,414794,414817,normal
202,1077,414877,1152.4361111111111,NORMAL,N,,,,414854,414900,414937,414959,414982,normal
202,1078,415085,1153.013888888889,NORMAL,N,,,,415063,415117,415124,415147,415176,inverted
202,1079,415251,1153.475,NORMAL,N,,,,415232,415279,,415302,415334,positive_monophasic
202,1080,415407,1153.9083333333333,NORMAL,N,,,,415381,415441,415477,415508,415560,normal
202,1081,415631,1154.5305555555556,NORMAL,N,,,,415610,415656,415685,415697,415729,inverted
202,1082,415834,1155.0944444444444,NORMAL,N,,,,415818,415866,415885,415935,415952,biphasic_negative_positive
202,1083,416064,1155.7333333333333,NORMAL,N,,,,416041,416095,416114,416173,416190,biphasic_negative_positive
202,1084,416263,1156.286111111111,NORMAL,N,,,,416239,416298,416340,416361,416392,normal
202,1085,416456,1156.8222222222223,NORMAL,N,,,,416433,416467,416520,416568,416591,biphasic_positive_negative
202,1086,416694,1157.4833333333333,NORMAL,N,,,,416672,416724,416773,416792,416803,normal
202,1087,417155,1158.763888888889,NORMAL,N,,,,417134,417180,417206,417249,417277,normal
202,1088,417578,1159.9388888888889,NORMAL,N,417492,417511,417530,417562,417600,417649,417670,417705,normal
202,1089,417764,1160.4555555555555,APC,A,,,,417747,417799,417823,417856,417880,normal
202,1090,417925,1160.9027777777778,APC,A,,,,417907,417937,417997,418022,418043,normal
202,1091,418353,1162.0916666666667,NORMAL,N,,,,418337,418387,,418401,418447,positive_monophasic
202,1092,418540,1162.611111111111,APC,A,,,,418525,418554,418597,418627,418652,normal
202,1093,418695,1163.0416666666667,APC,A,,,,418669,418707,418742,418789,418798,biphasic_negative_positive
202,1094,419080,1164.111111111111,NORMAL,N,,,,419060,419113,419145,419168,419201,normal
202,1095,419255,1164.5972222222222,APC,A,,,,419234,419268,419310,419340,419361,normal
202,1096,419401,1165.0027777777777,APC,A,,,,419385,419424,419472,419490,419501,normal
202,1097,419787,1166.075,NORMAL,N,,,,419768,419821,,419834,419879,positive_monophasic
202,1098,419975,1166.5972222222222,APC,A,,,,419955,419988,,420023,420066,positive_monophasic
202,1099,420144,1167.0666666666666,APC,A,,,,420122,420174,420223,420241,420261,normal
202,1100,420540,1168.1666666666667,NORMAL,N,,,,420518,420553,,420593,420628,positive_monophasic
202,1101,420721,1168.6694444444445,APC,A,,,,420697,420732,420767,420806,420830,normal
202,1102,421237,1170.1027777777779,NORMAL,N,,,,421214,421267,,421281,421327,positive_monophasic
202,1103,421419,1170.6083333333333,ABERR,a,,,,421400,421441,421469,421501,421529,normal
202,1104,421927,1172.0194444444444,NORMAL,N,,,,421903,421962,,421964,422014,positive_monophasic
202,1105,422103,1172.5083333333334,ABERR,a,,,,422088,422132,,,,
202,1106,422256,1172.9333333333334,APC,A,422168,422193,422218,422241,422269,422321,422342,422360,normal
202,1107,422646,1174.0166666666667,NORMAL,N,422553,422571,422590,422629,422670,422712,422736,422771,normal
202,1108,422827,1174.5194444444444,ABERR,a,,,,422804,422841,422878,422912,422936,normal
202,1109,422988,1174.9666666666667,APC,A,,,,422966,423019,423063,423081,423095,normal
202,1110,423357,1175.9916666666666,NORMAL,N,423266,423286,423306,423341,423385,423421,423444,423476,normal
202,1111,423533,1176.4805555555556,NORMAL,N,,,,423511,423544,423580,423613,423641,normal
202,1112,423683,1176.8972222222221,NORMAL,N,,,,423661,423715,423751,423769,423779,normal
202,1113,423948,1177.6333333333334,NORMAL,N,,,,423933,423972,423991,424035,424063,normal
202,1114,424143,1178.175,NORMAL,N,,,,424117,424172,424197,424246,424264,biphasic_positive_negative
202,1115,424336,1178.7111111111112,NORMAL,N,,,,424315,424349,424394,424409,424430,inverted
202,1116,424503,1179.175,NORMAL,N,,,,424483,424536,,424576,424599,positive_monophasic
202,1117,424835,1180.0972222222222,NORMAL,N,424749,424768,424792,424818,424867,424894,424925,424943,normal
202,1118,425077,1180.7694444444444,NORMAL,N,425003,425024,425046,425060,425113,425115,425164,425190,normal
202,1119,425263,1181.286111111111,NORMAL,N,,,,425240,425292,425315,425363,425388,biphasic_positive_negative
202,1120,425487,1181.9083333333333,NORMAL,N,,,,425471,425527,425542,425609,425631,biphasic_positive_negative
202,1121,425800,1182.7777777777778,NORMAL,N,425668,425685,425711,425783,425832,425854,425888,425930,normal
202,1122,426006,1183.35,NORMAL,N,,,,425983,426024,426030,426107,426133,biphasic_positive_negative
202,1123,426245,1184.013888888889,NORMAL,N,426161,426180,426208,426217,426277,426300,426332,426354,normal
202,1124,426425,1184.513888888889,NORMAL,N,,,,426402,426450,426481,426509,426534,normal
202,1125,426608,1185.0222222222221,NORMAL,N,,,,426591,426630,426673,426720,426753,biphasic_positive_negative
202,1126,426819,1185.6083333333333,NORMAL,N,,,,426799,426833,426878,426893,426915,inverted
202,1127,426993,1186.0916666666667,NORMAL,N,,,,426973,427020,427056,427068,427088,inverted
202,1128,427161,1186.5583333333334,NORMAL,N,,,,427141,427189,,,,
202,1129,427338,1187.05,NORMAL,N,,,,427316,427363,427407,427420,427436,normal
202,1130,427508,1187.5222222222221,NORMAL,N,,,,427483,427536,427576,427591,427605,normal
202,1131,427678,1187.9944444444445,NORMAL,N,,,,427657,427705,427747,427778,427809,biphasic_positive_negative
202,1132,427877,1188.5472222222222,NORMAL,N,,,,427855,427889,427930,427946,427974,inverted
202,1133,428071,1189.0861111111112,NORMAL,N,,,,428047,428082,428134,428156,428188,normal
202,1134,428389,1189.9694444444444,NORMAL,N,428269,428285,428308,428371,428418,428465,428485,428516,normal
202,1135,428584,1190.5111111111112,NORMAL,N,,,,428556,428609,428646,428671,428703,normal
202,1136,428808,1191.1333333333334,NORMAL,N,428717,428734,428759,428791,428833,428835,428897,428919,normal
202,1137,429018,1191.7166666666667,NORMAL,N,,,,428995,429030,429070,429098,429105,biphasic_positive_negative
202,1138,429195,1192.2083333333333,NORMAL,N,,,,429179,429223,429266,429281,429299,normal
202,1139,429374,1192.7055555555555,NORMAL,N,,,,429355,429396,429439,429455,429476,normal
202,1140,429543,1193.175,NORMAL,N,,,,429522,429570,429607,429627,429652,normal
202,1141,429720,1193.6666666666667,NORMAL,N,,,,429697,429751,429787,429803,429824,normal
202,1142,429892,1194.1444444444444,NORMAL,N,,,,429865,429920,429958,429976,430001,normal
202,1143,430077,1194.6583333333333,NORMAL,N,,,,430061,430097,430148,430160,430177,normal
202,1144,430249,1195.1361111111112,NORMAL,N,,,,430233,430273,430317,430330,430345,normal
202,1145,430421,1195.6138888888888,NORMAL,N,,,,430405,430446,430491,430504,430519,normal
202,1146,430593,1196.0916666666667,NORMAL,N,,,,430577,430620,430663,430678,430694,normal
202,1147,430765,1196.5694444444443,NORMAL,N,,,,430747,430795,430837,430851,430871,normal
202,1148,430953,1197.0916666666667,NORMAL,N,,,,430936,430975,431028,431041,431054,normal
202,1149,431135,1197.5972222222222,NORMAL,N,,,,431118,431148,431211,431223,431235,normal
202,1150,431320,1198.111111111111,NORMAL,N,,,,431303,431339,431364,431394,431411,inverted
202,1151,431492,1198.588888888889,NORMAL,N,,,,431475,431514,431564,431580,431593,normal
202,1152,431675,1199.0972222222222,NORMAL,N,,,,431659,431701,431721,431747,431801,inverted
202,1153,431912,1199.7555555555555,NORMAL,N,431831,431850,431874,431896,431940,431976,431993,432009,normal
202,1154,432088,1200.2444444444445,NORMAL,N,,,,432073,432107,432141,432158,432212,inverted
202,1155,432259,1200.7194444444444,NORMAL,N,,,,432240,432270,432307,432329,432371,inverted
202,1156,432497,1201.3805555555555,NORMAL,N,432399,432421,432444,432480,432516,432584,432593,432612,inverted
202,1157,432720,1202.0,NORMAL,N,432649,432667,432692,432697,432749,432786,432806,432834,normal
202,1158,432918,1202.55,NORMAL,N,,,,432901,432948,432980,432997,433052,inverted
202,1159,433170,1203.25,NORMAL,N,433081,433098,433129,433153,433195,433251,433264,433282,normal
202,1160,433366,1203.7944444444445,NORMAL,N,,,,433338,433392,433408,433438,433437,biphasic_positive_negative
202,1161,433547,1204.2972222222222,NORMAL,N,433463,433468,433493,433525,433572,433577,433617,433666,inverted
202,1162,433721,1204.7805555555556,NORMAL,N,,,,433699,433740,433775,433784,433794,inverted
202,1163,433891,1205.2527777777777,NORMAL,N,,,,433876,433902,433937,433961,434010,inverted
202,1164,434050,1205.6944444444443,NORMAL,N,,,,434029,434076,434083,434118,434133,inverted
202,1165,434213,1206.1472222222221,NORMAL,N,,,,434190,434232,434247,434296,434304,biphasic_negative_positive
202,1166,434378,1206.6055555555556,NORMAL,N,,,,434352,434400,434423,434447,434462,inverted
202,1167,434542,1207.0611111111111,NORMAL,N,,,,434521,434568,434574,434606,434625,inverted
202,1168,434701,1207.5027777777777,NORMAL,N,,,,434686,434724,434752,434788,434801,biphasic_negative_positive
202,1169,434922,1208.1166666666666,NORMAL,N,,,,434905,434951,434965,434978,435023,inverted
202,1170,435143,1208.7305555555556,NORMAL,N,435054,435072,435097,435127,435175,435192,435233,435247,biphasic_negative_positive
202,1171,435316,1209.2111111111112,NORMAL,N,,,,435300,435342,435387,435402,435419,normal
202,1172,435492,1209.7,NORMAL,N,,,,435475,435516,435540,435578,435591,biphasic_negative_positive
202,1173,435663,1210.175,NORMAL,N,,,,435646,435697,435736,435751,435765,normal
202,1174,435840,1210.6666666666667,NORMAL,N,,,,435823,435864,435889,435911,435925,inverted
202,1175,436026,1211.1833333333334,NORMAL,N,435935,435937,435964,436003,436055,436078,436097,436131,inverted
202,1176,436193,1211.6472222222221,NORMAL,N,,,,436177,436217,436236,436263,436296,inverted
202,1177,436357,1212.1027777777779,NORMAL,N,,,,436341,436379,436400,436424,436455,inverted
202,1178,436515,1212.5416666666667,NORMAL,N,,,,436500,436535,436553,436585,436633,inverted
202,1179,436681,1213.0027777777777,NORMAL,N,,,,436666,436691,436717,436748,436788,inverted
202,1180,436830,1213.4166666666667,NORMAL,N,,,,436813,436854,436866,436910,436922,biphasic_negative_positive
202,1181,436995,1213.875,NORMAL,N,,,,436979,437021,437041,437063,437079,inverted
202,1182,437177,1214.3805555555555,NORMAL,N,437083,437089,437116,437154,437195,437226,437249,437287,inverted
202,1183,437342,1214.838888888889,NORMAL,N,,,,437325,437364,437391,437409,437426,inverted
202,1184,437516,1215.3222222222223,NORMAL,N,,,,437499,437539,437558,437591,437635,inverted
202,1185,437690,1215.8055555555557,NORMAL,N,,,,437672,437718,437733,437761,437777,inverted
202,1186,437868,1216.3,NORMAL,N,437781,437787,437815,437851,437898,437915,437938,437958,inverted
202,1187,438039,1216.775,NORMAL,N,,,,438021,438072,438078,438123,438138,biphasic_negative_positive
202,1188,438219,1217.275,NORMAL,N,,,,438198,438245,438254,438289,438335,inverted
202,1189,438389,1217.7472222222223,NORMAL,N,,,,438373,438407,438436,438452,438499,inverted
202,1190,438619,1218.3861111111112,NORMAL,N,438526,438545,438565,438604,438642,438667,438693,438729,inverted
202,1191,438799,1218.8861111111112,NORMAL,N,,,,438780,438827,438841,438887,438905,biphasic_negative_positive
202,1192,439024,1219.5111111111112,NORMAL,N,438920,438937,438961,439002,439049,439079,439127,439140,biphasic_negative_positive
202,1193,439244,1220.1222222222223,NORMAL,N,439165,439183,439203,439229,439272,439312,439324,439341,normal
202,1194,439415,1220.5972222222222,NORMAL,N,,,,439398,439440,439485,439500,439516,normal
202,1195,439593,1221.0916666666667,NORMAL,N,,,,439577,439613,439630,439664,439680,inverted
202,1196,439763,1221.5638888888889,NORMAL,N,,,,439740,439787,439800,439847,439859,biphasic_negative_positive
202,1197,439935,1222.0416666666667,NORMAL,N,,,,439908,439961,439980,440002,440018,inverted
202,1198,440108,1222.5222222222221,NORMAL,N,440024,440026,440048,440088,440135,440155,440177,440214,inverted
202,1199,440287,1223.0194444444444,NORMAL,N,,,,440262,440315,440322,440351,440375,inverted
202,1200,440454,1223.4833333333333,NORMAL,N,,,,440430,440489,440498,440539,440587,biphasic_negative_positive
202,1201,440662,1224.0611111111111,NORMAL,N,,,,440640,440688,,,,
202,1202,440817,1224.4916666666666,NORMAL,N,440716,440731,440769,440800,440844,440868,440894,440905,normal
202,1203,440982,1224.95,NORMAL,N,,,,440959,441012,441027,441050,441085,inverted
202,1204,441140,1225.388888888889,NORMAL,N,,,,441114,441161,441194,441209,441249,inverted
202,1205,441313,1225.8694444444445,NORMAL,N,,,,441294,441324,441359,441380,441413,inverted
202,1206,441480,1226.3333333333333,NORMAL,N,,,,441462,441510,441531,441551,441582,inverted
202,1207,441735,1227.0416666666667,NORMAL,N,441623,441646,441669,441714,441746,441788,441806,441833,inverted
202,1208,441902,1227.5055555555555,NORMAL,N,,,,441882,441915,441958,441969,441992,inverted
202,1209,442086,1228.0166666666667,NORMAL,N,441998,442014,442055,442062,442115,442124,442146,442174,inverted
202,1210,442299,1228.6083333333333,NORMAL,N,442209,442225,442250,442272,442320,,,,
202,1211,442477,1229.1027777777779,NORMAL,N,442387,442396,442421,442461,442499,442519,442540,442586,inverted
202,1212,442706,1229.7388888888888,NORMAL,N,442616,442634,442655,442690,442727,442738,442779,442813,inverted
202,1213,442914,1230.3166666666666,NORMAL,N,442853,442868,442888,442899,442943,442951,443019,443050,biphasic_positive_negative
202,1214,443120,1230.888888888889,NORMAL,N,,,,443100,443145,443156,443206,443223,biphasic_negative_positive
202,1215,443326,1231.4611111111112,NORMAL,N,443240,443257,443278,443305,443345,443404,443416,443437,inverted
202,1216,443514,1231.9833333333333,NORMAL,N,,,,443490,443543,443553,443604,443628,biphasic_negative_positive
202,1217,443767,1232.6861111111111,NORMAL,N,443646,443660,443685,443741,443795,443811,443854,443903,biphasic_negative_positive
202,1218,443978,1233.2722222222221,NORMAL,N,,,,443962,443999,444059,444075,444100,inverted
202,1219,444211,1233.9194444444445,NORMAL,N,444139,444156,444183,444195,444246,444248,444326,444357,biphasic_positive_negative
202,1220,444420,1234.5,NORMAL,N,,,,444396,444432,444476,444489,444515,inverted
202,1221,444642,1235.1166666666666,NORMAL,N,444561,444576,444597,444626,444666,444701,444737,444756,biphasic_positive_negative
202,1222,444872,1235.7555555555555,NORMAL,N,444793,444808,444830,444857,444893,444935,444948,444964,normal
202,1223,445027,1236.1861111111111,NORMAL,N,,,,445011,445055,445079,445118,445144,biphasic_positive_negative
202,1224,445268,1236.8555555555556,NORMAL,N,445172,445192,445215,445242,445290,,,,
202,1225,445421,1237.2805555555556,NORMAL,N,,,,445404,445445,445469,445495,445506,normal
202,1226,445580,1237.7222222222222,NORMAL,N,,,,445560,445601,445631,445650,445687,inverted
202,1227,445734,1238.15,NORMAL,N,,,,445710,445757,445794,445808,445823,normal
202,1228,445896,1238.6,NORMAL,N,,,,445872,445925,,445934,445965,negative_monophasic
202,1229,446065,1239.0694444444443,NORMAL,N,,,,446048,446093,,,,
202,1230,446233,1239.536111111111,NORMAL,N,,,,446208,446255,,,,
202,1231,446396,1239.9888888888888,NORMAL,N,446288,446329,446351,446379,446423,446465,446479,446495,normal
202,1232,446574,1240.4833333333333,NORMAL,N,,,,446556,446598,446608,446641,446682,inverted
202,1233,446736,1240.9333333333334,NORMAL,N,,,,446718,446748,446776,446798,446844,inverted
202,1234,446968,1241.5777777777778,NORMAL,N,446877,446897,446923,446952,446980,447030,447045,447056,normal
202,1235,447130,1242.0277777777778,NORMAL,N,,,,447114,447150,,,,
202,1236,447289,1242.4694444444444,NORMAL,N,,,,447263,447317,447338,447353,447384,inverted
202,1237,447522,1243.1166666666666,NORMAL,N,447422,447438,447461,447503,447544,447565,447612,447630,biphasic_negative_positive
202,1238,447703,1243.6194444444445,NORMAL,N,,,,447685,447724,447760,447787,447811,normal
202,1239,447919,1244.2194444444444,NORMAL,N,447817,447833,447863,447904,447941,447974,447991,448031,inverted
202,1240,448172,1244.9222222222222,NORMAL,N,448066,448086,448108,448152,448193,448226,448242,448260,inverted
202,1241,448348,1245.411111111111,NORMAL,N,,,,448327,448360,448388,448431,448453,biphasic_negative_positive
202,1242,448523,1245.8972222222221,NORMAL,N,,,,448506,448558,448578,448607,448651,normal
202,1243,448818,1246.7166666666667,NORMAL,N,448708,448735,448758,448802,448830,448877,448894,448919,inverted
202,1244,448986,1247.1833333333334,NORMAL,N,,,,448971,449009,449041,449049,449067,inverted
202,1245,449143,1247.6194444444445,NORMAL,N,,,,449117,449170,449188,449206,449229,inverted
202,1246,449295,1248.0416666666667,NORMAL,N,,,,449273,449308,449349,449360,449382,inverted
202,1247,449450,1248.4722222222222,NORMAL,N,,,,449429,449460,449494,449512,449539,inverted
202,1248,449604,1248.9,NORMAL,N,,,,449579,449614,449654,449670,449699,inverted
202,1249,449759,1249.3305555555555,NORMAL,N,,,,449743,449783,449795,449824,449863,inverted
202,1250,449915,1249.763888888889,NORMAL,N,,,,449899,449932,449965,449981,450017,inverted
202,1251,450073,1250.2027777777778,NORMAL,N,,,,450054,450094,450120,450142,450184,inverted
202,1252,450231,1250.6416666666667,NORMAL,N,,,,450214,450258,,,,
202,1253,450395,1251.0972222222222,NORMAL,N,450286,450319,450341,450378,450407,450438,450457,450475,inverted
202,1254,450560,1251.5555555555557,NORMAL,N,,,,450533,450588,450603,450623,450639,inverted
202,1255,450723,1252.0083333333334,NORMAL,N,450646,450648,450673,450706,450749,450766,450807,450820,biphasic_negative_positive
202,1256,450903,1252.5083333333334,NORMAL,N,,,,450882,450928,450947,450968,451011,inverted
202,1257,451073,1252.9805555555556,NORMAL,N,,,,451050,451085,451127,451138,451176,inverted
202,1258,451225,1253.4027777777778,NORMAL,N,,,,451206,451247,,,,
202,1259,451383,1253.8416666666667,NORMAL,N,451285,451309,451332,451361,451404,451415,451446,451486,inverted
202,1260,451535,1254.263888888889,NORMAL,N,,,,451512,451547,451576,451593,451637,inverted
202,1261,451697,1254.713888888889,NORMAL,N,,,,451673,451708,451742,451759,451787,inverted
202,1262,451868,1255.1888888888889,NORMAL,N,451788,451805,451838,451841,451894,451906,451946,451995,biphasic_negative_positive
202,1263,452076,1255.7666666666667,NORMAL,N,,,,452051,452099,452135,452145,452181,inverted
202,1264,452254,1256.2611111111112,NORMAL,N,,,,452232,452266,452294,452336,452357,biphasic_negative_positive
202,1265,452465,1256.8472222222222,NORMAL,N,452376,452394,452415,452448,452477,,,,
202,1266,452638,1257.3277777777778,NORMAL,N,,,,452616,452651,452695,452718,452729,normal
202,1267,452807,1257.7972222222222,NORMAL,N,,,,452783,452831,452843,452875,452925,inverted
202,1268,452975,1258.263888888889,NORMAL,N,,,,452949,452999,453017,453053,453064,biphasic_negative_positive
202,1269,453135,1258.7083333333333,NORMAL,N,,,,453114,453148,,,,
202,1270,453294,1259.15,NORMAL,N,,,,453270,453317,,,,
202,1271,453453,1259.5916666666667,NORMAL,N,453350,453378,453400,453425,453464,,,,
202,1272,453608,1260.0222222222221,NORMAL,N,453507,453537,453562,453593,453635,,,,
202,1273,453761,1260.4472222222223,NORMAL,N,453662,453691,453712,453738,453785,453787,453828,453862,inverted
202,1274,453983,1261.0638888888889,NORMAL,N,453910,453915,453933,453959,454006,454018,454035,454094,inverted
202,1275,454312,1261.9777777777779,NORMAL,N,,,,454289,454325,454353,454406,454428,biphasic_negative_positive
202,1276,454530,1262.5833333333333,NORMAL,N,,,,454512,454558,454600,454609,454625,normal
202,1277,454704,1263.0666666666666,NORMAL,N,,,,454679,454732,454755,454774,454794,normal
202,1278,454868,1263.5222222222221,NORMAL,N,,,,454847,454890,454914,454922,454932,normal
202,1279,455028,1263.9666666666667,NORMAL,N,454944,454954,454973,455012,455038,,,,
202,1280,455194,1264.4277777777777,NORMAL,N,455082,455121,455140,455172,455206,455233,455255,455306,inverted
202,1281,455356,1264.8777777777777,NORMAL,N,,,,455339,455375,455385,455434,455444,biphasic_negative_positive
202,1282,455518,1265.3277777777778,NORMAL,N,,,,455495,455548,,,,
202,1283,455671,1265.7527777777777,NORMAL,N,,,,455652,455699,455709,455744,455754,biphasic_negative_positive
202,1284,455825,1266.1805555555557,NORMAL,N,,,,455808,455854,455870,455886,455928,inverted
202,1285,455989,1266.6361111111112,NORMAL,N,,,,455973,455999,,,,
202,1286,456161,1267.1138888888888,NORMAL,N,,,,456138,456171,456199,456209,456241,inverted
202,1287,456305,1267.513888888889,NORMAL,N,,,,456281,456334,456356,456366,456388,inverted
202,1288,456457,1267.9361111111111,NORMAL,N,,,,456441,456490,456494,456520,456562,inverted
202,1289,456630,1268.4166666666667,NORMAL,N,,,,456605,456658,456676,456697,456726,inverted
202,1290,456800,1268.888888888889,NORMAL,N,,,,456773,456827,456850,456891,456900,biphasic_negative_positive
202,1291,456972,1269.3666666666666,NORMAL,N,456903,456905,456940,456947,457005,457018,457055,457079,biphasic_negative_positive
202,1292,457283,1270.2305555555556,NORMAL,N,457169,457194,457217,457259,457295,457336,457356,457381,inverted
202,1293,457457,1270.713888888889,NORMAL,N,,,,457432,457493,457524,457545,457604,normal
202,1294,457759,1271.5527777777777,NORMAL,N,457670,457686,457708,457744,457781,457816,457830,457858,inverted
202,1295,457914,1271.9833333333333,NORMAL,N,,,,457889,457926,457983,457984,458014,normal
202,1296,458070,1272.4166666666667,NORMAL,N,,,,458052,458081,458116,458131,458161,inverted
202,1297,458215,1272.8194444444443,NORMAL,N,,,,458190,458236,,458256,458307,positive_monophasic
202,1298,458362,1273.2277777777779,NORMAL,N,,,,458339,458380,,,,
202,1299,458508,1273.6333333333334,NORMAL,N,458412,458424,458454,458489,458531,,458563,458604,positive_monophasic
202,1300,458674,1274.0944444444444,NORMAL,N,458605,458612,458648,458651,458684,458720,458738,458763,inverted
202,1301,458975,1274.9305555555557,NORMAL,N,458888,458905,458927,458959,458998,459023,459054,459066,normal
202,1302,459142,1275.3944444444444,NORMAL,N,,,,459125,459173,459193,459221,459234,normal
202,1303,459310,1275.861111111111,NORMAL,N,,,,459287,459335,459337,459371,459387,inverted
202,1304,459472,1276.3111111111111,NORMAL,N,459395,459397,459418,459454,459497,459531,459546,459580,normal
202,1305,459653,1276.8138888888889,NORMAL,N,,,,459636,459689,,,,
202,1306,459818,1277.2722222222221,NORMAL,N,459721,459741,459785,459791,459828,459859,459897,459919,biphasic_negative_positive
202,1307,460036,1277.8777777777777,PVC,V,459934,459947,459968,460007,460047,460093,460114,460146,normal
202,1308,460259,1278.4972222222223,NORMAL,N,,,,460235,460282,460298,460317,460339,inverted
202,1309,460405,1278.9027777777778,NORMAL,N,,,,460386,460415,,460449,460486,positive_monophasic
202,1310,460566,1279.35,NORMAL,N,,,,460540,460595,460605,460649,460669,biphasic_negative_positive
202,1311,460864,1280.1777777777777,NORMAL,N,460766,460783,460807,460847,460877,,,,
202,1312,461036,1280.6555555555556,NORMAL,N,,,,461020,461057,461059,461113,461121,biphasic_negative_positive
202,1313,461200,1281.111111111111,NORMAL,N,,,,461178,461218,461238,461265,461309,inverted
202,1314,461366,1281.5722222222223,NORMAL,N,,,,461346,461393,461395,461416,461443,inverted
202,1315,461522,1282.0055555555555,NORMAL,N,,,,461496,461543,461564,461573,461629,inverted
202,1316,461681,1282.4472222222223,NORMAL,N,,,,461658,461705,461707,461738,461793,inverted
202,1317,461837,1282.8805555555555,NORMAL,N,,,,461814,461861,,,,
202,1318,461995,1283.3194444444443,NORMAL,N,,,,461978,462017,462044,462058,462072,inverted
202,1319,462150,1283.75,NORMAL,N,,,,462134,462173,462189,462220,462232,biphasic_negative_positive
202,1320,462301,1284.1694444444445,NORMAL,N,,,,462285,462323,,,,
202,1321,462451,1284.5861111111112,NORMAL,N,462347,462381,462404,462435,462478,462509,462523,462534,normal
202,1322,462606,1285.0166666666667,NORMAL,N,,,,462583,462629,462640,462664,462711,inverted
202,1323,462755,1285.4305555555557,NORMAL,N,,,,462738,462779,462817,462832,462840,normal
202,1324,462932,1285.9222222222222,NORMAL,N,,,,462911,462958,462975,462998,463023,inverted
202,1325,463091,1286.3638888888888,NORMAL,N,,,,463068,463121,,463152,463183,positive_monophasic
202,1326,463257,1286.825,NORMAL,N,,,,463235,463288,463302,463320,463346,inverted
202,1327,463409,1287.2472222222223,NORMAL,N,,,,463386,463432,,,,
202,1328,463569,1287.6916666666666,NORMAL,N,,,,463547,463594,463606,463630,463671,inverted
202,1329,463722,1288.1166666666666,NORMAL,N,,,,463705,463746,463779,463798,463808,normal
202,1330,463886,1288.5722222222223,NORMAL,N,,,,463869,463906,463914,463967,463973,biphasic_negative_positive
202,1331,464048,1289.0222222222221,NORMAL,N,,,,464029,464068,464080,464123,464130,biphasic_negative_positive
202,1332,464204,1289.4555555555555,NORMAL,N,,,,464178,464231,464264,464280,464292,normal
202,1333,464363,1289.8972222222221,NORMAL,N,,,,464339,464387,464405,464416,464450,inverted
202,1334,464516,1290.3222222222223,NORMAL,N,,,,464490,464549,,,,
202,1335,464658,1290.7166666666667,NORMAL,N,,,,464642,464687,464714,464733,464757,normal
202,1336,464863,1291.286111111111,NORMAL,N,,,,464844,464896,464922,464946,464963,normal
202,1337,465243,1292.3416666666667,NORMAL,N,,,,465227,465256,465312,465335,465352,normal
202,1338,465819,1293.9416666666666,NORMAL,N,,,,465802,465850,465869,465908,465929,normal
202,1339,466317,1295.325,NORMAL,N,466225,466242,466270,466297,466330,466371,466391,466418,normal
202,1340,466479,1295.775,APC,A,,,,466458,466505,466519,466552,466577,normal
202,1341,467066,1297.4055555555556,FUSION,F,,,,467038,467110,,467121,467155,positive_monophasic
202,1342,467235,1297.875,APC,A,467166,467168,467210,467220,467261,467263,467307,467337,normal
202,1343,467419,1298.3861111111112,APC,A,,,,467393,467440,467464,467503,467529,normal
202,1344,467871,1299.6416666666667,NORMAL,N,,,,467849,467884,467908,467955,467980,normal
202,1345,468043,1300.1194444444445,APC,A,,,,468028,468071,468090,468123,468144,normal
202,1346,468605,1301.6805555555557,NORMAL,N,,,,468589,468634,468639,468686,468709,normal
202,1347,468774,1302.15,NORMAL,N,,,,468759,468784,468824,468850,468872,normal
202,1348,468935,1302.5972222222222,NORMAL,N,468873,468879,468909,468917,468947,468995,469013,469039,normal
202,1349,469253,1303.4805555555556,NORMAL,N,,,,469237,469289,469321,469337,469380,normal
202,1350,469483,1304.1194444444445,NORMAL,N,,,,469458,469505,469523,469585,469597,biphasic_positive_negative
202,1351,469769,1304.9138888888888,NORMAL,N,,,,469753,469792,469829,469850,469887,normal
202,1352,469987,1305.5194444444444,NORMAL,N,,,,469970,470020,470034,470069,470090,normal
202,1353,470160,1306.0,NORMAL,N,,,,470144,470195,470205,470236,470258,normal
202,1354,470350,1306.5277777777778,NORMAL,N,,,,470334,470387,470405,470427,470448,normal
202,1355,470603,1307.2305555555556,NORMAL,N,,,,470587,470625,470640,470681,470700,normal
202,1356,471066,1308.5166666666667,NORMAL,N,470955,470980,471007,471051,471076,471122,471147,471167,normal
202,1357,471319,1309.2194444444444,NORMAL,N,,,,471303,471352,471369,471397,471425,normal
202,1358,471512,1309.7555555555555,NORMAL,N,471426,471432,471448,471497,471532,471558,471584,471608,normal
202,1359,471725,1310.3472222222222,NORMAL,N,471649,471664,471697,471708,471755,471786,471805,471826,normal
202,1360,472019,1311.1638888888888,NORMAL,N,,,,471995,472042,472079,472107,472125,normal
202,1361,472196,1311.6555555555556,NORMAL,N,,,,472175,472228,472249,472272,472303,normal
202,1362,472354,1312.0944444444444,NORMAL,N,,,,472332,472391,472405,472436,472459,normal
202,1363,472660,1312.9444444444443,NORMAL,N,,,,472637,472673,472728,472750,472768,normal
202,1364,472974,1313.8166666666666,NORMAL,N,,,,472950,473009,473011,473056,473073,normal
202,1365,473151,1314.3083333333334,NORMAL,N,,,,473129,473163,473192,473252,473273,biphasic_positive_negative
202,1366,473439,1315.1083333333333,NORMAL,N,,,,473418,473464,473489,473536,473557,biphasic_positive_negative
202,1367,473712,1315.8666666666666,NORMAL,N,,,,473687,473733,473770,473796,473816,normal
202,1368,473911,1316.4194444444445,NORMAL,N,,,,473885,473925,473954,473990,474016,normal
202,1369,474075,1316.875,NORMAL,N,,,,474054,474100,474139,474159,474191,normal
202,1370,474406,1317.7944444444445,NORMAL,N,,,,474383,474430,474469,474496,474517,normal
202,1371,474669,1318.525,NORMAL,N,474541,474567,474599,474652,474694,474735,474752,474775,normal
202,1372,474834,1318.9833333333333,NORMAL,N,,,,474809,474856,474872,474908,474929,normal
202,1373,474996,1319.4333333333334,NORMAL,N,,,,474977,475023,475052,475075,475096,normal
202,1374,475137,1319.825,NORMAL,N,,,,475115,475162,475181,475214,475232,normal
202,1375,475410,1320.5833333333333,NORMAL,N,,,,475385,475434,475476,475502,475522,normal
202,1376,475637,1321.213888888889,NORMAL,N,,,,475613,475666,475682,475722,475744,normal
202,1377,475819,1321.7194444444444,NORMAL,N,,,,475799,475846,475873,475898,475937,normal
202,1378,476028,1322.3,NORMAL,N,475940,475946,475979,476003,476062,476090,476117,476144,normal
202,1379,476243,1322.8972222222221,NORMAL,N,,,,476225,476266,476271,476328,476353,biphasic_negative_positive
202,1380,476430,1323.4166666666667,NORMAL,N,,,,476405,476464,476484,476512,476536,normal
202,1381,476643,1324.0083333333334,NORMAL,N,,,,476622,476674,476691,476729,476745,normal
202,1382,476801,1324.4472222222223,NORMAL,N,,,,476784,476829,476861,476880,476895,normal
202,1383,476969,1324.9138888888888,NORMAL,N,,,,476952,476992,477019,477054,477068,normal
202,1384,477236,1325.6555555555556,NORMAL,N,,,,477216,477249,477280,477350,477363,biphasic_positive_negative
202,1385,477434,1326.2055555555555,NORMAL,N,,,,477412,477460,477480,477513,477533,normal
202,1386,477570,1326.5833333333333,NORMAL,N,,,,477545,477592,477600,477645,477663,normal
202,1387,477732,1327.0333333333333,NORMAL,N,,,,477716,477743,477787,477810,477823,normal
202,1388,477942,1327.6166666666666,NORMAL,N,,,,477926,477953,478005,478047,478060,biphasic_positive_negative
202,1389,478183,1328.286111111111,NORMAL,N,,,,478167,478193,478252,478269,478287,normal
202,1390,478450,1329.0277777777778,NORMAL,N,,,,478427,478462,478501,478532,478560,normal
202,1391,478611,1329.475,NORMAL,N,,,,478589,478642,478674,478694,478717,normal
202,1392,478825,1330.0694444444443,NORMAL,N,,,,478799,478839,,478885,478908,positive_monophasic
202,1393,478982,1330.5055555555555,NORMAL,N,,,,478961,479014,479024,479061,479083,normal
202,1394,479222,1331.1722222222222,NORMAL,N,,,,479205,479241,,479276,479304,positive_monophasic
202,1395,479376,1331.6,NORMAL,N,,,,479352,479403,479416,479452,479476,normal
202,1396,479711,1332.5305555555556,NORMAL,N,,,,479693,479723,479770,479797,479824,normal
202,1397,479925,1333.125,NORMAL,N,479833,479851,479883,479909,479956,,,,
202,1398,480186,1333.85,NORMAL,N,480101,480124,480153,480166,480214,480249,480268,480297,normal
202,1399,480445,1334.5694444444443,NORMAL,N,,,,480424,480459,480494,480530,480562,normal
202,1400,480740,1335.388888888889,NORMAL,N,,,,480719,480750,480786,480821,480849,normal
202,1401,480944,1335.9555555555555,NORMAL,N,,,,480923,480954,480991,481019,481045,normal
202,1402,481177,1336.6027777777779,NORMAL,N,,,,481151,481188,481238,481260,481293,normal
202,1403,481354,1337.0944444444444,NORMAL,N,,,,481338,481379,481390,481452,481463,biphasic_positive_negative
202,1404,481580,1337.7222222222222,NORMAL,N,481484,481493,481522,481559,481592,481625,481654,481679,normal
202,1405,481765,1338.236111111111,NORMAL,N,,,,481749,481792,,,,
202,1406,481889,1338.5805555555555,ABERR,a,481841,481856,481877,481880,481923,,,,
202,1407,482025,1338.9583333333333,ABERR,a,481943,481973,481994,482007,482051,482081,482113,482135,normal
202,1408,482252,1339.588888888889,NORMAL,N,482153,482182,482214,482235,482277,482307,482336,482367,normal
202,1409,482578,1340.4944444444445,NORMAL,N,482496,482521,482550,482561,482608,482645,482669,482701,normal
202,1410,482780,1341.0555555555557,NORMAL,N,482703,482717,482752,482759,482794,482814,482859,482885,normal
202,1411,483177,1342.1583333333333,NORMAL,N,,,,483160,483187,483245,483266,483294,normal
202,1412,483381,1342.725,NORMAL,N,,,,483365,483406,,,,
202,1413,483519,1343.1083333333333,NORMAL,N,483434,483458,483481,483497,483544,483558,483593,483619,normal
202,1414,483727,1343.6861111111111,NORMAL,N,,,,483711,483754,483781,483807,483824,normal
202,1415,483950,1344.3055555555557,NORMAL,N,,,,483934,483976,483984,484023,484044,normal
202,1416,484199,1344.9972222222223,NORMAL,N,,,,484184,484209,484237,484313,484334,biphasic_positive_negative
202,1417,484472,1345.7555555555555,NORMAL,N,,,,484444,484483,484509,484553,484569,normal
202,1418,484741,1346.5027777777777,NORMAL,N,,,,484725,484767,484799,484820,484847,normal
202,1419,485031,1347.3083333333334,NORMAL,N,,,,485014,485042,485075,485111,485134,normal
202,1420,485288,1348.0222222222221,NORMAL,N,,,,485271,485299,485321,485366,485392,normal
202,1421,485448,1348.4666666666667,NORMAL,N,,,,485432,485470,485495,485522,485547,normal
202,1422,485705,1349.1805555555557,NORMAL,N,,,,485689,485734,,,,
202,1423,485928,1349.8,NORMAL,N,,,,485909,485950,485973,486002,486035,normal
202,1424,486194,1350.5388888888888,NORMAL,N,,,,486172,486213,486253,486272,486310,normal
202,1425,486395,1351.0972222222222,NORMAL,N,,,,486370,486404,486453,486515,486542,biphasic_positive_negative
202,1426,486640,1351.7777777777778,NORMAL,N,,,,486623,486670,486689,486717,486734,normal
202,1427,486931,1352.5861111111112,NORMAL,N,,,,486914,486964,486991,487012,487045,normal
202,1428,487214,1353.3722222222223,NORMAL,N,,,,487187,487225,487268,487298,487325,normal
202,1429,487498,1354.161111111111,NORMAL,N,,,,487475,487510,487561,487570,487579,normal
202,1430,487678,1354.661111111111,NORMAL,N,,,,487654,487708,487738,487760,487779,normal
202,1431,487963,1355.4527777777778,NORMAL,N,,,,487944,487974,487993,488105,488123,biphasic_positive_negative
202,1432,488300,1356.388888888889,NORMAL,N,,,,488279,488325,488342,488376,488398,normal
202,1433,488499,1356.9416666666666,NORMAL,N,,,,488476,488512,488544,488575,488600,normal
202,1434,488697,1357.4916666666666,NORMAL,N,,,,488681,488709,488736,488773,488792,normal
202,1435,489021,1358.3916666666667,NORMAL,N,,,,488998,489032,489070,489102,489127,normal
202,1436,489234,1358.9833333333333,NORMAL,N,,,,489216,489262,489267,489337,489349,biphasic_positive_negative
202,1437,489474,1359.65,NORMAL,N,,,,489456,489501,489520,489557,489581,normal
202,1438,489680,1360.2222222222222,NORMAL,N,,,,489659,489693,489721,489799,489845,biphasic_positive_negative
202,1439,489946,1360.9611111111112,NORMAL,N,,,,489929,489958,489995,490064,490099,biphasic_positive_negative
202,1440,490178,1361.6055555555556,NORMAL,N,,,,490151,490204,490223,490293,490304,biphasic_positive_negative
202,1441,490379,1362.1638888888888,NORMAL,N,,,,490363,490408,490419,490454,490481,normal
202,1442,490638,1362.8833333333334,NORMAL,N,,,,490622,490648,490694,490713,490735,normal
202,1443,490814,1363.3722222222223,NORMAL,N,,,,490787,490826,490849,490884,490905,normal
202,1444,490977,1363.825,NORMAL,N,,,,490955,491001,491022,491054,491079,normal
202,1445,491280,1364.6666666666667,NORMAL,N,,,,491255,491290,491350,491366,491388,normal
202,1446,491510,1365.3055555555557,NORMAL,N,,,,491489,491522,491560,491588,491622,normal
202,1447,491706,1365.85,NORMAL,N,,,,491687,491728,491751,491787,491811,normal
202,1448,491942,1366.5055555555555,NORMAL,N,,,,491921,491954,491968,492022,492057,normal
202,1449,492106,1366.9611111111112,NORMAL,N,,,,492082,492143,492144,492225,492238,biphasic_positive_negative
202,1450,492309,1367.525,NORMAL,N,,,,492287,492334,492369,492389,492410,normal
202,1451,492590,1368.3055555555557,NORMAL,N,,,,492575,492603,492642,492708,492735,biphasic_positive_negative
202,1452,492850,1369.0277777777778,NORMAL,N,,,,492827,492863,492915,492931,492968,normal
202,1453,493080,1369.6666666666667,NORMAL,N,,,,493055,493102,493143,493160,493183,normal
202,1454,493288,1370.2444444444445,NORMAL,N,,,,493272,493318,493334,493363,493382,normal
202,1455,493529,1370.9138888888888,NORMAL,N,,,,493512,493557,493564,493610,493631,normal
202,1456,493800,1371.6666666666667,NORMAL,N,,,,493775,493810,493863,493884,493910,normal
202,1457,494013,1372.2583333333334,NORMAL,N,,,,493990,494025,494060,494095,494118,normal
202,1458,494217,1372.825,NORMAL,N,,,,494200,494229,494265,494295,494326,normal
202,1459,494383,1373.286111111111,NORMAL,N,,,,494362,494409,494427,494454,494480,normal
202,1460,494612,1373.9222222222222,NORMAL,N,,,,494590,494637,494650,494691,494710,normal
202,1461,494878,1374.661111111111,NORMAL,N,494778,494810,494828,494861,494888,494938,494958,494994,normal
202,1462,495300,1375.8333333333333,NORMAL,N,,,,495285,495310,495361,495381,495417,normal
202,1463,495570,1376.5833333333333,NORMAL,N,,,,495554,495584,495629,495655,495703,normal
202,1464,495872,1377.4222222222222,NORMAL,N,,,,495844,495885,495912,495956,495981,normal
202,1465,496145,1378.1805555555557,NORMAL,N,,,,496121,496167,496200,496262,496277,biphasic_positive_negative
202,1466,496406,1378.9055555555556,NORMAL,N,,,,,496423,496454,496484,496507,normal
202,1467,496636,1379.5444444444445,NORMAL,N,,,,496620,496646,496676,496710,496734,normal
202,1468,496927,1380.3527777777779,NORMAL,N,,,,496909,496950,496975,497036,497068,biphasic_positive_negative
202,1469,497203,1381.1194444444445,NORMAL,N,,,,497185,497221,497245,497280,497302,normal
202,1470,497413,1381.7027777777778,NORMAL,N,,,,497397,497422,497470,497491,497525,normal
202,1471,497737,1382.6027777777779,NORMAL,N,,,,497719,497748,497782,497817,497842,normal
202,1472,497940,1383.1666666666667,NORMAL,N,,,,497922,497971,497988,498054,498065,biphasic_positive_negative
202,1473,498174,1383.8166666666666,NORMAL,N,,,,498156,498199,498237,498248,498260,normal
202,1474,498339,1384.275,NORMAL,N,,,,498318,498373,498379,498421,498442,normal
202,1475,498589,1384.9694444444444,NORMAL,N,,,,498565,498612,498652,498674,498708,normal
202,1476,498774,1385.4833333333333,NORMAL,N,,,,498751,498798,498833,498853,498878,normal
202,1477,498988,1386.0777777777778,NORMAL,N,,,,498961,499014,499015,499068,499115,normal
202,1478,499201,1386.6694444444445,NORMAL,N,,,,499182,499210,499249,499310,499330,biphasic_positive_negative
202,1479,499465,1387.4027777777778,NORMAL,N,,,,499446,499484,499503,499547,499567,normal
202,1480,499686,1388.0166666666667,NORMAL,N,,,,499663,499704,499726,499764,499785,normal
202,1481,500017,1388.9361111111111,NORMAL,N,,,,499998,500028,500063,500104,500127,normal
202,1482,500453,1390.1472222222221,NORMAL,N,,,,500430,500477,500492,500540,500564,normal
202,1483,500766,1391.0166666666667,NORMAL,N,,,,500749,500785,500817,500845,500874,normal
202,1484,500986,1391.6277777777777,NORMAL,N,,,,500970,500995,501036,501061,501087,normal
202,1485,501251,1392.3638888888888,NORMAL,N,,,,501234,501270,501299,501361,501377,biphasic_positive_negative
202,1486,501547,1393.1861111111111,NORMAL,N,,,,501528,501557,501591,501628,501660,normal
202,1487,501721,1393.6694444444445,NORMAL,N,,,,501705,501738,,,,
202,1488,502011,1394.475,NORMAL,N,,,,501991,502027,502058,502097,502122,normal
202,1489,502212,1395.0333333333333,NORMAL,N,,,,502194,502242,502259,502292,502314,normal
202,1490,502431,1395.6416666666667,NORMAL,N,,,,502413,502458,502494,502543,502570,biphasic_positive_negative
202,1491,502683,1396.3416666666667,NORMAL,N,,,,502663,502694,502723,502759,502785,normal
202,1492,502872,1396.8666666666666,NORMAL,N,,,,502854,502893,502926,502950,502973,normal
202,1493,503120,1397.5555555555557,NORMAL,N,,,,503101,503148,503168,503201,503225,normal
202,1494,503276,1397.9888888888888,NORMAL,N,,,,503256,503307,503326,503351,503376,normal
202,1495,503437,1398.4361111111111,NORMAL,N,,,,503419,503454,503484,503516,503539,normal
202,1496,503663,1399.0638888888889,NORMAL,N,,,,503646,503688,503707,503764,503788,biphasic_positive_negative
202,1497,503898,1399.7166666666667,NORMAL,N,,,,503882,503928,503941,503979,504000,normal
202,1498,504072,1400.2,NORMAL,N,,,,504054,504096,504118,504153,504179,normal
202,1499,504298,1400.8277777777778,NORMAL,N,,,,504282,504318,504352,504382,504402,normal
202,1500,504676,1401.8777777777777,NORMAL,N,,,,504660,504686,504759,504774,504795,normal
202,1501,504875,1402.4305555555557,NORMAL,N,,,,504857,504900,504928,504956,504993,normal
202,1502,505149,1403.1916666666666,NORMAL,N,,,,505128,505165,505178,505232,505240,normal
202,1503,505331,1403.6972222222223,NORMAL,N,,,,505314,505355,505372,505409,505429,normal
202,1504,505513,1404.2027777777778,NORMAL,N,,,,505494,505523,,,,
202,1505,505667,1404.6305555555555,NORMAL,N,,,,505649,505685,505718,505748,505772,normal
202,1506,505871,1405.1972222222223,NORMAL,N,,,,505853,505896,505915,505945,505967,normal
202,1507,506034,1405.65,NORMAL,N,,,,506015,506057,506085,506109,506139,normal
202,1508,506248,1406.2444444444445,NORMAL,N,,,,506232,506268,506281,506350,506373,biphasic_positive_negative
202,1509,506535,1407.0416666666667,NORMAL,N,,,,506518,506545,506603,506648,506662,biphasic_negative_positive
202,1510,506834,1407.8722222222223,NORMAL,N,,,,506817,506844,506891,506921,506954,normal
202,1511,507063,1408.5083333333334,NORMAL,N,,,,507047,507083,507126,507147,507187,normal
202,1512,507292,1409.1444444444444,NORMAL,N,,,,507270,507302,507339,507409,507437,biphasic_positive_negative
202,1513,507528,1409.8,NORMAL,N,,,,507509,507546,507577,507634,507657,biphasic_positive_negative
202,1514,507820,1410.611111111111,NORMAL,N,,,,507803,507830,507872,507902,507925,normal
202,1515,508004,1411.1222222222223,NORMAL,N,,,,507984,508013,,,,
202,1516,508245,1411.7916666666667,NORMAL,N,,,,508229,508265,508308,508328,508363,normal
202,1517,508456,1412.3777777777777,NORMAL,N,,,,508439,508481,508511,508535,508554,normal
202,1518,508725,1413.125,NORMAL,N,,,,508703,508751,508774,508810,508837,normal
202,1519,508967,1413.7972222222222,NORMAL,N,,,,508949,508985,509017,509053,509080,normal
202,1520,509149,1414.3027777777777,NORMAL,N,,,,509129,509166,509198,509226,509252,normal
202,1521,509375,1414.9305555555557,NORMAL,N,,,,509357,509398,509426,509460,509491,normal
202,1522,509690,1415.8055555555557,NORMAL,N,,,,509663,509706,509750,509771,509808,normal
202,1523,509916,1416.4333333333334,NORMAL,N,,,,509898,509934,509970,510034,510062,biphasic_positive_negative
202,1524,510163,1417.1194444444445,NORMAL,N,,,,510143,510174,510202,510240,510264,normal
202,1525,510319,1417.5527777777777,NORMAL,N,,,,510299,510347,510375,510398,510425,normal
202,1526,510564,1418.2333333333333,NORMAL,N,,,,510545,510581,510602,510652,510676,biphasic_negative_positive
202,1527,510810,1418.9166666666667,NORMAL,N,,,,510790,510829,510866,510893,510917,normal
202,1528,510981,1419.3916666666667,NORMAL,N,,,,510959,511007,511036,511061,511087,normal
202,1529,511192,1419.9777777777779,NORMAL,N,,,,511170,511217,511244,511278,511305,normal
202,1530,511395,1420.5416666666667,NORMAL,N,,,,511378,511421,511442,511474,511495,normal
202,1531,511616,1421.1555555555556,NORMAL,N,,,,511600,511642,,,,
202,1532,511837,1421.7694444444444,NORMAL,N,,,,511821,511864,,,,
202,1533,512000,1422.2222222222222,NORMAL,N,,,,511973,512021,512052,512074,512110,normal
202,1534,512211,1422.8083333333334,NORMAL,N,,,,512195,512236,512275,512291,512310,normal
202,1535,512422,1423.3944444444444,NORMAL,N,,,,512399,512452,512464,512501,512516,normal
202,1536,512582,1423.838888888889,NORMAL,N,,,,512555,512614,512632,512661,512685,normal
202,1537,512847,1424.575,NORMAL,N,,,,512830,512872,512910,512933,512953,normal
202,1538,513015,1425.0416666666667,NORMAL,N,,,,512992,513041,513060,513095,513109,normal
202,1539,513262,1425.7277777777779,NORMAL,N,,,,513244,513281,513334,513357,513388,normal
202,1540,513524,1426.4555555555555,NORMAL,N,,,,513502,513557,513585,513639,513665,biphasic_positive_negative
202,1541,513830,1427.3055555555557,NORMAL,N,,,,513803,513856,513874,513914,513932,normal
202,1542,514123,1428.1194444444445,NORMAL,N,,,,514102,514133,514159,514204,514225,normal
202,1543,514366,1428.7944444444445,NORMAL,N,,,,514348,514390,514411,514470,514506,biphasic_positive_negative
202,1544,514643,1429.5638888888889,NORMAL,N,,,,514624,514653,514655,514720,514747,biphasic_negative_positive
202,1545,514864,1430.1777777777777,NORMAL,N,,,,514846,514875,514922,514993,515010,biphasic_positive_negative
202,1546,515089,1430.8027777777777,NORMAL,N,,,,515068,515116,515138,515170,515201,normal
202,1547,515411,1431.6972222222223,NORMAL,N,,,,515387,515429,515446,515548,515574,biphasic_positive_negative
202,1548,515690,1432.4722222222222,NORMAL,N,,,,515669,515722,515744,515772,515804,normal
202,1549,515901,1433.0583333333334,NORMAL,N,,,,515884,515920,515948,516016,516045,biphasic_positive_negative
202,1550,516125,1433.6805555555557,NORMAL,N,,,,516107,516142,516177,516251,516272,biphasic_positive_negative
202,1551,516410,1434.4722222222222,NORMAL,N,,,,516395,516421,516469,516489,516525,normal
202,1552,516644,1435.1222222222223,NORMAL,N,,,,516627,516664,516694,516719,516749,normal
202,1553,516891,1435.8083333333334,NORMAL,N,,,,516875,516917,516947,516974,517010,normal
202,1554,517116,1436.4333333333334,NORMAL,N,,,,517100,517127,517169,517200,517226,normal
202,1555,517351,1437.0861111111112,NORMAL,N,,,,517335,517384,517407,517438,517468,normal
202,1556,517586,1437.7388888888888,NORMAL,N,,,,517558,517612,517636,517665,517691,normal
202,1557,517880,1438.5555555555557,NORMAL,N,,,,517864,517900,517931,517970,517991,normal
202,1558,518203,1439.4527777777778,NORMAL,N,,,,518187,518213,518249,518310,518331,biphasic_positive_negative
202,1559,518436,1440.1,NORMAL,N,,,,518421,518464,518473,518504,518529,normal
202,1560,518597,1440.5472222222222,NORMAL,N,,,,518580,518607,518643,518701,518721,biphasic_positive_negative
202,1561,518849,1441.2472222222223,NORMAL,N,,,,518833,518859,518905,518933,518953,normal
202,1562,519047,1441.7972222222222,NORMAL,N,,,,519030,519081,519091,519129,519156,normal
202,1563,519277,1442.4361111111111,NORMAL,N,,,,519256,519304,519334,519392,519406,biphasic_positive_negative
202,1564,519551,1443.1972222222223,NORMAL,N,,,,519525,519561,519623,519644,519671,normal
202,1565,519848,1444.0222222222221,NORMAL,N,,,,519826,519858,519912,519962,519992,biphasic_positive_negative
202,1566,520075,1444.6527777777778,NORMAL,N,,,,520054,520097,,,,
202,1567,520303,1445.286111111111,NORMAL,N,,,,520282,520336,520347,520384,520406,normal
202,1568,520490,1445.8055555555557,NORMAL,N,,,,520468,520509,520528,520565,520587,normal
202,1569,520723,1446.4527777777778,NORMAL,N,,,,520701,520749,520789,520807,520832,normal
202,1570,520970,1447.138888888889,NORMAL,N,,,,520954,520979,521012,521046,521070,normal
202,1571,521270,1447.9722222222222,NORMAL,N,,,,521247,521290,521321,521387,521413,biphasic_positive_negative
202,1572,521536,1448.7111111111112,NORMAL,N,,,,521517,521559,521591,521655,521683,biphasic_positive_negative
202,1573,521764,1449.3444444444444,NORMAL,N,,,,521746,521775,521822,521847,521875,normal
202,1574,522009,1450.025,NORMAL,N,,,,521991,522028,522051,522116,522125,biphasic_positive_negative
202,1575,522269,1450.7472222222223,NORMAL,N,,,,522252,522279,522316,522388,522422,biphasic_positive_negative
202,1576,522500,1451.388888888889,NORMAL,N,,,,522472,522525,522551,522577,522602,normal
202,1577,522675,1451.875,NORMAL,N,,,,522657,522706,522724,522752,522781,normal
202,1578,522935,1452.5972222222222,NORMAL,N,,,,522915,522952,522991,523015,523039,normal
202,1579,523270,1453.5277777777778,NORMAL,N,,,,523255,523288,523323,523353,523375,normal
202,1580,523464,1454.0666666666666,NORMAL,N,,,,523443,523492,523511,523547,523571,normal
202,1581,523816,1455.0444444444445,NORMAL,N,,,,523800,523834,523876,523902,523940,normal
202,1582,524020,1455.611111111111,NORMAL,N,,,,524003,524038,524073,524105,524138,normal
202,1583,524252,1456.2555555555555,NORMAL,N,,,,524230,524271,524293,524339,524389,normal
202,1584,524475,1456.875,NORMAL,N,,,,524457,524500,524526,524557,524583,normal
202,1585,524628,1457.3,NORMAL,N,,,,524607,524649,524690,524711,524725,normal
202,1586,524858,1457.9388888888889,NORMAL,N,,,,524841,524877,524891,524943,524962,normal
202,1587,525056,1458.4888888888888,NORMAL,N,,,,525039,525065,525086,525168,525197,biphasic_positive_negative
202,1588,525282,1459.1166666666666,NORMAL,N,,,,525262,525299,525347,525370,525393,normal
202,1589,525455,1459.5972222222222,NORMAL,N,,,,525430,525477,525517,525566,525574,biphasic_positive_negative
202,1590,525667,1460.1861111111111,NORMAL,N,,,,525645,525699,525709,525752,525771,normal
202,1591,525906,1460.85,NORMAL,N,,,,525885,525915,525976,525996,526017,normal
202,1592,526134,1461.4833333333333,NORMAL,N,,,,526117,526145,526186,526222,526247,normal
202,1593,526296,1461.9333333333334,NORMAL,N,,,,526280,526329,526344,526397,526409,biphasic_positive_negative
202,1594,526486,1462.4611111111112,NORMAL,N,,,,526461,526509,,,,
202,1595,526649,1462.9138888888888,NORMAL,N,,,,526630,526670,526701,526736,526753,normal
202,1596,526967,1463.7972222222222,NORMAL,N,,,,526947,526984,527038,527058,527090,normal
202,1597,527219,1464.4972222222223,NORMAL,N,,,,527194,527236,,,,
202,1598,527421,1465.0583333333334,NORMAL,N,,,,527403,527451,527470,527495,527526,normal
202,1599,527587,1465.5194444444444,NORMAL,N,,,,527565,527613,527649,527664,527704,normal
202,1600,527745,1465.9583333333333,NORMAL,N,,,,527727,527764,527782,527849,527869,biphasic_positive_negative
202,1601,527975,1466.5972222222222,NORMAL,N,,,,527959,527986,528042,528063,528082,normal
202,1602,528167,1467.1305555555555,NORMAL,N,,,,528148,528178,528211,528248,528269,normal
202,1603,528307,1467.5194444444444,NORMAL,N,,,,528290,528333,528341,528387,528400,normal
202,1604,528546,1468.1833333333334,NORMAL,N,,,,528528,528579,528582,528644,528679,normal
202,1605,528779,1468.8305555555555,NORMAL,N,,,,528762,528789,528828,528864,528888,normal
202,1606,528981,1469.3916666666667,NORMAL,N,,,,528965,528991,,,,
202,1607,529251,1470.1416666666667,NORMAL,N,,,,529234,529282,529290,529332,529350,normal
202,1608,529399,1470.5527777777777,NORMAL,N,,,,529384,529425,529455,529479,529503,normal
202,1609,529573,1471.036111111111,NORMAL,N,,,,529558,529583,529619,529677,529707,biphasic_positive_negative
202,1610,529826,1471.7388888888888,NORMAL,N,,,,529810,529845,529890,529939,529973,biphasic_positive_negative
202,1611,530136,1472.6,NORMAL,N,,,,530119,530147,530196,530227,530259,normal
202,1612,530404,1473.3444444444444,NORMAL,N,,,,530387,530415,530457,530490,530514,normal
202,1613,530694,1474.15,NORMAL,N,,,,530677,530704,530726,530777,530823,normal
202,1614,530911,1474.7527777777777,NORMAL,N,,,,530894,530921,530949,531038,531056,biphasic_positive_negative
202,1615,531223,1475.6194444444445,NORMAL,N,,,,531207,531233,531281,531307,531333,normal
202,1616,531394,1476.0944444444444,NORMAL,N,,,,531378,531412,531434,531474,531496,normal
202,1617,531612,1476.7,NORMAL,N,,,,531592,531628,531653,531690,531713,normal
202,1618,531877,1477.4361111111111,NORMAL,N,,,,531855,531903,531933,531994,532019,biphasic_positive_negative
202,1619,532270,1478.5277777777778,NORMAL,N,,,,532253,532282,532332,532358,532385,normal
202,1620,532590,1479.4166666666667,NORMAL,N,,,,532572,532601,532645,532674,532726,normal
202,1621,532804,1480.0111111111112,NORMAL,N,,,,532785,532832,532848,532883,532911,normal
202,1622,533080,1480.7777777777778,NORMAL,N,,,,533061,533097,533142,533164,533201,normal
202,1623,533287,1481.3527777777779,NORMAL,N,,,,533271,533313,533334,533365,533387,normal
202,1624,533591,1482.1972222222223,NORMAL,N,,,,533571,533612,533620,533671,533719,normal
202,1625,533818,1482.8277777777778,NORMAL,N,,,,533793,533841,533858,533894,533926,normal
202,1626,533963,1483.2305555555556,NORMAL,N,,,,533943,533991,534017,534039,534065,normal
202,1627,534122,1483.6722222222222,NORMAL,N,,,,534105,534146,,,,
202,1628,534359,1484.3305555555555,NORMAL,N,,,,534339,534381,534422,534450,534482,normal
202,1629,534546,1484.85,NORMAL,N,,,,534527,534567,534590,534657,534681,biphasic_positive_negative
202,1630,534824,1485.6222222222223,NORMAL,N,,,,534807,534849,534889,534910,534930,normal
202,1631,535001,1486.1138888888888,NORMAL,N,,,,534983,535029,535067,535087,535109,normal
202,1632,535249,1486.8027777777777,NORMAL,N,,,,535227,535269,535271,535337,535362,biphasic_negative_positive
202,1633,535573,1487.7027777777778,NORMAL,N,,,,535551,535599,,,,
202,1634,535903,1488.6194444444445,NORMAL,N,,,,535881,535929,535965,535987,536009,normal
202,1635,536091,1489.1416666666667,NORMAL,N,,,,536075,536114,536144,536167,536196,normal
202,1636,536247,1489.575,NORMAL,N,,,,536230,536276,536284,536325,536349,normal
202,1637,536423,1490.0638888888889,NORMAL,N,,,,536403,536445,536493,536513,536532,normal
202,1638,536736,1490.9333333333334,NORMAL,N,,,,536715,536747,536804,536833,536851,normal
202,1639,536984,1491.6222222222223,NORMAL,N,,,,536967,537009,,,,
202,1640,537204,1492.2333333333333,NORMAL,N,,,,537188,537231,537257,537287,537306,normal
202,1641,537402,1492.7833333333333,NORMAL,N,,,,537374,537430,537437,537478,537494,normal
202,1642,537674,1493.5388888888888,NORMAL,N,,,,537656,537684,537730,537758,537784,normal
202,1643,537934,1494.2611111111112,NORMAL,N,,,,537909,537951,537971,538018,538045,biphasic_negative_positive
202,1644,538095,1494.7083333333333,NORMAL,N,,,,538070,538119,538150,538171,538186,normal
202,1645,538302,1495.2833333333333,NORMAL,N,,,,538286,538323,538362,538385,538411,normal
202,1646,538488,1495.8,NORMAL,N,,,,538466,538509,538525,538569,538594,normal
202,1647,538739,1496.4972222222223,NORMAL,N,,,,538719,538761,538811,538866,538900,biphasic_positive_negative
202,1648,538983,1497.175,NORMAL,N,,,,538964,539006,539030,539061,539089,normal
202,1649,539281,1498.0027777777777,NORMAL,N,,,,539264,539306,539330,539394,539405,biphasic_positive_negative
202,1650,539588,1498.8555555555556,NORMAL,N,,,,539570,539598,539656,539712,539734,biphasic_positive_negative
202,1651,539843,1499.5638888888889,NORMAL,N,,,,539823,539853,539895,539922,539951,normal
202,1652,540053,1500.1472222222221,NORMAL,N,,,,540032,540069,540102,540131,540159,normal
202,1653,540197,1500.5472222222222,NORMAL,N,,,,540176,540219,540237,540272,540294,normal
202,1654,540506,1501.4055555555556,NORMAL,N,,,,540489,540515,540582,540598,540616,normal
202,1655,540790,1502.1944444444443,NORMAL,N,,,,540764,540800,540827,540912,540932,biphasic_positive_negative
202,1656,541137,1503.1583333333333,NORMAL,N,,,,541119,541147,541206,541269,541283,biphasic_positive_negative
202,1657,541371,1503.8083333333334,NORMAL,N,,,,541352,541381,541420,541502,541529,biphasic_positive_negative
202,1658,541676,1504.6555555555556,NORMAL,N,,,,541652,541687,541716,541758,541779,normal
202,1659,541955,1505.4305555555557,NORMAL,N,,,,541935,541976,541988,542026,542050,normal
202,1660,542244,1506.2333333333333,NORMAL,N,,,,542228,542270,542278,542321,542350,normal
202,1661,542430,1506.75,NORMAL,N,,,,542402,542450,542484,542551,542565,biphasic_positive_negative
202,1662,542797,1507.7694444444444,NORMAL,N,,,,542780,542822,542849,542929,542942,biphasic_positive_negative
202,1663,543037,1508.4361111111111,NORMAL,N,,,,543020,543062,543095,543121,543154,normal
202,1664,543285,1509.125,NORMAL,N,,,,543268,543295,543329,543374,543409,normal
202,1665,543470,1509.638888888889,NORMAL,N,,,,543452,543494,543520,543552,543579,normal
202,1666,543675,1510.2083333333333,NORMAL,N,,,,543656,543693,543734,543759,543786,normal
202,1667,543898,1510.8277777777778,NORMAL,N,,,,543872,543926,543931,543974,544004,normal
202,1668,544110,1511.4166666666667,NORMAL,N,,,,544088,544142,544155,544189,544212,normal
202,1669,544338,1512.05,NORMAL,N,,,,544321,544348,544379,544414,544435,normal
202,1670,544606,1512.7944444444445,NORMAL,N,,,,544580,544623,544641,544708,544721,biphasic_positive_negative
202,1671,544849,1513.4694444444444,NORMAL,N,,,,544821,544880,544899,544928,544951,normal
202,1672,545002,1513.8944444444444,NORMAL,N,,,,544982,545024,545052,545082,545110,normal
202,1673,545302,1514.7277777777779,NORMAL,N,,,,545276,545313,545359,545401,545414,biphasic_negative_positive
202,1674,545560,1515.4444444444443,NORMAL,N,,,,545540,545571,545612,545642,545669,normal
202,1675,545787,1516.075,NORMAL,N,,,,545768,545810,545839,545868,545896,normal
202,1676,546047,1516.7972222222222,NORMAL,N,,,,546020,546057,546103,546172,546185,biphasic_positive_negative
202,1677,546287,1517.463888888889,NORMAL,N,,,,546271,546297,546337,546365,546396,normal
202,1678,546532,1518.1444444444444,NORMAL,N,,,,546516,546542,546583,546667,546681,biphasic_positive_negative
202,1679,546775,1518.8194444444443,NORMAL,N,,,,546759,546806,546821,546872,546879,biphasic_positive_negative
202,1680,547072,1519.6444444444444,NORMAL,N,,,,547056,547082,547129,547191,547215,biphasic_positive_negative
202,1681,547350,1520.4166666666667,NORMAL,N,,,,547334,547361,547389,547434,547458,normal
202,1682,547530,1520.9166666666667,NORMAL,N,,,,547514,547555,547577,547642,547661,biphasic_positive_negative
202,1683,547799,1521.6638888888888,NORMAL,N,,,,547783,547810,547866,547888,547911,normal
202,1684,548093,1522.4805555555556,NORMAL,N,,,,548078,548103,548150,548173,548204,normal
202,1685,548267,1522.963888888889,NORMAL,N,,,,548250,548293,548318,548346,548380,normal
202,1686,548558,1523.7722222222221,NORMAL,N,,,,548542,548568,548621,548645,548668,normal
202,1687,548760,1524.3333333333333,NORMAL,N,,,,548743,548786,548795,548835,548871,normal
202,1688,549008,1525.0222222222221,NORMAL,N,,,,548992,549017,549040,549089,549122,biphasic_negative_positive
202,1689,549176,1525.4888888888888,NORMAL,N,,,,549160,549199,549227,549253,549280,normal
202,1690,549406,1526.1277777777777,NORMAL,N,,,,549390,549426,549462,549491,549520,normal
202,1691,549681,1526.8916666666667,NORMAL,N,,,,549662,549698,549753,549771,549823,normal
202,1692,549942,1527.6166666666666,NORMAL,N,,,,549919,549953,549980,550024,550070,normal
202,1693,550155,1528.2083333333333,NORMAL,N,,,,550139,550164,550204,550249,550269,biphasic_positive_negative
202,1694,550328,1528.6888888888889,NORMAL,N,,,,550309,550339,550399,550400,550429,normal
202,1695,550505,1529.1805555555557,NORMAL,N,,,,550484,550531,550544,550584,550631,biphasic_negative_positive
202,1696,550708,1529.7444444444445,NORMAL,N,,,,550693,550724,550757,550777,550792,normal
202,1697,550868,1530.1888888888889,NORMAL,N,,,,550852,550877,,,,
202,1698,551033,1530.6472222222221,NORMAL,N,,,,551018,551053,551084,551101,551127,inverted
202,1699,551196,1531.1,NORMAL,N,,,,551179,551227,551242,551254,551277,inverted
202,1700,551357,1531.5472222222222,NORMAL,N,,,,551336,551383,551395,551413,551440,inverted
202,1701,551519,1531.9972222222223,NORMAL,N,,,,551498,551545,551558,551606,551630,biphasic_negative_positive
202,1702,551688,1532.4666666666667,NORMAL,N,,,,551665,551698,551725,551779,551802,biphasic_negative_positive
202,1703,551859,1532.9416666666666,NORMAL,N,,,,551840,551887,551905,551955,551975,biphasic_negative_positive
202,1704,552034,1533.4277777777777,NORMAL,N,,,,552014,552067,552079,552097,552124,inverted
202,1705,552197,1533.8805555555555,NORMAL,N,,,,552181,552229,552250,552265,552292,inverted
202,1706,552366,1534.35,NORMAL,N,,,,552349,552392,552417,552432,552459,inverted
202,1707,552526,1534.7944444444445,NORMAL,N,,,,552506,552536,552582,552595,552628,inverted
202,1708,552688,1535.2444444444445,NORMAL,N,,,,552673,552697,552737,552756,552789,inverted
202,1709,552851,1535.6972222222223,NORMAL,N,,,,552835,552861,552902,552918,552952,inverted
202,1710,553013,1536.1472222222221,NORMAL,N,,,,552997,553023,553064,553083,553118,inverted
202,1711,553178,1536.6055555555556,NORMAL,N,,,,553162,553189,553229,553248,553286,inverted
202,1712,553341,1537.0583333333334,NORMAL,N,,,,553325,553357,553386,553406,553448,inverted
202,1713,553505,1537.513888888889,NORMAL,N,,,,553490,553531,553561,553580,553616,inverted
202,1714,553678,1537.9944444444445,NORMAL,N,,,,553657,553689,553737,553751,553787,inverted
202,1715,553847,1538.463888888889,NORMAL,N,,,,553831,553857,553902,553917,553952,inverted
202,1716,554022,1538.95,NORMAL,N,,,,554005,554033,554082,554095,554125,inverted
202,1717,554199,1539.4416666666666,NORMAL,N,,,,554180,554233,554243,554267,554293,inverted
202,1718,554374,1539.9277777777777,NORMAL,N,,,,554354,554395,554429,554445,554474,inverted
202,1719,554561,1540.4472222222223,NORMAL,N,,,,554540,554581,554598,554646,554700,biphasic_negative_positive
202,1720,554804,1541.1222222222223,NORMAL,N,,,,554785,554815,554837,554893,554943,biphasic_negative_positive
202,1721,555018,1541.7166666666667,NORMAL,N,,,,555004,555037,555089,555106,555131,inverted
202,1722,555187,1542.1861111111111,NORMAL,N,,,,555172,555197,555245,555255,555288,inverted
202,1723,555344,1542.6222222222223,NORMAL,N,,,,555327,555353,555388,555411,555451,inverted
202,1724,555503,1543.0638888888889,NORMAL,N,,,,555488,555513,555553,555573,555609,inverted
202,1725,555666,1543.5166666666667,NORMAL,N,,,,555641,555697,555714,555731,555758,inverted
202,1726,555821,1543.9472222222223,NORMAL,N,,,,555805,555853,555874,555888,555917,inverted
202,1727,555983,1544.3972222222221,NORMAL,N,,,,555967,555993,556037,556052,556084,inverted
202,1728,556154,1544.8722222222223,NORMAL,N,,,,556136,556163,556206,556223,556255,inverted
202,1729,556325,1545.3472222222222,NORMAL,N,,,,556309,556336,556376,556398,556431,inverted
202,1730,556501,1545.8361111111112,NORMAL,N,,,,556485,556512,556555,556574,556606,inverted
202,1731,556673,1546.3138888888889,NORMAL,N,,,,556657,556698,556725,556741,556769,inverted
202,1732,556839,1546.775,NORMAL,N,,,,556821,556849,556894,556908,556935,inverted
202,1733,557005,1547.236111111111,NORMAL,N,,,,556988,557014,557050,557071,557097,inverted
202,1734,557163,1547.675,NORMAL,N,,,,557149,557173,557210,557227,557251,inverted
202,1735,557318,1548.1055555555556,NORMAL,N,,,,557299,557329,557365,557385,557412,inverted
202,1736,557475,1548.5416666666667,NORMAL,N,,,,557460,557485,557523,557538,557564,inverted
202,1737,557631,1548.975,NORMAL,N,,,,557606,557648,557675,557696,557722,inverted
202,1738,557791,1549.4194444444445,NORMAL,N,,,,557773,557827,557839,557854,557879,inverted
202,1739,557947,1549.8527777777779,NORMAL,N,,,,557930,557956,557994,558012,558038,inverted
202,1740,558111,1550.3083333333334,NORMAL,N,,,,558092,558122,558164,558180,558210,inverted
202,1741,558279,1550.775,NORMAL,N,,,,558253,558301,558320,558348,558379,inverted
202,1742,558449,1551.2472222222223,NORMAL,N,,,,558432,558480,558500,558519,558548,inverted
202,1743,558622,1551.7277777777779,NORMAL,N,,,,558595,558649,558672,558689,558715,inverted
202,1744,558788,1552.1888888888889,NORMAL,N,,,,558769,558797,558837,558855,558880,inverted
202,1745,558952,1552.6444444444444,NORMAL,N,,,,558925,558962,558998,559020,559048,inverted
202,1746,559116,1553.1,NORMAL,N,,,,559099,559147,559155,559181,559208,inverted
202,1747,559274,1553.5388888888888,NORMAL,N,,,,559255,559291,559316,559337,559364,inverted
202,1748,559431,1553.975,NORMAL,N,,,,559412,559459,559475,559493,559517,inverted
202,1749,559586,1554.4055555555556,NORMAL,N,,,,559567,559614,559630,559649,559674,inverted
202,1750,559744,1554.8444444444444,NORMAL,N,,,,559728,559754,559781,559807,559833,inverted
202,1751,559902,1555.2833333333333,NORMAL,N,,,,559885,559931,559948,559968,559994,inverted
202,1752,560062,1555.7277777777779,NORMAL,N,,,,560046,560083,560109,560126,560155,inverted
202,1753,560227,1556.1861111111111,NORMAL,N,,,,560209,560251,560281,560298,560325,inverted
202,1754,560396,1556.6555555555556,NORMAL,N,,,,560377,560407,560438,560462,560487,inverted
202,1755,560560,1557.111111111111,NORMAL,N,,,,560539,560586,560607,560625,560653,inverted
202,1756,560727,1557.575,NORMAL,N,,,,560712,560761,560773,560794,560820,inverted
202,1757,560891,1558.0305555555556,NORMAL,N,,,,560875,560923,560941,560957,560984,inverted
202,1758,561058,1558.4944444444445,NORMAL,N,,,,561037,561068,561107,561123,561152,inverted
202,1759,561222,1558.95,NORMAL,N,,,,561205,561241,561266,561284,561311,inverted
202,1760,561381,1559.3916666666667,NORMAL,N,,,,561355,561398,561422,561446,561476,inverted
202,1761,561542,1559.838888888889,NORMAL,N,,,,561517,561570,561586,561605,561630,inverted
202,1762,561697,1560.2694444444444,NORMAL,N,,,,561679,561727,561743,561759,561784,inverted
202,1763,561854,1560.7055555555555,NORMAL,N,,,,561835,561877,561896,561916,561941,inverted
202,1764,562011,1561.1416666666667,NORMAL,N,,,,561985,562021,562054,562070,562095,inverted
202,1765,562166,1561.5722222222223,NORMAL,N,,,,562147,562195,562209,562227,562254,inverted
202,1766,562327,1562.0194444444444,NORMAL,N,,,,562309,562356,562364,562390,562413,inverted
202,1767,562488,1562.4666666666667,NORMAL,N,,,,562471,562513,562527,562545,562572,inverted
202,1768,562638,1562.8833333333334,NORMAL,N,,,,562621,562675,562690,562703,562730,inverted
202,1769,562803,1563.3416666666667,NORMAL,N,,,,562783,562830,562843,562867,562895,inverted
202,1770,562967,1563.7972222222222,NORMAL,N,,,,562949,562998,563004,563032,563064,inverted
202,1771,563134,1564.2611111111112,NORMAL,N,,,,563118,563145,563180,563203,563234,inverted
202,1772,563301,1564.725,NORMAL,N,,,,563281,563334,563349,563366,563396,inverted
202,1773,563458,1565.161111111111,NORMAL,N,,,,563443,563484,563502,563521,563551,inverted
202,1774,563615,1565.5972222222222,NORMAL,N,,,,563599,563646,563663,563678,563705,inverted
202,1775,563765,1566.013888888889,NORMAL,N,,,,563749,563785,,,,
202,1776,563914,1566.4277777777777,NORMAL,N,,,,563899,563935,563958,563976,564010,inverted
202,1777,564068,1566.8555555555556,NORMAL,N,,,,564049,564086,564112,564131,564166,inverted
202,1778,564221,1567.2805555555556,NORMAL,N,,,,564204,564247,,,,
202,1779,564379,1567.7194444444444,NORMAL,N,,,,564361,564397,,,,
202,1780,564531,1568.1416666666667,NORMAL,N,,,,564516,564547,564578,564595,564636,inverted
202,1781,564693,1568.5916666666667,NORMAL,N,,,,564673,564703,564739,564760,564801,inverted
202,1782,564858,1569.05,NORMAL,N,,,,564840,564876,,,,
202,1783,565027,1569.5194444444444,NORMAL,N,,,,565010,565038,565070,565096,565135,inverted
202,1784,565194,1569.9833333333333,NORMAL,N,,,,565177,565207,565239,565259,565302,inverted
202,1785,565360,1570.4444444444443,NORMAL,N,,,,565343,565392,,,,
202,1786,565517,1570.8805555555555,NORMAL,N,,,,565500,565537,565539,565582,565620,inverted
202,1787,565677,1571.325,NORMAL,N,,,,565661,565687,565720,565739,565775,inverted
202,1788,565831,1571.7527777777777,NORMAL,N,,,,565813,565842,565873,565892,565927,inverted
202,1789,565984,1572.1777777777777,NORMAL,N,,,,565969,566016,566025,566046,566079,inverted
202,1790,566135,1572.5972222222222,NORMAL,N,,,,566119,566147,,,,
202,1791,566290,1573.0277777777778,NORMAL,N,,,,566275,566311,566332,566352,566386,inverted
202,1792,566446,1573.4611111111112,NORMAL,N,,,,566431,566456,,566505,566531,positive_monophasic
202,1793,566604,1573.9,NORMAL,N,,,,566587,566640,,566658,566684,positive_monophasic
202,1794,566761,1574.3361111111112,NORMAL,N,,,,566743,566796,566825,566845,566863,normal
202,1795,566924,1574.7888888888888,NORMAL,N,,,,566898,566953,566977,567005,567012,biphasic_negative_positive
202,1796,567155,1575.4305555555557,NORMAL,N,,,,567133,567192,567222,567243,567266,normal
202,1797,567383,1576.0638888888889,NORMAL,N,,,,567361,567409,567437,567471,567485,biphasic_negative_positive
202,1798,567640,1576.7777777777778,NORMAL,N,,,,567619,567673,567706,567726,567745,normal
202,1799,567863,1577.3972222222221,NORMAL,N,,,,567846,567894,,,,
202,1800,568073,1577.9805555555556,NORMAL,N,,,,568051,568093,568128,568156,568173,normal
202,1801,568353,1578.7583333333334,NORMAL,N,,,,568327,568362,568420,568440,568458,normal
202,1802,568584,1579.4,NORMAL,N,,,,568567,568608,568647,568664,568683,normal
202,1803,568772,1579.9222222222222,NORMAL,N,,,,568753,568795,568813,568847,568871,normal
202,1804,569066,1580.7388888888888,NORMAL,N,,,,569048,569084,569102,569142,569156,normal
202,1805,569313,1581.425,NORMAL,N,,,,569287,569323,569375,569400,569428,normal
202,1806,569507,1581.963888888889,NORMAL,N,,,,569485,569532,569566,569589,569622,normal
202,1807,569893,1583.036111111111,NORMAL,N,,,,569875,569911,569943,569970,569996,normal
202,1808,570144,1583.7333333333333,PVC,V,,,,570103,570232,570256,570288,570310,inverted
202,1809,570464,1584.6222222222223,NORMAL,N,,,,570444,570474,570543,570565,570579,inverted
202,1810,570719,1585.3305555555555,NORMAL,N,,,,570691,570744,570761,570795,570812,normal
202,1811,570910,1585.861111111111,NORMAL,N,,,,570888,570930,570950,570986,571009,normal
202,1812,571243,1586.786111111111,NORMAL,N,,,,571224,571261,571318,571335,571362,normal
202,1813,571518,1587.55,NORMAL,N,,,,571500,571548,571560,571595,571622,normal
202,1814,571797,1588.325,NORMAL,N,,,,571776,571820,571849,571877,571901,normal
202,1815,572050,1589.0277777777778,NORMAL,N,,,,572023,572059,572079,572124,572143,normal
202,1816,572256,1589.6,NORMAL,N,,,,572237,572266,572300,572328,572361,normal
202,1817,572407,1590.0194444444444,NORMAL,N,,,,572388,572436,572445,572478,572498,normal
202,1818,572628,1590.6333333333334,NORMAL,N,,,,572605,572647,572684,572734,572762,biphasic_positive_negative
202,1819,572839,1591.2194444444444,NORMAL,N,,,,572820,572848,572894,572917,572947,normal
202,1820,573211,1592.2527777777777,NORMAL,N,,,,573192,573222,573285,573302,573331,normal
202,1821,573425,1592.8472222222222,NORMAL,N,,,,573407,573444,573492,573509,573532,normal
202,1822,573667,1593.5194444444444,NORMAL,N,,,,573648,573684,573714,573778,573793,biphasic_positive_negative
202,1823,573921,1594.225,NORMAL,N,,,,573900,573931,573955,573987,574018,normal
202,1824,574122,1594.7833333333333,NORMAL,N,,,,574104,574140,574172,574199,574230,normal
202,1825,574361,1595.4472222222223,NORMAL,N,,,,574343,574386,574415,574438,574463,normal
202,1826,574587,1596.075,NORMAL,N,,,,574566,574614,574628,574689,574711,biphasic_positive_negative
202,1827,574845,1596.7916666666667,NORMAL,N,,,,574824,574854,574879,574972,574989,biphasic_positive_negative
202,1828,575098,1597.4944444444445,NORMAL,N,,,,575076,575124,575151,575175,575206,normal
202,1829,575295,1598.0416666666667,NORMAL,N,,,,575279,575321,575346,575374,575398,normal
202,1830,575468,1598.5222222222221,NORMAL,N,,,,575448,575490,575517,575546,575568,normal
202,1831,575703,1599.175,NORMAL,N,,,,575682,575724,575742,575788,575814,normal
202,1832,575983,1599.9527777777778,NORMAL,N,,,,575963,576006,576026,576067,576094,normal
202,1833,576239,1600.6638888888888,NORMAL,N,,,,576216,576263,576286,576322,576352,normal
202,1834,576388,1601.0777777777778,NORMAL,N,,,,576371,576413,576439,576467,576488,normal
202,1835,576705,1601.9583333333333,NORMAL,N,,,,576678,576726,576754,576790,576809,normal
202,1836,576945,1602.625,NORMAL,N,,,,576918,576954,576979,577012,577041,normal
202,1837,577117,1603.1027777777779,NORMAL,N,,,,577097,577145,577169,577191,577221,normal
202,1838,577391,1603.8638888888888,NORMAL,N,,,,577373,577409,577456,577474,577500,normal
202,1839,577640,1604.5555555555557,NORMAL,N,,,,577613,577650,577696,577753,577771,biphasic_positive_negative
202,1840,577892,1605.2555555555555,NORMAL,N,,,,577872,577902,577930,577963,577991,normal
202,1841,578234,1606.2055555555555,NORMAL,N,,,,578213,578255,578279,578320,578359,normal
202,1842,578482,1606.8944444444444,NORMAL,N,,,,578466,578507,578518,578562,578589,biphasic_negative_positive
202,1843,578781,1607.725,NORMAL,N,,,,578760,578791,578810,578855,578887,normal
202,1844,578972,1608.2555555555555,NORMAL,N,,,,578957,578988,579019,579046,579072,normal
202,1845,579160,1608.7777777777778,NORMAL,N,,,,579138,579180,579195,579232,579245,normal
202,1846,579438,1609.55,NORMAL,N,,,,579420,579461,579482,579518,579542,normal
202,1847,579751,1610.4194444444445,NORMAL,N,,,,579731,579768,579804,579867,579897,biphasic_positive_negative
202,1848,580082,1611.338888888889,NORMAL,N,,,,580056,580103,580141,580205,580227,biphasic_positive_negative
202,1849,580340,1612.0555555555557,NORMAL,N,,,,580319,580367,580383,580417,580440,normal
202,1850,580587,1612.7416666666666,NORMAL,N,,,,580565,580614,,,,
202,1851,580728,1613.1333333333334,NORMAL,N,,,,580710,580757,580776,580810,580835,normal
202,1852,580998,1613.8833333333334,NORMAL,N,,,,580983,581016,581036,581098,581121,biphasic_positive_negative
202,1853,581184,1614.4,NORMAL,N,,,,581165,581213,581221,581277,581286,biphasic_positive_negative
202,1854,581399,1614.9972222222223,NORMAL,N,,,,581381,581423,581430,581519,581542,biphasic_positive_negative
202,1855,581697,1615.825,NORMAL,N,,,,581680,581707,,,,
202,1856,581924,1616.4555555555555,NORMAL,N,,,,581904,581945,581980,582006,582039,normal
202,1857,582200,1617.2222222222222,NORMAL,N,,,,582180,582221,582257,582285,582314,normal
202,1858,582374,1617.7055555555555,NORMAL,N,,,,582347,582402,,,,
202,1859,582527,1618.1305555555555,NORMAL,N,,,,582509,582539,,,,
202,1860,582667,1618.5194444444444,NORMAL,N,,,,582642,582696,582711,582749,582768,normal
202,1861,582836,1618.9888888888888,NORMAL,N,,,,582816,582853,582906,582923,582937,normal
202,1862,583059,1619.6083333333333,NORMAL,N,,,,583038,583085,583096,583137,583151,normal
202,1863,583268,1620.1888888888889,NORMAL,N,,,,583248,583290,583312,583352,583383,normal
202,1864,583487,1620.7972222222222,NORMAL,N,,,,583470,583512,,,,
202,1865,583694,1621.3722222222223,NORMAL,N,,,,583668,583710,583729,583783,583821,normal
202,1866,584053,1622.3694444444445,NORMAL,N,,,,584033,584064,584099,584145,584170,normal
202,1867,584318,1623.1055555555556,NORMAL,N,,,,584298,584340,584363,584388,584419,normal
202,1868,584618,1623.9388888888889,NORMAL,N,,,,584601,584628,584660,584749,584766,biphasic_positive_negative
202,1869,584878,1624.661111111111,NORMAL,N,,,,584861,584904,584920,584959,584982,normal
202,1870,585080,1625.2222222222222,NORMAL,N,,,,585060,585102,585114,585153,585174,normal
202,1871,585309,1625.8583333333333,NORMAL,N,,,,585288,585341,585365,585386,585410,normal
202,1872,585468,1626.3,NORMAL,N,,,,585451,585491,585499,585537,585557,normal
202,1873,585621,1626.725,NORMAL,N,,,,585601,585653,585657,585696,585712,normal
202,1874,585816,1627.2666666666667,NORMAL,N,,,,585798,585827,585866,585897,585922,normal
202,1875,586040,1627.888888888889,NORMAL,N,,,,586020,586067,586092,586127,586150,normal
202,1876,586258,1628.4944444444445,NORMAL,N,,,,586235,586283,586312,586344,586386,normal
202,1877,586523,1629.2305555555556,NORMAL,N,,,,586506,586534,586590,586613,586642,normal
202,1878,586703,1629.7305555555556,NORMAL,N,,,,586686,586727,586748,586782,586803,normal
202,1879,586873,1630.2027777777778,NORMAL,N,,,,586854,586896,586914,586952,586974,normal
202,1880,587134,1630.9277777777777,NORMAL,N,,,,587118,587154,587201,587217,587238,normal
202,1881,587297,1631.3805555555555,NORMAL,N,,,,587280,587309,587360,587377,587408,normal
202,1882,587591,1632.1972222222223,NORMAL,N,,,,587574,587628,,,,
202,1883,587799,1632.775,NORMAL,N,,,,587779,587832,587859,587889,587916,normal
202,1884,588045,1633.4583333333333,NORMAL,N,587973,587978,588007,588024,588071,588096,588126,588153,normal
202,1885,588391,1634.4194444444445,NORMAL,N,,,,588372,588401,588445,588473,588500,normal
202,1886,588718,1635.3277777777778,NORMAL,N,,,,588696,588739,588781,588803,588835,normal
202,1887,589041,1636.225,NORMAL,N,,,,589020,589068,589094,589122,589157,normal
202,1888,589315,1636.986111111111,NORMAL,N,,,,589296,589325,589358,589426,589436,biphasic_positive_negative
202,1889,589543,1637.6194444444445,NORMAL,N,,,,589527,589553,589595,589659,589680,biphasic_positive_negative
202,1890,589753,1638.2027777777778,NORMAL,N,,,,589734,589776,589801,589830,589853,normal
202,1891,589971,1638.8083333333334,NORMAL,N,,,,589950,589987,590008,590042,590063,normal
202,1892,590314,1639.7611111111112,NORMAL,N,,,,590292,590324,590353,590440,590472,biphasic_positive_negative
202,1893,590573,1640.4805555555556,NORMAL,N,,,,590550,590604,590622,590659,590682,normal
202,1894,590791,1641.0861111111112,NORMAL,N,,,,590772,590809,590840,590869,590896,normal
202,1895,591051,1641.8083333333334,NORMAL,N,,,,591030,591061,591100,591132,591161,normal
202,1896,591219,1642.275,NORMAL,N,,,,591198,591246,591278,591301,591325,normal
202,1897,591537,1643.1583333333333,NORMAL,N,,,,591516,591564,591587,591648,591681,biphasic_positive_negative
202,1898,591755,1643.763888888889,NORMAL,N,,,,591738,591786,591805,591836,591857,normal
202,1899,591986,1644.4055555555556,NORMAL,N,,,,591966,591995,592024,592090,592109,biphasic_positive_negative
202,1900,592234,1645.0944444444444,NORMAL,N,,,,592207,592254,592294,592340,592364,biphasic_positive_negative
202,1901,592622,1646.1722222222222,NORMAL,N,,,,592602,592633,592675,592711,592738,normal
202,1902,592892,1646.9222222222222,NORMAL,N,,,,592875,592910,592930,592973,592994,normal
202,1903,593145,1647.625,NORMAL,N,,,,593127,593155,593184,593226,593250,normal
202,1904,593422,1648.3944444444444,NORMAL,N,,,,593406,593442,593477,593502,593530,normal
202,1905,593668,1649.0777777777778,NORMAL,N,,,,593647,593695,593713,593745,593773,normal
202,1906,593861,1649.6138888888888,NORMAL,N,,,,593844,593870,593914,593937,593962,normal
202,1907,594099,1650.275,NORMAL,N,,,,594083,594108,594160,594180,594196,normal
202,1908,594267,1650.7416666666666,NORMAL,N,,,,594241,594294,594299,594346,594368,normal
202,1909,594474,1651.3166666666666,NORMAL,N,,,,594457,594500,594537,594555,594577,normal
202,1910,594716,1651.9888888888888,NORMAL,N,,,,594698,594726,594765,594801,594830,normal
202,1911,595056,1652.9333333333334,NORMAL,N,,,,595039,595067,595123,595145,595174,normal
202,1912,595280,1653.5555555555557,NORMAL,N,,,,595261,595298,595323,595360,595383,normal
202,1913,595480,1654.111111111111,NORMAL,N,,,,595458,595490,595516,595554,595582,normal
202,1914,595811,1655.0305555555556,NORMAL,N,,,,595788,595821,595849,595917,595945,normal
202,1915,596020,1655.611111111111,NORMAL,N,,,,596004,596040,596067,596126,596144,biphasic_positive_negative
202,1916,596279,1656.3305555555555,NORMAL,N,,,,596262,596289,596323,596358,596389,normal
202,1917,596504,1656.9555555555555,NORMAL,N,,,,596485,596514,596552,596584,596608,normal
202,1918,596713,1657.536111111111,NORMAL,N,,,,596695,596722,,,,
202,1919,596849,1657.9138888888888,NORMAL,N,,,,596832,596892,596901,596929,596955,normal
202,1920,597145,1658.736111111111,NORMAL,N,,,,597120,597163,597211,597246,597270,normal
202,1921,597413,1659.4805555555556,NORMAL,N,,,,597385,597445,597455,597492,597515,normal
202,1922,597664,1660.1777777777777,NORMAL,N,,,,597647,597685,,,,
202,1923,597957,1660.9916666666666,NORMAL,N,,,,597936,597968,598022,598080,598108,biphasic_positive_negative
202,1924,598229,1661.7472222222223,NORMAL,N,,,,598212,598254,598275,598308,598331,normal
202,1925,598432,1662.3111111111111,NORMAL,N,,,,598405,598441,598476,598552,598568,biphasic_positive_negative
202,1926,598683,1663.0083333333334,NORMAL,N,,,,598657,598700,598720,598751,598783,normal
202,1927,598852,1663.4777777777779,NORMAL,N,,,,598825,598873,598889,598929,598952,normal
202,1928,599195,1664.4305555555557,NORMAL,N,,,,599167,599206,599265,599291,599312,normal
202,1929,599390,1664.9722222222222,NORMAL,N,,,,599371,599408,599449,599476,599516,normal
202,1930,599627,1665.6305555555555,NORMAL,N,,,,599604,599653,,,,
202,1931,599797,1666.1027777777779,NORMAL,N,,,,599779,599826,599864,599882,599909,normal
202,1932,600067,1666.8527777777779,NORMAL,N,,,,600049,600086,600116,600156,600175,normal
202,1933,600356,1667.6555555555556,NORMAL,N,,,,600331,600374,600387,600435,600456,normal
202,1934,600611,1668.3638888888888,NORMAL,N,,,,600595,600630,600669,600724,600741,biphasic_positive_negative
202,1935,600830,1668.9722222222222,NORMAL,N,,,,600810,600847,600875,600936,600960,biphasic_positive_negative
202,1936,601092,1669.7,NORMAL,N,,,,601075,601116,601133,601173,601207,normal
202,1937,601466,1670.7388888888888,NORMAL,N,,,,601446,601476,601553,601588,601605,inverted
202,1938,601726,1671.4611111111112,NORMAL,N,,,,601705,601754,601775,601811,601837,normal
202,1939,601958,1672.1055555555556,NORMAL,N,,,,601939,601979,602004,602086,602119,biphasic_positive_negative
202,1940,602214,1672.8166666666666,NORMAL,N,,,,602186,602232,602269,602295,602323,normal
202,1941,602371,1673.2527777777777,NORMAL,N,,,,602353,602394,602418,602482,602497,biphasic_positive_negative
202,1942,602665,1674.0694444444443,NORMAL,N,,,,602647,602683,602718,602755,602775,normal
202,1943,602894,1674.7055555555555,NORMAL,N,,,,602876,602923,602936,602993,603008,biphasic_positive_negative
202,1944,603154,1675.4277777777777,NORMAL,N,,,,603138,603170,603218,603236,603256,normal
202,1945,603461,1676.2805555555556,NORMAL,N,,,,603438,603471,603500,603545,603582,normal
202,1946,603659,1676.8305555555555,NORMAL,N,,,,603638,603684,603723,603741,603779,normal
202,1947,604004,1677.7888888888888,NORMAL,N,,,,603987,604014,604083,604095,604117,normal
202,1948,604212,1678.3666666666666,NORMAL,N,,,,604189,604221,604256,604291,604322,normal
202,1949,604407,1678.9083333333333,NORMAL,N,,,,604390,604416,604447,604507,604517,biphasic_positive_negative
202,1950,604668,1679.6333333333334,NORMAL,N,,,,604645,604692,604723,604753,604774,normal
202,1951,604891,1680.2527777777777,NORMAL,N,,,,604875,604915,,,,
202,1952,605015,1680.5972222222222,ABERR,a,,,,604999,605050,605085,605113,605140,normal
202,1953,605260,1681.2777777777778,NORMAL,N,,,,605239,605280,605309,605347,605364,normal
202,1954,605432,1681.7555555555555,NORMAL,N,,,,605415,605454,605483,605512,605536,normal
202,1955,605689,1682.4694444444444,NORMAL,N,,,,605670,605708,605761,605785,605805,normal
202,1956,605957,1683.213888888889,NORMAL,N,,,,605935,605968,606016,606075,606094,biphasic_positive_negative
202,1957,606224,1683.9555555555555,NORMAL,N,,,,606208,606234,606279,606304,606332,normal
202,1958,606565,1684.9027777777778,NORMAL,N,,,,606548,606575,606592,606659,606686,normal
202,1959,606776,1685.4888888888888,NORMAL,N,,,,606756,606798,,,,
202,1960,607046,1686.2388888888888,NORMAL,N,,,,607026,607056,607094,607126,607147,normal
202,1961,607268,1686.8555555555556,NORMAL,N,,,,607248,607278,607303,607340,607365,normal
202,1962,607466,1687.4055555555556,NORMAL,N,,,,607447,607494,607519,607543,607572,normal
202,1963,607659,1687.9416666666666,NORMAL,N,,,,607638,607691,607704,607730,607760,normal
202,1964,607856,1688.4888888888888,NORMAL,N,,,,607836,607889,607905,607970,607986,biphasic_positive_negative
202,1965,608186,1689.4055555555556,NORMAL,N,,,,608166,608196,608243,608276,608301,normal
202,1966,608360,1689.888888888889,NORMAL,N,,,,608340,608388,608420,608445,608476,normal
202,1967,608555,1690.4305555555557,NORMAL,N,,,,608538,608586,608618,608640,608669,normal
202,1968,608831,1691.1972222222223,NORMAL,N,,,,608808,608856,608886,608913,608961,normal
202,1969,609070,1691.861111111111,NORMAL,N,,,,609049,609096,609125,609174,609191,biphasic_positive_negative
202,1970,609267,1692.4083333333333,NORMAL,N,,,,609247,609278,609313,609372,609392,biphasic_positive_negative
202,1971,609528,1693.1333333333334,NORMAL,N,,,,609512,609546,609581,609606,609637,normal
202,1972,609751,1693.7527777777777,NORMAL,N,,,,609732,609762,609812,609834,609853,normal
202,1973,609906,1694.1833333333334,NORMAL,N,,,,609888,609925,609961,609986,610005,normal
202,1974,610157,1694.8805555555555,NORMAL,N,,,,610134,610182,610224,610265,610294,normal
202,1975,610398,1695.55,NORMAL,N,,,,610380,610422,610440,610481,610503,normal
202,1976,610693,1696.3694444444445,NORMAL,N,,,,610674,610722,610733,610770,610796,normal
202,1977,611085,1697.4583333333333,NORMAL,N,,,,611065,611094,611137,611195,611213,biphasic_positive_negative
202,1978,611297,1698.0472222222222,NORMAL,N,,,,611281,611322,611339,611375,611397,normal
202,1979,611475,1698.5416666666667,NORMAL,N,,,,611454,611501,611529,611551,611575,normal
202,1980,611725,1699.236111111111,NORMAL,N,,,,611705,611742,611772,611808,611833,normal
202,1981,611982,1699.95,NORMAL,N,,,,611966,611992,612038,612066,612091,normal
202,1982,612160,1700.4444444444443,NORMAL,N,,,,612144,612192,612212,612241,612267,normal
202,1983,612383,1701.0638888888889,NORMAL,N,,,,612366,612415,612417,612505,612518,biphasic_positive_negative
202,1984,612691,1701.9194444444445,NORMAL,N,,,,612673,612701,612737,612780,612798,normal
202,1985,612993,1702.7583333333334,NORMAL,N,,,,612972,613009,613036,613075,613102,normal
202,1986,613181,1703.2805555555556,NORMAL,N,,,,613164,613200,613229,613257,613280,normal
202,1987,613401,1703.8916666666667,NORMAL,N,,,,613375,613417,613450,613480,613503,normal
202,1988,613578,1704.3833333333334,NORMAL,N,,,,613554,613587,613609,613653,613670,normal
202,1989,613802,1705.0055555555555,NORMAL,N,,,,613782,613812,613871,613890,613904,normal
202,1990,614037,1705.6583333333333,NORMAL,N,,,,614016,614058,614087,614118,614142,normal
202,1991,614211,1706.1416666666667,NORMAL,N,,,,614191,614238,614266,614295,614316,normal
202,1992,614510,1706.9722222222222,NORMAL,N,,,,614490,614520,614565,614602,614625,normal
202,1993,614828,1707.8555555555556,NORMAL,N,,,,614808,614838,614872,614902,614933,normal
202,1994,615115,1708.6527777777778,NORMAL,N,,,,615097,615144,615170,615198,615231,normal
202,1995,615405,1709.4583333333333,NORMAL,N,,,,615384,615415,615464,615513,615551,biphasic_positive_negative
202,1996,615687,1710.2416666666666,NORMAL,N,,,,615666,615703,615742,615803,615839,biphasic_positive_negative
202,1997,615935,1710.9305555555557,NORMAL,N,,,,615912,615961,615968,616014,616041,normal
202,1998,616256,1711.8222222222223,NORMAL,N,,,,616236,616273,616298,616372,616382,biphasic_positive_negative
202,1999,616511,1712.5305555555556,NORMAL,N,,,,616488,616522,616555,616593,616637,normal
202,2000,616758,1713.2166666666667,NORMAL,N,,,,616740,616769,616814,616845,616874,normal
202,2001,616984,1713.8444444444444,NORMAL,N,,,,616967,616996,617040,617069,617082,normal
202,2002,617169,1714.3583333333333,NORMAL,N,,,,617148,617190,617219,617251,617277,normal
202,2003,617452,1715.1444444444444,NORMAL,N,,,,617430,617471,617500,617563,617593,biphasic_positive_negative
202,2004,617740,1715.9444444444443,NORMAL,N,,,,617724,617760,617790,617848,617895,normal
202,2005,618042,1716.7833333333333,NORMAL,N,,,,618018,618066,618079,618122,618161,normal
202,2006,618219,1717.275,NORMAL,N,,,,618192,618247,618260,618297,618320,normal
202,2007,618522,1718.1166666666666,NORMAL,N,,,,618498,618532,618585,618596,618608,normal
202,2008,618687,1718.575,NORMAL,N,,,,618659,618708,618743,618819,618835,biphasic_positive_negative
202,2009,619006,1719.4611111111112,NORMAL,N,,,,618989,619026,619068,619095,619123,normal
202,2010,619344,1720.4,NORMAL,N,,,,619328,619363,619388,619432,619460,normal
202,2011,619541,1720.9472222222223,NORMAL,N,,,,619518,619551,619587,619651,619667,biphasic_positive_negative
202,2012,619841,1721.7805555555556,NORMAL,N,,,,619824,619850,619903,619923,619946,normal
202,2013,620086,1722.4611111111112,NORMAL,N,,,,620069,620112,620124,620181,620190,biphasic_positive_negative
202,2014,620313,1723.0916666666667,NORMAL,N,,,,620292,620340,,,,
202,2015,620620,1723.9444444444443,NORMAL,N,,,,620593,620629,620671,620701,620728,normal
202,2016,620831,1724.5305555555556,NORMAL,N,,,,620813,620841,620872,620916,620947,normal
202,2017,621030,1725.0833333333333,NORMAL,N,,,,621012,621043,621075,621120,621145,normal
202,2018,621347,1725.963888888889,NORMAL,N,,,,621324,621366,621402,621434,621468,normal
202,2019,621619,1726.7194444444444,NORMAL,N,,,,621600,621654,621671,621703,621730,normal
202,2020,621912,1727.5333333333333,NORMAL,N,,,,621895,621922,621958,621993,622021,normal
202,2021,622145,1728.1805555555557,NORMAL,N,,,,622128,622171,622196,622275,622296,biphasic_positive_negative
202,2022,622446,1729.0166666666667,NORMAL,N,,,,622423,622464,622498,622596,622608,biphasic_positive_negative
202,2023,622691,1729.6972222222223,NORMAL,N,,,,622674,622722,622735,622771,622797,normal
202,2024,622862,1730.1722222222222,NORMAL,N,,,,622842,622884,622910,622948,622971,normal
202,2025,623085,1730.7916666666667,NORMAL,N,,,,623065,623102,623135,623167,623188,normal
202,2026,623337,1731.4916666666666,NORMAL,N,,,,623316,623358,623394,623424,623454,normal
202,2027,623596,1732.2111111111112,NORMAL,N,,,,623574,623622,623645,623685,623710,normal
202,2028,623854,1732.9277777777777,NORMAL,N,,,,623832,623865,623888,623939,623955,normal
202,2029,624034,1733.4277777777777,NORMAL,N,,,,624018,624060,624071,624115,624136,normal
202,2030,624376,1734.3777777777777,NORMAL,N,,,,624359,624397,624420,624465,624483,normal
202,2031,624549,1734.8583333333333,NORMAL,N,,,,624528,624558,624606,624628,624655,normal
202,2032,624756,1735.4333333333334,NORMAL,N,,,,624738,624791,624808,624841,624860,normal
202,2033,624897,1735.825,NORMAL,N,,,,624875,624924,,,,
202,2034,625040,1736.2222222222222,NORMAL,N,,,,625021,625062,625076,625087,625125,inverted
202,2035,625202,1736.6722222222222,NORMAL,N,,,,625182,625230,625240,625290,625306,normal
202,2036,625448,1737.3555555555556,NORMAL,N,,,,625428,625465,625518,625543,625565,normal
202,2037,625635,1737.875,NORMAL,N,,,,625607,625657,625706,625734,625753,normal
202,2038,625918,1738.661111111111,NORMAL,N,,,,625890,625938,625991,626015,626033,normal
202,2039,626174,1739.3722222222223,NORMAL,N,626066,626074,626126,626158,626186,626240,626264,626282,normal
202,2040,626552,1740.4222222222222,NORMAL,N,,,,626532,626569,626618,626645,626679,normal
202,2041,626755,1740.986111111111,NORMAL,N,,,,626736,626764,626807,626829,626855,normal
202,2042,626958,1741.55,NORMAL,N,,,,626940,626976,627002,627041,627065,normal
202,2043,627155,1742.0972222222222,NORMAL,N,,,,627132,627180,627199,627235,627276,normal
202,2044,627371,1742.6972222222223,NORMAL,N,,,,627353,627396,627436,627455,627479,normal
202,2045,627645,1743.4583333333333,NORMAL,N,,,,627618,627672,627690,627736,627755,normal
202,2046,627866,1744.0722222222223,NORMAL,N,,,,627845,627876,627908,627951,627975,normal
202,2047,628097,1744.713888888889,NORMAL,N,,,,628079,628122,628168,628203,628228,biphasic_positive_negative
202,2048,628306,1745.2944444444445,NORMAL,N,,,,628284,628332,628350,628382,628408,normal
202,2049,628510,1745.861111111111,NORMAL,N,,,,628495,628520,628562,628593,628607,normal
202,2050,628784,1746.6222222222223,NORMAL,N,,,,628764,628794,,,,
202,2051,629025,1747.2916666666667,NORMAL,N,,,,629004,629036,629098,629114,629141,normal
202,2052,629350,1748.1944444444443,NORMAL,N,,,,629328,629381,629403,629449,629469,normal
202,2053,629564,1748.7888888888888,NORMAL,N,,,,629538,629585,629627,629682,629705,biphasic_positive_negative
202,2054,629848,1749.5777777777778,NORMAL,N,,,,629831,629859,629907,629965,629985,biphasic_positive_negative
202,2055,630196,1750.5444444444445,NORMAL,N,,,,630173,630222,,,,
202,2056,630429,1751.1916666666666,NORMAL,N,,,,630402,630449,630468,630556,630573,biphasic_positive_negative
202,2057,630690,1751.9166666666667,NORMAL,N,,,,630671,630700,630743,630772,630795,normal
202,2058,630875,1752.4305555555557,NORMAL,N,,,,630858,630894,630917,630953,630975,normal
202,2059,631135,1753.1527777777778,NORMAL,N,,,,631115,631145,631171,631213,631242,normal
202,2060,631316,1753.6555555555556,NORMAL,N,,,,631296,631343,631357,631399,631417,normal
202,2061,631475,1754.0972222222222,NORMAL,N,,,,631458,631506,631533,631595,631622,biphasic_positive_negative
202,2062,631695,1754.7083333333333,NORMAL,N,,,,631678,631727,631775,631792,631807,normal
202,2063,631891,1755.2527777777777,NORMAL,N,,,,631871,631907,631913,631979,632003,biphasic_negative_positive
202,2064,632061,1755.725,NORMAL,N,,,,632045,632087,632134,632153,632169,normal
202,2065,632318,1756.4388888888889,NORMAL,N,,,,632297,632339,632359,632376,632411,inverted
202,2066,632480,1756.888888888889,NORMAL,N,,,,632459,632507,,,,
202,2067,632618,1757.2722222222221,NORMAL,N,,,,632592,632645,632666,632700,632713,normal
202,2068,632822,1757.838888888889,NORMAL,N,,,,632807,632838,632883,632909,632919,normal
202,2069,633118,1758.661111111111,NORMAL,N,,,,633101,633128,633163,633207,633231,biphasic_negative_positive
202,2070,633358,1759.3277777777778,NORMAL,N,,,,633342,633383,,,,
202,2071,633614,1760.0388888888888,NORMAL,N,,,,633598,633641,633651,633712,633747,normal
202,2072,633943,1760.9527777777778,NORMAL,N,,,,633924,633954,633989,634028,634051,normal
202,2073,634157,1761.5472222222222,NORMAL,N,,,,634140,634176,634196,634273,634286,biphasic_positive_negative
202,2074,634424,1762.2888888888888,NORMAL,N,,,,634404,634445,634462,634507,634530,normal
202,2075,634659,1762.9416666666666,NORMAL,N,,,,634638,634691,634711,634766,634787,biphasic_positive_negative
202,2076,634935,1763.7083333333333,NORMAL,N,,,,634919,634944,634994,635013,635036,normal
202,2077,635208,1764.4666666666667,NORMAL,N,,,,635190,635218,635257,635318,635347,biphasic_positive_negative
202,2078,635435,1765.0972222222222,NORMAL,N,,,,635418,635454,635490,635545,635576,biphasic_positive_negative
202,2079,635756,1765.9888888888888,NORMAL,N,,,,635735,635776,635817,635886,635918,biphasic_positive_negative
202,2080,636130,1767.0277777777778,NORMAL,N,,,,636115,636140,636183,636218,636242,normal
202,2081,636320,1767.5555555555557,NORMAL,N,,,,636303,636347,636381,636404,636438,normal
202,2082,636611,1768.3638888888888,NORMAL,N,,,,636593,636630,636665,636693,636722,normal
202,2083,636832,1768.9777777777779,NORMAL,N,,,,636809,636857,,,,
202,2084,636966,1769.35,NORMAL,N,,,,636947,636995,637005,637046,637063,normal
202,2085,637242,1770.1166666666666,NORMAL,N,,,,637224,637259,637309,637330,637351,normal
202,2086,637473,1770.7583333333334,NORMAL,N,,,,637451,637492,637521,637555,637577,normal
202,2087,637659,1771.275,NORMAL,N,,,,637643,637679,637705,637735,637761,normal
202,2088,637814,1771.7055555555555,NORMAL,N,,,,637793,637842,637860,637893,637916,normal
202,2089,638080,1772.4444444444443,NORMAL,N,,,,638063,638099,638151,638170,638211,normal
202,2090,638365,1773.236111111111,NORMAL,N,,,,638345,638375,638415,638491,638515,biphasic_positive_negative
202,2091,638643,1774.0083333333334,NORMAL,N,,,,638621,638669,638687,638730,638755,normal
202,2092,638925,1774.7916666666667,NORMAL,N,,,,638902,638946,638983,639010,639038,normal
202,2093,639083,1775.2305555555556,NORMAL,N,,,,639064,639113,639132,639161,639184,normal
202,2094,639299,1775.8305555555555,NORMAL,N,,,,639281,639318,639352,639380,639411,normal
202,2095,639645,1776.7916666666667,NORMAL,N,,,,639629,639665,639691,639735,639754,normal
202,2096,639873,1777.425,NORMAL,N,,,,639846,639899,639909,639951,639980,normal
202,2097,640138,1778.161111111111,NORMAL,N,,,,640121,640163,640176,640216,640239,normal
202,2098,640464,1779.0666666666666,NORMAL,N,,,,640447,640475,640558,640581,640608,inverted
202,2099,640736,1779.8222222222223,NORMAL,N,,,,640715,640757,640797,640824,640856,normal
202,2100,640953,1780.425,NORMAL,N,,,,640930,640985,640993,641060,641074,biphasic_positive_negative
202,2101,641211,1781.1416666666667,NORMAL,N,,,,641194,641237,,,,
202,2102,641357,1781.5472222222222,NORMAL,N,,,,641339,641381,641403,641435,641452,normal
202,2103,641624,1782.2888888888888,NORMAL,N,,,,641608,641633,641695,641711,641730,normal
202,2104,641852,1782.9222222222222,NORMAL,N,,,,641824,641861,641935,641962,641996,inverted
202,2105,642071,1783.5305555555556,NORMAL,N,,,,642053,642094,642128,642158,642192,normal
202,2106,642276,1784.1,NORMAL,N,,,,642257,642294,642328,642386,642407,biphasic_positive_negative
202,2107,642581,1784.9472222222223,NORMAL,N,,,,642563,642592,642656,642700,642731,biphasic_positive_negative
202,2108,642895,1785.8194444444443,NORMAL,N,,,,642875,642905,642956,642986,643013,normal
202,2109,643107,1786.4083333333333,NORMAL,N,,,,643085,643128,643149,643184,643216,normal
202,2110,643388,1787.1888888888889,NORMAL,N,,,,643360,643408,643445,643530,643543,biphasic_positive_negative
202,2111,643635,1787.875,NORMAL,N,,,,643619,643661,643687,643718,643738,normal
202,2112,643837,1788.4361111111111,NORMAL,N,,,,643817,643854,643880,643912,643937,normal
202,2113,644019,1788.9416666666666,NORMAL,N,,,,643991,644039,644057,644123,644140,biphasic_positive_negative
202,2114,644311,1789.7527777777777,NORMAL,N,,,,644291,644321,644354,644421,644438,biphasic_positive_negative
202,2115,644525,1790.3472222222222,NORMAL,N,,,,644509,644542,644580,644607,644630,normal
202,2116,644721,1790.8916666666667,NORMAL,N,,,,644693,644746,644762,644801,644827,normal
202,2117,645025,1791.736111111111,NORMAL,N,,,,644998,645035,645072,645117,645135,normal
202,2118,645292,1792.4777777777779,NORMAL,N,,,,645274,645302,645347,645367,645403,normal
202,2119,645605,1793.3472222222222,NORMAL,N,,,,645589,645634,645672,645690,645704,normal
202,2120,645896,1794.1555555555556,NORMAL,N,,,,645875,645917,645960,645976,646004,normal
202,2121,646308,1795.3,NORMAL,N,,,,646292,646317,,646353,646372,positive_monophasic
202,2122,646460,1795.7222222222222,NORMAL,N,,,,646446,646486,,,,
202,2123,646591,1796.0861111111112,NORMAL,N,,,,646575,646618,646629,646674,646690,normal
202,2124,646857,1796.825,NORMAL,N,,,,646840,646876,646895,646955,646979,biphasic_negative_positive
202,2125,647036,1797.3222222222223,NORMAL,N,,,,647020,647062,647077,647124,647138,normal
202,2126,647309,1798.0805555555555,NORMAL,N,,,,647291,647319,647372,647405,647427,normal
202,2127,647635,1798.986111111111,NORMAL,N,,,,647614,647655,647697,647725,647750,normal
202,2128,647861,1799.6138888888888,NORMAL,N,,,,647842,647879,647893,647931,647957,normal
202,2129,648125,1800.3472222222222,NORMAL,N,,,,648107,648144,648188,648241,648270,biphasic_positive_negative
202,2130,648346,1800.9611111111112,NORMAL,N,,,,648322,648356,648378,648422,648462,normal
202,2131,648557,1801.5472222222222,NORMAL,N,,,,648539,648576,648621,648640,648668,normal
202,2132,648724,1802.0111111111112,NORMAL,N,,,,648706,648754,648766,648806,648829,normal
202,2133,649093,1803.036111111111,NORMAL,N,,,,649072,649103,649139,649186,649217,normal
202,2134,649343,1803.7305555555556,NORMAL,N,,,,649327,649363,649385,649462,649478,biphasic_positive_negative
202,2135,649616,1804.4888888888888,NORMAL,N,,,,649594,649637,649680,649700,649731,normal
