record,beat_number,qrs_sample,qrs_seconds,qrs_annotation,qrs_symbol,p_onset_sample,p_peak_sample,p_offset_sample,qrs_onset_sample,qrs_offset_sample,t_onset_sample,t_peak_sample,t_offset_sample,t_wave_type
203,1,429,1.1916666666666667,NORMAL,N,324,341,366,402,482,496,537,577,normal
203,2,662,1.8388888888888888,NORMAL,N,581,589,598,621,708,723,772,786,biphasic_positive_negative
203,3,864,2.4,NORMAL,N,798,809,825,836,913,920,944,956,normal
203,4,1001,2.7805555555555554,NORMAL,N,,,,974,1055,1085,1096,1103,inverted
203,5,1267,3.5194444444444444,NORMAL,N,1184,1198,1212,1245,1307,1332,1374,1409,normal
203,6,1484,4.122222222222222,NORMAL,N,1415,1427,1439,1449,1506,1524,1557,1588,normal
203,7,1717,4.769444444444445,NORMAL,N,1656,1668,1684,1691,1742,,,,
203,8,1874,5.205555555555556,NORMAL,N,1798,1807,1816,1833,1893,1929,1984,1999,biphasic_positive_negative
203,9,2101,5.836111111111111,NORMAL,N,2002,2021,2032,2046,2138,2153,2157,2161,inverted
203,10,2252,6.2555555555555555,PVC,V,2167,2197,2208,2227,2305,,,,
203,11,2368,6.5777777777777775,PVC,V,2294,2320,2343,2353,2385,,2424,2442,positive_monophasic
203,12,2519,6.997222222222222,NORMAL,N,2447,2465,2473,2487,2563,2574,2608,2620,normal
203,13,2660,7.388888888888889,NORMAL,N,,,,2622,2699,,,,
203,14,2793,7.758333333333334,NORMAL,N,2712,2738,2751,2768,2810,2857,2872,2883,normal
203,15,2933,8.147222222222222,NORMAL,N,,,,2903,2957,2973,3011,3022,biphasic_negative_positive
203,16,3124,8.677777777777777,NORMAL,N,3050,3058,3070,3081,3178,3196,3232,3248,normal
203,17,3333,9.258333333333333,NORMAL,N,3271,3281,3289,3308,3390,,,,
203,18,3461,9.613888888888889,NORMAL,N,3356,3379,3398,3435,3517,3519,3563,3575,biphasic_positive_negative
203,19,3713,10.313888888888888,NORMAL,N,,,,3689,3728,3771,3800,3812,normal
203,20,3853,10.702777777777778,PVC,V,,,,3814,3926,,,,
203,21,3992,11.088888888888889,NORMAL,N,3895,3926,3952,3970,4042,4052,4073,4086,normal
203,22,4237,11.769444444444444,NORMAL,N,,,,4202,4298,4306,4336,4366,biphasic_positive_negative
203,23,4540,12.61111111111111,PVC,V,4435,4453,4478,4503,4552,4570,4586,4625,inverted
203,24,4722,13.116666666666667,NORMAL,N,,,,4674,4778,,,,
203,25,4860,13.5,NORMAL,N,4755,4780,4803,4834,4898,4908,4928,4948,normal
203,26,5083,14.119444444444444,NORMAL,N,4976,4987,5002,5048,5096,,5114,5158,positive_monophasic
203,27,5247,14.575,NORMAL,N,,,,5226,5260,5287,5318,5335,normal
203,28,5434,15.094444444444445,NORMAL,N,5361,5374,5402,5409,5448,5488,5523,5545,normal
203,29,5650,15.694444444444445,NORMAL,N,5567,5580,5598,5621,5663,5702,5727,5742,normal
203,30,5793,16.091666666666665,NORMAL,N,,,,5768,5862,5882,5929,5938,biphasic_positive_negative
203,31,6031,16.752777777777776,NORMAL,N,,,,5994,6044,,6075,6116,positive_monophasic
203,32,6199,17.219444444444445,NORMAL,N,,,,6179,6250,6259,6277,6302,normal
203,33,6434,17.872222222222224,NORMAL,N,6306,6334,6362,6399,6491,,6492,6519,positive_monophasic
203,34,6711,18.641666666666666,NORMAL,N,6609,6620,6634,6688,6758,6771,6803,6841,normal
203,35,6943,19.28611111111111,NORMAL,N,,,,6919,6959,6990,7022,7070,normal
203,36,7279,20.219444444444445,NORMAL,N,7126,7148,7160,7249,7292,7319,7358,7370,normal
203,37,7588,21.07777777777778,NORMAL,N,,,,7564,7602,7632,7668,7701,normal
203,38,7751,21.530555555555555,NORMAL,N,,,,7726,7763,7795,7824,7842,normal
203,39,7882,21.894444444444446,NORMAL,N,,,,7858,7951,,,,
203,40,8154,22.65,NORMAL,N,,,,8128,8169,,8206,8237,positive_monophasic
203,41,8312,23.08888888888889,NORMAL,N,,,,8282,8368,,,,
203,42,8541,23.725,NORMAL,N,,,,8514,8557,,8583,8627,positive_monophasic
203,43,8875,24.65277777777778,NORMAL,N,,,,8850,8938,8947,8981,9005,normal
203,44,9114,25.316666666666666,NORMAL,N,,,,9074,9167,9169,9200,9227,normal
203,45,9293,25.81388888888889,NORMAL,N,,,,9270,9310,9344,9374,9391,normal
203,46,9432,26.2,NORMAL,N,,,,9403,9447,9482,9512,9528,normal
203,47,9672,26.866666666666667,NORMAL,N,,,,9648,9687,9720,9753,9766,normal
203,48,9951,27.641666666666666,NORMAL,N,9860,9879,9896,9929,9997,10012,10047,10086,normal
203,49,10168,28.244444444444444,NORMAL,N,,,,10144,10182,10221,10248,10287,normal
203,50,10497,29.158333333333335,NORMAL,N,,,,10473,10511,,10550,10581,positive_monophasic
203,51,10830,30.083333333333332,NORMAL,N,10742,10758,10770,10805,10888,10897,10927,10966,normal
203,52,11081,30.780555555555555,NORMAL,N,10969,10989,11002,11047,11095,11137,11167,11189,normal
203,53,11342,31.505555555555556,NORMAL,N,,,,11303,11358,11403,11433,11465,normal
203,54,11652,32.36666666666667,NORMAL,N,,,,11629,11667,11714,11737,11782,normal
203,55,11858,32.93888888888889,NORMAL,N,11797,11812,11827,11834,11909,11916,11938,11971,normal
203,56,12017,33.38055555555555,NORMAL,N,,,,11984,12070,12080,12092,12107,normal
203,57,12276,34.1,NORMAL,N,12177,12195,12215,12250,12292,12339,12375,12408,normal
203,58,12527,34.797222222222224,NORMAL,N,12465,12475,12491,12504,12540,12577,12604,12619,normal
203,59,12755,35.43055555555556,NORMAL,N,12636,12662,12672,12732,12769,12817,12838,12881,normal
203,60,12991,36.08611111111111,NORMAL,N,,,,12954,13024,13059,13085,13096,normal
203,61,13198,36.66111111111111,NORMAL,N,13110,13128,13143,13173,13215,13247,13285,13308,normal
203,62,13541,37.61388888888889,NORMAL,N,13424,13439,13453,13505,13555,13607,13652,13680,normal
203,63,13777,38.269444444444446,NORMAL,N,13687,13701,13728,13753,13793,13830,13857,13889,normal
203,64,14015,38.93055555555556,NORMAL,N,,,,13988,14062,14072,14095,14108,normal
203,65,14290,39.69444444444444,NORMAL,N,,,,14255,14304,14354,14374,14387,normal
203,66,14590,40.52777777777778,NORMAL,N,14517,14529,14539,14563,14642,14652,14670,14686,normal
203,67,14786,41.07222222222222,NORMAL,N,,,,14758,14801,,,,
203,68,14926,41.46111111111111,NORMAL,N,14839,14865,14889,14899,14941,14985,15028,15078,normal
203,69,15243,42.34166666666667,NORMAL,N,15154,15171,15185,15213,15268,15297,15304,15334,inverted
203,70,15435,42.875,NORMAL,N,,,,15411,15451,15490,15524,15556,normal
203,71,15629,43.41388888888889,NORMAL,N,,,,15607,15645,15688,15720,15741,normal
203,72,15929,44.24722222222222,NORMAL,N,15841,15850,15863,15904,15952,,15976,16008,positive_monophasic
203,73,16069,44.63611111111111,PVC,V,,,,16044,16085,16105,16140,16167,normal
203,74,16306,45.294444444444444,NORMAL,N,16224,16231,16243,16283,16344,16364,16386,16401,biphasic_negative_positive
203,75,16599,46.108333333333334,NORMAL,N,16483,16491,16499,16554,16651,,,,
203,76,16746,46.516666666666666,PVC,V,16645,16655,16663,16715,16783,,,,
203,77,16855,46.81944444444444,PVC,V,16837,16777,16783,16824,16883,,,,
203,78,16975,47.15277777777778,PVC,V,,16858,16878,16928,17012,17032,17081,17092,biphasic_positive_negative
203,79,17275,47.986111111111114,NORMAL,N,17202,17208,17216,17237,17330,17340,17370,17376,normal
203,80,17430,48.416666666666664,PVC,V,,,,17392,17443,17475,17503,17551,normal
203,81,17651,49.03055555555556,NORMAL,N,17574,17590,17604,17621,17698,17715,17723,17747,inverted
203,82,17910,49.75,NORMAL,N,17841,17849,17856,17891,17920,17960,17993,18028,normal
203,83,18228,50.63333333333333,NORMAL,N,18160,18169,18180,18205,18239,18276,18309,18333,normal
203,84,18435,51.208333333333336,NORMAL,N,18339,18354,18384,18400,18448,18472,18505,18528,normal
203,85,18640,51.77777777777778,NORMAL,N,18553,18580,18602,18611,18711,18716,18766,18813,inverted
203,86,18911,52.53055555555556,NORMAL,N,18830,18845,18863,18888,18923,18952,19009,19044,normal
203,87,19116,53.1,NORMAL,N,19059,19071,19087,19093,19165,,,,
203,88,19258,53.49444444444445,NORMAL,N,19174,19195,19224,19234,19328,,,,
203,89,19392,53.86666666666667,NORMAL,N,19298,19331,19351,19356,19407,19445,19474,19497,normal
203,90,19743,54.84166666666667,NORMAL,N,,,,19713,19759,,19803,19841,positive_monophasic
203,91,19893,55.25833333333333,PVC,V,,,,19869,19913,19940,19971,20007,normal
203,92,20101,55.83611111111111,NORMAL,N,20008,20017,20061,20066,20114,20141,20188,20201,normal
203,93,20296,56.37777777777778,NORMAL,N,20205,20219,20245,20260,20308,,20345,20375,positive_monophasic
203,94,20452,56.81111111111111,NORMAL,N,,,,20431,20524,,,,
203,95,20581,57.169444444444444,NORMAL,N,20493,20526,20542,20555,20643,,,,
203,96,20709,57.525,NORMAL,N,20626,20654,20672,20678,20776,20779,20799,20811,inverted
203,97,20898,58.05,NORMAL,N,,,,20874,20933,,20942,20982,positive_monophasic
203,98,21034,58.42777777777778,NORMAL,N,,,,21005,21049,,,,
203,99,21158,58.772222222222226,NORMAL,N,,,,21130,21201,,,,
203,100,21279,59.108333333333334,NORMAL,N,,,,21250,21317,,21318,21348,positive_monophasic
203,101,21407,59.46388888888889,NORMAL,N,,,,21382,21423,,21450,21488,positive_monophasic
203,102,21706,60.294444444444444,NORMAL,N,21568,21579,21591,21681,21721,,21762,21800,positive_monophasic
203,103,21860,60.72222222222222,PVC,V,,,,21838,21884,,,,
203,104,21974,61.03888888888889,PVC,V,21909,21930,21951,21957,22048,,,,
203,105,22139,61.49722222222222,NORMAL,N,22017,22051,22073,22115,22155,,,,
203,106,22257,61.825,PVC,V,,,,22235,22331,,,,
203,107,22386,62.18333333333333,NORMAL,N,22306,22332,22353,22361,22456,,,,
203,108,22513,62.53611111111111,NORMAL,N,22433,22459,22478,22485,22584,,,,
203,109,22649,62.91388888888889,NORMAL,N,22564,22586,22597,22628,22719,,,,
203,110,22767,63.24166666666667,NORMAL,N,,,,22743,22836,,,,
203,111,22882,63.56111111111111,NORMAL,N,,,,22858,22941,22957,22974,22984,inverted
203,112,23264,64.62222222222222,NORMAL,N,23138,23161,23187,23239,23275,,,,
203,113,23411,65.03055555555555,PVC,V,,,,23380,23428,23448,23480,23560,normal
203,114,23642,65.67222222222222,NORMAL,N,23561,23577,23604,23616,23655,,,,
203,115,23770,66.02777777777777,PVC,V,,,,23748,23785,23805,23843,23891,normal
203,116,24075,66.875,NORMAL,N,,,,24038,24114,,24126,24172,positive_monophasic
203,117,24225,67.29166666666667,NORMAL,N,,,,24200,24280,24290,24302,24320,normal
203,118,24363,67.675,NORMAL,N,,,,24335,24375,,,,
203,119,24489,68.025,NORMAL,N,24415,24439,24458,24465,24501,24529,24556,24583,normal
203,120,24725,68.68055555555556,NORMAL,N,24634,24646,24691,24701,24739,24788,24814,24824,normal
203,121,24884,69.12222222222222,NORMAL,N,24834,24847,24859,24866,24949,,,,
203,122,25001,69.44722222222222,NORMAL,N,24923,24950,24969,24976,25070,25074,25127,25138,inverted
203,123,25301,70.28055555555555,NORMAL,N,25250,25262,25270,25277,25314,,,,
203,124,25442,70.67222222222222,PVC,V,25365,25367,25403,25413,25455,25480,25505,25536,normal
203,125,25675,71.31944444444444,NORMAL,N,,,,25649,25729,,25730,25761,positive_monophasic
203,126,26001,72.225,NORMAL,N,,,,25974,26041,26046,26084,26109,normal
203,127,26301,73.05833333333334,NORMAL,N,,,,26272,26317,,,,
203,128,26453,73.48055555555555,PVC,V,26349,26385,26396,26451,26522,,,,
203,129,26524,73.67777777777778,PVC,V,,,,,26571,26590,26606,26646,inverted
203,130,26821,74.50277777777778,NORMAL,N,26734,26757,26786,26798,26833,26866,26907,26917,normal
203,131,26973,74.925,NORMAL,N,,,,26948,27011,27026,27039,27068,normal
203,132,27217,75.60277777777777,NORMAL,N,27128,27138,27146,27195,27230,27260,27325,27336,normal
203,133,27519,76.44166666666666,NORMAL,N,27436,27449,27492,27497,27532,27565,27594,27610,normal
203,134,27829,77.30277777777778,NORMAL,N,27726,27756,27779,27784,27843,,27870,27908,positive_monophasic
203,135,27972,77.7,PVC,V,,,,27933,27987,,,,
203,136,28217,78.38055555555556,NORMAL,N,28124,28150,28176,28193,28233,,28265,28301,positive_monophasic
203,137,28452,79.03333333333333,NORMAL,N,28352,28381,28406,28414,28466,28486,28532,28546,normal
203,138,28636,79.54444444444445,NORMAL,N,28574,28589,28606,28614,28651,28683,28717,28761,normal
203,139,28862,80.17222222222222,NORMAL,N,28768,28792,28816,28839,28927,,,,
203,140,29025,80.625,NORMAL,N,28918,28943,28969,29003,29038,29068,29096,29120,normal
203,141,29342,81.50555555555556,NORMAL,N,,,,29311,29356,29387,29424,29432,normal
203,142,29519,81.99722222222222,NORMAL,N,,,,29495,29589,29592,29621,29659,inverted
203,143,29785,82.73611111111111,NORMAL,N,29700,29718,29742,29759,29799,29836,29869,29884,normal
203,144,30062,83.50555555555556,NORMAL,N,29917,29934,29949,30026,30114,30117,30140,30158,normal
203,145,30281,84.1138888888889,NORMAL,N,,,,30252,30294,30316,30349,30371,normal
203,146,30591,84.975,NORMAL,N,30492,30503,30515,30562,30620,30635,30672,30689,normal
203,147,30743,85.39722222222223,PVC,V,,,,30718,30759,30793,30822,30855,normal
203,148,31009,86.1361111111111,NORMAL,N,,,,30979,31023,31062,31091,31108,normal
203,149,31249,86.80277777777778,NORMAL,N,31113,31140,31169,31217,31321,31362,31381,31395,inverted
203,150,31578,87.71666666666667,NORMAL,N,31492,31517,31532,31552,31645,31647,31682,31704,biphasic_negative_positive
203,151,31850,88.47222222222223,NORMAL,N,,,,31819,31863,31896,31930,31947,normal
203,152,32008,88.91111111111111,NORMAL,N,31951,31962,31974,31987,32078,32084,32127,32166,inverted
203,153,32243,89.56388888888888,NORMAL,N,,,,32218,32258,,32297,32332,positive_monophasic
203,154,32516,90.32222222222222,NORMAL,N,32401,32445,32464,32480,32532,32579,32601,32628,normal
203,155,32727,90.90833333333333,NORMAL,N,,,,32704,32743,32785,32813,32846,normal
203,156,32985,91.625,NORMAL,N,32857,32875,32895,32960,32998,,33035,33069,positive_monophasic
203,157,33131,92.03055555555555,PVC,V,,,,33075,33154,,33162,33201,positive_monophasic
203,158,33269,92.41388888888889,PVC,V,,,,33239,33291,33302,33332,33366,normal
203,159,33404,92.78888888888889,PVC,V,,,,33376,33419,33441,33471,33496,normal
203,160,33764,93.78888888888889,NORMAL,N,33630,33646,33658,33739,33822,33837,33849,33859,normal
203,161,33913,94.20277777777778,PVC,V,,,,33874,33943,33947,33977,34028,normal
203,162,34288,95.24444444444444,NORMAL,N,34170,34180,34213,34248,34335,34353,34378,34388,normal
203,163,34440,95.66666666666667,ABERR,a,,,,34422,34453,,,,
203,164,34581,96.05833333333334,NORMAL,N,34500,34525,34545,34551,34604,34615,34656,34667,normal
203,165,34724,96.45555555555555,NORMAL,N,,,,34679,34765,34784,34796,34804,normal
203,166,34985,97.18055555555556,NORMAL,N,34911,34931,34945,34955,35046,35051,35058,35092,normal
203,167,35140,97.61111111111111,PVC,V,35120,35139,,35109,35164,,,,
203,168,35210,97.80555555555556,PVC,V,,,35160,35170,35244,,35261,35287,positive_monophasic
203,169,35533,98.70277777777778,NORMAL,N,35454,35465,35473,35510,35546,35591,35616,35624,normal
203,170,35665,99.06944444444444,ABERR,a,,,,35642,35741,,,,
203,171,35793,99.425,NORMAL,N,35712,35740,35750,35759,35848,35859,35873,35886,normal
203,172,35929,99.80277777777778,NORMAL,N,,,,35899,36001,,,,
203,173,36079,100.21944444444445,NORMAL,N,35987,36021,36049,36055,36139,36147,36171,36190,inverted
203,174,36296,100.82222222222222,NORMAL,N,36204,36225,36237,36265,36349,36364,36392,36416,normal
203,175,36493,101.36944444444444,NORMAL,N,36439,36456,36472,36484,36509,,,,
203,176,36608,101.68888888888888,PVC,V,36542,36554,36570,36590,36675,,,,
203,177,36920,102.55555555555556,NORMAL,N,36843,36853,36861,36871,36943,36965,36975,37000,inverted
203,178,37061,102.94722222222222,NORMAL,N,,,,37016,37125,37145,37183,37216,biphasic_negative_positive
203,179,37296,103.6,NORMAL,N,37222,37241,37250,37258,37347,37354,37398,37415,biphasic_positive_negative
203,180,37541,104.28055555555555,NORMAL,N,37446,37462,37481,37515,37604,37609,37644,37677,inverted
203,181,37768,104.91111111111111,NORMAL,N,37685,37698,37714,37741,37819,,,,
203,182,37894,105.2611111111111,PVC,V,37809,37833,37853,37873,37930,,,,
203,183,38000,105.55555555555556,PVC,V,,,,37984,38030,,,,
203,184,38120,105.88888888888889,PVC,V,,,,38099,38159,38169,38181,38215,normal
203,185,38394,106.65,NORMAL,N,38321,38331,38345,38357,38452,38461,38493,38502,biphasic_positive_negative
203,186,38634,107.31666666666666,NORMAL,N,38560,38573,38583,38605,38694,,,,
203,187,38868,107.96666666666667,NORMAL,N,38759,38772,38796,38838,38932,,,,
203,188,39001,108.33611111111111,PVC,V,38907,38934,38951,38964,39037,,,,
203,189,39125,108.68055555555556,PVC,V,,,,39102,39138,,,,
203,190,39271,109.08611111111111,NORMAL,N,39175,39202,39223,39241,39295,39308,39339,39362,normal
203,191,39469,109.6361111111111,NORMAL,N,39383,39392,39400,39444,39539,,,,
203,192,39655,110.15277777777777,NORMAL,N,39569,39578,39586,39625,39715,,,,
203,193,39781,110.50277777777778,NORMAL,N,39702,39721,39750,39758,39791,,39817,39848,positive_monophasic
203,194,39924,110.9,NORMAL,N,,,,39884,39987,,,,
203,195,40033,111.20277777777778,NORMAL,N,39972,39989,40008,40015,40041,40073,40107,40126,normal
203,196,40259,111.83055555555555,NORMAL,N,40168,40193,40204,40232,40301,40309,40328,40349,normal
203,197,40391,112.19722222222222,NORMAL,N,,,,40374,40460,,,,
203,198,40704,113.06666666666666,NORMAL,N,40588,40602,40630,40667,40770,,,,
203,199,40857,113.49166666666666,PVC,V,40736,40772,40795,40816,40888,40894,40924,40976,normal
203,200,41242,114.56111111111112,NORMAL,N,41152,41165,41181,41211,41255,41297,41327,41350,normal
203,201,41393,114.98055555555555,PVC,V,,,,41356,41413,41433,41472,41519,normal
203,202,41659,115.71944444444445,NORMAL,N,41565,41577,41598,41631,41727,,,,
203,203,41810,116.13888888888889,NORMAL,N,41702,41732,41747,41782,41877,,41881,41902,negative_monophasic
203,204,42127,117.01944444444445,NORMAL,N,42036,42050,42071,42101,42139,42165,42203,42238,normal
203,205,42436,117.87777777777778,NORMAL,N,42352,42379,42403,42411,42485,42507,42524,42544,inverted
203,206,42659,118.49722222222222,NORMAL,N,42569,42580,42610,42622,42723,42730,42774,42790,inverted
203,207,42913,119.20277777777778,NORMAL,N,42815,42824,42842,42882,42926,,,,
203,208,43053,119.59166666666667,NORMAL,N,42959,42985,43014,43031,43064,43093,43125,43186,normal
203,209,43401,120.55833333333334,NORMAL,N,,,,43371,43462,,,,
203,210,43555,120.98611111111111,NORMAL,N,43441,43479,43495,43530,43567,,,,
203,211,43684,121.34444444444445,NORMAL,N,43592,43625,43648,43665,43764,,,,
203,212,43841,121.78055555555555,NORMAL,N,43745,43766,43782,43805,43904,,,,
203,213,43986,122.18333333333334,NORMAL,N,43885,43908,43929,43959,44056,44060,44100,44114,inverted
203,214,44223,122.84166666666667,NORMAL,N,,,,44186,44294,44316,44326,44339,normal
203,215,44456,123.4888888888889,NORMAL,N,44365,44375,44390,44414,44519,,,,
203,216,44624,123.95555555555555,NORMAL,N,,,,44597,44678,,,,
203,217,44756,124.32222222222222,NORMAL,N,44655,44683,44703,44729,44821,,,,
203,218,44884,124.67777777777778,NORMAL,N,44788,44822,44837,44858,44906,44917,44948,44977,normal
203,219,45033,125.09166666666667,NORMAL,N,,,,45000,45091,,,,
203,220,45153,125.425,NORMAL,N,45070,45094,45112,45133,45180,45213,45234,45243,normal
203,221,45287,125.79722222222222,NORMAL,N,,,,45261,45357,,,,
203,222,45566,126.57222222222222,NORMAL,N,,,,45535,45633,,,,
203,223,45730,127.02777777777777,PVC,V,45611,45637,45656,45692,45762,45768,45799,45863,normal
203,224,45995,127.76388888888889,NORMAL,N,45890,45916,45949,45964,46056,,,,
203,225,46115,128.09722222222223,PVC,V,46031,46059,46076,46089,46148,46154,46188,46227,normal
203,226,46335,128.70833333333334,NORMAL,N,,,,46296,46347,46365,46398,46418,normal
203,227,46460,129.05555555555554,NORMAL,N,,,,46443,46523,46540,46559,46575,inverted
203,228,46732,129.8111111111111,NORMAL,N,46659,46669,46682,46697,46793,,,,
203,229,46858,130.1611111111111,PVC,V,46767,46796,46814,46837,46889,46895,46927,46967,normal
203,230,47062,130.7277777777778,NORMAL,N,46973,46990,47002,47033,47075,47091,47126,47146,normal
203,231,47235,131.20833333333334,NORMAL,N,,,,47198,47300,,,,
203,232,47349,131.525,NORMAL,N,47277,47300,47318,47330,47420,,,,
203,233,47594,132.20555555555555,NORMAL,N,47526,47542,47555,47563,47664,47668,47702,47708,inverted
203,234,48027,133.40833333333333,NORMAL,N,47960,47970,47987,47997,48088,,,,
203,235,48195,133.875,PVC,V,48062,48103,48126,48164,48228,48237,48264,48313,normal
203,236,48401,134.44722222222222,NORMAL,N,,,,48371,48465,48470,48508,48536,inverted
203,237,48738,135.38333333333333,NORMAL,N,48639,48665,48699,48704,48803,48828,48853,48874,normal
203,238,49060,136.27777777777777,NORMAL,N,48978,49001,49027,49032,49126,,,,
203,239,49190,136.63888888888889,PVC,V,49105,49129,49160,49175,49215,49222,49257,49292,normal
203,240,49419,137.275,NORMAL,N,49314,49342,49353,49391,49484,,,,
203,241,49558,137.6611111111111,NORMAL,N,49465,49492,49520,49540,49589,,,,
203,242,49689,138.025,NORMAL,N,49572,49593,49635,49642,49766,,,,
203,243,49937,138.7138888888889,NORMAL,N,,,,49899,50003,,,,
203,244,50120,139.22222222222223,NORMAL,N,50011,50043,50064,50093,50189,50195,50231,50253,inverted
203,245,50448,140.13333333333333,NORMAL,N,50347,50368,50399,50407,50516,,,,
203,246,50744,140.95555555555555,NORMAL,N,50652,50674,50700,50717,50813,,50815,50846,negative_monophasic
203,247,51053,141.8138888888889,NORMAL,N,50956,50970,50982,51015,51064,,,,
203,248,51187,142.1861111111111,PVC,V,51100,51121,51152,51163,51213,,,,
203,249,51304,142.51111111111112,NORMAL,N,51226,51253,51276,51285,51316,,,,
203,250,51418,142.82777777777778,NORMAL,N,51356,51375,51396,51402,51427,,51458,51497,positive_monophasic
203,251,51653,143.48055555555555,NORMAL,N,51550,51571,51582,51624,51669,51698,51730,51759,normal
203,252,51906,144.18333333333334,NORMAL,N,51801,51824,51831,51874,51969,,51972,52006,negative_monophasic
203,253,52178,144.9388888888889,NORMAL,N,52094,52110,52127,52148,52245,52250,52291,52313,inverted
203,254,52485,145.79166666666666,NORMAL,N,52385,52401,52421,52464,52496,,52526,52558,positive_monophasic
203,255,52933,147.0361111111111,NORMAL,N,52866,52883,52894,52906,52993,,53009,53038,negative_monophasic
203,256,53169,147.69166666666666,NORMAL,N,53084,53117,53125,53140,53236,,,,
203,257,53355,148.20833333333334,NORMAL,N,,,,53327,53421,53427,53462,53477,inverted
203,258,53748,149.3,NORMAL,N,53630,53642,53663,53701,53819,,,,
203,259,54132,150.36666666666667,NORMAL,N,54057,54068,54078,54097,54147,54199,54212,54254,normal
203,260,54329,150.9138888888889,NORMAL,N,54259,54274,54287,54298,54387,,,,
203,261,54472,151.3111111111111,NORMAL,N,54381,54401,54413,54437,54496,54511,54548,54557,biphasic_negative_positive
203,262,54747,152.075,NORMAL,N,54662,54670,54683,54710,54784,,54796,54831,positive_monophasic
203,263,54921,152.55833333333334,NORMAL,N,54856,54868,54879,54898,54939,54969,54999,55016,normal
203,264,55141,153.16944444444445,NORMAL,N,,,,55119,55175,,55179,55215,positive_monophasic
203,265,55424,153.95555555555555,NORMAL,N,55357,55368,55380,55399,55438,,55465,55507,positive_monophasic
203,266,55672,154.64444444444445,NORMAL,N,,,,55649,55742,,,,
203,267,55810,155.02777777777777,NORMAL,N,55720,55745,55754,55782,55877,,,,
203,268,55978,155.49444444444444,NORMAL,N,55883,55902,55916,55953,55991,56012,56055,56065,normal
203,269,56231,156.19722222222222,NORMAL,N,56119,56140,56152,56206,56278,,56279,56309,positive_monophasic
203,270,56370,156.58333333333334,PVC,V,,,,56330,56387,,56406,56445,positive_monophasic
203,271,56502,156.95,PVC,V,,,,56474,56525,56543,56576,56620,normal
203,272,56844,157.9,NORMAL,N,56768,56791,56815,56818,56858,,56893,56925,positive_monophasic
203,273,57008,158.35555555555555,PVC,V,,,,56973,57038,57042,57073,57118,normal
203,274,57270,159.08333333333334,NORMAL,N,,,,57236,57281,,57321,57358,positive_monophasic
203,275,57527,159.79722222222222,NORMAL,N,,,,57503,57541,57573,57604,57645,normal
203,276,57799,160.55277777777778,NORMAL,N,,,,57775,57851,57862,57896,57932,normal
203,277,58087,161.3527777777778,NORMAL,N,58020,58033,58045,58054,58099,58120,58159,58174,normal
203,278,58346,162.07222222222222,NORMAL,N,58248,58260,58272,58322,58403,58416,58428,58445,normal
203,279,58580,162.72222222222223,NORMAL,N,58490,58500,58512,58554,58595,58626,58667,58685,normal
203,280,58818,163.38333333333333,NORMAL,N,,,,58791,58831,58870,58896,58924,normal
203,281,59053,164.0361111111111,NORMAL,N,58961,58989,58999,59030,59121,,,,
203,282,59366,164.90555555555557,NORMAL,N,59281,59295,59328,59332,59413,59416,59464,59487,normal
203,283,59632,165.64444444444445,NORMAL,N,,,,59599,59645,59677,59710,59728,normal
203,284,59896,166.37777777777777,NORMAL,N,59823,59832,59853,59860,59961,59974,59987,60004,inverted
203,285,60103,166.95277777777778,NORMAL,N,60011,60031,60047,60079,60116,60149,60178,60203,normal
203,286,60416,167.82222222222222,NORMAL,N,60342,60366,60386,60394,60430,,60467,60505,positive_monophasic
203,287,60612,168.36666666666667,NORMAL,N,60540,60552,60565,60590,60626,60674,60700,60737,normal
203,288,60810,168.91666666666666,NORMAL,N,,,,60785,60822,60847,60886,60906,normal
203,289,60965,169.34722222222223,NORMAL,N,60913,60923,60932,60940,61035,,,,
203,290,61211,170.03055555555557,NORMAL,N,61110,61125,61139,61185,61223,61262,61294,61321,normal
203,291,61496,170.82222222222222,NORMAL,N,61404,61418,61445,61461,61510,61551,61588,61618,normal
203,292,61693,171.36944444444444,NORMAL,N,,,,61671,61753,61765,61784,61791,inverted
203,293,61906,171.9611111111111,NORMAL,N,61805,61826,61844,61892,61977,61983,62010,62044,inverted
203,294,62118,172.55,NORMAL,N,,,,62090,62161,62164,62169,62191,normal
203,295,62281,173.00277777777777,NORMAL,N,,,,62245,62294,62335,62357,62402,normal
203,296,62515,173.65277777777777,NORMAL,N,,,,62477,62529,62574,62600,62610,normal
203,297,62786,174.40555555555557,NORMAL,N,62706,62726,62753,62761,62799,62831,62862,62894,normal
203,298,63071,175.19722222222222,NORMAL,N,62996,63020,63051,63056,63085,63121,63158,63185,normal
203,299,63256,175.7111111111111,NORMAL,N,63191,63202,63215,63231,63312,63340,63359,63370,inverted
203,300,63543,176.50833333333333,NORMAL,N,63452,63478,63494,63521,63559,63601,63643,63673,normal
203,301,63747,177.075,NORMAL,N,,,,63726,63761,63786,63821,63853,normal
203,302,63889,177.46944444444443,NORMAL,N,,,,63878,63953,,,,
203,303,63997,177.76944444444445,NORMAL,N,63925,63955,63974,63983,64022,64040,64075,64093,normal
203,304,64132,178.14444444444445,NORMAL,N,,,,64108,64194,,,,
203,305,64354,178.76111111111112,NORMAL,N,64255,64265,64274,64328,64367,64404,64445,64457,normal
203,306,64609,179.46944444444443,NORMAL,N,64508,64524,64534,64583,64623,64649,64685,64712,normal
203,307,64854,180.15,NORMAL,N,64776,64786,64802,64826,64923,64948,64984,64996,biphasic_positive_negative
203,308,65066,180.73888888888888,NORMAL,N,,,,65031,65078,65114,65145,65185,normal
203,309,65342,181.50555555555556,NORMAL,N,65234,65246,65260,65312,65385,65392,65422,65434,normal
203,310,65610,182.25,NORMAL,N,65516,65543,65568,65586,65677,65715,65745,65760,inverted
203,311,65876,182.98888888888888,NORMAL,N,,,,65851,65934,,65935,65961,positive_monophasic
203,312,66043,183.45277777777778,NORMAL,N,,,,66011,66057,66091,66120,66143,normal
203,313,66211,183.91944444444445,NORMAL,N,,,,66189,66262,66274,66288,66315,normal
203,314,66460,184.61111111111111,NORMAL,N,66369,66380,66420,66425,66522,66568,66581,66597,inverted
203,315,66691,185.25277777777777,NORMAL,N,,,,66666,66704,66741,66768,66815,normal
203,316,66888,185.8,NORMAL,N,,,,66866,66902,66927,66965,66983,normal
203,317,67061,186.28055555555557,NORMAL,N,,,,67027,67075,67103,67135,67158,normal
203,318,67207,186.6861111111111,NORMAL,N,,,,67177,67222,,,,
203,319,67327,187.01944444444445,NORMAL,N,,,,67302,67394,,,,
203,320,67492,187.4777777777778,NORMAL,N,67399,67414,67444,67469,67504,67539,67573,67592,normal
203,321,67778,188.2722222222222,NORMAL,N,,,,67751,67793,67830,67867,67882,normal
203,322,67953,188.75833333333333,NORMAL,N,,,,67932,67969,67995,68028,68052,normal
203,323,68102,189.17222222222222,NORMAL,N,,,,68079,68115,68145,68178,68194,normal
203,324,68382,189.95,NORMAL,N,68296,68320,68333,68355,68395,68432,68466,68501,normal
203,325,68624,190.62222222222223,NORMAL,N,68506,68524,68554,68601,68672,68687,68703,68721,normal
203,326,68874,191.31666666666666,NORMAL,N,68763,68773,68796,68847,68888,68915,68956,68996,normal
203,327,69150,192.08333333333334,NORMAL,N,,,,69125,69215,69227,69273,69286,inverted
203,328,69403,192.7861111111111,NORMAL,N,,,,69378,69417,69465,69495,69537,normal
203,329,69633,193.425,NORMAL,N,,,,69604,69688,69700,69712,69737,normal
203,330,69888,194.13333333333333,NORMAL,N,,,,69863,69902,69937,69963,69977,normal
203,331,70024,194.51111111111112,PVC,V,,,,69992,70046,70064,70092,70125,normal
203,332,70261,195.16944444444445,NORMAL,N,70167,70180,70196,70236,70275,,70294,70350,positive_monophasic
203,333,70525,195.90277777777777,NORMAL,N,70435,70459,70482,70500,70538,70574,70608,70628,normal
203,334,70742,196.50555555555556,NORMAL,N,,,,70716,70757,70790,70818,70865,normal
203,335,70997,197.2138888888889,NORMAL,N,70911,70941,70965,70971,71010,71046,71074,71089,normal
203,336,71139,197.60833333333332,PVC,V,,,,71095,71155,71172,71210,71249,normal
203,337,71393,198.3138888888889,NORMAL,N,71274,71307,71328,71366,71448,71453,71510,71547,normal
203,338,71620,198.94444444444446,NORMAL,N,,,,71586,71670,71685,71699,71713,normal
203,339,71924,199.7888888888889,NORMAL,N,71852,71868,71887,71891,71952,,71959,72005,positive_monophasic
203,340,72091,200.25277777777777,NORMAL,N,,,,72061,72159,72200,72217,72237,inverted
203,341,72359,200.99722222222223,NORMAL,N,,,,72332,72400,,72404,72440,positive_monophasic
203,342,72520,201.44444444444446,NORMAL,N,,,,72483,72586,72593,72637,72686,inverted
203,343,72760,202.11111111111111,NORMAL,N,,,,72735,72828,,,,
203,344,72960,202.66666666666666,NORMAL,N,,,,72936,72977,73006,73037,73058,normal
203,345,73171,203.25277777777777,NORMAL,N,73094,73107,73136,73143,73188,73215,73249,73265,normal
203,346,73392,203.86666666666667,NORMAL,N,,,,73365,73409,73447,73475,73497,normal
203,347,73650,204.58333333333334,NORMAL,N,73547,73577,73608,73624,73717,,,,
203,348,73827,205.075,NORMAL,N,73694,73730,73738,73796,73898,,,,
203,349,74050,205.69444444444446,NORMAL,N,73964,73974,73997,74015,74065,74099,74137,74156,normal
203,350,74212,206.14444444444445,NORMAL,N,,,,74177,74282,74286,74302,74324,inverted
203,351,74416,206.7111111111111,NORMAL,N,,,,74366,74478,,,,
203,352,74767,207.6861111111111,NORMAL,N,,,,74718,74798,,74806,74856,positive_monophasic
203,353,74924,208.12222222222223,NORMAL,N,,,,74883,74987,,,,
203,354,75153,208.75833333333333,NORMAL,N,,,,75116,75223,75274,75293,75314,inverted
203,355,75480,209.66666666666666,NORMAL,N,75391,75403,75423,75451,75552,75565,75594,75626,inverted
203,356,75751,210.41944444444445,NORMAL,N,,,,75722,75820,75825,75867,75883,biphasic_positive_negative
203,357,75951,210.975,NORMAL,N,,,,75920,75965,,75987,76028,positive_monophasic
203,358,76108,211.4111111111111,NORMAL,N,,,,76082,76123,76151,76187,76212,normal
203,359,76257,211.825,NORMAL,N,,,,76226,76270,76303,76333,76349,normal
203,360,76509,212.525,NORMAL,N,,,,76465,76523,76562,76593,76614,normal
203,361,76705,213.06944444444446,NORMAL,N,,,,76677,76719,76745,76783,76805,normal
203,362,76991,213.86388888888888,NORMAL,N,76911,76926,76948,76968,77005,77032,77071,77085,normal
203,363,77148,214.3,NORMAL,N,,,,77122,77196,,,,
203,364,77268,214.63333333333333,NORMAL,N,,,,77237,77340,77392,77411,77425,normal
203,365,77566,215.4611111111111,NORMAL,N,77471,77495,77528,77543,77580,,,,
203,366,77736,215.93333333333334,PVC,V,77666,77678,77708,77716,77792,,77798,77855,negative_monophasic
203,367,78112,216.9777777777778,NORMAL,N,78030,78053,78074,78082,78126,,78161,78214,positive_monophasic
203,368,78272,217.42222222222222,PVC,V,,,,78245,78333,,78339,78387,negative_monophasic
203,369,78555,218.20833333333334,NORMAL,N,78466,78486,78511,78531,78601,78626,78672,78686,normal
203,370,78818,218.9388888888889,NORMAL,N,78761,78775,78786,78793,78864,78868,78894,78913,normal
203,371,78950,219.30555555555554,PVC,V,,,,78921,78979,78992,79024,79055,normal
203,372,79286,220.23888888888888,NORMAL,N,,,,79261,79345,79361,79374,79383,normal
203,373,79451,220.69722222222222,PVC,V,,,,79420,79479,79483,79513,79564,normal
203,374,79797,221.65833333333333,NORMAL,N,79711,79729,79743,79771,79858,,,,
203,375,80069,222.4138888888889,NORMAL,N,,,,80030,80084,80123,80151,80178,normal
203,376,80307,223.075,NORMAL,N,,,,80280,80360,,,,
203,377,80442,223.45,PVC,V,80424,80439,80399,80413,80470,,,,
203,378,80522,223.67222222222222,PVC,V,,,80453,80477,80574,80576,80642,80671,biphasic_negative_positive
203,379,80998,224.99444444444444,NORMAL,N,80901,80930,80948,80972,81050,,,,
203,380,81143,225.3972222222222,PVC,V,,,,81106,81172,81173,81203,81254,normal
203,381,81385,226.06944444444446,NORMAL,N,81299,81310,81322,81358,81398,81453,81497,81517,normal
203,382,81643,226.7861111111111,NORMAL,N,,,,81619,81658,81686,81728,81768,normal
203,383,81870,227.41666666666666,NORMAL,N,,,,81846,81913,81915,81948,81969,normal
203,384,82130,228.13888888888889,NORMAL,N,82058,82069,82088,82092,82148,82179,82218,82231,normal
203,385,82395,228.875,NORMAL,N,82323,82343,82356,82368,82409,82439,82473,82490,normal
203,386,82669,229.63611111111112,NORMAL,N,82571,82591,82635,82643,82681,82715,82750,82764,normal
203,387,82972,230.4777777777778,NORMAL,N,,,,82947,83043,,,,
203,388,83173,231.0361111111111,NORMAL,N,,,,83149,83232,,83246,83276,negative_monophasic
203,389,83357,231.54722222222222,PVC,V,,,,83331,83389,83416,83446,83476,normal
203,390,83687,232.4638888888889,NORMAL,N,83594,83607,83616,83643,83699,83732,83772,83784,normal
203,391,83889,233.025,NORMAL,N,83796,83811,83829,83865,83903,83936,83965,83994,normal
203,392,84050,233.47222222222223,NORMAL,N,,,,84015,84120,,,,
203,393,84295,234.15277777777777,NORMAL,N,84216,84229,84250,84269,84310,84345,84387,84429,normal
203,394,84563,234.8972222222222,NORMAL,N,84466,84491,84516,84536,84579,84613,84649,84673,normal
203,395,84815,235.59722222222223,NORMAL,N,84704,84712,84727,84788,84878,84892,84919,84929,inverted
203,396,85108,236.4111111111111,NORMAL,N,,,,85086,85160,85168,85189,85200,normal
203,397,85322,237.00555555555556,NORMAL,N,85231,85253,85271,85297,85336,,,,
203,398,85454,237.37222222222223,NORMAL,N,85381,85403,85417,85426,85498,85514,85527,85541,normal
203,399,85592,237.75555555555556,NORMAL,N,,,,85569,85654,85668,85713,85742,inverted
203,400,85834,238.42777777777778,NORMAL,N,85764,85780,85796,85808,85894,,,,
203,401,86051,239.03055555555557,NORMAL,N,,,,86026,86064,86098,86129,86159,normal
203,402,86293,239.70277777777778,NORMAL,N,86164,86173,86211,86256,86306,86334,86368,86376,normal
203,403,86491,240.25277777777777,NORMAL,N,86415,86433,86459,86466,86505,86548,86572,86589,normal
203,404,86812,241.14444444444445,NORMAL,N,86723,86746,86761,86786,86829,86873,86908,86929,normal
203,405,87090,241.91666666666666,NORMAL,N,86959,86970,86988,87057,87159,87184,87194,87231,normal
203,406,87323,242.5638888888889,NORMAL,N,,,,87288,87356,87384,87415,87450,normal
203,407,87614,243.37222222222223,NORMAL,N,,,,87583,87659,87668,87704,87752,normal
203,408,87869,244.08055555555555,NORMAL,N,87803,87815,87837,87844,87882,87924,87960,87989,normal
203,409,88128,244.8,NORMAL,N,88030,88044,88056,88102,88140,88169,88206,88224,normal
203,410,88378,245.49444444444444,NORMAL,N,88248,88263,88287,88353,88391,,,,
203,411,88536,245.93333333333334,NORMAL,N,88437,88460,88478,88506,88590,,,,
203,412,88787,246.63055555555556,NORMAL,N,88698,88713,88734,88755,88803,88859,88901,88931,normal
203,413,89009,247.24722222222223,NORMAL,N,,,,88985,89024,89062,89100,89129,normal
203,414,89237,247.88055555555556,NORMAL,N,89181,89193,89204,89211,89274,89298,89322,89335,normal
203,415,89463,248.50833333333333,PVC,V,,,,89417,89496,89499,89529,89572,normal
203,416,89661,249.05833333333334,NORMAL,N,,,,89635,89676,,89693,89735,positive_monophasic
203,417,89791,249.41944444444445,NORMAL,N,,,,89768,89804,89845,89874,89884,normal
203,418,89929,249.80277777777778,NORMAL,N,,,,89906,89943,,89976,90007,positive_monophasic
203,419,90073,250.20277777777778,NORMAL,N,,,,90050,90145,,,,
203,420,90195,250.54166666666666,NORMAL,N,,,,90166,90261,,,,
203,421,90304,250.84444444444443,NORMAL,N,,,,90279,90369,,,,
203,422,90513,251.425,NORMAL,N,90437,90468,90481,90486,90556,,90562,90608,positive_monophasic
203,423,90782,252.17222222222222,NORMAL,N,90694,90713,90733,90754,90795,,90826,90863,positive_monophasic
203,424,91083,253.00833333333333,NORMAL,N,91025,91034,91050,91056,91133,91158,91178,91187,normal
203,425,91386,253.85,NORMAL,N,91299,91317,91345,91360,91397,91434,91463,91493,normal
203,426,91627,254.51944444444445,NORMAL,N,91537,91550,91572,91601,91661,91676,91714,91733,normal
203,427,91827,255.075,PVC,V,91806,91740,91761,91766,91881,,,,
203,428,91887,255.24166666666667,PVC,V,,91831,91851,91857,91905,91916,91946,91979,normal
203,429,92119,255.88611111111112,NORMAL,N,92022,92037,92063,92090,92133,,92177,92202,positive_monophasic
203,430,92275,256.31944444444446,NORMAL,N,,,,92240,92289,92309,92343,92361,normal
203,431,92634,257.31666666666666,NORMAL,N,92510,92519,92538,92606,92646,,92665,92720,positive_monophasic
203,432,92791,257.7527777777778,PVC,V,,,,92756,92824,92829,92859,92913,normal
203,433,93193,258.86944444444447,NORMAL,N,,,,93165,93209,,93253,93301,positive_monophasic
203,434,93431,259.53055555555557,NORMAL,N,,,,93402,93446,93474,93511,93560,normal
203,435,93665,260.18055555555554,NORMAL,N,93567,93594,93607,93624,93722,93725,93808,93827,biphasic_positive_negative
203,436,93956,260.9888888888889,NORMAL,N,93854,93866,93882,93929,93970,94009,94035,94052,normal
203,437,94093,261.36944444444447,PVC,V,,,,94056,94163,,,,
203,438,94249,261.8027777777778,NORMAL,N,94138,94164,94188,94227,94295,94303,94330,94376,normal
203,439,94462,262.39444444444445,NORMAL,N,94382,94409,94424,94429,94517,94533,94573,94592,normal
203,440,94670,262.97222222222223,NORMAL,N,,,,94646,94685,94721,94747,94774,normal
203,441,94991,263.8638888888889,NORMAL,N,,,,94960,95006,95056,95112,95154,normal
203,442,95282,264.6722222222222,NORMAL,N,95202,95217,95238,95254,95297,95325,95378,95411,normal
203,443,95638,265.6611111111111,NORMAL,N,,,,95588,95692,,95693,95723,positive_monophasic
203,444,95814,266.15,NORMAL,N,95739,95752,95775,95784,95828,,,,
203,445,95939,266.4972222222222,NORMAL,N,95861,95889,95907,95914,95981,95983,96012,96027,normal
203,446,96257,267.38055555555553,NORMAL,N,96134,96162,96183,96222,96303,96309,96337,96346,normal
203,447,96418,267.8277777777778,PVC,V,,,,96384,96449,96453,96483,96526,normal
203,448,96746,268.7388888888889,NORMAL,N,96630,96646,96682,96720,96761,,,,
203,449,96885,269.125,PVC,V,96791,96798,96834,96862,96909,,96910,96964,positive_monophasic
203,450,97022,269.50555555555553,PVC,V,,,,97020,97039,,,,
203,451,97087,269.68611111111113,PVC,V,,,,,97142,97155,97216,97259,normal
203,452,97394,270.5388888888889,NORMAL,N,97300,97333,97361,97369,97410,97451,97526,97536,normal
203,453,97637,271.2138888888889,NORMAL,N,,,,97601,97680,97682,97722,97781,normal
203,454,97930,272.02777777777777,NORMAL,N,97803,97814,97836,97903,97944,,97965,98005,positive_monophasic
203,455,98149,272.6361111111111,NORMAL,N,,,,98113,98166,98190,98228,98261,normal
203,456,98412,273.3666666666667,NORMAL,N,98303,98313,98332,98379,98428,98457,98490,98506,normal
203,457,98697,274.15833333333336,NORMAL,N,,,,98661,98713,,98738,98775,positive_monophasic
203,458,98850,274.5833333333333,NORMAL,N,,,,98821,98908,,,,
203,459,98979,274.94166666666666,NORMAL,N,98892,98922,98943,98948,99049,,,,
203,460,99113,275.31388888888887,NORMAL,N,,,,99072,99178,,,,
203,461,99245,275.68055555555554,NORMAL,N,,,,99211,99260,99290,99325,99337,normal
203,462,99663,276.84166666666664,NORMAL,N,,,,99638,99698,,,,
203,463,99824,277.2888888888889,PVC,V,,,,99793,99835,99842,99895,99957,normal
203,464,100168,278.24444444444447,NORMAL,N,,,,100142,100201,100215,100229,100266,inverted
203,465,100315,278.65277777777777,PVC,V,,,,100297,100338,,,,
203,466,100391,278.8638888888889,PVC,V,,,,100353,100415,100426,100445,100511,inverted
203,467,100693,279.7027777777778,NORMAL,N,,,,100671,100725,100752,100778,100790,normal
203,468,101120,280.8888888888889,NORMAL,N,,,,101096,101150,,101164,101204,positive_monophasic
203,469,101287,281.35277777777776,PVC,V,101222,101232,101281,101285,101352,,101353,101403,negative_monophasic
203,470,101522,282.00555555555553,NORMAL,N,,,,101498,101563,101581,101612,101626,normal
203,471,101777,282.7138888888889,NORMAL,N,,,,101752,101798,101842,101868,101894,normal
203,472,102047,283.4638888888889,NORMAL,N,,,,102027,102079,102084,102128,102142,normal
203,473,102307,284.18611111111113,NORMAL,N,,,,102287,102332,102371,102394,102424,normal
203,474,102629,285.0805555555556,NORMAL,N,,,,102608,102656,102672,102712,102728,normal
203,475,102853,285.7027777777778,NORMAL,N,,,,102833,102877,102891,102939,102987,normal
203,476,103108,286.4111111111111,NORMAL,N,,,,103086,103129,,103151,103187,positive_monophasic
203,477,103249,286.8027777777778,PVC,V,,,,103213,103250,103280,103316,103350,normal
203,478,103512,287.53333333333336,NORMAL,N,,,,103491,103659,,,,
203,479,103659,287.94166666666666,PVC,V,,,,103632,,,103695,103734,positive_monophasic
203,480,103788,288.3,PVC,V,,,,103785,103855,,103856,103892,negative_monophasic
203,481,104016,288.93333333333334,NORMAL,N,,,,103993,104041,,104072,104107,positive_monophasic
203,482,104204,289.4555555555556,NORMAL,N,,,,104179,104220,104245,104288,104327,normal
203,483,104521,290.3361111111111,NORMAL,N,,,,104496,104550,,104576,104608,positive_monophasic
203,484,104703,290.84166666666664,NORMAL,N,,,,104683,104731,104742,104778,104795,normal
203,485,105105,291.9583333333333,NORMAL,N,,,,105081,105132,,105156,105195,positive_monophasic
203,486,105264,292.4,PVC,V,,,,105235,105274,105298,105330,105387,normal
203,487,105585,293.2916666666667,NORMAL,N,,,,105565,105606,105648,105700,105721,normal
203,488,105822,293.95,NORMAL,N,,,,105799,105847,105870,105908,105927,normal
203,489,106011,294.475,NORMAL,N,,,,105991,106033,106054,106097,106140,normal
203,490,106259,295.1638888888889,NORMAL,N,,,,106236,106296,106317,106350,106365,normal
203,491,106409,295.5805555555556,PVC,V,,,,106381,106420,106465,106487,106525,normal
203,492,106648,296.24444444444447,NORMAL,N,,,,106637,106677,106695,106758,106775,biphasic_negative_positive
203,493,106871,296.8638888888889,NORMAL,N,,,,106855,106897,106908,106957,106983,normal
203,494,107105,297.5138888888889,NORMAL,N,,,,107096,107167,107168,107235,107245,biphasic_positive_negative
203,495,107386,298.2944444444444,NORMAL,N,,,,107364,107420,107450,107477,107500,normal
203,496,107653,299.0361111111111,NORMAL,N,,,,107635,107682,107701,107742,107770,normal
203,497,107842,299.56111111111113,NORMAL,N,,,,107821,107860,,,,
203,498,107972,299.9222222222222,NORMAL,N,,,,107946,107989,108011,108048,108078,normal
203,499,108206,300.5722222222222,NORMAL,N,,,,108175,108240,108270,108298,108318,normal
203,500,108475,301.31944444444446,NORMAL,N,,,,108453,108502,108536,108565,108578,normal
203,501,108616,301.7111111111111,PVC,V,,,,108583,108635,,108650,108693,positive_monophasic
203,502,108749,302.0805555555556,PVC,V,,,,108746,108832,,,,
203,503,108862,302.39444444444445,PVC,V,,,,108860,108863,,,,
203,504,108926,302.5722222222222,PVC,V,,,,,108983,108998,109013,109048,inverted
203,505,109110,303.0833333333333,NORMAL,N,,,,109099,109133,,109137,109180,positive_monophasic
203,506,109375,303.81944444444446,PVC,V,,,,109355,109416,109423,109431,109440,inverted
203,507,109523,304.23055555555555,PVC,V,,,,109502,109524,,,,
203,508,109633,304.5361111111111,PVC,V,,,,109610,109644,109673,109684,109716,inverted
203,509,109779,304.94166666666666,PVC,V,,,,109756,109792,109805,109837,109869,inverted
203,510,109921,305.3361111111111,PVC,V,,,,109895,109932,,,,
203,511,110040,305.6666666666667,PVC,V,,,,110024,110059,,,,
203,512,110149,305.96944444444443,PVC,V,,,,110133,110166,110179,110208,110239,inverted
203,513,110311,306.4194444444444,PVC,V,,,,110284,110330,,110342,110374,negative_monophasic
203,514,110450,306.80555555555554,PVC,V,,,,110430,110468,110480,110507,110538,inverted
203,515,110808,307.8,NORMAL,N,,,,110785,110836,,110845,110909,positive_monophasic
203,516,110964,308.23333333333335,PVC,V,,,,110920,110982,110997,111030,111093,normal
203,517,111224,308.9555555555556,NORMAL,N,,,,111204,111251,,,,
203,518,111368,309.35555555555555,PVC,V,,,,111348,111389,111398,111435,111467,normal
203,519,111519,309.775,NORMAL,N,,,,111509,111545,111550,111593,111610,normal
203,520,111742,310.39444444444445,NORMAL,N,,,,111721,111767,,,,
203,521,111873,310.7583333333333,PVC,V,,,,111847,111874,111912,111946,111994,normal
203,522,112057,311.26944444444445,PVC,V,,,,112024,112095,,,,
203,523,112137,311.4916666666667,NORMAL,N,,,,112123,112175,112192,112216,112231,normal
203,524,112411,312.2527777777778,NORMAL,N,,,,112385,112439,,112462,112498,positive_monophasic
203,525,112748,313.18888888888887,NORMAL,N,,,,112732,112769,,,,
203,526,112939,313.71944444444443,NORMAL,N,,,,112922,112961,112979,113016,113056,normal
203,527,113258,314.60555555555555,NORMAL,N,,,,113238,113284,113302,113336,113346,normal
203,528,113445,315.125,NORMAL,N,,,,113423,113471,113486,113515,113535,normal
203,529,113683,315.7861111111111,NORMAL,N,,,,113674,113704,113726,113761,113784,normal
203,530,113822,316.1722222222222,PVC,V,,,,113789,113823,113852,113887,113923,normal
203,531,114100,316.94444444444446,NORMAL,N,,,,114080,114131,,114142,114188,positive_monophasic
203,532,114351,317.64166666666665,NORMAL,N,,,,114319,114382,114395,114428,114448,normal
203,533,114603,318.34166666666664,NORMAL,N,,,,114593,114623,,,,
203,534,114763,318.7861111111111,NORMAL,N,,,,114737,114790,114798,114830,114851,normal
203,535,115033,319.5361111111111,NORMAL,N,,,,115013,115067,,115092,115120,positive_monophasic
203,536,115298,320.27222222222224,NORMAL,N,,,,115279,115324,,115344,115373,positive_monophasic
203,537,115474,320.7611111111111,NORMAL,N,,,,115453,115498,115515,115544,115571,normal
203,538,115741,321.5027777777778,NORMAL,N,,,,115731,115763,115783,115820,115843,normal
203,539,116011,322.2527777777778,NORMAL,N,,,,115989,116044,116057,116088,116109,normal
203,540,116283,323.0083333333333,NORMAL,N,,,,116261,116308,,116332,116370,positive_monophasic
203,541,116492,323.5888888888889,PVC,V,,,,116464,116536,,,,
203,542,116586,323.85,NORMAL,N,,,,116563,116609,116633,116661,116688,normal
203,543,116730,324.25,NORMAL,N,,,,116702,116758,116761,116805,116820,normal
203,544,117007,325.01944444444445,NORMAL,N,,,,116986,117040,,117052,117089,positive_monophasic
203,545,117278,325.77222222222224,NORMAL,N,,,,117260,117293,117324,117365,117387,normal
203,546,117524,326.4555555555556,NORMAL,N,,,,117504,117540,117572,117600,117625,normal
203,547,117734,327.0388888888889,NORMAL,N,,,,117710,117760,,117761,117803,positive_monophasic
203,548,117867,327.40833333333336,NORMAL,N,,,,117839,117887,117911,117936,117949,normal
203,549,118012,327.81111111111113,NORMAL,N,,,,117997,118036,118064,118088,118117,normal
203,550,118236,328.43333333333334,NORMAL,N,,,,118215,118264,118279,118316,118327,normal
203,551,118379,328.8305555555556,NORMAL,N,,,,118356,118407,,118410,118452,positive_monophasic
203,552,118542,329.28333333333336,NORMAL,N,,,,118522,118575,118595,118631,118660,normal
203,553,118764,329.9,NORMAL,N,,,,118738,118791,118814,118848,118872,normal
203,554,119040,330.6666666666667,NORMAL,N,,,,119018,119074,119088,119123,119140,normal
203,555,119299,331.3861111111111,NORMAL,N,,,,119279,119332,119358,119386,119423,normal
203,556,119643,332.34166666666664,NORMAL,N,,,,119621,119667,119678,119722,119736,normal
203,557,119918,333.10555555555555,NORMAL,N,,,,119896,119949,119958,119993,120011,normal
203,558,120185,333.84722222222223,NORMAL,N,,,,120166,120214,120235,120259,120278,normal
203,559,120363,334.34166666666664,NORMAL,N,,,,120345,120387,120397,120434,120485,normal
203,560,120609,335.025,NORMAL,N,,,,120586,120633,120669,120694,120719,normal
203,561,120857,335.7138888888889,NORMAL,N,,,,120834,120879,120903,120938,120961,normal
203,562,121024,336.1777777777778,NORMAL,N,,,,121008,121039,121079,121109,121138,normal
203,563,121272,336.8666666666667,NORMAL,N,,,,121251,121286,121334,121372,121394,normal
203,564,121548,337.6333333333333,NORMAL,N,,,,121524,121581,121587,121630,121649,normal
203,565,121713,338.09166666666664,NORMAL,N,,,,121701,121732,,,,
203,566,121844,338.4555555555556,NORMAL,N,,,,121819,121869,121890,121916,121940,normal
203,567,122076,339.1,NORMAL,N,,,,122050,122109,122131,122169,122182,normal
203,568,122392,339.97777777777776,NORMAL,N,,,,122368,122529,,122439,122468,positive_monophasic
203,569,122529,340.35833333333335,PVC,V,,,,122505,122661,,,,
203,570,122661,340.725,PVC,V,,,,122634,,122702,122733,122773,normal
203,571,123038,341.77222222222224,NORMAL,N,,,,123017,123196,123106,123134,123143,normal
203,572,123196,342.2111111111111,PVC,V,,,,123171,,123199,123264,123321,normal
203,573,123462,342.95,NORMAL,N,,,,123441,123502,,123514,123556,positive_monophasic
203,574,123622,343.39444444444445,NORMAL,N,,,,123595,123650,123666,123701,123720,normal
203,575,123756,343.76666666666665,NORMAL,N,,,,123736,123783,,,,
203,576,123894,344.15,NORMAL,N,,,,123880,123921,123931,123965,123977,normal
203,577,124025,344.5138888888889,NORMAL,N,,,,124005,124053,124081,124104,124113,normal
203,578,124265,345.18055555555554,NORMAL,N,,,,124244,124292,124316,124347,124361,normal
203,579,124446,345.68333333333334,NORMAL,N,,,,124427,124472,124485,124519,124541,normal
203,580,124684,346.34444444444443,NORMAL,N,,,,124665,124706,,124726,124759,positive_monophasic
203,581,125015,347.2638888888889,NORMAL,N,,,,124996,125036,,125062,125097,positive_monophasic
203,582,125215,347.81944444444446,NORMAL,N,,,,125194,125241,125253,125291,125305,normal
203,583,125357,348.2138888888889,NORMAL,N,,,,125339,125384,125403,125435,125454,normal
203,584,125735,349.2638888888889,NORMAL,N,,,,125712,125762,,125800,125843,positive_monophasic
203,585,125909,349.7472222222222,PVC,V,,,,125876,125921,125942,125975,126002,normal
203,586,126168,350.46666666666664,NORMAL,N,,,,126146,126195,126227,126251,126259,normal
203,587,126397,351.10277777777776,NORMAL,N,,,,126375,126428,126438,126472,126492,normal
203,588,126605,351.68055555555554,NORMAL,N,,,,126585,126632,126657,126683,126708,normal
203,589,126911,352.53055555555557,NORMAL,N,,,,126892,126933,,,,
203,590,127057,352.93611111111113,PVC,V,,,,127033,127079,127099,127129,127169,normal
203,591,127237,353.43611111111113,NORMAL,N,,,,127215,127263,127285,127320,127335,normal
203,592,127415,353.93055555555554,NORMAL,N,,,,127386,127448,127459,127492,127509,normal
203,593,127650,354.5833333333333,NORMAL,N,,,,127629,127670,127694,127730,127749,normal
203,594,127969,355.46944444444443,NORMAL,N,,,,127946,128000,128038,128075,128092,normal
203,595,128195,356.09722222222223,NORMAL,N,,,,128174,128222,128237,128273,128289,normal
203,596,128484,356.9,NORMAL,N,,,,128463,128505,128548,128577,128602,normal
203,597,128724,357.56666666666666,NORMAL,N,,,,128702,128755,,,,
203,598,128852,357.9222222222222,PVC,V,,,,128809,128870,,,,
203,599,128982,358.28333333333336,NORMAL,N,,,,128969,129013,,,,
203,600,129099,358.60833333333335,NORMAL,N,,,,129077,129122,,129129,129169,positive_monophasic
203,601,129217,358.93611111111113,NORMAL,N,,,,129198,129241,,129271,129294,positive_monophasic
203,602,129463,359.61944444444447,NORMAL,N,,,,129441,129596,,129504,129550,positive_monophasic
203,603,129596,359.9888888888889,PVC,V,,,,129573,,129644,129679,129739,normal
203,604,129854,360.7055555555556,NORMAL,N,,,,129829,129883,129914,129941,129948,normal
203,605,130252,361.81111111111113,NORMAL,N,,,,130227,130279,,130301,130343,positive_monophasic
203,606,130501,362.5027777777778,NORMAL,N,,,,130477,130526,130539,130579,130588,normal
203,607,130857,363.4916666666667,NORMAL,N,,,,130836,130885,130902,130936,130945,normal
203,608,131106,364.18333333333334,NORMAL,N,,,,131087,131121,131150,131185,131211,normal
203,609,131344,364.84444444444443,NORMAL,N,,,,131324,131371,131381,131423,131433,normal
203,610,131758,365.99444444444447,NORMAL,N,,,,131734,131785,,131811,131844,positive_monophasic
203,611,132031,366.7527777777778,NORMAL,N,,,,132007,132060,132078,132118,132149,normal
203,612,132364,367.6777777777778,NORMAL,N,,,,132343,132385,132407,132443,132458,normal
203,613,132646,368.4611111111111,NORMAL,N,,,,132625,132673,,132689,132726,positive_monophasic
203,614,132969,369.35833333333335,NORMAL,N,,,,132948,132991,133021,133053,133066,normal
203,615,133203,370.0083333333333,NORMAL,N,,,,133179,133217,133245,133278,133295,normal
203,616,133555,370.9861111111111,NORMAL,N,,,,133531,133569,133610,133642,133667,normal
203,617,133847,371.7972222222222,NORMAL,N,,,,133829,133866,133897,133936,133956,normal
203,618,134074,372.4277777777778,NORMAL,N,,,,134053,134112,134126,134162,134179,normal
203,619,134405,373.34722222222223,NORMAL,N,,,,134382,134441,,134456,134486,positive_monophasic
203,620,134626,373.9611111111111,NORMAL,N,,,,134606,134652,134673,134711,134735,normal
203,621,134818,374.49444444444447,NORMAL,N,,,,134798,134833,134871,134898,134928,normal
203,622,135056,375.15555555555557,NORMAL,N,,,,135044,135069,135109,135140,135150,normal
203,623,135294,375.81666666666666,NORMAL,N,,,,135272,135307,135328,135390,135424,normal
203,624,135615,376.7083333333333,NORMAL,N,,,,135593,135642,,135670,135701,positive_monophasic
203,625,135783,377.175,PVC,V,,,,135746,135791,,,,
203,626,135888,377.46666666666664,PVC,V,,,,135855,135906,135931,135962,135996,normal
203,627,136299,378.60833333333335,NORMAL,N,,,,136278,136332,,136358,136393,positive_monophasic
203,628,136469,379.0805555555556,PVC,V,,,,136441,136476,136482,136538,136594,normal
203,629,136678,379.6611111111111,NORMAL,N,,,,136660,136704,,,,
203,630,136812,380.03333333333336,PVC,V,,,,136792,136813,136858,136889,136920,normal
203,631,137044,380.6777777777778,NORMAL,N,,,,137022,137063,137101,137152,137165,normal
203,632,137223,381.175,NORMAL,N,,,,137203,137238,137270,137293,137310,normal
203,633,137353,381.5361111111111,NORMAL,N,,,,137326,137364,,,,
203,634,137470,381.8611111111111,NORMAL,N,,,,137459,137484,137521,137548,137594,normal
203,635,137697,382.4916666666667,NORMAL,N,,,,137677,137713,,137726,137782,positive_monophasic
203,636,137854,382.9277777777778,NORMAL,N,,,,137833,137885,,,,
203,637,138003,383.34166666666664,NORMAL,N,,,,137982,138035,138045,138083,138102,normal
203,638,138241,384.0027777777778,NORMAL,N,,,,138227,138269,138277,138324,138335,normal
203,639,138386,384.40555555555557,NORMAL,N,,,,138357,138413,,,,
203,640,138503,384.73055555555555,NORMAL,N,,,,138484,138522,138547,138579,138591,normal
203,641,138771,385.475,NORMAL,N,,,,138751,138786,,138833,138875,positive_monophasic
203,642,139045,386.2361111111111,NORMAL,N,,,,139024,139079,,,,
203,643,139171,386.5861111111111,PVC,V,,,,139126,139195,139213,139247,139282,normal
203,644,139436,387.3222222222222,NORMAL,N,,,,139415,139469,,139470,139516,positive_monophasic
203,645,139637,387.88055555555553,NORMAL,N,,,,139619,139661,139686,139711,139753,normal
203,646,139809,388.35833333333335,NORMAL,N,,,,139791,139834,139856,139887,139897,normal
203,647,140038,388.99444444444447,NORMAL,N,,,,140018,140068,140105,140132,140169,normal
203,648,140288,389.68888888888887,NORMAL,N,,,,140265,140315,140341,140372,140408,normal
203,649,140570,390.47222222222223,NORMAL,N,,,,140551,140593,140635,140655,140674,normal
203,650,140891,391.3638888888889,NORMAL,N,,,,140863,140936,140940,140998,141018,biphasic_positive_negative
203,651,141169,392.1361111111111,NORMAL,N,,,,141146,141211,141212,141245,141285,normal
203,652,141484,393.0111111111111,NORMAL,N,,,,141459,141502,141539,141561,141596,normal
203,653,141704,393.6222222222222,NORMAL,N,,,,141690,141714,141748,141765,141785,normal
203,654,142025,394.5138888888889,NORMAL,N,,,,141992,142048,142077,142102,142130,normal
203,655,142311,395.30833333333334,NORMAL,N,,,,142290,142341,142364,142393,142419,normal
203,656,142530,395.9166666666667,NORMAL,N,,,,142502,142542,142566,142607,142638,normal
203,657,142800,396.6666666666667,NORMAL,N,,,,142774,142815,142857,142894,142936,normal
203,658,143056,397.3777777777778,NORMAL,N,,,,143036,143074,143110,143144,143155,normal
203,659,143233,397.86944444444447,NORMAL,N,,,,143213,143266,143268,143312,143332,normal
203,660,143451,398.475,NORMAL,N,,,,143429,143476,143501,143529,143539,normal
203,661,143591,398.8638888888889,PVC,V,,,,143577,143608,143633,143659,143686,normal
203,662,143847,399.575,NORMAL,N,,,,143836,143860,143891,143939,143972,normal
203,663,144126,400.35,NORMAL,N,,,,144104,144137,144180,144207,144238,normal
203,664,144315,400.875,NORMAL,N,,,,144282,144339,144355,144388,144427,normal
203,665,144537,401.4916666666667,NORMAL,N,,,,144512,144562,,144581,144611,positive_monophasic
203,666,144699,401.94166666666666,NORMAL,N,,,,144669,144711,144735,144772,144790,normal
203,667,144931,402.5861111111111,NORMAL,N,,,,144908,145084,,,,
203,668,145084,403.0111111111111,PVC,V,,,,145050,,145085,145157,145191,normal
203,669,145320,403.6666666666667,NORMAL,N,,,,145300,145353,145382,145423,145451,normal
203,670,145524,404.23333333333335,NORMAL,N,,,,145500,145536,,145556,145594,positive_monophasic
203,671,145654,404.59444444444443,NORMAL,N,,,,145625,145672,145697,145717,145737,normal
203,672,145773,404.925,NORMAL,N,,,,145748,145790,145812,145837,145855,normal
203,673,145916,405.3222222222222,NORMAL,N,,,,145895,145942,,,,
203,674,146047,405.68611111111113,NORMAL,N,,,,146026,146074,,,,
203,675,146168,406.02222222222224,NORMAL,N,,,,146145,146194,146200,146238,146245,normal
203,676,146292,406.3666666666667,NORMAL,N,,,,146268,146313,,146327,146360,positive_monophasic
203,677,146439,406.775,NORMAL,N,,,,146418,146452,146475,146520,146538,normal
203,678,146756,407.65555555555557,NORMAL,N,,,,146737,146786,146814,146849,146867,normal
203,679,147025,408.40277777777777,NORMAL,N,,,,147002,147058,147078,147110,147128,normal
203,680,147266,409.0722222222222,NORMAL,N,,,,147244,147291,147317,147343,147381,normal
203,681,147494,409.7055555555556,NORMAL,N,,,,147472,147514,147527,147569,147586,normal
203,682,147752,410.4222222222222,NORMAL,N,,,,147731,147771,,,,
203,683,147956,410.9888888888889,PVC,V,,,,147884,,,,,
203,684,147965,411.0138888888889,PVC,V,,,,,147983,147998,148011,148067,inverted
203,685,148129,411.46944444444443,NORMAL,N,,,,148110,148167,148180,148206,148233,normal
203,686,148438,412.3277777777778,NORMAL,N,,,,148414,148460,,148484,148520,positive_monophasic
203,687,148585,412.7361111111111,PVC,V,,,,148553,148595,148617,148650,148710,normal
203,688,148773,413.2583333333333,NORMAL,N,,,,148754,148802,148829,148859,148871,normal
203,689,148914,413.65,NORMAL,N,,,,148888,148939,148942,148985,148995,normal
203,690,149177,414.38055555555553,NORMAL,N,,,,149157,149205,,149226,149266,positive_monophasic
203,691,149347,414.85277777777776,PVC,V,,,,149317,149356,149364,149412,149478,normal
203,692,149575,415.4861111111111,NORMAL,N,,,,149539,149606,149632,149668,149676,normal
203,693,149855,416.2638888888889,NORMAL,N,,,,149832,149871,149896,149940,149955,normal
203,694,150176,417.15555555555557,NORMAL,N,,,,150153,150208,150245,150275,150304,normal
203,695,150384,417.73333333333335,NORMAL,N,,,,150351,150420,150423,150456,150471,normal
203,696,150563,418.23055555555555,NORMAL,N,,,,150545,150584,,150602,150632,positive_monophasic
203,697,150697,418.60277777777776,NORMAL,N,,,,150670,150724,150753,150772,150784,normal
203,698,150960,419.3333333333333,NORMAL,N,,,,150940,150981,,151005,151045,positive_monophasic
203,699,151210,420.02777777777777,NORMAL,N,,,,151186,151231,151246,151284,151303,normal
203,700,151462,420.72777777777776,NORMAL,N,,,,151440,151478,151513,151545,151559,normal
203,701,151804,421.6777777777778,NORMAL,N,,,,151783,151826,151839,151906,151922,normal
203,702,152140,422.6111111111111,NORMAL,N,,,,152119,152153,152184,152216,152232,normal
203,703,152326,423.1277777777778,NORMAL,N,,,,152306,152341,152360,152391,152408,normal
203,704,152531,423.6972222222222,NORMAL,N,,,,152504,152551,152585,152610,152643,normal
203,705,152773,424.36944444444447,NORMAL,N,,,,152750,152792,152814,152860,152897,normal
203,706,153038,425.10555555555555,NORMAL,N,,,,153016,153067,153073,153137,153158,normal
203,707,153325,425.90277777777777,NORMAL,N,,,,153303,153340,,,,
203,708,153477,426.325,PVC,V,,,,153443,153478,,153511,153549,positive_monophasic
203,709,153602,426.6722222222222,PVC,V,,,,153550,153621,153629,153662,153693,normal
203,710,153858,427.3833333333333,NORMAL,N,,,,153836,153883,153925,153958,153970,normal
203,711,154123,428.11944444444447,NORMAL,N,,,,154101,154141,154184,154214,154226,normal
203,712,154270,428.52777777777777,PVC,V,,,,154237,154271,154300,154338,154366,normal
203,713,154460,429.05555555555554,PVC,V,,,,154403,154496,,,,
203,714,154617,429.4916666666667,NORMAL,N,,,,154599,154645,,154668,154704,positive_monophasic
203,715,154866,430.18333333333334,NORMAL,N,,,,154844,154891,,,,
203,716,155012,430.5888888888889,NORMAL,N,,,,154998,155025,155053,155087,155105,normal
203,717,155264,431.2888888888889,NORMAL,N,,,,155239,155279,155295,155373,155396,normal
203,718,155489,431.9138888888889,NORMAL,N,,,,155468,155521,155536,155564,155594,normal
203,719,155880,433.0,NORMAL,N,,,,155858,155906,155949,155994,156016,normal
203,720,156097,433.60277777777776,NORMAL,N,,,,156069,156120,156142,156175,156201,normal
203,721,156443,434.56388888888887,NORMAL,N,,,,156422,156463,156490,156539,156576,normal
203,722,156709,435.3027777777778,NORMAL,N,,,,156689,156734,156758,156788,156817,normal
203,723,156950,435.97222222222223,NORMAL,N,,,,156931,156984,156991,157028,157053,normal
203,724,157205,436.68055555555554,NORMAL,N,,,,157183,157236,157244,157287,157302,normal
203,725,157361,437.1138888888889,NORMAL,N,,,,157345,157386,157421,157457,157492,normal
203,726,157721,438.1138888888889,NORMAL,N,,,,157697,157747,157772,157810,157822,normal
203,727,157890,438.5833333333333,PVC,V,,,,157853,157901,157908,157959,158006,normal
203,728,158104,439.1777777777778,NORMAL,N,,,,158072,158123,158163,158212,158228,normal
203,729,158357,439.88055555555553,NORMAL,N,,,,158335,158389,158394,158454,158493,normal
203,730,158608,440.5777777777778,NORMAL,N,,,,158587,158629,158649,158692,158704,normal
203,731,158867,441.2972222222222,NORMAL,N,,,,158845,158892,158908,158943,158960,normal
203,732,159007,441.68611111111113,PVC,V,,,,158983,159029,159044,159079,159107,normal
203,733,159143,442.06388888888887,NORMAL,N,,,,159116,159169,159201,159238,159267,normal
203,734,159456,442.93333333333334,NORMAL,N,,,,159435,159492,,159504,159542,positive_monophasic
203,735,159613,443.36944444444447,PVC,V,,,,159577,159631,159647,159677,159734,normal
203,736,159863,444.06388888888887,NORMAL,N,,,,159840,159895,159917,159998,160008,normal
203,737,160201,445.0027777777778,NORMAL,N,,,,160170,160225,,160240,160285,positive_monophasic
203,738,160408,445.5777777777778,NORMAL,N,,,,160388,160435,160457,160492,160518,normal
203,739,160685,446.34722222222223,NORMAL,N,,,,160661,160710,,160723,160772,positive_monophasic
203,740,160830,446.75,PVC,V,,,,160784,160851,,,,
203,741,160905,446.9583333333333,NORMAL,N,,,,160861,160926,160943,160980,161020,biphasic_positive_negative
203,742,161193,447.7583333333333,NORMAL,N,,,,161165,161215,,,,
203,743,161341,448.1694444444444,PVC,V,,,,161313,161350,161357,161405,161460,normal
203,744,161600,448.8888888888889,NORMAL,N,,,,161575,161622,,,,
203,745,161741,449.28055555555557,PVC,V,,,,161718,161761,,,,
203,746,161887,449.68611111111113,NORMAL,N,,,,161866,161917,161944,161967,161983,normal
203,747,162032,450.0888888888889,NORMAL,N,,,,162008,162055,162061,162108,162126,normal
203,748,162315,450.875,NORMAL,N,,,,162278,162343,,162363,162421,positive_monophasic
203,749,162531,451.475,NORMAL,N,,,,162512,162557,162588,162625,162650,normal
203,750,162929,452.5805555555556,NORMAL,N,,,,162906,162961,162997,163043,163048,normal
203,751,163085,453.0138888888889,PVC,V,,,,163056,163101,163118,163152,163209,normal
203,752,163334,453.7055555555556,NORMAL,N,,,,163314,163362,,,,
203,753,163470,454.0833333333333,PVC,V,,,,163445,163493,163506,163543,163571,normal
203,754,163696,454.7111111111111,NORMAL,N,,,,163674,163735,163758,163778,163787,normal
203,755,164027,455.63055555555553,NORMAL,N,,,,164006,164057,164093,164121,164134,normal
203,756,164222,456.1722222222222,NORMAL,N,,,,164199,164244,164265,164307,164327,normal
203,757,164470,456.8611111111111,NORMAL,N,,,,164449,164490,164517,164551,164566,normal
203,758,164709,457.525,NORMAL,N,,,,164689,164729,164745,164789,164810,normal
203,759,164942,458.1722222222222,NORMAL,N,,,,164921,164971,164989,165022,165047,normal
203,760,165137,458.7138888888889,NORMAL,N,,,,165120,165150,,,,
203,761,165275,459.09722222222223,NORMAL,N,,,,165252,165294,165305,165363,165397,normal
203,762,165559,459.8861111111111,NORMAL,N,,,,165536,165587,165614,165649,165662,normal
203,763,165715,460.31944444444446,PVC,V,,,,165687,165725,165730,165789,165828,normal
203,764,165931,460.9194444444444,NORMAL,N,,,,165907,165947,165985,166013,166031,normal
203,765,166229,461.7472222222222,NORMAL,N,,,,166207,166258,166277,166334,166373,normal
203,766,166531,462.5861111111111,NORMAL,N,,,,166522,166553,166576,166601,166626,normal
203,767,166897,463.60277777777776,NORMAL,N,,,,166871,166919,,166946,166983,positive_monophasic
203,768,167058,464.05,PVC,V,,,,167033,167082,167108,167135,167166,normal
203,769,167422,465.06111111111113,NORMAL,N,,,,167397,167437,167484,167516,167526,normal
203,770,167742,465.95,NORMAL,N,,,,167730,167753,167784,167820,167839,normal
203,771,168009,466.69166666666666,NORMAL,N,,,,167985,168149,168055,168084,168106,normal
203,772,168149,467.0805555555556,PVC,V,,,,168118,,168193,168228,168260,normal
203,773,168325,467.56944444444446,NORMAL,N,,,,168303,168359,168382,168429,168468,normal
203,774,168631,468.4194444444444,NORMAL,N,,,,168611,168659,,168732,168750,positive_monophasic
203,775,168827,468.9638888888889,NORMAL,N,,,,168820,168855,168875,168915,168936,biphasic_positive_negative
203,776,169007,469.4638888888889,NORMAL,N,,,,168980,169031,169046,169078,169091,normal
203,777,169151,469.8638888888889,NORMAL,N,,,,169139,169168,169197,169226,169246,normal
203,778,169291,470.2527777777778,NORMAL,N,,,,169278,169318,169346,169370,169378,normal
203,779,169423,470.61944444444447,NORMAL,N,,,,169414,169445,169470,169498,169510,normal
203,780,169553,470.98055555555555,NORMAL,N,,,,169540,169576,169597,169625,169658,normal
203,781,169806,471.68333333333334,NORMAL,N,,,,169787,169841,,,,
203,782,169950,472.0833333333333,PVC,V,,,,169927,169966,169990,170022,170054,normal
203,783,170228,472.85555555555555,NORMAL,N,,,,170199,170404,170253,170300,170337,normal
203,784,170404,473.34444444444443,PVC,V,,,,170378,,170444,170475,170508,normal
203,785,170634,473.98333333333335,NORMAL,N,,,,170612,170668,,170669,170710,positive_monophasic
203,786,170770,474.3611111111111,NORMAL,N,,,,170750,170793,,170801,170846,positive_monophasic
203,787,170892,474.7,NORMAL,N,,,,170878,170919,170928,170972,170990,normal
203,788,171176,475.4888888888889,NORMAL,N,,,,171153,171208,171240,171269,171277,normal
203,789,171340,475.94444444444446,PVC,V,,,,171304,171352,171360,171408,171458,normal
203,790,171638,476.77222222222224,NORMAL,N,,,,171626,171665,,171682,171728,positive_monophasic
203,791,171810,477.25,NORMAL,N,,,,171796,171837,171848,171880,171908,normal
203,792,171965,477.68055555555554,NORMAL,N,,,,171946,171988,172015,172039,172079,normal
203,793,172164,478.23333333333335,NORMAL,N,,,,172144,172187,172203,172239,172269,normal
203,794,172461,479.05833333333334,NORMAL,N,,,,172438,172480,172513,172550,172563,normal
203,795,172661,479.6138888888889,NORMAL,N,,,,172637,172677,,,,
203,796,172795,479.9861111111111,NORMAL,N,,,,172781,172823,,,,
203,797,172949,480.4138888888889,NORMAL,N,,,,172931,172972,,172980,173026,positive_monophasic
203,798,173082,480.78333333333336,NORMAL,N,,,,173060,173098,,173124,173153,positive_monophasic
203,799,173233,481.2027777777778,NORMAL,N,,,,173210,173259,173274,173309,173331,normal
203,800,173563,482.11944444444447,NORMAL,N,,,,173551,173582,,,,
203,801,173715,482.5416666666667,PVC,V,,,,173666,173729,,,,
203,802,173787,482.7416666666667,NORMAL,N,,,,173752,173796,173838,173849,173866,normal
203,803,174091,483.5861111111111,NORMAL,N,,,,174069,174104,174156,174175,174192,normal
203,804,174342,484.28333333333336,NORMAL,N,174234,174241,174245,174320,174379,174381,174414,174454,normal
203,805,174607,485.01944444444445,NORMAL,N,,,,174594,174617,174642,174685,174709,normal
203,806,174872,485.75555555555553,NORMAL,N,,,,174856,174902,174928,174954,174967,normal
203,807,175027,486.18611111111113,NORMAL,N,,,,174995,175046,175081,175100,175118,normal
203,808,175222,486.72777777777776,NORMAL,N,,,,175199,175240,175258,175291,175320,normal
203,809,175521,487.55833333333334,NORMAL,N,,,,175497,175533,175564,175594,175611,normal
203,810,175726,488.1277777777778,NORMAL,N,,,,175700,175738,175757,175788,175816,normal
203,811,175981,488.8361111111111,NORMAL,N,,,,175956,176000,176020,176060,176075,normal
203,812,176224,489.5111111111111,NORMAL,N,,,,176200,176239,176264,176294,176323,normal
203,813,176449,490.1361111111111,NORMAL,N,,,,176426,176479,176491,176517,176557,normal
203,814,176775,491.0416666666667,NORMAL,N,,,,176751,176799,176826,176855,176881,normal
203,815,177029,491.7472222222222,NORMAL,N,,,,177005,177043,177076,177105,177136,normal
203,816,177256,492.3777777777778,NORMAL,N,,,,177226,177270,,177300,177336,positive_monophasic
203,817,177413,492.81388888888887,NORMAL,N,,,,177397,177425,177446,177482,177504,normal
203,818,177677,493.5472222222222,NORMAL,N,,,,177642,177698,177730,177765,177776,normal
203,819,177882,494.1166666666667,NORMAL,N,,,,177854,177907,177931,177961,177988,normal
203,820,178031,494.53055555555557,NORMAL,N,,,,178010,178065,178075,178108,178131,normal
203,821,178277,495.2138888888889,NORMAL,N,,,,178267,178298,178321,178357,178363,normal
203,822,178412,495.5888888888889,PVC,V,,,,178388,178435,,,,
203,823,178550,495.97222222222223,NORMAL,N,,,,178539,178573,178596,178622,178646,normal
203,824,178799,496.6638888888889,NORMAL,N,,,,178776,178825,178855,178887,178916,normal
203,825,178983,497.175,NORMAL,N,,,,178963,179011,179028,179058,179092,normal
203,826,179234,497.8722222222222,NORMAL,N,,,,179212,179259,,179263,179308,positive_monophasic
203,827,179379,498.275,PVC,V,,,,179355,179404,179424,179456,179487,normal
203,828,179525,498.68055555555554,NORMAL,N,,,,179511,179547,179592,179613,179625,normal
203,829,179668,499.0777777777778,NORMAL,N,,,,179637,179700,179704,179744,179759,normal
203,830,179804,499.4555555555556,NORMAL,N,,,,179791,179819,179839,179884,179891,normal
203,831,180048,500.1333333333333,NORMAL,N,,,,180026,180062,,180085,180126,positive_monophasic
203,832,180204,500.56666666666666,PVC,V,,,,180171,180211,180218,180263,180312,normal
203,833,180370,501.02777777777777,NORMAL,N,,,,180349,180393,,180414,180448,positive_monophasic
203,834,180577,501.60277777777776,NORMAL,N,,,,180555,180602,180611,180648,180668,normal
203,835,180854,502.3722222222222,NORMAL,N,,,,180830,180878,,180884,180935,positive_monophasic
203,836,181035,502.875,NORMAL,N,,,,181014,181063,,,,
203,837,181159,503.21944444444443,NORMAL,N,,,,181136,181190,181198,181236,181254,normal
203,838,181300,503.6111111111111,NORMAL,N,,,,181280,181322,181338,181374,181414,normal
203,839,181528,504.24444444444447,NORMAL,N,,,,181508,181561,,181576,181616,positive_monophasic
203,840,181764,504.9,NORMAL,N,,,,181742,181790,181815,181847,181857,normal
203,841,182114,505.8722222222222,NORMAL,N,,,,182091,182148,,,,
203,842,182262,506.28333333333336,PVC,V,,,,182238,182263,182293,182328,182358,normal
203,843,182607,507.2416666666667,NORMAL,N,,,,182585,182629,182671,182707,182724,normal
203,844,182880,508.0,NORMAL,N,,,,182858,182899,182934,182962,182992,normal
203,845,183131,508.6972222222222,NORMAL,N,,,,183110,183150,,,,
203,846,183265,509.06944444444446,PVC,V,,,,183241,183292,,,,
203,847,183345,509.2916666666667,NORMAL,N,,,,183303,183391,183404,183425,183457,inverted
203,848,183537,509.825,NORMAL,N,,,,183523,183564,183580,183611,183628,normal
203,849,183839,510.6638888888889,NORMAL,N,,,,183816,183871,,183892,183929,positive_monophasic
203,850,183995,511.09722222222223,PVC,V,,,,183967,184012,,,,
203,851,184070,511.30555555555554,PVC,V,,,,184035,184097,,184102,184122,negative_monophasic
203,852,184193,511.64722222222224,PVC,V,,,,184123,184220,184229,184250,184315,inverted
203,853,184390,512.1944444444445,NORMAL,N,,,,184377,184411,184452,184475,184494,normal
203,854,184699,513.0527777777778,NORMAL,N,,,,184674,184718,184749,184783,184806,normal
203,855,184848,513.4666666666667,PVC,V,,,,184818,184860,184882,184909,184971,normal
203,856,185061,514.0583333333333,NORMAL,N,,,,185036,185092,,185103,185149,positive_monophasic
203,857,185330,514.8055555555555,NORMAL,N,,,,185303,185358,185364,185410,185448,normal
203,858,185655,515.7083333333334,NORMAL,N,,,,185634,185681,,185710,185740,positive_monophasic
203,859,185825,516.1805555555555,PVC,V,,,,185797,185841,185871,185897,185943,normal
203,860,186127,517.0194444444444,NORMAL,N,,,,186102,186156,186173,186212,186224,normal
203,861,186539,518.1638888888889,NORMAL,N,,,,186506,186558,,186566,186610,positive_monophasic
203,862,186689,518.5805555555555,PVC,V,,,,186660,186690,186727,186760,186790,normal
203,863,186962,519.3388888888888,NORMAL,N,,,,186939,186977,187011,187044,187067,normal
203,864,187158,519.8833333333333,NORMAL,N,,,,187139,187181,187205,187230,187268,normal
203,865,187425,520.625,NORMAL,N,,,,187400,187447,187457,187509,187543,normal
203,866,187598,521.1055555555556,NORMAL,N,,,,187574,187625,187645,187675,187703,normal
203,867,187850,521.8055555555555,NORMAL,N,,,,187829,187871,187886,187938,187983,normal
203,868,188153,522.6472222222222,NORMAL,N,,,,188126,188187,188201,188236,188253,normal
203,869,188437,523.4361111111111,NORMAL,N,,,,188412,188455,188476,188511,188527,normal
203,870,188893,524.7027777777778,NORMAL,N,,,,188882,188907,188936,188975,188996,normal
203,871,189289,525.8027777777778,NORMAL,N,,,,189259,189323,189326,189370,189386,normal
203,872,189472,526.3111111111111,NORMAL,N,,,,189451,189485,189508,189544,189582,normal
203,873,189728,527.0222222222222,NORMAL,N,,,,189704,189741,189771,189807,189832,normal
203,874,189879,527.4416666666667,PVC,V,,,,189858,189893,,,,
203,875,189950,527.6388888888889,PVC,V,,,,189908,189994,190011,190037,190077,inverted
203,876,190273,528.5361111111112,NORMAL,N,,,,190249,190302,190331,190386,190408,normal
203,877,190591,529.4194444444445,NORMAL,N,,,,190569,190620,190644,190678,190695,normal
203,878,190828,530.0777777777778,NORMAL,N,,,,190805,190857,190868,190903,190931,normal
203,879,191084,530.7888888888889,NORMAL,N,,,,191062,191102,191141,191166,191200,normal
203,880,191300,531.3888888888889,NORMAL,N,,,,191270,191322,191344,191371,191394,normal
203,881,191441,531.7805555555556,NORMAL,N,,,,191417,191459,191472,191510,191535,normal
203,882,191593,532.2027777777778,NORMAL,N,,,,191575,191616,191630,191699,191709,biphasic_positive_negative
203,883,191841,532.8916666666667,NORMAL,N,,,,191818,191849,,,,
203,884,191978,533.2722222222222,PVC,V,,,,191952,191979,,191986,192049,positive_monophasic
203,885,192106,533.6277777777777,PVC,V,,,,192076,192107,192109,192173,192208,normal
203,886,192307,534.1861111111111,NORMAL,N,,,,192280,192340,192401,192411,192423,normal
203,887,192686,535.2388888888889,NORMAL,N,,,,192664,192715,192742,192770,192794,normal
203,888,192921,535.8916666666667,NORMAL,N,,,,192899,192959,192971,192990,193004,normal
203,889,193085,536.3472222222222,NORMAL,N,,,,193060,193114,193117,193145,193168,normal
203,890,193304,536.9555555555555,NORMAL,N,,,,193289,193321,193339,193377,193405,normal
203,891,193490,537.4722222222222,NORMAL,N,,,,193478,193522,,,,
203,892,193604,537.7888888888889,PVC,V,,,,193571,193623,193642,193678,193705,normal
203,893,193888,538.5777777777778,NORMAL,N,,,,193876,193909,193932,193970,193982,normal
203,894,194113,539.2027777777778,NORMAL,N,,,,194092,194127,,194158,194191,positive_monophasic
203,895,194259,539.6083333333333,NORMAL,N,,,,194231,194277,194286,194330,194358,normal
203,896,194404,540.0111111111111,NORMAL,N,,,,194389,194415,194436,194473,194494,normal
203,897,194536,540.3777777777777,NORMAL,N,,,,194508,194555,194567,194609,194620,normal
203,898,194670,540.75,NORMAL,N,,,,194653,194682,194704,194745,194761,normal
203,899,194873,541.3138888888889,NORMAL,N,,,,194856,194904,194926,194955,194985,normal
203,900,195146,542.0722222222222,NORMAL,N,,,,195131,195162,195190,195210,195227,normal
203,901,195300,542.5,PVC,V,,,,195268,195310,195333,195392,195404,biphasic_positive_negative
203,902,195552,543.2,NORMAL,N,,,,195540,195565,195585,195623,195637,normal
203,903,195799,543.8861111111111,NORMAL,N,,,,195777,195812,195841,195873,195895,normal
203,904,195986,544.4055555555556,NORMAL,N,,,,195955,196006,196043,196060,196090,normal
203,905,196193,544.9805555555556,NORMAL,N,,,,196162,196207,196222,196268,196305,normal
203,906,196421,545.6138888888889,NORMAL,N,,,,196403,196438,,196453,196486,positive_monophasic
203,907,196567,546.0194444444444,NORMAL,N,,,,196538,196581,,,,
203,908,196699,546.3861111111111,NORMAL,N,,,,196670,196708,196728,196766,196797,normal
203,909,196980,547.1666666666666,NORMAL,N,,,,196962,196993,,197020,197059,positive_monophasic
203,910,197123,547.5638888888889,PVC,V,,,,197083,197134,197159,197195,197247,normal
203,911,197359,548.2194444444444,NORMAL,N,,,,197340,197374,197427,197445,197463,normal
203,912,197622,548.95,NORMAL,N,,,,197602,197635,197659,197697,197716,normal
203,913,197872,549.6444444444444,NORMAL,N,,,,197848,197882,197919,197940,197967,normal
203,914,198013,550.0361111111112,NORMAL,N,,,,197986,198022,198043,198076,198094,normal
203,915,198151,550.4194444444445,NORMAL,N,,,,198128,198164,,,,
203,916,198283,550.7861111111112,NORMAL,N,,,,198257,198298,198315,198343,198362,normal
203,917,198523,551.4527777777778,NORMAL,N,,,,198486,198543,,,,
203,918,198814,552.2611111111111,NORMAL,N,,,,198790,198872,198875,198916,198928,biphasic_positive_negative
203,919,199046,552.9055555555556,NORMAL,N,,,,198979,199072,,,,
203,920,199150,553.1944444444445,UNKNOWN,Q,,,,199127,199159,199191,199222,199258,normal
203,921,199817,555.0472222222222,NORMAL,N,,,,199792,199831,199856,199885,199900,normal
203,922,200021,555.6138888888889,NORMAL,N,,,,199991,200083,200089,200127,200135,inverted
203,923,200258,556.2722222222222,NORMAL,N,,,,200235,200317,200331,200347,200363,inverted
203,924,200540,557.0555555555555,NORMAL,N,,,,200518,200586,,200588,200616,negative_monophasic
203,925,200777,557.7138888888888,NORMAL,N,,,,200757,200803,200813,200852,200876,normal
203,926,200977,558.2694444444444,NORMAL,N,,,,200957,200996,201028,201054,201076,normal
203,927,201186,558.85,NORMAL,N,,,,201160,201229,201241,201261,201288,normal
203,928,201453,559.5916666666667,NORMAL,N,,,,201429,201507,201514,201551,201561,biphasic_positive_negative
203,929,201654,560.15,NORMAL,N,,,,201637,201716,,201730,201758,negative_monophasic
203,930,201832,560.6444444444444,NORMAL,N,,,,201813,201878,201890,201908,201943,normal
203,931,202004,561.1222222222223,NORMAL,N,,,,201986,202070,202081,202115,202123,inverted
203,932,202314,561.9833333333333,NORMAL,N,,,,202297,202324,202368,202392,202399,normal
203,933,202508,562.5222222222222,NORMAL,N,,,,202491,202525,202558,202586,202615,normal
203,934,202721,563.1138888888889,NORMAL,N,,,,202680,202736,202766,202798,202820,normal
203,935,202872,563.5333333333333,NORMAL,N,,,,202841,202886,202902,202944,202973,normal
203,936,203013,563.925,NORMAL,N,,,,202987,203025,203040,203084,203100,normal
203,937,203210,564.4722222222222,NORMAL,N,,,,203184,203224,203249,203303,203342,normal
203,938,203406,565.0166666666667,NORMAL,N,,,,203384,203420,203445,203480,203510,normal
203,939,203623,565.6194444444444,NORMAL,N,,,,203599,203637,203673,203703,203715,normal
203,940,203843,566.2305555555556,NORMAL,N,,,,203822,203874,203892,203922,203942,normal
203,941,204034,566.7611111111111,NORMAL,N,,,,204014,204062,204083,204113,204153,normal
203,942,204198,567.2166666666667,NORMAL,N,,,,204179,204216,204253,204279,204289,normal
203,943,204448,567.9111111111112,NORMAL,N,,,,204422,204475,204487,204520,204532,normal
203,944,204582,568.2833333333333,PVC,V,,,,204551,204600,204612,204650,204686,normal
203,945,204761,568.7805555555556,NORMAL,N,,,,204740,204777,204825,204855,204889,normal
203,946,205033,569.5361111111112,NORMAL,N,,,,205015,205095,205102,205164,205186,biphasic_positive_negative
203,947,205268,570.1888888888889,NORMAL,N,,,,205250,205298,205314,205349,205366,normal
203,948,205517,570.8805555555556,NORMAL,N,,,,205497,205534,205577,205606,205642,normal
203,949,205750,571.5277777777778,NORMAL,N,,,,205727,205814,205817,205865,205891,biphasic_positive_negative
203,950,206003,572.2305555555556,NORMAL,N,,,,205988,206035,,206039,206082,positive_monophasic
203,951,206159,572.6638888888889,PVC,V,,,,206124,206213,206216,206262,206309,inverted
203,952,206399,573.3305555555555,NORMAL,N,,,,206384,206419,206454,206492,206504,normal
203,953,206540,573.7222222222222,PVC,V,,,,206509,206566,206575,206607,206640,normal
203,954,206764,574.3444444444444,NORMAL,N,,,,206739,206787,,206817,206871,positive_monophasic
203,955,206936,574.8222222222222,NORMAL,N,,,,206918,206994,207008,207045,207081,inverted
203,956,207177,575.4916666666667,NORMAL,N,,,,207157,207240,207245,207247,207283,normal
203,957,207342,575.95,NORMAL,N,,,,207311,207402,,,,
203,958,207488,576.3555555555556,NORMAL,N,,,,207471,207516,207534,207562,207594,normal
203,959,207790,577.1944444444445,NORMAL,N,,,,207769,207813,,207844,207881,positive_monophasic
203,960,207956,577.6555555555556,PVC,V,,,,207923,207983,207989,208024,208069,normal
203,961,208197,578.325,NORMAL,N,,,,208174,208213,208261,208309,208319,normal
203,962,208548,579.3,NORMAL,N,,,,208521,208563,208595,208644,208670,normal
203,963,208804,580.0111111111111,NORMAL,N,,,,208776,208864,208877,208928,208973,inverted
203,964,209038,580.6611111111112,NORMAL,N,,,,209017,209065,209077,209115,209137,normal
203,965,209278,581.3277777777778,NORMAL,N,,,,209255,209298,209338,209364,209397,normal
203,966,209510,581.9722222222222,NORMAL,N,,,,209481,209562,209572,209588,209603,normal
203,967,209679,582.4416666666667,NORMAL,N,,,,209660,209750,209794,209815,209826,inverted
203,968,209969,583.2472222222223,NORMAL,N,,,,209924,210007,,210027,210052,positive_monophasic
203,969,210165,583.7916666666666,NORMAL,N,,,,210139,210175,,210203,210220,negative_monophasic
203,970,210295,584.1527777777778,NORMAL,N,,,,210279,210365,210379,210455,210468,biphasic_negative_positive
203,971,210606,585.0166666666667,NORMAL,N,,,,210600,210641,,,,
203,972,210714,585.3166666666667,PVC,V,,,,210686,210727,,,,
203,973,210849,585.6916666666667,NORMAL,N,,,,210835,210859,210877,210915,210931,normal
203,974,211202,586.6722222222222,NORMAL,N,,,,211172,211213,211242,211280,211297,normal
203,975,211350,587.0833333333334,PVC,V,,,,211307,211375,211382,211413,211469,normal
203,976,211711,588.0861111111111,NORMAL,N,,,,211676,211721,211739,211796,211806,normal
203,977,211872,588.5333333333333,PVC,V,,,,211856,211906,211919,211951,211987,normal
203,978,212197,589.4361111111111,NORMAL,N,,,,212173,212210,212260,212277,212284,normal
203,979,212392,589.9777777777778,NORMAL,N,,,,212372,212407,212439,212459,212484,normal
203,980,212612,590.5888888888888,NORMAL,N,,,,212590,212624,,212645,212684,positive_monophasic
203,981,212752,590.9777777777778,NORMAL,N,,,,212736,212763,212797,212813,212824,normal
203,982,212874,591.3166666666667,NORMAL,N,,,,212849,212887,212924,212952,212979,normal
203,983,213178,592.1611111111112,NORMAL,N,,,,213154,213192,,,,
203,984,213332,592.5888888888888,PVC,V,,,,213300,213355,213370,213393,213463,normal
203,985,213609,593.3583333333333,NORMAL,N,,,,213588,213641,,,,
203,986,213751,593.7527777777777,PVC,V,,,,213716,213780,,213787,213823,positive_monophasic
203,987,213889,594.1361111111111,PVC,V,,,,213867,213915,213933,213965,213991,normal
203,988,214150,594.8611111111111,NORMAL,N,,,,214115,214166,,214191,214239,positive_monophasic
203,989,214443,595.675,NORMAL,N,,,,214422,214462,214484,214523,214541,normal
203,990,214711,596.4194444444445,NORMAL,N,,,,214688,214726,214762,214786,214805,normal
203,991,214952,597.0888888888888,NORMAL,N,,,,214926,215014,,215020,215036,negative_monophasic
203,992,215261,597.9472222222222,NORMAL,N,,,,215237,215303,,,,
203,993,215399,598.3305555555555,PVC,V,,,,215378,215416,215436,215471,215509,normal
203,994,215642,599.0055555555556,NORMAL,N,,,,215604,215682,215683,215714,215720,normal
203,995,215809,599.4694444444444,NORMAL,N,,,,215786,215816,215853,215869,215901,normal
203,996,216019,600.0527777777778,NORMAL,N,,,,215986,216056,,,,
203,997,216158,600.4388888888889,NORMAL,N,,,,216142,216209,216219,216240,216264,normal
203,998,216428,601.1888888888889,NORMAL,N,,,,216416,216442,216476,216518,216549,normal
203,999,216656,601.8222222222222,NORMAL,N,,,,216631,216666,216697,216731,216755,normal
203,1000,216794,602.2055555555555,NORMAL,N,,,,216783,216811,216836,216876,216893,normal
203,1001,216997,602.7694444444444,NORMAL,N,,,,216971,217010,217045,217064,217071,normal
203,1002,217123,603.1194444444444,PVC,V,,,,217097,217139,,,,
203,1003,217200,603.3333333333334,NORMAL,N,,,,217147,217224,217247,217270,217293,normal
203,1004,217463,604.0638888888889,NORMAL,N,,,,217438,217473,217520,217541,217561,normal
203,1005,217724,604.7888888888889,NORMAL,N,,,,217701,217772,217780,217810,217851,normal
203,1006,217954,605.4277777777778,NORMAL,N,,,,217930,217975,218006,218031,218062,normal
203,1007,218192,606.0888888888888,NORMAL,N,,,,218155,218244,218255,218272,218330,normal
203,1008,218417,606.7138888888888,NORMAL,N,,,,218371,218481,,218494,218520,negative_monophasic
203,1009,218583,607.175,NORMAL,N,,,,218559,218652,218664,218719,218747,inverted
203,1010,218819,607.8305555555555,NORMAL,N,,,,218794,218891,,,,
203,1011,218977,608.2694444444444,NORMAL,N,,,,218950,219005,219021,219048,219085,normal
203,1012,219199,608.8861111111111,NORMAL,N,,,,219175,219253,219266,219278,219292,normal
203,1013,219451,609.5861111111111,NORMAL,N,,,,219425,219477,,,,
203,1014,219585,609.9583333333334,PVC,V,,,,219562,219651,,219653,219688,negative_monophasic
203,1015,219860,610.7222222222222,NORMAL,N,,,,219829,219899,219912,219954,219974,normal
203,1016,220111,611.4194444444445,NORMAL,N,,,,220086,220124,220163,220188,220238,normal
203,1017,220373,612.1472222222222,NORMAL,N,,,,220350,220398,220411,220454,220470,normal
203,1018,220614,612.8166666666667,NORMAL,N,,,,220592,220636,,,,
203,1019,220755,613.2083333333334,PVC,V,,,,220723,220803,,,,
203,1020,220872,613.5333333333333,PVC,V,,,,220850,220945,,,,
203,1021,221021,613.9472222222222,NORMAL,N,,,,220997,221084,,,,
203,1022,221208,614.4666666666667,NORMAL,N,,,,221187,221278,221301,221333,221349,biphasic_positive_negative
203,1023,221430,615.0833333333334,NORMAL,N,,,,221407,221457,221469,221504,221524,normal
203,1024,221588,615.5222222222222,NORMAL,N,,,,221566,221629,221634,221702,221711,biphasic_positive_negative
203,1025,221830,616.1944444444445,NORMAL,N,,,,221773,221869,221918,221926,221944,inverted
203,1026,222072,616.8666666666667,NORMAL,N,,,,222047,222142,,,,
203,1027,222246,617.35,NORMAL,N,,,,222222,222302,222340,222373,222402,inverted
203,1028,222509,618.0805555555555,NORMAL,N,,,,222491,222538,222564,222608,222639,normal
203,1029,222780,618.8333333333334,NORMAL,N,,,,222756,222816,,,,
203,1030,222916,619.2111111111111,PVC,V,,,,222894,222940,,,,
203,1031,223037,619.5472222222222,PVC,V,,,,222986,223061,223079,223098,223148,normal
203,1032,223346,620.4055555555556,NORMAL,N,,,,223308,223391,223405,223421,223427,normal
203,1033,223492,620.8111111111111,PVC,V,,,,223450,223522,223530,223558,223606,normal
203,1034,223698,621.3833333333333,NORMAL,N,,,,223683,223728,223751,223796,223802,normal
203,1035,223890,621.9166666666666,NORMAL,N,,,,223870,223913,223925,223970,223983,normal
203,1036,224087,622.4638888888888,NORMAL,N,,,,224071,224113,224148,224164,224174,normal
203,1037,224339,623.1638888888889,NORMAL,N,,,,224318,224363,224373,224431,224466,normal
203,1038,224550,623.75,NORMAL,N,,,,224531,224609,,224625,224658,negative_monophasic
203,1039,224745,624.2916666666666,NORMAL,N,,,,224702,224757,224793,224816,224844,normal
203,1040,224974,624.9277777777778,NORMAL,N,,,,224947,224996,225028,225054,225081,normal
203,1041,225212,625.5888888888888,NORMAL,N,,,,225182,225225,225248,225283,225306,normal
203,1042,225634,626.7611111111111,NORMAL,N,,,,225606,225651,225669,225702,225720,normal
203,1043,225789,627.1916666666667,PVC,V,,,,225754,225814,225821,225848,225898,normal
203,1044,226131,628.1416666666667,NORMAL,N,,,,226098,226194,226207,226236,226254,inverted
203,1045,226373,628.8138888888889,NORMAL,N,,,,226359,226382,,,,
203,1046,226510,629.1944444444445,PVC,V,,,,226486,226532,,,,
203,1047,226625,629.5138888888889,PVC,V,,,,226609,226648,226670,226702,226732,normal
203,1048,226776,629.9333333333333,NORMAL,N,,,,226759,226784,,,,
203,1049,226908,630.3,PVC,V,,,,226888,226923,226948,226974,227000,normal
203,1050,227189,631.0805555555555,NORMAL,N,,,,227164,227249,227256,227273,227297,normal
203,1051,227381,631.6138888888889,NORMAL,N,,,,227354,227453,,227455,227482,negative_monophasic
203,1052,227559,632.1083333333333,NORMAL,N,,,,227497,227598,227604,227633,227645,inverted
203,1053,227807,632.7972222222222,NORMAL,N,,,,227793,227829,,,,
203,1054,227950,633.1944444444445,PVC,V,,,,227930,227974,227989,228023,228058,normal
203,1055,228210,633.9166666666666,NORMAL,N,,,,228163,228217,228220,228251,228267,normal
203,1056,228314,634.2055555555555,PVC,V,,,,228293,228348,228357,228388,228434,normal
203,1057,228598,634.9944444444444,NORMAL,N,,,,228593,228700,228721,228735,228745,inverted
203,1058,228821,635.6138888888889,NORMAL,N,,,,228804,228839,228859,228901,228927,normal
203,1059,229082,636.3388888888888,NORMAL,N,,,,229065,229105,229126,229161,229196,normal
203,1060,229240,636.7777777777778,NORMAL,N,,,,229224,229249,229288,229316,229347,normal
203,1061,229438,637.3277777777778,NORMAL,N,,,,229411,229500,,,,
203,1062,229569,637.6916666666667,PVC,V,,,,229542,229581,229612,229639,229684,normal
203,1063,229818,638.3833333333333,NORMAL,N,,,,229802,229872,229876,229933,229944,biphasic_positive_negative
203,1064,230042,639.0055555555556,NORMAL,N,,,,230021,230090,230092,230114,230145,normal
203,1065,230247,639.575,NORMAL,N,,,,230208,230277,,,,
203,1066,230331,639.8083333333333,NORMAL,N,,,,230313,230390,230410,230423,230448,inverted
203,1067,230512,640.3111111111111,NORMAL,N,,,,230463,230549,,,,
203,1068,230765,641.0138888888889,NORMAL,N,,,,230728,230808,,,,
203,1069,230876,641.3222222222222,PVC,V,,,,230862,230906,,,,
203,1070,230984,641.6222222222223,PVC,V,,,,230964,231017,,,,
203,1071,231110,641.9722222222222,PVC,V,,,,231086,231145,,,,
203,1072,231247,642.3527777777778,PVC,V,,,,231224,231277,231284,231317,231351,normal
203,1073,231506,643.0722222222222,NORMAL,N,,,,231504,231594,,,,
203,1074,231675,643.5416666666666,NORMAL,N,,,,231649,231743,231751,231795,231803,inverted
203,1075,231996,644.4333333333333,NORMAL,N,,,,231969,232010,232028,232068,232091,normal
203,1076,232203,645.0083333333333,NORMAL,N,,,,232182,232253,,232270,232298,negative_monophasic
203,1077,232363,645.4527777777778,NORMAL,N,,,,232361,232437,,,,
203,1078,232474,645.7611111111111,NORMAL,N,,,,232460,232495,232519,232545,232589,normal
203,1079,232798,646.6611111111112,NORMAL,N,,,,232773,232866,,,,
203,1080,232942,647.0611111111111,PVC,V,,,,232929,232999,233009,233017,233052,normal
203,1081,233196,647.7666666666667,NORMAL,N,,,,233175,233251,233259,233303,233315,biphasic_positive_negative
203,1082,233428,648.4111111111112,NORMAL,N,,,,233402,233492,,233493,233515,negative_monophasic
203,1083,233665,649.0694444444445,NORMAL,N,,,,233617,233709,,233711,233736,negative_monophasic
203,1084,233827,649.5194444444444,NORMAL,N,,,,233772,233866,,233874,233888,negative_monophasic
203,1085,234038,650.1055555555556,NORMAL,N,233935,233943,233956,234005,234086,234095,234106,234130,normal
203,1086,234175,650.4861111111111,PVC,V,,,,234174,234195,,,,
203,1087,234247,650.6861111111111,NORMAL,N,,,,,234290,234302,234334,234360,inverted
203,1088,234433,651.2027777777778,NORMAL,N,,,,234405,234448,234470,234499,234528,normal
203,1089,234693,651.925,NORMAL,N,,,,234668,234761,,,,
203,1090,234835,652.3194444444445,PVC,V,,,,234804,234863,234870,234901,234950,normal
203,1091,235141,653.1694444444445,NORMAL,N,,,,235086,235193,235207,235213,235219,normal
203,1092,235303,653.6194444444444,NORMAL,N,,,,235280,235367,235373,235408,235433,inverted
203,1093,235554,654.3166666666667,NORMAL,N,,,,235531,235579,235591,235651,235696,normal
203,1094,235802,655.0055555555556,NORMAL,N,,,,235777,235849,235859,235876,235897,normal
203,1095,236095,655.8194444444445,NORMAL,N,,,,236083,236107,236139,236166,236190,normal
203,1096,236227,656.1861111111111,PVC,V,,,,236211,236255,,,,
203,1097,236359,656.5527777777778,PVC,V,,,,236330,236388,236392,236427,236463,normal
203,1098,236704,657.5111111111111,NORMAL,N,,,,236683,236748,236764,236784,236794,normal
203,1099,236987,658.2972222222222,NORMAL,N,,,,236962,237051,,,,
203,1100,237257,659.0472222222222,NORMAL,N,,,,237225,237302,237303,237336,237372,normal
203,1101,237451,659.5861111111111,NORMAL,N,,,,237431,237523,,,,
203,1102,237659,660.1638888888889,NORMAL,N,,,,237631,237673,237710,237737,237768,normal
203,1103,237897,660.825,NORMAL,N,,,,237872,237965,,,,
203,1104,238186,661.6277777777777,NORMAL,N,,,,238163,238206,238226,238265,238289,normal
203,1105,238388,662.1888888888889,NORMAL,N,,,,238365,238438,238443,238462,238486,normal
203,1106,238524,662.5666666666667,NORMAL,N,,,,238500,238589,238593,238636,238654,inverted
203,1107,238758,663.2166666666667,NORMAL,N,,,,238736,238811,238819,238858,238890,normal
203,1108,239046,664.0166666666667,NORMAL,N,,,,239023,239064,239078,239113,239135,normal
203,1109,239281,664.6694444444445,NORMAL,N,,,,239259,239294,239319,239349,239379,normal
203,1110,239462,665.1722222222222,NORMAL,N,,,,239439,239474,239493,239527,239553,normal
203,1111,239662,665.7277777777778,NORMAL,N,,,,239638,239719,239727,239766,239775,biphasic_positive_negative
203,1112,239931,666.475,NORMAL,N,,,,239903,240002,240006,240032,240049,inverted
203,1113,240190,667.1944444444445,NORMAL,N,,,,240167,240215,240229,240261,240284,normal
203,1114,240326,667.5722222222222,PVC,V,,,,240300,240345,240364,240400,240439,normal
203,1115,240524,668.1222222222223,NORMAL,N,,,,240495,240575,240578,240603,240633,normal
203,1116,240754,668.7611111111111,NORMAL,N,,,,240732,240821,,,,
203,1117,240886,669.1277777777777,PVC,V,,,,240863,240906,240928,240956,240986,normal
203,1118,241183,669.9527777777778,NORMAL,N,,,,241156,241222,241242,241268,241302,inverted
203,1119,241400,670.5555555555555,NORMAL,N,,,,241377,241462,,,,
203,1120,241535,670.9305555555555,PVC,V,,,,241492,241555,241561,241599,241635,normal
203,1121,241687,671.3527777777778,NORMAL,N,,,,241665,241750,,,,
203,1122,241946,672.0722222222222,NORMAL,N,,,,241919,242008,242015,242065,242091,biphasic_positive_negative
203,1123,242262,672.95,NORMAL,N,,,,242228,242275,242301,242335,242353,normal
203,1124,242629,673.9694444444444,NORMAL,N,,,,242603,242690,242702,242754,242787,inverted
203,1125,242926,674.7944444444445,NORMAL,N,,,,242869,242960,242966,243008,243033,inverted
203,1126,243160,675.4444444444445,NORMAL,N,,,,243141,243177,243202,243230,243255,normal
203,1127,243410,676.1388888888889,NORMAL,N,,,,243395,243430,243451,243488,243516,normal
203,1128,243605,676.6805555555555,NORMAL,N,,,,243592,243626,,,,
203,1129,243743,677.0638888888889,NORMAL,N,,,,243726,243761,,,,
203,1130,243871,677.4194444444445,NORMAL,N,,,,243855,243891,243923,243943,243967,normal
203,1131,244117,678.1027777777778,NORMAL,N,,,,244096,244145,244177,244197,244214,normal
203,1132,244301,678.6138888888889,NORMAL,N,,,,244285,244369,244373,244401,244419,inverted
203,1133,244647,679.575,NORMAL,N,,,,244641,244692,244699,244730,244768,inverted
203,1134,244883,680.2305555555556,NORMAL,N,,,,244866,244901,244919,244953,244978,normal
203,1135,245105,680.8472222222222,NORMAL,N,,,,245089,245122,245143,245173,245206,normal
203,1136,245339,681.4972222222223,NORMAL,N,,,,245322,245358,245379,245414,245452,normal
203,1137,245594,682.2055555555555,NORMAL,N,,,,245577,245612,245634,245665,245689,normal
203,1138,245758,682.6611111111112,NORMAL,N,,,,245741,245776,245795,245822,245847,normal
203,1139,246054,683.4833333333333,NORMAL,N,,,,246037,246073,246102,246136,246162,normal
203,1140,246266,684.0722222222222,NORMAL,N,,,,246248,246286,246301,246341,246368,normal
203,1141,246424,684.5111111111111,NORMAL,N,,,,246409,246445,246477,246505,246544,normal
203,1142,246652,685.1444444444444,NORMAL,N,,,,246634,246672,,246693,246719,positive_monophasic
203,1143,246806,685.5722222222222,NORMAL,N,,,,246787,246829,246848,246886,246911,normal
203,1144,247009,686.1361111111111,NORMAL,N,,,,246991,247029,247049,247083,247127,normal
203,1145,247221,686.725,NORMAL,N,,,,247203,247245,247263,247298,247318,normal
203,1146,247490,687.4722222222222,NORMAL,N,,,,247463,247503,247519,247553,247575,normal
203,1147,247627,687.8527777777778,PVC,V,,,,247606,247649,247667,247695,247728,normal
203,1148,247900,688.6111111111111,NORMAL,N,,,,247883,247957,247962,248018,248053,biphasic_positive_negative
203,1149,248130,689.25,NORMAL,N,,,,248109,248201,,,,
203,1150,248265,689.625,NORMAL,N,,,,248257,248344,,,,
203,1151,248425,690.0694444444445,NORMAL,N,,,,248400,248496,248533,248552,248572,inverted
203,1152,248775,691.0416666666666,NORMAL,N,,,,,248867,,,,
203,1153,248973,691.5916666666667,NORMAL,N,,,,248958,249053,,,,
203,1154,249109,691.9694444444444,PVC,V,,,,249087,249123,249153,249185,249222,normal
203,1155,249358,692.6611111111112,NORMAL,N,,,,249348,249423,,,,
203,1156,249502,693.0611111111111,NORMAL,N,,,,249474,249557,,249568,249589,negative_monophasic
203,1157,249765,693.7916666666666,NORMAL,N,,,,249724,249792,249813,249835,249848,inverted
203,1158,249945,694.2916666666666,NORMAL,N,,,,249928,250027,250034,250073,250083,inverted
203,1159,250189,694.9694444444444,NORMAL,N,,,,250173,250202,250239,250268,250294,normal
203,1160,250358,695.4388888888889,NORMAL,N,,,,250343,250372,250408,250436,250469,normal
203,1161,250516,695.8777777777777,NORMAL,N,,,,250488,250584,,250595,250628,negative_monophasic
203,1162,250706,696.4055555555556,NORMAL,N,,,,250684,250731,,,,
203,1163,250841,696.7805555555556,NORMAL,N,,,,250821,250917,,,,
203,1164,250973,697.1472222222222,NORMAL,N,,,,250957,250985,251024,251053,251088,normal
203,1165,251216,697.8222222222222,NORMAL,N,,,,251170,251243,,,,
203,1166,251314,698.0944444444444,NORMAL,N,,,,251299,251345,251367,251397,251421,normal
203,1167,251466,698.5166666666667,NORMAL,N,,,,251437,251525,251539,251575,251595,inverted
203,1168,251674,699.0944444444444,NORMAL,N,,,,251646,251742,,,,
203,1169,251795,699.4305555555555,PVC,V,,,,251772,251819,251837,251859,251893,normal
203,1170,251980,699.9444444444445,NORMAL,N,,,,251962,252015,252033,252066,252098,normal
203,1171,252239,700.6638888888889,NORMAL,N,,,,252222,252303,,,,
203,1172,252432,701.2,NORMAL,N,,,,252413,252504,,,,
203,1173,252579,701.6083333333333,NORMAL,N,,,,252554,252623,252635,252653,252676,normal
203,1174,252741,702.0583333333333,NORMAL,N,,,,252741,252821,252846,252860,252865,inverted
203,1175,252987,702.7416666666667,NORMAL,N,,,,,253091,,,,
203,1176,253112,703.0888888888888,PVC,V,,,,253073,253145,253147,253174,253251,normal
203,1177,253334,703.7055555555555,NORMAL,N,,,,253280,253335,253355,253390,253410,normal
203,1178,253494,704.15,NORMAL,N,,,,253480,253559,253564,253602,253616,inverted
203,1179,253783,704.9527777777778,NORMAL,N,,,,253773,253841,,,,
203,1180,254016,705.6,NORMAL,N,,,,,,,,,
203,1181,254100,705.8333333333334,NORMAL,N,,,,254088,254162,,,,
203,1182,254249,706.2472222222223,NORMAL,N,,,,254240,254311,254318,254362,254399,inverted
203,1183,254514,706.9833333333333,NORMAL,N,,,,254487,254547,254557,254600,254609,normal
203,1184,254834,707.8722222222223,NORMAL,N,,,,254823,254903,254905,254922,254942,normal
203,1185,255014,708.3722222222223,PVC,V,,,,254999,255028,255051,255083,255119,normal
203,1186,255268,709.0777777777778,NORMAL,N,,,,255248,255299,255314,255365,255395,normal
203,1187,255528,709.8,NORMAL,N,,,,255518,255554,,,,
203,1188,255654,710.15,PVC,V,,,,255653,255681,,,,
203,1189,255766,710.4611111111111,PVC,V,,,,,255792,,255793,255829,positive_monophasic
203,1190,255885,710.7916666666666,PVC,V,,,,255865,255915,255918,255950,255980,normal
203,1191,256129,711.4694444444444,NORMAL,N,,,,256126,256205,,,,
203,1192,256333,712.0361111111112,NORMAL,N,,,,256317,256383,256395,256446,256457,biphasic_positive_negative
203,1193,256646,712.9055555555556,NORMAL,N,,,,256617,256678,256694,256703,256710,inverted
203,1194,256782,713.2833333333333,NORMAL,N,,,,256745,256836,256840,256860,256898,normal
203,1195,257032,713.9777777777778,NORMAL,N,,,,257009,257079,257088,257104,257115,normal
203,1196,257175,714.375,PVC,V,,,,257154,257248,,257249,257283,negative_monophasic
203,1197,257457,715.1583333333333,NORMAL,N,,,,257422,257491,,,,
203,1198,257577,715.4916666666667,PVC,V,,,,257554,257608,257618,257648,257681,normal
203,1199,257889,716.3583333333333,NORMAL,N,,,,257838,257894,257919,257949,257955,normal
203,1200,258020,716.7222222222222,PVC,V,,,,258017,258045,,,,
203,1201,258111,716.975,PVC,V,,,,,258140,258147,258175,258222,normal
203,1202,258292,717.4777777777778,NORMAL,N,,,,258282,258312,258337,258371,258400,normal
203,1203,258507,718.075,NORMAL,N,,,,258473,258571,,,,
203,1204,258641,718.4472222222222,PVC,V,,,,258612,258668,258676,258707,258738,normal
203,1205,258907,719.1861111111111,NORMAL,N,,,,258891,259000,,,,
203,1206,259002,719.45,PVC,V,,,,258978,259024,259041,259072,259105,normal
203,1207,259273,720.2027777777778,NORMAL,N,,,,259255,259297,259328,259353,259399,normal
203,1208,259513,720.8694444444444,NORMAL,N,,,,259470,259564,,,,
203,1209,259632,721.2,NORMAL,N,,,,259569,259700,259706,259726,259764,inverted
203,1210,259873,721.8694444444444,NORMAL,N,,,,259821,259907,259910,259953,259970,inverted
203,1211,260055,722.375,NORMAL,N,,,,260028,260091,260105,260128,260161,inverted
203,1212,260251,722.9194444444445,NORMAL,N,,,,260220,260294,260297,260321,260332,inverted
203,1213,260401,723.3361111111111,NORMAL,N,,,,260383,260455,260465,260483,260500,inverted
203,1214,260589,723.8583333333333,NORMAL,N,,,,260567,260650,260655,260681,260695,inverted
203,1215,260874,724.65,NORMAL,N,,,,260827,260908,,,,
203,1216,261020,725.0555555555555,NORMAL,N,,,,260968,261062,261069,261111,261136,inverted
203,1217,261246,725.6833333333333,NORMAL,N,,,,261187,261273,,,,
203,1218,261368,726.0222222222222,NORMAL,N,,,,261340,261429,,,,
203,1219,261503,726.3972222222222,NORMAL,N,,,,261493,261567,261573,261598,261622,inverted
203,1220,261737,727.0472222222222,NORMAL,N,,,,261725,261804,261820,261851,261889,inverted
203,1221,262079,727.9972222222223,NORMAL,N,,,,262047,262122,,,,
203,1222,262186,728.2944444444445,PVC,V,,,,262169,262203,,,,
203,1223,262290,728.5833333333334,PVC,V,,,,262208,262308,262315,262345,262388,normal
203,1224,262462,729.0611111111111,NORMAL,N,,,,262447,262511,262524,262592,262605,normal
203,1225,262673,729.6472222222222,NORMAL,N,,,,262664,262731,262752,262757,262769,normal
203,1226,262847,730.1305555555556,NORMAL,N,,,,262781,262877,262893,262911,262927,inverted
203,1227,263055,730.7083333333334,NORMAL,N,,,,263031,263103,263122,263153,263182,normal
203,1228,263273,731.3138888888889,NORMAL,N,,,,263251,263313,263321,263371,263385,inverted
203,1229,263545,732.0694444444445,NORMAL,N,,,,263545,263580,263638,263645,263656,inverted
203,1230,263762,732.6722222222222,NORMAL,N,,,,263715,263793,263813,263858,263868,inverted
203,1231,264014,733.3722222222223,NORMAL,N,,,,264012,264099,,,,
203,1232,264128,733.6888888888889,PVC,V,,,,264108,264139,264169,264192,264218,normal
203,1233,264407,734.4638888888888,NORMAL,N,,,,,264484,264503,264519,264545,normal
203,1234,264607,735.0194444444444,NORMAL,N,,,,264607,264709,,,,
203,1235,264781,735.5027777777777,NORMAL,N,,,,264761,264800,264824,264854,264876,normal
203,1236,264973,736.0361111111112,NORMAL,N,,,,264966,265047,,,,
203,1237,265161,736.5583333333333,NORMAL,N,,,,265132,265198,,,,
203,1238,265263,736.8416666666667,NORMAL,N,,,,265230,265292,,,,
203,1239,265391,737.1972222222222,NORMAL,N,,,,265382,265410,265430,265457,265488,normal
203,1240,265572,737.7,NORMAL,N,,,,265547,265638,265647,265686,265712,inverted
203,1241,265839,738.4416666666667,NORMAL,N,,,,265819,265912,265933,265947,265963,inverted
203,1242,266106,739.1833333333333,NORMAL,N,,,,266085,266159,266163,266197,266205,inverted
203,1243,266346,739.85,NORMAL,N,,,,266328,266392,266396,266438,266448,inverted
203,1244,266568,740.4666666666667,NORMAL,N,,,,266533,266604,266610,266662,266693,inverted
203,1245,266799,741.1083333333333,NORMAL,N,,,,266786,266870,,,,
203,1246,266936,741.4888888888889,PVC,V,,,,266934,266961,,,,
203,1247,267025,741.7361111111111,PVC,V,,,,,267054,,267061,267092,positive_monophasic
203,1248,267156,742.1,PVC,V,,,,267130,267187,267198,267213,267247,normal
203,1249,267284,742.4555555555555,PVC,V,,,,267267,267344,267349,267387,267410,inverted
203,1250,267551,743.1972222222222,NORMAL,N,267483,267502,267520,,267648,,,,
203,1251,267648,743.4666666666667,PVC,V,,,,267627,267682,267685,267718,267755,normal
203,1252,267898,744.1611111111112,NORMAL,N,,,,267879,267965,267983,268006,268026,inverted
203,1253,268153,744.8694444444444,NORMAL,N,,,,268136,268224,268234,268263,268285,inverted
203,1254,268413,745.5916666666667,NORMAL,N,,,,,268460,,,,
203,1255,268519,745.8861111111111,NORMAL,N,,,,268501,268576,268603,268632,268643,inverted
203,1256,268826,746.7388888888889,NORMAL,N,,,,268812,268885,268931,268940,268944,inverted
203,1257,269106,747.5166666666667,NORMAL,N,,,,269081,269138,,,,
203,1258,269217,747.825,PVC,V,,,,269191,269234,,,,
203,1259,269330,748.1388888888889,PVC,V,,,,269314,269342,,269352,269392,positive_monophasic
203,1260,269443,748.4527777777778,NORMAL,N,,,,269431,269500,269519,269540,269554,inverted
203,1261,269668,749.0777777777778,NORMAL,N,,,,269655,269741,269743,269784,269796,inverted
203,1262,269904,749.7333333333333,NORMAL,N,,,,269863,269943,,269944,269970,negative_monophasic
203,1263,270043,750.1194444444444,NORMAL,N,,,,270028,270071,270091,270120,270148,normal
203,1264,270302,750.8388888888888,NORMAL,N,,,,270281,270387,270397,270408,270428,inverted
203,1265,270504,751.4,NORMAL,N,,,,270490,270541,,,,
203,1266,270697,751.9361111111111,NORMAL,N,,,,270655,270736,,,,
203,1267,270793,752.2027777777778,PVC,V,,,,270770,270814,,,,
203,1268,270914,752.5388888888889,NORMAL,N,,,,270899,270936,270945,270979,271004,normal
203,1269,271102,753.0611111111111,NORMAL,N,,,,271083,271125,271140,271174,271199,normal
203,1270,271361,753.7805555555556,NORMAL,N,,,,271342,271432,,,,
203,1271,271497,754.1583333333333,PVC,V,,,,271483,271512,,,,
203,1272,271613,754.4805555555556,NORMAL,N,,,,271598,271680,271681,271717,271758,biphasic_negative_positive
203,1273,271848,755.1333333333333,NORMAL,N,,,,271832,271867,,,,
203,1274,271997,755.5472222222222,PVC,V,,,,271977,272064,272067,272097,272105,inverted
203,1275,272200,756.1111111111111,NORMAL,N,,,,272184,272219,272246,272283,272308,normal
203,1276,272541,757.0583333333333,NORMAL,N,,,,272527,272620,272641,272652,272663,normal
203,1277,272806,757.7944444444445,NORMAL,N,,,,272776,272854,,,,
203,1278,272920,758.1111111111111,PVC,V,,,,272895,272979,,,,
203,1279,273045,758.4583333333334,PVC,V,,,,273045,273108,,,,
203,1280,273157,758.7694444444444,PVC,V,,,,,273214,,,,
203,1281,273277,759.1027777777778,PVC,V,,,,273259,273331,273337,273363,273367,inverted
203,1282,273521,759.7805555555556,NORMAL,N,,,,273504,273591,273601,273628,273641,inverted
203,1283,273727,760.3527777777778,NORMAL,N,,,,273689,273755,273771,273792,273799,inverted
203,1284,273911,760.8638888888889,NORMAL,N,,,,273893,273950,273951,273971,274012,inverted
203,1285,274078,761.3277777777778,PVC,V,,,,274052,274105,274117,274152,274198,normal
203,1286,274352,762.0888888888888,NORMAL,N,,,,274334,274432,274437,274460,274474,normal
203,1287,274560,762.6666666666666,NORMAL,N,,,,274541,274569,,274587,274626,positive_monophasic
203,1288,274802,763.3388888888888,NORMAL,N,,,,274772,274850,274855,274880,274887,inverted
203,1289,275014,763.9277777777778,NORMAL,N,,,,,275091,275112,275121,275135,inverted
203,1290,275219,764.4972222222223,NORMAL,N,,,,275209,275237,,,,
203,1291,275356,764.8777777777777,PVC,V,,,,275333,275373,,,,
203,1292,275467,765.1861111111111,PVC,V,,,,275453,275485,,,,
203,1293,275589,765.525,NORMAL,N,,,,275569,275608,275633,275659,275686,normal
203,1294,275740,765.9444444444445,NORMAL,N,,,,275720,275801,,,,
203,1295,275862,766.2833333333333,PVC,V,,,,275852,275881,275904,275933,275956,normal
203,1296,276176,767.1555555555556,NORMAL,N,,,,276168,276225,,,,
203,1297,276304,767.5111111111111,PVC,V,,,,276260,276328,,276329,276362,positive_monophasic
203,1298,276483,768.0083333333333,NORMAL,N,,,,276468,276550,,,,
203,1299,276660,768.5,NORMAL,N,,,,276644,276689,276705,276735,276761,normal
203,1300,276925,769.2361111111111,NORMAL,N,,,,276914,277011,,,,
203,1301,277078,769.6611111111112,NORMAL,N,,,,277069,277151,,,,
203,1302,277269,770.1916666666667,NORMAL,N,,,,277221,277328,277343,277350,277365,inverted
203,1303,277442,770.6722222222222,NORMAL,N,,,,277426,277492,277498,277517,277541,normal
203,1304,277701,771.3916666666667,NORMAL,N,,,,277688,277758,277772,277783,277811,inverted
203,1305,277921,772.0027777777777,NORMAL,N,,,,277889,277949,,,,
203,1306,278039,772.3305555555555,NORMAL,N,,,,278003,278061,,,,
203,1307,278129,772.5805555555555,NORMAL,N,,,,278113,278175,,,,
203,1308,278259,772.9416666666667,NORMAL,N,,,,278236,278270,278302,278327,278355,normal
203,1309,278524,773.6777777777778,NORMAL,N,,,,278478,278554,,,,
203,1310,278757,774.325,NORMAL,N,,,,278728,278790,,,,
203,1311,278869,774.6361111111111,PVC,V,,,,278849,278931,,,,
203,1312,278993,774.9805555555556,NORMAL,N,,,,278981,279034,279040,279070,279096,normal
203,1313,279316,775.8777777777777,NORMAL,N,,,,279315,279405,,,,
203,1314,279418,776.1611111111112,NORMAL,N,,,,279400,279482,,,,
203,1315,279573,776.5916666666667,NORMAL,N,,,,279512,279604,279611,279633,279656,inverted
203,1316,279767,777.1305555555556,NORMAL,N,,,,279766,279860,,,,
203,1317,279936,777.6,NORMAL,N,,,,279887,279937,279944,279971,280026,normal
203,1318,280163,778.2305555555556,NORMAL,N,,,,280136,280204,280227,280248,280263,inverted
203,1319,280439,778.9972222222223,NORMAL,N,,,,280378,280472,,,,
203,1320,280660,779.6111111111111,NORMAL,N,,,,280625,280695,280737,280745,280758,normal
203,1321,280933,780.3694444444444,NORMAL,N,,,,280915,280999,281007,281022,281045,inverted
203,1322,281118,780.8833333333333,NORMAL,N,,,,281090,281189,281193,281223,281247,inverted
203,1323,281398,781.6611111111112,NORMAL,N,,,,281348,281413,281427,281446,281458,normal
203,1324,281505,781.9583333333334,PVC,V,,,,281478,281530,,,,
203,1325,281622,782.2833333333333,PVC,V,,,,281596,281651,,,,
203,1326,281747,782.6305555555556,PVC,V,,,,281726,281768,281778,281812,281842,normal
203,1327,282004,783.3444444444444,NORMAL,N,,,,281957,282038,282046,282067,282093,inverted
203,1328,282232,783.9777777777778,NORMAL,N,,,,,282315,,,,
203,1329,282393,784.425,NORMAL,N,,,,282360,282433,,,,
203,1330,282527,784.7972222222222,NORMAL,N,,,,282476,282566,,,,
203,1331,282647,785.1305555555556,NORMAL,N,,,,282634,282715,,,,
203,1332,282811,785.5861111111111,NORMAL,N,,,,282797,282882,282888,282932,282952,inverted
203,1333,283114,786.4277777777778,NORMAL,N,,,,283113,283195,,,,
203,1334,283264,786.8444444444444,NORMAL,N,,,,283216,283301,283304,283327,283341,inverted
203,1335,283496,787.4888888888889,NORMAL,N,,,,283495,283589,,,,
203,1336,283603,787.7861111111112,NORMAL,N,,,,283583,283671,,,,
203,1337,283720,788.1111111111111,NORMAL,N,,,,283704,283786,,,,
203,1338,283894,788.5944444444444,NORMAL,N,,,,,283962,,,,
203,1339,284139,789.275,NORMAL,N,,,,283896,284194,284220,284238,284250,normal
203,1340,284357,789.8805555555556,NORMAL,N,,,,284309,284391,284397,284444,284464,inverted
203,1341,284625,790.625,NORMAL,N,,,,284575,284630,284636,284671,284703,normal
203,1342,284889,791.3583333333333,NORMAL,N,,,,284845,284922,,,,
203,1343,284994,791.65,NORMAL,N,,,,284975,285063,,285066,285094,negative_monophasic
203,1344,285165,792.125,NORMAL,N,,,,285106,285201,285206,285232,285250,inverted
203,1345,285340,792.6111111111111,NORMAL,N,285274,285280,285311,,285429,,,,
203,1346,285525,793.125,NORMAL,N,,,,285523,285610,,,,
203,1347,285613,793.3694444444444,NORMAL,N,,,,285596,285688,,,,
203,1348,285789,793.8583333333333,NORMAL,N,,,,285787,285861,,,,
203,1349,285946,794.2944444444445,NORMAL,N,,,,285929,286019,,,,
203,1350,286092,794.7,NORMAL,N,,,,286083,286164,,286172,286203,negative_monophasic
203,1351,286329,795.3583333333333,NORMAL,N,,,,286294,286369,286373,286421,286458,biphasic_negative_positive
203,1352,286575,796.0416666666666,NORMAL,N,,,,286527,286606,,,,
203,1353,286667,796.2972222222222,PVC,V,,,,286645,286689,286704,286735,286767,normal
203,1354,286833,796.7583333333333,NORMAL,N,,,,286782,286865,286869,286896,286909,inverted
203,1355,286996,797.2111111111111,NORMAL,N,,,,286981,287071,,,,
203,1356,287133,797.5916666666667,PVC,V,,,,287106,287158,,287165,287196,positive_monophasic
203,1357,287260,797.9444444444445,PVC,V,,,,287234,287288,287294,287322,287366,normal
203,1358,287517,798.6583333333333,NORMAL,N,,,,287457,287554,287559,287585,287616,inverted
203,1359,287852,799.5888888888888,NORMAL,N,,,,287791,287880,,,,
203,1360,287952,799.8666666666667,PVC,V,,,,287925,287978,,287981,288017,positive_monophasic
203,1361,288074,800.2055555555555,PVC,V,,,,288051,288132,,,,
203,1362,288332,800.9222222222222,NORMAL,N,,,,288283,288352,,288353,288379,positive_monophasic
203,1363,288506,801.4055555555556,NORMAL,N,,,,288451,288535,288541,288568,288579,inverted
203,1364,288764,802.1222222222223,NORMAL,N,,,,288729,288807,288815,288832,288854,inverted
203,1365,288980,802.7222222222222,NORMAL,N,,,,288950,289013,,,,
203,1366,289067,802.9638888888888,PVC,V,,,,289048,289089,289112,289137,289164,normal
203,1367,289389,803.8583333333333,NORMAL,N,,,,289342,289428,,,,
203,1368,289499,804.1638888888889,NORMAL,N,,,,289483,289577,289581,289614,289639,inverted
203,1369,289737,804.825,NORMAL,N,,,,289686,289779,289784,289807,289837,inverted
203,1370,290030,805.6388888888889,NORMAL,N,289964,289979,289996,,290092,,,,
203,1371,290132,805.9222222222222,NORMAL,N,,,,290114,290199,290202,290235,290250,inverted
203,1372,290402,806.6722222222222,NORMAL,N,,,,290353,290446,290472,290480,290494,inverted
203,1373,290583,807.175,NORMAL,N,290507,290529,290552,,290678,,,,
203,1374,290750,807.6388888888889,NORMAL,N,,,,290703,290785,290789,290823,290840,inverted
203,1375,291080,808.5555555555555,NORMAL,N,,,,291026,291119,,,,
203,1376,291181,808.8361111111111,PVC,V,,,,291160,291202,291215,291248,291282,normal
203,1377,291470,809.6388888888889,NORMAL,N,,,,291424,291506,291520,291530,291559,inverted
203,1378,291777,810.4916666666667,NORMAL,N,,,,291720,291816,291820,291849,291872,inverted
203,1379,291992,811.0888888888888,NORMAL,N,291940,291942,291954,291991,292056,292064,292077,292095,normal
203,1380,292170,811.5833333333334,NORMAL,N,,,,292113,292201,,,,
203,1381,292479,812.4416666666667,NORMAL,N,,,,292446,292527,,,,
203,1382,292664,812.9555555555555,NORMAL,N,,,,292652,,,,,
203,1383,292743,813.175,NORMAL,N,,,,292735,292813,,,,
203,1384,292849,813.4694444444444,NORMAL,N,,,,292840,292915,,,,
203,1385,293043,814.0083333333333,NORMAL,N,,,,293043,293122,293129,293158,293170,inverted
203,1386,293317,814.7694444444444,NORMAL,N,293235,293240,293277,293310,293406,,,,
203,1387,293412,815.0333333333333,PVC,V,,,,293383,293435,293446,293477,293515,normal
203,1388,293642,815.6722222222222,NORMAL,N,293538,293567,293602,,,,,,
203,1389,293654,815.7055555555555,NORMAL,N,,,,293643,293726,293732,293748,293795,inverted
203,1390,293977,816.6027777777778,NORMAL,N,,,,293975,,,,,
203,1391,294063,816.8416666666667,PVC,V,,,,294043,294080,294099,294133,294168,normal
203,1392,294235,817.3194444444445,NORMAL,N,,,,294172,294266,294272,294290,294305,inverted
203,1393,294570,818.25,NORMAL,N,,,,294518,294609,,,,
203,1394,294674,818.5388888888889,PVC,V,,,,294655,294691,294712,294743,294774,normal
203,1395,294949,819.3027777777778,NORMAL,N,,,,294896,294965,294979,294991,294998,normal
203,1396,295155,819.875,NORMAL,N,,,,295106,295195,295203,295249,295273,inverted
203,1397,295435,820.6527777777778,NORMAL,N,,,,295381,295471,,,,
203,1398,295579,821.0527777777778,NORMAL,N,,,,295521,295612,295617,295640,295659,inverted
203,1399,295764,821.5666666666667,NORMAL,N,,,,295715,295804,295810,295831,295838,inverted
203,1400,296023,822.2861111111112,NORMAL,N,295938,295942,295984,296022,296137,,296139,296165,positive_monophasic
203,1401,296210,822.8055555555555,NORMAL,N,,,,296208,296293,,,,
203,1402,296340,823.1666666666666,NORMAL,N,,,,296339,296430,,,,
203,1403,296462,823.5055555555556,NORMAL,N,,,,296462,296555,,,,
203,1404,296592,823.8666666666667,NORMAL,N,,,,296533,296625,296626,296668,296689,biphasic_negative_positive
203,1405,296868,824.6333333333333,NORMAL,N,,,,296815,296892,,,,
203,1406,297008,825.0222222222222,NORMAL,N,,,,296960,297048,,,,
203,1407,297121,825.3361111111111,NORMAL,N,,,,297070,297154,,,,
203,1408,297253,825.7027777777778,NORMAL,N,,,,297221,297285,,297293,297319,negative_monophasic
203,1409,297474,826.3166666666667,NORMAL,N,,,,297446,297506,,,,
203,1410,297685,826.9027777777778,NORMAL,N,,,,297643,297724,,,,
203,1411,297918,827.55,NORMAL,N,,,,297890,297942,297955,298006,298014,biphasic_positive_negative
203,1412,298174,828.2611111111111,NORMAL,N,,,,298160,298203,298216,298240,298280,normal
203,1413,298413,828.925,NORMAL,N,,,,298395,298429,298452,298483,298522,normal
203,1414,298560,829.3333333333334,NORMAL,N,,,,298535,298575,,,,
203,1415,298681,829.6694444444445,NORMAL,N,,,,298652,298700,298723,298744,298760,normal
203,1416,298799,829.9972222222223,NORMAL,N,,,,298775,298825,298831,298857,298872,normal
203,1417,299044,830.6777777777778,NORMAL,N,,,,299018,299079,,,,
203,1418,299290,831.3611111111111,NORMAL,N,,,,299266,299313,299317,299348,299374,normal
203,1419,299458,831.8277777777778,NORMAL,N,,,,299435,299488,299500,299515,299536,normal
203,1420,299617,832.2694444444444,NORMAL,N,,,,299591,299642,299647,299675,299695,normal
203,1421,299828,832.8555555555556,NORMAL,N,,,,299797,299840,299867,299893,299916,normal
203,1422,300120,833.6666666666666,NORMAL,N,,,,300086,300141,300163,300194,300226,normal
203,1423,300276,834.1,NORMAL,N,,,,300248,300296,300311,300349,300382,normal
203,1424,300498,834.7166666666667,NORMAL,N,,,,300484,300515,300539,300570,300595,normal
203,1425,300760,835.4444444444445,NORMAL,N,,,,300734,300782,300798,300826,300849,normal
203,1426,300969,836.025,NORMAL,N,,,,300953,300999,301001,301034,301052,normal
203,1427,301133,836.4805555555556,NORMAL,N,,,,301118,301156,301167,301194,301222,normal
203,1428,301354,837.0944444444444,NORMAL,N,,,,301339,301370,301384,301423,301454,normal
203,1429,301497,837.4916666666667,NORMAL,N,,,,301471,301543,,,,
203,1430,301625,837.8472222222222,NORMAL,N,,,,301593,301659,,,,
203,1431,301746,838.1833333333333,NORMAL,N,,,,301728,301801,301813,301835,301852,biphasic_positive_negative
203,1432,301913,838.6472222222222,NORMAL,N,,,,301865,301979,301997,302007,302017,inverted
203,1433,302145,839.2916666666666,NORMAL,N,,,,302120,302187,302200,302220,302238,normal
203,1434,302289,839.6916666666667,NORMAL,N,,,,302262,302318,302320,302352,302376,normal
203,1435,302431,840.0861111111111,NORMAL,N,,,,302406,302450,302470,302492,302506,normal
203,1436,302653,840.7027777777778,NORMAL,N,,,,302626,302665,302683,302719,302738,normal
203,1437,302803,841.1194444444444,PVC,V,,,,302776,302828,302831,302867,302902,normal
203,1438,303168,842.1333333333333,NORMAL,N,,,,303155,303181,303201,303240,303258,normal
203,1439,303312,842.5333333333333,PVC,V,,,,303276,303333,303348,303375,303426,normal
203,1440,303522,843.1166666666667,NORMAL,N,,,,303496,303546,303556,303578,303602,normal
203,1441,303736,843.7111111111111,NORMAL,N,,,,303717,303752,,,,
203,1442,303856,844.0444444444445,NORMAL,N,,,,303835,303877,303897,303927,303964,normal
203,1443,304027,844.5194444444444,NORMAL,N,,,,303990,304041,304050,304089,304121,normal
203,1444,304225,845.0694444444445,NORMAL,N,,,,304206,304241,304265,304295,304332,normal
203,1445,304494,845.8166666666667,NORMAL,N,,,,304468,304507,304529,304556,304574,normal
203,1446,304699,846.3861111111111,NORMAL,N,,,,304682,304723,304741,304767,304802,normal
203,1447,304838,846.7722222222222,NORMAL,N,,,,304814,304861,304875,304901,304926,normal
203,1448,305023,847.2861111111112,NORMAL,N,,,,304995,305040,305062,305105,305118,normal
203,1449,305157,847.6583333333333,NORMAL,N,,,,305131,305185,305199,305226,305246,normal
203,1450,305381,848.2805555555556,NORMAL,N,,,,305366,305413,305423,305454,305473,normal
203,1451,305736,849.2666666666667,NORMAL,N,,,,305721,305754,305779,305811,305834,normal
203,1452,305984,849.9555555555555,NORMAL,N,,,,305970,306007,306019,306050,306088,normal
203,1453,306271,850.7527777777777,NORMAL,N,,,,306259,306294,306313,306342,306371,normal
203,1454,306612,851.7,NORMAL,N,,,,306586,306624,306650,306681,306713,normal
203,1455,306853,852.3694444444444,NORMAL,N,,,,306832,306866,306894,306919,306956,normal
203,1456,307029,852.8583333333333,NORMAL,N,,,,307010,307045,307085,307100,307122,normal
203,1457,307297,853.6027777777778,NORMAL,N,,,,307284,307327,307332,307368,307379,normal
203,1458,307431,853.975,PVC,V,,,,307389,307453,307477,307504,307541,normal
203,1459,307749,854.8583333333333,NORMAL,N,,,,307724,307763,307793,307815,307840,normal
203,1460,307973,855.4805555555556,NORMAL,N,,,,307944,307994,308046,308061,308086,inverted
203,1461,308413,856.7027777777778,NORMAL,N,,,,308382,308425,308443,308476,308502,normal
203,1462,308584,857.1777777777778,NORMAL,N,,,,308562,308603,308613,308644,308667,normal
203,1463,308813,857.8138888888889,NORMAL,N,,,,308795,308825,308848,308877,308908,normal
203,1464,309134,858.7055555555555,NORMAL,N,,,,309118,309150,309177,309202,309240,normal
203,1465,309469,859.6361111111111,NORMAL,N,,,,309455,309503,309513,309543,309582,normal
203,1466,309837,860.6583333333333,NORMAL,N,,,,309822,309861,309876,309902,309927,normal
203,1467,309994,861.0944444444444,NORMAL,N,,,,309980,310013,310040,310060,310077,normal
203,1468,310130,861.4722222222222,NORMAL,N,,,,310105,310141,,,,
203,1469,310243,861.7861111111112,NORMAL,N,,,,310205,310263,310290,310311,310330,normal
203,1470,310486,862.4611111111111,NORMAL,N,,,,310472,310511,310540,310590,310606,biphasic_positive_negative
203,1471,310748,863.1888888888889,NORMAL,N,,,,310733,310762,310791,310822,310846,normal
203,1472,311053,864.0361111111112,NORMAL,N,,,,311038,311081,311091,311121,311150,normal
203,1473,311297,864.7138888888888,NORMAL,N,,,,311272,311309,311339,311369,311400,normal
203,1474,311532,865.3666666666667,NORMAL,N,,,,311516,311545,311572,311605,311625,normal
203,1475,311821,866.1694444444445,NORMAL,N,,,,311806,311843,311858,311904,311933,normal
203,1476,312025,866.7361111111111,NORMAL,N,,,,312003,312073,312116,312130,312143,inverted
203,1477,312234,867.3166666666667,NORMAL,N,,,,312211,312245,312270,312299,312323,normal
203,1478,312426,867.85,NORMAL,N,,,,312408,312438,312471,312496,312526,normal
203,1479,312620,868.3888888888889,NORMAL,N,,,,312602,312631,312661,312692,312724,normal
203,1480,312893,869.1472222222222,NORMAL,N,,,,312867,312917,312928,312960,312980,normal
203,1481,313029,869.525,PVC,V,,,,313001,313047,,,,
203,1482,313142,869.8388888888888,PVC,V,,,,313131,313169,,,,
203,1483,313277,870.2138888888888,NORMAL,N,,,,313256,313306,313312,313346,313370,normal
203,1484,313410,870.5833333333334,NORMAL,N,,,,313380,313444,313446,313502,313520,biphasic_positive_negative
203,1485,313613,871.1472222222222,NORMAL,N,,,,313596,313651,313658,313701,313727,normal
203,1486,313894,871.9277777777778,NORMAL,N,,,,313878,313908,313936,313963,313998,normal
203,1487,314118,872.55,NORMAL,N,,,,314086,314135,314162,314188,314227,normal
203,1488,314275,872.9861111111111,NORMAL,N,,,,314256,314291,,,,
203,1489,314407,873.3527777777778,NORMAL,N,,,,314381,314429,,,,
203,1490,314519,873.6638888888889,NORMAL,N,,,,314498,314533,,,,
203,1491,314642,874.0055555555556,NORMAL,N,,,,314619,314656,314677,314705,314735,normal
203,1492,314827,874.5194444444444,NORMAL,N,,,,314814,314842,314874,314900,314913,normal
203,1493,315083,875.2305555555556,NORMAL,N,,,,315065,315094,315123,315153,315199,normal
203,1494,315323,875.8972222222222,NORMAL,N,,,,315303,315348,315362,315392,315422,normal
203,1495,315478,876.3277777777778,NORMAL,N,,,,315449,315496,315510,315543,315569,normal
203,1496,315691,876.9194444444445,NORMAL,N,,,,315677,315718,315737,315765,315801,normal
203,1497,315902,877.5055555555556,NORMAL,N,,,,315874,315949,,,,
203,1498,316025,877.8472222222222,NORMAL,N,,,,316006,316048,,,,
203,1499,316139,878.1638888888889,NORMAL,N,,,,316107,316159,316179,316210,316225,normal
203,1500,316261,878.5027777777777,NORMAL,N,,,,316240,316300,316306,316347,316358,biphasic_positive_negative
203,1501,316479,879.1083333333333,NORMAL,N,,,,316452,316492,316525,316550,316563,normal
203,1502,316621,879.5027777777777,PVC,V,,,,316587,316639,316655,316679,316730,normal
203,1503,316846,880.1277777777777,NORMAL,N,,,,316822,316870,,316876,316918,positive_monophasic
203,1504,317074,880.7611111111111,NORMAL,N,,,,317057,317098,317112,317147,317166,normal
203,1505,317219,881.1638888888889,NORMAL,N,,,,317192,317231,317256,317284,317311,normal
203,1506,317479,881.8861111111111,NORMAL,N,,,,317451,317495,317513,317562,317569,normal
203,1507,317724,882.5666666666667,NORMAL,N,,,,317693,317739,317756,317796,317816,normal
203,1508,317852,882.9222222222222,PVC,V,,,,317825,317872,,,,
203,1509,317927,883.1305555555556,NORMAL,N,,,,317889,317959,317986,318011,318024,biphasic_negative_positive
203,1510,318172,883.8111111111111,NORMAL,N,,,,318142,318216,318229,318261,318295,normal
203,1511,318415,884.4861111111111,NORMAL,N,,,,318389,318436,318457,318484,318515,normal
203,1512,318607,885.0194444444444,NORMAL,N,,,,318591,318621,,,,
203,1513,318706,885.2944444444445,NORMAL,N,,,,318685,318764,,,,
203,1514,318831,885.6416666666667,NORMAL,N,,,,318817,318844,318879,318890,318908,normal
203,1515,318994,886.0944444444444,NORMAL,N,,,,318956,319015,319035,319065,319090,normal
203,1516,319209,886.6916666666667,NORMAL,N,,,,319180,319230,319250,319293,319318,biphasic_negative_positive
203,1517,319431,887.3083333333333,NORMAL,N,,,,319407,319449,319471,319500,319540,normal
203,1518,319652,887.9222222222222,NORMAL,N,,,,319601,319671,319703,319719,319743,normal
203,1519,319797,888.325,NORMAL,N,,,,319766,319823,319840,319870,319884,normal
203,1520,320056,889.0444444444445,NORMAL,N,,,,320032,320075,320112,320139,320164,normal
203,1521,320294,889.7055555555555,NORMAL,N,,,,320269,320306,,,,
203,1522,320419,890.0527777777778,NORMAL,N,,,,320401,320438,320454,320479,320501,normal
203,1523,320774,891.0388888888889,NORMAL,N,,,,320761,320817,,,,
203,1524,320911,891.4194444444445,PVC,V,,,,320874,320929,320943,320970,321026,normal
203,1525,321219,892.275,NORMAL,N,,,,321195,321258,321277,321311,321319,normal
203,1526,321420,892.8333333333334,NORMAL,N,,,,321395,321447,321462,321487,321511,normal
203,1527,321666,893.5166666666667,NORMAL,N,,,,321646,321681,321712,321735,321758,normal
203,1528,321891,894.1416666666667,NORMAL,N,,,,321874,321906,321928,321961,321986,normal
203,1529,322033,894.5361111111112,NORMAL,N,,,,322008,322059,322084,322101,322130,normal
203,1530,322167,894.9083333333333,NORMAL,N,,,,322143,322190,,,,
203,1531,322303,895.2861111111112,NORMAL,N,,,,322278,322316,322340,322367,322396,normal
203,1532,322444,895.6777777777778,NORMAL,N,,,,322414,322466,322477,322512,322543,normal
203,1533,322584,896.0666666666667,NORMAL,N,,,,322554,322601,322635,322651,322675,normal
203,1534,322901,896.9472222222222,NORMAL,N,,,,322885,322914,322940,322982,322998,normal
203,1535,323045,897.3472222222222,PVC,V,,,,323004,323060,323069,323097,323147,normal
203,1536,323235,897.875,NORMAL,N,,,,323212,323259,323281,323330,323355,normal
203,1537,323414,898.3722222222223,NORMAL,N,,,,323399,323444,323454,323479,323513,normal
203,1538,323580,898.8333333333334,NORMAL,N,,,,323566,323607,323619,323645,323672,normal
203,1539,323754,899.3166666666667,NORMAL,N,,,,323725,323781,,,,
203,1540,323896,899.7111111111111,NORMAL,N,,,,323865,323917,,,,
203,1541,324012,900.0333333333333,NORMAL,N,,,,323986,324032,324049,324075,324108,normal
203,1542,324273,900.7583333333333,NORMAL,N,,,,324242,324304,324305,324344,324365,normal
203,1543,324536,901.4888888888889,NORMAL,N,,,,324518,324561,324577,324602,324643,normal
203,1544,324702,901.95,NORMAL,N,,,,324675,324723,324731,324756,324782,normal
203,1545,324833,902.3138888888889,NORMAL,N,,,,324808,324848,324870,324895,324922,normal
203,1546,325043,902.8972222222222,NORMAL,N,,,,325010,325079,325080,325146,325165,biphasic_positive_negative
203,1547,325281,903.5583333333333,NORMAL,N,,,,325257,325300,325310,325339,325365,normal
203,1548,325478,904.1055555555556,NORMAL,N,,,,325469,325487,325526,325537,325551,normal
203,1549,325686,904.6833333333333,PVC,V,,,,325652,325697,325724,325755,325797,normal
203,1550,325962,905.45,NORMAL,N,,,,325937,325980,326004,326033,326057,normal
203,1551,326225,906.1805555555555,NORMAL,N,,,,326204,326245,326268,326302,326327,normal
203,1552,326376,906.6,NORMAL,N,,,,326337,326396,326420,326443,326468,normal
203,1553,326598,907.2166666666667,NORMAL,N,,,,326547,326599,,,,
203,1554,326696,907.4888888888889,PVC,V,,,,326673,326897,,,,
203,1555,326976,908.2666666666667,NORMAL,N,,,,326959,326998,327016,327056,327072,normal
203,1556,327173,908.8138888888889,NORMAL,N,,,,327159,327185,327198,327235,327256,normal
203,1557,327408,909.4666666666667,NORMAL,N,,,,327383,327442,327449,327473,327500,normal
203,1558,327638,910.1055555555556,NORMAL,N,,,,327615,327655,327675,327702,327725,normal
203,1559,327791,910.5305555555556,NORMAL,N,,,,327769,327827,327828,327856,327889,normal
203,1560,327939,910.9416666666667,NORMAL,N,,,,327916,327965,327972,328003,328024,normal
203,1561,328160,911.5555555555555,NORMAL,N,,,,328131,328173,328212,328230,328256,normal
203,1562,328358,912.1055555555556,NORMAL,N,,,,328341,328375,328396,328425,328461,normal
203,1563,328670,912.9722222222222,NORMAL,N,,,,328653,328693,328710,328740,328781,normal
203,1564,328913,913.6472222222222,NORMAL,N,,,,328898,328928,328958,328983,329021,normal
203,1565,329201,914.4472222222222,NORMAL,N,,,,329141,329260,,,,
203,1566,329300,914.7222222222222,NORMAL,N,,,,329282,329306,,329416,329469,negative_monophasic
203,1567,329585,915.5138888888889,NORMAL,N,,,,329542,329600,329647,329666,329701,normal
203,1568,329776,916.0444444444445,NORMAL,N,,,,329711,329846,329848,329861,329871,inverted
203,1569,329983,916.6194444444444,PVC,V,,,,329982,330000,,,,
203,1570,330045,916.7916666666666,PVC,V,,,,,330110,330151,330177,330205,normal
203,1571,330457,917.9361111111111,NORMAL,N,,,,330434,330477,330499,330534,330561,normal
203,1572,330691,918.5861111111111,NORMAL,N,,,,330674,330710,330718,330753,330779,normal
203,1573,330968,919.3555555555556,NORMAL,N,,,,330940,330984,331015,331044,331068,normal
203,1574,331217,920.0472222222222,NORMAL,N,,,,331192,331237,331253,331278,331305,normal
203,1575,331410,920.5833333333334,NORMAL,N,,,,331377,331429,331448,331471,331494,normal
203,1576,331592,921.0888888888888,NORMAL,N,,,,331566,331603,331631,331653,331690,normal
203,1577,331771,921.5861111111111,NORMAL,N,,,,331740,331783,331806,331832,331857,normal
203,1578,331902,921.95,NORMAL,N,,,,331878,331915,331930,331982,332003,biphasic_positive_negative
203,1579,332115,922.5416666666666,NORMAL,N,,,,332088,332136,332152,332215,332234,biphasic_positive_negative
203,1580,332341,923.1694444444445,NORMAL,N,,,,332323,332359,332380,332406,332447,normal
203,1581,332623,923.9527777777778,NORMAL,N,,,,332600,332660,,332661,332692,positive_monophasic
203,1582,332764,924.3444444444444,PVC,V,,,,332735,332775,,332788,332832,positive_monophasic
203,1583,332883,924.675,PVC,V,,,,332864,332903,,,,
203,1584,333027,925.075,NORMAL,N,,,,333000,333043,333064,333090,333098,normal
203,1585,333156,925.4333333333333,NORMAL,N,,,,333139,333176,333193,333223,333241,normal
203,1586,333364,926.0111111111111,NORMAL,N,,,,333350,333384,333413,333445,333484,normal
203,1587,333663,926.8416666666667,NORMAL,N,,,,333646,333676,333701,333733,333748,normal
203,1588,333808,927.2444444444444,NORMAL,N,,,,333781,333835,,,,
203,1589,333927,927.575,NORMAL,N,,,,333904,333942,333960,333989,334013,normal
203,1590,334189,928.3027777777778,NORMAL,N,,,,334173,334218,334229,334266,334282,normal
203,1591,334455,929.0416666666666,NORMAL,N,,,,334437,334476,,334491,334530,positive_monophasic
203,1592,334724,929.7888888888889,NORMAL,N,,,,334710,334753,334763,334793,334819,normal
203,1593,334877,930.2138888888888,NORMAL,N,,,,334850,334896,334906,334944,334971,normal
203,1594,335145,930.9583333333334,NORMAL,N,,,,335129,335173,335189,335220,335246,normal
203,1595,335404,931.6777777777778,NORMAL,N,,,,335387,335436,335441,335471,335504,normal
203,1596,335565,932.125,NORMAL,N,,,,335530,335579,335601,335626,335654,normal
203,1597,335738,932.6055555555556,NORMAL,N,,,,335713,335760,335767,335799,335821,normal
203,1598,335993,933.3138888888889,NORMAL,N,,,,335974,336006,336031,336068,336102,normal
203,1599,336179,933.8305555555555,NORMAL,N,,,,336162,336191,,,,
203,1600,336306,934.1833333333333,NORMAL,N,,,,336286,336330,336341,336366,336395,normal
203,1601,336540,934.8333333333334,NORMAL,N,,,,336523,336565,336585,336624,336639,normal
203,1602,336699,935.275,PVC,V,,,,336666,336719,336733,336760,336811,normal
203,1603,336915,935.875,NORMAL,N,,,,336891,336941,336946,336986,337005,normal
203,1604,337172,936.5888888888888,NORMAL,N,,,,337154,337193,337212,337240,337262,normal
203,1605,337465,937.4027777777778,NORMAL,N,,,,337446,337494,337508,337542,337585,normal
203,1606,337685,938.0138888888889,NORMAL,N,,,,337662,337711,337724,337757,337789,normal
203,1607,337952,938.7555555555556,NORMAL,N,,,,337927,337973,337993,338016,338038,normal
203,1608,338300,939.7222222222222,NORMAL,N,,,,338285,338314,338354,338375,338410,normal
203,1609,338520,940.3333333333334,NORMAL,N,,,,338503,338537,338554,338588,338632,normal
203,1610,338720,940.8888888888889,NORMAL,N,,,,338687,338741,338753,338783,338807,normal
203,1611,338981,941.6138888888889,NORMAL,N,,,,338957,339006,339023,339054,339071,normal
203,1612,339348,942.6333333333333,NORMAL,N,,,,339323,339376,339386,339426,339444,normal
203,1613,339589,943.3027777777778,NORMAL,N,,,,339572,339618,339629,339664,339722,normal
203,1614,339893,944.1472222222222,NORMAL,N,,,,339879,339911,339927,339962,339984,normal
203,1615,340029,944.525,PVC,V,,,,340007,340040,,,,
203,1616,340157,944.8805555555556,PVC,V,,,,340128,340181,,340184,340227,positive_monophasic
203,1617,340295,945.2638888888889,NORMAL,N,,,,340278,340325,,,,
203,1618,340409,945.5805555555555,NORMAL,N,,,,340382,340433,340435,340467,340490,normal
203,1619,340626,946.1833333333333,NORMAL,N,,,,340610,340639,340667,340699,340724,normal
203,1620,340778,946.6055555555556,PVC,V,,,,340746,340797,340810,340835,340879,normal
203,1621,341067,947.4083333333333,NORMAL,N,,,,341042,341079,,341092,341151,positive_monophasic
203,1622,341410,948.3611111111111,NORMAL,N,,,,341391,341441,341448,341487,341505,normal
203,1623,341692,949.1444444444444,NORMAL,N,,,,341663,341717,341733,341767,341798,normal
203,1624,341991,949.975,NORMAL,N,,,,341966,342010,342033,342061,342089,normal
203,1625,342281,950.7805555555556,NORMAL,N,,,,342267,342304,342324,342349,342373,normal
203,1626,342496,951.3777777777777,NORMAL,N,,,,342478,342526,342533,342566,342604,normal
203,1627,342725,952.0138888888889,NORMAL,N,,,,342701,342748,342765,342795,342818,normal
203,1628,342879,952.4416666666667,NORMAL,N,,,,342856,342898,342914,342940,342966,normal
203,1629,343116,953.1,NORMAL,N,,,,343102,343138,343161,343189,343202,normal
203,1630,343313,953.6472222222222,NORMAL,N,,,,343294,343329,343364,343391,343417,normal
203,1631,343614,954.4833333333333,NORMAL,N,,,,343598,343629,343661,343693,343709,normal
203,1632,343889,955.2472222222223,NORMAL,N,,,,343876,343913,343930,343959,343988,normal
203,1633,344105,955.8472222222222,NORMAL,N,,,,344083,344133,344146,344173,344196,normal
203,1634,344246,956.2388888888889,NORMAL,N,,,,344225,344259,,,,
203,1635,344370,956.5833333333334,NORMAL,N,,,,344345,344398,344406,344431,344456,normal
203,1636,344509,956.9694444444444,NORMAL,N,,,,344490,344530,344548,344581,344598,normal
203,1637,344737,957.6027777777778,NORMAL,N,,,,344711,344750,344769,344809,344818,normal
203,1638,344902,958.0611111111111,NORMAL,N,,,,344879,344926,344934,344960,344985,normal
203,1639,345131,958.6972222222222,NORMAL,N,345068,345073,345079,345118,345154,345163,345204,345220,normal
203,1640,345491,959.6972222222222,NORMAL,N,,,,345472,345504,345525,345568,345582,normal
203,1641,345780,960.5,NORMAL,N,,,,345764,345808,345830,345857,345886,normal
203,1642,345965,961.0138888888889,NORMAL,N,,,,345951,345980,346005,346037,346067,normal
203,1643,346265,961.8472222222222,NORMAL,N,,,,346250,346287,346315,346341,346356,normal
203,1644,346540,962.6111111111111,NORMAL,N,,,,346523,346556,346580,346613,346648,normal
203,1645,346883,963.5638888888889,NORMAL,N,,,,346868,346897,346925,346976,347004,normal
203,1646,347096,964.1555555555556,NORMAL,N,,,,347071,347109,347134,347163,347185,normal
203,1647,347247,964.575,NORMAL,N,,,,347221,347271,,,,
203,1648,347370,964.9166666666666,NORMAL,N,,,,347351,347398,,,,
203,1649,347499,965.275,NORMAL,N,,,,347476,347516,347534,347566,347585,normal
203,1650,347640,965.6666666666666,NORMAL,N,,,,347612,347655,347683,347714,347732,normal
203,1651,347925,966.4583333333334,NORMAL,N,,,,347912,347949,,347953,347993,positive_monophasic
203,1652,348085,966.9027777777778,PVC,V,,,,348058,348103,348118,348150,348203,normal
203,1653,348307,967.5194444444444,NORMAL,N,,,,348287,348334,,348347,348392,positive_monophasic
203,1654,348433,967.8694444444444,PVC,V,,,,348412,348453,348469,348503,348534,normal
203,1655,348712,968.6444444444444,NORMAL,N,,,,348698,348741,348752,348788,348802,normal
203,1656,348912,969.2,NORMAL,N,,,,348898,348939,348953,348985,349008,normal
203,1657,349131,969.8083333333333,NORMAL,N,,,,349103,349167,349176,349202,349225,normal
203,1658,349360,970.4444444444445,NORMAL,N,,,,349344,349389,349407,349434,349460,normal
203,1659,349648,971.2444444444444,NORMAL,N,,,,349614,349661,349688,349730,349745,normal
203,1660,349879,971.8861111111111,NORMAL,N,,,,349864,349911,349924,349953,349989,normal
203,1661,350187,972.7416666666667,NORMAL,N,,,,350172,350211,350240,350263,350307,normal
203,1662,350411,973.3638888888889,NORMAL,N,,,,350394,350426,350450,350491,350506,normal
203,1663,350556,973.7666666666667,NORMAL,N,,,,350530,350583,,350584,350624,positive_monophasic
203,1664,350666,974.0722222222222,NORMAL,N,,,,350639,350684,350696,350733,350751,normal
203,1665,350910,974.75,NORMAL,N,,,,350898,350930,350950,350981,350998,normal
203,1666,351057,975.1583333333333,PVC,V,,,,351024,351073,351088,351117,351165,normal
203,1667,351266,975.7388888888889,NORMAL,N,,,,351249,351284,,351309,351340,positive_monophasic
203,1668,351506,976.4055555555556,NORMAL,N,,,,351491,351530,351549,351581,351597,normal
203,1669,351868,977.4111111111112,NORMAL,N,,,,351845,351896,351928,351954,351989,normal
203,1670,352169,978.2472222222223,NORMAL,N,,,,352153,352203,352214,352243,352268,normal
203,1671,352364,978.7888888888889,NORMAL,N,,,,352346,352394,352404,352436,352469,normal
203,1672,352701,979.725,NORMAL,N,,,,352678,352729,352748,352782,352792,normal
203,1673,353013,980.5916666666667,NORMAL,N,,,,353001,353030,353051,353080,353103,normal
203,1674,353313,981.425,NORMAL,N,,,,353297,353337,353352,353380,353433,normal
203,1675,353512,981.9777777777778,NORMAL,N,,,,353492,353547,353549,353579,353600,normal
203,1676,353786,982.7388888888889,NORMAL,N,,,,353765,353809,353834,353868,353889,normal
203,1677,354094,983.5944444444444,NORMAL,N,,,,354064,354116,354137,354178,354195,normal
203,1678,354377,984.3805555555556,NORMAL,N,,,,354362,354392,354434,354459,354498,normal
203,1679,354628,985.0777777777778,NORMAL,N,,,,354603,354649,354667,354700,354720,normal
203,1680,354884,985.7888888888889,NORMAL,N,,,,354859,354896,354926,354960,354984,normal
203,1681,355198,986.6611111111112,NORMAL,N,,,,355184,355221,355241,355279,355291,normal
203,1682,355471,987.4194444444445,NORMAL,N,,,,355455,355495,355516,355548,355567,normal
203,1683,355699,988.0527777777778,NORMAL,N,,,,355671,355735,355744,355771,355791,normal
203,1684,355832,988.4222222222222,NORMAL,N,,,,355803,355856,355870,355898,355923,normal
203,1685,356138,989.2722222222222,NORMAL,N,,,,356117,356168,356183,356218,356237,normal
203,1686,356289,989.6916666666667,PVC,V,,,,356277,356296,,,,
203,1687,356366,989.9055555555556,PVC,V,,,,,356401,356415,356439,356510,inverted
203,1688,356683,990.7861111111112,NORMAL,N,,,,356655,356714,356725,356786,356835,normal
203,1689,356952,991.5333333333333,NORMAL,N,,,,356922,356965,356993,357031,357049,normal
203,1690,357325,992.5694444444445,NORMAL,N,,,,357312,357355,357375,357405,357424,normal
203,1691,357754,993.7611111111111,NORMAL,N,,,,357730,357781,357799,357831,357843,normal
203,1692,357897,994.1583333333333,PVC,V,,,,357865,357901,357939,357970,358014,normal
203,1693,358360,995.4444444444445,NORMAL,N,,,,358347,358387,358396,358444,358453,normal
203,1694,358590,996.0833333333334,NORMAL,N,,,,358567,358620,,358621,358663,positive_monophasic
203,1695,358732,996.4777777777778,NORMAL,N,,,,358704,358746,358777,358807,358832,normal
203,1696,358868,996.8555555555556,NORMAL,N,,,,358841,358881,358911,358945,358966,normal
203,1697,359199,997.775,NORMAL,N,,,,359178,359228,,359261,359299,positive_monophasic
203,1698,359363,998.2305555555556,PVC,V,,,,359332,359373,359395,359425,359482,normal
203,1699,359679,999.1083333333333,NORMAL,N,,,,359665,359707,,359720,359757,positive_monophasic
203,1700,359930,999.8055555555555,NORMAL,N,,,,359906,359942,359983,360013,360046,normal
203,1701,360316,1000.8777777777777,NORMAL,N,,,,360300,360330,360378,360406,360423,normal
203,1702,360555,1001.5416666666666,NORMAL,N,,,,360531,360571,360598,360629,360655,normal
203,1703,360691,1001.9194444444445,NORMAL,N,,,,360664,360714,360728,360773,360792,normal
203,1704,361027,1002.8527777777778,NORMAL,N,,,,361012,361056,,361057,361113,positive_monophasic
203,1705,361319,1003.6638888888889,NORMAL,N,,,,361303,361334,361365,361401,361413,normal
203,1706,361668,1004.6333333333333,NORMAL,N,,,,361645,361692,361703,361752,361765,normal
203,1707,361892,1005.2555555555556,NORMAL,N,,,,361878,361915,361929,361962,361992,normal
203,1708,362120,1005.8888888888889,NORMAL,N,,,,362105,362142,362162,362191,362210,normal
203,1709,362379,1006.6083333333333,NORMAL,N,,,,362353,362407,,362416,362465,positive_monophasic
203,1710,362546,1007.0722222222222,NORMAL,N,,,,362534,362570,362587,362630,362648,normal
203,1711,362775,1007.7083333333334,NORMAL,N,,,,362761,362789,362810,362874,362892,normal
203,1712,363014,1008.3722222222223,NORMAL,N,,,,362988,363042,,,,
203,1713,363142,1008.7277777777778,PVC,V,,,,363117,363145,,363182,363226,positive_monophasic
203,1714,363267,1009.075,PVC,V,,,,363227,363286,363298,363330,363371,normal
203,1715,363433,1009.5361111111112,NORMAL,N,,,,363413,363449,,363482,363536,positive_monophasic
203,1716,363581,1009.9472222222222,NORMAL,N,,,,363560,363594,363628,363660,363686,normal
203,1717,363726,1010.35,NORMAL,N,,,,363712,363756,,,,
203,1718,363841,1010.6694444444445,NORMAL,N,,,,363817,363864,,,,
203,1719,363969,1011.025,NORMAL,N,,,,363944,363990,364001,364036,364055,normal
203,1720,364159,1011.5527777777778,NORMAL,N,,,,364143,364181,,364187,364228,positive_monophasic
203,1721,364350,1012.0833333333334,NORMAL,N,,,,364319,364381,364382,364422,364444,normal
203,1722,364501,1012.5027777777777,NORMAL,N,,,,364486,364524,364539,364570,364604,normal
203,1723,364743,1013.175,NORMAL,N,,,,364720,364770,,364781,364828,positive_monophasic
203,1724,364924,1013.6777777777778,NORMAL,N,,,,364908,364937,364962,365003,365039,normal
203,1725,365202,1014.45,NORMAL,N,,,,365176,365215,365260,365298,365319,normal
203,1726,365403,1015.0083333333333,NORMAL,N,,,,365387,365429,365448,365486,365521,normal
203,1727,365743,1015.9527777777778,NORMAL,N,,,,365727,365772,365797,365830,365843,normal
203,1728,365901,1016.3916666666667,PVC,V,,,,365873,365913,365941,365966,366004,normal
203,1729,366237,1017.325,NORMAL,N,,,,366215,366270,,366271,366307,positive_monophasic
203,1730,366468,1017.9666666666667,NORMAL,N,,,,366454,366492,366513,366545,366603,normal
203,1731,366679,1018.5527777777778,NORMAL,N,,,,366659,366694,366724,366762,366779,normal
203,1732,367035,1019.5416666666666,NORMAL,N,,,,367013,367047,,367088,367125,positive_monophasic
203,1733,367318,1020.3277777777778,NORMAL,N,,,,367291,367331,,,,
203,1734,367446,1020.6833333333333,PVC,V,,,,367395,367470,,367482,367522,positive_monophasic
203,1735,367583,1021.0638888888889,NORMAL,N,,,,367562,367594,367630,367663,367682,normal
203,1736,367746,1021.5166666666667,NORMAL,N,,,,367731,367761,367788,367818,367838,normal
203,1737,367990,1022.1944444444445,NORMAL,N,,,,367972,368015,,368038,368074,positive_monophasic
203,1738,368159,1022.6638888888889,NORMAL,N,,,,368146,368183,368192,368231,368252,normal
203,1739,368334,1023.15,NORMAL,N,,,,368321,368351,368369,368403,368424,normal
203,1740,368490,1023.5833333333334,NORMAL,N,,,,368462,368501,368530,368553,368581,normal
203,1741,368832,1024.5333333333333,NORMAL,N,,,,368817,368861,,368876,368918,positive_monophasic
203,1742,368980,1024.9444444444443,PVC,V,,,,368950,368992,369017,369046,369091,normal
203,1743,369215,1025.5972222222222,NORMAL,N,,,,369202,369239,,369262,369307,positive_monophasic
203,1744,369472,1026.3111111111111,NORMAL,N,,,,369445,369483,369520,369554,369587,normal
203,1745,369707,1026.963888888889,NORMAL,N,,,,369688,369731,369758,369790,369837,normal
203,1746,369921,1027.5583333333334,NORMAL,N,,,,369895,369934,369961,369994,370024,normal
203,1747,370186,1028.2944444444445,NORMAL,N,,,,370171,370217,370235,370260,370305,normal
203,1748,370410,1028.9166666666667,NORMAL,N,,,,370397,370456,370458,370502,370540,normal
203,1749,370603,1029.4527777777778,PVC,V,,,,370568,370661,,,,
203,1750,370760,1029.888888888889,NORMAL,N,,,,370730,370774,370801,370831,370838,normal
203,1751,370904,1030.2888888888888,NORMAL,N,,,,370874,370919,370955,370976,371007,normal
203,1752,371146,1030.9611111111112,NORMAL,N,,,,371131,371196,,371199,371242,positive_monophasic
203,1753,371329,1031.4694444444444,NORMAL,N,,,,371314,371358,371382,371411,371445,normal
203,1754,371570,1032.138888888889,NORMAL,N,,,,371550,371597,371635,371677,371697,normal
203,1755,371780,1032.7222222222222,NORMAL,N,,,,371761,371812,,,,
203,1756,371933,1033.1472222222221,NORMAL,N,,,,371920,371947,371975,372010,372026,normal
203,1757,372068,1033.5222222222221,NORMAL,N,,,,372041,372098,372099,372160,372178,normal
203,1758,372298,1034.161111111111,NORMAL,N,,,,372283,372316,372360,372379,372390,normal
203,1759,372430,1034.5277777777778,PVC,V,,,,372395,372432,372472,372506,372554,normal
203,1760,372793,1035.536111111111,NORMAL,N,,,,372780,372822,372848,372879,372883,normal
203,1761,372945,1035.9583333333333,PVC,V,,,,372903,372965,372979,373009,373050,normal
203,1762,373115,1036.4305555555557,NORMAL,N,,,,373073,373139,373164,373197,373215,normal
203,1763,373285,1036.9027777777778,NORMAL,N,,,,373247,373309,373334,373356,373368,normal
203,1764,373647,1037.9083333333333,NORMAL,N,,,,373614,373695,373729,373744,373755,normal
203,1765,373808,1038.3555555555556,PVC,V,,,,373768,373821,,373829,373877,positive_monophasic
203,1766,373973,1038.8138888888889,NORMAL,N,,,,373958,373994,374034,374047,374051,normal
203,1767,374109,1039.1916666666666,NORMAL,N,,,,374078,374150,374152,374180,374187,normal
203,1768,374247,1039.575,NORMAL,N,,,,374231,374276,374288,374319,374329,normal
203,1769,374611,1040.5861111111112,NORMAL,N,,,,374587,374626,,374660,374705,positive_monophasic
203,1770,374750,1040.9722222222222,PVC,V,,,,374715,374770,374794,374819,374857,normal
203,1771,375144,1042.0666666666666,NORMAL,N,,,,375127,375160,375200,375233,375237,biphasic_negative_positive
203,1772,375377,1042.713888888889,PVC,V,,,,375365,375408,375437,375456,375481,biphasic_positive_negative
203,1773,375538,1043.161111111111,NORMAL,N,,,,375516,375562,375604,375640,375651,normal
203,1774,375801,1043.8916666666667,NORMAL,N,,,,375778,375813,375829,375877,375887,normal
203,1775,376042,1044.5611111111111,NORMAL,N,,,,376019,376072,376088,376130,376164,normal
203,1776,376376,1045.4888888888888,NORMAL,N,,,,376360,376409,376435,376469,376490,normal
203,1777,376625,1046.1805555555557,NORMAL,N,,,,376600,376653,376675,376704,376722,normal
203,1778,376944,1047.0666666666666,NORMAL,N,,,,376922,376973,376999,377026,377050,normal
203,1779,377214,1047.8166666666666,NORMAL,N,,,,377189,377253,,377254,377285,positive_monophasic
203,1780,377340,1048.1666666666667,PVC,V,,,,377313,377361,377388,377417,377454,normal
203,1781,377560,1048.7777777777778,NORMAL,N,,,,377541,377596,377613,377655,377667,normal
203,1782,377825,1049.513888888889,NORMAL,N,,,,377808,377839,377891,377911,377936,normal
203,1783,378060,1050.1666666666667,NORMAL,N,,,,378035,378087,378114,378149,378167,normal
203,1784,378438,1051.2166666666667,NORMAL,N,,,,378424,378465,378484,378528,378546,normal
203,1785,378603,1051.675,PVC,V,,,,378603,378607,,,,
203,1786,378676,1051.8777777777777,PVC,V,,,,,378706,378718,378753,378766,biphasic_negative_positive
203,1787,378975,1052.7083333333333,NORMAL,N,,,,378959,378988,379022,379053,379067,normal
203,1788,379202,1053.338888888889,NORMAL,N,,,,379186,379215,379257,379284,379303,normal
203,1789,379450,1054.0277777777778,NORMAL,N,,,,379426,379481,379483,379528,379541,normal
203,1790,379579,1054.3861111111112,PVC,V,,,,379552,379601,379624,379656,379688,normal
203,1791,379826,1055.0722222222223,NORMAL,N,,,,379809,379857,379881,379926,379957,normal
203,1792,380080,1055.7777777777778,NORMAL,N,,,,380063,380109,380139,380167,380198,normal
203,1793,380330,1056.4722222222222,NORMAL,N,,,,380313,380361,380387,380416,380438,normal
203,1794,380480,1056.888888888889,NORMAL,N,,,,380449,380505,380513,380568,380608,normal
203,1795,380909,1058.0805555555555,NORMAL,N,,,,380891,380923,,380963,381004,positive_monophasic
203,1796,381059,1058.4972222222223,PVC,V,,,,381036,381071,381081,381125,381160,normal
203,1797,381335,1059.263888888889,NORMAL,N,,,,381311,381357,381394,381456,381490,normal
203,1798,381586,1059.9611111111112,NORMAL,N,,,,381568,381599,381630,381664,381683,normal
203,1799,381808,1060.5777777777778,NORMAL,N,,,,381789,381837,381847,381887,381899,normal
203,1800,381961,1061.0027777777777,NORMAL,N,,,,381948,381993,382004,382037,382060,normal
203,1801,382246,1061.7944444444445,NORMAL,N,,,,382212,382282,382312,382350,382364,normal
203,1802,382551,1062.6416666666667,NORMAL,N,,,,382529,382575,382606,382640,382662,normal
203,1803,382870,1063.5277777777778,NORMAL,N,,,,382847,382905,382914,382954,382968,normal
203,1804,383279,1064.6638888888888,NORMAL,N,,,,383263,383314,,383320,383368,positive_monophasic
203,1805,383464,1065.1777777777777,NORMAL,N,,,,383447,383493,383505,383534,383555,normal
203,1806,383596,1065.5444444444445,NORMAL,N,,,,383583,383625,383645,383680,383704,normal
203,1807,383827,1066.1861111111111,NORMAL,N,,,,383807,383852,383870,383908,383919,normal
203,1808,383966,1066.5722222222223,PVC,V,,,,383934,383980,384007,384036,384070,normal
203,1809,384315,1067.5416666666667,NORMAL,N,,,,384290,384345,,384365,384410,positive_monophasic
203,1810,384480,1068.0,PVC,V,,,,384442,384493,384500,384553,384608,normal
203,1811,384748,1068.7444444444445,NORMAL,N,,,,384723,384783,,384812,384858,positive_monophasic
203,1812,385054,1069.5944444444444,NORMAL,N,,,,385032,385082,,,,
203,1813,385202,1070.0055555555555,PVC,V,,,,385179,385226,,,,
203,1814,385287,1070.2416666666666,PVC,V,,,,385238,385311,385328,385339,385356,normal
203,1815,385562,1071.0055555555555,NORMAL,N,,,,385539,385586,385618,385654,385661,normal
203,1816,385946,1072.0722222222223,NORMAL,N,,,,385926,385970,386017,386043,386053,normal
203,1817,386095,1072.486111111111,PVC,V,,,,386073,386101,386135,386169,386218,normal
203,1818,386334,1073.15,NORMAL,N,,,,386308,386351,386353,386426,386434,biphasic_negative_positive
203,1819,386600,1073.888888888889,NORMAL,N,,,,386577,386630,386645,386696,386737,normal
203,1820,386877,1074.6583333333333,NORMAL,N,,,,386853,386900,,386930,386970,positive_monophasic
203,1821,387024,1075.0666666666666,PVC,V,,,,386997,387035,,,,
203,1822,387104,1075.2888888888888,PVC,V,,,,387064,387135,,387139,387164,negative_monophasic
203,1823,387243,1075.675,PVC,V,,,,387171,387266,387274,387283,387292,inverted
203,1824,387374,1076.0388888888888,NORMAL,N,,,,387294,387404,387433,387443,387461,normal
203,1825,387694,1076.9277777777777,NORMAL,N,,,,387668,387721,,387725,387780,positive_monophasic
203,1826,387816,1077.2666666666667,PVC,V,,,,387786,387819,387862,387894,387929,normal
203,1827,388147,1078.1861111111111,NORMAL,N,,,,388126,388178,,388192,388242,positive_monophasic
203,1828,388290,1078.5833333333333,PVC,V,,,,388257,388308,388392,388417,388444,6
203,1829,388584,1079.4,NORMAL,N,,,,388561,388599,,388629,388710,positive_monophasic
203,1830,388914,1080.3166666666666,NORMAL,N,,,,388894,388941,388981,389006,389015,normal
203,1831,389289,1081.3583333333333,NORMAL,N,,,,389267,389318,389337,389379,389396,normal
203,1832,389678,1082.4388888888889,NORMAL,N,,,,389655,389701,389714,389765,389782,normal
203,1833,389936,1083.1555555555556,NORMAL,N,,,,389923,389953,389974,390012,390038,normal
203,1834,390159,1083.775,NORMAL,N,,,,390130,390183,390208,390235,390250,normal
203,1835,390289,1084.1361111111112,PVC,V,,,,390256,390306,,,,
203,1836,390419,1084.4972222222223,PVC,V,,,,390391,390422,,,,
203,1837,390790,1085.5277777777778,NORMAL,N,,,,390763,390829,,390859,390896,positive_monophasic
203,1838,390953,1085.9805555555556,PVC,V,,,,390919,390971,390990,391020,391073,normal
203,1839,391334,1087.0388888888888,NORMAL,N,,,,391313,391348,,391389,391452,positive_monophasic
203,1840,391653,1087.925,NORMAL,N,,,,391631,391693,391698,391736,391751,normal
203,1841,391995,1088.875,NORMAL,N,,,,391981,392009,392059,392083,392102,normal
203,1842,392184,1089.4,NORMAL,N,,,,392168,392198,392235,392265,392299,normal
203,1843,392374,1089.9277777777777,NORMAL,N,,,,392348,392401,,,,
203,1844,392500,1090.2777777777778,PVC,V,,,,392462,392514,392538,392572,392603,normal
203,1845,392761,1091.0027777777777,NORMAL,N,,,,392733,392797,,392809,392858,positive_monophasic
203,1846,393000,1091.6666666666667,NORMAL,N,,,,392977,393038,393039,393082,393097,normal
203,1847,393269,1092.4138888888888,NORMAL,N,,,,393254,393301,,393321,393358,positive_monophasic
203,1848,393417,1092.825,PVC,V,,,,393385,393421,393468,393503,393555,normal
203,1849,393729,1093.6916666666666,NORMAL,N,,,,393715,393757,,393770,393815,positive_monophasic
203,1850,393902,1094.1722222222222,NORMAL,N,,,,393889,393937,393945,393982,393997,normal
203,1851,394137,1094.825,NORMAL,N,,,,394113,394165,,394178,394214,positive_monophasic
203,1852,394370,1095.4722222222222,NORMAL,N,,,,394349,394393,,394401,394450,positive_monophasic
203,1853,394509,1095.8583333333333,NORMAL,N,,,,394485,394537,394545,394584,394604,normal
203,1854,394702,1096.3944444444444,NORMAL,N,,,,394684,394735,394762,394787,394799,normal
203,1855,394979,1097.1638888888888,NORMAL,N,,,,394964,395017,,395020,395063,positive_monophasic
203,1856,395185,1097.736111111111,NORMAL,N,,,,395165,395214,395243,395268,395292,normal
203,1857,395445,1098.4583333333333,NORMAL,N,,,,395432,395472,,395476,395525,positive_monophasic
203,1858,395787,1099.4083333333333,NORMAL,N,,,,395770,395801,395853,395890,395924,normal
203,1859,396028,1100.0777777777778,NORMAL,N,,,,396002,396041,396084,396121,396159,normal
203,1860,396223,1100.6194444444445,PVC,V,,,,396193,,,,,
203,1861,396230,1100.638888888889,PVC,V,,,,,396252,396255,396351,396394,biphasic_negative_positive
203,1862,396528,1101.4666666666667,NORMAL,N,,,,396514,396546,396579,396612,396619,normal
203,1863,396821,1102.2805555555556,NORMAL,N,,,,396806,396834,,396866,396905,positive_monophasic
203,1864,396959,1102.6638888888888,PVC,V,,,,396937,396981,,,,
203,1865,397039,1102.8861111111112,PVC,V,,,,396987,397057,397074,397119,397207,normal
203,1866,397325,1103.6805555555557,NORMAL,N,397253,397265,397280,397308,397340,397388,397440,397504,normal
203,1867,397641,1104.5583333333334,NORMAL,N,397555,397609,397619,397631,397655,397691,397736,397770,normal
203,1868,397967,1105.463888888889,NORMAL,N,397842,397870,397884,397951,397981,398019,398074,398108,normal
203,1869,398309,1106.4138888888888,NORMAL,N,398225,398235,398250,398293,398323,398371,398400,398421,normal
203,1870,398482,1106.8944444444444,NORMAL,N,,,,398468,398496,398526,398561,398586,normal
203,1871,398782,1107.7277777777779,NORMAL,N,398720,398740,398758,398770,398794,398831,398903,398920,normal
203,1872,399026,1108.4055555555556,NORMAL,N,,,,399013,399040,399078,399119,399151,normal
203,1873,399317,1109.213888888889,NORMAL,N,399217,399236,399263,399301,399330,399373,399407,399453,normal
203,1874,399589,1109.9694444444444,NORMAL,N,,,,399575,399605,399648,399682,399700,normal
203,1875,399873,1110.7583333333334,NORMAL,N,399823,399838,399850,399862,399886,399888,399960,399977,biphasic_negative_positive
203,1876,400044,1111.2333333333333,NORMAL,N,,,,400014,400056,400088,400124,400142,normal
203,1877,400334,1112.0388888888888,NORMAL,N,,,,400318,400347,400402,400429,400440,normal
203,1878,400528,1112.5777777777778,NORMAL,N,,,,400513,400541,400567,400605,400627,normal
203,1879,400717,1113.1027777777779,NORMAL,N,400628,400662,400677,400699,400732,400774,400807,400812,normal
203,1880,400908,1113.6333333333334,NORMAL,N,400832,400847,400867,400887,400920,,400941,400989,positive_monophasic
203,1881,401038,1113.9944444444445,NORMAL,N,,,,401013,401049,401091,401122,401146,normal
203,1882,401232,1114.5333333333333,NORMAL,N,,,,401220,401245,401281,401349,401371,normal
203,1883,401536,1115.3777777777777,NORMAL,N,401456,401473,401508,401520,401550,401594,401657,401692,normal
203,1884,401777,1116.0472222222222,PVC,V,,,,401755,401778,401814,401850,401883,normal
203,1885,402059,1116.8305555555555,NORMAL,N,,,,402043,402070,402119,402151,402169,normal
203,1886,402273,1117.425,NORMAL,N,402177,402200,402218,402249,402287,402323,402356,402379,normal
203,1887,402660,1118.5,NORMAL,N,,,,402643,402674,402725,402761,402787,normal
203,1888,402984,1119.4,NORMAL,N,402850,402861,402881,402963,402998,403035,403075,403089,normal
203,1889,403178,1119.9388888888889,NORMAL,N,403108,403132,403152,403164,403190,,,,
203,1890,403309,1120.3027777777777,NORMAL,N,403229,403259,403278,403284,403320,403343,403383,403402,normal
203,1891,403453,1120.7027777777778,NORMAL,N,,,,403441,403466,403511,403546,403587,normal
203,1892,403675,1121.3194444444443,NORMAL,N,,,,403656,403808,,,,
203,1893,403885,1121.9027777777778,PVC,V,403794,403808,403825,403829,403910,403929,403942,403960,normal
203,1894,404077,1122.4361111111111,NORMAL,N,404025,404041,404058,404066,404089,404127,404157,404168,normal
203,1895,404349,1123.1916666666666,NORMAL,N,404283,404301,404325,404337,404362,404413,404447,404461,normal
203,1896,404600,1123.888888888889,NORMAL,N,,,,404582,404615,404662,404688,404745,normal
203,1897,404827,1124.5194444444444,NORMAL,N,,,,404809,404842,,,,
203,1898,404971,1124.9194444444445,NORMAL,N,,,,404947,404987,405015,405047,405069,normal
203,1899,405241,1125.6694444444445,NORMAL,N,405118,405130,405145,405229,405381,,405293,405339,positive_monophasic
203,1900,405381,1126.0583333333334,PVC,V,,,,405348,,405412,405419,405462,inverted
203,1901,405508,1126.411111111111,PVC,V,405436,405464,405494,405505,405527,,,,
203,1902,405565,1126.5694444444443,PVC,V,,,,,405593,405603,405620,405638,inverted
203,1903,405767,1127.1305555555555,NORMAL,N,405672,405696,405717,405753,405782,405810,405847,405859,normal
203,1904,405955,1127.6527777777778,NORMAL,N,405863,405877,405887,405933,405976,,405993,406046,positive_monophasic
203,1905,406103,1128.0638888888889,NORMAL,N,,,,406074,406119,406161,406184,406209,normal
203,1906,406473,1129.0916666666667,NORMAL,N,406357,406371,406382,406451,406487,406540,406571,406581,normal
203,1907,406633,1129.536111111111,PVC,V,,,,406589,406650,406669,406701,406757,normal
203,1908,406930,1130.361111111111,NORMAL,N,406788,406808,406821,406911,406944,406989,406997,407042,inverted
203,1909,407195,1131.0972222222222,NORMAL,N,407072,407085,407119,407172,407245,,,,
203,1910,407420,1131.7222222222222,NORMAL,N,,,,407408,407452,407468,407503,407513,biphasic_negative_positive
203,1911,407653,1132.3694444444445,NORMAL,N,,,,407631,407683,407712,407745,407772,normal
203,1912,407961,1133.225,NORMAL,N,,,,407944,407992,408025,408053,408078,normal
203,1913,408267,1134.075,NORMAL,N,,,,408246,408291,408331,408380,408400,biphasic_positive_negative
203,1914,408488,1134.6888888888889,NORMAL,N,408410,408416,408432,408444,408503,408551,408567,408578,normal
203,1915,408672,1135.2,NORMAL,N,,,,408657,408690,408740,408761,408779,normal
203,1916,408883,1135.786111111111,NORMAL,N,408831,408835,408850,408858,408944,,,,
203,1917,409018,1136.161111111111,PVC,V,,,,408974,409023,,,,
203,1918,409134,1136.4833333333333,NORMAL,N,,,,409109,409159,,,,
203,1919,409254,1136.8166666666666,NORMAL,N,,,,409228,409267,409303,409327,409338,normal
203,1920,409394,1137.2055555555555,NORMAL,N,,,,409367,409409,,,,
203,1921,409510,1137.5277777777778,NORMAL,N,,,,409497,409521,409572,409599,409616,normal
203,1922,409771,1138.2527777777777,NORMAL,N,,,,409756,409784,,409805,409859,positive_monophasic
203,1923,409914,1138.65,PVC,V,,,,409913,409931,,,,
203,1924,409993,1138.8694444444445,NORMAL,N,,,,,410020,410050,410064,410083,normal
203,1925,410187,1139.4083333333333,NORMAL,N,410101,410123,410152,410164,410199,410224,410258,410276,normal
203,1926,410456,1140.1555555555556,NORMAL,N,,,,410439,410469,,410520,410552,positive_monophasic
203,1927,410616,1140.6,PVC,V,,,,410577,410634,410655,410686,410748,normal
203,1928,410955,1141.5416666666667,NORMAL,N,410856,410875,410908,410927,410969,,411019,411053,positive_monophasic
203,1929,411121,1142.0027777777777,PVC,V,,,,411086,411137,411139,411183,411240,normal
203,1930,411331,1142.5861111111112,NORMAL,N,,,,411311,411345,,411387,411419,positive_monophasic
203,1931,411567,1143.2416666666666,NORMAL,N,,,,411547,411580,411609,411646,411668,normal
203,1932,411859,1144.0527777777777,NORMAL,N,411782,411802,411828,411840,411873,,411893,411937,positive_monophasic
203,1933,412130,1144.8055555555557,NORMAL,N,412038,412057,412080,412105,412144,412168,412213,412233,normal
203,1934,412517,1145.8805555555555,NORMAL,N,412403,412418,412439,412499,412530,412585,412609,412620,normal
203,1935,412789,1146.6361111111112,NORMAL,N,412689,412715,412741,412765,412804,412834,412870,412891,normal
203,1936,412934,1147.0388888888888,NORMAL,N,,,,412906,412949,412976,413014,413031,normal
203,1937,413251,1147.9194444444445,NORMAL,N,413148,413177,413205,413229,413265,,,,
203,1938,413395,1148.3194444444443,PVC,V,,,,413371,413396,,,,
203,1939,413516,1148.6555555555556,PVC,V,413440,413463,413501,413513,413609,,,,
203,1940,413630,1148.9722222222222,PVC,V,413549,413576,413597,413604,413637,,,,
203,1941,413917,1149.7694444444444,NORMAL,N,,,,413895,413931,,413961,414002,positive_monophasic
203,1942,414061,1150.1694444444445,PVC,V,,,,414032,414071,414092,414122,414179,normal
203,1943,414566,1151.5722222222223,NORMAL,N,,,,414549,414580,,414618,414679,positive_monophasic
203,1944,414731,1152.0305555555556,PVC,V,,,,414698,414740,414746,414804,414867,normal
203,1945,414945,1152.625,NORMAL,N,,,,414924,414958,414968,414996,415008,normal
203,1946,415080,1153.0,PVC,V,,,,415051,415081,,415114,415155,positive_monophasic
203,1947,415214,1153.3722222222223,PVC,V,415195,415212,,415187,415215,,,,
203,1948,415328,1153.6888888888889,PVC,V,,,415234,415251,415335,,,,
203,1949,415458,1154.05,PVC,V,415373,415400,415426,415436,415459,415500,415532,415569,normal
203,1950,415801,1155.0027777777777,NORMAL,N,,,,415780,415815,,415850,415887,positive_monophasic
203,1951,415955,1155.4305555555557,PVC,V,,,,415925,415974,415991,416018,416074,normal
203,1952,416142,1155.95,NORMAL,N,,,,416122,416156,,416180,416240,positive_monophasic
203,1953,416339,1156.4972222222223,NORMAL,N,,,,416319,416352,,,,
203,1954,416469,1156.8583333333333,NORMAL,N,416391,416411,416425,416440,416482,416509,416543,416562,normal
203,1955,416632,1157.3111111111111,NORMAL,N,,,,416612,416648,416675,416715,416730,normal
203,1956,416889,1158.025,NORMAL,N,,,,416864,416903,,416938,416972,positive_monophasic
203,1957,417022,1158.3944444444444,PVC,V,,,,416996,417023,,417059,417105,positive_monophasic
203,1958,417155,1158.763888888889,PVC,V,,,,417129,417162,417192,417228,417272,normal
203,1959,417380,1159.388888888889,NORMAL,N,,,,417358,417393,,417436,417475,positive_monophasic
203,1960,417683,1160.2305555555556,NORMAL,N,417568,417583,417611,417663,417698,,417733,417764,positive_monophasic
203,1961,417858,1160.7166666666667,PVC,V,,,,417802,417859,417861,417921,417988,normal
203,1962,418300,1161.9444444444443,NORMAL,N,418180,418209,418229,418278,418313,,,,
203,1963,418451,1162.3638888888888,PVC,V,418342,418380,418387,418418,418465,418483,418513,418584,normal
203,1964,418787,1163.2972222222222,NORMAL,N,,,,418764,418838,418866,418887,418894,normal
203,1965,418944,1163.7333333333333,PVC,V,,,,418920,418968,419004,419023,419053,normal
203,1966,419167,1164.3527777777779,NORMAL,N,419087,419095,419111,419148,419179,419228,419255,419265,biphasic_negative_positive
203,1967,419401,1165.0027777777777,NORMAL,N,,,,419378,419427,419465,419474,419501,inverted
203,1968,419647,1165.6861111111111,NORMAL,N,,,,419622,419680,419725,419743,419761,normal
203,1969,419880,1166.3333333333333,NORMAL,N,419804,419807,419827,419857,420004,,,,
203,1970,420004,1166.6777777777777,PVC,V,,,,419968,,420044,420083,420110,normal
203,1971,420274,1167.4277777777777,NORMAL,N,,,,420247,420287,,420314,420354,positive_monophasic
203,1972,420479,1167.9972222222223,NORMAL,N,420374,420393,420414,420446,420491,420515,420554,420571,normal
203,1973,420702,1168.6166666666666,NORMAL,N,420610,420624,420650,420681,420716,420758,420788,420807,normal
203,1974,421012,1169.4777777777779,NORMAL,N,420922,420939,420971,420989,421027,,421060,421098,positive_monophasic
203,1975,421184,1169.9555555555555,NORMAL,N,421135,421141,421164,421174,421201,,421219,421266,positive_monophasic
203,1976,421315,1170.3194444444443,NORMAL,N,421277,421281,421292,421305,421328,,421349,421398,positive_monophasic
203,1977,421627,1171.1861111111111,NORMAL,N,421533,421555,421575,421606,421641,,421660,421713,positive_monophasic
203,1978,421882,1171.8944444444444,NORMAL,N,421794,421821,421837,421862,421898,421929,421969,421981,normal
203,1979,422136,1172.6,NORMAL,N,422036,422061,422095,422114,422150,422197,422219,422249,normal
203,1980,422391,1173.3083333333334,NORMAL,N,422290,422305,422319,422369,422519,,422416,422467,positive_monophasic
203,1981,422519,1173.6638888888888,PVC,V,,,,422498,,422556,422590,422629,normal
203,1982,422743,1174.286111111111,NORMAL,N,422643,422653,422679,422721,422756,422802,422830,422843,normal
203,1983,422975,1174.9305555555557,NORMAL,N,422848,422884,422905,422956,422988,423037,423056,423071,normal
203,1984,423288,1175.8,NORMAL,N,423196,423204,423222,423268,423302,,,,
203,1985,423435,1176.2083333333333,PVC,V,423350,423373,423398,423413,423436,423474,423512,423549,normal
203,1986,423716,1176.9888888888888,NORMAL,N,423643,423659,423690,423702,423729,423773,423809,423821,normal
203,1987,424076,1177.9888888888888,NORMAL,N,,,,424055,424089,424128,424160,424179,normal
203,1988,424343,1178.7305555555556,NORMAL,N,424277,424295,424320,424332,424355,424392,424422,424446,normal
203,1989,424582,1179.3944444444444,NORMAL,N,,,,424562,424595,,,,
203,1990,424740,1179.8333333333333,NORMAL,N,424665,424705,424718,424730,424754,424784,424815,424837,normal
203,1991,424928,1180.3555555555556,NORMAL,N,,,,424907,424941,424973,425008,425023,normal
203,1992,425226,1181.1833333333334,NORMAL,N,,,,425202,425238,425279,425317,425331,normal
203,1993,425599,1182.2194444444444,NORMAL,N,,,,425580,425612,425667,425697,425719,normal
203,1994,425797,1182.7694444444444,NORMAL,N,,,,425780,425810,425852,425887,425919,normal
203,1995,426009,1183.3583333333333,NORMAL,N,,,,425988,426025,,,,
203,1996,426144,1183.7333333333333,PVC,V,426071,426098,426116,426123,426164,,,,
203,1997,426262,1184.0611111111111,PVC,V,426184,426216,426238,426244,426284,,,,
203,1998,426416,1184.4888888888888,NORMAL,N,426315,426339,426359,426389,426428,426470,426494,426502,normal
203,1999,426690,1185.25,NORMAL,N,,,,426668,426702,426744,426777,426788,normal
203,2000,426868,1185.7444444444445,NORMAL,N,426798,426814,426838,426855,426882,426911,426943,426978,normal
203,2001,427177,1186.6027777777779,NORMAL,N,,,,427161,427191,427236,427265,427281,normal
203,2002,427443,1187.3416666666667,NORMAL,N,427315,427329,427344,427420,427456,427480,427528,427544,normal
203,2003,427691,1188.0305555555556,NORMAL,N,,,,427675,427705,427732,427775,427793,normal
203,2004,427906,1188.6277777777777,NORMAL,N,427811,427849,427869,427886,427921,427957,428001,428040,normal
203,2005,428126,1189.2388888888888,NORMAL,N,428052,428086,428098,428108,428141,428173,428206,428221,normal
203,2006,428262,1189.6166666666666,PVC,V,,,,428222,428285,,,,
203,2007,428401,1190.0027777777777,NORMAL,N,428312,428342,428365,428389,428415,428458,428484,428508,normal
203,2008,428546,1190.4055555555556,NORMAL,N,,,,428535,428560,428574,428615,428628,normal
203,2009,428676,1190.7666666666667,NORMAL,N,,,,428651,428691,,428717,428749,positive_monophasic
203,2010,428841,1191.225,NORMAL,N,428760,428782,428810,428826,428854,428920,428926,428946,inverted
203,2011,429035,1191.763888888889,NORMAL,N,,,,429014,429048,429088,429123,429139,normal
203,2012,429312,1192.5333333333333,NORMAL,N,429231,429265,429282,429297,429326,429370,429397,429408,normal
203,2013,429601,1193.3361111111112,NORMAL,N,,,,429578,429614,429643,429677,429693,normal
203,2014,429846,1194.0166666666667,NORMAL,N,429723,429735,429768,429832,429859,,429873,429927,positive_monophasic
203,2015,430035,1194.5416666666667,NORMAL,N,429955,429988,430007,430019,430048,430074,430113,430141,normal
203,2016,430351,1195.4194444444445,NORMAL,N,,,,430335,430367,430414,430444,430477,normal
203,2017,430625,1196.1805555555557,NORMAL,N,430540,430556,430588,430600,430637,430664,430704,430734,normal
203,2018,430774,1196.5944444444444,NORMAL,N,,,,430747,430787,430804,430843,430863,normal
203,2019,431084,1197.4555555555555,NORMAL,N,430996,431019,431035,431069,431099,431145,431195,431202,normal
203,2020,431300,1198.0555555555557,NORMAL,N,431205,431211,431238,431285,431315,,431333,431375,positive_monophasic
203,2021,431446,1198.4611111111112,NORMAL,N,,,,431432,431461,,,,
203,2022,431573,1198.8138888888889,NORMAL,N,431496,431521,431535,431560,431589,431632,431663,431675,normal
203,2023,431841,1199.5583333333334,NORMAL,N,431772,431795,431823,431831,431860,,,,
203,2024,431991,1199.975,PVC,V,,,,431966,432017,432048,432075,432107,normal
203,2025,432328,1200.911111111111,NORMAL,N,,,,432311,432341,432403,432460,432490,normal
203,2026,432627,1201.7416666666666,NORMAL,N,,,,432611,432642,432674,432709,432729,normal
203,2027,432888,1202.4666666666667,NORMAL,N,432818,432833,432867,432879,432898,,,,
203,2028,433023,1202.8416666666667,PVC,V,,,,432994,433024,433066,433095,433125,normal
203,2029,433161,1203.225,PVC,V,,,,433161,433162,,,,
203,2030,433225,1203.4027777777778,PVC,V,,,,,433256,433270,433292,433308,biphasic_negative_positive
203,2031,433515,1204.2083333333333,NORMAL,N,433391,433420,433429,433495,433530,433577,433620,433669,normal
203,2032,433781,1204.9472222222223,NORMAL,N,433717,433735,433763,433772,433793,433839,433865,433874,normal
203,2033,433968,1205.4666666666667,NORMAL,N,,,,433955,433980,434011,434042,434075,normal
203,2034,434181,1206.0583333333334,NORMAL,N,,,,434162,434194,434223,434261,434275,normal
203,2035,434348,1206.5222222222221,NORMAL,N,,,,434327,434362,434388,434424,434441,normal
203,2036,434558,1207.1055555555556,NORMAL,N,434489,434494,434527,434541,434571,434624,434649,434664,normal
203,2037,434802,1207.7833333333333,NORMAL,N,434696,434726,434760,434773,434818,434852,434888,434940,normal
203,2038,435082,1208.5611111111111,NORMAL,N,434972,434991,435023,435064,435098,435127,435159,435168,normal
203,2039,435276,1209.1,NORMAL,N,,,,435260,435292,435318,435351,435367,normal
203,2040,435504,1209.7333333333333,NORMAL,N,,,,435492,435516,435541,435595,435631,normal
203,2041,435774,1210.4833333333333,NORMAL,N,435714,435723,435736,435746,435788,435825,435853,435871,normal
203,2042,435990,1211.0833333333333,NORMAL,N,,,,435972,436004,436036,436067,436093,normal
203,2043,436255,1211.8194444444443,NORMAL,N,,,,436233,436269,436327,436349,436363,normal
203,2044,436600,1212.7777777777778,NORMAL,N,,,,436588,436654,,436655,436677,positive_monophasic
203,2045,436751,1213.1972222222223,PVC,V,,,,436736,436776,,,,
203,2046,436886,1213.5722222222223,PVC,V,436811,436833,436872,436884,436955,,436956,436985,negative_monophasic
203,2047,437108,1214.1888888888889,NORMAL,N,,,,437084,437146,,437165,437197,positive_monophasic
203,2048,437346,1214.85,NORMAL,N,437227,437244,437267,437325,437360,,437391,437425,positive_monophasic
203,2049,437479,1215.2194444444444,PVC,V,,,,437438,437480,,,,
203,2050,437598,1215.55,PVC,V,437518,437542,437568,437576,437620,437634,437672,437700,normal
203,2051,437760,1216.0,NORMAL,N,,,,437733,437773,,437790,437835,positive_monophasic
203,2052,437892,1216.3666666666666,NORMAL,N,,,,437876,437905,,437932,437967,positive_monophasic
203,2053,438027,1216.7416666666666,NORMAL,N,,,,438013,438043,438075,438103,438122,normal
203,2054,438166,1217.1277777777777,NORMAL,N,,,,438144,438183,438211,438248,438258,normal
203,2055,438433,1217.8694444444445,NORMAL,N,438305,438329,438364,438411,438447,,438479,438527,positive_monophasic
203,2056,438600,1218.3333333333333,PVC,V,,,,438542,438617,438634,438665,438714,normal
203,2057,438800,1218.888888888889,NORMAL,N,,,,438776,438815,438841,438859,438889,inverted
203,2058,439049,1219.5805555555555,NORMAL,N,438953,438996,439016,439028,439065,439111,439136,439161,normal
203,2059,439235,1220.0972222222222,NORMAL,N,,,,439215,439250,439273,439311,439336,normal
203,2060,439372,1220.4777777777779,NORMAL,N,,,,439349,439387,439421,439454,439482,normal
203,2061,439706,1221.4055555555556,NORMAL,N,439617,439630,439653,439683,439722,,439750,439796,positive_monophasic
203,2062,439855,1221.8194444444443,PVC,V,,,,439825,439866,439872,439921,439974,normal
203,2063,440088,1222.4666666666667,NORMAL,N,440016,440038,440054,440066,440103,440119,440148,440179,inverted
203,2064,440343,1223.175,NORMAL,N,,,,440323,440357,440384,440425,440437,normal
203,2065,440650,1224.0277777777778,NORMAL,N,440567,440597,440616,440627,440665,440709,440740,440760,normal
203,2066,440889,1224.6916666666666,NORMAL,N,,,,440867,440904,440931,440967,440991,normal
203,2067,441105,1225.2916666666667,NORMAL,N,441019,441036,441062,441085,441120,441150,441190,441212,normal
203,2068,441418,1226.161111111111,NORMAL,N,,,,441397,441432,441463,441499,441516,normal
203,2069,441723,1227.0083333333334,NORMAL,N,,,,441700,441738,441790,441820,441853,normal
203,2070,441996,1227.7666666666667,NORMAL,N,,,,441976,442009,442044,442070,442090,normal
203,2071,442191,1228.3083333333334,NORMAL,N,442120,442144,442161,442172,442205,442236,442264,442285,normal
203,2072,442477,1229.1027777777779,NORMAL,N,,,,442454,442493,442539,442568,442585,normal
203,2073,442815,1230.0416666666667,NORMAL,N,442746,442760,442777,442791,442832,442884,442911,442919,normal
203,2074,443107,1230.8527777777779,NORMAL,N,443031,443052,443075,443086,443122,443155,443189,443206,normal
203,2075,443412,1231.7,NORMAL,N,443306,443334,443359,443390,443428,,443459,443498,positive_monophasic
203,2076,443554,1232.0944444444444,PVC,V,,,,443532,443574,,,,
203,2077,443696,1232.4888888888888,NORMAL,N,443594,443631,443655,443673,443709,,443735,443771,positive_monophasic
203,2078,444043,1233.4527777777778,NORMAL,N,,,,444021,444057,,444094,444125,positive_monophasic
203,2079,444193,1233.8694444444445,PVC,V,,,,444160,444209,444225,444254,444303,normal
203,2080,444353,1234.3138888888889,NORMAL,N,,,,444338,444369,,444397,444438,positive_monophasic
203,2081,444524,1234.7888888888888,NORMAL,N,,,,444505,444540,444575,444607,444631,normal
203,2082,444785,1235.513888888889,NORMAL,N,444673,444687,444708,444762,444800,,444838,444875,positive_monophasic
203,2083,445201,1236.6694444444445,NORMAL,N,,,,445180,445215,,445241,445294,positive_monophasic
203,2084,445620,1237.8333333333333,NORMAL,N,445503,445542,445558,445598,445635,445687,445711,445726,normal
203,2085,445915,1238.6527777777778,NORMAL,N,445833,445862,445878,445894,445929,445962,445993,446010,normal
203,2086,446213,1239.4805555555556,NORMAL,N,446126,446140,446161,446192,446228,446258,446298,446309,normal
203,2087,446479,1240.2194444444444,NORMAL,N,446390,446404,446443,446450,446493,446518,446559,446582,normal
203,2088,446733,1240.925,NORMAL,N,446646,446677,446699,446711,446748,446789,446821,446842,normal
203,2089,446997,1241.6583333333333,NORMAL,N,,,,446976,447011,447051,447081,447099,normal
203,2090,447182,1242.1722222222222,NORMAL,N,,,,447159,447199,447219,447263,447280,normal
203,2091,447324,1242.5666666666666,NORMAL,N,,,,447312,447341,447379,447416,447424,normal
203,2092,447461,1242.9472222222223,NORMAL,N,,,,447446,447475,447525,447555,447571,normal
203,2093,447864,1244.0666666666666,NORMAL,N,447747,447774,447790,447841,447879,,447930,447975,positive_monophasic
203,2094,448021,1244.5027777777777,PVC,V,,,,447992,448037,448053,448085,448143,normal
203,2095,448370,1245.4722222222222,NORMAL,N,448236,448247,448260,448349,448383,448440,448497,448531,normal
203,2096,448593,1246.0916666666667,NORMAL,N,,,,448573,448606,448651,448675,448709,normal
203,2097,448942,1247.0611111111111,NORMAL,N,448830,448849,448874,448921,448956,449010,449052,449064,normal
203,2098,449217,1247.825,NORMAL,N,449094,449122,449145,449193,449232,449265,449305,449322,normal
203,2099,449367,1248.2416666666666,NORMAL,N,,,,449351,449381,449411,449449,449466,normal
203,2100,449671,1249.0861111111112,NORMAL,N,,,,449648,449686,449737,449766,449779,normal
203,2101,449985,1249.9583333333333,NORMAL,N,,,,449963,450001,450049,450073,450093,normal
203,2102,450256,1250.7111111111112,NORMAL,N,450185,450202,450221,450234,450269,450308,450336,450355,normal
203,2103,450519,1251.4416666666666,NORMAL,N,,,,450494,450535,450565,450623,450657,normal
203,2104,450800,1252.2222222222222,NORMAL,N,,,,450776,450813,450838,450882,450898,normal
203,2105,451082,1253.0055555555555,NORMAL,N,,,,451055,451096,451135,451167,451181,normal
203,2106,451232,1253.4222222222222,NORMAL,N,,,,451218,451246,,,,
203,2107,451360,1253.7777777777778,NORMAL,N,,,,451338,451374,451408,451444,451462,normal
203,2108,451611,1254.475,NORMAL,N,451473,451487,451512,451590,451627,,451663,451720,positive_monophasic
203,2109,451776,1254.9333333333334,NORMAL,N,,,,451763,451793,451844,451881,451906,normal
203,2110,452043,1255.675,NORMAL,N,451958,451974,452006,452017,452060,452110,452166,452202,normal
203,2111,452373,1256.5916666666667,NORMAL,N,,,,452350,452386,452442,452481,452494,normal
203,2112,452618,1257.2722222222221,NORMAL,N,452524,452548,452573,452598,452634,,,,
203,2113,452757,1257.6583333333333,NORMAL,N,452676,452700,452724,452743,452773,452807,452846,452860,normal
203,2114,453118,1258.661111111111,NORMAL,N,453052,453066,453087,453097,453132,,453179,453211,positive_monophasic
203,2115,453288,1259.1333333333334,PVC,V,,,,453256,453301,453330,453363,453420,normal
203,2116,453595,1259.986111111111,NORMAL,N,,,,453582,453608,,,,
203,2117,453836,1260.6555555555556,NORMAL,N,,,,453814,453851,453871,453926,453965,normal
203,2118,454070,1261.3055555555557,NORMAL,N,,,,454047,454087,454136,454170,454201,normal
203,2119,454479,1262.4416666666666,NORMAL,N,454385,454403,454426,454455,454494,454545,454600,454637,normal
203,2120,454843,1263.4527777777778,NORMAL,N,454769,454785,454827,454835,454856,454894,454927,454943,normal
203,2121,455038,1263.9944444444445,NORMAL,N,,,,455017,455051,,,,
203,2122,455164,1264.3444444444444,NORMAL,N,455089,455110,455126,455148,455177,455216,455250,455267,normal
203,2123,455387,1264.963888888889,NORMAL,N,,,,455365,455402,,455433,455474,positive_monophasic
203,2124,455619,1265.6083333333333,NORMAL,N,455513,455521,455563,455598,455634,455670,455707,455719,normal
203,2125,455833,1266.2027777777778,NORMAL,N,455758,455784,455799,455812,455847,455892,455920,455944,normal
203,2126,455989,1266.6361111111112,NORMAL,N,,,,455977,456005,456050,456076,456090,normal
203,2127,456275,1267.4305555555557,NORMAL,N,456220,456234,456259,456260,456287,456312,456362,456376,normal
203,2128,456489,1268.025,NORMAL,N,456398,456416,456448,456465,456502,456518,456570,456617,normal
203,2129,456734,1268.7055555555555,NORMAL,N,,,,456719,456865,,456778,456811,positive_monophasic
203,2130,456865,1269.0694444444443,PVC,V,,,,456842,,456867,456896,456903,normal
203,2131,456978,1269.3833333333334,PVC,V,,,,456916,456979,,457003,457039,positive_monophasic
203,2132,457116,1269.7666666666667,NORMAL,N,,,,457101,457129,457205,457217,457242,normal
203,2133,457352,1270.4222222222222,NORMAL,N,457260,457262,457298,457309,457379,,,,
203,2134,457468,1270.7444444444445,NORMAL,N,,,,457440,457480,457513,457559,457570,normal
203,2135,457723,1271.4527777777778,NORMAL,N,457620,457626,457639,457701,457735,457775,457783,457817,inverted
203,2136,457947,1272.075,NORMAL,N,457844,457861,457879,457935,457987,458044,458059,458075,normal
203,2137,458181,1272.725,NORMAL,N,,,,458148,458215,458246,458252,458270,inverted
203,2138,458346,1273.1833333333334,NORMAL,N,,,,458331,458394,,,,
203,2139,458467,1273.5194444444444,NORMAL,N,,,,458423,458483,,,,
203,2140,458579,1273.8305555555555,NORMAL,N,,,,458542,458611,,458613,458653,positive_monophasic
203,2141,458703,1274.175,NORMAL,N,,,,458685,458720,,458753,458785,positive_monophasic
203,2142,458847,1274.575,NORMAL,N,458790,458806,458831,458837,458865,458883,458922,458937,normal
203,2143,459059,1275.1638888888888,NORMAL,N,,,,459028,459070,459115,459144,459148,normal
203,2144,459223,1275.6194444444445,NORMAL,N,,,,459211,459242,459278,459307,459322,normal
203,2145,459432,1276.2,NORMAL,N,,,,459401,459460,459494,459517,459527,normal
203,2146,459694,1276.9277777777777,NORMAL,N,,,,459668,459719,,,,
203,2147,459854,1277.3722222222223,NORMAL,N,459780,459814,459837,459846,459867,459912,459935,459951,normal
203,2148,460075,1277.986111111111,NORMAL,N,,,,460052,460090,460141,460172,460182,normal
203,2149,460243,1278.4527777777778,NORMAL,N,,,,460230,460281,460304,460325,460339,normal
203,2150,460428,1278.9666666666667,NORMAL,N,,,,460405,460460,,460478,460512,positive_monophasic
203,2151,460576,1279.3777777777777,NORMAL,N,,,,460565,460607,460642,460658,460666,normal
203,2152,460834,1280.0944444444444,NORMAL,N,460755,460780,460817,460818,460845,460882,460915,460935,normal
203,2153,461088,1280.8,NORMAL,N,,,,461061,461120,461121,461174,461197,normal
203,2154,461388,1281.6333333333334,NORMAL,N,,,,461368,461406,461447,461471,461498,normal
203,2155,461693,1282.4805555555556,NORMAL,N,,,,461655,461726,461753,461779,461797,normal
203,2156,461872,1282.9777777777779,NORMAL,N,,,,461854,461889,461913,461953,461975,normal
203,2157,462019,1283.3861111111112,NORMAL,N,,,,462001,462033,462075,462097,462107,normal
203,2158,462150,1283.75,NORMAL,N,,,,462133,462185,,,,
203,2159,462278,1284.1055555555556,NORMAL,N,,,,462254,462297,462347,462365,462376,normal
203,2160,462436,1284.5444444444445,NORMAL,N,,,,462417,462461,462510,462523,462540,normal
203,2161,462660,1285.1666666666667,NORMAL,N,,,,462635,462687,462703,462753,462759,biphasic_negative_positive
203,2162,462899,1285.8305555555555,NORMAL,N,,,,462873,462914,462938,462947,462981,inverted
203,2163,463038,1286.2166666666667,NORMAL,N,,,,463013,463052,,463082,463115,positive_monophasic
203,2164,463165,1286.5694444444443,NORMAL,N,,,,463152,463178,463209,463237,463263,normal
203,2165,463355,1287.0972222222222,NORMAL,N,,,,463333,463371,463403,463447,463461,normal
203,2166,463795,1288.3194444444443,NORMAL,N,,,,463767,463947,463845,463853,463870,inverted
203,2167,463947,1288.7416666666666,PVC,V,,,,463920,,463949,464018,464076,normal
203,2168,464164,1289.3444444444444,NORMAL,N,,,,464139,464216,,,,
203,2169,464368,1289.911111111111,NORMAL,N,,,,464342,464384,464426,464445,464474,normal
203,2170,464676,1290.7666666666667,NORMAL,N,,,,464647,464697,464744,464766,464775,normal
203,2171,464933,1291.4805555555556,NORMAL,N,,,,464910,464976,464992,465021,465042,normal
203,2172,465187,1292.1861111111111,NORMAL,N,,,,465168,465221,465235,465270,465287,normal
203,2173,465454,1292.9277777777777,NORMAL,N,,,,465436,465485,465489,465534,465548,normal
203,2174,465615,1293.375,NORMAL,N,,,,465583,465638,465655,465693,465713,normal
203,2175,465960,1294.3333333333333,NORMAL,N,,,,465938,465974,466035,466054,466060,normal
203,2176,466129,1294.8027777777777,NORMAL,N,,,,466116,466140,466175,466201,466215,normal
203,2177,466451,1295.6972222222223,NORMAL,N,,,,466415,466484,466512,466540,466562,normal
203,2178,466764,1296.5666666666666,NORMAL,N,,,,466740,466778,466826,466861,466878,normal
203,2179,467093,1297.4805555555556,NORMAL,N,,,,467063,467128,467150,467179,467194,normal
203,2180,467239,1297.8861111111112,PVC,V,,,,467204,467259,467281,467312,467347,normal
203,2181,467432,1298.4222222222222,NORMAL,N,,,,467411,467448,467484,467510,467531,normal
203,2182,467633,1298.9805555555556,NORMAL,N,,,,467615,467652,467685,467714,467735,normal
203,2183,467930,1299.8055555555557,NORMAL,N,,,,467908,467961,467985,468010,468021,normal
203,2184,468076,1300.2111111111112,PVC,V,,,,468049,468090,468117,468149,468174,normal
203,2185,468398,1301.1055555555556,NORMAL,N,,,,468368,468413,,468460,468506,positive_monophasic
203,2186,468735,1302.0416666666667,NORMAL,N,,,,468713,468788,468801,468825,468851,normal
203,2187,469007,1302.7972222222222,NORMAL,N,468897,468901,468921,468986,469037,469066,469095,469117,biphasic_negative_positive
203,2188,469254,1303.4833333333333,NORMAL,N,,,,469231,469290,469296,469331,469360,normal
203,2189,469533,1304.2583333333334,NORMAL,N,469433,469457,469486,469514,469547,469591,469612,469630,normal
203,2190,469786,1304.9611111111112,NORMAL,N,,,,469764,469802,469846,469873,469889,normal
203,2191,470049,1305.6916666666666,NORMAL,N,469930,469945,469968,470027,470062,470095,470128,470142,normal
203,2192,470212,1306.1444444444444,NORMAL,N,,,,470180,470227,470262,470291,470320,normal
203,2193,470504,1306.9555555555555,NORMAL,N,,,,470480,470519,470567,470599,470614,normal
203,2194,470674,1307.4277777777777,NORMAL,N,,,,470662,470690,,470712,470759,positive_monophasic
203,2195,470798,1307.7722222222221,NORMAL,N,,,,470766,470811,,,,
203,2196,470942,1308.1722222222222,NORMAL,N,,,,470912,470959,471002,471025,471043,normal
203,2197,471287,1309.1305555555555,NORMAL,N,471186,471212,471227,471264,471450,,471343,471398,positive_monophasic
203,2198,471450,1309.5833333333333,PVC,V,,,,471415,,471453,471517,471569,normal
203,2199,471796,1310.5444444444445,NORMAL,N,471714,471731,471748,471775,471936,,471853,471890,positive_monophasic
203,2200,471936,1310.9333333333334,PVC,V,,,,471910,,471976,472011,472060,normal
203,2201,472168,1311.5777777777778,NORMAL,N,472100,472119,472135,472147,472183,,472221,472253,positive_monophasic
203,2202,472522,1312.5611111111111,NORMAL,N,,,,472502,472537,472586,472609,472618,normal
203,2203,472798,1313.3277777777778,NORMAL,N,472707,472723,472748,472776,472814,472852,472885,472901,normal
203,2204,473157,1314.325,NORMAL,N,473029,473044,473077,473134,473174,473232,473258,473280,normal
203,2205,473433,1315.0916666666667,NORMAL,N,473293,473308,473336,473407,473449,473483,473532,473560,normal
203,2206,473646,1315.6833333333334,NORMAL,N,,,,473623,473661,,473701,473728,positive_monophasic
203,2207,473784,1316.0666666666666,NORMAL,N,473751,473753,473762,473774,473799,473829,473864,473874,normal
203,2208,474002,1316.6722222222222,NORMAL,N,473908,473920,473931,473981,474016,474061,474118,474130,normal
203,2209,474383,1317.7305555555556,NORMAL,N,474256,474270,474285,474361,474397,,474436,474478,positive_monophasic
203,2210,474801,1318.8916666666667,NORMAL,N,474703,474725,474751,474779,474815,474879,474902,474916,normal
203,2211,475048,1319.5777777777778,NORMAL,N,474924,474946,474968,475026,475063,475089,475138,475171,normal
203,2212,475356,1320.4333333333334,NORMAL,N,475254,475295,475312,475332,475371,475423,475454,475471,normal
203,2213,475592,1321.088888888889,NORMAL,N,475519,475537,475560,475572,475609,475664,475690,475724,normal
203,2214,475830,1321.75,NORMAL,N,475730,475759,475781,475805,475845,475886,475927,475963,normal
203,2215,476211,1322.8083333333334,NORMAL,N,,,,476189,476226,476278,476332,476363,normal
203,2216,476457,1323.4916666666666,NORMAL,N,,,,476435,476471,,476510,476540,positive_monophasic
203,2217,476584,1323.8444444444444,PVC,V,,,,476565,476606,476629,476661,476698,normal
203,2218,476909,1324.7472222222223,NORMAL,N,,,,476884,476926,,476963,477023,positive_monophasic
203,2219,477267,1325.7416666666666,NORMAL,N,,,,477245,477284,477347,477404,477420,normal
203,2220,477560,1326.5555555555557,NORMAL,N,477453,477475,477499,477539,477575,,,,
203,2221,477707,1326.963888888889,PVC,V,,,,477683,477727,,,,
203,2222,477819,1327.275,PVC,V,,,,477795,477832,477870,477897,477932,normal
203,2223,478199,1328.3305555555555,NORMAL,N,,,,478179,478212,,478245,478297,positive_monophasic
203,2224,478347,1328.7416666666666,PVC,V,,,,478303,478364,478387,478412,478468,normal
203,2225,478643,1329.5638888888889,NORMAL,N,,,,478620,478657,,478703,478764,positive_monophasic
203,2226,479023,1330.6194444444445,NORMAL,N,,,,479001,479037,479070,479081,479115,inverted
203,2227,479372,1331.588888888889,NORMAL,N,479270,479292,479309,479347,479387,479428,479463,479480,normal
203,2228,479670,1332.4166666666667,NORMAL,N,479574,479602,479629,479658,479683,479720,479758,479775,normal
203,2229,479952,1333.2,NORMAL,N,479874,479890,479912,479927,479966,480022,480064,480088,normal
203,2230,480198,1333.8833333333334,NORMAL,N,480095,480112,480139,480177,480213,480239,480281,480296,normal
203,2231,480450,1334.5833333333333,NORMAL,N,480366,480381,480403,480429,480464,,480502,480535,positive_monophasic
203,2232,480587,1334.963888888889,PVC,V,,,,480568,480608,480632,480661,480695,normal
203,2233,480897,1335.825,NORMAL,N,,,,480883,480909,480955,481024,481056,normal
203,2234,481141,1336.5027777777777,NORMAL,N,,,,481120,481155,481197,481243,481282,normal
203,2235,481444,1337.3444444444444,NORMAL,N,481349,481364,481379,481420,481459,481501,481537,481550,normal
203,2236,481695,1338.0416666666667,NORMAL,N,,,,481671,481708,481760,481777,481800,normal
203,2237,481900,1338.611111111111,NORMAL,N,481828,481832,481847,481875,481912,481933,481981,482002,normal
203,2238,482050,1339.0277777777778,NORMAL,N,,,,482023,482060,482109,482129,482141,normal
203,2239,482181,1339.3916666666667,NORMAL,N,,,,482155,482200,482227,482271,482320,normal
203,2240,482412,1340.0333333333333,NORMAL,N,,,,482391,482427,,482454,482500,positive_monophasic
203,2241,482599,1340.5527777777777,NORMAL,N,,,,482581,482614,482650,482678,482698,normal
203,2242,482863,1341.286111111111,NORMAL,N,482742,482770,482797,482852,482875,482922,482950,482965,normal
203,2243,483122,1342.0055555555555,NORMAL,N,483068,483076,483084,483111,483134,483167,483201,483224,normal
203,2244,483318,1342.55,NORMAL,N,,,,483302,483338,483368,483397,483426,normal
203,2245,483503,1343.0638888888889,NORMAL,N,,,,483484,483519,483550,483583,483603,normal
203,2246,483649,1343.4694444444444,NORMAL,N,,,,483639,483667,483714,483752,483777,normal
203,2247,483865,1344.0694444444443,NORMAL,N,,,,483842,483881,,483927,483960,positive_monophasic
203,2248,484156,1344.8777777777777,NORMAL,N,484051,484068,484092,484144,484168,484208,484249,484265,normal
203,2249,484361,1345.4472222222223,NORMAL,N,,,,484348,484373,,,,
203,2250,484495,1345.8194444444443,NORMAL,N,484413,484446,484463,484469,484508,,484535,484577,positive_monophasic
203,2251,484630,1346.1944444444443,NORMAL,N,,,,484618,484643,484674,484720,484758,normal
203,2252,484859,1346.8305555555555,NORMAL,N,484785,484814,484829,484841,484981,,,,
203,2253,484981,1347.1694444444445,PVC,V,,,,484951,,485020,485054,485091,normal
203,2254,485211,1347.8083333333334,NORMAL,N,,,,485200,485222,,485245,485286,positive_monophasic
203,2255,485378,1348.2722222222221,NORMAL,N,,,,485354,485390,485413,485451,485467,normal
203,2256,485662,1349.0611111111111,NORMAL,N,,,,485644,485676,,485701,485762,positive_monophasic
203,2257,485907,1349.7416666666666,NORMAL,N,,,,485887,485923,485973,485997,486013,normal
203,2258,486180,1350.5,NORMAL,N,,,,486157,486329,,,,
203,2259,486329,1350.9138888888888,PVC,V,,,,486302,,486375,486409,486455,normal
203,2260,486665,1351.8472222222222,NORMAL,N,,,,486643,486679,,486713,486766,positive_monophasic
203,2261,486958,1352.661111111111,NORMAL,N,486880,486891,486903,486942,486972,487016,487046,487086,normal
203,2262,487186,1353.2944444444445,NORMAL,N,,,,487165,487200,487237,487270,487295,normal
203,2263,487414,1353.9277777777777,NORMAL,N,,,,487389,487427,487450,487492,487518,normal
203,2264,487703,1354.7305555555556,NORMAL,N,,,,487690,487715,487773,487806,487832,normal
203,2265,487963,1355.4527777777778,NORMAL,N,487887,487892,487917,487941,487979,488000,488050,488075,biphasic_negative_positive
203,2266,488318,1356.4388888888889,NORMAL,N,,,,488297,488334,,488381,488413,positive_monophasic
203,2267,488473,1356.8694444444445,PVC,V,,,,488447,488482,488518,488556,488595,normal
203,2268,488841,1357.8916666666667,NORMAL,N,,,,488825,488853,488905,488935,488954,normal
203,2269,489016,1358.3777777777777,NORMAL,N,,,,488993,489029,489051,489092,489113,normal
203,2270,489293,1359.1472222222221,NORMAL,N,,,,489268,489309,,489344,489381,positive_monophasic
203,2271,489475,1359.6527777777778,NORMAL,N,489412,489417,489437,489444,489490,489526,489552,489579,normal
203,2272,489688,1360.2444444444445,NORMAL,N,489612,489628,489674,489675,489699,489727,489758,489779,normal
203,2273,489864,1360.7333333333333,NORMAL,N,,,,489845,489878,489903,489939,489954,normal
203,2274,490089,1361.3583333333333,NORMAL,N,489959,489971,489988,490068,490103,490147,490174,490196,normal
203,2275,490299,1361.9416666666666,NORMAL,N,490203,490229,490255,490280,490314,,,,
203,2276,490445,1362.3472222222222,NORMAL,N,,,,490431,490461,490495,490526,490548,normal
203,2277,490730,1363.138888888889,NORMAL,N,,,,490705,490743,,490788,490825,positive_monophasic
203,2278,490903,1363.6194444444445,NORMAL,N,490851,490854,490878,490885,490915,490963,490985,491026,normal
203,2279,491131,1364.2527777777777,NORMAL,N,491041,491053,491083,491110,491146,491191,491222,491238,normal
203,2280,491395,1364.986111111111,NORMAL,N,491286,491293,491322,491375,491410,491435,491491,491509,biphasic_positive_negative
203,2281,491666,1365.7388888888888,NORMAL,N,,,,491647,491679,491709,491744,491764,normal
203,2282,491990,1366.638888888889,NORMAL,N,,,,491969,492005,492027,492109,492134,normal
203,2283,492244,1367.3444444444444,NORMAL,N,492152,492172,492191,492223,492261,492291,492337,492370,normal
203,2284,492530,1368.138888888889,NORMAL,N,,,,492509,492546,492578,492615,492628,normal
203,2285,492746,1368.7388888888888,NORMAL,N,492671,492683,492701,492722,492760,492807,492830,492854,normal
203,2286,493015,1369.486111111111,NORMAL,N,492907,492935,492952,492990,493029,493075,493125,493150,normal
203,2287,493256,1370.1555555555556,NORMAL,N,493154,493163,493183,493234,493270,493309,493335,493366,normal
203,2288,493526,1370.9055555555556,NORMAL,N,493406,493420,493454,493506,493541,493591,493613,493633,normal
203,2289,493680,1371.3333333333333,NORMAL,N,,,,493654,493693,493704,493743,493757,normal
203,2290,493920,1372.0,NORMAL,N,,,,493891,493932,493962,494021,494066,normal
203,2291,494323,1373.1194444444445,NORMAL,N,494244,494257,494276,494301,494339,494376,494435,494489,normal
203,2292,494623,1373.9527777777778,NORMAL,N,,,,494602,494638,494684,494717,494761,normal
203,2293,494854,1374.5944444444444,NORMAL,N,,,,494822,494868,494906,494939,494963,normal
203,2294,495165,1375.4583333333333,NORMAL,N,,,,495142,495179,495232,495254,495269,normal
203,2295,495386,1376.0722222222223,NORMAL,N,,,,495366,495400,495439,495467,495488,normal
203,2296,495681,1376.8916666666667,NORMAL,N,,,,495660,495695,495742,495766,495786,normal
203,2297,495915,1377.5416666666667,NORMAL,N,495824,495833,495845,495894,495928,495962,495993,496027,normal
203,2298,496203,1378.3416666666667,NORMAL,N,496068,496080,496097,496179,496216,496265,496304,496322,normal
203,2299,496476,1379.1,NORMAL,N,496401,496423,496444,496456,496489,496527,496559,496574,normal
203,2300,496728,1379.8,NORMAL,N,,,,496700,496776,496792,496818,496832,normal
203,2301,497065,1380.736111111111,NORMAL,N,496974,496993,497025,497031,497109,,497129,497160,positive_monophasic
203,2302,497269,1381.3027777777777,NORMAL,N,497184,497215,497233,497249,497283,,497333,497360,positive_monophasic
203,2303,497451,1381.8083333333334,NORMAL,N,497367,497406,497420,497429,497464,497518,497540,497576,normal
203,2304,497725,1382.5694444444443,NORMAL,N,497609,497636,497655,497703,497768,497781,497841,497862,normal
203,2305,497968,1383.2444444444445,NORMAL,N,497906,497923,497936,497946,498016,498030,498050,498063,normal
203,2306,498164,1383.7888888888888,NORMAL,N,,,,498144,498179,498224,498247,498259,normal
203,2307,498410,1384.4722222222222,NORMAL,N,498271,498285,498296,498380,498424,498476,498501,498519,normal
203,2308,498615,1385.0416666666667,NORMAL,N,,,,498589,498632,498668,498707,498732,normal
203,2309,498866,1385.7388888888888,NORMAL,N,498794,498814,498829,498841,498882,498925,498957,498973,normal
203,2310,499134,1386.4833333333333,NORMAL,N,499055,499082,499100,499108,499148,499203,499228,499245,normal
203,2311,499369,1387.1361111111112,NORMAL,N,,,,499348,499385,499418,499458,499471,normal
203,2312,499686,1388.0166666666667,NORMAL,N,,,,499664,499735,,499740,499778,positive_monophasic
203,2313,499855,1388.486111111111,NORMAL,N,499791,499808,499819,499834,499870,499900,499939,499969,normal
203,2314,500096,1389.1555555555556,NORMAL,N,,,,500075,500155,500157,500186,500191,normal
203,2315,500302,1389.7277777777779,NORMAL,N,500196,500214,500241,500280,500373,,,,
203,2316,500467,1390.1861111111111,NORMAL,N,500363,500385,500405,500444,500485,500517,500552,500570,normal
203,2317,500717,1390.8805555555555,NORMAL,N,500655,500667,500684,500696,500732,,500782,500810,positive_monophasic
203,2318,501032,1391.7555555555555,NORMAL,N,500926,500937,500947,501002,501087,501104,501130,501142,normal
203,2319,501330,1392.5833333333333,NORMAL,N,501210,501219,501235,501302,501350,501386,501422,501440,normal
203,2320,501477,1392.9916666666666,PVC,V,,,,501441,501495,,501515,501550,positive_monophasic
203,2321,501597,1393.325,PVC,V,,,,501587,501659,501673,501721,501730,inverted
203,2322,501824,1393.9555555555555,NORMAL,N,,,,501783,501842,501886,501916,501922,biphasic_negative_positive
203,2323,502053,1394.5916666666667,NORMAL,N,501933,501953,501974,502023,502107,502137,502157,502170,biphasic_positive_negative
203,2324,502250,1395.138888888889,NORMAL,N,,,,502223,502297,502310,502353,502384,biphasic_positive_negative
203,2325,502522,1395.8944444444444,NORMAL,N,502416,502437,502446,502481,502544,502586,502638,502648,biphasic_positive_negative
203,2326,502830,1396.75,NORMAL,N,502733,502744,502763,502805,502844,502876,502917,502941,biphasic_negative_positive
203,2327,503057,1397.3805555555555,NORMAL,N,502994,502998,503011,503037,503070,503116,503145,503168,normal
203,2328,503264,1397.9555555555555,NORMAL,N,,,,503232,503283,503304,503349,503366,biphasic_negative_positive
203,2329,503472,1398.5333333333333,NORMAL,N,,,,503437,503489,503570,503594,503607,biphasic_positive_negative
203,2330,503775,1399.375,NORMAL,N,503705,503713,503734,503760,503811,503825,503871,503885,biphasic_negative_positive
203,2331,504014,1400.0388888888888,NORMAL,N,503914,503940,503968,503991,504061,504071,504132,504179,biphasic_positive_negative
203,2332,504319,1400.8861111111112,NORMAL,N,504206,504233,504262,504278,504342,504385,504416,504440,normal
203,2333,504534,1401.4833333333333,NORMAL,N,504450,504462,504479,504517,504548,504575,504617,504644,normal
203,2334,504711,1401.975,NORMAL,N,504645,504648,504670,504692,504763,504794,504843,504872,inverted
203,2335,504954,1402.65,NORMAL,N,504877,504894,504915,504929,504972,505005,505052,505083,normal
203,2336,505169,1403.2472222222223,NORMAL,N,,,,505144,505213,505220,505253,505266,normal
203,2337,505381,1403.8361111111112,NORMAL,N,505312,505328,505337,505359,505395,505435,505468,505489,normal
203,2338,505529,1404.2472222222223,NORMAL,N,,,,505503,505547,505584,505616,505628,normal
203,2339,505674,1404.65,NORMAL,N,,,,505638,505743,505765,505772,505779,normal
203,2340,505841,1405.1138888888888,NORMAL,N,505785,505796,505805,505821,505860,505889,505934,505958,normal
203,2341,506057,1405.713888888889,NORMAL,N,505968,505979,505994,506037,506106,506134,506147,506153,normal
203,2342,506316,1406.4333333333334,NORMAL,N,506225,506231,506243,506277,506367,506384,506430,506462,normal
203,2343,506530,1407.0277777777778,NORMAL,N,,,,506505,506562,506591,506607,506615,normal
203,2344,506672,1407.4222222222222,NORMAL,N,,,,506651,506719,,,,
203,2345,506815,1407.8194444444443,NORMAL,N,,,,506795,506839,506879,506894,506902,normal
203,2346,507083,1408.5638888888889,NORMAL,N,506985,506995,507009,507060,507137,507152,507182,507192,normal
203,2347,507238,1408.9944444444445,NORMAL,N,,,,507195,507283,,,,
203,2348,507365,1409.3472222222222,NORMAL,N,507286,507307,507323,507338,507419,,,,
203,2349,507469,1409.6361111111112,NORMAL,N,507395,507402,507410,507447,507485,507508,507537,507568,inverted
203,2350,507704,1410.2888888888888,NORMAL,N,507633,507647,507663,507681,507748,507761,507769,507792,inverted
203,2351,507863,1410.7305555555556,NORMAL,N,507797,507807,507818,507845,507909,507929,507954,507976,normal
203,2352,508080,1411.3333333333333,NORMAL,N,,,,508062,508127,508146,508170,508180,normal
203,2353,508336,1412.0444444444445,NORMAL,N,,,,508295,508381,,,,
203,2354,508614,1412.8166666666666,NORMAL,N,,,,508586,508644,,,,
203,2355,508756,1413.2111111111112,NORMAL,N,,,,508722,508799,508810,508847,508876,normal
203,2356,508995,1413.875,NORMAL,N,508890,508915,508942,508974,509007,,509043,509082,positive_monophasic
203,2357,509140,1414.2777777777778,NORMAL,N,,,,509118,509166,,,,
203,2358,509248,1414.5777777777778,NORMAL,N,509143,509161,509201,509222,509276,,,,
203,2359,509362,1414.8944444444444,NORMAL,N,,,,509342,509378,,509398,509436,positive_monophasic
203,2360,509700,1415.8333333333333,NORMAL,N,,,,509676,509719,,,,
203,2361,509850,1416.25,PVC,V,,,,509816,509879,509889,509923,509980,normal
203,2362,510100,1416.9444444444443,NORMAL,N,510005,510033,510062,510068,510113,510141,510161,510201,inverted
203,2363,510244,1417.3444444444444,PVC,V,,,,510223,510261,510275,510324,510382,normal
203,2364,510499,1418.0527777777777,NORMAL,N,,,,510480,510539,,510543,510585,positive_monophasic
203,2365,510711,1418.6416666666667,NORMAL,N,510601,510624,510647,510692,510725,510751,510794,510807,normal
203,2366,510845,1419.013888888889,NORMAL,N,,,,510818,510878,510902,510929,510946,normal
203,2367,511110,1419.75,NORMAL,N,511019,511030,511042,511089,511158,,,,
203,2368,511261,1420.1694444444445,PVC,V,511234,511241,511257,511261,511275,,,,
203,2369,511336,1420.3777777777777,NORMAL,N,,,,,511371,511379,511399,511421,normal
203,2370,511655,1421.263888888889,NORMAL,N,511561,511571,511591,511633,511669,,511716,511745,positive_monophasic
203,2371,511816,1421.7111111111112,NORMAL,N,511750,511754,511774,511787,511838,511874,511897,511920,normal
203,2372,511994,1422.2055555555555,NORMAL,N,,,,511975,512011,512037,512079,512089,normal
203,2373,512217,1422.825,NORMAL,N,512129,512152,512165,512196,512233,,512266,512297,positive_monophasic
203,2374,512348,1423.1888888888889,PVC,V,,,,512327,512378,,,,
203,2375,512496,1423.6,PVC,V,512411,512425,512454,512460,512524,512550,512568,512619,normal
203,2376,512751,1424.3083333333334,NORMAL,N,,,,512731,512773,,512797,512838,positive_monophasic
203,2377,512984,1424.9555555555555,NORMAL,N,512866,512880,512901,512966,512998,513040,513082,513098,biphasic_negative_positive
203,2378,513271,1425.7527777777777,NORMAL,N,513218,513229,513238,513252,513286,513314,513348,513360,normal
203,2379,513407,1426.1305555555555,PVC,V,,,,513384,513465,513475,513484,513518,normal
203,2380,513665,1426.8472222222222,NORMAL,N,513598,513608,513614,513648,513711,,513720,513741,positive_monophasic
203,2381,513813,1427.2583333333334,NORMAL,N,,,,513794,513865,,,,
203,2382,513944,1427.6222222222223,NORMAL,N,513878,513891,513910,513917,513996,514021,514032,514043,normal
203,2383,514140,1428.1666666666667,NORMAL,N,514049,514057,514067,514118,514161,514184,514219,514238,normal
203,2384,514403,1428.8972222222221,NORMAL,N,514247,514260,514276,514357,514418,514465,514481,514496,normal
203,2385,514658,1429.6055555555556,NORMAL,N,514545,514555,514587,514634,514722,,514734,514754,negative_monophasic
203,2386,514827,1430.075,NORMAL,N,,,,514789,514863,514878,514896,514938,normal
203,2387,515079,1430.775,NORMAL,N,,,,515059,515096,515124,515162,515174,normal
203,2388,515293,1431.3694444444445,NORMAL,N,515178,515205,515231,515262,515355,515359,515412,515424,inverted
203,2389,515591,1432.1972222222223,NORMAL,N,515481,515508,515521,515566,515603,515644,515675,515695,normal
203,2390,515909,1433.0805555555555,NORMAL,N,515845,515861,515878,515886,515979,,,,
203,2391,516052,1433.4777777777779,PVC,V,,,,516020,516067,,516083,516126,positive_monophasic
203,2392,516180,1433.8333333333333,PVC,V,,,,516153,516205,516224,516258,516302,normal
203,2393,516443,1434.5638888888889,NORMAL,N,516319,516324,516338,516416,516456,,516497,516529,positive_monophasic
203,2394,516732,1435.3666666666666,NORMAL,N,516668,516683,516697,516704,516745,516774,516807,516834,normal
203,2395,517062,1436.2833333333333,NORMAL,N,516963,516983,517027,517045,517073,,517108,517141,positive_monophasic
203,2396,517219,1436.7194444444444,NORMAL,N,,,,517192,517278,517318,517326,517338,normal
203,2397,517493,1437.4805555555556,NORMAL,N,,,,517473,517551,,517552,517580,positive_monophasic
203,2398,517639,1437.8861111111112,PVC,V,,,,517602,517657,517669,517710,517752,normal
203,2399,517883,1438.5638888888889,NORMAL,N,,,,517854,517896,517921,517966,517974,normal
203,2400,518078,1439.1055555555556,NORMAL,N,518019,518026,518034,518055,518109,518119,518149,518170,normal
203,2401,518301,1439.725,NORMAL,N,518191,518214,518244,518272,518315,,,,
203,2402,518436,1440.1,PVC,V,,,,518412,518458,,518479,518518,positive_monophasic
203,2403,518565,1440.4583333333333,PVC,V,,,,518519,518584,518597,518628,518665,normal
203,2404,518833,1441.2027777777778,NORMAL,N,518744,518765,518776,518806,518864,518899,518913,518921,normal
203,2405,518977,1441.6027777777779,NORMAL,N,,,,518965,518999,519025,519059,519071,normal
203,2406,519182,1442.1722222222222,NORMAL,N,,,,519165,519193,519249,519286,519296,normal
203,2407,519400,1442.7777777777778,NORMAL,N,519300,519309,519324,519380,519466,519478,519520,519545,inverted
203,2408,519616,1443.3777777777777,NORMAL,N,,,,519606,519646,519664,519684,519714,normal
203,2409,519865,1444.0694444444443,NORMAL,N,519784,519792,519800,519834,519932,,,,
203,2410,520033,1444.536111111111,NORMAL,N,519961,519989,520008,520020,520099,,,,
203,2411,520190,1444.9722222222222,NORMAL,N,520103,520126,520140,520168,520248,,,,
203,2412,520322,1445.338888888889,NORMAL,N,520235,520266,520283,520292,520341,520367,520403,520428,normal
203,2413,520557,1445.9916666666666,NORMAL,N,520467,520484,520514,520537,520618,520637,520670,520703,inverted
203,2414,520851,1446.8083333333334,NORMAL,N,,,,520830,520865,520899,520939,520948,normal
203,2415,521109,1447.525,NORMAL,N,,,,521084,521126,521158,521196,521222,normal
203,2416,521294,1448.0388888888888,NORMAL,N,,,,521274,521353,521362,521416,521430,biphasic_positive_negative
203,2417,521517,1448.6583333333333,NORMAL,N,521444,521465,521482,521495,521562,521571,521593,521606,normal
203,2418,521764,1449.3444444444444,NORMAL,N,521671,521688,521718,521755,521830,,,,
203,2419,521894,1449.7055555555555,PVC,V,521810,521834,521852,521874,521963,,521964,521992,negative_monophasic
203,2420,522217,1450.6027777777779,NORMAL,N,522140,522158,522176,522197,522231,,522259,522302,positive_monophasic
203,2421,522360,1451.0,PVC,V,,,,522338,522382,522417,522437,522459,normal
203,2422,522552,1451.5333333333333,PVC,V,522477,522490,522502,522521,522601,522620,522660,522686,inverted
203,2423,522754,1452.0944444444444,NORMAL,N,522692,522702,522733,522742,522767,522801,522843,522861,normal
203,2424,522915,1452.5416666666667,NORMAL,N,,,,522887,522947,522982,523007,523023,normal
203,2425,523245,1453.4583333333333,NORMAL,N,523174,523194,523215,523227,523293,,523294,523331,positive_monophasic
203,2426,523508,1454.1888888888889,NORMAL,N,523424,523441,523457,523489,523522,523559,523589,523608,normal
203,2427,523763,1454.8972222222221,NORMAL,N,523662,523686,523706,523738,523804,523806,523837,523853,normal
203,2428,524057,1455.713888888889,NORMAL,N,523980,523991,524010,524037,524102,524120,524145,524176,normal
203,2429,524373,1456.5916666666667,NORMAL,N,524250,524260,524270,524354,524388,524424,524452,524469,normal
203,2430,524625,1457.2916666666667,NORMAL,N,524542,524554,524565,524602,524641,,524671,524711,positive_monophasic
203,2431,524775,1457.7083333333333,NORMAL,N,,,,524744,524790,524805,524869,524904,normal
203,2432,525085,1458.5694444444443,NORMAL,N,525012,525028,525061,525073,525097,,525130,525170,positive_monophasic
203,2433,525250,1459.0277777777778,PVC,V,525186,525213,525245,525250,525276,,,,
203,2434,525359,1459.3305555555555,PVC,V,,,,,525375,525395,525426,525481,normal
203,2435,525601,1460.0027777777777,NORMAL,N,525529,525541,525567,525580,525616,525668,525723,525738,normal
203,2436,525907,1460.8527777777779,NORMAL,N,525834,525849,525874,525885,525920,525972,525992,526008,normal
203,2437,526101,1461.3916666666667,NORMAL,N,,,,526078,526160,,526177,526199,negative_monophasic
203,2438,526303,1461.9527777777778,NORMAL,N,526229,526242,526261,526281,526327,526365,526385,526407,normal
203,2439,526446,1462.35,NORMAL,N,,,,526422,526458,,,,
203,2440,526560,1462.6666666666667,NORMAL,N,,,,526537,526572,526603,526639,526661,normal
203,2441,526813,1463.3694444444445,NORMAL,N,526750,526761,526774,526791,526825,,526844,526902,positive_monophasic
203,2442,527093,1464.1472222222221,NORMAL,N,526998,527022,527035,527067,527107,527141,527181,527191,normal
203,2443,527425,1465.0694444444443,NORMAL,N,527320,527329,527354,527399,527438,527471,527538,527564,normal
203,2444,527826,1466.1833333333334,NORMAL,N,527733,527751,527766,527803,527887,527902,527925,527962,normal
203,2445,528074,1466.8722222222223,NORMAL,N,527995,528011,528026,528054,528088,528122,528148,528172,normal
203,2446,528484,1468.0111111111112,NORMAL,N,528368,528381,528396,528464,528539,528541,528589,528623,normal
203,2447,528834,1468.9833333333333,NORMAL,N,528759,528774,528789,528813,528894,528905,528934,528948,biphasic_positive_negative
203,2448,529015,1469.486111111111,NORMAL,N,,,,528985,529028,529058,529112,529143,normal
203,2449,529282,1470.2277777777779,NORMAL,N,529205,529229,529242,529260,529299,529352,529379,529401,normal
203,2450,529610,1471.138888888889,NORMAL,N,529548,529559,529568,529589,529624,529671,529707,529748,normal
203,2451,529845,1471.7916666666667,NORMAL,N,529753,529764,529781,529823,529859,529896,529929,529949,normal
203,2452,529986,1472.1833333333334,NORMAL,N,,,,529961,530045,530066,530079,530095,inverted
203,2453,530198,1472.7722222222221,NORMAL,N,530107,530128,530140,530174,530246,530251,530300,530343,normal
203,2454,530491,1473.5861111111112,NORMAL,N,530403,530432,530448,530470,530506,530558,530603,530627,normal
203,2455,530732,1474.2555555555555,NORMAL,N,,,,530713,530783,,,,
203,2456,530881,1474.6694444444445,NORMAL,N,530794,530815,530845,530859,530895,530921,530959,530971,normal
203,2457,531024,1475.0666666666666,NORMAL,N,,,,531012,531095,,,,
203,2458,531155,1475.4305555555557,NORMAL,N,531085,531105,531116,531132,531168,531201,531238,531252,normal
203,2459,531389,1476.0805555555555,NORMAL,N,531259,531275,531306,531361,531447,531457,531518,531542,normal
203,2460,531619,1476.7194444444444,NORMAL,N,,,,531597,531673,531682,531702,531711,normal
203,2461,531987,1477.7416666666666,NORMAL,N,531909,531929,531951,531962,532039,532053,532079,532091,normal
203,2462,532196,1478.3222222222223,NORMAL,N,532135,532153,532162,532171,532250,532264,532277,532304,normal
203,2463,532422,1478.95,NORMAL,N,532349,532355,532383,532402,532435,532477,532503,532524,normal
203,2464,532666,1479.6277777777777,NORMAL,N,532578,532586,532601,532646,532698,532724,532754,532775,normal
203,2465,532862,1480.1722222222222,NORMAL,N,532790,532798,532815,532834,532877,532934,532950,532971,normal
203,2466,533183,1481.0638888888889,NORMAL,N,533105,533115,533136,533161,533197,533235,533270,533287,normal
203,2467,533479,1481.8861111111112,NORMAL,N,533380,533412,533441,533452,533526,533530,533610,533631,biphasic_positive_negative
203,2468,533903,1483.0638888888889,NORMAL,N,533848,533856,533871,533879,533942,533981,534041,534063,biphasic_positive_negative
203,2469,534210,1483.9166666666667,NORMAL,N,,,,534191,534245,534278,534298,534313,normal
203,2470,534351,1484.3083333333334,PVC,V,,,,534319,534364,534398,534428,534472,normal
203,2471,534659,1485.1638888888888,NORMAL,N,534526,534536,534549,534633,534670,534716,534755,534784,normal
203,2472,534982,1486.0611111111111,NORMAL,N,,,,534962,534999,535027,535074,535092,biphasic_negative_positive
203,2473,535182,1486.6166666666666,NORMAL,N,,,,535162,535196,535240,535264,535287,normal
203,2474,535349,1487.0805555555555,NORMAL,N,,,,535308,535367,535445,535456,535470,normal
203,2475,535594,1487.7611111111112,NORMAL,N,535511,535546,535558,535567,535607,535660,535683,535695,normal
203,2476,535888,1488.5777777777778,NORMAL,N,535835,535866,535845,535878,535924,,,,
203,2477,536027,1488.963888888889,UNKNOWN,Q,,,535889,535897,536034,,536094,536131,negative_monophasic
203,2478,536326,1489.7944444444445,UNKNOWN,Q,,,,536300,536391,536393,536433,536489,inverted
203,2479,536626,1490.6277777777777,UNKNOWN,Q,,,,536595,536656,,,,
203,2480,537014,1491.7055555555555,NORMAL,N,536951,536966,536981,536999,537057,,537058,537091,positive_monophasic
203,2481,537231,1492.3083333333334,NORMAL,N,,,,537231,537329,,,,
203,2482,537356,1492.6555555555556,NORMAL,N,,,,,537402,,537404,537448,negative_monophasic
203,2483,537658,1493.4944444444445,NORMAL,N,537541,537555,537588,537636,537670,,,,
203,2484,537813,1493.925,PVC,V,537721,537741,537767,537772,537828,537862,537892,537922,normal
203,2485,537997,1494.4361111111111,NORMAL,N,,,,537976,538012,538061,538088,538125,normal
203,2486,538228,1495.0777777777778,NORMAL,N,538168,538181,538197,538207,538242,538274,538311,538336,normal
203,2487,538562,1496.0055555555555,NORMAL,N,538456,538469,538489,538525,538576,538622,538665,538705,normal
203,2488,538793,1496.6472222222221,NORMAL,N,538731,538739,538749,538775,538806,,,,
203,2489,538929,1497.025,PVC,V,538842,538868,538885,538925,538952,,,,
203,2490,539025,1497.2916666666667,PVC,V,,,,,539046,,539047,539088,positive_monophasic
203,2491,539145,1497.625,PVC,V,,,,539120,539169,539195,539208,539230,normal
203,2492,539370,1498.25,NORMAL,N,539255,539267,539277,539349,539379,539416,539454,539460,biphasic_negative_positive
203,2493,539536,1498.7111111111112,NORMAL,N,539472,539479,539491,539513,539588,539593,539627,539642,biphasic_positive_negative
203,2494,539831,1499.5305555555556,NORMAL,N,539745,539753,539765,539804,539899,539915,539919,539929,inverted
203,2495,540008,1500.0222222222221,PVC,V,539942,539961,539971,539976,540037,540041,540086,540127,normal
203,2496,540397,1501.1027777777779,NORMAL,N,540276,540302,540337,540367,540433,,,,
203,2497,540567,1501.575,PVC,V,540552,,,540539,540583,,,,
203,2498,540678,1501.8833333333334,PVC,V,,540569,540583,540607,540695,540718,540746,540779,normal
203,2499,540923,1502.5638888888889,NORMAL,N,540822,540831,540842,540896,540937,,540985,541025,positive_monophasic
203,2500,541098,1503.05,NORMAL,N,541033,541062,541072,541078,541149,,541150,541174,positive_monophasic
203,2501,541252,1503.4777777777779,NORMAL,N,,,,541232,541293,541302,541334,541351,normal
203,2502,541469,1504.0805555555555,NORMAL,N,541378,541407,541426,541447,541485,541527,541557,541571,normal
203,2503,541745,1504.8472222222222,NORMAL,N,541657,541670,541693,541725,541762,541787,541834,541849,normal
203,2504,542033,1505.6472222222221,NORMAL,N,541927,541940,541952,542007,542049,542091,542123,542151,normal
203,2505,542331,1506.475,NORMAL,N,542268,542279,542293,542305,542400,542461,542477,542500,inverted
203,2506,542620,1507.2777777777778,NORMAL,N,542514,542543,542563,542594,542689,,,,
203,2507,542784,1507.7333333333333,NORMAL,N,542673,542706,542729,542759,542854,542872,542906,542934,inverted
203,2508,543033,1508.425,NORMAL,N,542958,542978,542991,543009,543047,543076,543129,543162,normal
203,2509,543270,1509.0833333333333,NORMAL,N,543212,543223,543235,543249,543332,543353,543391,543418,inverted
203,2510,543572,1509.9222222222222,NORMAL,N,543513,543526,543540,543548,543636,543653,543670,543694,inverted
203,2511,543823,1510.6194444444445,NORMAL,N,,,,543782,543863,543912,543929,543948,inverted
203,2512,544031,1511.1972222222223,NORMAL,N,543965,543968,543984,544005,544045,544080,544116,544138,normal
203,2513,544307,1511.963888888889,NORMAL,N,544195,544209,544240,544271,544323,544351,544393,544408,normal
203,2514,544538,1512.6055555555556,NORMAL,N,,,,544515,544553,544582,544620,544640,normal
203,2515,544689,1513.025,NORMAL,N,,,,544656,544743,544747,544771,544785,normal
203,2516,544976,1513.8222222222223,NORMAL,N,,,,544921,545009,545022,545042,545062,inverted
203,2517,545204,1514.4555555555555,NORMAL,N,545125,545138,545157,545178,545267,545276,545342,545358,biphasic_positive_negative
203,2518,545500,1515.2777777777778,NORMAL,N,545450,545457,545468,545477,545556,545566,545627,545646,biphasic_positive_negative
203,2519,545753,1515.9805555555556,NORMAL,N,,,,545728,545767,545801,545838,545862,normal
203,2520,545903,1516.3972222222221,NORMAL,N,,,,545873,545947,545958,545980,546004,normal
203,2521,546043,1516.786111111111,NORMAL,N,,,,546024,546112,,,,
203,2522,546160,1517.111111111111,PVC,V,546088,546114,546131,546137,546186,546202,546236,546274,normal
203,2523,546377,1517.713888888889,NORMAL,N,546305,546319,546333,546346,546390,,546416,546462,positive_monophasic
203,2524,546538,1518.161111111111,NORMAL,N,,,,546509,546587,546607,546627,546669,normal
203,2525,546829,1518.9694444444444,NORMAL,N,546757,546770,546784,546803,546843,,,,
203,2526,547006,1519.4611111111112,NORMAL,N,,,,546991,547019,547044,547084,547117,normal
203,2527,547163,1519.8972222222221,NORMAL,N,,,,547140,547235,547238,547276,547295,inverted
203,2528,547435,1520.6527777777778,NORMAL,N,547391,547400,547412,547435,547539,,,,
203,2529,547557,1520.9916666666666,NORMAL,N,547448,547476,547491,547529,547625,547628,547655,547676,inverted
203,2530,547932,1522.0333333333333,NORMAL,N,547834,547853,547882,547909,547947,,547989,548031,positive_monophasic
203,2531,548089,1522.4694444444444,PVC,V,,,,548059,548114,548119,548155,548203,normal
203,2532,548525,1523.6805555555557,NORMAL,N,548440,548454,548481,548502,548538,,548570,548623,positive_monophasic
203,2533,548948,1524.8555555555556,NORMAL,N,548855,548869,548900,548920,548962,,549015,549047,positive_monophasic
203,2534,549127,1525.3527777777779,PVC,V,,,,549098,549144,549178,549205,549242,normal
203,2535,549357,1525.9916666666666,NORMAL,N,549264,549282,549299,549336,549415,,,,
203,2536,549580,1526.611111111111,NORMAL,N,549520,549535,549547,549559,549648,,,,
203,2537,549705,1526.9583333333333,PVC,V,549633,549656,549673,549704,549720,,,,
203,2538,549817,1527.2694444444444,PVC,V,,,,,549843,549849,549882,549933,normal
203,2539,550051,1527.9194444444445,NORMAL,N,549983,550000,550013,550050,550125,550137,550162,550189,inverted
203,2540,550259,1528.4972222222223,NORMAL,N,,,,550225,550274,550319,550352,550368,normal
203,2541,550495,1529.1527777777778,NORMAL,N,550434,550448,550461,550472,550564,550576,550606,550622,inverted
203,2542,550726,1529.7944444444445,NORMAL,N,550659,550670,550691,550703,550795,550809,550849,550866,inverted
203,2543,551010,1530.5833333333333,NORMAL,N,550889,550920,550936,550959,551016,551023,551074,551115,normal
203,2544,551272,1531.3111111111111,NORMAL,N,551177,551201,551227,551242,551334,551344,551355,551367,normal
203,2545,551436,1531.7666666666667,NORMAL,N,551371,551379,551398,551405,551488,551498,551516,551546,normal
203,2546,551751,1532.6416666666667,NORMAL,N,551690,551701,551716,551731,551765,551811,551843,551853,normal
203,2547,551975,1533.263888888889,NORMAL,N,551856,551884,551907,551951,552021,552023,552052,552082,normal
203,2548,552258,1534.05,NORMAL,N,552137,552159,552194,552205,552296,552299,552324,552339,inverted
203,2549,552477,1534.6583333333333,NORMAL,N,552372,552388,552405,552452,552489,,,,
203,2550,552615,1535.0416666666667,PVC,V,552535,552561,552584,552592,552631,552653,552692,552735,normal
203,2551,552802,1535.5611111111111,NORMAL,N,,,,552781,552819,552843,552889,552912,normal
203,2552,552970,1536.0277777777778,NORMAL,N,,,,552948,553030,553037,553051,553068,normal
203,2553,553241,1536.7805555555556,NORMAL,N,,,,553216,553256,553309,553340,553367,normal
203,2554,553530,1537.5833333333333,NORMAL,N,553372,553391,553418,553472,553580,553582,553619,553631,inverted
203,2555,553720,1538.111111111111,NORMAL,N,,,,553692,553771,,,,
203,2556,553841,1538.4472222222223,PVC,V,553755,553795,553811,553818,553917,553921,553960,553977,inverted
203,2557,554056,1539.0444444444445,NORMAL,N,,,,554032,554071,554100,554135,554151,normal
203,2558,554195,1539.4305555555557,NORMAL,N,,,,554173,554246,554248,554275,554291,normal
203,2559,554425,1540.0694444444443,NORMAL,N,554357,554370,554390,554399,554467,554481,554509,554534,normal
203,2560,554658,1540.7166666666667,NORMAL,N,554557,554576,554614,554632,554671,554705,554732,554755,normal
203,2561,554864,1541.2888888888888,NORMAL,N,,,,554842,554877,554904,554940,554964,normal
203,2562,555119,1541.9972222222223,NORMAL,N,,,,555094,555173,555175,555206,555243,normal
203,2563,555352,1542.6444444444444,NORMAL,N,,,,555327,555409,555424,555436,555466,normal
203,2564,555650,1543.4722222222222,NORMAL,N,555556,555569,555589,555626,555664,555702,555735,555758,normal
203,2565,555933,1544.2583333333334,NORMAL,N,555832,555841,555868,555905,555945,555984,556011,556031,normal
203,2566,556212,1545.0333333333333,NORMAL,N,556150,556161,556179,556189,556226,556256,556295,556320,normal
203,2567,556406,1545.5722222222223,NORMAL,N,,,,556386,556457,556469,556481,556518,normal
203,2568,556642,1546.2277777777779,NORMAL,N,556561,556588,556609,556618,556658,556682,556725,556740,normal
203,2569,556838,1546.7722222222221,NORMAL,N,,,,556815,556852,556884,556915,556938,normal
203,2570,557123,1547.5638888888889,NORMAL,N,557057,557077,557092,557121,557221,,,,
203,2571,557318,1548.1055555555556,NORMAL,N,557225,557260,557286,557297,557333,557362,557403,557438,normal
203,2572,557527,1548.6861111111111,NORMAL,N,,,,557507,557587,557589,557609,557641,normal
203,2573,557764,1549.3444444444444,NORMAL,N,,,,557740,557780,557826,557854,557879,normal
203,2574,557990,1549.9722222222222,NORMAL,N,557918,557935,557951,557970,558008,558042,558074,558094,normal
203,2575,558246,1550.6833333333334,NORMAL,N,558136,558147,558157,558222,558317,,,,
203,2576,558380,1551.0555555555557,PVC,V,,,,558342,558401,,558411,558445,positive_monophasic
203,2577,558490,1551.361111111111,PVC,V,558423,558447,558484,558489,558506,,,,
203,2578,558559,1551.5527777777777,NORMAL,N,,,,,558611,558623,558646,558686,inverted
203,2579,558840,1552.3333333333333,NORMAL,N,558761,558778,558787,558821,558884,,558885,558927,positive_monophasic
203,2580,558978,1552.7166666666667,PVC,V,,,,558953,558990,559017,559052,559083,normal
203,2581,559456,1554.0444444444445,NORMAL,N,559347,559358,559383,559429,559525,,559526,559563,positive_monophasic
203,2582,559625,1554.513888888889,PVC,V,,,,559593,559654,559664,559701,559751,normal
203,2583,559964,1555.4555555555555,NORMAL,N,559839,559867,559888,559940,559979,,560026,560072,positive_monophasic
203,2584,560201,1556.1138888888888,NORMAL,N,560119,560142,560161,560183,560266,560268,560334,560348,biphasic_positive_negative
203,2585,560434,1556.7611111111112,NORMAL,N,560363,560376,560402,560411,560449,560483,560514,560533,normal
203,2586,560694,1557.4833333333333,NORMAL,N,560601,560610,560637,560675,560741,,560742,560768,positive_monophasic
203,2587,560828,1557.8555555555556,PVC,V,,,,560799,560847,560855,560895,560939,normal
203,2588,561098,1558.6055555555556,NORMAL,N,561014,561038,561053,561074,561153,,561154,561198,positive_monophasic
203,2589,561305,1559.1805555555557,NORMAL,N,561232,561246,561272,561285,561324,561351,561394,561417,normal
203,2590,561482,1559.6722222222222,NORMAL,N,,,,561462,561498,561539,561567,561592,normal
203,2591,561823,1560.6194444444445,NORMAL,N,,,,561803,561873,,561879,561930,positive_monophasic
203,2592,562140,1561.5,NORMAL,N,562061,562073,562086,562119,562197,,562198,562228,positive_monophasic
203,2593,562350,1562.0833333333333,NORMAL,N,562275,562304,562321,562335,562368,562395,562434,562455,normal
203,2594,562497,1562.4916666666666,NORMAL,N,,,,562464,562560,562579,562594,562599,inverted
203,2595,562753,1563.2027777777778,NORMAL,N,562682,562702,562722,562732,562806,,562807,562835,positive_monophasic
203,2596,562927,1563.6861111111111,NORMAL,N,562865,562878,562902,562912,562944,562971,563011,563034,normal
203,2597,563076,1564.1,NORMAL,N,,,,563058,563147,563178,563206,563220,inverted
203,2598,563365,1564.9027777777778,NORMAL,N,563260,563273,563287,563343,563418,,563419,563475,positive_monophasic
203,2599,563558,1565.4388888888889,NORMAL,N,,,,563542,563614,563628,563648,563666,normal
203,2600,563849,1566.2472222222223,NORMAL,N,563781,563804,563817,563829,563866,,,,
203,2601,563997,1566.6583333333333,PVC,V,563921,563929,563954,563963,564016,564027,564073,564109,normal
203,2602,564246,1567.35,NORMAL,N,,,,564226,564264,,564304,564348,positive_monophasic
203,2603,564456,1567.9333333333334,NORMAL,N,,,,564441,564510,564517,564548,564589,normal
203,2604,564817,1568.9361111111111,NORMAL,N,564760,564777,564786,564798,564834,564878,564912,564928,normal
203,2605,564996,1569.4333333333334,NORMAL,N,564936,564950,564967,564980,565011,565037,565078,565098,normal
203,2606,565160,1569.888888888889,NORMAL,N,,,,565144,565176,565214,565237,565269,normal
203,2607,565371,1570.475,NORMAL,N,565309,565323,565340,565353,565424,565431,565459,565487,normal
203,2608,565573,1571.036111111111,NORMAL,N,,,,565557,565618,565630,565666,565689,normal
203,2609,565826,1571.7388888888888,NORMAL,N,565737,565760,565793,565801,565842,565897,565919,565952,normal
203,2610,566112,1572.5333333333333,NORMAL,N,566053,566066,566081,566093,566174,566181,566225,566264,normal
203,2611,566424,1573.4,NORMAL,N,566350,566362,566383,566404,566481,,566482,566513,positive_monophasic
203,2612,566585,1573.8472222222222,NORMAL,N,,,,566559,566654,566668,566738,566775,inverted
203,2613,566866,1574.6277777777777,NORMAL,N,566795,566807,566832,566846,566880,,566920,566951,positive_monophasic
203,2614,567038,1575.1055555555556,NORMAL,N,566968,566987,567004,567018,567089,567265,567290,567301,6
203,2615,567404,1576.1222222222223,NORMAL,N,567322,567343,567366,567382,567419,,567461,567493,positive_monophasic
203,2616,567604,1576.6777777777777,NORMAL,N,567501,567523,567560,567585,567620,567648,567690,567706,normal
203,2617,567770,1577.138888888889,NORMAL,N,,,,567712,567812,,,,
203,2618,567904,1577.5111111111112,NORMAL,N,567785,567812,567825,567840,567941,567952,567995,568010,inverted
203,2619,568107,1578.075,NORMAL,N,568040,568054,568069,568080,568124,,568158,568198,positive_monophasic
203,2620,568385,1578.8472222222222,NORMAL,N,,,,568365,568402,,,,
203,2621,568539,1579.275,PVC,V,568432,568471,568483,568501,568556,568570,568607,568646,normal
203,2622,568920,1580.3333333333333,NORMAL,N,568841,568858,568872,568895,568934,,568965,569017,positive_monophasic
203,2623,569073,1580.7583333333334,PVC,V,,,,569038,569099,569108,569138,569188,normal
203,2624,569443,1581.786111111111,NORMAL,N,569330,569337,569376,569382,569476,569481,569509,569529,normal
203,2625,569819,1582.8305555555555,NORMAL,N,569736,569754,569785,569796,569870,569886,569918,569949,normal
203,2626,570164,1583.7888888888888,NORMAL,N,570039,570054,570086,570104,570191,570207,570218,570259,normal
203,2627,570400,1584.4444444444443,NORMAL,N,570330,570343,570354,570375,570457,,,,
203,2628,570543,1584.8416666666667,PVC,V,570470,570485,570506,570519,570622,,570624,570656,negative_monophasic
203,2629,570762,1585.45,NORMAL,N,570692,570711,570729,570741,570780,570827,570853,570875,normal
203,2630,571099,1586.3861111111112,NORMAL,N,570968,570997,571024,571045,571108,,,,
203,2631,571208,1586.6888888888889,PVC,V,571128,571158,571171,571190,571228,571254,571285,571318,normal
203,2632,571436,1587.3222222222223,NORMAL,N,571333,571346,571377,571384,571446,,571454,571488,positive_monophasic
203,2633,571706,1588.0722222222223,NORMAL,N,571603,571616,571647,571683,571719,571764,571791,571812,normal
203,2634,572069,1589.0805555555555,NORMAL,N,571926,571958,571982,572045,572125,572133,572159,572180,normal
203,2635,572272,1589.6444444444444,NORMAL,N,572193,572206,572216,572256,572290,572322,572355,572372,normal
203,2636,572502,1590.2833333333333,NORMAL,N,572381,572415,572438,572450,572530,572538,572589,572605,biphasic_positive_negative
203,2637,572737,1590.9361111111111,NORMAL,N,572644,572656,572671,572683,572758,572768,572806,572838,normal
203,2638,573019,1591.7194444444444,NORMAL,N,572894,572907,572924,572958,573047,,,,
203,2639,573224,1592.2888888888888,NORMAL,N,573139,573161,573192,573204,573239,,,,
203,2640,573356,1592.6555555555556,PVC,V,573278,573302,573319,573326,573377,,,,
203,2641,573481,1593.0027777777777,PVC,V,573396,573426,573449,573455,573505,573514,573553,573597,normal
203,2642,573772,1593.8111111111111,NORMAL,N,573667,573701,573713,573755,573792,573825,573862,573884,normal
203,2643,574010,1594.4722222222222,NORMAL,N,,,,573992,574031,574062,574095,574119,normal
203,2644,574278,1595.2166666666667,NORMAL,N,,,,574218,574279,574289,574324,574342,normal
203,2645,574423,1595.6194444444445,NORMAL,N,,,,574346,574461,574509,574523,574547,normal
203,2646,574638,1596.2166666666667,NORMAL,N,574554,574582,574593,574610,574694,574699,574728,574747,normal
203,2647,574932,1597.0333333333333,NORMAL,N,,,,574885,574933,574961,574987,575022,normal
203,2648,575289,1598.025,NORMAL,N,575218,575238,575249,575274,575307,575358,575381,575406,normal
203,2649,575490,1598.5833333333333,NORMAL,N,,,,575433,575535,,,,
203,2650,575617,1598.9361111111111,NORMAL,N,575516,575537,575557,575588,575673,575675,575741,575764,biphasic_positive_negative
203,2651,575892,1599.7,NORMAL,N,575837,575851,575866,575892,575964,575990,576009,576043,normal
203,2652,576132,1600.3666666666666,NORMAL,N,,,,576073,576172,576175,576209,576234,inverted
203,2653,576394,1601.0944444444444,NORMAL,N,576343,576355,576362,576380,576411,576441,576479,576506,normal
203,2654,576552,1601.5333333333333,PVC,V,,,,576528,576563,576593,576629,576658,normal
203,2655,576827,1602.2972222222222,NORMAL,N,576700,576717,576735,576766,576856,576863,576898,576905,biphasic_positive_negative
203,2656,576998,1602.7722222222221,NORMAL,N,,,,576977,577015,577041,577084,577116,normal
203,2657,577320,1603.6666666666667,NORMAL,N,577270,577290,577306,577313,577373,,,,
203,2658,577433,1603.9805555555556,PVC,V,577357,577377,577404,577410,577451,577475,577509,577546,normal
203,2659,577635,1604.5416666666667,NORMAL,N,577549,577550,577589,577618,577654,577679,577721,577735,normal
203,2660,577874,1605.2055555555555,NORMAL,N,577768,577778,577797,577853,577934,,,,
203,2661,577999,1605.5527777777777,PVC,V,577916,577945,577958,577975,578026,,,,
203,2662,578106,1605.85,PVC,V,,,,578001,578126,,578127,578167,positive_monophasic
203,2663,578228,1606.1888888888889,PVC,V,,,,578202,578253,,578254,578293,positive_monophasic
203,2664,578347,1606.5194444444444,PVC,V,,,,578321,578373,,,,
203,2665,578472,1606.8666666666666,PVC,V,578386,578418,578441,578446,578494,,578495,578540,positive_monophasic
203,2666,578597,1607.213888888889,PVC,V,,,,578570,578620,,578626,578660,positive_monophasic
203,2667,578716,1607.5444444444445,PVC,V,,,,578693,578734,,,,
203,2668,578845,1607.9027777777778,NORMAL,N,578761,578794,578817,578829,578865,578889,578924,578943,normal
203,2669,579011,1608.3638888888888,NORMAL,N,,,,578952,579047,,,,
203,2670,579167,1608.7972222222222,NORMAL,N,579092,579102,579128,579135,579212,,,,
203,2671,579305,1609.1805555555557,NORMAL,N,579183,579216,579233,579239,579344,,,,
203,2672,579407,1609.463888888889,NORMAL,N,,,,579359,579448,579453,579478,579495,inverted
203,2673,579563,1609.8972222222221,NORMAL,N,,,,579507,579583,579585,579609,579620,normal
203,2674,579701,1610.2805555555556,NORMAL,N,579648,579668,579682,579699,579760,,,,
203,2675,579893,1610.8138888888889,NORMAL,N,579801,579821,579843,579876,579912,579931,580012,580035,normal
203,2676,580212,1611.7,NORMAL,N,580134,580156,580175,580192,580226,,,,
203,2677,580357,1612.1027777777779,PVC,V,580273,580295,580326,580334,580426,,,,
203,2678,580517,1612.5472222222222,NORMAL,N,580396,580427,580453,580466,580556,,,,
203,2679,580895,1613.5972222222222,NORMAL,N,580762,580792,580822,580846,580941,580955,580989,581011,inverted
203,2680,581140,1614.2777777777778,NORMAL,N,581083,581104,581118,,581210,,,,
203,2681,581273,1614.6472222222221,NORMAL,N,581149,581180,581206,581215,581312,581324,581344,581354,inverted
203,2682,581504,1615.2888888888888,NORMAL,N,581429,581441,581466,581477,581518,,581554,581589,positive_monophasic
203,2683,581654,1615.7055555555555,PVC,V,,,,581624,581677,,581684,581722,positive_monophasic
203,2684,581770,1616.0277777777778,PVC,V,,,,581723,581794,581805,581836,581869,normal
203,2685,582005,1616.6805555555557,NORMAL,N,581937,581958,581973,582005,582073,,,,
203,2686,582257,1617.3805555555555,NORMAL,N,582211,582219,582231,582255,582312,582347,582369,582384,inverted
203,2687,582449,1617.9138888888888,NORMAL,N,,,,582427,582462,582491,582522,582552,normal
203,2688,582758,1618.7722222222221,NORMAL,N,582620,582648,582667,582736,582797,582801,582839,582882,normal
203,2689,582949,1619.3027777777777,PVC,V,,,,582923,582975,582981,583015,583066,normal
203,2690,583180,1619.9444444444443,NORMAL,N,583079,583098,583112,583133,583219,,,,
203,2691,583291,1620.2527777777777,NORMAL,N,583200,583236,583254,583276,583309,583334,583371,583390,normal
203,2692,583565,1621.013888888889,NORMAL,N,583434,583459,583488,583505,583606,583611,583639,583657,inverted
203,2693,583852,1621.8111111111111,NORMAL,N,583793,583812,583829,583852,583960,583982,583996,584028,inverted
203,2694,584152,1622.6444444444444,NORMAL,N,,,,584097,584189,584195,584246,584271,inverted
203,2695,584458,1623.4944444444445,NORMAL,N,584407,584422,584436,584458,584549,,584560,584581,positive_monophasic
203,2696,584636,1623.9888888888888,NORMAL,N,,,,584616,584689,584691,584710,584740,normal
203,2697,584902,1624.7277777777779,NORMAL,N,584812,584824,584836,584847,584932,,584949,584973,negative_monophasic
203,2698,585040,1625.111111111111,NORMAL,N,,,,584991,585041,585051,585089,585117,normal
203,2699,585393,1626.0916666666667,NORMAL,N,585251,585268,585289,585332,585443,585445,585470,585495,inverted
203,2700,585568,1626.5777777777778,NORMAL,N,585521,585533,585548,,585629,,,,
203,2701,585886,1627.4611111111112,NORMAL,N,,,,585819,585894,585904,585940,585953,normal
203,2702,586003,1627.786111111111,PVC,V,,,,585980,586077,,586078,586118,negative_monophasic
203,2703,586329,1628.6916666666666,NORMAL,N,586192,586226,586239,586265,586370,586371,586415,586456,biphasic_negative_positive
203,2704,586552,1629.3111111111111,NORMAL,N,586498,586513,586528,586548,586659,586679,586703,586730,inverted
203,2705,586907,1630.2972222222222,NORMAL,N,586824,586848,586864,586883,586951,586953,586993,587011,normal
203,2706,587130,1630.9166666666667,NORMAL,N,587056,587061,587077,587111,587148,587181,587215,587248,normal
203,2707,587409,1631.6916666666666,NORMAL,N,587262,587274,587288,587358,587433,587436,587462,587483,normal
203,2708,587703,1632.5083333333334,NORMAL,N,,,,587654,587722,587736,587766,587788,normal
203,2709,587885,1633.013888888889,NORMAL,N,,,,587862,587901,587928,587972,587999,normal
203,2710,588068,1633.5222222222221,NORMAL,N,,,,588007,588105,,,,
203,2711,588300,1634.1666666666667,NORMAL,N,,,,588280,588315,588352,588387,588411,normal
203,2712,588586,1634.9611111111112,NORMAL,N,588450,588484,588499,588532,588625,588627,588683,588707,inverted
203,2713,588807,1635.575,NORMAL,N,588752,588766,588782,,588869,588882,588965,588987,normal
203,2714,589149,1636.525,NORMAL,N,589075,589092,589111,589140,589233,589239,589278,589299,inverted
203,2715,589377,1637.1583333333333,NORMAL,N,,,,589317,589406,589422,589487,589512,inverted
203,2716,589665,1637.9583333333333,NORMAL,N,,,,589640,589680,589711,589747,589773,normal
203,2717,589815,1638.375,PVC,V,,,,589787,589831,,589850,589887,positive_monophasic
203,2718,589943,1638.7305555555556,PVC,V,,,,589918,589976,,,,
203,2719,590083,1639.1194444444445,PVC,V,589994,590024,590051,590058,590110,590115,590151,590192,normal
203,2720,590337,1639.825,NORMAL,N,,,,590284,590338,590373,590409,590424,normal
203,2721,590656,1640.7111111111112,NORMAL,N,590566,590576,590589,590607,590687,,590701,590726,negative_monophasic
203,2722,590794,1641.0944444444444,PVC,V,,,,590769,590821,590826,590856,590901,normal
203,2723,591092,1641.9222222222222,NORMAL,N,590979,590991,591014,591037,591103,,591107,591142,positive_monophasic
203,2724,591345,1642.625,NORMAL,N,591237,591250,591277,591292,591377,591389,591448,591466,inverted
203,2725,591621,1643.3916666666667,NORMAL,N,591487,591501,591519,591567,591646,591648,591680,591707,normal
203,2726,591865,1644.0694444444443,NORMAL,N,591783,591795,591811,591844,591932,591948,591995,592025,inverted
203,2727,592191,1644.975,NORMAL,N,592134,592149,592165,,592280,592282,592314,592327,inverted
203,2728,592485,1645.7916666666667,NORMAL,N,592429,592445,592461,592485,592554,,,,
203,2729,592650,1646.25,NORMAL,N,592577,592589,592622,592634,592667,592702,592728,592755,normal
203,2730,592865,1646.8472222222222,NORMAL,N,592789,592806,592825,592846,592881,592910,592941,592965,normal
203,2731,593186,1647.7388888888888,NORMAL,N,593058,593092,593106,593132,593187,593206,593238,593257,normal
203,2732,593369,1648.2472222222223,NORMAL,N,,,,593350,593387,593417,593448,593473,normal
203,2733,593535,1648.7083333333333,NORMAL,N,,,,593483,593540,593549,593591,593617,normal
203,2734,593799,1649.4416666666666,NORMAL,N,593670,593679,593705,593745,593824,593827,593867,593938,normal
203,2735,594087,1650.2416666666666,NORMAL,N,593967,593982,594003,594026,594103,594107,594145,594176,normal
203,2736,594294,1650.8166666666666,NORMAL,N,594187,594210,594225,594268,594364,,594377,594404,negative_monophasic
203,2737,594633,1651.7583333333334,NORMAL,N,594521,594532,594545,594585,594653,594654,594692,594708,normal
203,2738,594888,1652.4666666666667,NORMAL,N,594791,594799,594823,594865,594903,594939,594965,594989,normal
203,2739,595137,1653.1583333333333,NORMAL,N,595082,595094,595107,595118,595193,595205,595216,595258,normal
203,2740,595421,1653.9472222222223,NORMAL,N,595299,595311,595320,595364,595450,595468,595490,595512,inverted
203,2741,595676,1654.6555555555556,NORMAL,N,595616,595638,595651,,595765,,,,
203,2742,595878,1655.2166666666667,NORMAL,N,595803,595825,595842,595856,595946,595965,596007,596041,inverted
203,2743,596163,1656.0083333333334,NORMAL,N,596064,596078,596094,596136,596212,596216,596249,596298,normal
203,2744,596506,1656.9611111111112,NORMAL,N,596411,596437,596462,596483,596573,,,,
203,2745,596655,1657.375,PVC,V,596566,596592,596612,596619,596679,,596689,596736,positive_monophasic
203,2746,596791,1657.7527777777777,PVC,V,,,,596765,596815,596827,596858,596899,normal
203,2747,597018,1658.3833333333334,NORMAL,N,596938,596960,596984,596996,597032,,597059,597103,positive_monophasic
203,2748,597160,1658.7777777777778,NORMAL,N,,,,597136,597209,597210,597237,597254,normal
203,2749,597381,1659.3916666666667,NORMAL,N,597292,597305,597321,597356,597426,597436,597482,597519,normal
203,2750,597640,1660.111111111111,NORMAL,N,597560,597574,597593,597614,597699,,597717,597734,negative_monophasic
203,2751,597811,1660.5861111111112,NORMAL,N,,,,597785,597874,597889,597938,597973,inverted
203,2752,598085,1661.3472222222222,NORMAL,N,598012,598032,598049,598061,598100,598135,598169,598182,normal
203,2753,598263,1661.8416666666667,NORMAL,N,,,,598241,598316,598321,598342,598363,normal
203,2754,598491,1662.475,NORMAL,N,598386,598395,598408,598467,598525,598539,598571,598610,normal
203,2755,598780,1663.2777777777778,NORMAL,N,,,,598751,598837,,,,
203,2756,599025,1663.9583333333333,NORMAL,N,,,,599002,599097,599108,599149,599176,inverted
203,2757,599261,1664.6138888888888,NORMAL,N,599186,599198,599231,599239,599327,,,,
203,2758,599400,1665.0,PVC,V,599320,599340,599360,599372,599422,,599423,599466,positive_monophasic
203,2759,599518,1665.3277777777778,PVC,V,,,,599497,599545,599555,599587,599625,normal
203,2760,599753,1665.9805555555556,NORMAL,N,599668,599691,599720,599727,599802,,,,
203,2761,599887,1666.3527777777779,PVC,V,599815,599823,599853,599861,599914,599923,599962,599996,normal
203,2762,600204,1667.2333333333333,NORMAL,N,600100,600123,600137,600179,600218,600268,600299,600320,normal
203,2763,600499,1668.0527777777777,NORMAL,N,600396,600417,600438,600471,600571,,,,
203,2764,600648,1668.4666666666667,NORMAL,N,600559,600581,600599,600622,600728,600732,600786,600808,inverted
203,2765,600910,1669.1944444444443,NORMAL,N,600828,600851,600870,600885,600964,600973,601010,601036,normal
203,2766,601191,1669.975,NORMAL,N,601080,601092,601107,601155,601243,601258,601275,601314,normal
203,2767,601378,1670.4944444444445,NORMAL,N,,,,601341,601388,601408,601497,601510,biphasic_positive_negative
203,2768,601608,1671.1333333333334,NORMAL,N,601546,601556,601568,601574,601666,,,,
203,2769,601736,1671.4888888888888,PVC,V,601667,601683,601697,601708,601758,601771,601810,601849,normal
203,2770,601947,1672.075,NORMAL,N,601887,601902,601910,601919,601962,601991,602026,602051,normal
203,2771,602162,1672.6722222222222,NORMAL,N,602091,602107,602126,602138,602222,602242,602291,602317,inverted
203,2772,602428,1673.411111111111,NORMAL,N,602325,602347,602377,602403,602497,602516,602551,602567,inverted
203,2773,602739,1674.275,NORMAL,N,602672,602683,602691,602708,602799,,,,
203,2774,602898,1674.7166666666667,NORMAL,N,602790,602814,602837,602869,602912,,,,
203,2775,603020,1675.0555555555557,NORMAL,N,,,,602994,603031,,,,
203,2776,603148,1675.411111111111,NORMAL,N,603068,603099,603112,603118,603218,,,,
203,2777,603276,1675.7666666666667,NORMAL,N,603194,603220,603243,603250,603347,,,,
203,2778,603528,1676.4666666666667,NORMAL,N,603473,603482,603494,603505,603591,,,,
203,2779,603670,1676.861111111111,PVC,V,603579,603609,603630,603646,603686,,,,
203,2780,603777,1677.1583333333333,PVC,V,,,,603755,603801,603809,603844,603886,normal
203,2781,604024,1677.8444444444444,NORMAL,N,603927,603938,603954,603996,604075,,604081,604112,positive_monophasic
203,2782,604155,1678.2083333333333,NORMAL,N,,,,604136,604174,604199,604235,604254,normal
203,2783,604418,1678.9388888888889,NORMAL,N,604340,604352,604373,604394,604433,604461,604502,604516,normal
203,2784,604684,1679.6777777777777,NORMAL,N,604604,604629,604647,604658,604724,604726,604769,604800,normal
203,2785,605019,1680.6083333333333,NORMAL,N,604935,604957,604987,604993,605085,605100,605153,605171,inverted
203,2786,605337,1681.4916666666666,NORMAL,N,605240,605264,605281,605311,605352,605388,605422,605468,normal
203,2787,605674,1682.4277777777777,NORMAL,N,605556,605570,605600,605651,605736,,605754,605777,negative_monophasic
203,2788,605859,1682.9416666666666,NORMAL,N,605790,605795,605827,605836,605872,605895,605936,605963,normal
203,2789,606007,1683.3527777777779,NORMAL,N,,,,605980,606074,606077,606111,606125,inverted
203,2790,606210,1683.9166666666667,NORMAL,N,606131,606160,606172,606187,606275,606290,606315,606351,inverted
203,2791,606446,1684.5722222222223,NORMAL,N,606362,606376,606391,606421,606510,606525,606545,606552,inverted
203,2792,606641,1685.1138888888888,NORMAL,N,,,,606617,606656,,,,
203,2793,606772,1685.4777777777779,NORMAL,N,606681,606718,606737,606746,606785,606833,606855,606882,normal
203,2794,606971,1686.0305555555556,NORMAL,N,606896,606913,606927,606945,606983,607029,607054,607085,normal
203,2795,607129,1686.4694444444444,NORMAL,N,,,,607110,607200,607205,607219,607244,normal
203,2796,607459,1687.3861111111112,NORMAL,N,607359,607399,607413,607433,607473,607508,607549,607561,normal
203,2797,607742,1688.1722222222222,NORMAL,N,607666,607682,607698,607719,607805,,,,
203,2798,607878,1688.55,PVC,V,607792,607820,607841,607848,607900,607912,607947,607987,normal
203,2799,608068,1689.0777777777778,NORMAL,N,607988,608007,608036,608044,608138,608141,608166,608180,inverted
203,2800,608259,1689.6083333333333,NORMAL,N,608187,608197,608207,608233,608327,608330,608391,608402,inverted
203,2801,608506,1690.2944444444445,NORMAL,N,608434,608451,608471,608479,608520,608553,608584,608615,normal
203,2802,608781,1691.0583333333334,NORMAL,N,608651,608675,608689,608758,608845,608863,608918,608952,inverted
203,2803,609047,1691.7972222222222,NORMAL,N,608970,608981,609006,609019,609097,609099,609132,609170,normal
203,2804,609271,1692.4194444444445,NORMAL,N,609180,609191,609209,609243,609283,609315,609346,609371,normal
203,2805,609532,1693.1444444444444,NORMAL,N,609414,609449,609467,609494,609588,609590,609611,609631,normal
203,2806,609858,1694.05,NORMAL,N,609772,609795,609804,609832,609922,609941,609994,610014,inverted
203,2807,610183,1694.9527777777778,NORMAL,N,610095,610112,610128,610157,610198,610238,610267,610290,normal
203,2808,610520,1695.888888888889,NORMAL,N,610425,610446,610470,610497,610533,,,,
203,2809,610663,1696.286111111111,PVC,V,610581,610604,610627,610640,610680,,,,
203,2810,610763,1696.5638888888889,PVC,V,,,,610664,610790,,610791,610827,positive_monophasic
203,2811,610884,1696.9,PVC,V,,,,610862,610912,,,,
203,2812,611015,1697.263888888889,PVC,V,610930,610954,610982,610991,611039,611047,611085,611121,normal
203,2813,611222,1697.838888888889,NORMAL,N,,,,611197,611236,,611253,611313,positive_monophasic
203,2814,611466,1698.5166666666667,NORMAL,N,611360,611370,611380,611439,611529,611538,611589,611599,biphasic_positive_negative
203,2815,611758,1699.3277777777778,NORMAL,N,611650,611659,611671,611732,611818,611830,611842,611864,normal
203,2816,612012,1700.0333333333333,NORMAL,N,611892,611897,611925,611988,612078,,,,
203,2817,612146,1700.4055555555556,PVC,V,612070,612091,612115,612123,612211,612217,612258,612289,inverted
203,2818,612367,1701.0194444444444,NORMAL,N,,,,612345,612423,612429,612505,612525,biphasic_positive_negative
203,2819,612644,1701.7888888888888,NORMAL,N,612540,612575,612591,612619,612716,,,,
203,2820,612801,1702.225,NORMAL,N,612691,612718,612734,612773,612872,612876,612925,612975,inverted
203,2821,613084,1703.0111111111112,NORMAL,N,612998,613034,613045,613059,613148,,,,
203,2822,613395,1703.875,NORMAL,N,613310,613321,613332,613368,613410,613439,613479,613503,normal
203,2823,613676,1704.6555555555556,NORMAL,N,,,,613651,613690,613716,613757,613780,normal
203,2824,614034,1705.65,NORMAL,N,613966,613980,613994,614006,614106,,,,
203,2825,614445,1706.7916666666667,NORMAL,N,614351,614368,614385,614423,614490,614495,614529,614545,normal
203,2826,614721,1707.5583333333334,NORMAL,N,614625,614641,614656,614697,614780,614798,614840,614872,inverted
203,2827,614950,1708.1944444444443,NORMAL,N,614877,614888,614901,614926,614963,614992,615028,615064,normal
203,2828,615202,1708.8944444444444,NORMAL,N,615114,615122,615133,615178,615216,615249,615286,615306,normal
203,2829,615478,1709.661111111111,NORMAL,N,615395,615404,615414,615452,615529,615543,615557,615583,normal
203,2830,615781,1710.5027777777777,NORMAL,N,615689,615697,615703,615756,615795,615827,615869,615892,normal
203,2831,615949,1710.9694444444444,NORMAL,N,,,,615926,615965,615993,616037,616056,normal
203,2832,616220,1711.7222222222222,NORMAL,N,616089,616106,616134,616194,616234,616267,616321,616355,normal
203,2833,616451,1712.3638888888888,NORMAL,N,616363,616386,616419,616427,616464,616489,616525,616548,normal
203,2834,616838,1713.4388888888889,NORMAL,N,616765,616780,616798,616815,616888,616905,616932,616980,normal
203,2835,617060,1714.0555555555557,NORMAL,N,616985,616996,617017,617039,617132,617144,617192,617232,inverted
203,2836,617350,1714.861111111111,NORMAL,N,617253,617267,617283,617326,617414,617433,617454,617479,inverted
203,2837,617586,1715.5166666666667,NORMAL,N,617505,617517,617534,617561,617652,617673,617733,617775,inverted
203,2838,617863,1716.286111111111,NORMAL,N,617799,617817,617825,617837,617917,617920,617949,617962,normal
203,2839,618198,1717.2166666666667,NORMAL,N,618101,618111,618147,618172,618211,618245,618288,618302,normal
203,2840,618519,1718.1083333333333,NORMAL,N,618460,618470,618482,618496,618534,618584,618602,618665,normal
203,2841,618749,1718.7472222222223,NORMAL,N,,,,618726,618804,618815,618892,618908,biphasic_positive_negative
203,2842,618990,1719.4166666666667,NORMAL,N,618933,618942,618956,618964,619034,,,,
203,2843,619120,1719.7777777777778,PVC,V,619055,619073,619089,619095,619145,,,,
203,2844,619258,1720.161111111111,PVC,V,619162,619198,619224,619231,619279,619284,619323,619364,normal
203,2845,619499,1720.8305555555555,NORMAL,N,,,,619476,619513,,619556,619596,positive_monophasic
203,2846,619656,1721.2666666666667,NORMAL,N,,,,619626,619667,619690,619735,619750,normal
203,2847,619798,1721.661111111111,NORMAL,N,,,,619773,619869,,,,
203,2848,620023,1722.286111111111,NORMAL,N,619942,619957,619974,620001,620076,,,,
203,2849,620163,1722.675,PVC,V,,,,620130,620185,,,,
203,2850,620295,1723.0416666666667,PVC,V,620217,620239,620261,620266,620322,620329,620370,620413,normal
203,2851,620517,1723.6583333333333,NORMAL,N,,,,620491,620534,,620566,620608,positive_monophasic
203,2852,620925,1724.7916666666667,NORMAL,N,620830,620840,620852,620900,620940,620990,621014,621039,normal
203,2853,621203,1725.5638888888889,NORMAL,N,,,,621182,621219,621247,621290,621323,normal
203,2854,621727,1727.0194444444444,NORMAL,N,621665,621677,621693,621702,621778,621794,621825,621841,normal
203,2855,621980,1727.7222222222222,NORMAL,N,621844,621849,621896,621955,621997,622035,622067,622104,normal
203,2856,622260,1728.5,NORMAL,N,622152,622160,622173,622235,622273,,,,
203,2857,622401,1728.8916666666667,PVC,V,622327,622343,622359,622376,622416,622440,622477,622518,normal
203,2858,622585,1729.4027777777778,NORMAL,N,,,,622564,622604,,,,
203,2859,622711,1729.7527777777777,FUSION,F,622651,622672,622690,622696,622729,622769,622802,622826,normal
203,2860,622950,1730.4166666666667,NORMAL,N,,,,622922,623016,,,,
203,2861,623216,1731.1555555555556,NORMAL,N,623168,623175,623187,623214,623285,,,,
203,2862,623390,1731.638888888889,NORMAL,N,623273,623297,623330,623355,623403,623441,623466,623499,normal
203,2863,623598,1732.2166666666667,NORMAL,N,623508,623526,623552,623575,623666,623684,623708,623726,inverted
203,2864,623816,1732.8222222222223,NORMAL,N,623745,623760,623783,623792,623875,,,,
203,2865,623949,1733.1916666666666,PVC,V,623864,623898,623915,623922,623971,,623987,624024,positive_monophasic
203,2866,624069,1733.525,PVC,V,,,,624068,624093,,,,
203,2867,624143,1733.7305555555556,NORMAL,N,,,,,624192,,624202,624223,negative_monophasic
203,2868,624339,1734.275,NORMAL,N,624267,624289,624304,624312,624402,624420,624440,624467,inverted
203,2869,624596,1734.9888888888888,NORMAL,N,624483,624501,624509,624561,624640,,,,
203,2870,624743,1735.3972222222221,PVC,V,,,,624709,624758,624801,624825,624858,normal
203,2871,625013,1736.1472222222221,NORMAL,N,624937,624951,624968,624988,625066,625082,625136,625179,normal
203,2872,625313,1736.9805555555556,NORMAL,N,625184,625211,625224,625292,625327,625382,625414,625438,normal
203,2873,625534,1737.5944444444444,NORMAL,N,,,,625511,625548,625577,625611,625634,normal
203,2874,625847,1738.463888888889,NORMAL,N,625764,625788,625810,625823,625860,625916,625959,626019,normal
203,2875,626101,1739.1694444444445,NORMAL,N,,,,626075,626116,,,,
203,2876,626247,1739.575,NORMAL,N,626158,626188,626208,626220,626318,626337,626384,626431,inverted
203,2877,626597,1740.5472222222222,NORMAL,N,626500,626525,626547,626564,626656,626666,626708,626782,normal
203,2878,626933,1741.4805555555556,NORMAL,N,626828,626851,626879,626908,626946,626974,627018,627031,normal
203,2879,627080,1741.888888888889,PVC,V,,,,627057,627155,,627156,627192,negative_monophasic
203,2880,627421,1742.8361111111112,NORMAL,N,627328,627349,627376,627396,627469,627490,627525,627567,normal
203,2881,627762,1743.7833333333333,NORMAL,N,627667,627700,627727,627738,627832,,627844,627869,negative_monophasic
203,2882,627958,1744.3277777777778,NORMAL,N,,,,627920,627973,628005,628038,628072,normal
203,2883,628204,1745.0111111111112,NORMAL,N,628078,628115,628136,628179,628253,628262,628283,628295,normal
203,2884,628361,1745.4472222222223,NORMAL,N,,,,628332,628417,628419,628442,628457,normal
203,2885,628630,1746.1944444444443,NORMAL,N,628521,628536,628573,628606,628644,628692,628717,628734,normal
203,2886,628954,1747.0944444444444,NORMAL,N,628820,628837,628872,628928,629006,629017,629072,629114,normal
203,2887,629262,1747.95,NORMAL,N,629185,629194,629223,629238,629281,629305,629364,629386,normal
203,2888,629475,1748.5416666666667,NORMAL,N,629423,629427,629440,629450,629508,629529,629555,629591,normal
203,2889,629730,1749.25,NORMAL,N,629630,629641,629684,629708,629744,629776,629808,629833,normal
203,2890,629882,1749.6722222222222,NORMAL,N,,,,629857,629927,629937,629959,629971,normal
203,2891,630028,1750.0777777777778,NORMAL,N,,,,630006,630043,,630056,630105,positive_monophasic
203,2892,630166,1750.4611111111112,NORMAL,N,,,,630144,630180,,,,
203,2893,630287,1750.7972222222222,NORMAL,N,630229,630246,630259,630264,630356,,,,
203,2894,630517,1751.4361111111111,NORMAL,N,630416,630438,630473,630491,630532,,630569,630614,positive_monophasic
203,2895,630803,1752.2305555555556,NORMAL,N,630718,630748,630765,630777,630871,,,,
203,2896,631073,1752.9805555555556,NORMAL,N,630989,631001,631017,631049,631140,,631158,631188,negative_monophasic
203,2897,631304,1753.6222222222223,NORMAL,N,631199,631213,631243,631280,631317,631351,631387,631409,normal
203,2898,631532,1754.2555555555555,NORMAL,N,631444,631479,631488,631504,631544,631573,631608,631627,normal
203,2899,631762,1754.8944444444444,NORMAL,N,631649,631669,631694,631735,631829,631868,631888,631900,inverted
203,2900,631996,1755.5444444444445,NORMAL,N,631926,631938,631948,631974,632010,632046,632074,632109,normal
203,2901,632270,1756.3055555555557,NORMAL,N,632186,632213,632236,632245,632285,632317,632351,632383,normal
203,2902,632495,1756.9305555555557,NORMAL,N,632410,632422,632449,632470,632509,632539,632571,632598,normal
203,2903,632665,1757.4027777777778,NORMAL,N,,,,632609,632703,,,,
203,2904,632754,1757.65,NORMAL,N,632693,632717,632734,632740,632772,632794,632833,632859,normal
203,2905,632970,1758.25,NORMAL,N,632890,632902,632930,632950,632979,633024,633061,633083,normal
203,2906,633251,1759.0305555555556,NORMAL,N,633181,633198,633210,633233,633262,633263,633345,633388,biphasic_negative_positive
203,2907,633503,1759.7305555555556,NORMAL,N,633392,633412,633449,633479,633568,,,,
203,2908,633649,1760.1361111111112,NORMAL,N,633555,633577,633603,633618,633706,,,,
203,2909,633806,1760.5722222222223,NORMAL,N,633681,633720,633740,633780,633874,633875,633917,633935,inverted
203,2910,634086,1761.35,NORMAL,N,633963,633989,634004,634054,634099,,634129,634172,positive_monophasic
203,2911,634269,1761.8583333333333,NORMAL,N,,,,634246,634298,634328,634346,634384,normal
203,2912,634516,1762.5444444444445,NORMAL,N,634396,634408,634422,634485,634526,634562,634592,634616,normal
203,2913,634831,1763.4194444444445,NORMAL,N,634744,634753,634768,634804,634845,634867,634916,634929,normal
203,2914,635038,1763.9944444444445,NORMAL,N,634954,634975,635000,635016,635053,635085,635119,635142,normal
203,2915,635320,1764.7777777777778,NORMAL,N,635232,635245,635273,635294,635335,635372,635405,635432,normal
203,2916,635472,1765.2,PVC,V,,,,635446,635547,,635548,635590,negative_monophasic
203,2917,635762,1766.0055555555555,NORMAL,N,635656,635668,635685,635744,635782,635798,635849,635856,normal
203,2918,635974,1766.5944444444444,NORMAL,N,635892,635911,635929,635952,635987,,,,
203,2919,636115,1766.986111111111,NORMAL,N,636030,636050,636074,636090,636183,,,,
203,2920,636230,1767.3055555555557,NORMAL,N,,,,636204,636241,636261,636293,636312,normal
203,2921,636453,1767.925,NORMAL,N,636361,636378,636410,636429,636467,636513,636538,636614,normal
203,2922,636719,1768.6638888888888,NORMAL,N,636633,636652,636669,636695,636786,636805,636842,636876,inverted
203,2923,637096,1769.7111111111112,NORMAL,N,,,,637066,637109,637137,637183,637203,normal
203,2924,637476,1770.7666666666667,NORMAL,N,,,,637452,637490,637536,637566,637588,normal
203,2925,637743,1771.5083333333334,NORMAL,N,637626,637637,637666,637718,637758,637791,637822,637867,normal
203,2926,637980,1772.1666666666667,NORMAL,N,637921,637933,637947,637956,638033,,,,
203,2927,638114,1772.5388888888888,PVC,V,638025,638056,638078,638085,638130,638145,638182,638228,normal
203,2928,638341,1773.1694444444445,NORMAL,N,,,,638316,638388,638393,638415,638427,normal
203,2929,638589,1773.8583333333333,NORMAL,N,638451,638462,638480,638562,638649,638669,638711,638733,inverted
203,2930,638852,1774.588888888889,NORMAL,N,638752,638791,638807,638827,638866,638894,638930,638954,normal
203,2931,639139,1775.3861111111112,NORMAL,N,639051,639062,639078,639114,639153,639196,639228,639267,normal
203,2932,639408,1776.1333333333334,NORMAL,N,639280,639293,639315,639381,639468,,,,
203,2933,639557,1776.5472222222222,NORMAL,N,,,,639528,639570,639591,639632,639672,normal
203,2934,639860,1777.388888888889,NORMAL,N,639771,639792,639809,639833,639872,639903,639939,639958,normal
203,2935,640051,1777.9194444444445,NORMAL,N,,,,640028,640123,,,,
203,2936,640200,1778.3333333333333,NORMAL,N,640097,640126,640146,640175,640267,,,,
203,2937,640533,1779.2583333333334,NORMAL,N,640432,640454,640478,640507,640590,640603,640618,640647,normal
203,2938,640769,1779.9138888888888,NORMAL,N,640651,640678,640695,640743,640780,640803,640840,640866,normal
203,2939,640927,1780.3527777777779,NORMAL,N,,,,640900,640992,,,,
203,2940,641045,1780.6805555555557,NORMAL,N,640964,640995,641015,641020,641114,641117,641139,641159,inverted
203,2941,641303,1781.3972222222221,NORMAL,N,641222,641234,641245,641278,641318,641352,641384,641405,normal
203,2942,641503,1781.9527777777778,NORMAL,N,641432,641438,641454,641483,641570,,641582,641617,negative_monophasic
203,2943,641708,1782.5222222222221,NORMAL,N,,,,641683,641765,641772,641851,641883,biphasic_positive_negative
203,2944,641972,1783.2555555555555,NORMAL,N,641890,641911,641933,641945,642038,642044,642128,642147,biphasic_positive_negative
203,2945,642221,1783.9472222222223,NORMAL,N,,,,642195,642235,642271,642299,642332,normal
203,2946,642431,1784.5305555555556,NORMAL,N,642369,642384,642395,642407,642503,642506,642562,642605,inverted
203,2947,642729,1785.3583333333333,NORMAL,N,642642,642668,642682,642705,642782,642790,642810,642850,normal
203,2948,643052,1786.2555555555555,NORMAL,N,642976,642986,642996,643027,643065,643100,643134,643166,normal
203,2949,643367,1787.1305555555555,NORMAL,N,643312,643321,643335,643343,643380,643406,643446,643489,normal
203,2950,643615,1787.8194444444443,NORMAL,N,643543,643550,643571,643590,643687,643704,643752,643777,inverted
203,2951,643851,1788.475,NORMAL,N,643781,643788,643805,643824,643913,643923,643929,643935,normal
203,2952,644001,1788.8916666666667,NORMAL,N,,,,643968,644055,,644056,644089,positive_monophasic
203,2953,644143,1789.286111111111,NORMAL,N,,,,644116,644213,,,,
203,2954,644269,1789.6361111111112,NORMAL,N,644186,644214,644229,644240,644337,,,,
203,2955,644533,1790.3694444444445,NORMAL,N,,,,644508,644545,,644566,644621,positive_monophasic
203,2956,644681,1790.7805555555556,PVC,V,,,,644648,644707,644716,644746,644795,normal
203,2957,644895,1791.375,NORMAL,N,644804,644839,644850,644872,644909,,644944,644987,positive_monophasic
203,2958,645050,1791.8055555555557,NORMAL,N,,,,645027,645117,645128,645148,645161,inverted
203,2959,645244,1792.3444444444444,NORMAL,N,,,,645210,645285,645299,645326,645337,normal
203,2960,645415,1792.8194444444443,NORMAL,N,645341,645352,645374,645392,645487,645492,645519,645543,inverted
203,2961,645640,1793.4444444444443,NORMAL,N,645544,645549,645572,645617,645654,645681,645732,645760,normal
203,2962,645917,1794.213888888889,NORMAL,N,645816,645845,645874,645891,645979,,,,
203,2963,646066,1794.6277777777777,NORMAL,N,645963,645999,646016,646038,646126,,,,
203,2964,646224,1795.0666666666666,NORMAL,N,646105,646147,646168,646201,646238,646265,646302,646349,normal
203,2965,646478,1795.7722222222221,NORMAL,N,,,,646455,646494,646535,646571,646581,normal
203,2966,646629,1796.1916666666666,NORMAL,N,,,,646604,646695,,,,
203,2967,646880,1796.888888888889,NORMAL,N,646786,646799,646823,646855,646896,,646928,646969,positive_monophasic
203,2968,647142,1797.6166666666666,NORMAL,N,647042,647056,647092,647117,647213,647226,647289,647312,inverted
203,2969,647440,1798.4444444444443,NORMAL,N,647350,647362,647391,647417,647504,647512,647560,647588,biphasic_positive_negative
203,2970,647683,1799.1194444444445,NORMAL,N,647594,647618,647637,647661,647698,647725,647762,647786,normal
203,2971,648059,1800.1638888888888,NORMAL,N,647987,648002,648019,648034,648117,648119,648145,648161,normal
203,2972,648301,1800.8361111111112,NORMAL,N,648214,648232,648247,648278,648342,648345,648392,648420,normal
203,2973,648673,1801.8694444444445,NORMAL,N,648541,648575,648591,648650,648686,648724,648757,648783,normal
203,2974,649019,1802.8305555555555,NORMAL,N,,,,648997,649032,649069,649096,649126,normal
203,2975,649239,1803.4416666666666,NORMAL,N,649163,649185,649208,649218,649305,,649319,649351,negative_monophasic
203,2976,649450,1804.0277777777778,NORMAL,N,649387,649405,649417,649427,649500,649502,649531,649551,normal
