record,beat_number,qrs_sample,qrs_seconds,qrs_annotation,qrs_symbol,p_onset_sample,p_peak_sample,p_offset_sample,qrs_onset_sample,qrs_offset_sample,t_onset_sample,t_peak_sample,t_offset_sample,t_wave_type
213,1,253,0.7027777777777777,NORMAL,N,151,185,206,228,269,303,335,370,normal
213,2,478,1.3277777777777777,NORMAL,N,417,430,443,464,494,527,572,601,normal
213,3,673,1.8694444444444445,NORMAL,N,611,622,637,659,690,724,764,802,normal
213,4,873,2.425,NORMAL,N,809,821,835,858,890,923,964,1004,normal
213,5,1076,2.988888888888889,NORMAL,N,1014,1026,1040,1062,1093,1122,1164,1199,normal
213,6,1273,3.536111111111111,NORMAL,N,1210,1222,1236,1258,1290,1325,1364,1397,normal
213,7,1466,4.072222222222222,NORMAL,N,1406,1417,1431,1453,1482,1516,1551,1587,normal
213,8,1655,4.597222222222222,NORMAL,N,1594,1605,1618,1632,1672,1703,1743,1781,normal
213,9,1849,5.136111111111111,NORMAL,N,1790,1802,1814,1836,1867,1899,1938,1973,normal
213,10,2047,5.686111111111111,NORMAL,N,1982,1996,2009,2032,2063,2098,2135,2167,normal
213,11,2237,6.213888888888889,NORMAL,N,2175,2186,2200,2222,2252,2281,2322,2362,normal
213,12,2433,6.758333333333334,NORMAL,N,2371,2383,2397,2420,2451,2481,2522,2557,normal
213,13,2632,7.311111111111111,NORMAL,N,2567,2580,2594,2617,2649,2685,2724,2760,normal
213,14,2833,7.8694444444444445,NORMAL,N,2768,2780,2795,2818,2849,2881,2918,2952,normal
213,15,3021,8.391666666666667,NORMAL,N,2961,2973,2986,3007,3038,3069,3107,3147,normal
213,16,3219,8.941666666666666,NORMAL,N,3156,3169,3182,3205,3236,3266,3304,3338,normal
213,17,3408,9.466666666666667,NORMAL,N,3347,3359,3373,3394,3425,3460,3497,3532,normal
213,18,3603,10.008333333333333,NORMAL,N,3540,3552,3566,3589,3620,3650,3692,3734,normal
213,19,3806,10.572222222222223,NORMAL,N,3742,3754,3767,3792,3824,3856,3898,3936,normal
213,20,4008,11.133333333333333,NORMAL,N,3944,3956,3970,3993,4024,4058,4096,4132,normal
213,21,4201,11.669444444444444,NORMAL,N,4140,4150,4164,4186,4218,4250,4291,4331,normal
213,22,4401,12.225,NORMAL,N,4339,4351,4364,4387,4418,4447,4487,4521,normal
213,23,4592,12.755555555555556,NORMAL,N,4530,4542,4556,4577,4609,4645,4683,4717,normal
213,24,4784,13.28888888888889,NORMAL,N,4725,4735,4749,4771,4800,4834,4872,4906,normal
213,25,4976,13.822222222222223,NORMAL,N,4914,4925,4939,4961,4994,5025,5064,5102,normal
213,26,5172,14.366666666666667,NORMAL,N,5112,5124,5137,5159,5190,5220,5262,5298,normal
213,27,5374,14.927777777777777,NORMAL,N,5309,5322,5336,5360,5392,5426,5465,5499,normal
213,28,5571,15.475,NORMAL,N,5508,5519,5533,5547,5588,5623,5661,5700,normal
213,29,5771,16.030555555555555,NORMAL,N,5707,5720,5734,5758,5788,5817,5855,5891,normal
213,30,5963,16.56388888888889,NORMAL,N,5902,5913,5927,5948,5980,6012,6053,6086,normal
213,31,6156,17.1,NORMAL,N,6095,6106,6120,6142,6173,6206,6242,6277,normal
213,32,6347,17.630555555555556,NORMAL,N,6286,6297,6311,6333,6363,6392,6432,6472,normal
213,33,6543,18.175,NORMAL,N,6481,6493,6507,6520,6561,6591,6632,6668,normal
213,34,6742,18.727777777777778,NORMAL,N,6678,6691,6705,6727,6759,6793,6832,6869,normal
213,35,6942,19.283333333333335,NORMAL,N,6878,6890,6904,6927,6958,6990,7029,7066,normal
213,36,7135,19.819444444444443,NORMAL,N,7073,7085,7098,7120,7151,7183,7224,7264,normal
213,37,7333,20.369444444444444,NORMAL,N,7272,7285,7298,7320,7350,7380,7417,7451,normal
213,38,7522,20.894444444444446,NORMAL,N,7460,7472,7485,7508,7538,7572,7611,7647,normal
213,39,7715,21.430555555555557,NORMAL,N,7656,7667,7680,7700,7732,7763,7802,7841,normal
213,40,7914,21.983333333333334,NORMAL,N,7850,7863,7877,7900,7932,7964,8004,8037,normal
213,41,8107,22.519444444444446,NORMAL,N,8047,8058,8071,8093,8124,8159,8196,8232,normal
213,42,8302,23.06111111111111,NORMAL,N,8240,8251,8265,8287,8319,8354,8391,8427,normal
213,43,8497,23.602777777777778,NORMAL,N,8434,8445,8459,8483,8515,8550,8589,8628,normal
213,44,8699,24.163888888888888,NORMAL,N,8636,8648,8662,8685,8717,8748,8788,8824,normal
213,45,8899,24.719444444444445,NORMAL,N,8837,8849,8861,8885,8916,8950,8989,9023,normal
213,46,9095,25.26388888888889,NORMAL,N,9032,9044,9057,9081,9112,9145,9181,9217,normal
213,47,9284,25.788888888888888,NORMAL,N,9224,9235,9249,9271,9300,9332,9369,9409,normal
213,48,9481,26.336111111111112,NORMAL,N,9418,9430,9443,9467,9499,9530,9570,9605,normal
213,49,9682,26.894444444444446,NORMAL,N,9617,9629,9643,9666,9698,9732,9773,9809,normal
213,50,9882,27.45,NORMAL,N,9818,9830,9845,9868,9898,9934,9970,10007,normal
213,51,10075,27.98611111111111,NORMAL,N,10014,10025,10038,10061,10092,10122,10162,10201,normal
213,52,10274,28.538888888888888,NORMAL,N,10211,10224,10237,10259,10291,10322,10359,10392,normal
213,53,10462,29.06111111111111,NORMAL,N,10401,10413,10427,10448,10478,10514,10552,10589,normal
213,54,10656,29.6,NORMAL,N,10597,10608,10621,10641,10672,10701,10739,10779,normal
213,55,10850,30.13888888888889,NORMAL,N,10787,10800,10814,10836,10867,10898,10938,10974,normal
213,56,11042,30.67222222222222,NORMAL,N,10983,10995,11008,11029,11058,11090,11129,11164,normal
213,57,11236,31.211111111111112,NORMAL,N,11172,11184,11198,11222,11254,11288,11326,11365,normal
213,58,11433,31.758333333333333,NORMAL,N,11372,11383,11397,11418,11451,11483,11524,11562,normal
213,59,11636,32.32222222222222,NORMAL,N,11573,11586,11599,11622,11653,11687,11725,11759,normal
213,60,11827,32.852777777777774,NORMAL,N,11767,11777,11791,11813,11844,11877,11915,11952,normal
213,61,12022,33.394444444444446,NORMAL,N,11959,11971,11985,12006,12038,12070,12107,12145,normal
213,62,12214,33.92777777777778,NORMAL,N,12153,12165,12177,12200,12231,12264,12301,12339,normal
213,63,12409,34.46944444444444,NORMAL,N,12347,12359,12373,12395,12427,12463,12500,12535,normal
213,64,12606,35.016666666666666,NORMAL,N,12544,12556,12570,12592,12623,12658,12696,12736,normal
213,65,12808,35.577777777777776,NORMAL,N,12743,12756,12770,12794,12826,12858,12897,12935,normal
213,66,13006,36.12777777777778,NORMAL,N,12945,12957,12969,12991,13023,13057,13094,13130,normal
213,67,13203,36.675,NORMAL,N,13139,13152,13166,13189,13220,13252,13288,13326,normal
213,68,13391,37.19722222222222,NORMAL,N,13333,13344,13357,13377,13407,13439,13479,13518,normal
213,69,13585,37.736111111111114,NORMAL,N,13525,13537,13550,13571,13601,13630,13669,13709,normal
213,70,13781,38.28055555555556,NORMAL,N,13718,13730,13744,13767,13799,13831,13872,13908,normal
213,71,13978,38.827777777777776,NORMAL,N,13918,13930,13943,13964,13995,14028,14065,14100,normal
213,72,14174,39.37222222222222,NORMAL,N,14110,14122,14136,14158,14190,14227,14265,14301,normal
213,73,14369,39.91388888888889,NORMAL,N,14309,14320,14334,14355,14386,14419,14456,14496,normal
213,74,14568,40.46666666666667,NORMAL,N,14506,14518,14531,14554,14586,14619,14659,14693,normal
213,75,14763,41.00833333333333,NORMAL,N,14702,14714,14728,14749,14780,14814,14851,14887,normal
213,76,14957,41.547222222222224,NORMAL,N,14895,14906,14920,14942,14974,15007,15044,15080,normal
213,77,15146,42.07222222222222,NORMAL,N,15087,15097,15111,15132,15162,15192,15231,15270,normal
213,78,15339,42.608333333333334,NORMAL,N,15278,15289,15302,15324,15356,15387,15427,15463,normal
213,79,15535,43.15277777777778,NORMAL,N,15473,15484,15499,15521,15553,15588,15628,15664,normal
213,80,15736,43.71111111111111,NORMAL,N,15672,15684,15698,15722,15754,15790,15828,15862,normal
213,81,15929,44.24722222222222,NORMAL,N,15869,15879,15893,15915,15945,15978,16016,16055,normal
213,82,16127,44.797222222222224,NORMAL,N,16064,16075,16089,16113,16145,16175,16213,16251,normal
213,83,16320,45.333333333333336,NORMAL,N,16260,16272,16285,16307,16336,16369,16408,16442,normal
213,84,16512,45.86666666666667,NORMAL,N,16450,16462,16476,16498,16529,16561,16599,16635,normal
213,85,16706,46.40555555555556,NORMAL,N,16643,16655,16668,16692,16723,16756,16796,16834,normal
213,86,16905,46.958333333333336,NORMAL,N,16844,16856,16870,16892,16921,16953,16990,17026,normal
213,87,17095,47.486111111111114,NORMAL,N,17033,17044,17058,17081,17112,17148,17187,17227,normal
213,88,17296,48.044444444444444,NORMAL,N,17234,17246,17260,17282,17313,17343,17384,17423,normal
213,89,17499,48.608333333333334,NORMAL,N,17435,17448,17461,17485,17516,17551,17592,17627,normal
213,90,17695,49.15277777777778,NORMAL,N,17635,17646,17660,17681,17711,17743,17780,17817,normal
213,91,17886,49.68333333333333,NORMAL,N,17826,17837,17851,17871,17904,17935,17975,18011,normal
213,92,18081,50.225,NORMAL,N,18020,18031,18045,18067,18098,18130,18169,18204,normal
213,93,18272,50.75555555555555,NORMAL,N,18212,18223,18237,18258,18289,18321,18361,18400,normal
213,94,18472,51.31111111111111,NORMAL,N,18409,18421,18433,18457,18490,18522,18563,18598,normal
213,95,18671,51.86388888888889,NORMAL,N,18608,18620,18635,18657,18688,18727,18764,18798,normal
213,96,18866,52.40555555555556,NORMAL,N,18806,18816,18830,18852,18882,18917,18954,18989,normal
213,97,19061,52.94722222222222,NORMAL,N,18996,19008,19023,19045,19078,19109,19148,19187,normal
213,98,19253,53.480555555555554,NORMAL,N,19195,19207,19219,19239,19271,19299,19338,19373,normal
213,99,19446,54.016666666666666,NORMAL,N,19383,19396,19409,19432,19463,19497,19534,19567,normal
213,100,19636,54.544444444444444,NORMAL,N,19575,19586,19600,19621,19652,19682,19722,19761,normal
213,101,19834,55.09444444444444,NORMAL,N,19772,19784,19798,19820,19851,19881,19920,19954,normal
213,102,20026,55.62777777777778,NORMAL,N,19963,19975,19989,20012,20042,20077,20117,20152,normal
213,103,20223,56.175,NORMAL,N,20161,20173,20186,20208,20239,20270,20309,20347,normal
213,104,20418,56.71666666666667,NORMAL,N,20355,20367,20381,20404,20434,20470,20509,20547,normal
213,105,20615,57.263888888888886,NORMAL,N,20555,20565,20579,20601,20632,20661,20699,20738,normal
213,106,20809,57.80277777777778,NORMAL,N,20748,20760,20772,20795,20827,20857,20899,20933,normal
213,107,21004,58.34444444444444,NORMAL,N,20943,20954,20968,20990,21020,21054,21092,21126,normal
213,108,21192,58.86666666666667,NORMAL,N,21134,21144,21157,21178,21209,21243,21281,21318,normal
213,109,21387,59.40833333333333,NORMAL,N,21325,21337,21351,21373,21405,21440,21479,21519,normal
213,110,21591,59.975,NORMAL,N,21527,21539,21553,21577,21609,21642,21683,21721,normal
213,111,21791,60.53055555555556,FUSION,F,21733,21745,21758,21772,21809,21843,21880,21909,normal
213,112,21991,61.08611111111111,NORMAL,N,21926,21939,21953,21976,22007,22044,22082,22116,normal
213,113,22185,61.625,NORMAL,N,22124,22136,22150,22172,22200,22233,22269,22303,normal
213,114,22375,62.15277777777778,NORMAL,N,22312,22324,22337,22359,22391,22424,22462,22499,normal
213,115,22571,62.69722222222222,NORMAL,N,22510,22522,22535,22557,22589,,,,
213,116,22728,63.13333333333333,APC,A,22628,22660,22687,22712,22745,22781,22813,22847,normal
213,117,22953,63.75833333333333,NORMAL,N,22892,22905,22917,22938,22969,23006,23049,23081,normal
213,118,23154,64.31666666666666,NORMAL,N,23090,23102,23117,23140,23171,23203,23242,23279,normal
213,119,23351,64.8638888888889,NORMAL,N,23286,23299,23314,23335,23368,23399,23440,23480,normal
213,120,23554,65.42777777777778,NORMAL,N,23491,23504,23518,23540,23571,23602,23639,23672,normal
213,121,23744,65.95555555555555,NORMAL,N,23681,23694,23708,23729,23760,23793,23832,23867,normal
213,122,23936,66.4888888888889,NORMAL,N,23875,23887,23902,23922,23953,23983,24020,24058,normal
213,123,24127,67.01944444444445,NORMAL,N,24066,24078,24091,24113,24144,24174,24216,24251,normal
213,124,24328,67.57777777777778,NORMAL,N,24263,24276,24290,24313,24345,24378,24418,24454,normal
213,125,24526,68.12777777777778,NORMAL,N,24463,24475,24489,24512,24543,24579,24618,24655,normal
213,126,24725,68.68055555555556,NORMAL,N,24663,24674,24689,24701,24742,24772,24811,24849,normal
213,127,24921,69.225,NORMAL,N,24859,24871,24883,24906,24938,24969,25010,25046,normal
213,128,25116,69.76666666666667,NORMAL,N,25056,25068,25082,25102,25132,25166,25202,25235,normal
213,129,25305,70.29166666666667,NORMAL,N,25243,25253,25267,25291,25322,25359,25396,25431,normal
213,130,25497,70.825,NORMAL,N,25438,25449,25463,25484,25515,25545,25584,25625,normal
213,131,25697,71.38055555555556,NORMAL,N,25633,25645,25659,25681,25714,25744,25787,25822,normal
213,132,25894,71.92777777777778,NORMAL,N,25831,25843,25857,25879,25911,25945,25983,26019,normal
213,133,26091,72.475,NORMAL,N,26026,26039,26053,26077,26109,26145,26182,26217,normal
213,134,26287,73.01944444444445,NORMAL,N,26225,26236,26251,26273,26304,26339,26379,26417,normal
213,135,26486,73.57222222222222,NORMAL,N,26424,26434,26448,26470,26503,26533,26570,26609,normal
213,136,26681,74.1138888888889,NORMAL,N,26620,26631,26644,26666,26698,26728,26770,26806,normal
213,137,26881,74.66944444444445,NORMAL,N,26817,26830,26844,26867,26897,26929,26968,27000,normal
213,138,27069,75.19166666666666,NORMAL,N,27008,27019,27033,27055,27085,27120,27157,27193,normal
213,139,27262,75.72777777777777,NORMAL,N,27201,27213,27226,27248,27279,27310,27351,27390,normal
213,140,27462,76.28333333333333,NORMAL,N,27399,27412,27425,27447,27479,27512,27553,27590,normal
213,141,27662,76.83888888888889,NORMAL,N,27598,27611,27625,27648,27679,27713,27750,27785,normal
213,142,27855,77.375,NORMAL,N,27793,27804,27819,27840,27871,27904,27943,27982,normal
213,143,28050,77.91666666666667,NORMAL,N,27990,28001,28014,28036,28067,28097,28135,28170,normal
213,144,28241,78.44722222222222,NORMAL,N,28180,28192,28206,28227,28258,28294,28332,28366,normal
213,145,28435,78.98611111111111,NORMAL,N,28374,28385,28399,28421,28451,28485,28522,28560,normal
213,146,28629,79.525,NORMAL,N,28567,28577,28591,28615,28646,28679,28717,28757,normal
213,147,28824,80.06666666666666,NORMAL,N,28765,28777,28789,28810,28842,28871,28911,28946,normal
213,148,29021,80.6138888888889,NORMAL,N,28955,28968,28982,29006,29037,29073,29111,29146,normal
213,149,29216,81.15555555555555,NORMAL,N,29154,29165,29179,29202,29233,29271,29308,29347,normal
213,150,29418,81.71666666666667,NORMAL,N,29354,29366,29380,29404,29435,29467,29505,29543,normal
213,151,29618,82.27222222222223,NORMAL,N,29555,29568,29581,29603,29634,29669,29707,29741,normal
213,152,29813,82.81388888888888,NORMAL,N,29750,29762,29777,29798,29829,29865,29902,29937,normal
213,153,30006,83.35,NORMAL,N,29945,29956,29970,29991,30022,30054,30093,30132,normal
213,154,30206,83.90555555555555,NORMAL,N,30143,30155,30169,30192,30223,30256,30296,30331,normal
213,155,30406,84.46111111111111,NORMAL,N,30343,30355,30369,30392,30424,30460,30500,30536,normal
213,156,30610,85.02777777777777,NORMAL,N,30546,30557,30572,30596,30626,30662,30698,30734,normal
213,157,30802,85.56111111111112,NORMAL,N,30741,30753,30766,30778,30819,30849,30890,30930,normal
213,158,31003,86.11944444444444,NORMAL,N,30942,30954,30967,30989,31021,31055,31092,31125,normal
213,159,31194,86.65,NORMAL,N,31133,31144,31158,31180,31211,31246,31284,31320,normal
213,160,31389,87.19166666666666,NORMAL,N,31328,31340,31354,31375,31406,31437,31475,31514,normal
213,161,31586,87.7388888888889,NORMAL,N,31523,31535,31548,31572,31604,31638,31677,31710,normal
213,162,31782,88.28333333333333,NORMAL,N,31721,31733,31746,31768,31799,31832,31869,31905,normal
213,163,31977,88.825,NORMAL,N,31914,31925,31940,31963,31994,32028,32067,32107,normal
213,164,32177,89.38055555555556,NORMAL,N,32115,32127,32141,32161,32194,32225,32266,32303,normal
213,165,32378,89.93888888888888,NORMAL,N,32313,32326,32339,32363,32395,32428,32466,32501,normal
213,166,32569,90.46944444444445,NORMAL,N,32509,32520,32534,32556,32586,32620,32658,32694,normal
213,167,32765,91.01388888888889,NORMAL,N,32702,32714,32727,32748,32781,32812,32851,32890,normal
213,168,32960,91.55555555555556,NORMAL,N,32900,32912,32925,32946,32978,33008,33047,33082,normal
213,169,33153,92.09166666666667,NORMAL,N,33091,33103,33117,33139,33169,33201,33240,33278,normal
213,170,33349,92.6361111111111,NORMAL,N,33285,33296,33310,33334,33364,33401,33439,33478,normal
213,171,33550,93.19444444444444,NORMAL,N,33487,33498,33512,33535,33567,33599,33638,33676,normal
213,172,33748,93.74444444444444,NORMAL,N,33686,33699,33713,33734,33765,33798,33839,33874,normal
213,173,33945,94.29166666666667,NORMAL,N,33882,33894,33908,33931,33962,33998,34033,34069,normal
213,174,34135,94.81944444444444,NORMAL,N,34077,34088,34100,34123,34151,34183,34222,34258,normal
213,175,34334,95.37222222222222,NORMAL,N,34271,34284,34298,34320,34351,34386,34424,34458,normal
213,176,34530,95.91666666666667,NORMAL,N,34466,34478,34492,34515,34547,34584,34622,34660,normal
213,177,34728,96.46666666666667,NORMAL,N,34668,34679,34693,34714,34744,34775,34813,34852,normal
213,178,34927,97.01944444444445,NORMAL,N,34863,34876,34890,34913,34945,34978,35018,35053,normal
213,179,35123,97.56388888888888,NORMAL,N,35061,35072,35087,35108,35140,35174,35212,35250,normal
213,180,35323,98.11944444444444,NORMAL,N,35258,35270,35285,35309,35340,35373,35413,35452,normal
213,181,35523,98.675,NORMAL,N,35461,35473,35486,35509,35539,35567,35610,35646,normal
213,182,35720,99.22222222222223,NORMAL,N,35656,35669,35683,35706,35737,35772,35809,35844,normal
213,183,35912,99.75555555555556,NORMAL,N,35852,35863,35876,35898,35928,35958,35996,36036,normal
213,184,36105,100.29166666666667,NORMAL,N,36044,36056,36069,36091,36123,36153,36195,36231,normal
213,185,36304,100.84444444444445,NORMAL,N,36240,36253,36267,36289,36322,36359,36397,36434,normal
213,186,36506,101.40555555555555,NORMAL,N,36443,36454,36469,36492,36522,36557,36595,36632,normal
213,187,36697,101.93611111111112,NORMAL,N,36638,36649,36662,36684,36714,36744,36784,36824,normal
213,188,36899,102.49722222222222,NORMAL,N,36836,36848,36862,36885,36916,36950,36989,37019,normal
213,189,37088,103.02222222222223,NORMAL,N,37027,37038,37051,37074,37103,37139,37176,37213,normal
213,190,37283,103.56388888888888,NORMAL,N,37221,37231,37246,37269,37300,37334,37373,37407,normal
213,191,37477,104.10277777777777,NORMAL,N,37414,37426,37440,37463,37493,37523,37564,37604,normal
213,192,37676,104.65555555555555,NORMAL,N,37614,37626,37640,37662,37693,37721,37762,37798,normal
213,193,37872,105.2,NORMAL,N,37807,37820,37834,37857,37889,37927,37965,37999,normal
213,194,38069,105.74722222222222,NORMAL,N,38007,38018,38033,38055,38086,38122,38160,38196,normal
213,195,38268,106.3,NORMAL,N,38204,38216,38229,38253,38285,38316,38357,38398,normal
213,196,38466,106.85,NORMAL,N,38407,38419,38431,38453,38484,38515,38554,38589,normal
213,197,38661,107.39166666666667,NORMAL,N,38597,38610,38624,38647,38679,38715,38754,38787,normal
213,198,38856,107.93333333333334,NORMAL,N,38796,38806,38820,38842,38873,38907,38945,38980,normal
213,199,39049,108.46944444444445,NORMAL,N,38988,39000,39013,39035,39066,39098,39137,39176,normal
213,200,39249,109.025,NORMAL,N,39187,39199,39212,39234,39267,39298,39340,39375,normal
213,201,39447,109.575,NORMAL,N,39384,39396,39410,39433,39464,39500,39538,39574,normal
213,202,39643,110.11944444444444,NORMAL,N,39581,39592,39606,39629,39659,39690,39730,39771,normal
213,203,39843,110.675,FUSION,F,39779,39791,39805,39829,39860,39894,39935,39969,normal
213,204,40036,111.21111111111111,NORMAL,N,39977,39989,40002,40023,40053,40086,40125,40160,normal
213,205,40230,111.75,NORMAL,N,40167,40179,40192,40215,40246,40279,40316,40353,normal
213,206,40421,112.28055555555555,NORMAL,N,40360,40371,40384,40407,40438,40469,40509,40549,normal
213,207,40621,112.83611111111111,NORMAL,N,40559,40572,40586,40608,40639,40670,40708,40740,normal
213,208,40811,113.3638888888889,NORMAL,N,40748,40760,40774,40796,40827,40863,40902,40938,normal
213,209,41006,113.90555555555555,NORMAL,N,40946,40958,40970,40992,41024,41053,41093,41132,normal
213,210,41206,114.46111111111111,NORMAL,N,41142,41155,41168,41191,41224,41258,41298,41332,normal
213,211,41403,115.00833333333334,NORMAL,N,41341,41352,41366,41388,41419,41451,41488,41525,normal
213,212,41595,115.54166666666667,NORMAL,N,41532,41544,41558,41581,41612,41644,41683,41723,normal
213,213,41791,116.08611111111111,NORMAL,N,41731,41743,41756,41777,41807,41836,41876,41910,normal
213,214,41981,116.6138888888889,NORMAL,N,41919,41931,41945,41967,41998,42032,42070,42107,normal
213,215,42177,117.15833333333333,NORMAL,N,42115,42126,42140,42163,42195,42230,42271,42308,normal
213,216,42380,117.72222222222223,NORMAL,N,42316,42329,42342,42366,42398,42431,42470,42511,normal
213,217,42582,118.28333333333333,FUSION,F,42520,42532,42545,42568,42599,42635,42673,42707,normal
213,218,42777,118.825,NORMAL,N,42715,42726,42740,42762,42794,42829,42868,42903,normal
213,219,42970,119.36111111111111,FUSION,F,42911,42922,42936,42946,42983,43026,43064,43090,normal
213,220,43165,119.90277777777777,NORMAL,N,43100,43115,43129,43151,43183,43213,43252,43290,normal
213,221,43362,120.45,FUSION,F,43302,43314,43329,43338,43376,43378,43462,43488,biphasic_negative_positive
213,222,43560,121.0,NORMAL,N,43497,43510,43523,43546,43577,43611,43648,43683,normal
213,223,43742,121.50555555555556,PVC,V,,,,43693,43765,43767,43799,43848,inverted
213,224,43953,122.09166666666667,NORMAL,N,43889,43902,43915,43939,43970,43998,44042,44079,normal
213,225,44158,122.66111111111111,FUSION,F,44095,44108,44125,44132,44173,44175,44260,44284,biphasic_negative_positive
213,226,44355,123.20833333333333,NORMAL,N,44294,44306,44320,44341,44372,44405,44443,44478,normal
213,227,44550,123.75,FUSION,F,44487,44499,44513,44531,44563,44608,44644,44674,normal
213,228,44747,124.29722222222222,NORMAL,N,44686,44699,44712,44733,44764,44798,44835,44869,normal
213,229,44939,124.83055555555555,FUSION,F,44877,44889,44903,44925,44951,44995,45033,45063,normal
213,230,45135,125.375,NORMAL,N,45071,45083,45097,45120,45151,45186,45226,45263,normal
213,231,45333,125.925,NORMAL,N,45270,45281,45296,45318,45349,45386,45426,45461,normal
213,232,45530,126.47222222222223,NORMAL,N,45469,45480,45494,45516,45545,45580,45621,45656,normal
213,233,45728,127.02222222222223,FUSION,F,45664,45676,45691,45714,45740,45776,45819,45854,normal
213,234,45921,127.55833333333334,NORMAL,N,45863,45874,45887,45907,45939,45968,46009,46045,normal
213,235,46121,128.11388888888888,FUSION,F,46059,46071,46086,46108,46138,46176,46214,46240,normal
213,236,46306,128.62777777777777,NORMAL,N,46246,46255,46269,46292,46322,46358,46398,46437,normal
213,237,46507,129.1861111111111,FUSION,F,46446,46457,46471,46492,46523,46557,46597,46629,normal
213,238,46701,129.725,NORMAL,N,46638,46651,46664,46686,46719,46751,46790,46829,normal
213,239,46903,130.2861111111111,FUSION,F,46841,46854,46867,46890,46919,46955,46995,47028,normal
213,240,47101,130.8361111111111,NORMAL,N,47038,47051,47065,47087,47119,47160,47198,47225,normal
213,241,47295,131.375,FUSION,F,47234,47245,47259,47282,47311,47347,47388,47418,normal
213,242,47490,131.91666666666666,NORMAL,N,47427,47439,47453,47476,47506,47541,47579,47614,normal
213,243,47683,132.45277777777778,FUSION,F,47623,47634,47647,47665,47696,47738,47774,47802,normal
213,244,47876,132.98888888888888,NORMAL,N,47815,47827,47840,47863,47894,47923,47964,47998,normal
213,245,48072,133.53333333333333,FUSION,F,48011,48023,48037,48056,48085,48130,48166,48198,normal
213,246,48270,134.08333333333334,NORMAL,N,48207,48218,48232,48255,48287,48323,48362,48399,normal
213,247,48469,134.63611111111112,FUSION,F,48407,48419,48432,48452,48481,48525,48562,48594,normal
213,248,48666,135.18333333333334,NORMAL,N,48603,48616,48629,48652,48684,48717,48756,48790,normal
213,249,48860,135.72222222222223,FUSION,F,48799,48811,48824,48847,48872,48914,48952,48983,normal
213,250,49052,136.25555555555556,NORMAL,N,48991,49002,49016,49038,49069,49103,49140,49175,normal
213,251,49243,136.7861111111111,FUSION,F,49184,49195,49209,49223,49256,49304,49339,49368,normal
213,252,49444,137.34444444444443,NORMAL,N,49381,49394,49407,49431,49462,49494,49530,49562,normal
213,253,49632,137.86666666666667,FUSION,F,49571,49584,49598,49608,49645,49647,49731,49756,biphasic_negative_positive
213,254,49831,138.41944444444445,NORMAL,N,49768,49781,49795,49817,49847,49879,49919,49959,normal
213,255,50017,138.9361111111111,PVC,V,,,,49982,50043,50058,50078,50122,inverted
213,256,50232,139.53333333333333,NORMAL,N,50169,50182,50196,50217,50249,50279,50320,50352,normal
213,257,50423,140.0638888888889,FUSION,F,50361,50374,50389,50398,50436,50438,50522,50543,biphasic_negative_positive
213,258,50618,140.60555555555555,NORMAL,N,50556,50569,50582,50603,50635,50666,50705,50744,normal
213,259,50814,141.15,FUSION,F,50753,50766,50779,50797,50828,50874,50911,50939,normal
213,260,51010,141.69444444444446,NORMAL,N,50947,50959,50973,50996,51027,51059,51100,51136,normal
213,261,51209,142.24722222222223,FUSION,F,51145,51157,51172,51193,51223,51268,51304,51336,normal
213,262,51409,142.80277777777778,NORMAL,N,51347,51360,51374,51394,51426,51457,51496,51531,normal
213,263,51604,143.34444444444443,NORMAL,N,51541,51554,51567,51589,51622,51656,51696,51733,normal
213,264,51800,143.88888888888889,NORMAL,N,51739,51751,51765,51786,51816,51848,51885,51924,normal
213,265,51994,144.42777777777778,NORMAL,N,51932,51944,51957,51980,52012,52043,52083,52120,normal
213,266,52189,144.96944444444443,NORMAL,N,52129,52141,52154,52175,52206,52238,52278,52314,normal
213,267,52384,145.51111111111112,NORMAL,N,52322,52334,52348,52369,52400,52435,52471,52507,normal
213,268,52575,146.04166666666666,NORMAL,N,52514,52525,52539,52560,52591,52625,52664,52706,normal
213,269,52777,146.6027777777778,NORMAL,N,52715,52727,52740,52763,52794,52825,52866,52900,normal
213,270,52973,147.1472222222222,NORMAL,N,52910,52923,52936,52959,52991,53026,53065,53101,normal
213,271,53172,147.7,FUSION,F,53109,53121,53135,53158,53239,53242,53262,53295,normal
213,272,53362,148.2277777777778,NORMAL,N,53302,53314,53327,53347,53379,53412,53450,53487,normal
213,273,53560,148.77777777777777,FUSION,F,53498,53511,53524,53541,53573,53618,53654,53681,normal
213,274,53750,149.30555555555554,NORMAL,N,53689,53701,53714,53736,53766,53799,53836,53869,normal
213,275,53939,149.83055555555555,PVC,V,53879,53891,53905,53912,53953,53971,54037,54059,biphasic_negative_positive
213,276,54141,150.39166666666668,NORMAL,N,54076,54090,54103,54127,54159,54192,54234,54269,normal
213,277,54331,150.91944444444445,PVC,V,54279,54291,54304,54309,54354,54356,54435,54454,biphasic_negative_positive
213,278,54535,151.48611111111111,NORMAL,N,54470,54484,54498,54520,54552,54585,54626,54663,normal
213,279,54720,152.0,PVC,V,,,,54689,54745,54747,54821,54839,biphasic_negative_positive
213,280,54923,152.5638888888889,NORMAL,N,54861,54873,54886,54909,54941,54974,55013,55044,normal
213,281,55113,153.09166666666667,FUSION,F,55053,55065,55079,55099,55125,55168,55207,55239,normal
213,282,55310,153.63888888888889,NORMAL,N,55247,55259,55272,55295,55327,55359,55396,55432,normal
213,283,55505,154.18055555555554,NORMAL,N,55444,55456,55469,55490,55522,55555,55597,55630,normal
213,284,55701,154.725,NORMAL,N,55638,55649,55664,55686,55718,55751,55789,55825,normal
213,285,55894,155.26111111111112,FUSION,F,55832,55842,55857,55880,55909,55950,55989,56025,normal
213,286,56098,155.82777777777778,NORMAL,N,56036,56048,56061,56085,56115,56149,56188,56220,normal
213,287,56290,156.36111111111111,FUSION,F,56228,56239,56254,56276,56302,56345,56384,56415,normal
213,288,56484,156.9,NORMAL,N,56422,56434,56448,56471,56501,56533,56569,56607,normal
213,289,56675,157.43055555555554,FUSION,F,56615,56627,56640,56659,56688,56733,56769,56797,normal
213,290,56870,157.97222222222223,NORMAL,N,56807,56820,56833,56856,56888,56924,56962,56997,normal
213,291,57068,158.5222222222222,FUSION,F,57005,57017,57031,57046,57082,57130,57167,57194,normal
213,292,57269,159.08055555555555,NORMAL,N,57204,57218,57232,57254,57285,57314,57353,57392,normal
213,293,57446,159.57222222222222,PVC,V,,,,57416,57474,57488,57505,57549,inverted
213,294,57659,160.1638888888889,NORMAL,N,57597,57609,57623,57645,57675,57709,57746,57776,normal
213,295,57847,160.6861111111111,FUSION,F,57785,57796,57811,57830,57860,57905,57944,57973,normal
213,296,58041,161.225,NORMAL,N,57981,57993,58006,58026,58057,58088,58127,58164,normal
213,297,58238,161.7722222222222,FUSION,F,58175,58187,58202,58225,58253,58293,58331,58360,normal
213,298,58426,162.29444444444445,NORMAL,N,58367,58377,58391,58412,58443,58477,58516,58554,normal
213,299,58624,162.84444444444443,FUSION,F,58562,58574,58588,58611,58635,58675,58715,58750,normal
213,300,58822,163.39444444444445,NORMAL,N,58759,58771,58785,58808,58840,58872,58915,58949,normal
213,301,59025,163.95833333333334,FUSION,F,58961,58973,58987,59010,59040,59076,59113,59146,normal
213,302,59212,164.4777777777778,NORMAL,N,59153,59164,59177,59198,59229,59265,59302,59338,normal
213,303,59408,165.0222222222222,FUSION,F,59345,59358,59371,59394,59420,59463,59499,59533,normal
213,304,59603,165.5638888888889,NORMAL,N,59543,59555,59567,59589,59620,59653,59690,59723,normal
213,305,59796,166.1,FUSION,F,59733,59745,59759,59779,59809,59854,59892,59922,normal
213,306,59995,166.65277777777777,NORMAL,N,59931,59944,59957,59980,60013,,60030,60081,positive_monophasic
213,307,60186,167.18333333333334,PVC,V,60095,60128,60144,60150,60210,60212,60292,60310,biphasic_negative_positive
213,308,60396,167.76666666666668,NORMAL,N,60333,60345,60359,60382,60414,60446,60489,60522,normal
213,309,60585,168.29166666666666,PVC,V,60532,60544,60557,60562,60607,60609,60687,60705,biphasic_negative_positive
213,310,60784,168.84444444444443,NORMAL,N,60722,60735,60748,60770,60801,60831,60874,60910,normal
213,311,60982,169.39444444444445,FUSION,F,60922,60934,60950,60957,60996,60998,61078,61102,biphasic_negative_positive
213,312,61176,169.93333333333334,NORMAL,N,61112,61125,61139,61162,61194,61227,61267,61302,normal
213,313,61371,170.475,FUSION,F,61311,61322,61336,61348,61387,61417,61458,61496,normal
213,314,61569,171.025,NORMAL,N,61506,61519,61532,61554,61588,61620,61659,61694,normal
213,315,61767,171.575,NORMAL,N,61704,61716,61730,61753,61784,61821,61859,61894,normal
213,316,61966,172.12777777777777,NORMAL,N,61902,61914,61928,61951,61982,62018,62057,62090,normal
213,317,62158,172.6611111111111,NORMAL,N,62097,62108,62121,62143,62174,62208,62248,62284,normal
213,318,62355,173.20833333333334,NORMAL,N,62293,62305,62319,62340,62372,62401,62441,62479,normal
213,319,62548,173.74444444444444,NORMAL,N,62488,62500,62513,62534,62565,62594,62635,62669,normal
213,320,62742,174.28333333333333,NORMAL,N,62679,62691,62705,62728,62759,62792,62833,62868,normal
213,321,62940,174.83333333333334,FUSION,F,62876,62888,62902,62916,62952,63000,63039,63065,normal
213,322,63142,175.39444444444445,NORMAL,N,63077,63090,63103,63128,63159,63190,63230,63269,normal
213,323,63319,175.88611111111112,PVC,V,,,,63280,63345,63361,63425,63445,biphasic_negative_positive
213,324,63537,176.49166666666667,NORMAL,N,63474,63487,63501,63523,63554,63585,63626,63654,normal
213,325,63727,177.01944444444445,NORMAL,N,63665,63677,63691,63713,63743,63773,63813,63853,normal
213,326,63921,177.55833333333334,NORMAL,N,63861,63873,63886,63907,63938,63971,64008,64043,normal
213,327,64118,178.10555555555555,FUSION,F,64055,64067,64081,64104,64134,64172,64212,64245,normal
213,328,64310,178.63888888888889,NORMAL,N,64252,64262,64275,64297,64327,64358,64395,64433,normal
213,329,64503,179.175,FUSION,F,64438,64448,64462,64490,64519,64558,64596,64633,normal
213,330,64706,179.73888888888888,NORMAL,N,64643,64656,64670,64692,64724,64759,64800,64836,normal
213,331,64906,180.29444444444445,FUSION,F,64843,64855,64869,64884,64918,64965,65000,65030,normal
213,332,65101,180.8361111111111,NORMAL,N,65040,65052,65065,65087,65119,65151,65190,65224,normal
213,333,65296,181.37777777777777,FUSION,F,65234,65246,65262,65270,65310,65312,65391,65416,biphasic_negative_positive
213,334,65487,181.90833333333333,NORMAL,N,65426,65438,65451,65473,65504,65535,65574,65612,normal
213,335,65684,182.45555555555555,FUSION,F,65622,65634,65649,65656,65698,65716,65784,65806,biphasic_negative_positive
213,336,65884,183.01111111111112,NORMAL,N,65819,65833,65846,65870,65902,65935,65975,66010,normal
213,337,66084,183.56666666666666,FUSION,F,66019,66031,66047,66057,66101,66135,66174,66210,normal
213,338,66280,184.11111111111111,NORMAL,N,66217,66229,66243,66266,66297,66330,66369,66404,normal
213,339,66479,184.6638888888889,NORMAL,N,66415,66427,66441,66464,66496,66530,66567,66600,normal
213,340,66666,185.18333333333334,NORMAL,N,66607,66618,66632,66652,66683,66714,66752,66792,normal
213,341,66860,185.72222222222223,NORMAL,N,66800,66811,66824,66846,66877,66908,66944,66979,normal
213,342,67050,186.25,NORMAL,N,66988,67000,67014,67036,67068,67102,67140,67176,normal
213,343,67243,186.7861111111111,FUSION,F,67183,67193,67208,67229,67255,67295,67332,67365,normal
213,344,67438,187.32777777777778,NORMAL,N,67375,67387,67400,67413,67456,67491,67530,67566,normal
213,345,67636,187.87777777777777,PVC,V,67575,67587,67603,67610,67649,67651,67734,67757,biphasic_negative_positive
213,346,67833,188.425,NORMAL,N,67770,67782,67796,67819,67850,67884,67923,67960,normal
213,347,68030,188.97222222222223,PVC,V,67969,67980,67994,68000,68043,68045,68127,68147,biphasic_negative_positive
213,348,68230,189.52777777777777,NORMAL,N,68167,68180,68193,68216,68247,68281,68320,68352,normal
213,349,68421,190.05833333333334,FUSION,F,68361,68372,68387,68407,68434,68478,68516,68546,normal
213,350,68614,190.59444444444443,NORMAL,N,68553,68565,68578,68592,68631,68665,68703,68743,normal
213,351,68815,191.15277777777777,FUSION,F,68753,68765,68778,68796,68829,68878,68915,68945,normal
213,352,69020,191.72222222222223,NORMAL,N,68954,68966,68981,69005,69037,69077,69114,69147,normal
213,353,69215,192.26388888888889,FUSION,F,69154,69164,69178,69201,69231,69269,69306,69340,normal
213,354,69411,192.80833333333334,NORMAL,N,69348,69360,69373,69397,69428,69462,69501,69536,normal
213,355,69603,193.34166666666667,FUSION,F,69543,69555,69568,69588,69616,69656,69694,69728,normal
213,356,69804,193.9,NORMAL,N,69740,69754,69766,69790,69821,69855,69893,69923,normal
213,357,69999,194.44166666666666,NORMAL,N,69934,69946,69960,69984,70015,70052,70091,70127,normal
213,358,70194,194.98333333333332,NORMAL,N,70134,70145,70159,70180,70211,70237,70277,70317,normal
213,359,70388,195.5222222222222,NORMAL,N,70327,70338,70351,70374,70406,70437,70480,70517,normal
213,360,70591,196.0861111111111,NORMAL,N,70528,70540,70553,70577,70607,70640,70680,70715,normal
213,361,70786,196.62777777777777,FUSION,F,70724,70735,70749,70771,70799,70842,70880,70915,normal
213,362,70986,197.18333333333334,NORMAL,N,70924,70937,70950,70972,71002,71035,71072,71107,normal
213,363,71178,197.71666666666667,PVC,V,71116,71128,71144,71153,71192,71194,71275,71301,biphasic_negative_positive
213,364,71371,198.25277777777777,NORMAL,N,71310,71323,71336,71356,71388,71419,71458,71496,normal
213,365,71553,198.75833333333333,PVC,V,,,,71519,71578,71596,71658,71678,biphasic_negative_positive
213,366,71764,199.34444444444443,NORMAL,N,71700,71713,71727,71750,71782,71816,71857,71892,normal
213,367,71965,199.90277777777777,FUSION,F,71902,71913,71927,71943,71978,72026,72062,72089,normal
213,368,72161,200.44722222222222,NORMAL,N,72099,72112,72125,72146,72178,72209,72248,72286,normal
213,369,72362,201.00555555555556,FUSION,F,72298,72310,72323,72348,72375,72420,72456,72487,normal
213,370,72555,201.54166666666666,NORMAL,N,72495,72507,72520,72541,72571,72604,72641,72676,normal
213,371,72748,202.07777777777778,FUSION,F,72684,72696,72711,72732,72761,72803,72838,72869,normal
213,372,72942,202.61666666666667,NORMAL,N,72880,72892,72905,72927,72960,72993,73032,73067,normal
213,373,73141,203.16944444444445,FUSION,F,73079,73091,73105,73121,73154,73197,73235,73262,normal
213,374,73335,203.70833333333334,NORMAL,N,73270,73283,73297,73310,73406,73408,73427,73466,normal
213,375,73536,204.26666666666668,FUSION,F,73474,73486,73500,73509,73555,73593,73631,73660,normal
213,376,73736,204.82222222222222,NORMAL,N,73671,73685,73700,73714,73755,73787,73830,73864,normal
213,377,73938,205.38333333333333,FUSION,F,73876,73889,73906,73914,73953,73996,74034,74060,normal
213,378,74131,205.91944444444445,NORMAL,N,74070,74082,74095,74112,74142,74184,74224,74260,normal
213,379,74330,206.47222222222223,FUSION,F,74268,74279,74293,74306,74402,,74420,74452,negative_monophasic
213,380,74526,207.01666666666668,NORMAL,N,74463,74476,74489,74507,74537,74575,74616,74648,normal
213,381,74721,207.55833333333334,FUSION,F,74658,74670,74685,74701,74733,74774,74816,74851,normal
213,382,74923,208.11944444444444,NORMAL,N,74858,74871,74886,74905,74940,74977,75016,75054,normal
213,383,75121,208.66944444444445,FUSION,F,75061,75072,75086,75098,75135,75176,75213,75246,normal
213,384,75322,209.2277777777778,NORMAL,N,75258,75272,75286,75301,75340,75373,75411,75441,normal
213,385,75512,209.75555555555556,FUSION,F,75450,75463,75477,75493,75525,75566,75604,75631,normal
213,386,75703,210.2861111111111,NORMAL,N,75640,75652,75666,75676,75720,,75734,75787,positive_monophasic
213,387,75889,210.80277777777778,PVC,V,75797,75831,75848,75865,75914,75916,75997,76018,biphasic_negative_positive
213,388,76100,211.38888888888889,NORMAL,N,76033,76049,76063,76082,76117,76149,76186,76219,normal
213,389,76291,211.91944444444445,FUSION,F,76228,76240,76255,76274,76307,76339,76380,76417,normal
213,390,76488,212.46666666666667,NORMAL,N,76427,76439,76453,76466,76501,76536,76577,76612,normal
213,391,76686,213.01666666666668,NORMAL,N,76622,76635,76650,76667,76699,76738,76779,76814,normal
213,392,76884,213.56666666666666,NORMAL,N,76823,76835,76849,76868,76901,76932,76969,77006,normal
213,393,77075,214.09722222222223,NORMAL,N,77015,77026,77039,77060,77093,77125,77165,77203,normal
213,394,77274,214.65,NORMAL,N,77214,77226,77239,77260,77290,77325,77360,77394,normal
213,395,77463,215.175,FUSION,F,77402,77414,77427,77450,77479,77518,77555,77591,normal
213,396,77661,215.725,NORMAL,N,77599,77611,77624,77646,77679,,77697,77750,positive_monophasic
213,397,77855,216.26388888888889,PVC,V,77763,77797,77813,77819,77881,77894,77917,77962,inverted
213,398,78064,216.84444444444443,NORMAL,N,78002,78015,78028,78050,78080,78114,78153,78188,normal
213,399,78259,217.38611111111112,FUSION,F,78195,78207,78221,78230,78272,78274,78355,78379,biphasic_negative_positive
213,400,78456,217.93333333333334,NORMAL,N,78394,78407,78420,78443,78475,78504,78544,78578,normal
213,401,78653,218.48055555555555,FUSION,F,78590,78602,78617,78635,78667,78710,78749,78777,normal
213,402,78846,219.01666666666668,NORMAL,N,78784,78795,78808,78831,78862,78892,78932,78971,normal
213,403,79043,219.5638888888889,FUSION,F,78980,78992,79005,79029,79056,79097,79133,79166,normal
213,404,79238,220.10555555555555,NORMAL,N,79176,79189,79202,79225,79255,79288,79329,79363,normal
213,405,79436,220.65555555555557,FUSION,F,79372,79384,79398,79421,79453,79487,79526,79562,normal
213,406,79632,221.2,NORMAL,N,79569,79581,79595,79618,79648,79681,79721,79760,normal
213,407,79830,221.75,FUSION,F,79769,79780,79793,79817,79841,79880,79917,79952,normal
213,408,80022,222.28333333333333,NORMAL,N,79961,79973,79987,80008,80040,80073,80114,80149,normal
213,409,80218,222.82777777777778,FUSION,F,80157,80168,80183,80202,80230,80271,80308,80339,normal
213,410,80410,223.36111111111111,NORMAL,N,80348,80361,80374,80395,80427,80460,80499,80536,normal
213,411,80605,223.90277777777777,FUSION,F,80544,80555,80570,80592,80619,80663,80701,80732,normal
213,412,80802,224.45,NORMAL,N,80739,80751,80764,80788,80820,80852,80894,80934,normal
213,413,81004,225.01111111111112,FUSION,F,80943,80955,80971,80981,81017,81019,81103,81128,biphasic_negative_positive
213,414,81202,225.5611111111111,FUSION,F,,,,81152,81212,81237,81276,81318,normal
213,415,81394,226.09444444444443,NORMAL,N,81333,81344,81358,81379,81409,81446,81488,81515,normal
213,416,81584,226.62222222222223,NORMAL,N,81523,81534,81548,81570,81601,81638,81678,81711,normal
213,417,81780,227.16666666666666,NORMAL,N,81719,81730,81744,81766,81796,81835,81877,81908,normal
213,418,81981,227.725,NORMAL,N,81917,81929,81944,81967,82000,82029,82069,82108,normal
213,419,82179,228.275,FUSION,F,82119,82131,82144,82157,82251,82256,82276,82306,normal
213,420,82382,228.8388888888889,NORMAL,N,82317,82331,82345,82368,82400,82434,82473,82505,normal
213,421,82578,229.38333333333333,FUSION,F,82514,82526,82541,82560,82592,82633,82674,82705,normal
213,422,82779,229.94166666666666,NORMAL,N,82716,82729,82742,82763,82797,82827,82868,82903,normal
213,423,82976,230.48888888888888,FUSION,F,82913,82925,82940,82957,82988,83035,83074,83100,normal
213,424,83171,231.03055555555557,NORMAL,N,83108,83121,83134,83156,83186,83216,83255,83292,normal
213,425,83360,231.55555555555554,FUSION,F,83300,83311,83325,83341,83372,83418,83455,83484,normal
213,426,83559,232.10833333333332,NORMAL,N,83497,83510,83523,83546,83577,83611,83650,83683,normal
213,427,83758,232.6611111111111,FUSION,F,83694,83706,83721,83743,83776,83812,83853,83889,normal
213,428,83957,233.2138888888889,NORMAL,N,83896,83908,83922,83943,83974,84006,84044,84081,normal
213,429,84152,233.75555555555556,FUSION,F,84090,84101,84115,84137,84164,84208,84244,84280,normal
213,430,84351,234.30833333333334,NORMAL,N,84288,84300,84314,84336,84367,84400,84437,84470,normal
213,431,84540,234.83333333333334,FUSION,F,84478,84489,84503,84517,84552,84598,84635,84661,normal
213,432,84734,235.37222222222223,NORMAL,N,84671,84685,84698,84720,84751,84783,84822,84859,normal
213,433,84933,235.925,FUSION,F,84870,84882,84896,84911,84946,84992,85027,85053,normal
213,434,85123,236.45277777777778,NORMAL,N,85062,85074,85087,85109,85140,85170,85210,85250,normal
213,435,85324,237.01111111111112,FUSION,F,85260,85272,85287,85299,85338,85340,85422,85448,biphasic_negative_positive
213,436,85524,237.56666666666666,NORMAL,N,85460,85474,85487,85510,85541,85576,85615,85650,normal
213,437,85722,238.11666666666667,NORMAL,N,85659,85671,85686,85708,85739,85770,85808,85846,normal
213,438,85914,238.65,NORMAL,N,85854,85866,85878,85900,85932,85963,86002,86040,normal
213,439,86113,239.20277777777778,NORMAL,N,86051,86064,86077,86099,86129,86163,86201,86236,normal
213,440,86305,239.73611111111111,NORMAL,N,86244,86255,86269,86291,86323,86354,86394,86433,normal
213,441,86503,240.2861111111111,NORMAL,N,86442,86454,86467,86489,86521,86553,86594,86632,normal
213,442,86707,240.8527777777778,NORMAL,N,86644,86656,86670,86693,86725,86760,86801,86837,normal
213,443,86907,241.40833333333333,FUSION,F,86844,86855,86869,86892,86923,86956,86997,87031,normal
213,444,87101,241.94722222222222,NORMAL,N,87038,87050,87063,87087,87120,87153,87193,87230,normal
213,445,87292,242.4777777777778,PVC,V,,,,87256,87315,87327,87348,87387,inverted
213,446,87442,242.89444444444445,NORMAL,N,,,,87419,87458,87492,87525,87565,normal
213,447,87675,243.54166666666666,FUSION,F,87613,87626,87639,87660,87690,87728,87773,87804,normal
213,448,87884,244.12222222222223,NORMAL,N,87819,87832,87846,87870,87901,87933,87972,88006,normal
213,449,88078,244.6611111111111,NORMAL,N,88017,88029,88042,88064,88096,88130,88168,88202,normal
213,450,88275,245.20833333333334,NORMAL,N,88211,88223,88238,88260,88291,88327,88363,88398,normal
213,451,88468,245.74444444444444,NORMAL,N,88406,88418,88431,88453,88484,88515,88557,88597,normal
213,452,88668,246.3,NORMAL,N,88605,88618,88631,88654,88685,88717,88754,88788,normal
213,453,88859,246.83055555555555,NORMAL,N,88797,88809,88823,88845,88876,88909,88949,88984,normal
213,454,89051,247.36388888888888,NORMAL,N,88991,89002,89016,89038,89067,89100,89138,89174,normal
213,455,89239,247.88611111111112,FUSION,F,89181,89192,89205,89226,89255,89290,89329,89365,normal
213,456,89437,248.4361111111111,NORMAL,N,89375,89388,89401,89423,89455,89489,89528,89564,normal
213,457,89637,248.99166666666667,FUSION,F,89572,89585,89600,89613,89650,89670,89738,89766,biphasic_negative_positive
213,458,89838,249.55,NORMAL,N,89775,89788,89803,89824,89855,89886,89924,89963,normal
213,459,90021,250.05833333333334,PVC,V,,,,89985,90047,90061,90083,90127,inverted
213,460,90232,250.64444444444445,NORMAL,N,90169,90183,90197,90218,90248,90283,90319,90351,normal
213,461,90423,251.175,NORMAL,N,90359,90371,90386,90409,90440,90477,90514,90550,normal
213,462,90620,251.72222222222223,NORMAL,N,90558,90569,90583,90606,90638,90669,90709,90748,normal
213,463,90822,252.28333333333333,NORMAL,N,90758,90771,90785,90808,90840,90874,90911,90943,normal
213,464,91010,252.80555555555554,NORMAL,N,90949,90960,90974,90996,91027,91063,91100,91139,normal
213,465,91211,253.36388888888888,NORMAL,N,91147,91159,91173,91196,91229,91259,91298,91336,normal
213,466,91410,253.91666666666666,NORMAL,N,91346,91359,91373,91395,91429,91464,91505,91539,normal
213,467,91615,254.48611111111111,NORMAL,N,91548,91562,91576,91600,91632,91666,91703,91737,normal
213,468,91807,255.01944444444445,NORMAL,N,91744,91755,91769,91792,91823,91858,91897,91934,normal
213,469,92003,255.5638888888889,FUSION,F,91942,91954,91967,91980,92017,92061,92098,92124,normal
213,470,92201,256.1138888888889,NORMAL,N,92138,92152,92165,92187,92218,92248,92288,92324,normal
213,471,92397,256.65833333333336,FUSION,F,92334,92346,92360,92380,92409,92457,92496,92520,normal
213,472,92591,257.1972222222222,NORMAL,N,92528,92539,92553,92577,92608,92645,92686,92719,normal
213,473,92788,257.74444444444447,FUSION,F,92727,92738,92751,92764,92801,92803,92885,92906,biphasic_negative_positive
213,474,92983,258.2861111111111,NORMAL,N,92920,92933,92946,92968,93000,,93020,93072,positive_monophasic
213,475,93171,258.80833333333334,PVC,V,93088,93118,93133,93139,93196,93198,93275,93291,biphasic_negative_positive
213,476,93380,259.3888888888889,NORMAL,N,93317,93329,93344,93366,93398,93435,93475,93501,normal
213,477,93570,259.9166666666667,NORMAL,N,93509,93520,93535,93557,93587,93621,93662,93695,normal
213,478,93768,260.46666666666664,NORMAL,N,93704,93716,93730,93754,93786,93818,93859,93894,normal
213,479,93965,261.0138888888889,NORMAL,N,93903,93915,93928,93940,93981,94010,94052,94093,normal
213,480,94167,261.575,NORMAL,N,94104,94116,94131,94154,94184,94218,94257,94290,normal
213,481,94362,262.1166666666667,NORMAL,N,94298,94310,94324,94348,94379,94413,94455,94491,normal
213,482,94561,262.6694444444444,NORMAL,N,94499,94510,94524,94547,94578,94611,94650,94685,normal
213,483,94753,263.2027777777778,NORMAL,N,94692,94703,94717,94738,94769,94800,94840,94882,normal
213,484,94953,263.7583333333333,NORMAL,N,94890,94903,94916,94939,94970,95000,95040,95076,normal
213,485,95145,264.2916666666667,NORMAL,N,95086,95098,95111,95132,95163,95194,95233,95268,normal
213,486,95341,264.8361111111111,NORMAL,N,95278,95290,95304,95326,95358,95394,95433,95467,normal
213,487,95537,265.38055555555553,NORMAL,N,95474,95485,95499,95523,95554,95591,95629,95667,normal
213,488,95735,265.93055555555554,NORMAL,N,95673,95684,95698,95719,95751,95782,95821,95861,normal
213,489,95929,266.46944444444443,PVC,V,95869,95881,95896,95903,95943,95945,96029,96054,biphasic_negative_positive
213,490,96127,267.01944444444445,NORMAL,N,96065,96078,96091,96113,96145,96176,96214,96245,normal
213,491,96313,267.5361111111111,PVC,V,96253,96264,96277,96282,96327,96347,96414,96431,biphasic_negative_positive
213,492,96508,268.0777777777778,NORMAL,N,96445,96458,96471,96494,96524,96554,96595,96634,normal
213,493,96688,268.5777777777778,PVC,V,,,,96659,96716,96718,96795,96812,biphasic_negative_positive
213,494,96900,269.1666666666667,NORMAL,N,96839,96851,96865,96886,96917,96950,96990,97020,normal
213,495,97094,269.7055555555556,FUSION,F,97029,97042,97057,97078,97112,97147,97184,97217,normal
213,496,97286,270.2388888888889,NORMAL,N,97225,97236,97249,97270,97304,97336,97377,97417,normal
213,497,97491,270.80833333333334,NORMAL,N,97427,97440,97453,97476,97509,97540,97578,97610,normal
213,498,97681,271.3361111111111,NORMAL,N,97619,97631,97645,97667,97698,97733,97769,97805,normal
213,499,97875,271.875,FUSION,F,97814,97826,97840,97857,97891,97923,97961,97995,normal
213,500,98068,272.4111111111111,NORMAL,N,98007,98020,98033,98054,98085,98115,98155,98191,normal
213,501,98264,272.9555555555556,NORMAL,N,98202,98214,98228,98250,98281,98318,98357,98392,normal
213,502,98463,273.5083333333333,NORMAL,N,98399,98411,98426,98449,98480,98516,98556,98592,normal
213,503,98663,274.06388888888887,NORMAL,N,98599,98611,98625,98648,98680,98708,98749,98789,normal
213,504,98858,274.60555555555555,NORMAL,N,98797,98810,98823,98844,98876,98909,98950,98987,normal
213,505,99059,275.1638888888889,NORMAL,N,98997,99009,99023,99045,99076,99112,99147,99181,normal
213,506,99251,275.6972222222222,NORMAL,N,99189,99200,99214,99236,99268,99303,99341,99367,normal
213,507,99445,276.2361111111111,FUSION,F,,,,99420,99458,99460,99538,99567,biphasic_negative_positive
213,508,99646,276.7944444444444,NORMAL,N,,,,99628,99663,99700,99738,99770,normal
213,509,99825,277.2916666666667,PVC,V,,,,99794,99850,99852,99931,99950,biphasic_negative_positive
213,510,100036,277.8777777777778,NORMAL,N,,,,100022,100053,100090,100130,100163,normal
213,511,100236,278.43333333333334,NORMAL,N,,,,100220,100252,100288,100329,100364,normal
213,512,100436,278.9888888888889,NORMAL,N,,,,100419,100454,100485,100523,100560,normal
213,513,100637,279.5472222222222,NORMAL,N,,,,100621,100655,100690,100730,100761,normal
213,514,100834,280.09444444444443,NORMAL,N,,,,100815,100850,100885,100922,100957,normal
213,515,101024,280.6222222222222,NORMAL,N,,,,101010,101040,101075,101113,101150,normal
213,516,101219,281.1638888888889,NORMAL,N,,,,101204,101236,101265,101305,101345,normal
213,517,101418,281.71666666666664,NORMAL,N,,,,101403,101436,101471,101510,101543,normal
213,518,101618,282.27222222222224,NORMAL,N,,,,101602,101634,101670,101708,101741,normal
213,519,101811,282.80833333333334,FUSION,F,,,,101787,101823,101871,101909,101936,normal
213,520,102010,283.3611111111111,NORMAL,N,,,,101993,102027,102055,102096,102131,normal
213,521,102187,283.85277777777776,PVC,V,,,,102144,102214,102227,102294,102314,biphasic_negative_positive
213,522,102398,284.43888888888887,NORMAL,N,,,,102383,102414,102449,102489,102522,normal
213,523,102596,284.9888888888889,NORMAL,N,,,,102579,102614,102651,102688,102725,normal
213,524,102792,285.53333333333336,NORMAL,N,,,,102773,102808,102837,102879,102916,normal
213,525,102993,286.09166666666664,NORMAL,N,,,,102975,103011,103044,103083,103116,normal
213,526,103189,286.6361111111111,NORMAL,N,,,,103169,103207,103242,103280,103317,normal
213,527,103392,287.2,NORMAL,N,,,,103376,103408,103446,103483,103519,normal
213,528,103587,287.7416666666667,NORMAL,N,,,,103571,103604,103636,103676,103715,normal
213,529,103789,288.3027777777778,NORMAL,N,,,,103773,103806,103840,103878,103908,normal
213,530,103977,288.825,NORMAL,N,,,,103962,103994,104028,104065,104102,normal
213,531,104173,289.36944444444447,NORMAL,N,,,,104155,104189,104222,104261,104302,normal
213,532,104373,289.925,NORMAL,N,,,,104359,104391,104423,104466,104505,normal
213,533,104583,290.5083333333333,NORMAL,N,,,,104563,104600,104634,104675,104706,normal
213,534,104776,291.0444444444444,NORMAL,N,,,,104755,104793,104830,104867,104903,normal
213,535,104974,291.59444444444443,NORMAL,N,,,,104959,104991,105026,105063,105097,normal
213,536,105167,292.13055555555553,NORMAL,N,,,,105151,105184,105213,105256,105293,normal
213,537,105365,292.68055555555554,NORMAL,N,,,,105345,105382,105417,105455,105486,normal
213,538,105557,293.2138888888889,NORMAL,N,,,,105541,105574,105611,105648,105683,normal
213,539,105749,293.7472222222222,FUSION,F,,,,105724,105763,105804,105842,105870,normal
213,540,105949,294.3027777777778,NORMAL,N,,,,105932,105968,106000,106040,106074,normal
213,541,106133,294.81388888888887,PVC,V,,,,106090,106171,106199,106241,106261,normal
213,542,106350,295.4166666666667,NORMAL,N,,,,106336,106367,106401,106440,106475,normal
213,543,106527,295.90833333333336,PVC,V,,,,106507,106554,106556,106630,106652,biphasic_negative_positive
213,544,106741,296.5027777777778,NORMAL,N,,,,106729,106758,106786,106830,106863,normal
213,545,106939,297.0527777777778,FUSION,F,,,,106924,106956,106991,107030,107062,normal
213,546,107133,297.59166666666664,NORMAL,N,,,,107118,107150,107185,107224,107259,normal
213,547,107329,298.1361111111111,NORMAL,N,,,,107310,107347,107381,107420,107462,normal
213,548,107533,298.7027777777778,NORMAL,N,,,,107517,107552,107585,107623,107658,normal
213,549,107731,299.2527777777778,NORMAL,N,,,,107711,107748,107783,107823,107857,normal
213,550,107929,299.8027777777778,NORMAL,N,,,,107912,107946,107978,108015,108053,normal
213,551,108118,300.3277777777778,FUSION,F,,,,108103,108134,108176,108212,108247,normal
213,552,108318,300.8833333333333,NORMAL,N,,,,108302,108334,108369,108406,108439,normal
213,553,108512,301.4222222222222,PVC,V,,,,108485,108525,108548,108610,108634,biphasic_negative_positive
213,554,108707,301.9638888888889,NORMAL,N,,,,108692,108725,108756,108795,108833,normal
213,555,108908,302.52222222222224,PVC,V,,,,108877,108922,108944,109005,109025,biphasic_negative_positive
213,556,109103,303.06388888888887,NORMAL,N,,,,109087,109121,109155,109194,109228,normal
213,557,109302,303.6166666666667,NORMAL,N,,,,109282,109320,109353,109390,109428,normal
213,558,109499,304.1638888888889,NORMAL,N,,,,109484,109516,109548,109587,109622,normal
213,559,109696,304.7111111111111,NORMAL,N,,,,109678,109713,109747,109784,109817,normal
213,560,109885,305.2361111111111,NORMAL,N,,,,109869,109901,109937,109972,110008,normal
213,561,110076,305.76666666666665,NORMAL,N,,,,110060,110093,110123,110163,110204,normal
213,562,110278,306.3277777777778,NORMAL,N,,,,110262,110296,110332,110372,110407,normal
213,563,110480,306.8888888888889,NORMAL,N,,,,110464,110497,110533,110570,110605,normal
213,564,110673,307.425,NORMAL,N,,,,110659,110690,110721,110761,110802,normal
213,565,110873,307.98055555555555,NORMAL,N,,,,110857,110891,110925,110961,110992,normal
213,566,111062,308.50555555555553,NORMAL,N,,,,111047,111078,111115,111153,111189,normal
213,567,111257,309.0472222222222,NORMAL,N,,,,111242,111274,111309,111346,111381,normal
213,568,111452,309.5888888888889,NORMAL,N,,,,111434,111467,111504,111543,111576,normal
213,569,111630,310.0833333333333,PVC,V,,,,111599,111655,111657,111734,111755,biphasic_negative_positive
213,570,111846,310.68333333333334,NORMAL,N,,,,111828,111863,111898,111941,111970,normal
213,571,112029,311.19166666666666,PVC,V,,,,111998,112057,112059,112088,112135,inverted
213,572,112251,311.80833333333334,NORMAL,N,112147,112165,112194,112236,112269,112305,112345,112379,normal
213,573,112449,312.35833333333335,NORMAL,N,,,,112434,112465,112495,112535,112574,normal
213,574,112646,312.90555555555557,NORMAL,N,,,,112631,112664,112693,112736,112772,normal
213,575,112845,313.4583333333333,NORMAL,N,,,,112829,112861,112895,112935,112967,normal
213,576,113037,313.9916666666667,NORMAL,N,,,,113021,113053,113089,113127,113164,normal
213,577,113234,314.5388888888889,NORMAL,N,,,,113221,113251,113281,113323,113363,normal
213,578,113437,315.10277777777776,NORMAL,N,,,,113424,113455,113485,113526,113560,normal
213,579,113631,315.64166666666665,NORMAL,N,,,,113616,113648,113683,113724,113757,normal
213,580,113827,316.18611111111113,NORMAL,N,,,,113814,113844,113874,113914,113952,normal
213,581,114019,316.71944444444443,NORMAL,N,,,,114002,114035,114069,114109,114140,normal
213,582,114211,317.2527777777778,NORMAL,N,,,,114196,114227,114263,114299,114331,normal
213,583,114401,317.78055555555557,NORMAL,N,,,,114384,114417,114449,114490,114529,normal
213,584,114597,318.325,NORMAL,N,,,,114584,114614,114644,114683,114721,normal
213,585,114797,318.88055555555553,PVC,V,,,,114772,114810,114812,114897,114920,biphasic_negative_positive
213,586,114993,319.425,NORMAL,N,,,,114973,115011,,115031,115081,positive_monophasic
213,587,115180,319.94444444444446,PVC,V,,,,115144,115206,115208,115289,115308,biphasic_negative_positive
213,588,115391,320.53055555555557,NORMAL,N,,,,115376,115407,115436,115479,115513,normal
213,589,115589,321.0805555555556,PVC,V,,,,115561,115604,115606,115688,115709,biphasic_negative_positive
213,590,115783,321.61944444444447,NORMAL,N,,,,115768,115798,115833,115869,115902,normal
213,591,115973,322.14722222222224,NORMAL,N,,,,115956,115991,116023,116063,116101,normal
213,592,116175,322.7083333333333,NORMAL,N,,,,116159,116193,116229,116267,116303,normal
213,593,116376,323.26666666666665,NORMAL,N,,,,116363,116395,116430,116469,116506,normal
213,594,116575,323.81944444444446,NORMAL,N,,,,116561,116592,116624,116663,116704,normal
213,595,116775,324.375,NORMAL,N,,,,116759,116792,116825,116863,116897,normal
213,596,116967,324.90833333333336,NORMAL,N,,,,116953,116984,117017,117056,117089,normal
213,597,117160,325.44444444444446,FUSION,F,,,,117133,117172,117216,117253,117280,normal
213,598,117352,325.97777777777776,NORMAL,N,,,,117337,117370,,117386,117440,positive_monophasic
213,599,117540,326.5,PVC,V,,,,117496,117566,117577,117642,117662,biphasic_negative_positive
213,600,117746,327.0722222222222,NORMAL,N,,,,117732,117763,117797,117840,117872,normal
213,601,117945,327.625,PVC,V,,,,117920,117958,117977,118042,118069,biphasic_negative_positive
213,602,118148,328.18888888888887,NORMAL,N,,,,118133,118166,118198,118239,118271,normal
213,603,118344,328.73333333333335,NORMAL,N,,,,118328,118360,118392,118429,118464,normal
213,604,118536,329.26666666666665,NORMAL,N,,,,118520,118552,118584,118623,118661,normal
213,605,118730,329.80555555555554,NORMAL,N,,,,118715,118747,118778,118816,118850,normal
213,606,118924,330.34444444444443,NORMAL,N,,,,118909,118942,118975,119016,119048,normal
213,607,119120,330.8888888888889,NORMAL,N,,,,119104,119136,119171,119211,119248,normal
213,608,119320,331.44444444444446,NORMAL,N,,,,119305,119337,119371,119411,119448,normal
213,609,119516,331.9888888888889,NORMAL,N,,,,119500,119532,119560,119603,119640,normal
213,610,119717,332.5472222222222,NORMAL,N,,,,119701,119734,119767,119808,119839,normal
213,611,119908,333.0777777777778,NORMAL,N,,,,119893,119925,119960,119997,120031,normal
213,612,120102,333.6166666666667,NORMAL,N,,,,120086,120117,120154,120191,120224,normal
213,613,120294,334.15,FUSION,F,,,,120278,120312,120342,120384,120423,normal
213,614,120498,334.71666666666664,NORMAL,N,,,,120483,120516,120545,120585,120619,normal
213,615,120683,335.23055555555555,PVC,V,,,,120650,120709,120711,120742,120789,inverted
213,616,120897,335.825,NORMAL,N,120795,120806,120812,120881,120913,120948,120988,121024,normal
213,617,121097,336.38055555555553,NORMAL,N,,,,121082,121114,121145,121187,121226,normal
213,618,121299,336.94166666666666,NORMAL,N,,,,121284,121317,121348,121387,121419,normal
213,619,121493,337.48055555555555,NORMAL,N,,,,121478,121510,121545,121584,121620,normal
213,620,121687,338.01944444444445,NORMAL,N,,,,121671,121704,121735,121772,121812,normal
213,621,121883,338.56388888888887,NORMAL,N,,,,121868,121901,121933,121973,122009,normal
213,622,122083,339.11944444444447,NORMAL,N,,,,122066,122100,122134,122174,122209,normal
213,623,122282,339.6722222222222,NORMAL,N,,,,122263,122300,122338,122375,122412,normal
213,624,122481,340.225,NORMAL,N,,,,122464,122498,122528,122568,122607,normal
213,625,122682,340.78333333333336,NORMAL,N,,,,122666,122700,122733,122772,122803,normal
213,626,122872,341.31111111111113,NORMAL,N,,,,122856,122888,122922,122959,122995,normal
213,627,123066,341.85,NORMAL,N,,,,123053,123083,,,,
213,628,123216,342.26666666666665,APC,A,,,,123203,123232,123268,123301,123339,normal
213,629,123456,342.93333333333334,NORMAL,N,,,,123440,123472,123507,123549,123574,normal
213,630,123649,343.46944444444443,NORMAL,N,,,,123630,123666,123703,123742,123778,normal
213,631,123849,344.025,NORMAL,N,,,,123835,123867,123897,123937,123977,normal
213,632,124053,344.59166666666664,NORMAL,N,,,,124039,124071,124105,124148,124178,normal
213,633,124250,345.1388888888889,NORMAL,N,,,,124231,124266,124301,124337,124375,normal
213,634,124444,345.6777777777778,NORMAL,N,,,,124430,124461,124492,124531,124570,normal
213,635,124641,346.225,NORMAL,N,,,,124626,124658,124690,124730,124761,normal
213,636,124834,346.7611111111111,NORMAL,N,,,,124819,124851,,124871,124924,positive_monophasic
213,637,124998,347.21666666666664,APC,A,,,,124984,125014,125047,125083,125126,normal
213,638,125237,347.88055555555553,NORMAL,N,,,,125217,125256,125292,125336,125364,normal
213,639,125440,348.44444444444446,NORMAL,N,,,,125421,125457,125488,125528,125562,normal
213,640,125635,348.9861111111111,NORMAL,N,,,,125619,125651,125688,125726,125762,normal
213,641,125829,349.525,NORMAL,N,,,,125815,125846,125876,125913,125952,normal
213,642,126025,350.06944444444446,NORMAL,N,,,,126008,126042,126069,126112,126148,normal
213,643,126223,350.61944444444447,NORMAL,N,,,,126209,126241,126273,126316,126349,normal
213,644,126420,351.1666666666667,NORMAL,N,,,,126405,126437,126469,126507,126543,normal
213,645,126615,351.7083333333333,NORMAL,N,,,,126595,126632,126663,126705,126746,normal
213,646,126817,352.26944444444445,NORMAL,N,,,,126802,126835,126865,126906,126943,normal
213,647,127019,352.8305555555556,NORMAL,N,,,,127003,127037,127071,127110,127144,normal
213,648,127213,353.36944444444447,NORMAL,N,,,,127199,127229,127260,127298,127334,normal
213,649,127405,353.90277777777777,NORMAL,N,,,,127392,127422,127452,127493,127532,normal
213,650,127604,354.4555555555556,NORMAL,N,,,,127590,127620,127653,127692,127724,normal
213,651,127794,354.98333333333335,NORMAL,N,,,,127781,127810,127847,127884,127920,normal
213,652,127991,355.53055555555557,NORMAL,N,,,,127976,128008,128039,128081,128123,normal
213,653,128197,356.10277777777776,NORMAL,N,,,,128183,128215,128247,128287,128324,normal
213,654,128396,356.65555555555557,NORMAL,N,,,,128381,128414,128448,128490,128521,normal
213,655,128592,357.2,NORMAL,N,,,,128577,128609,128647,128684,128716,normal
213,656,128784,357.73333333333335,NORMAL,N,,,,128765,128800,128832,128870,128908,normal
213,657,128981,358.28055555555557,NORMAL,N,,,,128968,128998,129026,129068,129106,normal
213,658,129181,358.8361111111111,NORMAL,N,,,,129164,129199,129233,129274,129307,normal
213,659,129378,359.3833333333333,NORMAL,N,,,,129363,129394,,129416,129456,positive_monophasic
213,660,129520,359.77777777777777,APC,A,,,,129498,129535,129568,129602,129639,normal
213,661,129764,360.4555555555556,NORMAL,N,,,,129749,129781,129810,129860,129889,normal
213,662,129971,361.03055555555557,NORMAL,N,,,,129956,129989,130023,130063,130096,normal
213,663,130166,361.5722222222222,NORMAL,N,,,,130150,130182,130216,130255,130290,normal
213,664,130361,362.1138888888889,NORMAL,N,,,,130346,130378,130408,130448,130486,normal
213,665,130557,362.65833333333336,NORMAL,N,,,,130540,130574,130606,130646,130678,normal
213,666,130748,363.18888888888887,NORMAL,N,,,,130734,130765,130799,130838,130876,normal
213,667,130948,363.74444444444447,NORMAL,N,,,,130933,130966,130998,131039,131081,normal
213,668,131154,364.31666666666666,NORMAL,N,,,,131135,131171,131205,131243,131279,normal
213,669,131350,364.8611111111111,NORMAL,N,,,,131336,131366,131398,131438,131474,normal
213,670,131544,365.4,NORMAL,N,,,,131529,131562,131593,131631,131667,normal
213,671,131734,365.9277777777778,NORMAL,N,,,,131719,131751,131781,131822,131858,normal
213,672,131932,366.47777777777776,NORMAL,N,,,,131914,131948,131983,132021,132054,normal
213,673,132123,367.0083333333333,NORMAL,N,,,,132106,132139,132170,132211,132249,normal
213,674,132322,367.56111111111113,NORMAL,N,,,,132306,132338,132367,132408,132444,normal
213,675,132518,368.10555555555555,NORMAL,N,,,,132503,132536,132570,132610,132645,normal
213,676,132715,368.65277777777777,NORMAL,N,,,,132694,132731,132766,132804,132844,normal
213,677,132916,369.2111111111111,NORMAL,N,,,,132899,132934,132964,133006,133045,normal
213,678,133114,369.7611111111111,NORMAL,N,,,,133100,133131,133162,133201,133235,normal
213,679,133307,370.2972222222222,NORMAL,N,,,,133292,133324,133361,133398,133433,normal
213,680,133503,370.84166666666664,NORMAL,N,,,,133488,133519,133548,133587,133628,normal
213,681,133698,371.3833333333333,NORMAL,N,,,,133682,133715,133748,133789,133827,normal
213,682,133901,371.9472222222222,NORMAL,N,,,,133885,133918,133955,133995,134028,normal
213,683,134101,372.5027777777778,NORMAL,N,,,,134085,134117,134151,134190,134227,normal
213,684,134296,373.0444444444444,NORMAL,N,,,,134280,134313,,134330,134380,positive_monophasic
213,685,134453,373.48055555555555,APC,A,,,,134439,134470,134504,134538,134576,normal
213,686,134688,374.1333333333333,NORMAL,N,,,,134674,134705,134739,134784,134813,normal
213,687,134888,374.68888888888887,NORMAL,N,,,,134871,134904,134936,134973,135010,normal
213,688,135083,375.23055555555555,NORMAL,N,,,,135068,135100,135129,135173,135210,normal
213,689,135283,375.7861111111111,NORMAL,N,,,,135265,135299,135331,135369,135403,normal
213,690,135475,376.31944444444446,NORMAL,N,,,,135458,135492,,135515,135561,positive_monophasic
213,691,135625,376.7361111111111,APC,A,,,,135611,135640,135675,135706,135742,normal
213,692,135868,377.4111111111111,NORMAL,N,,,,135852,135885,135919,135965,135990,normal
213,693,136065,377.9583333333333,NORMAL,N,,,,136050,136081,136117,136154,136188,normal
213,694,136260,378.5,NORMAL,N,,,,136245,136276,136312,136351,136385,normal
213,695,136453,379.0361111111111,NORMAL,N,,,,136441,136470,136499,136537,136577,normal
213,696,136648,379.5777777777778,NORMAL,N,,,,136633,136666,136696,136739,136775,normal
213,697,136851,380.14166666666665,NORMAL,N,,,,136836,136869,136906,136944,136977,normal
213,698,137050,380.69444444444446,NORMAL,N,,,,137031,137066,137104,137142,137178,normal
213,699,137246,381.2388888888889,NORMAL,N,,,,137233,137263,137293,137333,137372,normal
213,700,137443,381.7861111111111,NORMAL,N,,,,137426,137462,137489,137530,137566,normal
213,701,137637,382.325,NORMAL,N,,,,137617,137653,137686,137725,137760,normal
213,702,137831,382.8638888888889,NORMAL,N,,,,137817,137848,137878,137917,137953,normal
213,703,138024,383.4,NORMAL,N,,,,138008,138041,138074,138115,138155,normal
213,704,138225,383.9583333333333,NORMAL,N,,,,138208,138241,138272,138311,138345,normal
213,705,138418,384.49444444444447,NORMAL,N,,,,138400,138435,138471,138510,138547,normal
213,706,138616,385.0444444444444,NORMAL,N,,,,138603,138634,138663,138705,138747,normal
213,707,138821,385.6138888888889,NORMAL,N,,,,138804,138839,138872,138911,138946,normal
213,708,139016,386.15555555555557,NORMAL,N,,,,138999,139033,139066,139105,139139,normal
213,709,139210,386.69444444444446,NORMAL,N,,,,139191,139227,139262,139299,139335,normal
213,710,139403,387.23055555555555,NORMAL,N,,,,139389,139419,139450,139489,139528,normal
213,711,139599,387.775,NORMAL,N,,,,139585,139617,139648,139689,139729,normal
213,712,139805,388.34722222222223,NORMAL,N,,,,139789,139822,139855,139896,139929,normal
213,713,140004,388.9,NORMAL,N,,,,139983,140020,140055,140094,140130,normal
213,714,140198,389.43888888888887,NORMAL,N,,,,140185,140215,140244,140286,140325,normal
213,715,140400,390.0,NORMAL,N,,,,140386,140416,140447,140487,140520,normal
213,716,140591,390.53055555555557,NORMAL,N,,,,140575,140607,140641,140679,140717,normal
213,717,140786,391.0722222222222,NORMAL,N,,,,140771,140802,140832,140870,140909,normal
213,718,140981,391.6138888888889,NORMAL,N,,,,140967,140999,141031,141073,141110,normal
213,719,141181,392.1694444444444,NORMAL,N,,,,141164,141198,141228,141267,141302,normal
213,720,141374,392.7055555555556,NORMAL,N,,,,141356,141391,141422,141463,141503,normal
213,721,141574,393.2611111111111,NORMAL,N,,,,141559,141592,141623,141663,141702,normal
213,722,141776,393.8222222222222,NORMAL,N,,,,141758,141794,141826,141866,141899,normal
213,723,141970,394.3611111111111,NORMAL,N,,,,141952,141986,142021,142058,142097,normal
213,724,142168,394.9111111111111,NORMAL,N,,,,142154,142185,142215,142256,142294,normal
213,725,142368,395.46666666666664,NORMAL,N,,,,142352,142385,142419,142456,142488,normal
213,726,142561,396.0027777777778,NORMAL,N,,,,142545,142577,142614,142651,142688,normal
213,727,142759,396.5527777777778,NORMAL,N,,,,142744,142777,,142795,142850,positive_monophasic
213,728,142924,397.0111111111111,APC,A,,,,142902,142941,142974,143010,143049,normal
213,729,143162,397.6722222222222,NORMAL,N,143098,143099,143111,143148,143179,143215,143260,143287,normal
213,730,143362,398.22777777777776,NORMAL,N,,,,143345,143380,143411,143449,143486,normal
213,731,143557,398.76944444444445,NORMAL,N,,,,143542,143574,143605,143645,143680,normal
213,732,143753,399.31388888888887,NORMAL,N,,,,143736,143769,143803,143840,143876,normal
213,733,143949,399.85833333333335,NORMAL,N,,,,143932,143966,143997,144039,144078,normal
213,734,144147,400.40833333333336,NORMAL,N,,,,144132,144163,144192,144231,144268,normal
213,735,144343,400.9527777777778,NORMAL,N,,,,144329,144361,144395,144435,144468,normal
213,736,144539,401.4972222222222,NORMAL,N,,,,144521,144556,144591,144628,144667,normal
213,737,144737,402.0472222222222,NORMAL,N,,,,144723,144755,144787,144827,144867,normal
213,738,144936,402.6,NORMAL,N,,,,144919,144953,144983,145023,145061,normal
213,739,145133,403.14722222222224,NORMAL,N,,,,145117,145150,145182,145221,145254,normal
213,740,145322,403.6722222222222,NORMAL,N,,,,145305,145338,145375,145410,145447,normal
213,741,145516,404.2111111111111,NORMAL,N,,,,145498,145532,145565,145603,145644,normal
213,742,145714,404.7611111111111,NORMAL,N,,,,145699,145732,145763,145806,145847,normal
213,743,145923,405.34166666666664,NORMAL,N,,,,145903,145940,145974,146014,146046,normal
213,744,146116,405.8777777777778,NORMAL,N,,,,146102,146133,146167,146205,146243,normal
213,745,146314,406.4277777777778,NORMAL,N,,,,146299,146332,146365,146403,146437,normal
213,746,146503,406.9527777777778,NORMAL,N,,,,146486,146520,146551,146590,146630,normal
213,747,146710,407.52777777777777,NORMAL,N,,,,146695,146727,146759,146800,146832,normal
213,748,146904,408.06666666666666,NORMAL,N,,,,146887,146920,146955,146993,147032,normal
213,749,147100,408.6111111111111,NORMAL,N,,,,147084,147116,147145,147186,147226,normal
213,750,147299,409.1638888888889,NORMAL,N,,,,147283,147317,147348,147391,147429,normal
213,751,147500,409.72222222222223,NORMAL,N,,,,147486,147517,147556,147594,147624,normal
213,752,147696,410.26666666666665,NORMAL,N,,,,147679,147713,147750,147788,147824,normal
213,753,147892,410.81111111111113,NORMAL,N,,,,147874,147908,147943,147981,148018,normal
213,754,148087,411.35277777777776,NORMAL,N,,,,148073,148105,148136,148176,148215,normal
213,755,148288,411.9111111111111,NORMAL,N,,,,148273,148305,148338,148379,148408,normal
213,756,148479,412.44166666666666,NORMAL,N,,,,148463,148495,148533,148569,148605,normal
213,757,148675,412.9861111111111,NORMAL,N,,,,148660,148693,148728,148769,148806,normal
213,758,148880,413.55555555555554,NORMAL,N,,,,148866,148898,148927,148969,149006,normal
213,759,149076,414.1,NORMAL,N,,,,149060,149094,149122,149166,149203,normal
213,760,149280,414.6666666666667,NORMAL,N,,,,149264,149297,149330,149368,149398,normal
213,761,149467,415.18611111111113,NORMAL,N,,,,149452,149483,149517,149555,149590,normal
213,762,149659,415.71944444444443,NORMAL,N,,,,149644,149677,149705,149743,149783,normal
213,763,149856,416.26666666666665,NORMAL,N,,,,149842,149874,149907,149947,149982,normal
213,764,150053,416.81388888888887,NORMAL,N,,,,150038,150070,150102,150140,150176,normal
213,765,150246,417.35,NORMAL,N,,,,150231,150263,150295,150334,150373,normal
213,766,150442,417.89444444444445,NORMAL,N,,,,150427,150459,150490,150530,150569,normal
213,767,150645,418.4583333333333,NORMAL,N,,,,150628,150662,150699,150738,150772,normal
213,768,150839,418.9972222222222,NORMAL,N,,,,150826,150855,150891,150927,150965,normal
213,769,151035,419.5416666666667,NORMAL,N,,,,151021,151052,151086,151124,151164,normal
213,770,151232,420.0888888888889,NORMAL,N,,,,151218,151250,151280,151320,151358,normal
213,771,151429,420.6361111111111,NORMAL,N,,,,151414,151447,151481,151521,151554,normal
213,772,151628,421.18888888888887,NORMAL,N,,,,151611,151645,151681,151719,151759,normal
213,773,151830,421.75,NORMAL,N,,,,151813,151848,151881,151920,151958,normal
213,774,152030,422.30555555555554,NORMAL,N,,,,152015,152047,152079,152119,152154,normal
213,775,152228,422.85555555555555,NORMAL,N,,,,152210,152245,152276,152314,152351,normal
213,776,152418,423.3833333333333,NORMAL,N,,,,152401,152433,152468,152506,152545,normal
213,777,152616,423.93333333333334,NORMAL,N,,,,152602,152633,152662,152702,152739,normal
213,778,152813,424.48055555555555,NORMAL,N,,,,152794,152831,152863,152902,152937,normal
213,779,153007,425.01944444444445,NORMAL,N,,,,152988,153023,153055,153092,153128,normal
213,780,153199,425.5527777777778,NORMAL,N,,,,153179,153216,153246,153287,153328,normal
213,781,153399,426.10833333333335,NORMAL,N,,,,153382,153417,153447,153489,153525,normal
213,782,153599,426.6638888888889,NORMAL,N,,,,153578,153617,153650,153689,153725,normal
213,783,153794,427.2055555555556,NORMAL,N,,,,153779,153809,153841,153880,153918,normal
213,784,153988,427.74444444444447,NORMAL,N,,,,153971,154005,154033,154077,154118,normal
213,785,154187,428.2972222222222,NORMAL,N,,,,154173,154204,154232,154275,154307,normal
213,786,154379,428.8305555555556,NORMAL,N,,,,154365,154396,154429,154469,154505,normal
213,787,154575,429.375,NORMAL,N,,,,154560,154593,154622,154665,154705,normal
213,788,154779,429.94166666666666,NORMAL,N,,,,154765,154797,154830,154870,154906,normal
213,789,154980,430.5,NORMAL,N,,,,154964,154997,155032,155071,155104,normal
213,790,155175,431.0416666666667,NORMAL,N,,,,155160,155192,155225,155262,155299,normal
213,791,155369,431.5805555555556,NORMAL,N,,,,155352,155386,155413,155456,155496,normal
213,792,155569,432.1361111111111,NORMAL,N,,,,155554,155587,155617,155655,155689,normal
213,793,155761,432.6694444444444,NORMAL,N,,,,155745,155778,155813,155853,155888,normal
213,794,155958,433.21666666666664,FUSION,F,,,,155939,155974,156004,156044,156079,normal
213,795,156155,433.7638888888889,NORMAL,N,,,,156142,156174,156202,156245,156284,normal
213,796,156357,434.325,NORMAL,N,,,,156342,156374,156407,156447,156482,normal
213,797,156556,434.8777777777778,NORMAL,N,,,,156539,156573,156608,156648,156685,normal
213,798,156753,435.425,NORMAL,N,,,,156737,156770,156799,156839,156880,normal
213,799,156951,435.975,NORMAL,N,,,,156936,156969,156997,157040,157077,normal
213,800,157147,436.51944444444445,NORMAL,N,,,,157129,157164,157197,157234,157265,normal
213,801,157334,437.0388888888889,NORMAL,N,,,,157317,157350,157387,157424,157461,normal
213,802,157530,437.5833333333333,NORMAL,N,,,,157512,157547,157578,157620,157660,normal
213,803,157731,438.14166666666665,NORMAL,N,,,,157716,157751,157781,157824,157861,normal
213,804,157933,438.7027777777778,NORMAL,N,,,,157919,157951,157985,158022,158054,normal
213,805,158126,439.2388888888889,NORMAL,N,,,,158112,158143,,158165,158214,positive_monophasic
213,806,158289,439.69166666666666,APC,A,,,,158272,158304,158338,158373,158409,normal
213,807,158511,440.30833333333334,NORMAL,N,,,,158496,158529,158558,158604,158634,normal
213,808,158711,440.8638888888889,NORMAL,N,,,,158695,158728,158762,158801,158835,normal
213,809,158907,441.40833333333336,NORMAL,N,,,,158892,158923,158956,158993,159026,normal
213,810,159096,441.93333333333334,NORMAL,N,,,,159083,159113,159148,159188,159224,normal
213,811,159294,442.48333333333335,NORMAL,N,,,,159279,159310,159345,159383,159422,normal
213,812,159494,443.0388888888889,NORMAL,N,,,,159479,159511,,159528,159580,positive_monophasic
213,813,159675,443.5416666666667,PVC,V,,,,159648,159702,159717,159778,159799,biphasic_negative_positive
213,814,159891,444.14166666666665,NORMAL,N,,,,159876,159909,159943,159985,160017,normal
213,815,160086,444.68333333333334,NORMAL,N,,,,160070,160103,160131,160172,160210,normal
213,816,160282,445.22777777777776,NORMAL,N,,,,160262,160299,160329,160372,160407,normal
213,817,160479,445.775,NORMAL,N,,,,160464,160497,160531,160571,160607,normal
213,818,160678,446.3277777777778,NORMAL,N,,,,160657,160694,160727,160769,160808,normal
213,819,160877,446.88055555555553,NORMAL,N,,,,160862,160894,160922,160966,161001,normal
213,820,161075,447.43055555555554,NORMAL,N,,,,161055,161092,161126,161167,161199,normal
213,821,161268,447.96666666666664,NORMAL,N,,,,161250,161284,161317,161354,161391,normal
213,822,161459,448.4972222222222,NORMAL,N,,,,161438,161476,161505,161544,161583,normal
213,823,161653,449.0361111111111,NORMAL,N,,,,161638,161671,161703,161745,161778,normal
213,824,161850,449.5833333333333,NORMAL,N,,,,161834,161867,161899,161935,161970,normal
213,825,162038,450.10555555555555,FUSION,F,,,,162021,162054,162092,162131,162166,normal
213,826,162240,450.6666666666667,NORMAL,N,,,,162221,162257,162287,162327,162363,normal
213,827,162437,451.2138888888889,PVC,V,,,,162408,162451,162453,162537,162558,biphasic_negative_positive
213,828,162636,451.76666666666665,NORMAL,N,,,,162621,162652,162685,162723,162758,normal
213,829,162828,452.3,PVC,V,,,,162800,162841,162886,162925,162948,normal
213,830,163026,452.85,NORMAL,N,,,,163011,163043,163073,163113,163148,normal
213,831,163221,453.39166666666665,FUSION,F,,,,163197,163234,163279,163318,163344,normal
213,832,163414,453.9277777777778,NORMAL,N,,,,163398,163431,163467,163506,163542,normal
213,833,163615,454.4861111111111,FUSION,F,,,,163588,163628,163676,163713,163743,normal
213,834,163818,455.05,NORMAL,N,,,,163803,163836,163868,163908,163941,normal
213,835,164017,455.60277777777776,FUSION,F,,,,163995,164030,164077,164115,164143,normal
213,836,164212,456.14444444444445,NORMAL,N,,,,164197,164228,164262,164298,164335,normal
213,837,164405,456.68055555555554,FUSION,F,,,,164378,164418,164465,164501,164530,normal
213,838,164607,457.2416666666667,NORMAL,N,,,,164593,164625,164660,164700,164732,normal
213,839,164805,457.7916666666667,FUSION,F,,,,164783,164818,164861,164898,164923,normal
213,840,164996,458.3222222222222,NORMAL,N,,,,164981,165013,165043,165086,165124,normal
213,841,165191,458.8638888888889,PVC,V,,,,165141,165216,165218,165298,165318,biphasic_negative_positive
213,842,165397,459.43611111111113,NORMAL,N,,,,165383,165414,,165437,165488,positive_monophasic
213,843,165588,459.96666666666664,PVC,V,,,,165554,165611,165613,165692,165712,biphasic_negative_positive
213,844,165796,460.5444444444444,NORMAL,N,,,,165781,165813,165844,165885,165919,normal
213,845,165991,461.0861111111111,FUSION,F,,,,165975,166006,166046,166084,166112,normal
213,846,166180,461.6111111111111,NORMAL,N,,,,166161,166196,166231,166269,166305,normal
213,847,166376,462.15555555555557,FUSION,F,,,,166352,166393,166436,166475,166506,normal
213,848,166586,462.7388888888889,NORMAL,N,,,,166568,166603,166638,166680,166711,normal
213,849,166782,463.28333333333336,FUSION,F,,,,166758,166795,166840,166878,166904,normal
213,850,166981,463.8361111111111,NORMAL,N,,,,166961,166999,167031,167071,167107,normal
213,851,167169,464.35833333333335,PVC,V,,,,167137,167194,167196,167272,167292,biphasic_negative_positive
213,852,167372,464.9222222222222,NORMAL,N,,,,167356,167389,167422,167461,167495,normal
213,853,167548,465.4111111111111,PVC,V,,,,167528,167574,167586,167654,167674,biphasic_negative_positive
213,854,167764,466.0111111111111,NORMAL,N,,,,167751,167780,167808,167852,167885,normal
213,855,167960,466.55555555555554,PVC,V,,,,167929,167974,167976,168062,168082,biphasic_negative_positive
213,856,168161,467.1138888888889,NORMAL,N,,,,168147,168177,168210,168250,168287,normal
213,857,168359,467.6638888888889,FUSION,F,,,,168336,168373,168420,168458,168487,normal
213,858,168563,468.23055555555555,NORMAL,N,,,,168550,168581,168607,168649,168684,normal
213,859,168759,468.775,FUSION,F,,,,168740,168771,168815,168855,168884,normal
213,860,168950,469.30555555555554,NORMAL,N,,,,168938,168966,169002,169039,169073,normal
213,861,169142,469.8388888888889,PVC,V,,,,169129,169158,169193,169235,169266,normal
213,862,169338,470.3833333333333,NORMAL,N,,,,169325,169357,169386,169430,169471,normal
213,863,169547,470.9638888888889,NORMAL,N,,,,169534,169565,169596,169641,169676,normal
213,864,169749,471.525,NORMAL,N,,,,169734,169767,169800,169839,169873,normal
213,865,169946,472.0722222222222,PVC,V,,,,169919,169959,170005,170042,170064,normal
213,866,170139,472.60833333333335,NORMAL,N,,,,170126,170156,170182,170224,170260,normal
213,867,170336,473.15555555555557,FUSION,F,,,,170309,170349,170394,170431,170457,normal
213,868,170527,473.68611111111113,NORMAL,N,,,,170511,170544,170580,170618,170653,normal
213,869,170713,474.2027777777778,PVC,V,,,,170692,170739,170741,170813,170834,biphasic_negative_positive
213,870,170924,474.7888888888889,NORMAL,N,170840,170856,170870,170910,170942,170973,171016,171049,normal
213,871,171114,475.31666666666666,PVC,V,,,,171078,171137,171139,171220,171240,biphasic_negative_positive
213,872,171322,475.89444444444445,NORMAL,N,,,,171306,171339,,171360,171413,positive_monophasic
213,873,171511,476.4194444444444,PVC,V,171423,171436,171450,171491,171534,171536,171613,171634,biphasic_negative_positive
213,874,171721,477.0027777777778,NORMAL,N,,,,171703,171739,171769,171812,171844,normal
213,875,171915,477.5416666666667,FUSION,F,,,,171899,171927,171970,172009,172036,normal
213,876,172103,478.06388888888887,NORMAL,N,,,,172089,172120,172157,172196,172232,normal
213,877,172306,478.6277777777778,FUSION,F,,,,172281,172319,172365,172403,172437,normal
213,878,172515,479.2083333333333,NORMAL,N,,,,172498,172533,172564,172607,172640,normal
213,879,172714,479.7611111111111,FUSION,F,,,,172700,172728,172772,172809,172842,normal
213,880,172912,480.31111111111113,NORMAL,N,,,,172892,172930,172960,173001,173038,normal
213,881,173108,480.85555555555555,FUSION,F,,,,173082,173121,173168,173206,173233,normal
213,882,173305,481.40277777777777,NORMAL,N,,,,173290,173322,173355,173392,173428,normal
213,883,173487,481.90833333333336,PVC,V,,,,173452,173511,173513,173592,173614,biphasic_negative_positive
213,884,173700,482.5,NORMAL,N,,,,173685,173717,173747,173787,173820,normal
213,885,173896,483.0444444444444,PVC,V,,,,173866,173909,173911,173997,174018,biphasic_negative_positive
213,886,174095,483.59722222222223,NORMAL,N,,,,174080,174113,174144,174185,174226,normal
213,887,174288,484.1333333333333,PVC,V,,,,174253,174314,174316,174396,174415,biphasic_negative_positive
213,888,174497,484.7138888888889,NORMAL,N,,,,174481,174514,174549,174589,174618,normal
213,889,174691,485.2527777777778,NORMAL,N,,,,174672,174707,174745,174784,174815,normal
213,890,174883,485.7861111111111,NORMAL,N,,,,174865,174899,174931,174968,175007,normal
213,891,175080,486.3333333333333,NORMAL,N,,,,175065,175097,175127,175170,175207,normal
213,892,175283,486.89722222222224,NORMAL,N,,,,175268,175301,175334,175376,175411,normal
213,893,175483,487.4527777777778,FUSION,F,,,,175466,175497,175537,175576,175609,normal
213,894,175683,488.0083333333333,NORMAL,N,,,,175670,175700,175732,175774,175810,normal
213,895,175882,488.56111111111113,FUSION,F,,,,175869,175899,175926,175969,176006,normal
213,896,176074,489.09444444444443,NORMAL,N,,,,176061,176091,176117,176162,176199,normal
213,897,176273,489.64722222222224,FUSION,F,,,,176248,176283,176329,176366,176392,normal
213,898,176464,490.1777777777778,NORMAL,N,,,,176451,176481,176516,176556,176593,normal
213,899,176652,490.7,PVC,V,,,,176631,176676,176678,176756,176776,biphasic_negative_positive
213,900,176864,491.2888888888889,NORMAL,N,,,,176850,176882,176916,176957,176990,normal
213,901,177047,491.7972222222222,PVC,V,,,,177019,177074,177076,177153,177177,biphasic_negative_positive
213,902,177268,492.4111111111111,NORMAL,N,,,,177252,177286,177320,177362,177395,normal
213,903,177450,492.9166666666667,PVC,V,,,,177430,177477,177479,177556,177579,biphasic_negative_positive
213,904,177667,493.51944444444445,NORMAL,N,,,,177650,177684,177713,177755,177789,normal
213,905,177860,494.05555555555554,FUSION,F,,,,177836,177873,177917,177954,177982,normal
213,906,178052,494.5888888888889,NORMAL,N,,,,178034,178069,178104,178143,178181,normal
213,907,178253,495.14722222222224,FUSION,F,,,,178239,178269,178303,178344,178383,normal
213,908,178459,495.71944444444443,NORMAL,N,,,,178443,178476,178508,178548,178583,normal
213,909,178655,496.2638888888889,FUSION,F,,,,178641,178672,178706,178746,178780,normal
213,910,178849,496.8027777777778,NORMAL,N,,,,178835,178866,178900,178936,178972,normal
213,911,179039,497.3305555555556,FUSION,F,,,,179026,179051,179087,179129,179165,normal
213,912,179236,497.8777777777778,NORMAL,N,,,,179220,179252,179280,179321,179358,normal
213,913,179432,498.4222222222222,FUSION,F,,,,179410,179446,179491,179530,179560,normal
213,914,179625,498.9583333333333,NORMAL,N,,,,179611,179640,179673,179712,179749,normal
213,915,179819,499.4972222222222,PVC,V,,,,179790,179834,179853,179918,179941,biphasic_negative_positive
213,916,180019,500.0527777777778,NORMAL,N,,,,180002,180037,180068,180111,180148,normal
213,917,180213,500.59166666666664,PVC,V,,,,180178,180238,180252,180320,180339,biphasic_negative_positive
213,918,180416,501.15555555555557,NORMAL,N,,,,180399,180432,180468,180507,180541,normal
213,919,180612,501.7,FUSION,F,,,,180585,180626,180628,180707,180730,biphasic_negative_positive
213,920,180808,502.24444444444447,NORMAL,N,,,,180793,180825,180858,180897,180930,normal
213,921,181004,502.7888888888889,NORMAL,N,,,,180987,181021,181058,181096,181132,normal
213,922,181204,503.34444444444443,NORMAL,N,,,,181188,181221,181256,181297,181335,normal
213,923,181407,503.90833333333336,NORMAL,N,,,,181388,181424,181457,181497,181533,normal
213,924,181602,504.45,NORMAL,N,,,,181588,181619,181651,181692,181731,normal
213,925,181807,505.01944444444445,NORMAL,N,,,,181789,181824,181854,181895,181927,normal
213,926,181997,505.5472222222222,NORMAL,N,,,,181981,182014,182046,182085,182121,normal
213,927,182189,506.0805555555556,PVC,V,,,,182161,182202,182246,182283,182308,normal
213,928,182386,506.6277777777778,NORMAL,N,,,,182370,182404,,182417,182475,positive_monophasic
213,929,182570,507.1388888888889,PVC,V,,,,182529,182596,182607,182674,182694,biphasic_negative_positive
213,930,182784,507.73333333333335,NORMAL,N,,,,182769,182801,182837,182878,182911,normal
213,931,182982,508.28333333333336,NORMAL,N,,,,182967,182999,183030,183072,183111,normal
213,932,183182,508.8388888888889,NORMAL,N,,,,183168,183201,183233,183274,183305,normal
213,933,183374,509.3722222222222,NORMAL,N,,,,183357,183391,183425,183464,183499,normal
213,934,183569,509.9138888888889,NORMAL,N,,,,183553,183586,183618,183657,183693,normal
213,935,183760,510.44444444444446,NORMAL,N,,,,183747,183778,183808,183847,183885,normal
213,936,183958,510.99444444444447,NORMAL,N,,,,183941,183975,184007,184049,184082,normal
213,937,184153,511.5361111111111,NORMAL,N,,,,184136,184170,184205,184245,184284,normal
213,938,184356,512.1,NORMAL,N,,,,184343,184373,,184391,184442,positive_monophasic
213,939,184536,512.6,APC,A,,,,184516,184553,184586,184622,184662,normal
213,940,184750,513.1944444444445,NORMAL,N,,,,184731,184766,,184784,184836,positive_monophasic
213,941,184918,513.6611111111112,PVC,V,,,,184900,184944,184946,185021,185044,biphasic_negative_positive
213,942,185139,514.275,NORMAL,N,,,,185125,185156,185188,185232,185260,normal
213,943,185336,514.8222222222222,NORMAL,N,,,,185320,185353,185389,185426,185464,normal
213,944,185530,515.3611111111111,NORMAL,N,,,,185514,185546,185579,185619,185655,normal
213,945,185726,515.9055555555556,FUSION,F,,,,185701,185740,185785,185822,185852,normal
213,946,185927,516.4638888888888,NORMAL,N,,,,185908,185944,185975,186019,186056,normal
213,947,186131,517.0305555555556,FUSION,F,,,,186113,186144,186190,186228,186258,normal
213,948,186326,517.5722222222222,NORMAL,N,,,,186305,186342,186369,186411,186450,normal
213,949,186519,518.1083333333333,PVC,V,,,,186492,186533,186535,186616,186638,biphasic_negative_positive
213,950,186716,518.6555555555556,NORMAL,N,,,,186699,186733,186765,186805,186837,normal
213,951,186909,519.1916666666667,FUSION,F,,,,186893,186927,186963,187002,187036,normal
213,952,187108,519.7444444444444,NORMAL,N,,,,187092,187126,187158,187200,187240,normal
213,953,187316,520.3222222222222,FUSION,F,,,,187299,187333,187368,187405,187438,normal
213,954,187506,520.85,NORMAL,N,,,,187491,187524,187558,187596,187634,normal
213,955,187704,521.4,FUSION,F,,,,187688,187720,187754,187794,187826,normal
213,956,187894,521.9277777777778,NORMAL,N,,,,187878,187911,187941,187982,188018,normal
213,957,188090,522.4722222222222,PVC,V,,,,188062,188104,188119,188184,188206,biphasic_negative_positive
213,958,188282,523.0055555555556,NORMAL,N,,,,188267,188299,188333,188373,188407,normal
213,959,188476,523.5444444444445,PVC,V,,,,188449,188488,188490,188571,188595,biphasic_negative_positive
213,960,188676,524.1,NORMAL,N,,,,188658,188694,188728,188769,188801,normal
213,961,188873,524.6472222222222,FUSION,F,,,,188858,188886,188930,188970,189001,normal
213,962,189072,525.2,NORMAL,N,,,,189054,189088,189125,189163,189199,normal
213,963,189265,525.7361111111111,FUSION,F,,,,189247,189277,189318,189356,189388,normal
213,964,189460,526.2777777777778,NORMAL,N,,,,189446,189478,189508,189551,189585,normal
213,965,189661,526.8361111111111,FUSION,F,,,,189635,189674,189676,189758,189779,biphasic_negative_positive
213,966,189852,527.3666666666667,NORMAL,N,,,,189835,189868,189905,189944,189977,normal
213,967,190050,527.9166666666666,FUSION,F,,,,190027,190064,190108,190147,190179,normal
213,968,190257,528.4916666666667,NORMAL,N,,,,190243,190275,190307,190348,190386,normal
213,969,190456,529.0444444444445,FUSION,F,,,,190428,190469,190471,190557,190577,biphasic_negative_positive
213,970,190663,529.6194444444444,NORMAL,N,,,,190648,190681,190709,190751,190779,normal
213,971,190851,530.1416666666667,FUSION,F,,,,190836,190866,190903,190944,190977,normal
213,972,191047,530.6861111111111,NORMAL,N,,,,191032,191063,191092,191133,191170,normal
213,973,191243,531.2305555555556,FUSION,F,,,,191226,191259,191302,191339,191372,normal
213,974,191442,531.7833333333333,NORMAL,N,,,,191428,191459,191494,191533,191564,normal
213,975,191635,532.3194444444445,FUSION,F,,,,191620,191647,191691,191731,191761,normal
213,976,191828,532.8555555555556,NORMAL,N,,,,191814,191845,191874,191918,191958,normal
213,977,192030,533.4166666666666,PVC,V,,,,192001,192043,192045,192128,192151,biphasic_negative_positive
213,978,192228,533.9666666666667,NORMAL,N,,,,192213,192245,192277,192319,192350,normal
213,979,192422,534.5055555555556,FUSION,F,,,,192403,192435,192481,192517,192545,normal
213,980,192612,535.0333333333333,NORMAL,N,,,,192598,192629,192659,192699,192736,normal
213,981,192806,535.5722222222222,PVC,V,,,,192780,192820,192822,192906,192929,biphasic_negative_positive
213,982,193010,536.1388888888889,NORMAL,N,,,,192993,193028,193063,193103,193137,normal
213,983,193211,536.6972222222222,FUSION,F,,,,193195,193283,193285,193306,193336,normal
213,984,193403,537.2305555555556,NORMAL,N,,,,193388,193419,193452,193493,193529,normal
213,985,193600,537.7777777777778,FUSION,F,,,,193579,193613,193658,193691,193721,normal
213,986,193794,538.3166666666667,NORMAL,N,,,,193779,193812,193842,193885,193919,normal
213,987,193990,538.8611111111111,FUSION,F,,,,193974,194062,,194081,194113,negative_monophasic
213,988,194184,539.4,NORMAL,N,,,,194168,194202,194235,194276,194313,normal
213,989,194384,539.9555555555555,FUSION,F,,,,194364,194396,194437,194477,194508,normal
213,990,194577,540.4916666666667,NORMAL,N,,,,194563,194596,194631,194672,194709,normal
213,991,194778,541.05,PVC,V,,,,194749,194791,194793,194878,194901,biphasic_negative_positive
213,992,194983,541.6194444444444,NORMAL,N,,,,194964,195000,195030,195074,195109,normal
213,993,195180,542.1666666666666,FUSION,F,,,,195152,195194,195213,195279,195302,biphasic_negative_positive
213,994,195377,542.7138888888888,NORMAL,N,,,,195360,195393,195430,195469,195502,normal
213,995,195573,543.2583333333333,FUSION,F,,,,195552,195586,195629,195666,195695,normal
213,996,195772,543.8111111111111,NORMAL,N,,,,195755,195790,195823,195863,195896,normal
213,997,195972,544.3666666666667,NORMAL,N,,,,195958,195989,196024,196065,196098,normal
213,998,196171,544.9194444444445,NORMAL,N,,,,196157,196188,196222,196261,196298,normal
213,999,196367,545.4638888888888,NORMAL,N,,,,196352,196383,196411,196454,196494,normal
213,1000,196567,546.0194444444444,NORMAL,N,,,,196548,196583,196612,196654,196688,normal
213,1001,196761,546.5583333333333,NORMAL,N,,,,196746,196778,196812,196852,196886,normal
213,1002,196955,547.0972222222222,NORMAL,N,,,,196940,196971,197004,197040,197077,normal
213,1003,197148,547.6333333333333,FUSION,F,,,,197124,197161,197208,197245,197277,normal
213,1004,197351,548.1972222222222,NORMAL,N,,,,197335,197367,197399,197438,197470,normal
213,1005,197542,548.7277777777778,FUSION,F,,,,197517,197556,197573,197641,197666,biphasic_negative_positive
213,1006,197740,549.2777777777778,NORMAL,N,,,,197723,197757,,197773,197828,positive_monophasic
213,1007,197930,549.8055555555555,PVC,V,,,,197897,197957,197959,198041,198063,biphasic_negative_positive
213,1008,198143,550.3972222222222,NORMAL,N,,,,198129,198159,198195,198235,198267,normal
213,1009,198341,550.9472222222222,FUSION,F,,,,198323,198353,198394,198431,198464,normal
213,1010,198534,551.4833333333333,NORMAL,N,,,,198517,198551,198583,198623,198636,normal
213,1011,198732,552.0333333333333,NORMAL,N,,,,198715,198748,198783,198824,198859,normal
213,1012,198930,552.5833333333334,NORMAL,N,,,,198912,198946,198983,199024,199060,normal
213,1013,199134,553.15,NORMAL,N,,,,199118,199152,,,,
213,1014,199303,553.6194444444444,APC,A,,,,199285,199319,199352,199385,199425,normal
213,1015,199532,554.2555555555556,NORMAL,N,,,,199515,199547,199584,199627,199655,normal
213,1016,199724,554.7888888888889,NORMAL,N,,,,199707,199740,199770,199811,199849,normal
213,1017,199920,555.3333333333334,NORMAL,N,,,,199906,199936,199967,200007,200044,normal
213,1018,200118,555.8833333333333,NORMAL,N,,,,200100,200135,200171,200210,200244,normal
213,1019,200313,556.425,FUSION,F,,,,200294,200328,200368,200405,200434,normal
213,1020,200504,556.9555555555555,NORMAL,N,,,,200485,200521,,200540,200594,positive_monophasic
213,1021,200689,557.4694444444444,PVC,V,,,,200661,200721,200723,200796,200815,biphasic_negative_positive
213,1022,200907,558.075,NORMAL,N,,,,200893,200925,200962,201001,201031,normal
213,1023,201102,558.6166666666667,NORMAL,N,,,,201085,201118,201153,201191,201224,normal
213,1024,201295,559.1527777777778,NORMAL,N,,,,201280,201312,201343,201384,201421,normal
213,1025,201492,559.7,NORMAL,N,,,,201478,201509,201542,201580,201615,normal
213,1026,201688,560.2444444444444,NORMAL,N,,,,201673,201706,201738,201778,201812,normal
213,1027,201883,560.7861111111112,NORMAL,N,,,,201866,201899,201937,201975,202013,normal
213,1028,202085,561.3472222222222,NORMAL,N,,,,202070,202102,202134,202174,202212,normal
213,1029,202282,561.8944444444444,NORMAL,N,,,,202264,202300,202328,202371,202408,normal
213,1030,202483,562.4527777777778,NORMAL,N,,,,202467,202499,202533,202574,202607,normal
213,1031,202675,562.9861111111111,NORMAL,N,,,,202659,202690,202724,202765,202801,normal
213,1032,202870,563.5277777777778,NORMAL,N,,,,202855,202886,202915,202956,202995,normal
213,1033,203070,564.0833333333334,NORMAL,N,,,,203056,203088,203120,203164,203198,normal
213,1034,203272,564.6444444444444,NORMAL,N,,,,203255,203288,203319,203361,203395,normal
213,1035,203466,565.1833333333333,NORMAL,N,,,,203449,203484,203522,203560,203597,normal
213,1036,203666,565.7388888888889,NORMAL,N,,,,203651,203682,203712,203754,203793,normal
213,1037,203856,566.2666666666667,PVC,V,,,,203822,203873,203899,203966,203986,biphasic_negative_positive
213,1038,204063,566.8416666666667,NORMAL,N,,,,204049,204080,204115,204153,204189,normal
213,1039,204239,567.3305555555555,PVC,V,,,,204215,204266,204279,204348,204365,biphasic_negative_positive
213,1040,204457,567.9361111111111,NORMAL,N,,,,204441,204473,204500,204546,204581,normal
213,1041,204658,568.4944444444444,NORMAL,N,,,,204640,204675,204707,204748,204780,normal
213,1042,204857,569.0472222222222,NORMAL,N,,,,204841,204874,204909,204950,204985,normal
213,1043,205058,569.6055555555556,NORMAL,N,,,,205043,205075,205110,205146,205183,normal
213,1044,205251,570.1416666666667,NORMAL,N,,,,205239,205268,205298,205340,205379,normal
213,1045,205455,570.7083333333334,NORMAL,N,,,,205440,205471,205504,205543,205575,normal
213,1046,205645,571.2361111111111,NORMAL,N,,,,205629,205660,205692,205732,205769,normal
213,1047,205839,571.775,NORMAL,N,,,,205826,205854,205886,205925,205965,normal
213,1048,206022,572.2833333333333,PVC,V,,,,205991,206049,206065,206131,206153,biphasic_negative_positive
213,1049,206233,572.8694444444444,NORMAL,N,,,,206217,206249,206282,206322,206354,normal
213,1050,206426,573.4055555555556,NORMAL,N,,,,206409,206443,206482,206519,206555,normal
213,1051,206625,573.9583333333334,NORMAL,N,,,,206607,206641,206673,206714,206755,normal
213,1052,206817,574.4916666666667,PVC,V,,,,206782,206857,206866,206928,206948,biphasic_negative_positive
213,1053,207028,575.0777777777778,NORMAL,N,,,,207013,207044,207078,207118,207150,normal
213,1054,207222,575.6166666666667,FUSION,F,,,,207205,207239,207280,207318,207347,normal
213,1055,207417,576.1583333333333,NORMAL,N,,,,207400,207433,207464,207503,207540,normal
213,1056,207616,576.7111111111111,FUSION,F,,,,207601,207632,207671,207710,207742,normal
213,1057,207814,577.2611111111111,NORMAL,N,,,,207798,207832,207867,207907,207945,normal
213,1058,208016,577.8222222222222,FUSION,F,,,,208001,208032,208069,208107,208144,normal
213,1059,208214,578.3722222222223,NORMAL,N,,,,208195,208231,208263,208305,208342,normal
213,1060,208418,578.9388888888889,FUSION,F,,,,208398,208434,208474,208513,208541,normal
213,1061,208605,579.4583333333334,NORMAL,N,,,,208591,208621,208654,208695,208734,normal
213,1062,208801,580.0027777777777,FUSION,F,,,,208779,208816,208855,208893,208922,normal
213,1063,208997,580.5472222222222,NORMAL,N,,,,208984,209015,209047,209089,209124,normal
213,1064,209194,581.0944444444444,FUSION,F,,,,209176,209210,209251,209288,209319,normal
213,1065,209389,581.6361111111111,NORMAL,N,,,,209371,209406,209442,209481,209515,normal
213,1066,209586,582.1833333333333,FUSION,F,,,,209564,209614,209645,209682,209713,normal
213,1067,209789,582.7472222222223,NORMAL,N,,,,209774,209807,209844,209880,209913,normal
213,1068,209984,583.2888888888889,FUSION,F,,,,209966,210000,210035,210074,210107,normal
213,1069,210178,583.8277777777778,NORMAL,N,,,,210160,210195,210230,210268,210303,normal
213,1070,210371,584.3638888888889,FUSION,F,,,,210354,210387,210418,210459,210494,normal
213,1071,210568,584.9111111111112,NORMAL,N,,,,210550,210585,210617,210659,210693,normal
213,1072,210767,585.4638888888888,NORMAL,N,,,,210749,210784,210821,210860,210897,normal
213,1073,210970,586.0277777777778,NORMAL,N,,,,210952,210986,211022,211060,211097,normal
213,1074,211167,586.575,FUSION,F,,,,211154,211183,211221,211259,211295,normal
213,1075,211371,587.1416666666667,NORMAL,N,,,,211351,211388,211420,211459,211490,normal
213,1076,211562,587.6722222222222,FUSION,F,,,,211541,211578,211621,211661,211688,normal
213,1077,211758,588.2166666666667,NORMAL,N,,,,211744,211775,211809,211847,211882,normal
213,1078,211954,588.7611111111111,FUSION,F,,,,211929,211971,212013,212051,212081,normal
213,1079,212153,589.3138888888889,NORMAL,N,,,,212141,212170,212201,212243,212277,normal
213,1080,212353,589.8694444444444,FUSION,F,,,,212334,212371,,212399,212452,positive_monophasic
213,1081,212526,590.35,NORMAL,N,,,,212512,212542,212578,212615,212657,normal
213,1082,212752,590.9777777777778,FUSION,F,,,,212733,212769,212800,212848,212877,normal
213,1083,212950,591.5277777777778,NORMAL,N,,,,212933,212967,213000,213039,213074,normal
213,1084,213151,592.0861111111111,NORMAL,N,,,,213137,213168,213201,213240,213271,normal
213,1085,213340,592.6111111111111,NORMAL,N,,,,213325,213356,213391,213428,213463,normal
213,1086,213534,593.15,FUSION,F,,,,213516,213550,213582,213624,213663,normal
213,1087,213736,593.7111111111111,NORMAL,N,,,,213717,213754,213787,213829,213865,normal
213,1088,213941,594.2805555555556,FUSION,F,,,,213919,213957,213999,214035,214063,normal
213,1089,214132,594.8111111111111,NORMAL,N,,,,214112,214149,214185,214223,214258,normal
213,1090,214328,595.3555555555556,FUSION,F,,,,214304,214344,214382,214420,214449,normal
213,1091,214520,595.8888888888889,NORMAL,N,,,,214506,214538,214572,214612,214649,normal
213,1092,214722,596.45,FUSION,F,,,,214696,214738,214780,214817,214844,normal
213,1093,214917,596.9916666666667,NORMAL,N,,,,214903,214934,214972,215009,215041,normal
213,1094,215110,597.5277777777778,FUSION,F,,,,215095,215126,215167,215204,215235,normal
213,1095,215309,598.0805555555555,NORMAL,N,,,,215292,215328,215363,215400,215438,normal
213,1096,215515,598.6527777777778,FUSION,F,,,,215487,215532,215549,215617,215642,biphasic_negative_positive
213,1097,215718,599.2166666666667,NORMAL,N,,,,215700,215734,215770,215806,215838,normal
213,1098,215910,599.75,FUSION,F,,,,215892,215926,215966,216006,216036,normal
213,1099,216110,600.3055555555555,NORMAL,N,,,,216092,216127,216157,216198,216236,normal
213,1100,216308,600.8555555555556,FUSION,F,,,,216288,216324,216366,216404,216434,normal
213,1101,216506,601.4055555555556,NORMAL,N,,,,216491,216522,216559,216598,216631,normal
213,1102,216704,601.9555555555555,FUSION,F,,,,216689,216720,216761,216801,216832,normal
213,1103,216904,602.5111111111111,NORMAL,N,,,,216889,216921,216954,216993,217031,normal
213,1104,217104,603.0666666666667,FUSION,F,,,,217076,217121,217136,217206,217231,biphasic_negative_positive
213,1105,217308,603.6333333333333,NORMAL,N,,,,217292,217324,217360,217395,217427,normal
213,1106,217501,604.1694444444445,NORMAL,N,,,,217485,217517,217556,217593,217623,normal
213,1107,217690,604.6944444444445,NORMAL,N,,,,217676,217706,217742,217780,217814,normal
213,1108,217887,605.2416666666667,NORMAL,N,,,,217871,217903,217939,217976,218012,normal
213,1109,218082,605.7833333333333,NORMAL,N,,,,218070,218099,218131,218172,218208,normal
213,1110,218286,606.35,NORMAL,N,,,,218266,218303,218335,218376,218408,normal
213,1111,218484,606.9,NORMAL,N,,,,218469,218501,218537,218576,218613,normal
213,1112,218686,607.4611111111111,NORMAL,N,,,,218671,218703,218732,218773,218811,normal
213,1113,218879,607.9972222222223,FUSION,F,,,,218860,218897,218929,218970,219000,normal
213,1114,219084,608.5666666666667,NORMAL,N,,,,219068,219100,219132,219173,219203,normal
213,1115,219273,609.0916666666667,NORMAL,N,,,,219261,219289,219319,219359,219399,normal
213,1116,219471,609.6416666666667,PVC,V,,,,219440,219488,219490,219571,219596,biphasic_negative_positive
213,1117,219677,610.2138888888888,NORMAL,N,,,,219661,219694,219731,219773,219805,normal
213,1118,219878,610.7722222222222,PVC,V,,,,219852,219894,219896,219976,219995,biphasic_negative_positive
213,1119,220071,611.3083333333333,NORMAL,N,,,,220059,220089,220120,220163,220202,normal
213,1120,220257,611.825,PVC,V,,,,220230,220285,220300,220361,220380,biphasic_negative_positive
213,1121,220471,612.4194444444445,NORMAL,N,,,,220455,220488,220524,220564,220593,normal
213,1122,220665,612.9583333333334,FUSION,F,,,,220652,220681,220717,220754,220793,normal
213,1123,220869,613.525,NORMAL,N,,,,220853,220886,220919,220956,220986,normal
213,1124,221058,614.05,NORMAL,N,,,,221042,221074,221107,221146,221186,normal
213,1125,221260,614.6111111111111,NORMAL,N,,,,221247,221277,221310,221348,221385,normal
213,1126,221461,615.1694444444445,NORMAL,N,,,,221445,221479,221513,221552,221588,normal
213,1127,221659,615.7194444444444,NORMAL,N,,,,221641,221674,221708,221745,221782,normal
213,1128,221850,616.25,NORMAL,N,,,,221831,221867,221901,221939,221978,normal
213,1129,222049,616.8027777777778,NORMAL,N,,,,222034,222064,222098,222138,222169,normal
213,1130,222240,617.3333333333334,NORMAL,N,,,,222224,222255,222292,222330,222365,normal
213,1131,222436,617.8777777777777,NORMAL,N,,,,222420,222454,222485,222525,222566,normal
213,1132,222628,618.4111111111112,PVC,V,,,,222595,222657,222659,222741,222760,biphasic_negative_positive
213,1133,222839,618.9972222222223,NORMAL,N,,,,222822,222855,222889,222929,222962,normal
213,1134,223033,619.5361111111112,NORMAL,N,,,,223017,223050,223087,223126,223162,normal
213,1135,223231,620.0861111111111,NORMAL,N,,,,223214,223247,223278,223317,223353,normal
213,1136,223429,620.6361111111111,NORMAL,N,,,,223410,223446,223481,223519,223549,normal
213,1137,223620,621.1666666666666,NORMAL,N,,,,223606,223636,223673,223712,223746,normal
213,1138,223819,621.7194444444444,NORMAL,N,,,,223800,223834,223866,223905,223941,normal
213,1139,224011,622.2527777777777,NORMAL,N,,,,223996,224029,224060,224103,224141,normal
213,1140,224219,622.8305555555555,NORMAL,N,,,,224204,224236,224270,224310,224340,normal
213,1141,224414,623.3722222222223,NORMAL,N,,,,224399,224431,224468,224508,224544,normal
213,1142,224615,623.9305555555555,FUSION,F,,,,224592,224631,224673,224709,224734,normal
213,1143,224810,624.4722222222222,NORMAL,N,,,,224795,224828,224858,224902,224938,normal
213,1144,224995,624.9861111111111,PVC,V,,,,224954,225022,225024,225101,225120,biphasic_negative_positive
213,1145,225208,625.5777777777778,NORMAL,N,,,,225192,225225,225258,225300,225331,normal
213,1146,225386,626.0722222222222,PVC,V,,,,225359,225430,225454,225497,225518,normal
213,1147,225608,626.6888888888889,NORMAL,N,,,,225591,225625,,225641,225701,positive_monophasic
213,1148,225795,627.2083333333334,PVC,V,,,,225768,225823,225825,225902,225919,biphasic_negative_positive
213,1149,226015,627.8194444444445,NORMAL,N,,,,225998,226031,226068,226108,226138,normal
213,1150,226208,628.3555555555556,NORMAL,N,,,,226190,226224,226256,226295,226328,normal
213,1151,226400,628.8888888888889,NORMAL,N,,,,226384,226417,226451,226488,226525,normal
213,1152,226595,629.4305555555555,NORMAL,N,,,,226583,226611,226642,226686,226722,normal
213,1153,226800,630.0,NORMAL,N,,,,226785,226816,226847,226886,226916,normal
213,1154,226987,630.5194444444444,NORMAL,N,,,,226971,227003,227040,227079,227114,normal
213,1155,227185,631.0694444444445,NORMAL,N,,,,227171,227201,227233,227274,227311,normal
213,1156,227385,631.625,NORMAL,N,,,,227367,227402,227433,227478,227516,normal
213,1157,227592,632.2,NORMAL,N,,,,227576,227608,227641,227682,227712,normal
213,1158,227782,632.7277777777778,FUSION,F,,,,227765,227798,227838,227877,227906,normal
213,1159,227977,633.2694444444444,NORMAL,N,,,,227960,227992,228029,228066,228101,normal
213,1160,228156,633.7666666666667,PVC,V,,,,228125,228181,228183,228262,228282,biphasic_negative_positive
213,1161,228374,634.3722222222223,NORMAL,N,,,,228354,228391,228424,228469,228501,normal
213,1162,228580,634.9444444444445,PVC,V,,,,228547,228598,228616,228682,228700,biphasic_negative_positive
213,1163,228780,635.5,NORMAL,N,,,,228763,228796,228832,228871,228906,normal
213,1164,228980,636.0555555555555,FUSION,F,,,,228961,228996,,229023,229072,positive_monophasic
213,1165,229136,636.4888888888889,APC,A,,,,229122,229153,229186,229218,229253,normal
213,1166,229372,637.1444444444444,NORMAL,N,,,,229356,229388,229424,229468,229493,normal
213,1167,229566,637.6833333333333,NORMAL,N,,,,229550,229582,229614,229654,229693,normal
213,1168,229769,638.2472222222223,NORMAL,N,,,,229753,229785,229818,229856,229888,normal
213,1169,229965,638.7916666666666,NORMAL,N,,,,229948,229982,230018,230057,230092,normal
213,1170,230165,639.3472222222222,NORMAL,N,,,,230150,230181,230215,230253,230291,normal
213,1171,230364,639.9,NORMAL,N,,,,230347,230382,230415,230456,230496,normal
213,1172,230568,640.4666666666667,NORMAL,N,,,,230553,230584,230619,230657,230689,normal
213,1173,230761,641.0027777777777,NORMAL,N,,,,230744,230777,230814,230826,230851,normal
213,1174,230946,641.5166666666667,PVC,V,,,,230912,230950,230961,231050,231069,biphasic_negative_positive
213,1175,231151,642.0861111111111,NORMAL,N,,,,231135,231168,231202,231242,231275,normal
213,1176,231337,642.6027777777778,FUSION,F,,,,231306,231352,231354,231439,231464,biphasic_negative_positive
213,1177,231558,643.2166666666667,NORMAL,N,,,,231539,231574,231610,231653,231685,normal
213,1178,231757,643.7694444444444,NORMAL,N,,,,231745,231774,,,,
213,1179,231908,644.1888888888889,APC,A,,,,231892,231925,231960,231994,232029,normal
213,1180,232143,644.8416666666667,NORMAL,N,,,,232130,232159,232192,232239,232265,normal
213,1181,232343,645.3972222222222,NORMAL,N,,,,232325,232359,232393,232431,232463,normal
213,1182,232536,645.9333333333333,NORMAL,N,,,,232522,232554,232583,232626,232665,normal
213,1183,232743,646.5083333333333,NORMAL,N,,,,232728,232758,232791,232830,232862,normal
213,1184,232938,647.05,NORMAL,N,,,,232923,232955,232990,233032,233065,normal
213,1185,233136,647.6,NORMAL,N,,,,233119,233152,233183,233225,233266,normal
213,1186,233339,648.1638888888889,NORMAL,N,,,,233324,233357,233393,233433,233469,normal
213,1187,233542,648.7277777777778,NORMAL,N,,,,233526,233559,,233577,233629,positive_monophasic
213,1188,233709,649.1916666666667,APC,A,,,,233693,233725,233759,233794,233834,normal
213,1189,233930,649.8055555555555,NORMAL,N,,,,233913,233946,233983,234023,234053,normal
213,1190,234129,650.3583333333333,NORMAL,N,,,,234114,234147,234180,234221,234253,normal
213,1191,234331,650.9194444444445,NORMAL,N,,,,234315,234348,234383,234424,234461,normal
213,1192,234534,651.4833333333333,NORMAL,N,,,,234516,234551,234583,234622,234661,normal
213,1193,234732,652.0333333333333,NORMAL,N,,,,234715,234749,234780,234821,234857,normal
213,1194,234933,652.5916666666667,NORMAL,N,,,,234916,234949,234982,235022,235054,normal
213,1195,235123,653.1194444444444,NORMAL,N,,,,235106,235139,235176,235215,235250,normal
213,1196,235321,653.6694444444445,NORMAL,N,,,,235303,235337,235366,235405,235444,normal
213,1197,235515,654.2083333333334,NORMAL,N,,,,235499,235532,235566,235606,235644,normal
213,1198,235718,654.7722222222222,NORMAL,N,,,,235702,235734,235766,235806,235837,normal
213,1199,235911,655.3083333333333,NORMAL,N,,,,235893,235928,235966,236006,236041,normal
213,1200,236110,655.8611111111111,NORMAL,N,,,,236094,236127,236160,236200,236241,normal
213,1201,236315,656.4305555555555,NORMAL,N,,,,236300,236332,236367,236406,236442,normal
213,1202,236515,656.9861111111111,NORMAL,N,,,,236501,236532,236567,236606,236638,normal
213,1203,236712,657.5333333333333,NORMAL,N,,,,236696,236728,236766,236804,236836,normal
213,1204,236906,658.0722222222222,NORMAL,N,,,,236891,236923,236955,236993,237033,normal
213,1205,237108,658.6333333333333,NORMAL,N,,,,237092,237126,237158,237198,237234,normal
213,1206,237309,659.1916666666667,NORMAL,N,,,,237292,237325,237365,237403,237435,normal
213,1207,237509,659.7472222222223,NORMAL,N,,,,237491,237526,237565,237603,237636,normal
213,1208,237708,660.3,NORMAL,N,,,,237691,237724,237759,237800,237835,normal
213,1209,237908,660.8555555555556,NORMAL,N,,,,237894,237925,237960,238000,238031,normal
213,1210,238103,661.3972222222222,NORMAL,N,,,,238088,238120,238147,238192,238230,normal
213,1211,238307,661.9638888888888,NORMAL,N,,,,238293,238323,238352,238394,238427,normal
213,1212,238505,662.5138888888889,NORMAL,N,,,,238486,238522,238561,238600,238633,normal
213,1213,238703,663.0638888888889,NORMAL,N,,,,238686,238719,238753,238793,238827,normal
213,1214,238899,663.6083333333333,NORMAL,N,,,,238884,238917,238949,238992,239029,normal
213,1215,239107,664.1861111111111,NORMAL,N,,,,239089,239124,239158,239199,239230,normal
213,1216,239310,664.75,NORMAL,N,,,,239291,239326,239361,239401,239434,normal
213,1217,239505,665.2916666666666,NORMAL,N,,,,239490,239522,239555,239592,239628,normal
213,1218,239702,665.8388888888888,NORMAL,N,,,,239687,239720,239750,239789,239824,normal
213,1219,239900,666.3888888888889,NORMAL,N,,,,239884,239915,239948,239989,240020,normal
213,1220,240095,666.9305555555555,NORMAL,N,,,,240079,240111,240145,240185,240220,normal
213,1221,240293,667.4805555555556,NORMAL,N,,,,240276,240310,240347,240388,240424,normal
213,1222,240500,668.0555555555555,NORMAL,N,,,,240487,240515,240548,240588,240625,normal
213,1223,240698,668.6055555555556,NORMAL,N,,,,240681,240715,240747,240790,240821,normal
213,1224,240895,669.1527777777778,NORMAL,N,,,,240881,240912,240946,240983,241017,normal
213,1225,241086,669.6833333333333,NORMAL,N,,,,241073,241102,241138,241178,241212,normal
213,1226,241283,670.2305555555556,NORMAL,N,,,,241271,241300,241331,241370,241408,normal
213,1227,241486,670.7944444444445,NORMAL,N,,,,241470,241504,241538,241579,241610,normal
213,1228,241684,671.3444444444444,NORMAL,N,,,,241668,241699,241731,241773,241806,normal
213,1229,241881,671.8916666666667,NORMAL,N,,,,241866,241899,241936,241975,242009,normal
213,1230,242082,672.45,NORMAL,N,,,,242063,242099,242133,242172,242211,normal
213,1231,242289,673.025,NORMAL,N,,,,242275,242306,242340,242379,242411,normal
213,1232,242485,673.5694444444445,NORMAL,N,,,,242469,242503,242537,242575,242608,normal
213,1233,242682,674.1166666666667,NORMAL,N,,,,242663,242698,242736,242772,242805,normal
213,1234,242876,674.6555555555556,NORMAL,N,,,,242864,242893,242923,242964,243004,normal
213,1235,243079,675.2194444444444,NORMAL,N,,,,243061,243096,243130,243169,243204,normal
213,1236,243280,675.7777777777778,NORMAL,N,,,,243264,243296,243333,243374,243410,normal
213,1237,243482,676.3388888888888,NORMAL,N,,,,243467,243499,243529,243569,243606,normal
213,1238,243678,676.8833333333333,NORMAL,N,,,,243660,243696,243730,243770,243807,normal
213,1239,243881,677.4472222222222,NORMAL,N,,,,243865,243897,243932,243970,244001,normal
213,1240,244071,677.975,NORMAL,N,,,,244055,244087,244124,244159,244196,normal
213,1241,244266,678.5166666666667,NORMAL,N,,,,244246,244283,244313,244354,244391,normal
213,1242,244469,679.0805555555555,NORMAL,N,,,,244452,244487,244523,244561,244593,normal
213,1243,244664,679.6222222222223,NORMAL,N,,,,244650,244680,244717,244754,244791,normal
213,1244,244864,680.1777777777778,NORMAL,N,,,,244848,244881,244914,244952,244990,normal
213,1245,245063,680.7305555555556,NORMAL,N,,,,245044,245081,245115,245155,245191,normal
213,1246,245270,681.3055555555555,NORMAL,N,,,,245254,245287,245321,245359,245393,normal
213,1247,245463,681.8416666666667,NORMAL,N,,,,245447,245479,245515,245553,245589,normal
213,1248,245660,682.3888888888889,NORMAL,N,,,,245641,245676,245708,245747,245786,normal
213,1249,245857,682.9361111111111,NORMAL,N,,,,245842,245873,245907,245945,245980,normal
213,1250,246055,683.4861111111111,NORMAL,N,,,,246040,246072,246105,246146,246182,normal
213,1251,246256,684.0444444444445,NORMAL,N,,,,246241,246274,246308,246349,246389,normal
213,1252,246462,684.6166666666667,NORMAL,N,,,,246445,246479,246508,246550,246588,normal
213,1253,246663,685.175,NORMAL,N,,,,246647,246680,246716,246755,246788,normal
213,1254,246860,685.7222222222222,NORMAL,N,,,,246845,246876,246905,246944,246982,normal
213,1255,247052,686.2555555555556,NORMAL,N,,,,247035,247069,247103,247142,247180,normal
213,1256,247252,686.8111111111111,NORMAL,N,,,,247238,247270,247302,247343,247377,normal
213,1257,247452,687.3666666666667,NORMAL,N,,,,247436,247468,247503,247541,247577,normal
213,1258,247645,687.9027777777778,NORMAL,N,,,,247631,247662,247692,247734,247774,normal
213,1259,247850,688.4722222222222,NORMAL,N,,,,247833,247867,247901,247940,247972,normal
213,1260,248047,689.0194444444444,NORMAL,N,,,,248029,248064,248100,248140,248176,normal
213,1261,248249,689.5805555555555,NORMAL,N,,,,248234,248265,248295,248334,248374,normal
213,1262,248442,690.1166666666667,NORMAL,N,,,,248427,248459,248491,248533,248569,normal
213,1263,248644,690.6777777777778,NORMAL,N,,,,248629,248660,248692,248732,248764,normal
213,1264,248834,691.2055555555555,NORMAL,N,,,,248819,248850,248885,248924,248960,normal
213,1265,249032,691.7555555555556,NORMAL,N,,,,249014,249049,249080,249123,249162,normal
213,1266,249239,692.3305555555555,NORMAL,N,,,,249221,249256,249292,249331,249366,normal
213,1267,249440,692.8888888888889,NORMAL,N,,,,249426,249457,249492,249531,249564,normal
213,1268,249638,693.4388888888889,NORMAL,N,,,,249623,249654,249686,249727,249766,normal
213,1269,249837,693.9916666666667,NORMAL,N,,,,249820,249854,249883,249921,249957,normal
213,1270,250033,694.5361111111112,NORMAL,N,,,,250017,250050,250085,250124,250155,normal
213,1271,250226,695.0722222222222,NORMAL,N,,,,250211,250242,250279,250317,250352,normal
213,1272,250425,695.625,NORMAL,N,,,,250407,250442,250477,250516,250551,normal
213,1273,250622,696.1722222222222,NORMAL,N,,,,250607,250639,250670,250713,250751,normal
213,1274,250832,696.7555555555556,NORMAL,N,,,,250816,250848,250882,250923,250954,normal
213,1275,251030,697.3055555555555,NORMAL,N,,,,251015,251047,251083,251124,251160,normal
213,1276,251229,697.8583333333333,NORMAL,N,,,,251213,251246,251276,251315,251353,normal
213,1277,251428,698.4111111111112,NORMAL,N,,,,251413,251445,251477,251520,251556,normal
213,1278,251630,698.9722222222222,NORMAL,N,,,,251616,251646,251679,251718,251751,normal
213,1279,251822,699.5055555555556,NORMAL,N,,,,251806,251838,251874,251912,251946,normal
213,1280,252020,700.0555555555555,NORMAL,N,,,,252003,252037,252069,252111,252151,normal
213,1281,252228,700.6333333333333,NORMAL,N,,,,252211,252246,252278,252320,252356,normal
213,1282,252430,701.1944444444445,NORMAL,N,,,,252410,252447,252481,252519,252553,normal
213,1283,252627,701.7416666666667,NORMAL,N,,,,252613,252643,252674,252713,252751,normal
213,1284,252818,702.2722222222222,NORMAL,N,,,,252805,252835,252862,252903,252940,normal
213,1285,253017,702.825,NORMAL,N,,,,253002,253034,253065,253105,253138,normal
213,1286,253210,703.3611111111111,NORMAL,N,,,,253195,253227,253259,253301,253340,normal
213,1287,253410,703.9166666666666,NORMAL,N,,,,253396,253427,253457,253496,253534,normal
213,1288,253606,704.4611111111111,NORMAL,N,,,,253589,253623,253659,253697,253732,normal
213,1289,253805,705.0138888888889,NORMAL,N,,,,253790,253821,253853,253893,253931,normal
213,1290,254003,705.5638888888889,NORMAL,N,,,,253986,254020,254052,254094,254134,normal
213,1291,254203,706.1194444444444,NORMAL,N,,,,254189,254220,254251,254291,254326,normal
213,1292,254401,706.6694444444445,NORMAL,N,,,,254384,254418,254451,254491,254526,normal
213,1293,254596,707.2111111111111,NORMAL,N,,,,254582,254611,254644,254681,254719,normal
213,1294,254791,707.7527777777777,NORMAL,N,,,,254777,254809,254839,254882,254921,normal
213,1295,254998,708.3277777777778,NORMAL,N,,,,254981,255016,255049,255092,255127,normal
213,1296,255203,708.8972222222222,NORMAL,N,,,,255186,255220,255255,255293,255329,normal
213,1297,255401,709.4472222222222,NORMAL,N,,,,255385,255417,255447,255487,255528,normal
213,1298,255602,710.0055555555556,NORMAL,N,,,,255586,255619,255651,255690,255724,normal
213,1299,255797,710.5472222222222,NORMAL,N,,,,255780,255813,255846,255886,255921,normal
213,1300,255995,711.0972222222222,NORMAL,N,,,,255978,256010,256041,256080,256118,normal
213,1301,256189,711.6361111111111,NORMAL,N,,,,256174,256205,256238,256281,256318,normal
213,1302,256389,712.1916666666667,NORMAL,N,,,,256374,256406,256438,256477,256510,normal
213,1303,256584,712.7333333333333,NORMAL,N,,,,256564,256600,256638,256675,256714,normal
213,1304,256784,713.2888888888889,NORMAL,N,,,,256770,256802,256835,256874,256914,normal
213,1305,256990,713.8611111111111,NORMAL,N,,,,256974,257008,257041,257080,257111,normal
213,1306,257183,714.3972222222222,NORMAL,N,,,,257168,257198,257232,257271,257309,normal
213,1307,257380,714.9444444444445,NORMAL,N,,,,257363,257397,257428,257467,257506,normal
213,1308,257578,715.4944444444444,NORMAL,N,,,,257563,257594,257625,257665,257699,normal
213,1309,257774,716.0388888888889,NORMAL,N,,,,257757,257790,257826,257865,257900,normal
213,1310,257972,716.5888888888888,NORMAL,N,,,,257956,257987,258021,258060,258101,normal
213,1311,258175,717.1527777777778,NORMAL,N,,,,258160,258194,258224,258266,258303,normal
213,1312,258378,717.7166666666667,NORMAL,N,,,,258363,258394,258426,258468,258502,normal
213,1313,258576,718.2666666666667,NORMAL,N,,,,258560,258592,258624,258661,258700,normal
213,1314,258769,718.8027777777778,NORMAL,N,,,,258753,258785,258814,258859,258897,normal
213,1315,258970,719.3611111111111,NORMAL,N,,,,258955,258986,259019,259060,259093,normal
213,1316,259165,719.9027777777778,NORMAL,N,,,,259148,259182,259220,259259,259296,normal
213,1317,259365,720.4583333333334,NORMAL,N,,,,259351,259381,259416,259456,259491,normal
213,1318,259567,721.0194444444444,NORMAL,N,,,,259550,259583,259620,259660,259694,normal
213,1319,259766,721.5722222222222,NORMAL,N,,,,259751,259784,259814,259858,259896,normal
213,1320,259975,722.1527777777778,NORMAL,N,,,,259961,259994,260024,260068,260100,normal
213,1321,260174,722.7055555555555,NORMAL,N,,,,260158,260190,260224,260263,260300,normal
213,1322,260372,723.2555555555556,NORMAL,N,,,,260356,260391,260416,260458,260496,normal
213,1323,260570,723.8055555555555,NORMAL,N,,,,260552,260586,260617,260659,260691,normal
213,1324,260765,724.3472222222222,NORMAL,N,,,,260746,260781,260813,260852,260895,normal
213,1325,260967,724.9083333333333,NORMAL,N,,,,260951,260983,261012,261058,261098,normal
213,1326,261174,725.4833333333333,NORMAL,N,,,,261154,261190,261224,261263,261295,normal
213,1327,261365,726.0138888888889,NORMAL,N,,,,261352,261382,261413,261452,261494,normal
213,1328,261564,726.5666666666667,NORMAL,N,,,,261548,261581,261609,261651,261687,normal
213,1329,261760,727.1111111111111,NORMAL,N,,,,261743,261776,261811,261852,261884,normal
213,1330,261953,727.6472222222222,NORMAL,N,,,,261936,261969,262004,262042,262080,normal
213,1331,262153,728.2027777777778,NORMAL,N,,,,262136,262170,262199,262240,262279,normal
213,1332,262349,728.7472222222223,NORMAL,N,,,,262332,262365,262395,262439,262469,normal
213,1333,262539,729.275,NORMAL,N,,,,262521,262556,262591,262628,262669,normal
213,1334,262749,729.8583333333333,NORMAL,N,,,,262736,262767,262799,262842,262883,normal
213,1335,262958,730.4388888888889,NORMAL,N,,,,262942,262975,263005,263045,263079,normal
213,1336,263156,730.9888888888889,NORMAL,N,,,,263142,263173,263206,263246,263282,normal
213,1337,263353,731.5361111111112,NORMAL,N,,,,263338,263370,263399,263439,263480,normal
213,1338,263552,732.0888888888888,NORMAL,N,,,,263540,263569,263601,263644,263676,normal
213,1339,263750,732.6388888888889,NORMAL,N,,,,263736,263768,263802,263841,263881,normal
213,1340,263953,733.2027777777778,NORMAL,N,,,,263937,263971,264003,264046,264085,normal
213,1341,264160,733.7777777777778,NORMAL,N,,,,264146,264177,264206,264248,264281,normal
213,1342,264356,734.3222222222222,NORMAL,N,,,,264338,264373,264408,264448,264486,normal
213,1343,264555,734.875,NORMAL,N,,,,264538,264571,264601,264640,264679,normal
213,1344,264750,735.4166666666666,NORMAL,N,,,,264734,264767,264797,264839,264874,normal
213,1345,264945,735.9583333333334,NORMAL,N,,,,264927,264962,264995,265035,265073,normal
213,1346,265149,736.525,NORMAL,N,,,,265134,265165,265197,265234,265272,normal
213,1347,265343,737.0638888888889,NORMAL,N,,,,265324,265361,265388,265434,265473,normal
213,1348,265549,737.6361111111111,NORMAL,N,,,,265532,265565,265596,265638,265672,normal
213,1349,265744,738.1777777777778,NORMAL,N,,,,265726,265760,265791,265832,265873,normal
213,1350,265947,738.7416666666667,NORMAL,N,,,,265932,265963,265992,266034,266068,normal
213,1351,266141,739.2805555555556,NORMAL,N,,,,266123,266157,266193,266231,266267,normal
213,1352,266337,739.825,NORMAL,N,,,,266318,266352,266388,266426,266462,normal
213,1353,266531,740.3638888888889,NORMAL,N,,,,266517,266547,266581,266621,266657,normal
213,1354,266729,740.9138888888889,NORMAL,N,,,,266710,266747,266775,266821,266860,normal
213,1355,266940,741.5,NORMAL,N,,,,266926,266958,266993,267036,267065,normal
213,1356,267140,742.0555555555555,NORMAL,N,,,,267126,267156,267190,267228,267264,normal
213,1357,267336,742.6,NORMAL,N,,,,267322,267354,267385,267426,267465,normal
213,1358,267537,743.1583333333333,NORMAL,N,,,,267523,267554,267579,267626,267661,normal
213,1359,267741,743.725,NORMAL,N,,,,267725,267758,267788,267831,267863,normal
213,1360,267938,744.2722222222222,NORMAL,N,,,,267923,267956,267988,268027,268068,normal
213,1361,268140,744.8333333333334,NORMAL,N,,,,268125,268156,268182,268225,268260,normal
213,1362,268338,745.3833333333333,NORMAL,N,,,,268320,268355,268384,268430,268465,normal
213,1363,268537,745.9361111111111,NORMAL,N,,,,268522,268555,268585,268625,268665,normal
213,1364,268739,746.4972222222223,NORMAL,N,,,,268725,268756,268785,268832,268873,normal
213,1365,268943,747.0638888888889,NORMAL,N,,,,268925,268960,268988,269031,269065,normal
213,1366,269138,747.6055555555556,NORMAL,N,,,,269123,269155,269187,269228,269264,normal
213,1367,269333,748.1472222222222,NORMAL,N,,,,269318,269349,269378,269420,269458,normal
213,1368,269529,748.6916666666667,NORMAL,N,,,,269514,269546,269576,269619,269654,normal
213,1369,269730,749.25,NORMAL,N,,,,269713,269747,269778,269820,269859,normal
213,1370,269932,749.8111111111111,NORMAL,N,,,,269918,269949,269978,270020,270061,normal
213,1371,270132,750.3666666666667,NORMAL,N,,,,270116,270149,270182,270221,270257,normal
213,1372,270335,750.9305555555555,NORMAL,N,,,,270319,270353,270384,270424,270458,normal
213,1373,270527,751.4638888888888,NORMAL,N,,,,270513,270543,270572,270613,270652,normal
213,1374,270725,752.0138888888889,NORMAL,N,,,,270709,270742,270769,270810,270846,normal
213,1375,270922,752.5611111111111,NORMAL,N,,,,270903,270938,270972,271013,271046,normal
213,1376,271119,753.1083333333333,NORMAL,N,,,,271105,271134,271167,271207,271244,normal
213,1377,271315,753.6527777777778,NORMAL,N,,,,271300,271333,271364,271406,271447,normal
213,1378,271520,754.2222222222222,NORMAL,N,,,,271501,271538,271571,271612,271649,normal
213,1379,271725,754.7916666666666,NORMAL,N,,,,271708,271742,271775,271817,271851,normal
213,1380,271921,755.3361111111111,NORMAL,N,,,,271902,271938,271965,272007,272047,normal
213,1381,272121,755.8916666666667,NORMAL,N,,,,272104,272138,272170,272212,272247,normal
213,1382,272319,756.4416666666667,NORMAL,N,,,,272306,272336,272369,272408,272443,normal
213,1383,272513,756.9805555555556,NORMAL,N,,,,272499,272531,272567,272608,272641,normal
213,1384,272718,757.55,NORMAL,N,,,,272702,272736,272765,272809,272848,normal
213,1385,272925,758.125,NORMAL,N,,,,272910,272942,272976,273014,273051,normal
213,1386,273123,758.675,NORMAL,N,,,,273106,273139,273169,273210,273253,normal
213,1387,273325,759.2361111111111,NORMAL,N,,,,273311,273343,273372,273414,273448,normal
213,1388,273519,759.775,NORMAL,N,,,,273501,273535,273568,273609,273646,normal
213,1389,273717,760.325,NORMAL,N,,,,273699,273733,273765,273802,273840,normal
213,1390,273911,760.8638888888889,NORMAL,N,,,,273895,273928,273959,274001,274041,normal
213,1391,274112,761.4222222222222,NORMAL,N,,,,274098,274129,274157,274201,274235,normal
213,1392,274310,761.9722222222222,NORMAL,N,,,,274290,274327,274360,274401,274436,normal
213,1393,274506,762.5166666666667,NORMAL,N,,,,274491,274523,274558,274598,274637,normal
213,1394,274710,763.0833333333334,NORMAL,N,,,,274694,274728,274754,274798,274837,normal
213,1395,274909,763.6361111111111,FUSION,F,,,,274887,274926,274969,275005,275036,normal
213,1396,275108,764.1888888888889,NORMAL,N,,,,275092,275125,275157,275196,275230,normal
213,1397,275300,764.7222222222222,FUSION,F,,,,275282,275316,275353,275391,275423,normal
213,1398,275498,765.2722222222222,NORMAL,N,,,,275481,275515,275542,275588,275627,normal
213,1399,275705,765.8472222222222,PVC,V,,,,275674,275722,275724,275807,275832,biphasic_negative_positive
213,1400,275910,766.4166666666666,NORMAL,N,,,,275894,275926,275956,275996,276034,normal
213,1401,276105,766.9583333333334,PVC,V,,,,276080,276133,276135,276206,276230,biphasic_negative_positive
213,1402,276310,767.5277777777778,NORMAL,N,,,,276292,276327,276360,276400,276433,normal
213,1403,276505,768.0694444444445,FUSION,F,,,,276485,276521,276560,276600,276632,normal
213,1404,276704,768.6222222222223,NORMAL,N,,,,276692,276721,276749,276791,276830,normal
213,1405,276908,769.1888888888889,FUSION,F,,,,276892,276925,276966,277005,277033,normal
213,1406,277102,769.7277777777778,NORMAL,N,,,,277085,277118,277150,277190,277228,normal
213,1407,277303,770.2861111111112,FUSION,F,,,,277288,277320,277361,277398,277432,normal
213,1408,277509,770.8583333333333,NORMAL,N,,,,277491,277526,277558,277601,277634,normal
213,1409,277711,771.4194444444445,FUSION,F,,,,277696,277728,277763,277802,277833,normal
213,1410,277906,771.9611111111111,NORMAL,N,,,,277890,277922,277952,277995,278032,normal
213,1411,278101,772.5027777777777,PVC,V,,,,278064,278125,278140,278204,278223,biphasic_negative_positive
213,1412,278300,773.0555555555555,NORMAL,N,,,,278285,278316,278347,278388,278426,normal
213,1413,278498,773.6055555555556,PVC,V,,,,278468,278514,278516,278594,278619,biphasic_negative_positive
213,1414,278700,774.1666666666666,NORMAL,N,,,,278684,278717,278751,278794,278829,normal
213,1415,278903,774.7305555555556,PVC,V,,,,278875,278930,278932,278998,279025,biphasic_negative_positive
213,1416,279099,775.275,NORMAL,N,,,,279084,279117,,279135,279187,positive_monophasic
213,1417,279289,775.8027777777778,PVC,V,,,,279258,279314,279331,279396,279413,biphasic_negative_positive
213,1418,279498,776.3833333333333,NORMAL,N,,,,279481,279515,279549,279589,279621,normal
213,1419,279692,776.9222222222222,FUSION,F,,,,279667,279708,279710,279789,279812,biphasic_negative_positive
213,1420,279893,777.4805555555556,NORMAL,N,,,,279879,279911,279938,279981,280018,normal
213,1421,280092,778.0333333333333,FUSION,F,,,,280059,280109,280111,280192,280216,biphasic_negative_positive
213,1422,280294,778.5944444444444,NORMAL,N,,,,280278,280310,280345,280384,280420,normal
213,1423,280492,779.1444444444444,FUSION,F,,,,280467,280508,280553,280591,280619,normal
213,1424,280698,779.7166666666667,NORMAL,N,,,,280685,280716,280742,280787,280826,normal
213,1425,280902,780.2833333333333,FUSION,F,,,,280880,280919,280963,281001,281031,normal
213,1426,281099,780.8305555555555,NORMAL,N,,,,281084,281116,281148,281186,281222,normal
213,1427,281292,781.3666666666667,FUSION,F,,,,281267,281308,281347,281386,281417,normal
213,1428,281491,781.9194444444445,NORMAL,N,,,,281476,281509,281536,281582,281620,normal
213,1429,281699,782.4972222222223,FUSION,F,,,,281668,281718,281720,281805,281829,biphasic_negative_positive
213,1430,281903,783.0638888888889,NORMAL,N,,,,281888,281919,281951,281990,282026,normal
213,1431,282095,783.5972222222222,FUSION,F,,,,282067,282112,282114,282193,282219,biphasic_negative_positive
213,1432,282294,784.15,NORMAL,N,,,,282282,282311,282338,282380,282417,normal
213,1433,282478,784.6611111111112,PVC,V,,,,282447,282513,282515,282585,282604,biphasic_negative_positive
213,1434,282688,785.2444444444444,NORMAL,N,,,,282668,282704,282737,282779,282812,normal
213,1435,282885,785.7916666666666,PVC,V,,,,282856,282902,282940,282980,283000,normal
213,1436,283078,786.3277777777778,NORMAL,N,,,,283062,283095,283122,283169,283207,normal
213,1437,283285,786.9027777777778,PVC,V,,,,283252,283302,283304,283385,283406,biphasic_negative_positive
213,1438,283481,787.4472222222222,NORMAL,N,,,,283465,283498,283531,283573,283609,normal
213,1439,283682,788.0055555555556,FUSION,F,,,,283666,283698,283730,283772,283805,normal
213,1440,283876,788.5444444444445,NORMAL,N,,,,283863,283891,283920,283966,284003,normal
213,1441,284078,789.1055555555556,NORMAL,N,,,,284061,284095,284126,284168,284199,normal
213,1442,284271,789.6416666666667,NORMAL,N,,,,284252,284288,284323,284362,284397,normal
213,1443,284469,790.1916666666667,NORMAL,N,,,,284454,284486,284523,284561,284597,normal
213,1444,284673,790.7583333333333,NORMAL,N,,,,284655,284691,284722,284765,284805,normal
213,1445,284878,791.3277777777778,NORMAL,N,,,,284863,284895,284925,284968,285000,normal
213,1446,285078,791.8833333333333,NORMAL,N,,,,285060,285095,285132,285172,285206,normal
213,1447,285276,792.4333333333333,FUSION,F,,,,285252,285291,285329,285366,285395,normal
213,1448,285470,792.9722222222222,NORMAL,N,,,,285456,285487,285514,285557,285596,normal
213,1449,285659,793.4972222222223,PVC,V,,,,285625,285685,285687,285771,285787,biphasic_negative_positive
213,1450,285875,794.0972222222222,NORMAL,N,,,,285859,285892,285922,285964,285996,normal
213,1451,286068,794.6333333333333,PVC,V,,,,286040,286085,286101,286170,286190,biphasic_negative_positive
213,1452,286269,795.1916666666667,NORMAL,N,,,,286256,286286,286315,286356,286397,normal
213,1453,286455,795.7083333333334,PVC,V,,,,286426,286483,286495,286567,286586,biphasic_negative_positive
213,1454,286675,796.3194444444445,NORMAL,N,,,,286660,286691,286726,286765,286796,normal
213,1455,286868,796.8555555555556,PVC,V,,,,286841,286885,286887,286969,286990,biphasic_negative_positive
213,1456,287065,797.4027777777778,NORMAL,N,,,,287049,287081,287109,287150,287188,normal
213,1457,287261,797.9472222222222,PVC,V,,,,287228,287277,287298,287359,287381,biphasic_negative_positive
213,1458,287462,798.5055555555556,NORMAL,N,,,,287447,287479,287513,287555,287588,normal
213,1459,287663,799.0638888888889,NORMAL,N,,,,287649,287681,287717,287758,287790,normal
213,1460,287859,799.6083333333333,NORMAL,N,,,,287841,287876,287906,287947,287987,normal
213,1461,288061,800.1694444444445,NORMAL,N,,,,288046,288078,288109,288151,288186,normal
213,1462,288256,800.7111111111111,NORMAL,N,,,,288238,288273,288302,288342,288377,normal
213,1463,288451,801.2527777777777,NORMAL,N,,,,288437,288469,288501,288540,288577,normal
213,1464,288645,801.7916666666666,NORMAL,N,,,,288630,288662,288689,288735,288775,normal
213,1465,288847,802.3527777777778,NORMAL,N,,,,288829,288863,288894,288935,288966,normal
213,1466,289037,802.8805555555556,NORMAL,N,,,,289020,289053,289089,289130,289167,normal
213,1467,289237,803.4361111111111,FUSION,F,,,,289212,289254,289256,289335,289362,biphasic_negative_positive
213,1468,289442,804.0055555555556,NORMAL,N,,,,289429,289460,,289476,289533,positive_monophasic
213,1469,289629,804.525,PVC,V,,,,289603,289655,289657,289734,289751,biphasic_negative_positive
213,1470,289843,805.1194444444444,NORMAL,N,,,,289826,289860,289893,289937,289968,normal
213,1471,290039,805.6638888888889,NORMAL,N,,,,290027,290056,290085,290125,290161,normal
213,1472,290237,806.2138888888888,NORMAL,N,,,,290221,290253,290286,290329,290359,normal
213,1473,290434,806.7611111111111,NORMAL,N,,,,290417,290451,290487,290527,290563,normal
213,1474,290636,807.3222222222222,NORMAL,N,,,,290617,290653,290686,290724,290764,normal
213,1475,290835,807.875,NORMAL,N,,,,290817,290852,290882,290924,290963,normal
213,1476,291041,808.4472222222222,NORMAL,N,,,,291025,291058,291086,291131,291162,normal
213,1477,291232,808.9777777777778,FUSION,F,,,,291212,291248,291286,291324,291353,normal
213,1478,291425,809.5138888888889,NORMAL,N,,,,291413,291441,291471,291511,291549,normal
213,1479,291607,810.0194444444444,PVC,V,,,,291576,291637,291639,291718,291737,biphasic_negative_positive
213,1480,291817,810.6027777777778,NORMAL,N,,,,291803,291833,291866,291906,291940,normal
213,1481,292012,811.1444444444444,NORMAL,N,,,,291996,292029,292065,292104,292142,normal
213,1482,292211,811.6972222222222,NORMAL,N,,,,292189,292229,292258,292302,292340,normal
213,1483,292417,812.2694444444444,PVC,V,,,,292389,292435,292437,292519,292541,biphasic_negative_positive
213,1484,292610,812.8055555555555,NORMAL,N,,,,292596,292626,292662,292699,292733,normal
213,1485,292808,813.3555555555556,PVC,V,,,,292776,292824,292838,292903,292927,biphasic_negative_positive
213,1486,293005,813.9027777777778,NORMAL,N,,,,292991,293021,293051,293092,293125,normal
213,1487,293201,814.4472222222222,FUSION,F,,,,293182,293217,293257,293298,293328,normal
213,1488,293399,814.9972222222223,NORMAL,N,,,,293381,293416,293453,293492,293529,normal
213,1489,293604,815.5666666666667,FUSION,F,,,,293583,293619,293656,293697,293733,normal
213,1490,293806,816.1277777777777,NORMAL,N,,,,293790,293823,293852,293897,293931,normal
213,1491,294008,816.6888888888889,FUSION,F,,,,293990,294023,294058,294096,294129,normal
213,1492,294196,817.2111111111111,NORMAL,N,,,,294181,294212,294243,294284,294323,normal
213,1493,294393,817.7583333333333,FUSION,F,,,,294373,294409,294449,294486,294516,normal
213,1494,294592,818.3111111111111,NORMAL,N,,,,294576,294609,294642,294686,294719,normal
213,1495,294788,818.8555555555556,FUSION,F,,,,294762,294803,294846,294883,294908,normal
213,1496,294982,819.3944444444444,NORMAL,N,,,,294965,294998,,295024,295074,positive_monophasic
213,1497,295169,819.9138888888889,PVC,V,,,,295135,295188,295190,295230,295278,inverted
213,1498,295385,820.5138888888889,NORMAL,N,,,,295371,295403,295432,295476,295512,normal
213,1499,295567,821.0194444444444,PVC,V,,,,295540,295594,295596,295673,295693,biphasic_negative_positive
213,1500,295788,821.6333333333333,NORMAL,N,,,,295773,295804,295836,295877,295906,normal
213,1501,295978,822.1611111111112,FUSION,F,,,,295952,295994,296034,296074,296096,normal
213,1502,296176,822.7111111111111,NORMAL,N,,,,296161,296193,296221,296268,296304,normal
213,1503,296385,823.2916666666666,FUSION,F,,,,296368,296401,296442,296483,296513,normal
213,1504,296583,823.8416666666667,NORMAL,N,,,,296568,296600,296635,296674,296707,normal
213,1505,296778,824.3833333333333,NORMAL,N,,,,296762,296794,296830,296869,296906,normal
213,1506,296976,824.9333333333333,NORMAL,N,,,,296963,296992,297021,297061,297101,normal
213,1507,297173,825.4805555555556,NORMAL,N,,,,297158,297191,297220,297267,297300,normal
213,1508,297375,826.0416666666666,NORMAL,N,,,,297359,297391,297424,297464,297497,normal
213,1509,297570,826.5833333333334,FUSION,F,,,,297552,297586,297630,297667,297694,normal
213,1510,297766,827.1277777777777,NORMAL,N,,,,297748,297782,,297799,297851,positive_monophasic
213,1511,297969,827.6916666666667,PVC,V,297904,297917,297934,297937,297983,297985,298068,298093,biphasic_negative_positive
213,1512,298176,828.2666666666667,NORMAL,N,298112,298126,298139,298157,298187,298225,298270,298303,normal
213,1513,298369,828.8027777777778,PVC,V,,,,298337,298386,298388,298474,298493,biphasic_negative_positive
213,1514,298575,829.375,NORMAL,N,298510,298524,298538,298563,298585,298625,298666,298701,normal
213,1515,298774,829.9277777777778,FUSION,F,298712,298725,298739,298744,298787,298828,298868,298894,normal
213,1516,298971,830.475,NORMAL,N,298908,298922,298936,298959,298981,299017,299061,299097,normal
213,1517,299175,831.0416666666666,FUSION,F,299113,299126,299140,299155,299188,299234,299273,299304,normal
213,1518,299375,831.5972222222222,NORMAL,N,299312,299324,299338,299356,299385,299427,299470,299505,normal
213,1519,299578,832.1611111111112,FUSION,F,299515,299527,299541,299559,299602,299632,299673,299704,normal
213,1520,299775,832.7083333333334,NORMAL,N,299713,299725,299739,299763,299786,299823,299866,299905,normal
213,1521,299979,833.275,FUSION,F,299917,299930,299944,299961,299991,300036,300071,300099,normal
213,1522,300170,833.8055555555555,NORMAL,N,300107,300119,300133,300151,300181,300224,300260,300293,normal
213,1523,300362,834.3388888888888,FUSION,F,300302,300314,300328,300339,300374,300418,300459,300488,normal
213,1524,300568,834.9111111111112,NORMAL,N,300502,300517,300530,300556,300578,300616,300655,300689,normal
213,1525,300766,835.4611111111111,PVC,V,300704,300716,300731,300738,300778,300799,300868,300885,biphasic_negative_positive
213,1526,300965,836.0138888888889,NORMAL,N,300900,300914,300927,300953,300976,301017,301055,301091,normal
213,1527,301166,836.5722222222222,FUSION,F,301102,301116,301129,301136,301179,301181,301265,301292,biphasic_negative_positive
213,1528,301374,837.15,NORMAL,N,301312,301325,301338,301363,301383,301421,301463,301498,normal
213,1529,301576,837.7111111111111,FUSION,F,301513,301526,301540,301556,301587,301628,301670,301702,normal
213,1530,301769,838.2472222222223,NORMAL,N,301710,301720,301734,301757,301779,301821,301858,301892,normal
213,1531,301962,838.7833333333333,NORMAL,N,301901,301913,301926,301950,301972,302011,302052,302093,normal
213,1532,302169,839.3583333333333,NORMAL,N,302104,302117,302130,302155,302178,302219,302261,302297,normal
213,1533,302379,839.9416666666667,NORMAL,N,302312,302325,302339,302358,302389,302431,302473,302506,normal
213,1534,302579,840.4972222222223,NORMAL,N,302517,302530,302543,302567,302589,302628,302668,302702,normal
213,1535,302775,841.0416666666666,NORMAL,N,302710,302722,302736,302756,302786,302825,302863,302902,normal
213,1536,302973,841.5916666666667,NORMAL,N,302913,302925,302938,302962,302982,303017,303061,303097,normal
213,1537,303174,842.15,NORMAL,N,303111,303125,303138,303163,303184,303222,303263,303294,normal
213,1538,303368,842.6888888888889,NORMAL,N,303305,303318,303331,303356,303379,303420,303460,303498,normal
213,1539,303568,843.2444444444444,FUSION,F,303507,303519,303533,303547,303578,303620,303658,303690,normal
213,1540,303766,843.7944444444445,NORMAL,N,303703,303715,303729,303754,303776,303817,303860,303897,normal
213,1541,303973,844.3694444444444,NORMAL,N,303912,303924,303937,303955,303984,304021,304065,304098,normal
213,1542,304173,844.925,NORMAL,N,304109,304122,304136,304161,304183,304227,304266,304300,normal
213,1543,304369,845.4694444444444,FUSION,F,304309,304321,304333,304346,304381,304426,304463,304489,normal
213,1544,304570,846.0277777777778,NORMAL,N,304506,304520,304533,304558,304580,304619,304660,304692,normal
213,1545,304770,846.5833333333334,NORMAL,N,304708,304721,304734,304758,304780,304820,304860,304891,normal
213,1546,304966,847.1277777777777,NORMAL,N,304901,304914,304929,304953,304976,305019,305057,305094,normal
213,1547,305166,847.6833333333333,NORMAL,N,305103,305115,305128,305146,305176,305213,305255,305298,normal
213,1548,305376,848.2666666666667,NORMAL,N,305312,305325,305339,305358,305387,,,,
213,1549,305527,848.6861111111111,APC,A,305438,305463,305495,305515,305538,305578,305610,305647,normal
213,1550,305769,849.3583333333333,NORMAL,N,305704,305716,305731,305757,305780,305820,305866,305895,normal
213,1551,305953,849.8694444444444,PVC,V,,,,305922,305977,305979,306057,306078,biphasic_negative_positive
213,1552,306166,850.4611111111111,NORMAL,N,306105,306118,306131,306154,306175,306213,306255,306289,normal
213,1553,306369,851.025,NORMAL,N,306305,306318,306332,306350,306380,306421,306463,306496,normal
213,1554,306564,851.5666666666667,NORMAL,N,306504,306516,306530,306553,306575,306616,306654,306693,normal
213,1555,306766,852.1277777777777,NORMAL,N,306701,306713,306728,306754,306777,306815,306858,306897,normal
213,1556,306968,852.6888888888889,NORMAL,N,306907,306918,306931,306955,306978,307017,307060,307097,normal
213,1557,307178,853.2722222222222,NORMAL,N,307114,307126,307140,307160,307188,307227,307269,307301,normal
213,1558,307374,853.8166666666667,NORMAL,N,307311,307324,307338,307355,307384,307427,307466,307501,normal
213,1559,307572,854.3666666666667,NORMAL,N,307509,307520,307535,307554,307582,307618,307658,307698,normal
213,1560,307771,854.9194444444445,NORMAL,N,307709,307722,307735,307758,307780,307818,307858,307893,normal
213,1561,307970,855.4722222222222,FUSION,F,307908,307921,307934,307953,307981,308024,308064,308099,normal
213,1562,308171,856.0305555555556,NORMAL,N,308107,308119,308133,308159,308182,308226,308266,308303,normal
213,1563,308375,856.5972222222222,PVC,V,308312,308326,308337,308345,308390,308392,308471,308492,biphasic_negative_positive
213,1564,308577,857.1583333333333,NORMAL,N,308515,308527,308540,308565,308587,308628,308669,308703,normal
213,1565,308762,857.6722222222222,PVC,V,,,,308734,308789,308802,308864,308886,biphasic_negative_positive
213,1566,308970,858.25,NORMAL,N,308907,308920,308933,308957,308979,309023,309065,309098,normal
213,1567,309156,858.7666666666667,PVC,V,,,,309109,309181,309183,309263,309284,biphasic_negative_positive
213,1568,309374,859.3722222222223,NORMAL,N,309311,309323,309336,309356,309384,309422,309463,309495,normal
213,1569,309568,859.9111111111112,NORMAL,N,309507,309520,309533,309557,309579,309618,309658,309698,normal
213,1570,309774,860.4833333333333,NORMAL,N,309709,309721,309735,309755,309784,309828,309866,309899,normal
213,1571,309970,861.0277777777778,NORMAL,N,309906,309917,309932,309958,309981,310020,310060,310103,normal
213,1572,310177,861.6027777777778,NORMAL,N,310113,310127,310140,310165,310187,310221,310265,310298,normal
213,1573,310376,862.1555555555556,NORMAL,N,310314,310327,310340,310364,310386,310426,310466,310497,normal
213,1574,310573,862.7027777777778,NORMAL,N,310509,310522,310537,310561,310582,310623,310661,310697,normal
213,1575,310765,863.2361111111111,NORMAL,N,310706,310717,310731,310754,310776,310819,310858,310894,normal
213,1576,310967,863.7972222222222,NORMAL,N,310904,310917,310930,310955,310978,311015,311060,311102,normal
213,1577,311179,864.3861111111111,FUSION,F,311115,311128,311142,311148,311192,311213,311281,311309,biphasic_negative_positive
213,1578,311385,864.9583333333334,NORMAL,N,311321,311335,311348,311372,311395,311434,311474,311507,normal
213,1579,311572,865.4777777777778,PVC,V,311517,311531,311544,311551,311590,311592,311683,311703,biphasic_negative_positive
213,1580,311784,866.0666666666667,NORMAL,N,311722,311735,311748,311773,311794,311829,311872,311905,normal
213,1581,311985,866.625,PVC,V,311920,311934,311942,311949,311998,312000,312082,312104,biphasic_negative_positive
213,1582,312178,867.1611111111112,NORMAL,N,312115,312128,312142,312167,312188,312228,312268,312304,normal
213,1583,312379,867.7194444444444,NORMAL,N,312316,312328,312343,312359,312389,312424,312465,312504,normal
213,1584,312578,868.2722222222222,NORMAL,N,312515,312528,312541,312566,312588,312627,312670,312705,normal
213,1585,312780,868.8333333333334,NORMAL,N,312716,312729,312744,312768,312789,312829,312869,312906,normal
213,1586,312978,869.3833333333333,NORMAL,N,312914,312926,312940,312960,312988,313025,313068,313110,normal
213,1587,313179,869.9416666666667,NORMAL,N,313119,313132,313145,313162,313189,313226,313266,313303,normal
213,1588,313376,870.4888888888889,NORMAL,N,313314,313327,313340,313358,313387,313427,313468,313503,normal
213,1589,313572,871.0333333333333,NORMAL,N,313511,313522,313536,313560,313582,313622,313659,313696,normal
213,1590,313764,871.5666666666667,NORMAL,N,313702,313714,313727,313752,313773,313810,313853,313898,normal
213,1591,313967,872.1305555555556,NORMAL,N,313904,313916,313929,313955,313977,314021,314060,314097,normal
213,1592,314175,872.7083333333334,NORMAL,N,314111,314122,314137,314157,314186,314234,314268,314298,normal
213,1593,314376,873.2666666666667,FUSION,F,314314,314326,314339,314364,314388,314430,314468,314500,normal
213,1594,314574,873.8166666666667,NORMAL,N,314510,314522,314536,314554,314584,314625,314662,314696,normal
213,1595,314764,874.3444444444444,NORMAL,N,314705,314715,314729,314752,314774,314815,314851,314891,normal
213,1596,314963,874.8972222222222,NORMAL,N,314899,314911,314925,314944,314973,,315000,315051,positive_monophasic
213,1597,315141,875.3916666666667,PVC,V,315060,315092,315107,315113,315168,315170,315250,315272,biphasic_negative_positive
213,1598,315363,876.0083333333333,NORMAL,N,315298,315312,315326,315345,315373,315406,315450,315489,normal
213,1599,315566,876.5722222222222,NORMAL,N,315504,315516,315529,315549,315576,315612,315657,315695,normal
213,1600,315772,877.1444444444444,NORMAL,N,315709,315721,315736,315755,315782,315825,315869,315902,normal
213,1601,315973,877.7027777777778,NORMAL,N,315909,315921,315934,315955,315984,316025,316067,316103,normal
213,1602,316172,878.2555555555556,NORMAL,N,316113,316125,316138,316161,316182,316219,316259,316302,normal
213,1603,316375,878.8194444444445,PVC,V,316314,316327,316342,316350,316390,316406,316475,316496,biphasic_negative_positive
213,1604,316574,879.3722222222223,NORMAL,N,316515,316525,316538,316562,316584,316626,316665,316696,normal
213,1605,316767,879.9083333333333,NORMAL,N,316702,316715,316731,316745,316778,316818,316862,316898,normal
213,1606,316969,880.4694444444444,NORMAL,N,316904,316918,316931,316957,316980,317021,317065,317098,normal
213,1607,317175,881.0416666666666,NORMAL,N,317109,317122,317136,317163,317185,317224,317269,317301,normal
213,1608,317371,881.5861111111111,NORMAL,N,317311,317323,317336,317355,317381,317420,317464,317497,normal
213,1609,317571,882.1416666666667,NORMAL,N,317508,317520,317534,317549,317581,317618,317662,317693,normal
213,1610,317764,882.6777777777778,NORMAL,N,317706,317716,317730,317752,317774,317811,317856,317893,normal
213,1611,317966,883.2388888888889,NORMAL,N,317904,317917,317932,317955,317975,318006,318049,318088,normal
213,1612,318169,883.8027777777778,NORMAL,N,318105,318119,318132,318148,318318,,318201,318239,positive_monophasic
213,1613,318318,884.2166666666667,APC,A,318250,318263,318292,318293,,,,,
213,1614,318441,884.5583333333333,PVC,V,318353,318381,318409,318415,318453,318466,318502,318557,normal
213,1615,318751,885.4194444444445,NORMAL,N,318691,318703,318717,318738,318761,,,,
213,1616,318965,886.0138888888889,NORMAL,N,318903,318914,318929,318945,318975,319017,319058,319086,normal
213,1617,319159,886.5527777777778,NORMAL,N,319097,319109,319123,319147,319169,319210,319251,319285,normal
213,1618,319359,887.1083333333333,NORMAL,N,319294,319307,319320,319339,319369,319409,319449,319484,normal
213,1619,319554,887.65,FUSION,F,319493,319505,319518,319535,319567,319601,319647,319680,normal
213,1620,319756,888.2111111111111,NORMAL,N,319692,319705,319719,319737,319767,319801,319845,319882,normal
213,1621,319954,888.7611111111111,FUSION,F,319891,319903,319917,319925,319967,320012,320051,320081,normal
213,1622,320163,889.3416666666667,NORMAL,N,320099,320112,320126,320151,320174,320214,320255,320287,normal
213,1623,320358,889.8833333333333,NORMAL,N,320296,320309,320323,320346,320369,320408,320451,320485,normal
213,1624,320556,890.4333333333333,NORMAL,N,320494,320507,320520,320537,320566,320605,320644,320682,normal
213,1625,320748,890.9666666666667,NORMAL,N,320689,320701,320715,320736,320758,320790,320836,320877,normal
213,1626,320950,891.5277777777778,NORMAL,N,320891,320904,320917,320939,320960,320992,321037,321074,normal
213,1627,321146,892.0722222222222,NORMAL,N,321083,321096,321110,321127,321157,321196,321237,321274,normal
213,1628,321340,892.6111111111111,NORMAL,N,321281,321294,321307,321329,321349,321387,321426,321467,normal
213,1629,321542,893.1722222222222,NORMAL,N,321478,321491,321505,321522,321552,321596,321636,321667,normal
213,1630,321735,893.7083333333334,NORMAL,N,321675,321686,321699,321715,321745,321789,321826,321864,normal
213,1631,321934,894.2611111111111,FUSION,F,321872,321884,321898,321908,321948,321968,322034,322055,biphasic_negative_positive
213,1632,322132,894.8111111111111,NORMAL,N,322068,322083,322096,322120,322143,322180,322221,322257,normal
213,1633,322317,895.325,PVC,V,,,,322284,322335,322337,322425,322442,biphasic_negative_positive
213,1634,322566,896.0166666666667,PVC,V,322479,322503,322515,322525,322588,322590,322603,322634,inverted
213,1635,322720,896.4444444444445,FUSION,F,322657,322670,322685,322689,322733,322784,322821,322845,normal
213,1636,322928,897.0222222222222,NORMAL,N,322866,322879,322892,322911,322939,322982,323024,323054,normal
213,1637,323132,897.5888888888888,NORMAL,N,323066,323080,323095,323120,323143,323182,323221,323256,normal
213,1638,323326,898.1277777777777,NORMAL,N,323265,323277,323290,323309,323335,323374,323415,323454,normal
213,1639,323526,898.6833333333333,NORMAL,N,323467,323478,323491,323514,323536,323569,323613,323649,normal
213,1640,323724,899.2333333333333,NORMAL,N,323664,323677,323690,323713,323734,323771,323815,323849,normal
213,1641,323921,899.7805555555556,NORMAL,N,323859,323873,323886,323909,323930,323971,324010,324048,normal
213,1642,324120,900.3333333333334,NORMAL,N,324057,324070,324084,324108,324131,324168,324208,324247,normal
213,1643,324319,900.8861111111111,FUSION,F,324260,324272,324284,324300,324331,324373,324411,324446,normal
213,1644,324519,901.4416666666667,NORMAL,N,324454,324468,324482,324501,324529,,324556,324607,positive_monophasic
213,1645,324702,901.95,PVC,V,324618,324650,324666,324673,324728,324739,324808,324834,biphasic_negative_positive
213,1646,324922,902.5611111111111,NORMAL,N,324857,324870,324884,324910,324932,324963,325011,325047,normal
213,1647,325122,903.1166666666667,NORMAL,N,325060,325072,325085,325109,325131,325168,325210,325246,normal
213,1648,325318,903.6611111111112,NORMAL,N,325255,325267,325281,325305,325329,325369,325409,325441,normal
213,1649,325512,904.2,NORMAL,N,325451,325464,325477,325500,325521,325554,325598,325640,normal
213,1650,325714,904.7611111111111,NORMAL,N,325650,325664,325678,325701,325724,325756,325803,325838,normal
213,1651,325914,905.3166666666667,NORMAL,N,325851,325864,325878,325902,325924,325963,326005,326044,normal
213,1652,326115,905.875,NORMAL,N,326053,326066,326080,326103,326124,326163,326202,326238,normal
213,1653,326309,906.4138888888889,NORMAL,N,326248,326260,326273,326296,326319,326354,326400,326441,normal
213,1654,326516,906.9888888888889,NORMAL,N,326455,326468,326481,326504,326527,326560,326604,326636,normal
213,1655,326707,907.5194444444444,NORMAL,N,326646,326658,326672,326695,326717,326756,326796,326832,normal
213,1656,326895,908.0416666666666,FUSION,F,326842,326854,326868,326877,326906,326943,326984,327020,normal
213,1657,327094,908.5944444444444,PVC,V,,,,327059,327112,327114,327203,327222,biphasic_negative_positive
213,1658,327303,909.175,NORMAL,N,327242,327254,327267,327286,327313,327350,327394,327427,normal
213,1659,327505,909.7361111111111,FUSION,F,327441,327454,327469,327477,327520,327562,327600,327624,normal
213,1660,327703,910.2861111111112,NORMAL,N,327640,327653,327667,327691,327713,327747,327794,327833,normal
213,1661,327915,910.875,NORMAL,N,327850,327864,327878,327896,327926,327962,328004,328038,normal
213,1662,328109,911.4138888888889,NORMAL,N,328047,328059,328073,328091,328119,328158,328198,328237,normal
213,1663,328310,911.9722222222222,NORMAL,N,328248,328261,328274,328298,328319,328356,328396,328435,normal
213,1664,328510,912.5277777777778,NORMAL,N,328448,328460,328474,328490,328518,328554,328599,328634,normal
213,1665,328707,913.075,NORMAL,N,328644,328656,328671,328695,328717,328758,328799,328836,normal
213,1666,328913,913.6472222222222,NORMAL,N,328848,328862,328875,328899,328923,328961,329004,329045,normal
213,1667,329120,914.2222222222222,NORMAL,N,329059,329072,329085,329108,329130,329166,329209,329246,normal
213,1668,329320,914.7777777777778,NORMAL,N,329256,329268,329282,329308,329329,329370,329411,329447,normal
213,1669,329517,915.325,PVC,V,329458,329469,329481,329488,329529,329573,329609,329632,normal
213,1670,329716,915.8777777777777,NORMAL,N,329652,329665,329678,329697,329725,329760,329806,329841,normal
213,1671,329917,916.4361111111111,FUSION,F,329855,329868,329884,329887,329931,329933,330015,330041,biphasic_negative_positive
213,1672,330118,916.9944444444444,NORMAL,N,330053,330067,330080,330099,330127,330164,330202,330240,normal
213,1673,330313,917.5361111111112,FUSION,F,330252,330264,330277,330301,330324,330359,330406,330442,normal
213,1674,330518,918.1055555555556,NORMAL,N,330456,330469,330483,330506,330528,330564,330607,330641,normal
213,1675,330717,918.6583333333333,NORMAL,N,330653,330666,330680,330698,330727,330764,330807,330851,normal
213,1676,330923,919.2305555555556,NORMAL,N,330861,330874,330887,330911,330932,330965,331009,331044,normal
213,1677,331118,919.7722222222222,NORMAL,N,331056,331068,331081,331106,331128,331169,331210,331246,normal
213,1678,331316,920.3222222222222,NORMAL,N,331256,331268,331281,331304,331326,331361,331401,331441,normal
213,1679,331514,920.8722222222223,NORMAL,N,331453,331465,331478,331503,331524,331558,331605,331641,normal
213,1680,331718,921.4388888888889,NORMAL,N,331653,331666,331680,331706,331729,,331754,331807,positive_monophasic
213,1681,331880,921.8888888888889,APC,A,,,,331868,331891,331929,331965,332006,normal
213,1682,332121,922.5583333333333,NORMAL,N,332058,332070,332083,332109,332130,332163,332217,332249,normal
213,1683,332309,923.0805555555555,PVC,V,,,,332281,332338,332340,332415,332437,biphasic_negative_positive
213,1684,332525,923.6805555555555,NORMAL,N,332463,332475,332489,332513,332534,332569,332613,332648,normal
213,1685,332726,924.2388888888889,NORMAL,N,332663,332675,332690,332714,332735,,,,
213,1686,332867,924.6305555555556,APC,A,332784,332805,332845,332856,332877,332916,332950,332986,normal
213,1687,333110,925.3055555555555,NORMAL,N,333048,333060,333075,333099,333120,333149,333205,333238,normal
213,1688,333316,925.8777777777777,NORMAL,N,333254,333265,333279,333304,333326,333361,333410,333445,normal
213,1689,333523,926.4527777777778,NORMAL,N,333460,333473,333487,333504,333532,333570,333614,333652,normal
213,1690,333726,927.0166666666667,NORMAL,N,333662,333674,333689,333707,333736,333776,333814,333854,normal
213,1691,333923,927.5638888888889,NORMAL,N,333863,333875,333889,333905,333933,333965,334012,334050,normal
213,1692,334128,928.1333333333333,NORMAL,N,334064,334077,334091,334109,334139,334176,334217,334251,normal
213,1693,334321,928.6694444444445,NORMAL,N,334260,334273,334287,334309,334331,334365,334405,334447,normal
213,1694,334517,929.2138888888888,NORMAL,N,334455,334467,334482,334505,334527,334560,334607,334646,normal
213,1695,334723,929.7861111111112,NORMAL,N,334659,334672,334685,334706,334733,334771,334814,334852,normal
213,1696,334926,930.35,NORMAL,N,334863,334875,334889,334908,334937,334970,335013,335056,normal
213,1697,335127,930.9083333333333,NORMAL,N,335065,335078,335091,335115,335137,335171,335217,335257,normal
213,1698,335331,931.475,NORMAL,N,335268,335281,335295,335319,335340,335378,335417,335452,normal
213,1699,335519,931.9972222222223,NORMAL,N,335460,335471,335484,335501,335529,335570,335610,335649,normal
213,1700,335719,932.5527777777778,NORMAL,N,335658,335670,335684,335708,335728,335763,335805,335847,normal
213,1701,335924,933.1222222222223,NORMAL,N,335859,335872,335887,335912,335934,335971,336017,336051,normal
213,1702,336122,933.6722222222222,NORMAL,N,336061,336073,336087,336111,336133,336175,336212,336248,normal
213,1703,336321,934.225,NORMAL,N,336257,336269,336283,336309,336331,336375,336412,336448,normal
213,1704,336522,934.7833333333333,NORMAL,N,336459,336471,336485,336509,336532,336568,336613,336656,normal
213,1705,336735,935.375,NORMAL,N,336671,336685,336698,336723,336745,336781,336822,336856,normal
213,1706,336931,935.9194444444445,NORMAL,N,336867,336880,336894,336919,336940,336981,337021,337059,normal
213,1707,337131,936.475,NORMAL,N,337069,337081,337095,337119,337141,337172,337215,337256,normal
213,1708,337327,937.0194444444444,NORMAL,N,337268,337279,337292,337316,337337,337371,337416,337455,normal
213,1709,337532,937.5888888888888,NORMAL,N,337470,337483,337496,337520,337542,337582,337624,337660,normal
213,1710,337736,938.1555555555556,NORMAL,N,337671,337684,337698,337724,337746,337782,337825,337868,normal
213,1711,337941,938.725,NORMAL,N,337880,337891,337905,337929,337950,337984,338027,338064,normal
213,1712,338138,939.2722222222222,NORMAL,N,338077,338089,338103,338119,338148,338193,338232,338266,normal
213,1713,338335,939.8194444444445,NORMAL,N,338274,338285,338298,338323,338344,338385,338421,338459,normal
213,1714,338534,940.3722222222223,NORMAL,N,338470,338483,338496,338521,338543,338580,338621,338661,normal
213,1715,338734,940.9277777777778,NORMAL,N,338673,338686,338698,338722,338743,338776,338823,338857,normal
213,1716,338937,941.4916666666667,NORMAL,N,338873,338885,338899,338925,338947,338983,339022,339057,normal
213,1717,339127,942.0194444444444,NORMAL,N,339067,339078,339092,339116,339137,339173,339216,339258,normal
213,1718,339331,942.5861111111111,NORMAL,N,339269,339282,339296,339320,339341,339374,339421,339461,normal
213,1719,339538,943.1611111111112,NORMAL,N,339474,339487,339501,339526,339549,339585,339629,339666,normal
213,1720,339736,943.7111111111111,NORMAL,N,339676,339688,339702,339724,339746,,,,
213,1721,339895,944.1527777777778,APC,A,,,,339883,339905,339942,339978,340022,normal
213,1722,340133,944.8138888888889,NORMAL,N,340071,340083,340096,340121,340142,340174,340227,340257,normal
213,1723,340333,945.3694444444444,NORMAL,N,340273,340284,340297,340315,340343,340381,340423,340458,normal
213,1724,340532,945.9222222222222,NORMAL,N,340470,340483,340497,340520,340542,340576,340621,340664,normal
213,1725,340739,946.4972222222223,NORMAL,N,340674,340686,340701,340722,340749,340782,340830,340869,normal
213,1726,340946,947.0722222222222,NORMAL,N,340883,340895,340908,340927,340955,340991,341035,341070,normal
213,1727,341146,947.6277777777777,NORMAL,N,341081,341094,341108,341134,341156,341193,341234,341273,normal
213,1728,341343,948.175,NORMAL,N,341282,341295,341309,341331,341353,341385,341431,341472,normal
213,1729,341548,948.7444444444444,NORMAL,N,341486,341499,341512,341536,341558,341593,341634,341667,normal
213,1730,341743,949.2861111111112,NORMAL,N,341680,341692,341706,341731,341754,341789,341833,341875,normal
213,1731,341946,949.85,NORMAL,N,341886,341897,341911,341934,341955,341986,342032,342070,normal
213,1732,342147,950.4083333333333,NORMAL,N,342084,342096,342110,342135,342157,342195,342239,342275,normal
213,1733,342346,950.9611111111111,NORMAL,N,342285,342297,342311,342335,342356,342392,342435,342479,normal
213,1734,342551,951.5305555555556,NORMAL,N,342487,342500,342515,342539,342561,342598,342642,342681,normal
213,1735,342755,952.0972222222222,NORMAL,N,342694,342706,342719,342737,342765,342801,342843,342879,normal
213,1736,342952,952.6444444444444,NORMAL,N,342890,342903,342917,342932,342961,343002,343040,343074,normal
213,1737,343146,953.1833333333333,NORMAL,N,343084,343097,343110,343134,343155,343188,343232,343274,normal
213,1738,343345,953.7361111111111,NORMAL,N,343283,343295,343309,343327,343356,343391,343435,343472,normal
213,1739,343547,954.2972222222222,NORMAL,N,343484,343497,343511,343529,343557,343598,343639,343678,normal
213,1740,343754,954.8722222222223,NORMAL,N,343688,343701,343716,343736,343763,343801,343840,343882,normal
213,1741,343951,955.4194444444445,NORMAL,N,343890,343902,343916,343940,343961,343996,344039,344079,normal
213,1742,344153,955.9805555555556,NORMAL,N,344091,344104,344117,344135,344163,344201,344240,344273,normal
213,1743,344343,956.5083333333333,NORMAL,N,344282,344294,344307,344324,344353,344393,344433,344471,normal
213,1744,344540,957.0555555555555,NORMAL,N,344481,344493,344505,344528,344549,344583,344625,344669,normal
213,1745,344744,957.6222222222223,NORMAL,N,344681,344694,344707,344732,344754,344791,344834,344868,normal
213,1746,344939,958.1638888888889,NORMAL,N,344878,344890,344904,344927,344948,344986,345027,345065,normal
213,1747,345139,958.7194444444444,NORMAL,N,345075,345087,345101,345126,345148,345187,345227,345270,normal
213,1748,345343,959.2861111111112,NORMAL,N,345280,345293,345307,345332,345353,345392,345436,345474,normal
213,1749,345551,959.8638888888889,NORMAL,N,345488,345500,345514,345539,345561,345600,345639,345677,normal
213,1750,345747,960.4083333333333,NORMAL,N,345685,345697,345711,345735,345757,345792,345834,345875,normal
213,1751,345949,960.9694444444444,NORMAL,N,345887,345900,345913,345937,345959,345991,346036,346072,normal
213,1752,346147,961.5194444444444,NORMAL,N,346084,346097,346110,346135,346156,346193,346235,346272,normal
213,1753,346344,962.0666666666667,NORMAL,N,346283,346294,346308,346332,346354,346394,346433,346474,normal
213,1754,346548,962.6333333333333,NORMAL,N,346485,346497,346510,346536,346557,346593,346638,346681,normal
213,1755,346755,963.2083333333334,NORMAL,N,346694,346706,346720,346744,346765,346798,346843,346878,normal
213,1756,346954,963.7611111111111,NORMAL,N,346890,346903,346917,346942,346963,347006,347046,347084,normal
213,1757,347154,964.3166666666667,NORMAL,N,347093,347105,347118,347142,347163,347200,347237,347276,normal
213,1758,347348,964.8555555555556,NORMAL,N,347286,347298,347312,347329,347358,347391,347437,347473,normal
213,1759,347545,965.4027777777778,NORMAL,N,347486,347497,347510,347534,347556,347591,347635,347675,normal
213,1760,347746,965.9611111111111,NORMAL,N,347681,347695,347710,347734,347755,347794,347833,347870,normal
213,1761,347940,966.5,NORMAL,N,347878,347889,347904,347927,347950,347992,348033,348067,normal
213,1762,348145,967.0694444444445,NORMAL,N,348085,348095,348111,348122,348155,348197,348234,348276,normal
213,1763,348349,967.6361111111111,NORMAL,N,,,,348310,348358,348415,348442,348457,biphasic_negative_positive
213,1764,348548,968.1888888888889,NORMAL,N,,,,348530,348580,348611,348636,348671,normal
213,1765,348740,968.7222222222222,NORMAL,N,348676,348692,348703,348720,348753,348783,348832,348872,normal
213,1766,348937,969.2694444444444,NORMAL,N,348877,348891,348914,348927,348960,348987,349028,349064,normal
213,1767,349132,969.8111111111111,NORMAL,N,,,,349116,349142,349178,349223,349253,normal
213,1768,349327,970.3527777777778,NORMAL,N,349269,349278,349298,349315,349337,349377,349418,349444,normal
213,1769,349536,970.9333333333333,NORMAL,N,349452,349464,349484,349523,349571,349577,349630,349666,normal
213,1770,349746,971.5166666666667,NORMAL,N,349681,349694,349708,349718,349779,349790,349821,349877,normal
213,1771,349944,972.0666666666667,NORMAL,N,349882,349897,349912,349932,349970,349990,350041,350070,normal
213,1772,350140,972.6111111111111,NORMAL,N,,,,350125,350165,350193,350231,350266,normal
213,1773,350337,973.1583333333333,NORMAL,N,350279,350290,350301,350325,350348,350391,350433,350460,normal
213,1774,350534,973.7055555555555,NORMAL,N,350473,350484,350495,350512,350567,350586,350631,350660,normal
213,1775,350737,974.2694444444444,NORMAL,N,350676,350689,350703,350726,350746,350774,350818,350855,normal
213,1776,350938,974.8277777777778,NORMAL,N,350877,350888,350902,350919,350948,350987,351033,351062,normal
213,1777,351141,975.3916666666667,NORMAL,N,351081,351093,351108,351123,351152,351194,351232,351264,normal
213,1778,351341,975.9472222222222,NORMAL,N,351279,351289,351304,351322,351352,351394,351434,351470,normal
213,1779,351541,976.5027777777777,NORMAL,N,351481,351492,351506,351529,351551,351586,351623,351665,normal
213,1780,351737,977.0472222222222,NORMAL,N,351677,351688,351700,351718,351747,351783,351828,351861,normal
213,1781,351933,977.5916666666667,NORMAL,N,351872,351884,351898,351915,351942,351980,352019,352052,normal
213,1782,352123,978.1194444444444,NORMAL,N,352063,352074,352087,352103,352133,352173,352213,352249,normal
213,1783,352318,978.6611111111112,NORMAL,N,352255,352271,352281,352306,352328,352374,352407,352451,normal
213,1784,352525,979.2361111111111,NORMAL,N,352463,352475,352488,352516,352535,352579,352616,352651,normal
213,1785,352722,979.7833333333333,NORMAL,N,352660,352673,352686,352705,352733,352770,352812,352849,normal
213,1786,352920,980.3333333333334,NORMAL,N,352857,352870,352884,352902,352931,352972,353011,353045,normal
213,1787,353113,980.8694444444444,NORMAL,N,353054,353066,353077,353093,353122,353155,353196,353242,normal
213,1788,353313,981.425,NORMAL,N,353249,353263,353279,353289,353323,353356,353399,353433,normal
213,1789,353505,981.9583333333334,NORMAL,N,353444,353456,353469,353485,353515,353554,353593,353631,normal
213,1790,353702,982.5055555555556,NORMAL,N,353641,353653,353666,353679,353712,353747,353785,353827,normal
213,1791,353898,983.05,NORMAL,N,353836,353848,353861,353886,353908,353944,353990,354028,normal
213,1792,354103,983.6194444444444,NORMAL,N,354042,354054,354067,354090,354112,354148,354193,354234,normal
213,1793,354305,984.1805555555555,NORMAL,N,354242,354255,354269,354286,354316,354355,354395,354434,normal
213,1794,354501,984.725,NORMAL,N,354443,354455,354468,354482,354511,354545,354588,354628,normal
213,1795,354703,985.2861111111112,NORMAL,N,354641,354654,354667,354685,354713,354749,354793,354828,normal
213,1796,354900,985.8333333333334,NORMAL,N,354838,354851,354863,354887,354909,354943,354984,355025,normal
213,1797,355092,986.3666666666667,NORMAL,N,355032,355043,355057,355080,355102,355139,355182,355221,normal
213,1798,355293,986.925,NORMAL,N,355229,355242,355255,355280,355303,355342,355387,355421,normal
213,1799,355497,987.4916666666667,NORMAL,N,355433,355444,355458,355477,355509,355549,355590,355625,normal
213,1800,355694,988.0388888888889,NORMAL,N,355634,355645,355659,355682,355705,355747,355790,355819,normal
213,1801,355894,988.5944444444444,NORMAL,N,355829,355844,355858,355875,355904,355945,355985,356016,normal
213,1802,356086,989.1277777777777,NORMAL,N,356026,356038,356051,356066,356096,356134,356178,356207,normal
213,1803,356281,989.6694444444445,NORMAL,N,356217,356231,356245,356263,356292,356327,356371,356399,normal
213,1804,356474,990.2055555555555,NORMAL,N,356409,356423,356437,356457,356485,356522,356565,356601,normal
213,1805,356673,990.7583333333333,NORMAL,N,356613,356624,356638,356656,356700,356720,356759,356797,normal
213,1806,356869,991.3027777777778,NORMAL,N,356808,356819,356833,356848,356879,356915,356960,356996,normal
213,1807,357070,991.8611111111111,NORMAL,N,357007,357021,357034,357051,357081,357117,357161,357199,normal
213,1808,357275,992.4305555555555,NORMAL,N,357210,357224,357239,357257,357285,357324,357369,357404,normal
213,1809,357474,992.9833333333333,NORMAL,N,357420,357425,357440,357450,357483,357523,357563,357601,normal
213,1810,357674,993.5388888888889,NORMAL,N,357611,357622,357637,357662,357683,357724,357766,357798,normal
213,1811,357864,994.0666666666667,NORMAL,N,357804,357814,357827,357842,357887,357912,357951,357988,normal
213,1812,358060,994.6111111111111,NORMAL,N,357998,358009,358022,358040,358069,358106,358153,358185,normal
213,1813,358264,995.1777777777778,NORMAL,N,358197,358207,358228,358239,358297,358318,358347,358378,normal
213,1814,358474,995.7611111111111,NORMAL,N,358405,358418,358438,358446,358484,358532,358566,358602,normal
213,1815,358668,996.3,NORMAL,N,,,,358656,358678,358714,358756,358793,normal
213,1816,358872,996.8666666666667,NORMAL,N,358808,358820,358835,358854,358880,358915,358958,358989,normal
213,1817,359063,997.3972222222222,NORMAL,N,359004,359014,359027,359045,359073,359115,359155,359184,normal
213,1818,359259,997.9416666666667,NORMAL,N,359198,359210,359224,359247,359269,359307,359346,359380,normal
213,1819,359451,998.475,NORMAL,N,359387,359400,359414,359432,359461,359500,359544,359576,normal
213,1820,359645,999.0138888888889,NORMAL,N,359593,359596,359610,359633,359682,359685,359728,359771,normal
213,1821,359843,999.5638888888889,NORMAL,N,359780,359792,359806,359821,359853,359893,359936,359970,normal
213,1822,360042,1000.1166666666667,NORMAL,N,359978,359991,360005,360030,360052,360089,360132,360171,normal
213,1823,360243,1000.675,NORMAL,N,360182,360193,360208,360218,360253,,360296,360330,positive_monophasic
213,1824,360394,1001.0944444444444,APC,A,,,,360383,360405,360442,360477,360515,normal
213,1825,360628,1001.7444444444444,NORMAL,N,360570,360579,360589,360603,360655,360699,360732,360749,normal
213,1826,360820,1002.2777777777778,NORMAL,N,360756,360771,360786,360799,360830,360870,360910,360939,normal
213,1827,361012,1002.8111111111111,NORMAL,N,360947,360961,360977,360992,361023,361065,361106,361133,normal
213,1828,361208,1003.3555555555556,NORMAL,N,361149,361157,361172,361196,361218,361251,361296,361337,normal
213,1829,361414,1003.9277777777778,NORMAL,N,361350,361363,361376,361396,361424,361462,361506,361537,normal
213,1830,361613,1004.4805555555556,NORMAL,N,361549,361562,361576,361601,361622,361666,361704,361734,normal
213,1831,361810,1005.0277777777778,NORMAL,N,361746,361760,361774,361798,361819,361860,361899,361933,normal
213,1832,362000,1005.5555555555555,NORMAL,N,361939,361951,361966,361979,362010,362048,362088,362124,normal
213,1833,362193,1006.0916666666667,NORMAL,N,362132,362144,362157,362181,362202,362233,362275,362316,normal
213,1834,362388,1006.6333333333333,NORMAL,N,362325,362338,362352,362369,362399,362436,362481,362517,normal
213,1835,362590,1007.1944444444445,NORMAL,N,362528,362541,362553,362572,362599,362636,362677,362710,normal
213,1836,362783,1007.7305555555556,NORMAL,N,362719,362732,362746,362765,362794,362834,362875,362914,normal
213,1837,362982,1008.2833333333333,NORMAL,N,362921,362933,362946,362969,362991,363025,363067,363113,normal
213,1838,363186,1008.85,NORMAL,N,363123,363135,363149,363174,363197,363232,363279,363315,normal
213,1839,363389,1009.4138888888889,NORMAL,N,363328,363341,363354,363377,363399,363440,363481,363513,normal
213,1840,363586,1009.9611111111111,NORMAL,N,363524,363536,363551,363574,363597,363638,363677,363712,normal
213,1841,363780,1010.5,NORMAL,N,363720,363731,363745,363768,363790,363824,363864,363906,normal
213,1842,363980,1011.0555555555555,NORMAL,N,363918,363930,363943,363968,363990,364027,364071,364105,normal
213,1843,364183,1011.6194444444444,NORMAL,N,364120,364133,364147,364164,364194,364237,364279,364314,normal
213,1844,364390,1012.1944444444445,NORMAL,N,364324,364337,364352,364371,364400,364442,364480,364517,normal
213,1845,364588,1012.7444444444444,NORMAL,N,364527,364538,364552,364569,364596,364630,364672,364716,normal
213,1846,364790,1013.3055555555555,NORMAL,N,364729,364740,364754,364772,364801,364835,364878,364912,normal
213,1847,364985,1013.8472222222222,NORMAL,N,364924,364937,364950,364966,364995,365035,365075,365110,normal
213,1848,365180,1014.3888888888889,NORMAL,N,365120,365132,365147,365169,365191,365231,365269,365306,normal
213,1849,365379,1014.9416666666667,NORMAL,N,365316,365329,365343,365367,365389,365425,365468,365507,normal
213,1850,365581,1015.5027777777777,NORMAL,N,365522,365534,365547,365563,365592,365629,365669,365703,normal
213,1851,365780,1016.0555555555555,NORMAL,N,365716,365729,365743,365768,365791,365835,365874,365909,normal
213,1852,365983,1016.6194444444444,NORMAL,N,365920,365932,365946,365971,365993,366035,366075,366116,normal
213,1853,366189,1017.1916666666667,NORMAL,N,366124,366137,366150,366177,366198,366232,366278,366316,normal
213,1854,366392,1017.7555555555556,NORMAL,N,366331,366344,366357,366381,366402,366443,366483,366516,normal
213,1855,366591,1018.3083333333333,NORMAL,N,366529,366541,366555,366573,366602,366642,366679,366716,normal
213,1856,366787,1018.8527777777778,NORMAL,N,366725,366737,366750,366768,366797,366833,366874,366916,normal
213,1857,366992,1019.4222222222222,NORMAL,N,366929,366942,366955,366980,367002,367037,367083,367121,normal
213,1858,367203,1020.0083333333333,NORMAL,N,367137,367150,367165,367184,367213,367255,367298,367332,normal
213,1859,367408,1020.5777777777778,NORMAL,N,367345,367358,367372,367396,367418,367457,367497,367535,normal
213,1860,367606,1021.1277777777777,NORMAL,N,367542,367554,367568,367594,367615,367653,367695,367738,normal
213,1861,367813,1021.7027777777778,NORMAL,N,367751,367764,367777,367802,367823,367859,367901,367934,normal
213,1862,368010,1022.25,NORMAL,N,367948,367960,367974,367998,368021,368060,368102,368138,normal
213,1863,368207,1022.7972222222222,NORMAL,N,368146,368158,368172,368195,368218,368258,368297,368339,normal
213,1864,368410,1023.3611111111111,NORMAL,N,368348,368360,368374,368398,368420,368457,368500,368537,normal
213,1865,368614,1023.9277777777778,NORMAL,N,368551,368565,368578,368602,368625,368664,368708,368741,normal
213,1866,368819,1024.4972222222223,NORMAL,N,368754,368766,368781,368807,368830,368869,368907,368946,normal
213,1867,369017,1025.0472222222222,NORMAL,N,368955,368966,368979,368999,369026,369063,369106,369148,normal
213,1868,369223,1025.6194444444445,NORMAL,N,369162,369174,369187,369212,369234,369267,369310,369347,normal
213,1869,369424,1026.1777777777777,NORMAL,N,369361,369374,369387,369406,369434,369473,369515,369550,normal
213,1870,369622,1026.7277777777779,NORMAL,N,369560,369573,369587,369611,369632,369672,369710,369749,normal
213,1871,369817,1027.2694444444444,NORMAL,N,369757,369768,369782,369800,369827,369860,369903,369947,normal
213,1872,370020,1027.8333333333333,NORMAL,N,369956,369970,369984,370008,370031,370064,370113,370151,normal
213,1873,370232,1028.4222222222222,NORMAL,N,370166,370180,370193,370213,370243,370288,370326,370359,normal
213,1874,370433,1028.9805555555556,NORMAL,N,370370,370382,370396,370414,370442,370483,370522,370562,normal
213,1875,370633,1029.536111111111,NORMAL,N,370572,370583,370596,370622,370644,370680,370722,370763,normal
213,1876,370835,1030.0972222222222,NORMAL,N,370774,370786,370800,370823,370844,370880,370920,370956,normal
213,1877,371034,1030.65,NORMAL,N,370969,370983,370997,371016,371044,371086,371124,371161,normal
213,1878,371234,1031.2055555555555,NORMAL,N,371170,371181,371196,371221,371245,371280,371323,371368,normal
213,1879,371439,1031.775,NORMAL,N,371377,371389,371403,371422,371449,371483,371524,371562,normal
213,1880,371642,1032.338888888889,NORMAL,N,371577,371591,371605,371629,371652,371696,371736,371771,normal
213,1881,371844,1032.9,NORMAL,N,371780,371793,371807,371833,371854,371898,371937,371976,normal
213,1882,372051,1033.475,NORMAL,N,371985,371999,372013,372039,372062,372102,372143,372184,normal
213,1883,372258,1034.05,NORMAL,N,372198,372210,372223,372246,372268,372307,372346,372381,normal
213,1884,372458,1034.6055555555556,NORMAL,N,372395,372407,372421,372446,372468,372510,372548,372584,normal
213,1885,372653,1035.1472222222221,NORMAL,N,372592,372603,372617,372635,372663,372697,372737,372779,normal
213,1886,372854,1035.7055555555555,NORMAL,N,372791,372803,372817,372842,372864,372903,372945,372984,normal
213,1887,373065,1036.2916666666667,NORMAL,N,372998,373012,373026,373046,373076,373117,373160,373195,normal
213,1888,373271,1036.8638888888888,NORMAL,N,373206,373218,373232,373258,373281,373321,373360,373398,normal
213,1889,373469,1037.4138888888888,NORMAL,N,373407,373419,373433,373456,373478,373514,373558,373600,normal
213,1890,373678,1037.9944444444445,NORMAL,N,373617,373630,373643,373660,373687,373725,373765,373799,normal
213,1891,373871,1038.5305555555556,NORMAL,N,373809,373821,373835,373858,373881,373923,373961,374000,normal
213,1892,374069,1039.0805555555555,NORMAL,N,374008,374020,374034,374057,374079,374114,374153,374196,normal
213,1893,374272,1039.6444444444444,NORMAL,N,374209,374222,374236,374260,374283,374320,374363,374398,normal
213,1894,374474,1040.2055555555555,NORMAL,N,374411,374424,374438,374456,374484,374525,374566,374603,normal
213,1895,374676,1040.7666666666667,NORMAL,N,374611,374624,374639,374657,374686,374729,374767,374807,normal
213,1896,374878,1041.3277777777778,NORMAL,N,374814,374826,374840,374865,374887,374927,374968,375011,normal
213,1897,375088,1041.911111111111,FUSION,F,375023,375037,375050,375076,375098,375134,375175,375210,normal
213,1898,375285,1042.4583333333333,NORMAL,N,375223,375235,375249,375267,375295,375336,375377,375414,normal
213,1899,375486,1043.0166666666667,FUSION,F,375424,375436,375451,375457,375499,375545,375581,375607,normal
213,1900,375684,1043.5666666666666,NORMAL,N,375620,375634,375648,375672,375694,375730,375773,375814,normal
213,1901,375893,1044.1472222222221,FUSION,F,375830,375842,375857,375869,375906,375954,375993,376025,normal
213,1902,376102,1044.7277777777779,NORMAL,N,376036,376049,376062,376086,376111,376150,376190,376223,normal
213,1903,376285,1045.236111111111,PVC,V,,,,376259,376312,376324,376393,376418,biphasic_negative_positive
213,1904,376508,1045.8555555555556,NORMAL,N,376444,376456,376470,376490,376518,,376541,376597,positive_monophasic
213,1905,376691,1046.3638888888888,PVC,V,376609,376642,376660,376666,376718,376720,376793,376819,biphasic_negative_positive
213,1906,376909,1046.9694444444444,NORMAL,N,376844,376858,376872,376897,376919,376958,377000,377035,normal
213,1907,377089,1047.4694444444444,PVC,V,,,,377061,377117,377119,377196,377225,biphasic_negative_positive
213,1908,377313,1048.0916666666667,NORMAL,N,377249,377263,377275,377301,377322,377356,377400,377439,normal
213,1909,377496,1048.6,PVC,V,,,,377468,377524,377526,377604,377628,biphasic_negative_positive
213,1910,377718,1049.2166666666667,NORMAL,N,377653,377668,377681,377700,377727,377766,377810,377845,normal
213,1911,377919,1049.775,FUSION,F,377854,377866,377882,377889,377933,377980,378017,378046,normal
213,1912,378116,1050.3222222222223,NORMAL,N,378055,378068,378081,378099,378126,378160,378202,378247,normal
213,1913,378317,1050.8805555555555,FUSION,F,378256,378268,378284,378290,378329,378376,378411,378440,normal
213,1914,378516,1051.4333333333334,NORMAL,N,378454,378468,378481,378497,378525,378564,378605,378637,normal
213,1915,378707,1051.963888888889,FUSION,F,378645,378657,378665,378673,378721,378723,378805,378832,biphasic_negative_positive
213,1916,378912,1052.5333333333333,NORMAL,N,378846,378860,378873,378892,378922,378963,379005,379046,normal
213,1917,379119,1053.1083333333333,FUSION,F,379056,379068,379082,379100,379134,379176,379212,379248,normal
213,1918,379319,1053.6638888888888,PVC,V,379260,379274,379287,379292,379491,,379394,379442,negative_monophasic
213,1919,379491,1054.1416666666667,PVC,V,,,,379460,,379524,379560,379601,normal
213,1920,379678,1054.661111111111,PVC,V,,,,379644,379694,379705,379753,379805,normal
213,1921,379902,1055.2833333333333,PVC,V,379807,379826,379868,379875,379929,379931,380012,380028,biphasic_negative_positive
213,1922,380127,1055.9083333333333,NORMAL,N,380063,380076,380089,380114,380137,380180,380220,380252,normal
213,1923,380309,1056.4138888888888,FUSION,F,,,,380279,380335,380350,380413,380442,biphasic_negative_positive
213,1924,380526,1057.0166666666667,NORMAL,N,380462,380475,380488,380514,380536,380575,380619,380655,normal
213,1925,380734,1057.5944444444444,NORMAL,N,380670,380682,380697,380722,380744,380784,380828,380863,normal
213,1926,380934,1058.15,NORMAL,N,380871,380882,380896,380921,380944,380982,381020,381058,normal
213,1927,381127,1058.6861111111111,FUSION,F,381067,381079,381094,381097,381141,381143,381226,381254,biphasic_negative_positive
213,1928,381330,1059.25,NORMAL,N,381266,381280,381292,381318,381340,381374,381417,381457,normal
213,1929,381515,1059.763888888889,PVC,V,,,,381485,381541,381543,381623,381645,biphasic_negative_positive
213,1930,381732,1060.3666666666666,NORMAL,N,381667,381681,381695,381719,381742,381782,381824,381858,normal
213,1931,381930,1060.9166666666667,PVC,V,381883,381894,381916,381925,381943,381945,382027,382054,biphasic_negative_positive
213,1932,382133,1061.4805555555556,NORMAL,N,382069,382083,382095,382121,382143,382175,382220,382259,normal
213,1933,382313,1061.9805555555556,PVC,V,,,,382287,382340,382355,382371,382416,inverted
213,1934,382485,1062.4583333333333,NORMAL,N,,,,382472,382495,382533,382567,382608,normal
213,1935,382716,1063.1,FUSION,F,382654,382666,382680,382694,382730,382775,382817,382846,normal
213,1936,382914,1063.65,NORMAL,N,382855,382867,382880,382896,382923,382958,383001,383040,normal
213,1937,383123,1064.2305555555556,FUSION,F,383058,383071,383085,383100,383135,383180,383218,383246,normal
213,1938,383314,1064.7611111111112,NORMAL,N,383254,383265,383279,383302,383324,383366,383405,383445,normal
213,1939,383515,1065.3194444444443,FUSION,F,383454,383466,383480,383492,383528,383573,383612,383644,normal
213,1940,383719,1065.8861111111112,NORMAL,N,383654,383667,383681,383707,383730,,383751,383807,positive_monophasic
213,1941,383913,1066.425,PVC,V,383824,383857,383871,383885,383930,383932,384018,384041,biphasic_negative_positive
213,1942,384129,1067.025,NORMAL,N,384065,384078,384091,384118,384139,384181,384222,384254,normal
213,1943,384327,1067.575,FUSION,F,384266,384278,384294,384296,384341,384343,384424,384446,biphasic_negative_positive
213,1944,384522,1068.1166666666666,NORMAL,N,384460,384474,384487,384510,384532,384572,384612,384652,normal
213,1945,384717,1068.6583333333333,PVC,V,,,,384684,384734,384760,384825,384850,biphasic_negative_positive
213,1946,384933,1069.2583333333334,NORMAL,N,384866,384881,384894,384921,384944,384987,385028,385067,normal
213,1947,385136,1069.8222222222223,FUSION,F,385077,385088,385100,385105,385150,385198,385230,385259,normal
213,1948,385339,1070.3861111111112,NORMAL,N,385276,385289,385302,385320,385349,385389,385429,385464,normal
213,1949,385535,1070.9305555555557,FUSION,F,385475,385488,385501,385514,385548,385591,385632,385662,normal
213,1950,385731,1071.475,NORMAL,N,385669,385681,385694,385719,385742,385778,385816,385859,normal
213,1951,385931,1072.0305555555556,PVC,V,385869,385881,385896,385902,385945,385967,386033,386056,biphasic_negative_positive
213,1952,386134,1072.5944444444444,NORMAL,N,386071,386085,386098,386122,386143,386182,386220,386255,normal
213,1953,386324,1073.1222222222223,PVC,V,386263,386275,386289,386299,386339,386361,386427,386451,biphasic_negative_positive
213,1954,386527,1073.6861111111111,NORMAL,N,386465,386478,386491,386515,386537,386575,386617,386656,normal
213,1955,386726,1074.2388888888888,PVC,V,,,,386691,386742,386767,386832,386857,biphasic_negative_positive
213,1956,386931,1074.8083333333334,NORMAL,N,386869,386882,386895,386914,386942,386978,387019,387059,normal
213,1957,387129,1075.3583333333333,PVC,V,387067,387079,387094,387103,387143,387184,387223,387250,normal
213,1958,387327,1075.9083333333333,NORMAL,N,387266,387278,387291,387310,387336,387372,387414,387451,normal
213,1959,387528,1076.4666666666667,PVC,V,387466,387479,387495,387504,387542,387562,387628,387656,biphasic_negative_positive
213,1960,387729,1077.025,NORMAL,N,387665,387678,387692,387717,387739,387777,387819,387862,normal
213,1961,387935,1077.5972222222222,PVC,V,387872,387885,387901,387910,387949,387973,388033,388060,biphasic_negative_positive
213,1962,388137,1078.1583333333333,NORMAL,N,388074,388088,388101,388125,388147,388189,388229,388262,normal
213,1963,388334,1078.7055555555555,FUSION,F,388280,388284,388298,388316,388347,388391,388429,388461,normal
213,1964,388531,1079.2527777777777,NORMAL,N,388469,388482,388495,388519,388540,388577,388621,388662,normal
213,1965,388735,1079.8194444444443,PVC,V,388674,388687,388703,388710,388748,388771,388784,388828,inverted
213,1966,388876,1080.2111111111112,APC,A,,,,388864,388885,,,,
213,1967,389008,1080.5777777777778,PVC,V,388929,388958,388970,388976,389027,389042,389074,389138,normal
213,1968,389326,1081.4611111111112,NORMAL,N,389263,389276,389290,389314,389336,389380,389431,389455,normal
213,1969,389536,1082.0444444444445,NORMAL,N,389475,389485,389501,389518,389546,389588,389629,389666,normal
213,1970,389740,1082.611111111111,FUSION,F,389676,389688,389703,389721,389752,389791,389832,389868,normal
213,1971,389941,1083.1694444444445,NORMAL,N,389879,389891,389905,389929,389951,389992,390034,390067,normal
213,1972,390139,1083.7194444444444,PVC,V,390077,390089,390103,390112,390151,390195,390235,390262,normal
213,1973,390337,1084.2694444444444,NORMAL,N,390276,390288,390302,390326,390347,390388,390427,390464,normal
213,1974,390538,1084.8277777777778,NORMAL,N,390476,390489,390502,390526,390548,390589,390630,390665,normal
213,1975,390735,1085.375,NORMAL,N,390673,390684,390697,390723,390745,390788,390829,390871,normal
213,1976,390941,1085.9472222222223,NORMAL,N,390879,390890,390905,390929,390950,390986,391028,391071,normal
213,1977,391142,1086.5055555555555,NORMAL,N,391079,391091,391105,391122,391152,391192,391233,391271,normal
213,1978,391345,1087.0694444444443,NORMAL,N,391282,391295,391309,391333,391356,391396,391434,391466,normal
213,1979,391533,1087.5916666666667,NORMAL,N,391472,391482,391496,391513,391544,391585,391626,391663,normal
213,1980,391733,1088.1472222222221,NORMAL,N,391672,391684,391696,391720,391743,391779,391820,391865,normal
213,1981,391940,1088.7222222222222,NORMAL,N,391876,391888,391902,391922,391950,391988,392028,392063,normal
213,1982,392136,1089.2666666666667,NORMAL,N,392074,392087,392101,392124,392147,392188,392230,392266,normal
213,1983,392337,1089.825,NORMAL,N,392274,392286,392299,392317,392347,392383,392423,392467,normal
213,1984,392539,1090.3861111111112,FUSION,F,392476,392488,392502,392521,392550,392599,392636,392675,normal
213,1985,392748,1090.9666666666667,NORMAL,N,392684,392697,392711,392736,392758,392800,392837,392872,normal
213,1986,392930,1091.4722222222222,PVC,V,,,,392896,392947,392949,393036,393062,biphasic_negative_positive
213,1987,393142,1092.0611111111111,NORMAL,N,393080,393092,393107,393123,393152,393192,393231,393270,normal
213,1988,393347,1092.6305555555555,NORMAL,N,393283,393297,393310,393335,393356,393397,393437,393473,normal
213,1989,393546,1093.1833333333334,NORMAL,N,393482,393494,393508,393534,393556,393598,393639,393680,normal
213,1990,393752,1093.7555555555555,NORMAL,N,393689,393700,393713,393740,393761,393803,393843,393885,normal
213,1991,393958,1094.3277777777778,NORMAL,N,393896,393909,393922,393946,393967,394005,394045,394083,normal
213,1992,394160,1094.888888888889,NORMAL,N,394096,394108,394122,394148,394170,394212,394252,394290,normal
213,1993,394355,1095.4305555555557,NORMAL,N,394297,394307,394320,394343,394365,394402,394439,394483,normal
213,1994,394555,1095.986111111111,NORMAL,N,394492,394504,394517,394543,394565,394605,394644,394681,normal
213,1995,394755,1096.5416666666667,NORMAL,N,394693,394705,394719,394743,394765,394805,394845,394884,normal
213,1996,394953,1097.0916666666667,NORMAL,N,394892,394903,394917,394941,394962,395002,395037,395078,normal
213,1997,395149,1097.6361111111112,NORMAL,N,395087,395099,395112,395137,395159,395199,395241,395282,normal
213,1998,395356,1098.2111111111112,FUSION,F,395295,395307,395320,395333,395369,395414,395454,395485,normal
213,1999,395556,1098.7666666666667,NORMAL,N,395492,395504,395517,395544,395566,395609,395649,395689,normal
213,2000,395758,1099.3277777777778,NORMAL,N,395697,395708,395721,395746,395766,395803,395843,395885,normal
213,2001,395959,1099.8861111111112,NORMAL,N,395895,395908,395921,395947,395969,396007,396048,396084,normal
213,2002,396149,1100.4138888888888,PVC,V,,,,396115,396174,396176,396253,396275,biphasic_negative_positive
213,2003,396354,1100.9833333333333,NORMAL,N,396291,396304,396318,396342,396364,396404,396445,396485,normal
213,2004,396539,1101.4972222222223,PVC,V,,,,396510,396567,396581,396648,396672,biphasic_negative_positive
213,2005,396770,1102.138888888889,NORMAL,N,396705,396718,396731,396758,396780,396822,396864,396895,normal
213,2006,396970,1102.6944444444443,FUSION,F,396907,396920,396935,396940,396983,396985,397070,397099,biphasic_negative_positive
213,2007,397175,1103.263888888889,NORMAL,N,397121,397125,397137,397156,397187,397220,397263,397301,normal
213,2008,397373,1103.8138888888889,FUSION,F,397312,397324,397338,397346,397384,397432,397471,397501,normal
213,2009,397573,1104.3694444444445,NORMAL,N,397510,397523,397536,397563,397583,397624,397662,397696,normal
213,2010,397769,1104.9138888888888,FUSION,F,397705,397716,397731,397758,397780,397817,397860,397900,normal
213,2011,397973,1105.4805555555556,NORMAL,N,397912,397924,397938,397963,397984,398023,398062,398097,normal
213,2012,398175,1106.0416666666667,NORMAL,N,398110,398124,398138,398164,398186,398228,398265,398302,normal
213,2013,398373,1106.5916666666667,NORMAL,N,398310,398321,398335,398362,398383,398419,398461,398507,normal
213,2014,398579,1107.1638888888888,NORMAL,N,398516,398528,398542,398567,398590,398629,398669,398705,normal
213,2015,398778,1107.7166666666667,NORMAL,N,398717,398730,398743,398768,398789,398827,398868,398906,normal
213,2016,398977,1108.2694444444444,NORMAL,N,398915,398926,398940,398958,398988,399028,399065,399103,normal
213,2017,399170,1108.8055555555557,NORMAL,N,399110,399121,399135,399160,399180,399215,399254,399298,normal
213,2018,399369,1109.3583333333333,FUSION,F,399307,399318,399332,399360,399381,399422,399463,399501,normal
213,2019,399576,1109.9333333333334,NORMAL,N,399512,399525,399538,399565,399588,399631,399673,399706,normal
213,2020,399777,1110.4916666666666,FUSION,F,399715,399726,399741,399752,399791,399809,399872,399896,biphasic_negative_positive
213,2021,399973,1111.036111111111,NORMAL,N,399910,399923,399937,399962,399985,400021,400064,400107,normal
213,2022,400179,1111.6083333333333,NORMAL,N,400116,400129,400144,400168,400189,400224,400265,400300,normal
213,2023,400376,1112.1555555555556,NORMAL,N,400312,400325,400339,400366,400388,400429,400468,400503,normal
213,2024,400573,1112.7027777777778,NORMAL,N,400512,400524,400538,400563,400583,400623,400663,400702,normal
213,2025,400773,1113.2583333333334,NORMAL,N,400710,400723,400735,400763,400784,400818,400861,400902,normal
213,2026,400973,1113.8138888888889,NORMAL,N,400911,400924,400937,400953,400983,401023,401062,401099,normal
213,2027,401174,1114.3722222222223,NORMAL,N,401110,401122,401136,401163,401184,401227,401264,401304,normal
213,2028,401376,1114.9333333333334,NORMAL,N,401311,401323,401337,401364,401387,401426,401467,401512,normal
213,2029,401586,1115.5166666666667,NORMAL,N,401521,401535,401548,401575,401597,401634,401673,401710,normal
213,2030,401785,1116.0694444444443,NORMAL,N,401722,401734,401747,401775,401796,401838,401880,401914,normal
213,2031,401986,1116.6277777777777,NORMAL,N,401922,401934,401948,401975,401997,402030,402070,402112,normal
213,2032,402184,1117.1777777777777,FUSION,F,402121,402134,402149,402150,402196,402222,402282,402309,biphasic_negative_positive
213,2033,402389,1117.7472222222223,NORMAL,N,402324,402338,402351,402379,402400,402441,402481,402514,normal
213,2034,402573,1118.2583333333334,PVC,V,,,,402543,402600,402602,402680,402707,biphasic_negative_positive
213,2035,402795,1118.875,NORMAL,N,402732,402745,402758,402777,402805,402848,402885,402921,normal
213,2036,402987,1119.4083333333333,PVC,V,,,,402954,403005,403007,403094,403117,biphasic_negative_positive
213,2037,403196,1119.9888888888888,NORMAL,N,403134,403147,403160,403186,403207,403245,403284,403322,normal
213,2038,403393,1120.536111111111,FUSION,F,403331,403342,403356,403378,403407,403451,403486,403518,normal
213,2039,403592,1121.088888888889,NORMAL,N,403532,403544,403558,403582,403603,403643,403683,403719,normal
213,2040,403794,1121.65,NORMAL,N,403730,403743,403757,403782,403805,403844,403882,403919,normal
213,2041,403989,1122.1916666666666,NORMAL,N,403927,403939,403953,403978,404001,404034,404078,404122,normal
213,2042,404195,1122.763888888889,NORMAL,N,404132,404145,404158,404185,404206,404245,404285,404322,normal
213,2043,404400,1123.3333333333333,NORMAL,N,404335,404348,404363,404390,404411,404452,404494,404528,normal
213,2044,404600,1123.888888888889,NORMAL,N,404536,404549,404563,404590,404611,404645,404685,404728,normal
213,2045,404801,1124.4472222222223,NORMAL,N,404737,404749,404763,404781,404812,404853,404891,404928,normal
213,2046,405001,1125.0027777777777,NORMAL,N,404941,404954,404967,404991,405012,405050,405090,405124,normal
213,2047,405195,1125.5416666666667,NORMAL,N,405131,405143,405157,405184,405206,405242,405282,405324,normal
213,2048,405383,1126.0638888888889,PVC,V,,,,405353,405427,405453,405493,405516,normal
213,2049,405606,1126.6833333333334,NORMAL,N,405541,405554,405568,405596,405619,405660,405703,405736,normal
213,2050,405807,1127.2416666666666,NORMAL,N,405745,405756,405771,405797,405819,405857,405896,405936,normal
213,2051,406008,1127.8,NORMAL,N,405945,405958,405972,405998,406020,406058,406098,406137,normal
213,2052,406210,1128.361111111111,PVC,V,406150,406163,406176,406183,406223,406225,406309,406331,biphasic_negative_positive
213,2053,406409,1128.9138888888888,NORMAL,N,406342,406357,406370,406397,406419,406458,406497,406534,normal
213,2054,406606,1129.4611111111112,FUSION,F,406544,406555,406570,406585,406621,406638,406707,406734,biphasic_negative_positive
213,2055,406809,1130.025,NORMAL,N,406745,406761,406774,406800,406819,406851,406893,406935,normal
213,2056,407012,1130.588888888889,FUSION,F,406947,406960,406974,406985,407025,407073,407111,407143,normal
213,2057,407217,1131.1583333333333,NORMAL,N,407154,407168,407181,407207,407228,407271,407311,407344,normal
213,2058,407418,1131.7166666666667,FUSION,F,407354,407366,407380,407407,407430,407474,407513,407550,normal
213,2059,407619,1132.275,NORMAL,N,407557,407570,407584,407609,407629,407666,407707,407748,normal
213,2060,407825,1132.8472222222222,FUSION,F,407762,407775,407789,407815,407837,407878,407916,407948,normal
213,2061,408016,1133.3777777777777,NORMAL,N,407955,407967,407981,408006,408027,408061,408102,408145,normal
213,2062,408216,1133.9333333333334,FUSION,F,408155,408166,408180,408202,408229,408275,408313,408347,normal
213,2063,408421,1134.5027777777777,NORMAL,N,408357,408370,408384,408410,408432,408474,408515,408550,normal
213,2064,408625,1135.0694444444443,FUSION,F,408561,408573,408587,408610,408636,408681,408718,408751,normal
213,2065,408821,1135.6138888888888,NORMAL,N,408760,408772,408785,408812,408833,408871,408913,408952,normal
213,2066,409030,1136.1944444444443,PVC,V,408966,408980,408994,409000,409043,409045,409126,409149,biphasic_negative_positive
213,2067,409222,1136.7277777777779,NORMAL,N,409160,409173,409186,409212,409233,409274,409312,409351,normal
213,2068,409421,1137.2805555555556,FUSION,F,409360,409371,409385,409405,409433,409477,409514,409548,normal
213,2069,409627,1137.8527777777779,NORMAL,N,409563,409576,409588,409616,409638,409678,409718,409750,normal
213,2070,409821,1138.3916666666667,NORMAL,N,409761,409773,409787,409812,409833,409874,409914,409952,normal
213,2071,410026,1138.9611111111112,NORMAL,N,409960,409972,409986,410005,410037,410081,410119,410155,normal
213,2072,410228,1139.5222222222221,NORMAL,N,410165,410177,410190,410217,410240,410276,410319,410360,normal
213,2073,410439,1140.1083333333333,NORMAL,N,410376,410388,410401,410428,410450,410489,410529,410562,normal
213,2074,410639,1140.6638888888888,NORMAL,N,410575,410588,410602,410629,410650,410692,410733,410768,normal
213,2075,410837,1141.213888888889,NORMAL,N,410775,410786,410800,410826,410848,410888,410927,410963,normal
213,2076,411034,1141.7611111111112,NORMAL,N,410973,410985,410999,411024,411045,411082,411123,411162,normal
213,2077,411239,1142.3305555555555,NORMAL,N,411175,411189,411202,411229,411250,411288,411330,411366,normal
213,2078,411447,1142.9083333333333,NORMAL,N,411380,411394,411409,411436,411459,411504,411546,411580,normal
213,2079,411649,1143.4694444444444,NORMAL,N,411588,411599,411612,411640,411660,411703,411741,411778,normal
213,2080,411851,1144.0305555555556,FUSION,F,411787,411799,411813,411827,411863,411910,411948,411978,normal
213,2081,412052,1144.588888888889,NORMAL,N,411991,412003,412017,412042,412062,412095,412137,412175,normal
213,2082,412231,1145.0861111111112,PVC,V,,,,412211,412258,412269,412337,412357,biphasic_negative_positive
213,2083,412451,1145.6972222222223,NORMAL,N,412389,412402,412415,412440,412462,412504,412547,412582,normal
213,2084,412656,1146.2666666666667,NORMAL,N,412591,412604,412620,412645,412666,412702,412740,412780,normal
213,2085,412852,1146.8111111111111,NORMAL,N,412790,412802,412816,412842,412864,412903,412945,412981,normal
213,2086,413058,1147.3833333333334,NORMAL,N,412996,413009,413022,413041,413069,413110,413150,413184,normal
213,2087,413257,1147.9361111111111,NORMAL,N,413192,413204,413219,413246,413269,413311,413350,413391,normal
213,2088,413461,1148.5027777777777,NORMAL,N,413399,413411,413426,413452,413472,413509,413548,413588,normal
213,2089,413665,1149.0694444444443,NORMAL,N,413602,413615,413628,413655,413676,413717,413757,413787,normal
213,2090,413860,1149.611111111111,NORMAL,N,413799,413811,413824,413851,413872,413908,413947,413986,normal
213,2091,414055,1150.1527777777778,NORMAL,N,413993,414006,414019,414043,414067,414103,414143,414188,normal
213,2092,414262,1150.7277777777779,NORMAL,N,414197,414210,414223,414251,414274,414315,414356,414395,normal
213,2093,414474,1151.3166666666666,NORMAL,N,414407,414421,414435,414463,414485,414526,414567,414600,normal
213,2094,414670,1151.861111111111,PVC,V,414608,414620,414633,414641,414682,414684,414772,414791,biphasic_negative_positive
213,2095,414874,1152.4277777777777,NORMAL,N,414809,414823,414836,414862,414885,414923,414964,415002,normal
213,2096,415077,1152.9916666666666,NORMAL,N,415016,415028,415042,415059,415087,415126,415167,415203,normal
213,2097,415279,1153.5527777777777,NORMAL,N,415215,415228,415242,415268,415289,415327,415366,415401,normal
213,2098,415473,1154.0916666666667,NORMAL,N,415410,415423,415437,415463,415485,415527,415565,415604,normal
213,2099,415673,1154.6472222222221,NORMAL,N,415613,415625,415638,415664,415684,415720,415763,415802,normal
213,2100,415883,1155.2305555555556,NORMAL,N,415817,415830,415844,415872,415894,415937,415977,416010,normal
213,2101,416082,1155.7833333333333,NORMAL,N,416020,416031,416044,416072,416093,416130,416172,416216,normal
213,2102,416294,1156.3722222222223,NORMAL,N,416228,416242,416255,416283,416305,416343,416383,416416,normal
213,2103,416490,1156.9166666666667,NORMAL,N,416427,416440,416454,416479,416500,416539,416579,416617,normal
213,2104,416689,1157.4694444444444,NORMAL,N,416626,416639,416653,416679,416700,416737,416776,416817,normal
213,2105,416886,1158.0166666666667,NORMAL,N,416825,416837,416850,416874,416896,416933,416974,417012,normal
213,2106,417088,1158.5777777777778,NORMAL,N,417025,417038,417051,417077,417100,417136,417180,417218,normal
213,2107,417294,1159.15,NORMAL,N,417228,417242,417255,417283,417305,417348,417388,417424,normal
213,2108,417483,1159.675,PVC,V,,,,417450,417525,417549,417586,417612,normal
213,2109,417701,1160.2805555555556,NORMAL,N,417635,417648,417662,417691,417711,417752,417794,417827,normal
213,2110,417904,1160.8444444444444,NORMAL,N,417844,417855,417869,417895,417915,417952,417990,418023,normal
213,2111,418095,1161.375,NORMAL,N,418031,418043,418057,418085,418106,418143,418182,418223,normal
213,2112,418295,1161.9305555555557,FUSION,F,418233,418246,418259,418285,418306,418351,418388,418425,normal
213,2113,418500,1162.5,NORMAL,N,418436,418449,418463,418489,418512,,,,
213,2114,418650,1162.9166666666667,PVC,V,418558,418591,418619,418633,418674,418687,418748,418777,biphasic_negative_positive
213,2115,418898,1163.6055555555556,NORMAL,N,418836,418848,418863,418879,418909,418949,418995,419027,normal
213,2116,419107,1164.1861111111111,FUSION,F,419044,419055,419070,419088,419132,419170,419209,419238,normal
213,2117,419310,1164.75,NORMAL,N,419247,419260,419274,419299,419320,419360,419400,419433,normal
213,2118,419506,1165.2944444444445,FUSION,F,419442,419454,419469,419495,419518,419562,419600,419635,normal
213,2119,419707,1165.8527777777779,NORMAL,N,419646,419658,419671,419698,419719,419756,419795,419830,normal
213,2120,419905,1166.4027777777778,FUSION,F,419843,419856,419869,419882,419917,419966,420004,420033,normal
213,2121,420106,1166.9611111111112,NORMAL,N,420041,420053,420067,420095,420117,420162,420200,420238,normal
213,2122,420313,1167.536111111111,FUSION,F,420246,420260,420273,420300,420338,420370,420407,420442,normal
213,2123,420517,1168.1027777777779,NORMAL,N,420454,420468,420481,420507,420527,420567,420606,420640,normal
213,2124,420719,1168.6638888888888,NORMAL,N,420654,420667,420681,420708,420730,420769,420808,420844,normal
213,2125,420910,1169.1944444444443,NORMAL,N,420851,420862,420875,420899,420920,420955,420996,421040,normal
213,2126,421111,1169.7527777777777,NORMAL,N,421050,421062,421075,421102,421123,421161,421200,421236,normal
213,2127,421310,1170.3055555555557,NORMAL,N,421246,421259,421272,421297,421321,421361,421403,421439,normal
213,2128,421507,1170.8527777777779,FUSION,F,421446,421458,421471,421493,421519,421557,421596,421630,normal
213,2129,421705,1171.4027777777778,NORMAL,N,421641,421654,421668,421694,421716,421757,421798,421834,normal
213,2130,421910,1171.9722222222222,FUSION,F,421846,421861,421876,421878,421924,421926,422012,422040,biphasic_negative_positive
213,2131,422115,1172.5416666666667,NORMAL,N,422049,422064,422078,422104,422127,422169,422208,422242,normal
213,2132,422312,1173.088888888889,FUSION,F,422250,422262,422276,422301,422325,422368,422402,422438,normal
213,2133,422516,1173.6555555555556,NORMAL,N,422452,422465,422478,422505,422527,422564,422604,422638,normal
213,2134,422711,1174.1972222222223,NORMAL,N,422649,422661,422675,422693,422721,422761,422800,422836,normal
213,2135,422906,1174.7388888888888,NORMAL,N,422843,422855,422869,422886,422917,422952,422995,423038,normal
213,2136,423112,1175.3111111111111,NORMAL,N,423047,423061,423074,423102,423123,423160,423204,423243,normal
213,2137,423322,1175.8944444444444,NORMAL,N,423258,423271,423285,423312,423334,423373,423413,423446,normal
213,2138,423520,1176.4444444444443,NORMAL,N,423457,423470,423484,423509,423531,423567,423610,423652,normal
213,2139,423724,1177.0111111111112,NORMAL,N,423662,423675,423689,423715,423735,423774,423813,423849,normal
213,2140,423923,1177.5638888888889,FUSION,F,423860,423873,423886,423904,423936,423982,424020,424052,normal
213,2141,424120,1178.111111111111,NORMAL,N,424060,424071,424084,424107,424129,424165,424205,424245,normal
213,2142,424306,1178.6277777777777,PVC,V,,,,424275,424345,424347,424416,424437,biphasic_negative_positive
213,2143,424524,1179.2333333333333,NORMAL,N,424461,424474,424486,424513,424536,424575,424617,424649,normal
213,2144,424727,1179.7972222222222,FUSION,F,424661,424674,424689,424716,424738,424775,424815,424854,normal
213,2145,424930,1180.361111111111,NORMAL,N,424866,424878,424892,424919,424941,424978,425022,425059,normal
213,2146,425137,1180.9361111111111,FUSION,F,425073,425086,425100,425118,425148,425185,425226,425261,normal
213,2147,425329,1181.4694444444444,NORMAL,N,425268,425279,425293,425317,425340,425377,425418,425460,normal
213,2148,425533,1182.036111111111,FUSION,F,425470,425483,425496,425523,425543,425586,425622,425651,normal
213,2149,425715,1182.5416666666667,NORMAL,N,,,,425703,425726,425765,425803,425843,normal
213,2150,425927,1183.1305555555555,FUSION,F,425865,425878,425891,425899,425940,425988,426028,426054,normal
213,2151,426133,1183.7027777777778,NORMAL,N,426069,426082,426095,426123,426145,426184,426226,426267,normal
213,2152,426329,1184.2472222222223,PVC,V,,,,426297,426354,426356,426433,426457,biphasic_negative_positive
213,2153,426544,1184.8444444444444,NORMAL,N,426479,426492,426505,426524,426554,426597,426637,426666,normal
213,2154,426738,1185.3833333333334,NORMAL,N,426675,426688,426703,426727,426749,426788,426827,426860,normal
213,2155,426934,1185.9277777777777,NORMAL,N,426869,426883,426896,426924,426945,426981,427021,427061,normal
213,2156,427133,1186.4805555555556,NORMAL,N,427071,427083,427096,427121,427145,427186,427225,427263,normal
213,2157,427344,1187.0666666666666,NORMAL,N,427279,427292,427306,427333,427353,427392,427431,427462,normal
213,2158,427536,1187.6,NORMAL,N,427471,427484,427499,427525,427546,427589,427630,427666,normal
213,2159,427739,1188.1638888888888,NORMAL,N,427677,427688,427701,427729,427750,427788,427829,427873,normal
213,2160,427949,1188.7472222222223,NORMAL,N,427884,427898,427911,427939,427960,428004,428044,428080,normal
213,2161,428154,1189.3166666666666,NORMAL,N,428091,428105,428119,428144,428165,428207,428247,428279,normal
213,2162,428352,1189.8666666666666,FUSION,F,428288,428300,428314,428342,428364,428408,428445,428477,normal
213,2163,428549,1190.4138888888888,NORMAL,N,428487,428501,428514,428539,428560,428595,428637,428675,normal
213,2164,428736,1190.9333333333334,PVC,V,,,,428707,428764,428766,428845,428867,biphasic_negative_positive
213,2165,428958,1191.55,NORMAL,N,428891,428905,428918,428947,428969,429011,429054,429089,normal
213,2166,429164,1192.1222222222223,NORMAL,N,429098,429111,429126,429154,429177,429213,429253,429293,normal
213,2167,429368,1192.6888888888889,NORMAL,N,429304,429317,429331,429358,429378,429415,429456,429493,normal
213,2168,429571,1193.2527777777777,NORMAL,N,429507,429521,429535,429562,429582,429622,429661,429693,normal
213,2169,429762,1193.7833333333333,NORMAL,N,429701,429713,429726,429752,429773,429816,429854,429891,normal
213,2170,429962,1194.338888888889,NORMAL,N,429900,429913,429926,429951,429972,430006,430046,430089,normal
213,2171,430163,1194.8972222222221,NORMAL,N,430100,430112,430126,430152,430175,430211,430255,430291,normal
213,2172,430365,1195.4583333333333,NORMAL,N,430304,430316,430330,430355,430375,430414,430455,430489,normal
213,2173,430565,1196.013888888889,NORMAL,N,430498,430511,430526,430554,430576,430617,430657,430695,normal
213,2174,430768,1196.5777777777778,NORMAL,N,430704,430716,430730,430755,430780,430818,430859,430900,normal
213,2175,430977,1197.1583333333333,NORMAL,N,430912,430927,430940,430967,430989,431029,431066,431098,normal
213,2176,431172,1197.7,FUSION,F,431110,431123,431137,431143,431185,431187,431270,431296,biphasic_negative_positive
213,2177,431374,1198.2611111111112,NORMAL,N,431308,431321,431334,431363,431384,431423,431462,431500,normal
213,2178,431572,1198.8111111111111,NORMAL,N,431510,431523,431536,431563,431584,431618,431661,431702,normal
213,2179,431781,1199.3916666666667,NORMAL,N,431718,431731,431744,431771,431792,431832,431874,431907,normal
213,2180,431985,1199.9583333333333,NORMAL,N,431919,431933,431947,431974,431996,432037,432080,432121,normal
213,2181,432193,1200.536111111111,NORMAL,N,432130,432143,432157,432183,432204,432241,432281,432324,normal
213,2182,432398,1201.1055555555556,NORMAL,N,432335,432347,432360,432387,432409,432448,432490,432528,normal
213,2183,432605,1201.6805555555557,NORMAL,N,432542,432555,432568,432595,432616,432652,432691,432724,normal
213,2184,432799,1202.2194444444444,NORMAL,N,432735,432747,432761,432779,432810,432851,432889,432925,normal
213,2185,432994,1202.7611111111112,NORMAL,N,432932,432944,432957,432984,433005,433042,433085,433127,normal
213,2186,433205,1203.3472222222222,NORMAL,N,433140,433152,433165,433194,433215,433253,433292,433324,normal
213,2187,433399,1203.8861111111112,NORMAL,N,433335,433349,433362,433389,433410,433451,433493,433529,normal
213,2188,433602,1204.45,NORMAL,N,433539,433552,433565,433592,433614,433649,433689,433731,normal
213,2189,433806,1205.0166666666667,NORMAL,N,433741,433754,433768,433786,433816,433855,433898,433938,normal
213,2190,434015,1205.5972222222222,NORMAL,N,433951,433965,433978,434006,434025,434066,434107,434138,normal
213,2191,434210,1206.138888888889,NORMAL,N,434148,434160,434174,434200,434221,434264,434301,434337,normal
213,2192,434408,1206.6888888888889,NORMAL,N,434347,434360,434374,434389,434418,434453,434494,434533,normal
213,2193,434607,1207.2416666666666,NORMAL,N,434545,434557,434571,434597,434618,434657,434697,434733,normal
213,2194,434813,1207.8138888888889,NORMAL,N,434748,434761,434775,434802,434824,434868,434909,434944,normal
213,2195,435018,1208.3833333333334,NORMAL,N,434953,434966,434980,434999,435030,435070,435111,435150,normal
213,2196,435223,1208.9527777777778,NORMAL,N,435161,435173,435186,435211,435234,435269,435311,435351,normal
213,2197,435430,1209.5277777777778,NORMAL,N,435366,435379,435393,435419,435441,435480,435521,435553,normal
213,2198,435625,1210.0694444444443,NORMAL,N,435563,435576,435589,435615,435636,435676,435714,435750,normal
213,2199,435824,1210.6222222222223,NORMAL,N,435760,435774,435786,435814,435834,435872,435909,435951,normal
213,2200,436026,1211.1833333333334,NORMAL,N,435962,435976,435989,436013,436037,436078,436119,436152,normal
213,2201,436227,1211.7416666666666,NORMAL,N,436165,436179,436192,436217,436237,436279,436317,436353,normal
213,2202,436427,1212.2972222222222,NORMAL,N,436361,436374,436387,436415,436438,436479,436519,436560,normal
213,2203,436633,1212.8694444444445,NORMAL,N,436570,436582,436596,436623,436645,436687,436726,436766,normal
213,2204,436847,1213.463888888889,NORMAL,N,436780,436795,436808,436836,436859,436902,436939,436970,normal
213,2205,437043,1214.0083333333334,NORMAL,N,436981,436994,437008,437032,437054,437096,437134,437168,normal
213,2206,437240,1214.5555555555557,NORMAL,N,437176,437188,437202,437218,437251,437290,437327,437368,normal
213,2207,437444,1215.1222222222223,NORMAL,N,437380,437394,437406,437433,437453,437493,437533,437568,normal
213,2208,437648,1215.6888888888889,NORMAL,N,437584,437597,437611,437636,437658,437703,437740,437775,normal
213,2209,437851,1216.2527777777777,NORMAL,N,437785,437798,437812,437838,437862,437899,437941,437985,normal
213,2210,438059,1216.8305555555555,NORMAL,N,437995,438009,438023,438049,438070,438111,438148,438185,normal
213,2211,438262,1217.3944444444444,NORMAL,N,438199,438212,438225,438250,438272,438317,438355,438389,normal
213,2212,438462,1217.95,NORMAL,N,438400,438413,438426,438451,438473,438511,438548,438585,normal
213,2213,438654,1218.4833333333333,NORMAL,N,438593,438605,438619,438644,438665,438704,438743,438783,normal
213,2214,438856,1219.0444444444445,NORMAL,N,438795,438808,438820,438847,438867,438906,438946,438982,normal
213,2215,439061,1219.6138888888888,NORMAL,N,438996,439009,439023,439051,439073,439112,439152,439183,normal
213,2216,439256,1220.1555555555556,NORMAL,N,439193,439206,439219,439246,439267,439305,439345,439388,normal
213,2217,439463,1220.7305555555556,NORMAL,N,439398,439413,439425,439451,439474,439511,439551,439586,normal
213,2218,439666,1221.2944444444445,NORMAL,N,439602,439614,439628,439647,439677,439720,439761,439793,normal
213,2219,439868,1221.8555555555556,NORMAL,N,439804,439817,439831,439849,439879,439921,439957,439993,normal
213,2220,440066,1222.4055555555556,NORMAL,N,440003,440015,440030,440056,440077,440115,440157,440197,normal
213,2221,440269,1222.9694444444444,NORMAL,N,440208,440220,440233,440259,440280,440317,440358,440396,normal
213,2222,440473,1223.536111111111,NORMAL,N,440411,440424,440437,440462,440484,440524,440566,440597,normal
213,2223,440675,1224.0972222222222,NORMAL,N,440609,440623,440637,440655,440686,440728,440770,440807,normal
213,2224,440884,1224.6777777777777,NORMAL,N,440816,440829,440843,440872,440894,440937,440977,441016,normal
213,2225,441090,1225.25,NORMAL,N,441028,441039,441053,441079,441101,441136,441179,441220,normal
213,2226,441300,1225.8333333333333,NORMAL,N,441237,441249,441263,441291,441312,441356,441396,441424,normal
213,2227,441494,1226.3722222222223,NORMAL,N,441433,441445,441459,441484,441504,441545,441583,441621,normal
213,2228,441698,1226.9388888888889,NORMAL,N,441632,441646,441660,441685,441708,441743,441785,441825,normal
213,2229,441901,1227.5027777777777,NORMAL,N,441838,441851,441865,441892,441913,441953,441993,442028,normal
213,2230,442106,1228.0722222222223,NORMAL,N,442043,442056,442070,442096,442116,442155,442195,442229,normal
213,2231,442302,1228.6166666666666,NORMAL,N,442239,442251,442265,442282,442313,442350,442392,442435,normal
213,2232,442506,1229.1833333333334,NORMAL,N,442445,442457,442470,442496,442517,442557,442599,442638,normal
213,2233,442718,1229.7722222222221,NORMAL,N,442653,442666,442680,442707,442728,442773,442812,442843,normal
213,2234,442914,1230.3166666666666,NORMAL,N,442853,442865,442878,442904,442925,442965,443003,443039,normal
213,2235,443111,1230.8638888888888,NORMAL,N,443049,443060,443074,443101,443123,443158,443200,443241,normal
213,2236,443313,1231.425,NORMAL,N,443252,443264,443277,443295,443325,443364,443402,443438,normal
213,2237,443518,1231.9944444444445,NORMAL,N,443452,443466,443480,443507,443529,443570,443611,443644,normal
213,2238,443721,1232.5583333333334,NORMAL,N,443656,443669,443684,443710,443733,443775,443814,443852,normal
213,2239,443927,1233.1305555555555,NORMAL,N,443863,443877,443890,443916,443938,443974,444014,444055,normal
213,2240,444132,1233.7,NORMAL,N,444068,444081,444095,444121,444142,444181,444224,444260,normal
213,2241,444338,1234.2722222222221,NORMAL,N,444273,444287,444300,444329,444349,444386,444426,444463,normal
213,2242,444533,1234.8138888888889,NORMAL,N,444472,444483,444497,444523,444545,444589,444627,444664,normal
213,2243,444734,1235.3722222222223,NORMAL,N,444673,444686,444699,444722,444745,444779,444822,444863,normal
213,2244,444941,1235.9472222222223,NORMAL,N,444876,444890,444903,444931,444952,444995,445034,445067,normal
213,2245,445145,1236.513888888889,NORMAL,N,445081,445094,445108,445133,445155,445198,445237,445271,normal
213,2246,445348,1237.0777777777778,NORMAL,N,445282,445296,445310,445338,445360,445397,445437,445479,normal
213,2247,445555,1237.6527777777778,NORMAL,N,445491,445503,445517,445545,445567,445606,445648,445685,normal
213,2248,445765,1238.236111111111,NORMAL,N,445701,445714,445728,445746,445777,445816,445855,445888,normal
213,2249,445961,1238.7805555555556,NORMAL,N,445898,445911,445925,445951,445973,446014,446055,446094,normal
213,2250,446167,1239.3527777777779,NORMAL,N,446102,446115,446130,446155,446178,446213,446252,446292,normal
213,2251,446367,1239.9083333333333,NORMAL,N,446304,446317,446330,446355,446377,446415,446457,446493,normal
213,2252,446573,1240.4805555555556,NORMAL,N,446510,446522,446536,446562,446583,446625,446667,446700,normal
213,2253,446773,1241.036111111111,NORMAL,N,446709,446721,446736,446761,446785,446827,446869,446908,normal
213,2254,446980,1241.611111111111,NORMAL,N,446917,446929,446942,446969,446990,447026,447067,447108,normal
213,2255,447185,1242.1805555555557,NORMAL,N,447121,447135,447148,447173,447196,447238,447276,447309,normal
213,2256,447387,1242.7416666666666,NORMAL,N,447324,447337,447351,447376,447397,447436,447475,447507,normal
213,2257,447580,1243.2777777777778,NORMAL,N,447515,447528,447542,447568,447591,447631,447669,447705,normal
213,2258,447777,1243.825,NORMAL,N,447715,447728,447741,447767,447789,447827,447869,447911,normal
213,2259,447989,1244.4138888888888,NORMAL,N,447926,447939,447953,447979,447999,448038,448077,448110,normal
213,2260,448188,1244.9666666666667,NORMAL,N,448124,448137,448150,448177,448198,448238,448280,448317,normal
213,2261,448390,1245.5277777777778,NORMAL,N,448326,448340,448353,448380,448401,448439,448480,448522,normal
213,2262,448596,1246.1,NORMAL,N,448533,448545,448559,448586,448607,448650,448691,448728,normal
213,2263,448805,1246.6805555555557,NORMAL,N,448743,448756,448769,448795,448816,448856,448897,448928,normal
213,2264,449007,1247.2416666666666,NORMAL,N,448942,448955,448969,448987,449018,449059,449098,449133,normal
213,2265,449203,1247.786111111111,NORMAL,N,449142,449154,449167,449193,449213,449253,449293,449330,normal
213,2266,449405,1248.3472222222222,NORMAL,N,449340,449353,449367,449383,449417,449452,449496,449537,normal
213,2267,449617,1248.9361111111111,NORMAL,N,449551,449564,449578,449606,449629,449667,449710,449748,normal
213,2268,449832,1249.5333333333333,NORMAL,N,449765,449778,449792,449821,449842,449883,449923,449954,normal
213,2269,450029,1250.0805555555555,NORMAL,N,449966,449979,449992,450019,450038,450080,450120,450157,normal
213,2270,450231,1250.6416666666667,NORMAL,N,450168,450181,450194,450212,450241,450277,450319,450360,normal
213,2271,450431,1251.1972222222223,NORMAL,N,450370,450382,450396,450420,450442,450481,450522,450558,normal
213,2272,450636,1251.7666666666667,NORMAL,N,450575,450589,450602,450618,450647,450689,450729,450760,normal
213,2273,450836,1252.3222222222223,NORMAL,N,450771,450784,450798,450826,450848,450893,450930,450965,normal
213,2274,451033,1252.8694444444445,NORMAL,N,450973,450985,450998,451022,451044,451079,451121,451162,normal
213,2275,451241,1253.4472222222223,NORMAL,N,451175,451189,451203,451229,451252,451294,451333,451368,normal
213,2276,451450,1254.0277777777778,NORMAL,N,451385,451399,451412,451430,451460,451501,451543,451574,normal
213,2277,451651,1254.5861111111112,NORMAL,N,451586,451599,451613,451641,451661,451705,451741,451777,normal
213,2278,451848,1255.1333333333334,NORMAL,N,451787,451798,451812,451838,451859,451898,451939,451979,normal
213,2279,452055,1255.7083333333333,NORMAL,N,451992,452004,452018,452036,452066,452101,452143,452182,normal
213,2280,452259,1256.275,NORMAL,N,452197,452210,452223,452249,452270,452312,452351,452385,normal
213,2281,452461,1256.8361111111112,NORMAL,N,452398,452410,452425,452450,452471,452517,452555,452589,normal
213,2282,452663,1257.3972222222221,NORMAL,N,452598,452610,452625,452652,452674,452711,452755,452798,normal
213,2283,452871,1257.975,NORMAL,N,452809,452822,452835,452853,452883,452920,452962,453001,normal
213,2284,453079,1258.5527777777777,NORMAL,N,453014,453027,453042,453068,453091,453136,453176,453208,normal
213,2285,453279,1259.1083333333333,NORMAL,N,453217,453229,453243,453269,453289,453327,453365,453405,normal
213,2286,453479,1259.6638888888888,NORMAL,N,453415,453428,453442,453469,453491,453528,453568,453608,normal
213,2287,453689,1260.2472222222223,NORMAL,N,453625,453638,453651,453677,453700,453743,453785,453816,normal
213,2288,453892,1260.8111111111111,NORMAL,N,453828,453841,453855,453874,453902,453944,453981,454016,normal
213,2289,454089,1261.3583333333333,NORMAL,N,454025,454038,454051,454079,454100,454143,454186,454225,normal
213,2290,454296,1261.9333333333334,NORMAL,N,454235,454248,454261,454287,454309,454344,454386,454429,normal
213,2291,454510,1262.5277777777778,NORMAL,N,454446,454459,454472,454498,454522,454563,454604,454639,normal
213,2292,454717,1263.1027777777779,NORMAL,N,454653,454666,454680,454706,454727,454768,454809,454843,normal
213,2293,454916,1263.6555555555556,NORMAL,N,454852,454864,454878,454904,454926,454970,455009,455042,normal
213,2294,455112,1264.2,NORMAL,N,455051,455063,455076,455102,455123,455158,455199,455238,normal
213,2295,455318,1264.7722222222221,NORMAL,N,455256,455268,455281,455300,455329,455366,455410,455444,normal
213,2296,455527,1265.3527777777779,NORMAL,N,455462,455475,455489,455517,455539,455582,455624,455655,normal
213,2297,455735,1265.9305555555557,NORMAL,N,455668,455681,455695,455724,455746,455788,455825,455860,normal
213,2298,455932,1266.4777777777779,NORMAL,N,455870,455883,455897,455921,455942,455984,456024,456061,normal
213,2299,456137,1267.0472222222222,NORMAL,N,456073,456087,456101,456126,456148,456187,456226,456264,normal
213,2300,456341,1267.6138888888888,NORMAL,N,456280,456293,456306,456331,456352,456395,456435,456467,normal
213,2301,456542,1268.1722222222222,NORMAL,N,456480,456493,456507,456531,456553,456598,456636,456670,normal
213,2302,456743,1268.7305555555556,NORMAL,N,456679,456692,456705,456733,456755,456791,456833,456871,normal
213,2303,456944,1269.2888888888888,NORMAL,N,456882,456894,456908,456934,456955,456993,457036,457072,normal
213,2304,457156,1269.8777777777777,NORMAL,N,457091,457104,457117,457145,457168,457211,457250,457280,normal
213,2305,457358,1270.4388888888889,NORMAL,N,457293,457307,457322,457348,457370,457416,457454,457490,normal
213,2306,457565,1271.013888888889,NORMAL,N,457501,457513,457526,457554,457576,457618,457655,457689,normal
213,2307,457761,1271.5583333333334,NORMAL,N,457698,457711,457724,457741,457772,457808,457850,457891,normal
213,2308,457972,1272.1444444444444,NORMAL,N,457910,457923,457936,457962,457983,458021,458063,458096,normal
213,2309,458175,1272.7083333333333,NORMAL,N,458109,458123,458138,458165,458186,458230,458269,458304,normal
213,2310,458377,1273.2694444444444,NORMAL,N,458313,458325,458339,458366,458389,458428,458468,458513,normal
213,2311,458591,1273.8638888888888,NORMAL,N,458525,458539,458552,458569,458602,458644,458685,458717,normal
213,2312,458797,1274.4361111111111,NORMAL,N,458734,458747,458761,458786,458807,458848,458890,458921,normal
213,2313,458997,1274.9916666666666,NORMAL,N,458932,458944,458959,458977,459009,459054,459093,459126,normal
213,2314,459195,1275.5416666666667,NORMAL,N,459134,459144,459159,459185,459205,459248,459285,459319,normal
213,2315,459394,1276.0944444444444,NORMAL,N,459330,459343,459356,459382,459404,459440,459482,459519,normal
213,2316,459602,1276.6722222222222,NORMAL,N,459539,459550,459564,459592,459613,459653,459695,459729,normal
213,2317,459807,1277.2416666666666,NORMAL,N,459744,459757,459771,459797,459817,459858,459898,459930,normal
213,2318,460004,1277.7888888888888,NORMAL,N,459940,459953,459967,459985,460016,460061,460100,460135,normal
213,2319,460205,1278.3472222222222,NORMAL,N,460144,460154,460168,460195,460216,460252,460294,460335,normal
213,2320,460418,1278.9388888888889,NORMAL,N,460352,460365,460379,460407,460430,460468,460511,460545,normal
213,2321,460622,1279.5055555555555,NORMAL,N,460561,460573,460587,460612,460633,460676,460717,460749,normal
213,2322,460823,1280.0638888888889,NORMAL,N,460759,460771,460785,460814,460834,460876,460915,460949,normal
213,2323,461020,1280.611111111111,NORMAL,N,460960,460972,460985,461009,461032,461067,461108,461148,normal
213,2324,461228,1281.1888888888889,NORMAL,N,461165,461179,461192,461217,461240,461283,461323,461354,normal
213,2325,461437,1281.7694444444444,NORMAL,N,461369,461383,461397,461426,461448,461492,461535,461569,normal
213,2326,461642,1282.338888888889,NORMAL,N,461577,461590,461604,461632,461653,461695,461733,461769,normal
213,2327,461843,1282.8972222222221,NORMAL,N,461779,461792,461806,461833,461854,461891,461936,461976,normal
213,2328,462055,1283.486111111111,NORMAL,N,461994,462008,462022,462046,462065,462104,462144,462176,normal
213,2329,462256,1284.0444444444445,NORMAL,N,462191,462205,462219,462245,462268,462311,462351,462383,normal
213,2330,462457,1284.6027777777779,NORMAL,N,462394,462406,462420,462447,462468,462512,462550,462588,normal
213,2331,462661,1285.1694444444445,NORMAL,N,462597,462610,462624,462650,462672,462711,462749,462787,normal
213,2332,462867,1285.7416666666666,NORMAL,N,462803,462816,462830,462857,462878,462918,462963,462995,normal
213,2333,463073,1286.3138888888889,NORMAL,N,463008,463022,463036,463062,463084,463124,463165,463201,normal
213,2334,463276,1286.8777777777777,NORMAL,N,463211,463223,463237,463266,463288,463325,463367,463411,normal
213,2335,463488,1287.4666666666667,NORMAL,N,463426,463438,463451,463477,463498,463539,463575,463609,normal
213,2336,463690,1288.0277777777778,NORMAL,N,463626,463640,463653,463671,463701,463744,463784,463817,normal
213,2337,463889,1288.5805555555555,NORMAL,N,463828,463839,463853,463880,463900,463941,463980,464015,normal
213,2338,464087,1289.1305555555555,NORMAL,N,464025,464039,464051,464076,464098,464137,464178,464219,normal
213,2339,464299,1289.7194444444444,NORMAL,N,464235,464248,464262,464289,464310,464354,464394,464427,normal
213,2340,464509,1290.3027777777777,NORMAL,N,464443,464457,464471,464499,464521,464564,464602,464633,normal
213,2341,464705,1290.8472222222222,NORMAL,N,464644,464656,464669,464695,464716,464756,464796,464837,normal
213,2342,464912,1291.4222222222222,NORMAL,N,464846,464859,464874,464902,464923,464962,465000,465037,normal
213,2343,465115,1291.986111111111,NORMAL,N,465052,465066,465079,465105,465126,465170,465210,465241,normal
213,2344,465318,1292.55,NORMAL,N,465255,465268,465282,465308,465329,465370,465407,465441,normal
213,2345,465516,1293.1,NORMAL,N,465452,465464,465478,465505,465526,465564,465604,465647,normal
213,2346,465718,1293.661111111111,NORMAL,N,465657,465669,465683,465708,465730,465768,465809,465847,normal
213,2347,465929,1294.2472222222223,NORMAL,N,465864,465878,465891,465910,465941,465984,466022,466052,normal
213,2348,466131,1294.8083333333334,NORMAL,N,466065,466078,466092,466120,466141,466188,466229,466264,normal
213,2349,466338,1295.3833333333334,NORMAL,N,466274,466284,466299,466326,466349,466388,466428,466464,normal
213,2350,466538,1295.9388888888889,NORMAL,N,466474,466486,466500,466528,466549,466590,466630,466669,normal
213,2351,466751,1296.5305555555556,NORMAL,N,466688,466702,466715,466732,466762,466805,466842,466872,normal
213,2352,466951,1297.0861111111112,NORMAL,N,466888,466901,466915,466941,466962,467005,467044,467077,normal
213,2353,467150,1297.638888888889,NORMAL,N,467086,467098,467111,467129,467161,467207,467246,467281,normal
213,2354,467354,1298.2055555555555,NORMAL,N,467291,467304,467316,467344,467367,467407,467448,467490,normal
213,2355,467570,1298.8055555555557,NORMAL,N,467505,467520,467534,467561,467582,467621,467662,467695,normal
213,2356,467777,1299.3805555555555,NORMAL,N,467712,467725,467740,467767,467788,467826,467869,467906,normal
213,2357,467976,1299.9333333333334,NORMAL,N,467915,467927,467941,467966,467987,468025,468064,468098,normal
213,2358,468179,1300.4972222222223,NORMAL,N,468115,468128,468142,468168,468189,468233,468271,468302,normal
213,2359,468373,1301.036111111111,NORMAL,N,468311,468323,468336,468361,468384,468422,468463,468507,normal
213,2360,468581,1301.6138888888888,NORMAL,N,468517,468530,468544,468570,468592,468628,468669,468705,normal
213,2361,468783,1302.175,NORMAL,N,468718,468733,468747,468771,468794,468839,468878,468909,normal
213,2362,468983,1302.7305555555556,NORMAL,N,468920,468932,468946,468973,468994,469037,469076,469112,normal
213,2363,469189,1303.3027777777777,NORMAL,N,469123,469135,469149,469169,469200,469237,469278,469319,normal
213,2364,469395,1303.875,NORMAL,N,469334,469346,469358,469385,469405,469447,469486,469521,normal
213,2365,469602,1304.45,NORMAL,N,469538,469552,469566,469592,469613,469656,469695,469724,normal
213,2366,469797,1304.9916666666666,NORMAL,N,469735,469746,469761,469787,469807,469849,469888,469922,normal
213,2367,469995,1305.5416666666667,NORMAL,N,469932,469944,469957,469985,470006,470045,470087,470128,normal
213,2368,470204,1306.1222222222223,NORMAL,N,470138,470148,470160,470194,470216,470257,470298,470337,normal
213,2369,470421,1306.725,NORMAL,N,470357,470371,470384,470411,470433,470475,470516,470544,normal
213,2370,470621,1307.2805555555556,NORMAL,N,470556,470570,470584,470611,470633,470677,470716,470751,normal
213,2371,470822,1307.838888888889,NORMAL,N,470759,470771,470785,470812,470833,470878,470914,470948,normal
213,2372,471022,1308.3944444444444,NORMAL,N,470957,470970,470984,471012,471033,471074,471114,471153,normal
213,2373,471234,1308.9833333333333,NORMAL,N,471171,471184,471197,471224,471244,471283,471325,471357,normal
213,2374,471439,1309.5527777777777,NORMAL,N,471373,471387,471402,471429,471450,471495,471533,471562,normal
213,2375,471634,1310.0944444444444,NORMAL,N,471572,471584,471598,471624,471644,471684,471727,471765,normal
213,2376,471841,1310.6694444444445,NORMAL,N,471777,471790,471804,471830,471852,471892,471932,471971,normal
213,2377,472054,1311.2611111111112,NORMAL,N,471990,472003,472017,472044,472066,472109,472150,472183,normal
213,2378,472260,1311.8333333333333,NORMAL,N,472196,472209,472223,472249,472271,472312,472351,472386,normal
213,2379,472458,1312.3833333333334,NORMAL,N,472395,472406,472420,472445,472469,472509,472547,472589,normal
213,2380,472664,1312.9555555555555,NORMAL,N,472600,472614,472627,472653,472675,472716,472753,472786,normal
213,2381,472866,1313.5166666666667,NORMAL,N,472802,472816,472829,472855,472876,472919,472958,472990,normal
213,2382,473066,1314.0722222222223,NORMAL,N,473002,473014,473029,473047,473076,473121,473159,473194,normal
213,2383,473268,1314.6333333333334,NORMAL,N,473203,473215,473229,473258,473280,473315,473358,473400,normal
213,2384,473476,1315.2111111111112,NORMAL,N,473413,473426,473440,473466,473488,473527,473568,473604,normal
213,2385,473685,1315.7916666666667,NORMAL,N,473620,473634,473647,473674,473696,473739,473778,473809,normal
213,2386,473883,1316.3416666666667,NORMAL,N,473820,473832,473846,473863,473892,473935,473974,474005,normal
213,2387,474074,1316.8722222222223,NORMAL,N,474010,474021,474032,474064,474085,474123,474159,474200,normal
213,2388,474286,1317.4611111111112,NORMAL,N,474221,474235,474248,474275,474297,474340,474382,474413,normal
213,2389,474491,1318.0305555555556,NORMAL,N,474428,474442,474456,474481,474502,474541,474581,474615,normal
213,2390,474691,1318.5861111111112,NORMAL,N,474626,474638,474652,474681,474703,474743,474784,474825,normal
213,2391,474898,1319.161111111111,NORMAL,N,474835,474847,474861,474888,474909,474948,474990,475028,normal
213,2392,475112,1319.7555555555555,NORMAL,N,475047,475060,475074,475101,475123,475167,475205,475236,normal
213,2393,475314,1320.3166666666666,NORMAL,N,475249,475262,475277,475303,475324,475369,475408,475442,normal
213,2394,475513,1320.8694444444445,NORMAL,N,475452,475463,475477,475503,475525,475569,475605,475639,normal
213,2395,475710,1321.4166666666667,NORMAL,N,475648,475660,475673,475699,475720,475756,475798,475838,normal
213,2396,475919,1321.9972222222223,NORMAL,N,475856,475868,475881,475909,475931,475970,476013,476048,normal
213,2397,476129,1322.5805555555555,NORMAL,N,476065,476077,476091,476118,476140,476184,476228,476260,normal
213,2398,476338,1323.161111111111,NORMAL,N,476272,476285,476299,476328,476350,476392,476432,476466,normal
213,2399,476538,1323.7166666666667,NORMAL,N,476474,476487,476501,476528,476550,476585,476628,476670,normal
213,2400,476749,1324.3027777777777,NORMAL,N,476687,476699,476712,476731,476760,476799,476837,476869,normal
213,2401,476950,1324.861111111111,NORMAL,N,476888,476900,476914,476941,476961,477004,477045,477073,normal
213,2402,477146,1325.4055555555556,NORMAL,N,477083,477095,477109,477136,477158,477203,477243,477275,normal
213,2403,477349,1325.9694444444444,NORMAL,N,477286,477298,477312,477338,477360,477395,477436,477473,normal
213,2404,477548,1326.5222222222221,FUSION,F,477487,477499,477514,477522,477560,477562,477650,477672,biphasic_negative_positive
213,2405,477761,1327.1138888888888,NORMAL,N,477697,477710,477723,477751,477772,477812,477854,477885,normal
213,2406,477968,1327.6888888888889,FUSION,F,477900,477915,477930,477939,477981,477983,478072,478089,biphasic_negative_positive
213,2407,478169,1328.2472222222223,NORMAL,N,478105,478120,478132,478159,478180,478217,478257,478296,normal
213,2408,478371,1328.8083333333334,FUSION,F,478310,478321,478335,478361,478395,478429,478465,478498,normal
213,2409,478576,1329.3777777777777,NORMAL,N,478513,478527,478541,478558,478587,478628,478667,478698,normal
213,2410,478774,1329.9277777777777,FUSION,F,478709,478724,478739,478751,478788,478790,478874,478898,biphasic_negative_positive
213,2411,478977,1330.4916666666666,NORMAL,N,478910,478925,478939,478966,478988,479024,479067,479112,normal
213,2412,479190,1331.0833333333333,FUSION,F,479125,479137,479152,479179,479201,479246,479286,479320,normal
213,2413,479398,1331.661111111111,NORMAL,N,479335,479348,479361,479388,479408,479453,479492,479523,normal
213,2414,479602,1332.2277777777779,FUSION,F,479535,479550,479564,479576,479614,479664,479700,479727,normal
213,2415,479799,1332.775,NORMAL,N,479736,479749,479762,479789,479809,479845,479889,479930,normal
213,2416,480004,1333.3444444444444,FUSION,F,479942,479953,479967,479977,480016,480063,480097,480129,normal
213,2417,480209,1333.9138888888888,NORMAL,N,480144,480159,480171,480191,480221,480266,480304,480333,normal
213,2418,480408,1334.4666666666667,FUSION,F,480346,480359,480374,480387,480421,480441,480506,480532,biphasic_negative_positive
213,2419,480613,1335.036111111111,NORMAL,N,480542,480560,480573,480595,480625,,480650,480700,positive_monophasic
213,2420,480802,1335.5611111111111,PVC,V,480716,480751,480769,480775,480831,480844,480910,480934,biphasic_negative_positive
213,2421,481033,1336.2027777777778,NORMAL,N,480967,480980,480995,481022,481045,481089,481129,481156,normal
213,2422,481230,1336.75,NORMAL,N,481166,481178,481194,481220,481241,481277,481316,481360,normal
213,2423,481437,1337.325,NORMAL,N,481373,481386,481400,481427,481448,481485,481527,481560,normal
213,2424,481637,1337.8805555555555,FUSION,F,481575,481587,481601,481616,481649,481697,481734,481760,normal
213,2425,481830,1338.4166666666667,NORMAL,N,481767,481777,481791,481819,481840,481884,481923,481959,normal
213,2426,482035,1338.986111111111,FUSION,F,481968,481981,481995,482012,482047,482098,482134,482164,normal
213,2427,482247,1339.575,NORMAL,N,482183,482198,482211,482238,482258,482297,482337,482370,normal
213,2428,482454,1340.15,PVC,V,482390,482404,482418,482426,482467,482489,482556,482576,biphasic_negative_positive
213,2429,482653,1340.7027777777778,NORMAL,N,482589,482603,482616,482642,482662,482703,482740,482773,normal
213,2430,482846,1341.2388888888888,FUSION,F,482791,482795,482808,482819,482860,482862,482946,482967,biphasic_negative_positive
213,2431,483046,1341.7944444444445,NORMAL,N,482982,482996,483009,483036,483057,483091,483136,483177,normal
213,2432,483240,1342.3333333333333,PVC,V,,,,483211,483267,483281,483346,483366,biphasic_negative_positive
213,2433,483459,1342.9416666666666,NORMAL,N,483396,483409,483423,483449,483470,483517,483558,483585,normal
213,2434,483662,1343.5055555555555,FUSION,F,483598,483611,483625,483634,483675,483677,483764,483781,biphasic_negative_positive
213,2435,483866,1344.0722222222223,NORMAL,N,483800,483814,483828,483855,483878,483919,483961,484000,normal
213,2436,484071,1344.6416666666667,PVC,V,,,,484021,484087,484114,484177,484198,biphasic_negative_positive
213,2437,484284,1345.2333333333333,NORMAL,N,484217,484232,484245,484273,484294,484336,484377,484409,normal
213,2438,484481,1345.7805555555556,FUSION,F,484419,484431,484445,484452,484494,484541,484576,484601,normal
213,2439,484679,1346.3305555555555,NORMAL,N,484613,484628,484641,484668,484691,484726,484769,484809,normal
213,2440,484887,1346.9083333333333,FUSION,F,484823,484837,484852,484860,484900,484902,484991,485013,biphasic_negative_positive
213,2441,485099,1347.4972222222223,NORMAL,N,485033,485048,485061,485087,485110,485152,485191,485221,normal
213,2442,485295,1348.0416666666667,FUSION,F,485232,485244,485258,485269,485306,485354,485392,485420,normal
213,2443,485498,1348.6055555555556,NORMAL,N,485433,485448,485460,485489,485510,485546,485588,485626,normal
213,2444,485699,1349.1638888888888,FUSION,F,485638,485651,485665,485673,485712,485734,485800,485821,biphasic_negative_positive
213,2445,485904,1349.7333333333333,NORMAL,N,485839,485854,485868,485894,485914,485954,485993,486023,normal
213,2446,486097,1350.2694444444444,FUSION,F,486032,486045,486059,486076,486109,486111,486194,486220,biphasic_negative_positive
213,2447,486295,1350.8194444444443,NORMAL,N,486232,486246,486258,486285,486305,486340,486382,486424,normal
213,2448,486484,1351.3444444444444,PVC,V,,,,486454,486523,486525,486596,486614,biphasic_negative_positive
213,2449,486709,1351.9694444444444,NORMAL,N,486645,486658,486672,486699,486720,486762,486807,486837,normal
213,2450,486914,1352.5388888888888,FUSION,F,486848,486862,486877,486884,486928,486930,487015,487036,biphasic_negative_positive
213,2451,487113,1353.0916666666667,NORMAL,N,487050,487064,487078,487093,487124,487159,487202,487241,normal
213,2452,487322,1353.6722222222222,PVC,V,487259,487272,487286,487293,487349,487351,487421,487440,biphasic_negative_positive
213,2453,487517,1354.213888888889,NORMAL,N,487455,487469,487482,487507,487528,487573,487610,487641,normal
213,2454,487715,1354.763888888889,FUSION,F,487651,487663,487677,487700,487727,487775,487814,487841,normal
213,2455,487919,1355.3305555555555,NORMAL,N,487854,487868,487881,487909,487931,487966,488012,488054,normal
213,2456,488134,1355.9277777777777,FUSION,F,488071,488083,488096,488124,488148,488193,488230,488261,normal
213,2457,488337,1356.4916666666666,NORMAL,N,488272,488286,488299,488327,488349,488393,488434,488465,normal
213,2458,488538,1357.05,FUSION,F,488475,488487,488501,488524,488550,488588,488628,488661,normal
213,2459,488735,1357.5972222222222,NORMAL,N,488670,488684,488698,488725,488747,488786,488827,488861,normal
213,2460,488940,1358.1666666666667,FUSION,F,488878,488892,488899,488910,488953,488975,489038,489064,biphasic_negative_positive
213,2461,489139,1358.7194444444444,NORMAL,N,489074,489087,489101,489129,489150,489194,489232,489265,normal
213,2462,489337,1359.2694444444444,FUSION,F,489276,489288,489302,489313,489351,489372,489433,489463,biphasic_negative_positive
213,2463,489547,1359.8527777777779,NORMAL,N,489484,489496,489509,489536,489558,489595,489638,489672,normal
213,2464,489745,1360.4027777777778,PVC,V,489690,489703,489716,489723,489762,489788,489858,489874,biphasic_negative_positive
213,2465,489946,1360.9611111111112,NORMAL,N,489880,489890,489903,489935,489957,489998,490034,490072,normal
213,2466,490151,1361.5305555555556,FUSION,F,490088,490102,490115,490122,490164,490215,490251,490278,normal
213,2467,490360,1362.111111111111,NORMAL,N,490299,490312,490325,490350,490371,490409,490449,490477,normal
213,2468,490555,1362.6527777777778,NORMAL,N,490490,490504,490518,490545,490566,490607,490648,490681,normal
213,2469,490757,1363.213888888889,NORMAL,N,490692,490705,490718,490746,490768,490811,490851,490888,normal
213,2470,490963,1363.786111111111,NORMAL,N,490899,490911,490925,490945,490975,491011,491055,491095,normal
213,2471,491172,1364.3666666666666,NORMAL,N,491111,491124,491137,491163,491183,491221,491265,491294,normal
213,2472,491371,1364.9194444444445,NORMAL,N,491307,491320,491334,491360,491382,491425,491462,491495,normal
213,2473,491568,1365.4666666666667,NORMAL,N,491506,491519,491532,491558,491578,491612,491654,491695,normal
213,2474,491774,1366.0388888888888,FUSION,F,491711,491724,491737,491764,491787,491831,491868,491900,normal
213,2475,491977,1366.6027777777779,NORMAL,N,491913,491926,491939,491966,491988,492031,492072,492103,normal
213,2476,492177,1367.1583333333333,PVC,V,492114,492127,492140,492148,492189,492233,492274,492290,normal
213,2477,492376,1367.7111111111112,NORMAL,N,492306,492324,492337,492357,492387,492423,492470,492510,normal
213,2478,492590,1368.3055555555557,NORMAL,N,492526,492539,492552,492580,492602,492641,492684,492718,normal
213,2479,492800,1368.888888888889,NORMAL,N,492732,492748,492762,492788,492811,492855,492894,492926,normal
213,2480,492997,1369.4361111111111,NORMAL,N,492935,492947,492960,492977,493007,493043,493084,493125,normal
213,2481,493201,1370.0027777777777,NORMAL,N,493137,493149,493163,493190,493211,493248,493290,493325,normal
213,2482,493402,1370.5611111111111,FUSION,F,493340,493353,493366,493391,493414,493459,493499,493529,normal
213,2483,493601,1371.1138888888888,NORMAL,N,493537,493549,493563,493590,493612,493654,493694,493730,normal
213,2484,493804,1371.6777777777777,NORMAL,N,493739,493754,493766,493793,493816,493852,493895,493938,normal
213,2485,494016,1372.2666666666667,NORMAL,N,493953,493965,493979,494007,494028,494068,494108,494140,normal
213,2486,494221,1372.8361111111112,NORMAL,N,494158,494171,494184,494211,494231,494275,494315,494348,normal
213,2487,494420,1373.388888888889,NORMAL,N,494357,494370,494384,494410,494431,494474,494510,494542,normal
213,2488,494614,1373.9277777777777,NORMAL,N,494552,494564,494578,494604,494625,494661,494703,494743,normal
213,2489,494813,1374.4805555555556,NORMAL,N,494750,494764,494778,494803,494823,494860,494902,494939,normal
213,2490,495022,1375.0611111111111,NORMAL,N,494956,494970,494983,495011,495033,495077,495115,495144,normal
213,2491,495217,1375.6027777777779,NORMAL,N,495155,495168,495182,495199,495229,495271,495310,495345,normal
213,2492,495419,1376.1638888888888,FUSION,F,495355,495368,495382,495408,495432,495470,495513,495548,normal
213,2493,495624,1376.7333333333333,NORMAL,N,495560,495573,495586,495605,495636,,495657,495714,positive_monophasic
213,2494,495813,1377.2583333333334,PVC,V,,,,495772,495831,495854,495921,495939,biphasic_negative_positive
213,2495,496031,1377.8638888888888,NORMAL,N,495969,495981,495994,496022,496042,496087,496129,496158,normal
213,2496,496232,1378.4222222222222,NORMAL,N,496170,496181,496196,496222,496243,496279,496318,496358,normal
213,2497,496429,1378.9694444444444,NORMAL,N,,,,496420,496440,496481,496520,496556,normal
213,2498,496639,1379.5527777777777,PVC,V,,,,496611,496651,496678,496742,496762,biphasic_negative_positive
213,2499,496844,1380.1222222222223,NORMAL,N,,,,496833,496857,496901,496941,496978,normal
213,2500,497040,1380.6666666666667,PVC,V,,,,497019,497058,497060,497147,497170,biphasic_negative_positive
213,2501,497256,1381.2666666666667,NORMAL,N,,,,497245,497267,497303,497348,497382,normal
213,2502,497461,1381.8361111111112,PVC,V,,,,497433,497485,497491,497559,497577,biphasic_negative_positive
213,2503,497655,1382.375,NORMAL,N,,,,497630,497666,497705,497745,497781,normal
213,2504,497855,1382.9305555555557,FUSION,F,,,,497845,497869,497907,497951,497987,normal
213,2505,498063,1383.5083333333334,NORMAL,N,,,,498053,498074,498108,498150,498184,normal
213,2506,498263,1384.0638888888889,NORMAL,N,,,,498252,498275,498317,498361,498395,normal
213,2507,498466,1384.6277777777777,NORMAL,N,,,,498456,498477,498514,498554,498597,normal
213,2508,498675,1385.2083333333333,NORMAL,N,,,,498664,498686,498725,498767,498803,normal
213,2509,498879,1385.775,NORMAL,N,,,,498869,498889,498930,498969,499000,normal
213,2510,499073,1386.3138888888889,NORMAL,N,,,,499048,499084,499123,499160,499197,normal
213,2511,499268,1386.8555555555556,NORMAL,N,,,,499258,499279,499315,499356,499396,normal
213,2512,499475,1387.4305555555557,NORMAL,N,,,,499465,499486,499527,499570,499603,normal
213,2513,499677,1387.9916666666666,NORMAL,N,,,,499667,499689,499729,499772,499811,normal
213,2514,499886,1388.5722222222223,PVC,V,,,,499856,499909,499911,499982,500006,biphasic_negative_positive
213,2515,500090,1389.138888888889,NORMAL,N,,,,500079,500100,500140,500183,500217,normal
213,2516,500282,1389.6722222222222,PVC,V,,,,500252,500309,500311,500340,500384,inverted
213,2517,500491,1390.2527777777777,NORMAL,N,,,,500480,500502,500546,500585,500617,normal
213,2518,500674,1390.7611111111112,PVC,V,,,,500646,500713,500736,500782,500809,normal
213,2519,500898,1391.3833333333334,NORMAL,N,,,,500886,500909,500945,500989,501022,normal
213,2520,501104,1391.9555555555555,FUSION,F,,,,501076,501118,501120,501209,501229,biphasic_negative_positive
213,2521,501311,1392.5305555555556,NORMAL,N,,,,501300,501322,501366,501404,501435,normal
213,2522,501512,1393.088888888889,NORMAL,N,,,,501490,501524,501567,501611,501642,normal
213,2523,501716,1393.6555555555556,NORMAL,N,,,,501704,501727,501763,501804,501843,normal
213,2524,501921,1394.225,NORMAL,N,,,,501912,501933,501970,502014,502047,normal
213,2525,502124,1394.7888888888888,NORMAL,N,,,,502114,502135,502179,502218,502248,normal
213,2526,502320,1395.3333333333333,NORMAL,N,,,,502310,502331,502375,502413,502448,normal
213,2527,502521,1395.8916666666667,NORMAL,N,,,,502511,502533,502570,502613,502656,normal
213,2528,502737,1396.4916666666666,NORMAL,N,,,,502726,502749,502790,502831,502865,normal
213,2529,502942,1397.0611111111111,NORMAL,N,,,,502933,502953,502995,503034,503065,normal
213,2530,503141,1397.6138888888888,NORMAL,N,,,,503130,503153,503196,503234,503265,normal
213,2531,503334,1398.15,NORMAL,N,,,,503324,503345,503377,503420,503462,normal
213,2532,503538,1398.7166666666667,FUSION,F,,,,503524,503551,503596,503633,503665,normal
213,2533,503743,1399.286111111111,NORMAL,N,,,,503733,503753,503797,503839,503869,normal
213,2534,503931,1399.8083333333334,PVC,V,,,,503896,503952,503954,504036,504054,biphasic_negative_positive
213,2535,504208,1400.5777777777778,FUSION,F,,,,504138,504247,,,,
213,2536,504320,1400.888888888889,PVC,V,,,,504300,504347,504359,504381,504427,inverted
213,2537,504560,1401.5555555555557,NORMAL,N,,,,504548,504571,504614,504656,504684,normal
213,2538,504761,1402.1138888888888,NORMAL,N,,,,504751,504972,504815,504853,504888,normal
213,2539,504972,1402.7,FUSION,F,,,,504943,,505000,505042,505078,normal
213,2540,505165,1403.236111111111,FUSION,F,,,,505150,505177,505225,505261,505292,normal
213,2541,505367,1403.7972222222222,NORMAL,N,,,,505357,505378,505419,505462,505497,normal
213,2542,505572,1404.3666666666666,FUSION,F,,,,505562,505585,505629,505670,505707,normal
213,2543,505780,1404.9444444444443,NORMAL,N,,,,505770,505792,505827,505869,505908,normal
213,2544,505987,1405.5194444444444,FUSION,F,,,,505968,505999,506051,506090,506116,normal
213,2545,506189,1406.0805555555555,NORMAL,N,,,,506178,506200,506238,506277,506311,normal
213,2546,506384,1406.6222222222223,FUSION,F,,,,506360,506407,506439,506476,506507,normal
213,2547,506587,1407.1861111111111,NORMAL,N,,,,506577,506597,506639,506678,506713,normal
213,2548,506785,1407.736111111111,PVC,V,,,,506749,506802,506804,506892,506908,biphasic_negative_positive
213,2549,506988,1408.3,NORMAL,N,,,,506976,507000,507040,507082,507119,normal
213,2550,507196,1408.8777777777777,FUSION,F,,,,507178,507207,507242,507286,507325,normal
213,2551,507402,1409.45,NORMAL,N,,,,507383,507414,507452,507496,507533,normal
213,2552,507612,1410.0333333333333,NORMAL,N,,,,507603,507622,507665,507701,507731,normal
213,2553,507805,1410.5694444444443,NORMAL,N,,,,507793,507816,507856,507896,507933,normal
213,2554,508005,1411.125,NORMAL,N,,,,507987,508017,508053,508096,508131,normal
213,2555,508206,1411.6833333333334,NORMAL,N,,,,508187,508217,508251,508296,508335,normal
213,2556,508415,1412.263888888889,NORMAL,N,,,,508405,508427,508467,508509,508543,normal
213,2557,508623,1412.8416666666667,NORMAL,N,,,,508612,508634,508679,508718,508748,normal
213,2558,508822,1413.3944444444444,FUSION,F,,,,508801,508835,508878,508917,508949,normal
213,2559,509027,1413.963888888889,NORMAL,N,,,,509016,509038,509075,509116,509152,normal
213,2560,509205,1414.4583333333333,PVC,V,,,,509186,509231,509233,509311,509330,biphasic_negative_positive
213,2561,509428,1415.0777777777778,NORMAL,N,,,,509419,509439,509479,509522,509554,normal
213,2562,509629,1415.6361111111112,NORMAL,N,,,,509619,509640,509676,509719,509761,normal
213,2563,509836,1416.2111111111112,NORMAL,N,,,,509825,509846,509880,509928,509963,normal
213,2564,510046,1416.7944444444445,NORMAL,N,,,,510036,510057,510102,510141,510169,normal
213,2565,510241,1417.3361111111112,NORMAL,N,,,,510231,510253,510296,510336,510373,normal
213,2566,510447,1417.9083333333333,NORMAL,N,,,,510428,510471,510495,510538,510572,normal
213,2567,510650,1418.4722222222222,NORMAL,N,,,,510640,510661,510695,510742,510779,normal
213,2568,510861,1419.0583333333334,FUSION,F,,,,510838,510873,510875,510957,510982,biphasic_negative_positive
213,2569,511052,1419.588888888889,NORMAL,N,,,,511042,511062,511105,511142,511179,normal
213,2570,511251,1420.1416666666667,FUSION,F,,,,511233,511264,511305,511347,511380,normal
213,2571,511461,1420.725,NORMAL,N,,,,511450,511473,511510,511555,511591,normal
213,2572,511672,1421.3111111111111,PVC,V,,,,511630,511685,511696,511771,511789,biphasic_negative_positive
213,2573,511867,1421.8527777777779,NORMAL,N,,,,511856,511879,511922,511961,511997,normal
213,2574,512068,1422.411111111111,FUSION,F,,,,512059,512080,512119,512158,512190,normal
213,2575,512265,1422.9583333333333,NORMAL,N,,,,512250,512276,512309,512351,512390,normal
213,2576,512471,1423.5305555555556,NORMAL,N,,,,512462,512482,512521,512565,512599,normal
213,2577,512678,1424.1055555555556,NORMAL,N,,,,512669,512689,512731,512768,512797,normal
213,2578,512871,1424.6416666666667,FUSION,F,,,,512845,512881,512919,512957,512995,normal
213,2579,513074,1425.2055555555555,NORMAL,N,,,,513065,513085,513122,513164,513205,normal
213,2580,513283,1425.786111111111,NORMAL,N,,,,513272,513294,513333,513376,513414,normal
213,2581,513491,1426.3638888888888,NORMAL,N,,,,513481,513501,513537,513581,513613,normal
213,2582,513688,1426.911111111111,FUSION,F,,,,513677,513894,513745,513784,513814,normal
213,2583,513894,1427.4833333333333,FUSION,F,,,,513853,,513918,513962,514002,normal
213,2584,514077,1427.9916666666666,PVC,V,,,,514047,514103,514117,514139,514185,inverted
213,2585,514302,1428.6166666666666,NORMAL,N,,,,514291,514313,514354,514397,514430,normal
213,2586,514505,1429.1805555555557,FUSION,F,,,,514475,514519,514521,514603,514632,biphasic_negative_positive
213,2587,514710,1429.75,NORMAL,N,,,,514693,514721,514761,514801,514840,normal
213,2588,514921,1430.3361111111112,FUSION,F,,,,514911,514934,514978,515017,515044,normal
213,2589,515112,1430.8666666666666,NORMAL,N,,,,515092,515123,515162,515204,515241,normal
213,2590,515314,1431.4277777777777,NORMAL,N,,,,515302,515325,515359,515399,515441,normal
213,2591,515518,1431.9944444444445,NORMAL,N,,,,515506,515529,515571,515611,515646,normal
213,2592,515721,1432.5583333333334,NORMAL,N,,,,515712,515732,515771,515812,515847,normal
213,2593,515923,1433.1194444444445,NORMAL,N,,,,515904,515933,515973,516013,516054,normal
213,2594,516125,1433.6805555555557,NORMAL,N,,,,516103,516137,516175,516217,516257,normal
213,2595,516335,1434.263888888889,NORMAL,N,,,,516325,516347,516389,516427,516458,normal
213,2596,516530,1434.8055555555557,FUSION,F,,,,516517,516552,516589,516628,516659,normal
213,2597,516735,1435.375,NORMAL,N,,,,516722,516746,516779,516820,516861,normal
213,2598,516934,1435.9277777777777,NORMAL,N,,,,516923,516945,516984,517024,517055,normal
213,2599,517132,1436.4777777777779,NORMAL,N,,,,517123,517143,517185,517224,517263,normal
213,2600,517336,1437.0444444444445,FUSION,F,,,,517325,517350,517392,517431,517469,normal
213,2601,517549,1437.6361111111112,NORMAL,N,,,,517538,517560,517596,517639,517674,normal
213,2602,517755,1438.2083333333333,FUSION,F,,,,517736,517767,517815,517854,517881,normal
213,2603,517950,1438.75,NORMAL,N,,,,517941,517961,518002,518039,518074,normal
213,2604,518148,1439.3,PVC,V,,,,518123,518160,518162,518199,518242,inverted
213,2605,518292,1439.7,APC,A,,,,518280,518301,518337,518370,518408,normal
213,2606,518543,1440.3972222222221,NORMAL,N,,,,518531,518555,518596,518642,518668,normal
213,2607,518743,1440.9527777777778,NORMAL,N,,,,518733,518755,518791,518833,518874,normal
213,2608,518957,1441.5472222222222,NORMAL,N,,,,518947,518968,519006,519050,519085,normal
213,2609,519169,1442.1361111111112,NORMAL,N,,,,519158,519180,519221,519264,519296,normal
213,2610,519369,1442.6916666666666,NORMAL,N,,,,519359,519380,519420,519460,519495,normal
213,2611,519567,1443.2416666666666,NORMAL,N,,,,519556,519577,519613,519654,519696,normal
213,2612,519770,1443.8055555555557,NORMAL,N,,,,519759,519780,519815,519857,519893,normal
213,2613,519970,1444.361111111111,NORMAL,N,,,,519959,519982,520023,520066,520101,normal
213,2614,520173,1444.925,FUSION,F,,,,520163,520184,520224,520267,520306,normal
213,2615,520382,1445.5055555555555,NORMAL,N,,,,520371,520394,520430,520475,520514,normal
213,2616,520568,1446.0222222222221,PVC,V,,,,520530,520595,520597,520676,520699,biphasic_negative_positive
213,2617,520791,1446.6416666666667,NORMAL,N,,,,520780,520802,520844,520884,520915,normal
213,2618,520986,1447.1833333333334,NORMAL,N,,,,520976,520996,521035,521074,521115,normal
213,2619,521188,1447.7444444444445,NORMAL,N,,,,521178,521199,521230,521274,521314,normal
213,2620,521394,1448.3166666666666,NORMAL,N,,,,521384,521406,521448,521491,521520,normal
213,2621,521592,1448.8666666666666,NORMAL,N,,,,521581,521602,521643,521682,521719,normal
213,2622,521793,1449.425,NORMAL,N,,,,521781,521805,521839,521884,521925,normal
213,2623,522002,1450.0055555555555,NORMAL,N,,,,521983,522013,522050,522094,522130,normal
213,2624,522208,1450.5777777777778,NORMAL,N,,,,522197,522218,522261,522301,522334,normal
213,2625,522404,1451.1222222222223,NORMAL,N,,,,522386,522416,522455,522497,522537,normal
213,2626,522610,1451.6944444444443,NORMAL,N,,,,522598,522621,522656,522699,522738,normal
213,2627,522817,1452.2694444444444,NORMAL,N,,,,522806,522828,522872,522912,522942,normal
213,2628,523018,1452.8277777777778,NORMAL,N,,,,523007,523028,523071,523111,523148,normal
213,2629,523222,1453.3944444444444,NORMAL,N,,,,523204,523234,523269,523316,523356,normal
213,2630,523436,1453.9888888888888,PVC,V,,,,523411,523449,523471,523535,523557,biphasic_negative_positive
213,2631,523636,1454.5444444444445,NORMAL,N,,,,523626,523647,523691,523732,523768,normal
213,2632,523839,1455.1083333333333,NORMAL,N,,,,523820,523849,523884,523924,523964,normal
213,2633,524039,1455.6638888888888,NORMAL,N,,,,524021,524051,524085,524129,524166,normal
213,2634,524245,1456.236111111111,FUSION,F,,,,524233,524259,524307,524348,524375,normal
213,2635,524449,1456.8027777777777,NORMAL,N,,,,524438,524459,524501,524538,524573,normal
213,2636,524646,1457.35,FUSION,F,,,,524634,524657,524696,524739,524776,normal
213,2637,524854,1457.9277777777777,NORMAL,N,,,,524844,524866,,,,
213,2638,525002,1458.338888888889,APC,A,,,,524991,525012,525053,525086,525125,normal
213,2639,525252,1459.0333333333333,NORMAL,N,,,,525243,525262,525302,525350,525382,normal
213,2640,525457,1459.6027777777779,PVC,V,,,,525431,525469,525517,525554,525579,normal
213,2641,525664,1460.1777777777777,NORMAL,N,,,,525653,525674,525708,525753,525786,normal
213,2642,525866,1460.7388888888888,FUSION,F,,,,525846,525878,525927,525965,525993,normal
213,2643,526064,1461.2888888888888,NORMAL,N,,,,526054,526076,526120,526159,526199,normal
213,2644,526278,1461.8833333333334,FUSION,F,,,,526266,526290,526328,526372,526408,normal
213,2645,526486,1462.4611111111112,NORMAL,N,,,,526476,526496,526538,526579,526610,normal
213,2646,526686,1463.0166666666667,NORMAL,N,,,,526676,526698,526739,526779,526814,normal
213,2647,526883,1463.5638888888889,NORMAL,N,,,,526873,526894,526930,526971,527015,normal
213,2648,527092,1464.1444444444444,NORMAL,N,,,,527081,527102,527137,527180,527217,normal
213,2649,527299,1464.7194444444444,NORMAL,N,,,,527288,527309,527350,527392,527426,normal
213,2650,527494,1465.2611111111112,NORMAL,N,,,,527485,527504,527546,527584,527623,normal
213,2651,527698,1465.8277777777778,NORMAL,N,,,,527687,527710,527746,527789,527831,normal
213,2652,527908,1466.411111111111,NORMAL,N,,,,527896,527918,527959,528001,528039,normal
213,2653,528121,1467.0027777777777,NORMAL,N,,,,528110,528132,528173,528215,528246,normal
213,2654,528318,1467.55,NORMAL,N,,,,528308,528328,528364,528405,528450,normal
213,2655,528524,1468.1222222222223,NORMAL,N,,,,528514,528536,528573,528613,528651,normal
213,2656,528729,1468.6916666666666,NORMAL,N,,,,528718,528739,528783,528822,528851,normal
213,2657,528925,1469.236111111111,NORMAL,N,,,,528915,528937,528981,529019,529056,normal
213,2658,529131,1469.8083333333334,FUSION,F,,,,529102,529143,529190,529231,529256,normal
213,2659,529340,1470.388888888889,NORMAL,N,,,,529320,529349,529383,529426,529464,normal
213,2660,529547,1470.963888888889,NORMAL,N,,,,529536,529559,529600,529643,529674,normal
213,2661,529749,1471.525,NORMAL,N,,,,529740,529759,529801,529838,529870,normal
213,2662,529942,1472.0611111111111,NORMAL,N,,,,529930,529953,529999,530037,530069,normal
213,2663,530139,1472.6083333333333,NORMAL,N,,,,530121,530150,530195,530237,530269,normal
213,2664,530344,1473.1777777777777,NORMAL,N,,,,530332,530355,530391,530432,530470,normal
213,2665,530553,1473.7583333333334,NORMAL,N,,,,530533,530564,530603,530647,530681,normal
213,2666,530763,1474.3416666666667,NORMAL,N,,,,530745,530774,530815,530854,530886,normal
213,2667,530963,1474.8972222222221,NORMAL,N,,,,530944,530974,531021,531060,531096,normal
213,2668,531169,1475.4694444444444,NORMAL,N,,,,531151,531179,531212,531254,531296,normal
213,2669,531375,1476.0416666666667,NORMAL,N,,,,531358,531387,531424,531468,531505,normal
213,2670,531584,1476.6222222222223,NORMAL,N,,,,531565,531594,531635,531674,531705,normal
213,2671,531780,1477.1666666666667,NORMAL,N,,,,531771,531792,531834,531874,531910,normal
213,2672,531984,1477.7333333333333,FUSION,F,,,,531968,531997,532038,532082,532118,normal
213,2673,532199,1478.3305555555555,NORMAL,N,,,,532179,532212,532248,532290,532328,normal
213,2674,532409,1478.9138888888888,NORMAL,N,,,,532399,532420,532460,532502,532535,normal
213,2675,532613,1479.4805555555556,NORMAL,N,,,,532602,532623,532664,532703,532735,normal
213,2676,532806,1480.0166666666667,FUSION,F,,,,532783,532819,532862,532904,532930,normal
213,2677,533014,1480.5944444444444,NORMAL,N,,,,533005,533025,533060,533103,533139,normal
213,2678,533222,1481.1722222222222,NORMAL,N,,,,533212,533233,533276,533316,533346,normal
213,2679,533418,1481.7166666666667,NORMAL,N,,,,533407,533428,533471,533509,533546,normal
213,2680,533619,1482.275,NORMAL,N,,,,533609,533631,533669,533708,533749,normal
213,2681,533827,1482.8527777777779,NORMAL,N,,,,533816,533838,533875,533921,533959,normal
213,2682,534041,1483.4472222222223,NORMAL,N,,,,534031,534053,534093,534132,534163,normal
213,2683,534233,1483.9805555555556,NORMAL,N,,,,534223,534244,534288,534327,534364,normal
213,2684,534436,1484.5444444444445,NORMAL,N,,,,534426,534447,534481,534521,534562,normal
213,2685,534638,1485.1055555555556,NORMAL,N,,,,534629,534650,534686,534729,534765,normal
213,2686,534848,1485.6888888888889,NORMAL,N,,,,534837,534859,534901,534943,534974,normal
213,2687,535051,1486.2527777777777,NORMAL,N,,,,535040,535063,535108,535146,535181,normal
213,2688,535254,1486.8166666666666,FUSION,F,,,,535243,535266,535306,535346,535382,normal
213,2689,535460,1487.388888888889,NORMAL,N,,,,535435,535473,,535494,535550,positive_monophasic
213,2690,535644,1487.9,PVC,V,,,,535619,535686,535711,535751,535770,normal
213,2691,535872,1488.5333333333333,NORMAL,N,,,,535863,535884,,,,
213,2692,536009,1488.9138888888888,ABERR,a,,,,535988,536031,,,,
213,2693,536148,1489.3,PVC,V,,,,536119,536161,536170,536209,536269,normal
213,2694,536469,1490.1916666666666,NORMAL,N,,,,536458,536480,536546,536577,536598,normal
213,2695,536684,1490.7888888888888,NORMAL,N,,,,536673,536695,536740,536780,536812,normal
213,2696,536886,1491.35,NORMAL,N,,,,536868,536899,536937,536977,537020,normal
213,2697,537090,1491.9166666666667,NORMAL,N,,,,537079,537101,537135,537180,537217,normal
213,2698,537299,1492.4972222222223,NORMAL,N,,,,537289,537311,537352,537393,537423,normal
213,2699,537494,1493.0388888888888,NORMAL,N,,,,537485,537506,537546,537584,537618,normal
213,2700,537688,1493.5777777777778,NORMAL,N,,,,537677,537699,537736,537777,537819,normal
213,2701,537896,1494.1555555555556,NORMAL,N,,,,537877,537907,537946,537990,538028,normal
213,2702,538108,1494.7444444444445,NORMAL,N,,,,538096,538119,538160,538200,538234,normal
213,2703,538307,1495.2972222222222,NORMAL,N,,,,538296,538318,538362,538401,538437,normal
213,2704,538508,1495.8555555555556,NORMAL,N,,,,538490,538519,538553,538593,538635,normal
213,2705,538706,1496.4055555555556,NORMAL,N,,,,538694,538717,538754,538796,538835,normal
213,2706,538909,1496.9694444444444,NORMAL,N,,,,538900,538920,538961,539001,539034,normal
213,2707,539110,1497.5277777777778,NORMAL,N,,,,539087,539121,539165,539203,539239,normal
213,2708,539309,1498.0805555555555,NORMAL,N,,,,539299,539320,539352,539395,539439,normal
213,2709,539517,1498.6583333333333,NORMAL,N,,,,539506,539529,539566,539607,539645,normal
213,2710,539725,1499.236111111111,NORMAL,N,,,,539715,539736,539779,539822,539857,normal
213,2711,539932,1499.8111111111111,NORMAL,N,,,,539921,539943,539981,540020,540059,normal
213,2712,540133,1500.3694444444445,NORMAL,N,,,,540123,540145,540181,540225,540263,normal
213,2713,540341,1500.9472222222223,NORMAL,N,,,,540330,540352,540391,540431,540462,normal
213,2714,540537,1501.4916666666666,NORMAL,N,,,,540525,540549,540588,540627,540669,normal
213,2715,540746,1502.0722222222223,NORMAL,N,,,,540733,540757,540795,540838,540881,normal
213,2716,540961,1502.6694444444445,NORMAL,N,,,,540950,540973,541016,541057,541089,normal
213,2717,541163,1503.2305555555556,NORMAL,N,,,,541137,541173,541213,541252,541290,normal
213,2718,541366,1503.7944444444445,NORMAL,N,,,,541354,541377,541412,541455,541495,normal
213,2719,541572,1504.3666666666666,NORMAL,N,,,,541548,541582,541623,541664,541697,normal
213,2720,541772,1504.9222222222222,NORMAL,N,,,,541762,541783,541821,541861,541896,normal
213,2721,541969,1505.4694444444444,NORMAL,N,,,,541955,541980,542016,542061,542101,normal
213,2722,542177,1506.0472222222222,NORMAL,N,,,,542167,542186,542223,542264,542297,normal
213,2723,542375,1506.5972222222222,NORMAL,N,,,,542364,542387,542429,542470,542506,normal
213,2724,542580,1507.1666666666667,NORMAL,N,,,,542569,542591,542632,542672,542710,normal
213,2725,542787,1507.7416666666666,NORMAL,N,,,,542764,542798,542834,542873,542913,normal
213,2726,542989,1508.3027777777777,NORMAL,N,,,,542979,542999,543037,543080,543115,normal
213,2727,543195,1508.875,NORMAL,N,,,,543186,543206,543245,543286,543317,normal
213,2728,543388,1509.411111111111,NORMAL,N,,,,543379,543399,543440,543479,543518,normal
213,2729,543591,1509.975,NORMAL,N,,,,543579,543603,543640,543682,543723,normal
213,2730,543801,1510.5583333333334,NORMAL,N,,,,543790,543812,543853,543897,543935,normal
213,2731,544009,1511.1361111111112,NORMAL,N,,,,543988,544020,544055,544098,544138,normal
213,2732,544217,1511.713888888889,NORMAL,N,,,,544206,544229,544271,544313,544345,normal
213,2733,544421,1512.2805555555556,NORMAL,N,,,,544411,544431,544470,544508,544546,normal
213,2734,544621,1512.8361111111112,NORMAL,N,,,,544609,544632,544669,544710,544748,normal
213,2735,544827,1513.4083333333333,NORMAL,N,,,,544817,544838,544877,544919,544955,normal
213,2736,545035,1513.986111111111,NORMAL,N,,,,545024,545045,545086,545124,545157,normal
213,2737,545230,1514.5277777777778,NORMAL,N,,,,545220,545241,545281,545323,545364,normal
213,2738,545438,1515.1055555555556,NORMAL,N,,,,545426,545449,545486,545527,545570,normal
213,2739,545649,1515.6916666666666,NORMAL,N,,,,545638,545661,545703,545744,545778,normal
213,2740,545854,1516.2611111111112,NORMAL,N,,,,545844,545865,545907,545945,545983,normal
213,2741,546056,1516.8222222222223,NORMAL,N,,,,546046,546067,546102,546144,546185,normal
213,2742,546258,1517.3833333333334,NORMAL,N,,,,546249,546270,546306,546346,546382,normal
213,2743,546460,1517.9444444444443,NORMAL,N,,,,546450,546471,546513,546553,546586,normal
213,2744,546662,1518.5055555555555,NORMAL,N,,,,546638,546672,546713,546754,546795,normal
213,2745,546873,1519.0916666666667,NORMAL,N,,,,546863,546885,546920,546963,547002,normal
213,2746,547080,1519.6666666666667,NORMAL,N,,,,547056,547091,547134,547172,547204,normal
213,2747,547282,1520.2277777777779,NORMAL,N,,,,547272,547293,547336,547372,547407,normal
213,2748,547478,1520.7722222222221,NORMAL,N,,,,547465,547488,547525,547567,547611,normal
213,2749,547684,1521.3444444444444,NORMAL,N,,,,547675,547695,547731,547774,547810,normal
213,2750,547893,1521.925,NORMAL,N,,,,547882,547904,547948,547986,548017,normal
213,2751,548087,1522.463888888889,NORMAL,N,,,,548077,548098,548140,548179,548215,normal
213,2752,548294,1523.0388888888888,NORMAL,N,,,,548285,548307,548344,548385,548426,normal
213,2753,548508,1523.6333333333334,NORMAL,N,,,,548496,548520,548562,548604,548639,normal
213,2754,548720,1524.2222222222222,NORMAL,N,,,,548709,548731,548773,548813,548847,normal
213,2755,548918,1524.7722222222221,NORMAL,N,,,,548906,548929,548964,549006,549049,normal
213,2756,549124,1525.3444444444444,NORMAL,N,,,,549100,549134,549174,549215,549252,normal
213,2757,549331,1525.9194444444445,NORMAL,N,,,,549322,549342,549384,549424,549456,normal
213,2758,549534,1526.4833333333333,NORMAL,N,,,,549525,549546,549588,549630,549667,normal
213,2759,549741,1527.0583333333334,NORMAL,N,,,,549730,549754,549792,549833,549877,normal
213,2760,549952,1527.6444444444444,NORMAL,N,,,,549941,549963,550003,550041,550078,normal
213,2761,550162,1528.2277777777779,NORMAL,N,,,,550138,550173,550218,550257,550286,normal
213,2762,550361,1528.7805555555556,NORMAL,N,,,,550351,550371,550410,550450,550485,normal
213,2763,550557,1529.325,NORMAL,N,,,,550547,550568,550609,550648,550680,normal
213,2764,550754,1529.8722222222223,NORMAL,N,,,,550742,550766,550802,550846,550887,normal
213,2765,550965,1530.4583333333333,NORMAL,N,,,,550955,550975,551012,551054,551088,normal
213,2766,551171,1531.0305555555556,NORMAL,N,,,,551160,551183,551228,551268,551300,normal
213,2767,551371,1531.5861111111112,NORMAL,N,,,,551361,551382,551426,551465,551501,normal
213,2768,551577,1532.1583333333333,NORMAL,N,,,,551564,551587,551625,551666,551706,normal
213,2769,551783,1532.7305555555556,NORMAL,N,,,,551765,551795,551834,551875,551911,normal
213,2770,551992,1533.3111111111111,NORMAL,N,,,,551982,552004,552046,552083,552114,normal
213,2771,552187,1533.8527777777779,NORMAL,N,,,,552178,552198,552240,552279,552313,normal
213,2772,552386,1534.4055555555556,NORMAL,N,,,,552373,552397,552440,552480,552515,normal
213,2773,552592,1534.9777777777779,NORMAL,N,,,,552580,552603,552641,552684,552728,normal
213,2774,552810,1535.5833333333333,NORMAL,N,,,,552801,552822,552862,552902,552936,normal
213,2775,553018,1536.161111111111,NORMAL,N,,,,553008,553030,553074,553115,553146,normal
213,2776,553219,1536.7194444444444,NORMAL,N,,,,553209,553230,553272,553309,553342,normal
213,2777,553414,1537.2611111111112,NORMAL,N,,,,553403,553425,553470,553509,553542,normal
213,2778,553617,1537.825,NORMAL,N,,,,553607,553629,553663,553708,553750,normal
213,2779,553833,1538.425,NORMAL,N,,,,553823,553844,553880,553922,553955,normal
213,2780,554036,1538.9888888888888,NORMAL,N,,,,554026,554047,554092,554132,554164,normal
213,2781,554239,1539.5527777777777,NORMAL,N,,,,554230,554250,554293,554332,554368,normal
213,2782,554444,1540.1222222222223,NORMAL,N,,,,554432,554455,554493,554537,554577,normal
213,2783,554654,1540.7055555555555,NORMAL,N,,,,554630,554665,554701,554743,554780,normal
213,2784,554862,1541.2833333333333,NORMAL,N,,,,554852,554873,554917,554955,554985,normal
213,2785,555060,1541.8333333333333,NORMAL,N,,,,555050,555072,555113,555151,555185,normal
213,2786,555257,1542.3805555555555,NORMAL,N,,,,555246,555268,555306,555345,555388,normal
213,2787,555467,1542.963888888889,NORMAL,N,,,,555457,555479,555519,555561,555599,normal
213,2788,555682,1543.5611111111111,NORMAL,N,,,,555672,555692,555733,555773,555804,normal
213,2789,555879,1544.1083333333333,NORMAL,N,,,,555868,555890,555931,555971,556009,normal
213,2790,556083,1544.675,NORMAL,N,,,,556071,556093,556131,556170,556208,normal
213,2791,556283,1545.2305555555556,NORMAL,N,,,,556273,556295,556334,556376,556414,normal
213,2792,556492,1545.8111111111111,NORMAL,N,,,,556483,556503,556543,556585,556615,normal
213,2793,556690,1546.361111111111,NORMAL,N,,,,556679,556701,556740,556780,556820,normal
213,2794,556895,1546.9305555555557,NORMAL,N,,,,556884,556906,556948,556988,557022,normal
213,2795,557103,1547.5083333333334,NORMAL,N,,,,557093,557115,557158,557198,557232,normal
213,2796,557307,1548.075,NORMAL,N,,,,557289,557319,557357,557400,557442,normal
213,2797,557521,1548.6694444444445,NORMAL,N,,,,557503,557532,557572,557610,557646,normal
213,2798,557726,1549.2388888888888,NORMAL,N,,,,557717,557738,557786,557825,557849,normal
213,2799,557928,1549.8,NORMAL,N,,,,557918,557939,557982,558019,558054,normal
213,2800,558124,1550.3444444444444,NORMAL,N,,,,558105,558135,558170,558212,558254,normal
213,2801,558331,1550.9194444444445,NORMAL,N,,,,558319,558343,558382,558425,558464,normal
213,2802,558547,1551.5194444444444,NORMAL,N,,,,558538,558559,558605,558646,558676,normal
213,2803,558753,1552.0916666666667,NORMAL,N,,,,558742,558763,558808,558847,558883,normal
213,2804,558957,1552.6583333333333,NORMAL,N,,,,558937,558969,559014,559054,559086,normal
213,2805,559158,1553.2166666666667,NORMAL,N,,,,559138,559168,559202,559242,559282,normal
213,2806,559363,1553.786111111111,NORMAL,N,,,,559352,559375,559412,559452,559484,normal
213,2807,559564,1554.3444444444444,NORMAL,N,,,,559553,559576,559621,559660,559691,normal
213,2808,559765,1554.9027777777778,NORMAL,N,,,,559755,559775,559817,559856,559891,normal
213,2809,559965,1555.4583333333333,NORMAL,N,,,,559953,559977,560012,560054,560098,normal
213,2810,560174,1556.0388888888888,NORMAL,N,,,,560163,560185,560224,560266,560303,normal
213,2811,560386,1556.6277777777777,NORMAL,N,,,,560375,560398,560446,560484,560510,normal
213,2812,560584,1557.1777777777777,NORMAL,N,,,,560573,560595,560639,560678,560712,normal
213,2813,560786,1557.7388888888888,NORMAL,N,,,,560776,560797,560841,560877,560913,normal
213,2814,560986,1558.2944444444445,NORMAL,N,,,,560977,560997,561033,561074,561112,normal
213,2815,561196,1558.8777777777777,NORMAL,N,,,,561186,561208,561249,561290,561325,normal
213,2816,561408,1559.4666666666667,NORMAL,N,,,,561397,561420,561463,561505,561542,normal
213,2817,561616,1560.0444444444445,NORMAL,N,,,,561605,561628,561664,561703,561746,normal
213,2818,561823,1560.6194444444445,NORMAL,N,,,,561814,561834,561876,561917,561953,normal
213,2819,562032,1561.2,NORMAL,N,,,,562021,562041,562083,562122,562154,normal
213,2820,562227,1561.7416666666666,NORMAL,N,,,,562217,562239,562284,562323,562359,normal
213,2821,562426,1562.2944444444445,NORMAL,N,,,,562416,562437,562482,562522,562555,normal
213,2822,562631,1562.8638888888888,NORMAL,N,,,,562621,562654,562678,562719,562760,normal
213,2823,562838,1563.4388888888889,NORMAL,N,,,,562827,562849,562888,562931,562967,normal
213,2824,563047,1564.0194444444444,NORMAL,N,,,,563035,563058,,,,
213,2825,563186,1564.4055555555556,ABERR,a,,,,563176,563209,,,,
213,2826,563323,1564.786111111111,ABERR,a,,,,563310,563334,563364,563401,563454,normal
213,2827,563558,1565.4388888888889,NORMAL,N,,,,563549,563569,563621,563657,563686,normal
213,2828,563799,1566.1083333333333,NORMAL,N,,,,563789,563810,563853,563893,563920,normal
213,2829,563995,1566.6527777777778,NORMAL,N,,,,563984,564007,564047,564089,564125,normal
213,2830,564201,1567.225,NORMAL,N,,,,564180,564211,564246,564291,564333,normal
213,2831,564414,1567.8166666666666,NORMAL,N,,,,564395,564426,564466,564508,564545,normal
213,2832,564625,1568.4027777777778,NORMAL,N,,,,564614,564635,564676,564717,564749,normal
213,2833,564827,1568.963888888889,NORMAL,N,,,,564816,564838,564884,564922,564955,normal
213,2834,565024,1569.5111111111112,NORMAL,N,,,,565014,565035,565076,565116,565150,normal
213,2835,565221,1570.0583333333334,NORMAL,N,,,,565202,565232,565269,565307,565346,normal
213,2836,565423,1570.6194444444445,NORMAL,N,,,,565405,565434,565472,565516,565554,normal
213,2837,565636,1571.2111111111112,NORMAL,N,,,,565626,565646,565686,565725,565758,normal
213,2838,565837,1571.7694444444444,NORMAL,N,,,,565826,565847,565894,565932,565966,normal
213,2839,566038,1572.3277777777778,NORMAL,N,,,,566028,566049,566094,566135,566168,normal
213,2840,566244,1572.9,NORMAL,N,,,,566226,566256,566295,566336,566377,normal
213,2841,566454,1573.4833333333333,NORMAL,N,,,,566431,566465,566504,566545,566578,normal
213,2842,566654,1574.0388888888888,NORMAL,N,,,,566644,566665,566710,566748,566784,normal
213,2843,566857,1574.6027777777779,NORMAL,N,,,,566847,566867,566912,566951,566983,normal
213,2844,567055,1575.1527777777778,NORMAL,N,,,,567045,567067,567103,567144,567186,normal
213,2845,567267,1575.7416666666666,NORMAL,N,,,,567256,567278,567317,567362,567397,normal
213,2846,567483,1576.3416666666667,NORMAL,N,,,,567461,567494,567535,567574,567607,normal
213,2847,567683,1576.8972222222221,NORMAL,N,,,,567674,567693,567737,567777,567811,normal
213,2848,567883,1577.4527777777778,NORMAL,N,,,,567872,567894,567928,567967,568008,normal
213,2849,568084,1578.0111111111112,NORMAL,N,,,,568073,568096,568133,568175,568210,normal
213,2850,568287,1578.575,NORMAL,N,,,,568277,568297,568339,568380,568414,normal
213,2851,568488,1579.1333333333334,NORMAL,N,,,,568477,568500,568538,568577,568617,normal
213,2852,568689,1579.6916666666666,NORMAL,N,,,,568679,568701,568736,568779,568816,normal
213,2853,568898,1580.2722222222221,NORMAL,N,,,,568887,568910,568955,568994,569025,normal
213,2854,569100,1580.8333333333333,NORMAL,N,,,,569089,569111,569158,569197,569235,normal
213,2855,569308,1581.411111111111,NORMAL,N,,,,569297,569319,569356,569395,569437,normal
213,2856,569512,1581.9777777777779,NORMAL,N,,,,569503,569525,569561,569603,569639,normal
213,2857,569719,1582.5527777777777,NORMAL,N,,,,569710,569730,569772,569809,569840,normal
213,2858,569916,1583.1,NORMAL,N,,,,569891,569927,569970,570010,570046,normal
213,2859,570118,1583.661111111111,NORMAL,N,,,,570108,570130,570166,570210,570253,normal
213,2860,570332,1584.2555555555555,NORMAL,N,,,,570321,570344,570385,570428,570466,normal
213,2861,570545,1584.8472222222222,NORMAL,N,,,,570535,570556,570597,570638,570670,normal
213,2862,570746,1585.4055555555556,NORMAL,N,,,,570736,570756,570803,570840,570875,normal
213,2863,570945,1585.9583333333333,NORMAL,N,,,,570936,570957,570993,571033,571070,normal
213,2864,571148,1586.5222222222221,NORMAL,N,,,,571138,571160,571195,571237,571272,normal
213,2865,571356,1587.1,NORMAL,N,,,,571335,571367,571413,571453,571482,normal
213,2866,571558,1587.661111111111,NORMAL,N,,,,571548,571569,571610,571648,571685,normal
213,2867,571760,1588.2222222222222,NORMAL,N,,,,571747,571771,571808,571851,571896,normal
213,2868,571973,1588.8138888888889,NORMAL,N,,,,571963,571983,572021,572063,572099,normal
213,2869,572177,1589.3805555555555,FUSION,F,,,,572156,572189,572216,572257,572287,normal
213,2870,572375,1589.9305555555557,NORMAL,N,,,,572366,572387,572431,572471,572505,normal
213,2871,572580,1590.5,NORMAL,N,,,,572559,572591,572630,572669,572707,normal
213,2872,572787,1591.075,NORMAL,N,,,,572778,572798,572840,572880,572909,normal
213,2873,572987,1591.6305555555555,NORMAL,N,,,,572976,573011,573045,573084,573113,normal
213,2874,573189,1592.1916666666666,NORMAL,N,,,,573177,573200,573247,573288,573321,normal
213,2875,573397,1592.7694444444444,NORMAL,N,,,,573387,573409,573446,573485,573525,normal
213,2876,573603,1593.3416666666667,NORMAL,N,,,,573593,573614,573653,573696,573733,normal
213,2877,573814,1593.9277777777777,NORMAL,N,,,,573796,573824,573865,573903,573933,normal
213,2878,574012,1594.4777777777779,NORMAL,N,,,,574000,574022,574067,574107,574139,normal
213,2879,574211,1595.0305555555556,NORMAL,N,,,,574200,574221,574267,574306,574342,normal
213,2880,574416,1595.6,NORMAL,N,,,,574406,574427,574468,574505,574545,normal
213,2881,574623,1596.175,NORMAL,N,,,,574612,574634,574675,574716,574753,normal
213,2882,574837,1596.7694444444444,NORMAL,N,,,,574813,574848,574891,574929,574960,normal
213,2883,575037,1597.325,NORMAL,N,,,,575027,575049,575096,575135,575171,normal
213,2884,575245,1597.9027777777778,NORMAL,N,,,,575234,575255,575297,575335,575368,normal
213,2885,575442,1598.45,NORMAL,N,,,,575431,575453,575489,575531,575570,normal
213,2886,575648,1599.0222222222221,NORMAL,N,,,,575637,575659,575696,575738,575773,normal
213,2887,575854,1599.5944444444444,NORMAL,N,,,,575844,575865,575910,575947,575980,normal
213,2888,576060,1600.1666666666667,NORMAL,N,,,,576049,576071,576119,576158,576191,normal
213,2889,576267,1600.7416666666666,NORMAL,N,,,,576256,576279,576325,576362,576396,normal
213,2890,576467,1601.2972222222222,NORMAL,N,,,,576457,576478,576515,576556,576598,normal
213,2891,576678,1601.8833333333334,NORMAL,N,,,,576667,576689,576731,576769,576803,normal
213,2892,576883,1602.4527777777778,NORMAL,N,,,,576872,576893,576939,576977,577008,normal
213,2893,577082,1603.0055555555555,NORMAL,N,,,,577070,577092,577137,577174,577207,normal
213,2894,577280,1603.5555555555557,FUSION,F,,,,577256,577293,577335,577377,577405,normal
213,2895,577485,1604.125,NORMAL,N,,,,577475,577495,577532,577573,577611,normal
213,2896,577697,1604.713888888889,PVC,V,,,,577668,577726,577728,577801,577819,biphasic_negative_positive
213,2897,577901,1605.2805555555556,NORMAL,N,,,,577890,577911,577956,577996,578032,normal
213,2898,578092,1605.8111111111111,PVC,V,,,,578059,578118,578120,578205,578220,biphasic_negative_positive
213,2899,578305,1606.4027777777778,NORMAL,N,,,,578284,578317,578354,578396,578434,normal
213,2900,578497,1606.9361111111111,PVC,V,,,,578469,578525,578536,578604,578624,biphasic_negative_positive
213,2901,578723,1607.5638888888889,NORMAL,N,,,,578712,578733,578779,578819,578846,normal
213,2902,578923,1608.1194444444445,NORMAL,N,,,,578912,578934,578982,579019,579054,normal
213,2903,579130,1608.6944444444443,NORMAL,N,,,,579111,579141,579180,579222,579266,normal
213,2904,579344,1609.2888888888888,FUSION,F,,,,579335,579357,579403,579440,579473,normal
213,2905,579555,1609.875,NORMAL,N,,,,579543,579565,579611,579652,579680,normal
213,2906,579751,1610.4194444444445,FUSION,F,,,,579729,579763,579765,579845,579868,biphasic_negative_positive
213,2907,579948,1610.9666666666667,NORMAL,N,,,,579935,579959,579996,580036,580076,normal
213,2908,580155,1611.5416666666667,FUSION,F,,,,580127,580167,580192,580257,580279,biphasic_negative_positive
213,2909,580366,1612.1277777777777,NORMAL,N,,,,580356,580377,580419,580458,580487,normal
213,2910,580562,1612.6722222222222,FUSION,F,,,,580539,580575,580577,580665,580687,biphasic_negative_positive
213,2911,580766,1613.2388888888888,NORMAL,N,,,,580747,580777,580821,580861,580894,normal
213,2912,580972,1613.8111111111111,PVC,V,,,,580965,581003,581033,581072,581092,normal
213,2913,581182,1614.3944444444444,NORMAL,N,,,,581173,581193,581231,581273,581304,normal
213,2914,581387,1614.963888888889,FUSION,F,,,,581364,581401,581421,581488,581507,biphasic_negative_positive
213,2915,581581,1615.5027777777777,NORMAL,N,,,,581572,581591,581634,581671,581706,normal
213,2916,581781,1616.0583333333334,FUSION,F,,,,581762,581810,581842,581878,581911,normal
213,2917,581998,1616.661111111111,NORMAL,N,,,,581988,582010,582053,582093,582129,normal
213,2918,582212,1617.2555555555555,FUSION,F,,,,582193,582224,582272,582310,582336,normal
213,2919,582408,1617.8,NORMAL,N,,,,582398,582420,582455,582497,582540,normal
213,2920,582615,1618.375,PVC,V,,,,582587,582627,582648,582710,582733,biphasic_negative_positive
213,2921,582816,1618.9333333333334,NORMAL,N,,,,582805,582827,582870,582909,582940,normal
213,2922,583016,1619.4888888888888,PVC,V,,,,582989,583047,583074,583113,583138,normal
213,2923,583225,1620.0694444444443,NORMAL,N,,,,583215,583235,583274,583315,583347,normal
213,2924,583424,1620.6222222222223,FUSION,F,,,,583409,583436,583485,583524,583554,normal
213,2925,583628,1621.1888888888889,NORMAL,N,,,,583619,583639,583675,583717,583759,normal
213,2926,583838,1621.7722222222221,PVC,V,,,,583813,583851,583853,583942,583968,biphasic_negative_positive
213,2927,584049,1622.3583333333333,NORMAL,N,583973,583986,583999,584040,584060,584182,584222,584168,6
213,2928,584244,1622.9,PVC,V,,,,584229,584256,584306,584344,584370,normal
213,2929,584444,1623.4555555555555,NORMAL,N,,,,584433,584455,584499,584536,584570,normal
213,2930,584632,1623.9777777777779,PVC,V,,,,584599,584668,,,,
213,2931,584696,1624.1555555555556,PVC,V,,,,584693,584763,584822,584846,584878,normal
213,2932,585070,1625.1944444444443,NORMAL,N,,,,585060,585081,585134,585173,585192,normal
213,2933,585271,1625.7527777777777,NORMAL,N,,,,585260,585281,585327,585365,585396,normal
213,2934,585473,1626.3138888888889,NORMAL,N,,,,585454,585484,585520,585563,585602,normal
213,2935,585678,1626.8833333333334,NORMAL,N,,,,585667,585689,585731,585774,585806,normal
213,2936,585883,1627.4527777777778,NORMAL,N,,,,585873,585894,585938,585977,586007,normal
213,2937,586078,1627.9944444444445,NORMAL,N,,,,586061,586090,,586119,586171,positive_monophasic
213,2938,586270,1628.5277777777778,PVC,V,,,,586250,586287,586289,586378,586401,biphasic_negative_positive
213,2939,586496,1629.1555555555556,NORMAL,N,,,,586484,586507,586548,586588,586619,normal
213,2940,586699,1629.7194444444444,NORMAL,N,,,,586688,586709,586757,586796,586829,normal
213,2941,586903,1630.286111111111,NORMAL,N,,,,586890,586913,586947,586990,587031,normal
213,2942,587078,1630.7722222222221,PVC,V,,,,587057,587105,587107,587187,587210,biphasic_negative_positive
213,2943,587315,1631.4305555555557,NORMAL,N,,,,587305,587326,587371,587411,587438,normal
213,2944,587513,1631.9805555555556,NORMAL,N,,,,587502,587524,587568,587608,587639,normal
213,2945,587715,1632.5416666666667,NORMAL,N,,,,587697,587726,587765,587808,587849,normal
213,2946,587929,1633.1361111111112,NORMAL,N,,,,587918,587940,587980,588024,588060,normal
213,2947,588138,1633.7166666666667,NORMAL,N,,,,588128,588150,588192,588232,588264,normal
213,2948,588337,1634.2694444444444,NORMAL,N,,,,588316,588348,588395,588432,588465,normal
213,2949,588535,1634.8194444444443,NORMAL,N,,,,588524,588545,588588,588624,588659,normal
213,2950,588734,1635.3722222222223,NORMAL,N,,,,588724,588745,588782,588822,588861,normal
213,2951,588939,1635.9416666666666,PVC,V,,,,588914,588953,588972,589043,589070,biphasic_negative_positive
213,2952,589149,1636.525,NORMAL,N,,,,589139,589159,589201,589240,589271,normal
213,2953,589342,1637.0611111111111,NORMAL,N,,,,589332,589354,589399,589438,589473,normal
213,2954,589544,1637.6222222222223,NORMAL,N,,,,589533,589554,589594,589634,589676,normal
213,2955,589726,1638.1277777777777,PVC,V,,,,589704,589755,589757,589838,589861,biphasic_negative_positive
213,2956,589963,1638.786111111111,NORMAL,N,,,,589952,589974,590014,590058,590088,normal
213,2957,590170,1639.361111111111,NORMAL,N,,,,590159,590181,590224,590262,590293,normal
213,2958,590363,1639.8972222222221,NORMAL,N,,,,590354,590374,590417,590454,590489,normal
213,2959,590564,1640.4555555555555,NORMAL,N,,,,590553,590576,590614,590655,590696,normal
213,2960,590777,1641.0472222222222,NORMAL,N,,,,590765,590788,590827,590871,590905,normal
213,2961,590986,1641.6277777777777,NORMAL,N,,,,590976,590998,591039,591079,591113,normal
213,2962,591158,1642.1055555555556,PVC,V,,,,591140,591185,591187,591266,591292,biphasic_negative_positive
213,2963,591389,1642.7472222222223,NORMAL,N,,,,591379,591398,591436,591480,591511,normal
213,2964,591591,1643.3083333333334,NORMAL,N,,,,591582,591603,591644,591685,591716,normal
213,2965,591789,1643.8583333333333,NORMAL,N,,,,591779,591799,591841,591881,591917,normal
213,2966,591990,1644.4166666666667,NORMAL,N,,,,591979,592002,592040,592078,592119,normal
213,2967,592192,1644.9777777777779,NORMAL,N,,,,592183,592204,592242,592285,592322,normal
213,2968,592404,1645.5666666666666,NORMAL,N,,,,592394,592415,592455,592497,592532,normal
213,2969,592589,1646.0805555555555,PVC,V,,,,592559,592607,592609,592696,592727,biphasic_negative_positive
213,2970,592812,1646.7,NORMAL,N,,,,592802,592822,592860,592901,592934,normal
213,2971,593016,1647.2666666666667,NORMAL,N,,,,593006,593027,593071,593112,593141,normal
213,2972,593213,1647.8138888888889,NORMAL,N,,,,593202,593223,593266,593304,593338,normal
213,2973,593411,1648.3638888888888,NORMAL,N,,,,593390,593422,593461,593501,593543,normal
213,2974,593619,1648.9416666666666,NORMAL,N,,,,593609,593630,593669,593711,593747,normal
213,2975,593826,1649.5166666666667,NORMAL,N,,,,593814,593838,593883,593923,593955,normal
213,2976,594026,1650.0722222222223,NORMAL,N,,,,594016,594037,594071,594112,594157,normal
213,2977,594230,1650.638888888889,NORMAL,N,,,,594220,594241,594282,594320,594356,normal
213,2978,594432,1651.2,FUSION,F,,,,594416,594443,594490,594528,594556,normal
213,2979,594627,1651.7416666666666,NORMAL,N,,,,594617,594638,594674,594713,594754,normal
213,2980,594828,1652.3,NORMAL,N,,,,594818,594839,594881,594921,594960,normal
213,2981,595038,1652.8833333333334,NORMAL,N,,,,595028,595049,595089,595127,595158,normal
213,2982,595235,1653.4305555555557,NORMAL,N,,,,595225,595247,595292,595331,595366,normal
213,2983,595436,1653.9888888888888,NORMAL,N,,,,595426,595448,595485,595525,595569,normal
213,2984,595635,1654.5416666666667,PVC,V,,,,595599,595652,595674,595746,595755,biphasic_negative_positive
213,2985,595853,1655.1472222222221,NORMAL,N,,,,595843,595863,595909,595948,595977,normal
213,2986,596053,1655.7027777777778,NORMAL,N,,,,596043,596064,596109,596144,596177,normal
213,2987,596251,1656.2527777777777,NORMAL,N,,,,596233,596262,596297,596340,596380,normal
213,2988,596447,1656.7972222222222,PVC,V,,,,596412,596464,596484,596556,596582,biphasic_negative_positive
213,2989,596667,1657.4083333333333,NORMAL,N,,,,596656,596678,596722,596765,596798,normal
213,2990,596874,1657.9833333333333,FUSION,F,,,,596846,596887,596934,596971,596998,normal
213,2991,597073,1658.536111111111,NORMAL,N,,,,597064,597084,597126,597169,597203,normal
213,2992,597275,1659.0972222222222,FUSION,F,,,,597254,597288,597330,597367,597399,normal
213,2993,597481,1659.6694444444445,NORMAL,N,,,,597469,597491,597532,597574,597609,normal
213,2994,597685,1660.236111111111,FUSION,F,,,,597673,597698,597748,597787,597815,normal
213,2995,597885,1660.7916666666667,NORMAL,N,,,,597875,597897,597940,597976,598009,normal
213,2996,598081,1661.3361111111112,FUSION,F,,,,598062,598094,598139,598175,598212,normal
213,2997,598294,1661.9277777777777,NORMAL,N,,,,598276,598306,598342,598387,598418,normal
213,2998,598501,1662.5027777777777,NORMAL,N,,,,598482,598512,598555,598597,598631,normal
213,2999,598702,1663.0611111111111,NORMAL,N,,,,598684,598712,,598740,598788,positive_monophasic
213,3000,598852,1663.4777777777779,APC,A,,,,598840,598864,598901,598934,598973,normal
213,3001,599094,1664.15,NORMAL,N,,,,599076,599105,599142,599191,599219,normal
213,3002,599302,1664.7277777777779,FUSION,F,,,,599275,599314,599316,599403,599422,biphasic_negative_positive
213,3003,599501,1665.2805555555556,NORMAL,N,,,,599489,599513,599549,599592,599636,normal
213,3004,599718,1665.8833333333334,NORMAL,N,,,,599707,599729,599767,599812,599845,normal
213,3005,599923,1666.4527777777778,NORMAL,N,,,,599913,599934,599979,600017,600050,normal
213,3006,600125,1667.013888888889,NORMAL,N,,,,600105,600137,600182,600221,600254,normal
213,3007,600325,1667.5694444444443,NORMAL,N,,,,600313,600336,600369,600412,600452,normal
213,3008,600533,1668.1472222222221,NORMAL,N,,,,600524,600544,600581,600623,600655,normal
213,3009,600734,1668.7055555555555,NORMAL,N,,,,600724,600745,600793,600832,600865,normal
213,3010,600936,1669.2666666666667,NORMAL,N,,,,600925,600946,600991,601030,601063,normal
213,3011,601139,1669.8305555555555,NORMAL,N,,,,601119,601151,601186,601229,601271,normal
213,3012,601349,1670.4138888888888,NORMAL,N,,,,601339,601361,601399,601442,601478,normal
213,3013,601561,1671.0027777777777,NORMAL,N,,,,601550,601573,601619,601658,601686,normal
213,3014,601759,1671.5527777777777,NORMAL,N,,,,601749,601770,601806,601849,601892,normal
213,3015,601965,1672.125,NORMAL,N,,,,601954,601976,602012,602055,602091,normal
213,3016,602169,1672.6916666666666,NORMAL,N,,,,602159,602181,602226,602263,602291,normal
213,3017,602365,1673.236111111111,NORMAL,N,,,,602354,602375,602419,602459,602493,normal
213,3018,602559,1673.775,PVC,V,,,,602537,602565,602576,602671,602697,biphasic_negative_positive
213,3019,602782,1674.3944444444444,NORMAL,N,,,,602760,602793,602826,602870,602907,normal
213,3020,602988,1674.9666666666667,NORMAL,N,,,,602978,603000,603044,603084,603115,normal
213,3021,603188,1675.5222222222221,NORMAL,N,,,,603179,603199,603239,603277,603309,normal
213,3022,603365,1676.013888888889,PVC,V,,,,603334,603408,603435,603474,603496,normal
213,3023,603580,1676.611111111111,NORMAL,N,,,,603569,603590,603632,603674,603712,normal
213,3024,603789,1677.1916666666666,FUSION,F,,,,603770,603802,603847,603881,603911,normal
213,3025,603994,1677.7611111111112,NORMAL,N,,,,603984,604006,604048,604089,604124,normal
213,3026,604202,1678.338888888889,NORMAL,N,,,,604191,604213,604256,604295,604326,normal
213,3027,604401,1678.8916666666667,NORMAL,N,,,,604390,604412,604456,604497,604534,normal
213,3028,604606,1679.4611111111112,NORMAL,N,,,,604595,604617,604654,604694,604733,normal
213,3029,604810,1680.0277777777778,NORMAL,N,,,,604798,604821,604857,604901,604940,normal
213,3030,605020,1680.611111111111,NORMAL,N,,,,605010,605030,605071,605112,605143,normal
213,3031,605222,1681.1722222222222,NORMAL,N,,,,605210,605232,605277,605317,605351,normal
213,3032,605426,1681.7388888888888,NORMAL,N,,,,605406,605437,605477,605520,605562,normal
213,3033,605639,1682.3305555555555,NORMAL,N,,,,605627,605651,605689,605729,605766,normal
213,3034,605847,1682.9083333333333,NORMAL,N,,,,605837,605858,605902,605944,605972,normal
213,3035,606051,1683.475,NORMAL,N,,,,606039,606062,606101,606140,606177,normal
213,3036,606234,1683.9833333333333,PVC,V,,,,606205,606261,606263,606339,606368,biphasic_negative_positive
213,3037,606458,1684.6055555555556,NORMAL,N,,,,606449,606469,606506,606551,606581,normal
213,3038,606641,1685.1138888888888,PVC,V,,,,606615,606659,606661,606750,606771,biphasic_negative_positive
213,3039,606859,1685.7194444444444,NORMAL,N,,,,606847,606871,606903,606950,606991,normal
213,3040,607073,1686.3138888888889,NORMAL,N,,,,607061,607083,607124,607165,607196,normal
213,3041,607273,1686.8694444444445,NORMAL,N,,,,607262,607284,607329,607371,607405,normal
213,3042,607478,1687.4388888888889,NORMAL,N,,,,607458,607489,607523,607564,607607,normal
213,3043,607679,1687.9972222222223,NORMAL,N,,,,607670,607690,607727,607771,607809,normal
213,3044,607890,1688.5833333333333,NORMAL,N,,,,607880,607901,607944,607983,608015,normal
213,3045,608085,1689.125,NORMAL,N,,,,608075,608096,608133,608170,608215,normal
213,3046,608290,1689.6944444444443,NORMAL,N,,,,608280,608302,608340,608383,608421,normal
213,3047,608501,1690.2805555555556,NORMAL,N,,,,608490,608513,608559,608600,608632,normal
213,3048,608704,1690.8444444444444,FUSION,F,,,,608693,608715,608763,608800,608832,normal
213,3049,608909,1691.4138888888888,NORMAL,N,,,,608899,608922,608960,608998,609042,normal
213,3050,609090,1691.9166666666667,PVC,V,,,,609072,609116,609129,609194,609216,biphasic_negative_positive
213,3051,609323,1692.5638888888889,NORMAL,N,,,,609312,609334,609379,609419,609445,normal
213,3052,609521,1693.1138888888888,NORMAL,N,,,,609500,609532,609569,609612,609654,normal
213,3053,609730,1693.6944444444443,NORMAL,N,,,,609721,609741,609778,609818,609853,normal
213,3054,609912,1694.2,PVC,V,,,,609872,609940,609942,610021,610045,biphasic_negative_positive
213,3055,610137,1694.825,NORMAL,N,,,,610127,610149,610193,610235,610267,normal
213,3056,610344,1695.4,NORMAL,N,,,,610334,610355,610394,610435,610478,normal
213,3057,610550,1695.9722222222222,NORMAL,N,,,,610540,610562,610596,610641,610679,normal
213,3058,610759,1696.5527777777777,NORMAL,N,,,,610747,610770,610814,610853,610883,normal
213,3059,610952,1697.088888888889,NORMAL,N,,,,610942,610963,611003,611041,611077,normal
213,3060,611151,1697.6416666666667,NORMAL,N,,,,611141,611162,611198,611241,611283,normal
213,3061,611362,1698.2277777777779,NORMAL,N,,,,611352,611374,611415,611456,611493,normal
213,3062,611574,1698.8166666666666,NORMAL,N,,,,611564,611585,611627,611666,611698,normal
213,3063,611769,1699.3583333333333,NORMAL,N,,,,611758,611780,611824,611863,611899,normal
213,3064,611973,1699.925,NORMAL,N,,,,611962,611983,612017,612059,612098,normal
213,3065,612171,1700.475,NORMAL,N,,,,612161,612184,612218,612263,612303,normal
213,3066,612381,1701.0583333333334,FUSION,F,,,,612372,612391,612438,612477,612505,normal
213,3067,612580,1701.611111111111,NORMAL,N,,,,612568,612591,612635,612674,612708,normal
213,3068,612759,1702.1083333333333,PVC,V,,,,612733,612787,612799,612870,612900,biphasic_negative_positive
213,3069,612987,1702.7416666666666,NORMAL,N,,,,612969,612999,613032,613081,613116,normal
213,3070,613202,1703.338888888889,NORMAL,N,,,,613191,613213,613252,613297,613329,normal
213,3071,613410,1703.9166666666667,NORMAL,N,,,,613401,613420,613464,613501,613533,normal
213,3072,613595,1704.4305555555557,PVC,V,,,,613575,613613,613615,613705,613720,biphasic_negative_positive
213,3073,613790,1704.9722222222222,NORMAL,N,,,,613773,613801,613835,613875,613916,normal
213,3074,614021,1705.6138888888888,NORMAL,N,,,,614010,614032,614076,614122,614149,normal
213,3075,614224,1706.1777777777777,NORMAL,N,,,,614212,614235,614271,614313,614357,normal
213,3076,614433,1706.7583333333334,NORMAL,N,,,,614422,614446,614483,614527,614565,normal
213,3077,614643,1707.3416666666667,NORMAL,N,,,,614633,614654,614699,614737,614770,normal
213,3078,614844,1707.9,NORMAL,N,,,,614834,614855,614891,614935,614976,normal
213,3079,615047,1708.463888888889,NORMAL,N,,,,615038,615058,615093,615135,615172,normal
213,3080,615251,1709.0305555555556,NORMAL,N,,,,615241,615262,615306,615343,615372,normal
213,3081,615446,1709.5722222222223,NORMAL,N,,,,615436,615458,615502,615542,615578,normal
213,3082,615651,1710.1416666666667,FUSION,F,,,,615641,615662,615698,615737,615776,normal
213,3083,615854,1710.7055555555555,NORMAL,N,,,,615842,615865,615905,615947,615983,normal
213,3084,616061,1711.2805555555556,FUSION,F,,,,616049,616074,616123,616163,616190,normal
213,3085,616262,1711.838888888889,NORMAL,N,,,,616252,616274,616318,616356,616391,normal
213,3086,616450,1712.361111111111,PVC,V,,,,616418,616468,616470,616555,616585,biphasic_negative_positive
213,3087,616672,1712.9777777777779,NORMAL,N,,,,616662,616683,616716,616762,616795,normal
213,3088,616862,1713.5055555555555,PVC,V,,,,616831,616880,616898,616972,616992,biphasic_negative_positive
213,3089,617073,1714.0916666666667,NORMAL,N,,,,617063,617084,617120,617162,617205,normal
213,3090,617282,1714.6722222222222,FUSION,F,,,,617269,617296,617344,617383,617422,normal
213,3091,617497,1715.2694444444444,NORMAL,N,,,,617474,617509,617553,617590,617623,normal
213,3092,617696,1715.8222222222223,NORMAL,N,,,,617671,617708,617744,617784,617827,normal
213,3093,617902,1716.3944444444444,NORMAL,N,,,,617892,617914,617948,617991,618028,normal
213,3094,618105,1716.9583333333333,NORMAL,N,,,,618094,618117,618159,618200,618231,normal
213,3095,618302,1717.5055555555555,NORMAL,N,,,,618292,618314,618357,618397,618434,normal
213,3096,618508,1718.0777777777778,NORMAL,N,,,,618498,618521,618560,618596,618635,normal
213,3097,618710,1718.638888888889,NORMAL,N,,,,618700,618721,618759,618802,618839,normal
213,3098,618921,1719.225,NORMAL,N,,,,618909,618933,618974,619016,619046,normal
213,3099,619121,1719.7805555555556,NORMAL,N,,,,619109,619135,619177,619218,619254,normal
213,3100,619329,1720.3583333333333,FUSION,F,,,,619318,619352,619386,619421,619456,normal
213,3101,619534,1720.9277777777777,NORMAL,N,,,,619524,619545,619583,619624,619658,normal
213,3102,619736,1721.4888888888888,FUSION,F,,,,619712,619748,619796,619832,619856,normal
213,3103,619931,1722.0305555555556,NORMAL,N,,,,619921,619942,619984,620021,620060,normal
213,3104,620123,1722.5638888888889,PVC,V,,,,620092,620149,620151,620232,620258,biphasic_negative_positive
213,3105,620353,1723.2027777777778,NORMAL,N,,,,620344,620364,620402,620447,620479,normal
213,3106,620554,1723.7611111111112,NORMAL,N,,,,620534,620566,620611,620649,620683,normal
213,3107,620759,1724.3305555555555,NORMAL,N,,,,620747,620770,620806,620848,620889,normal
213,3108,620961,1724.8916666666667,NORMAL,N,,,,620941,620971,621004,621049,621088,normal
213,3109,621166,1725.4611111111112,NORMAL,N,,,,621146,621176,621216,621254,621288,normal
213,3110,621368,1726.0222222222221,NORMAL,N,,,,621357,621380,621427,621464,621495,normal
213,3111,621565,1726.5694444444443,NORMAL,N,,,,621553,621576,621613,621653,621695,normal
213,3112,621772,1727.1444444444444,NORMAL,N,,,,621754,621797,621822,621864,621905,normal
213,3113,621984,1727.7333333333333,NORMAL,N,,,,621974,621996,622038,622080,622111,normal
213,3114,622191,1728.3083333333334,NORMAL,N,,,,622181,622203,622248,622283,622316,normal
213,3115,622390,1728.861111111111,NORMAL,N,,,,622370,622400,622444,622484,622520,normal
213,3116,622594,1729.4277777777777,FUSION,F,,,,622563,622607,622653,622688,622717,normal
213,3117,622799,1729.9972222222223,NORMAL,N,,,,622788,622811,622842,622889,622924,normal
213,3118,622987,1730.5194444444444,PVC,V,,,,622959,623016,623028,623098,623119,biphasic_negative_positive
213,3119,623211,1731.1416666666667,NORMAL,N,,,,623201,623224,623271,623310,623345,normal
213,3120,623419,1731.7194444444444,FUSION,F,,,,623395,623433,623476,623515,623542,normal
213,3121,623625,1732.2916666666667,NORMAL,N,,,,623613,623637,623668,623716,623752,normal
213,3122,623832,1732.8666666666666,NORMAL,N,,,,623822,623843,623881,623920,623953,normal
213,3123,624029,1733.4138888888888,NORMAL,N,,,,624018,624040,624080,624118,624154,normal
213,3124,624225,1733.9583333333333,NORMAL,N,,,,624214,624237,624273,624315,624357,normal
213,3125,624433,1734.536111111111,NORMAL,N,,,,624423,624443,624475,624518,624559,normal
213,3126,624636,1735.1,NORMAL,N,,,,624624,624648,624687,624729,624764,normal
213,3127,624839,1735.6638888888888,NORMAL,N,,,,624829,624850,624890,624931,624967,normal
213,3128,625043,1736.2305555555556,NORMAL,N,,,,625033,625055,625091,625133,625175,normal
213,3129,625249,1736.8027777777777,NORMAL,N,,,,625238,625260,625299,625339,625374,normal
213,3130,625450,1737.361111111111,NORMAL,N,,,,625439,625461,625497,625536,625576,normal
213,3131,625650,1737.9166666666667,NORMAL,N,,,,625640,625661,625697,625739,625773,normal
213,3132,625851,1738.475,NORMAL,N,,,,625842,625864,625901,625944,625983,normal
213,3133,626060,1739.0555555555557,NORMAL,N,,,,626047,626071,626108,626152,626197,normal
213,3134,626275,1739.6527777777778,NORMAL,N,,,,626266,626287,626324,626365,626397,normal
213,3135,626474,1740.2055555555555,NORMAL,N,,,,626464,626486,626527,626569,626608,normal
213,3136,626679,1740.775,FUSION,F,,,,626660,626693,626736,626771,626805,normal
213,3137,626885,1741.3472222222222,NORMAL,N,,,,626873,626897,626938,626978,627010,normal
213,3138,627089,1741.9138888888888,FUSION,F,,,,627071,627102,627147,627186,627216,normal
213,3139,627291,1742.475,NORMAL,N,,,,627273,627303,,627328,627378,positive_monophasic
213,3140,627479,1742.9972222222223,PVC,V,,,,627459,627505,627517,627588,627613,biphasic_negative_positive
213,3141,627706,1743.6277777777777,NORMAL,N,,,,627696,627717,627754,627799,627830,normal
213,3142,627913,1744.2027777777778,NORMAL,N,,,,627903,627926,627961,628006,628050,normal
213,3143,628119,1744.775,NORMAL,N,,,,628110,628131,628167,628208,628245,normal
213,3144,628324,1745.3444444444444,NORMAL,N,,,,628313,628335,628376,628417,628452,normal
213,3145,628524,1745.9,NORMAL,N,,,,628505,628534,628570,628610,628653,normal
213,3146,628724,1746.4555555555555,NORMAL,N,,,,628703,628736,628773,628814,628851,normal
213,3147,628933,1747.036111111111,NORMAL,N,,,,628920,628945,628988,629029,629063,normal
213,3148,629140,1747.611111111111,NORMAL,N,,,,629130,629152,629189,629228,629272,normal
213,3149,629347,1748.1861111111111,NORMAL,N,,,,629338,629359,629395,629438,629476,normal
213,3150,629557,1748.7694444444444,NORMAL,N,,,,629545,629568,629610,629647,629681,normal
213,3151,629750,1749.3055555555557,NORMAL,N,,,,629740,629761,629798,629838,629882,normal
213,3152,629957,1749.8805555555555,NORMAL,N,,,,629948,629969,630004,630045,630083,normal
213,3153,630161,1750.4472222222223,NORMAL,N,,,,630151,630173,,,,
213,3154,630316,1750.8777777777777,APC,A,,,,630305,630327,630369,630401,630439,normal
213,3155,630563,1751.5638888888889,NORMAL,N,,,,630538,630575,630610,630659,630692,normal
213,3156,630775,1752.1527777777778,NORMAL,N,,,,630765,630786,630827,630869,630903,normal
213,3157,630982,1752.7277777777779,NORMAL,N,,,,630972,630994,631035,631072,631110,normal
213,3158,631182,1753.2833333333333,NORMAL,N,,,,631172,631195,631231,631273,631316,normal
213,3159,631393,1753.8694444444445,NORMAL,N,,,,631381,631403,631439,631481,631517,normal
213,3160,631594,1754.4277777777777,NORMAL,N,,,,631584,631605,631646,631685,631719,normal
213,3161,631795,1754.986111111111,NORMAL,N,,,,631785,631807,631843,631887,631929,normal
213,3162,632007,1755.575,NORMAL,N,,,,631997,632019,632055,632100,632140,normal
213,3163,632216,1756.1555555555556,NORMAL,N,,,,632206,632227,632269,632309,632346,normal
213,3164,632419,1756.7194444444444,NORMAL,N,,,,632408,632430,632467,632508,632549,normal
213,3165,632622,1757.2833333333333,NORMAL,N,,,,632613,632633,632663,632709,632748,normal
213,3166,632828,1757.8555555555556,PVC,V,,,,632800,632841,632861,632925,632948,biphasic_negative_positive
213,3167,633024,1758.4,NORMAL,N,,,,633013,633036,,633060,633113,positive_monophasic
213,3168,633218,1758.9388888888889,PVC,V,,,,633184,633242,633244,633322,633346,biphasic_negative_positive
213,3169,633439,1759.5527777777777,NORMAL,N,,,,633430,633451,633490,633532,633566,normal
213,3170,633645,1760.125,NORMAL,N,,,,633636,633657,633699,633741,633779,normal
213,3171,633852,1760.7,NORMAL,N,,,,633841,633863,633898,633940,633983,normal
213,3172,634057,1761.2694444444444,NORMAL,N,,,,634047,634068,634104,634145,634184,normal
213,3173,634264,1761.8444444444444,NORMAL,N,,,,634255,634276,634314,634354,634386,normal
213,3174,634458,1762.3833333333334,NORMAL,N,,,,634448,634469,634508,634545,634587,normal
213,3175,634662,1762.95,NORMAL,N,,,,634651,634674,634716,634757,634796,normal
213,3176,634870,1763.5277777777778,NORMAL,N,,,,634860,634882,634925,634967,635004,normal
213,3177,635078,1764.1055555555556,NORMAL,N,,,,635067,635090,635131,635169,635207,normal
213,3178,635283,1764.675,NORMAL,N,,,,635272,635295,635332,635376,635417,normal
213,3179,635496,1765.2666666666667,NORMAL,N,,,,635487,635508,635541,635584,635618,normal
213,3180,635689,1765.8027777777777,PVC,V,,,,635652,635713,635730,635796,635818,biphasic_negative_positive
213,3181,635894,1766.3722222222223,NORMAL,N,,,,635883,635905,635947,635987,636025,normal
213,3182,636084,1766.9,PVC,V,,,,636054,636124,636149,636186,636213,normal
213,3183,636305,1767.513888888889,NORMAL,N,,,,636295,636317,636349,636400,636436,normal
213,3184,636519,1768.1083333333333,NORMAL,N,636441,636455,636467,636508,636531,636571,636613,636646,normal
213,3185,636722,1768.6722222222222,NORMAL,N,,,,636711,636733,636770,636812,636854,normal
213,3186,636925,1769.236111111111,NORMAL,N,,,,636916,636936,636971,637014,637052,normal
213,3187,637131,1769.8083333333334,NORMAL,N,,,,637121,637143,637182,637221,637258,normal
213,3188,637331,1770.3638888888888,NORMAL,N,,,,637321,637342,637380,637420,637454,normal
213,3189,637526,1770.9055555555556,NORMAL,N,,,,637503,637538,637579,637617,637657,normal
213,3190,637731,1771.475,NORMAL,N,,,,637720,637755,637778,637821,637863,normal
213,3191,637946,1772.0722222222223,NORMAL,N,,,,637935,637957,637994,638038,638071,normal
213,3192,638149,1772.6361111111112,NORMAL,N,,,,638138,638161,638201,638241,638280,normal
213,3193,638352,1773.2,NORMAL,N,,,,638343,638364,638399,638436,638475,normal
213,3194,638539,1773.7194444444444,NORMAL,N,,,,638529,638550,638586,638627,638672,normal
213,3195,638759,1774.3305555555555,NORMAL,N,,,,638750,638770,638806,638850,638883,normal
213,3196,638964,1774.9,NORMAL,N,,,,638953,638976,639021,639059,639092,normal
213,3197,639162,1775.45,NORMAL,N,,,,639152,639174,639211,639251,639293,normal
213,3198,639369,1776.025,PVC,V,,,,639342,639400,639431,639470,639495,normal
213,3199,639584,1776.6222222222223,NORMAL,N,,,,639573,639595,639636,639679,639711,normal
213,3200,639795,1777.2083333333333,FUSION,F,,,,639772,639807,639853,639890,639917,normal
213,3201,639994,1777.7611111111112,NORMAL,N,,,,639984,640006,640039,640084,640128,normal
213,3202,640199,1778.3305555555555,FUSION,F,,,,640188,640213,640258,640292,640326,normal
213,3203,640401,1778.8916666666667,NORMAL,N,,,,640392,640413,640451,640495,640527,normal
213,3204,640604,1779.4555555555555,NORMAL,N,,,,640585,640616,640657,640698,640739,normal
213,3205,640812,1780.0333333333333,NORMAL,N,,,,640800,640824,640857,640905,640947,normal
213,3206,641026,1780.6277777777777,NORMAL,N,,,,641017,641039,641077,641118,641153,normal
213,3207,641232,1781.2,NORMAL,N,,,,641221,641244,641283,641324,641360,normal
213,3208,641429,1781.7472222222223,NORMAL,N,,,,641408,641439,641473,641514,641559,normal
213,3209,641632,1782.3111111111111,NORMAL,N,,,,641622,641643,641677,641719,641755,normal
213,3210,641834,1782.8722222222223,NORMAL,N,,,,641824,641845,641883,641926,641961,normal
213,3211,642035,1783.4305555555557,NORMAL,N,,,,642025,642046,642086,642124,642159,normal
213,3212,642234,1783.9833333333333,NORMAL,N,,,,642213,642245,642282,642323,642369,normal
213,3213,642445,1784.5694444444443,NORMAL,N,,,,642435,642457,642490,642538,642577,normal
213,3214,642657,1785.1583333333333,NORMAL,N,,,,642646,642668,642709,642747,642781,normal
213,3215,642855,1785.7083333333333,NORMAL,N,,,,642844,642866,642906,642946,642984,normal
213,3216,643055,1786.263888888889,FUSION,F,,,,643034,643081,643111,643147,643178,normal
213,3217,643257,1786.825,NORMAL,N,,,,643247,643268,643303,643346,643383,normal
213,3218,643449,1787.3583333333333,PVC,V,,,,643418,643466,643487,643558,643582,biphasic_negative_positive
213,3219,643669,1787.9694444444444,NORMAL,N,,,,643659,643682,643725,643767,643804,normal
213,3220,643881,1788.5583333333334,FUSION,F,,,,643870,643902,643930,643970,644008,normal
213,3221,644087,1789.1305555555555,NORMAL,N,,,,644076,644099,644135,644181,644216,normal
213,3222,644295,1789.7083333333333,NORMAL,N,,,,644285,644307,644344,644383,644416,normal
213,3223,644490,1790.25,NORMAL,N,,,,644479,644501,644541,644580,644617,normal
213,3224,644688,1790.8,NORMAL,N,,,,644679,644699,644732,644778,644822,normal
213,3225,644901,1791.3916666666667,NORMAL,N,,,,644891,644926,644948,644991,645028,normal
213,3226,645105,1791.9583333333333,NORMAL,N,,,,645095,645116,645157,645198,645234,normal
213,3227,645311,1792.5305555555556,NORMAL,N,,,,645300,645322,645362,645400,645440,normal
213,3228,645512,1793.088888888889,NORMAL,N,,,,645502,645524,645560,645603,645645,normal
213,3229,645722,1793.6722222222222,NORMAL,N,,,,645712,645734,645773,645812,645846,normal
213,3230,645924,1794.2333333333333,NORMAL,N,,,,645914,645936,645975,646016,646051,normal
213,3231,646120,1794.7777777777778,NORMAL,N,,,,646109,646131,646170,646209,646246,normal
213,3232,646318,1795.3277777777778,NORMAL,N,,,,646308,646329,646361,646407,646449,normal
213,3233,646529,1795.9138888888888,NORMAL,N,,,,646519,646540,646577,646623,646659,normal
213,3234,646741,1796.5027777777777,NORMAL,N,,,,646730,646753,646796,646836,646869,normal
213,3235,646939,1797.0527777777777,NORMAL,N,,,,646929,646950,646985,647027,647069,normal
213,3236,647147,1797.6305555555555,NORMAL,N,,,,647138,647158,647195,647238,647271,normal
213,3237,647347,1798.1861111111111,NORMAL,N,,,,647335,647359,647399,647440,647475,normal
213,3238,647546,1798.7388888888888,FUSION,F,,,,647524,647560,647604,647642,647667,normal
213,3239,647748,1799.3,NORMAL,N,,,,647738,647761,647796,647840,647880,normal
213,3240,647953,1799.8694444444445,NORMAL,N,,,,647944,647964,647998,648042,648080,normal
213,3241,648163,1800.4527777777778,NORMAL,N,,,,648152,648175,648218,648260,648290,normal
213,3242,648366,1801.0166666666667,NORMAL,N,,,,648355,648377,,648403,648452,positive_monophasic
213,3243,648518,1801.4388888888889,APC,A,,,,648507,648529,648574,648606,648639,normal
213,3244,648762,1802.1166666666666,NORMAL,N,,,,648751,648774,648817,648861,648892,normal
213,3245,648974,1802.7055555555555,NORMAL,N,,,,648964,648986,649024,649065,649097,normal
213,3246,649174,1803.2611111111112,NORMAL,N,,,,649162,649185,649227,649269,649302,normal
213,3247,649373,1803.8138888888889,NORMAL,N,,,,649362,649386,649428,649468,649502,normal
213,3248,649577,1804.3805555555555,NORMAL,N,,,,649564,649589,649627,649669,649712,normal
213,3249,649790,1804.9722222222222,NORMAL,N,,,,649779,649801,649839,649880,649914,normal
