record,beat_number,qrs_sample,qrs_seconds,qrs_annotation,qrs_symbol,p_onset_sample,p_peak_sample,p_offset_sample,qrs_onset_sample,qrs_offset_sample,t_onset_sample,t_peak_sample,t_offset_sample,t_wave_type
219,1,301,0.8361111111111111,NORMAL,N,,,,284,314,357,398,423,inverted
219,2,614,1.7055555555555555,NORMAL,N,,,,598,629,684,707,739,inverted
219,3,888,2.466666666666667,NORMAL,N,804,831,858,863,902,952,982,1011,inverted
219,4,1206,3.35,NORMAL,N,,,,1191,1216,1272,1300,1332,inverted
219,5,1417,3.936111111111111,NORMAL,N,,,,1402,1427,1469,1506,1536,inverted
219,6,1709,4.747222222222222,NORMAL,N,1627,1644,1661,1686,1719,1773,1804,1837,inverted
219,7,1924,5.344444444444444,NORMAL,N,,,,1908,1937,1991,2017,2046,inverted
219,8,2207,6.1305555555555555,NORMAL,N,,,,2193,2222,2263,2295,2325,inverted
219,9,2478,6.883333333333334,NORMAL,N,2383,2408,2439,2464,2493,2536,2569,2602,inverted
219,10,2724,7.566666666666666,NORMAL,N,,,,2709,2738,2782,2816,2872,inverted
219,11,3011,8.363888888888889,NORMAL,N,2922,2941,2961,2985,3025,3073,3106,3137,inverted
219,12,3230,8.972222222222221,NORMAL,N,,,,3215,3243,3258,3317,3345,inverted
219,13,3457,9.602777777777778,NORMAL,N,3365,3397,3417,3442,3471,3524,3546,3582,inverted
219,14,3864,10.733333333333333,NORMAL,N,,,,3849,3880,3936,3962,3997,inverted
219,15,4278,11.883333333333333,NORMAL,N,4196,4223,4255,4263,4291,4348,4375,4406,inverted
219,16,4580,12.722222222222221,NORMAL,N,,,,4565,4595,4651,4676,4709,inverted
219,17,4903,13.619444444444444,NORMAL,N,,,,4880,4917,4967,4997,5027,inverted
219,18,5205,14.458333333333334,NORMAL,N,5108,5119,5156,5190,5220,5280,5301,5330,inverted
219,19,5571,15.475,NORMAL,N,5492,5507,5523,5555,5586,5621,5730,5750,biphasic_negative_positive
219,20,5848,16.244444444444444,NORMAL,N,5756,5785,5804,5832,5861,5923,5943,5970,inverted
219,21,6059,16.830555555555556,NORMAL,N,5981,5988,6003,6034,6074,6119,6151,6180,inverted
219,22,6355,17.65277777777778,NORMAL,N,,,,6340,6369,6419,6449,6479,inverted
219,23,6688,18.57777777777778,NORMAL,N,6611,6624,6662,6672,6701,6746,6781,6808,inverted
219,24,7119,19.775,NORMAL,N,,,,7104,7132,7183,7272,7286,biphasic_negative_positive
219,25,7388,20.522222222222222,NORMAL,N,,,,7372,7401,7438,7576,7607,biphasic_negative_positive
219,26,7801,21.669444444444444,NORMAL,N,,,,7785,7811,7865,7905,7939,inverted
219,27,8213,22.81388888888889,NORMAL,N,8135,8158,8179,8197,8226,8277,8309,8341,inverted
219,28,8448,23.466666666666665,NORMAL,N,,,,8422,8462,8518,8541,8573,inverted
219,29,8730,24.25,NORMAL,N,8653,8683,8705,8715,8740,8805,8828,8860,inverted
219,30,8990,24.97222222222222,NORMAL,N,,,,8964,9004,9040,9084,9112,inverted
219,31,9236,25.655555555555555,NORMAL,N,,,,9221,9249,9299,9326,9362,inverted
219,32,9543,26.508333333333333,NORMAL,N,9467,9497,9512,9528,9556,9611,9635,9668,inverted
219,33,9882,27.45,NORMAL,N,,,,9867,9896,9945,9977,10008,inverted
219,34,10235,28.430555555555557,NORMAL,N,10129,10155,10185,10220,10245,10302,10332,10365,inverted
219,35,10532,29.255555555555556,NORMAL,N,10444,10455,10468,10518,10545,10604,10625,10667,inverted
219,36,10792,29.977777777777778,NORMAL,N,10707,10716,10731,10777,10805,10855,10882,10908,inverted
219,37,11023,30.619444444444444,NORMAL,N,,,,11009,11037,11091,11116,11152,inverted
219,38,11277,31.325,NORMAL,N,,,,11261,11290,11345,11372,11403,inverted
219,39,11543,32.06388888888889,NORMAL,N,,,,11528,11557,11611,11640,11670,inverted
219,40,11808,32.8,NORMAL,N,,,,11792,11821,11870,11903,11933,inverted
219,41,12147,33.74166666666667,NORMAL,N,12031,12045,12057,12121,12161,12215,12244,12274,inverted
219,42,12349,34.30277777777778,NORMAL,N,12289,12311,12324,12333,12362,12411,12468,12481,biphasic_negative_positive
219,43,12706,35.294444444444444,NORMAL,N,,,,12691,12716,12772,12804,12837,inverted
219,44,13013,36.147222222222226,NORMAL,N,12937,12949,12961,12999,13027,13079,13175,13188,biphasic_negative_positive
219,45,13316,36.98888888888889,NORMAL,N,13240,13255,13280,13301,13330,13381,13406,13441,inverted
219,46,13607,37.797222222222224,NORMAL,N,13530,13544,13575,13593,13622,13681,13705,13743,inverted
219,47,13864,38.51111111111111,PVC,V,,,,13831,13874,13910,13948,13989,inverted
219,48,14141,39.28055555555556,NORMAL,N,14021,14042,14060,14114,14155,14203,14237,14274,inverted
219,49,14416,40.044444444444444,NORMAL,N,14361,14378,14392,14400,14426,14472,14508,14535,inverted
219,50,14642,40.672222222222224,NORMAL,N,,,,14626,14652,14706,14735,14766,inverted
219,51,14962,41.56111111111111,NORMAL,N,14872,14886,14897,14947,14976,15021,15057,15088,inverted
219,52,15231,42.30833333333333,NORMAL,N,15107,15134,15152,15216,15245,15298,15326,15358,inverted
219,53,15579,43.275,NORMAL,N,,,,15564,15593,15642,15678,15716,inverted
219,54,15845,44.013888888888886,NORMAL,N,,,,15820,15859,15902,15938,15967,inverted
219,55,16094,44.705555555555556,NORMAL,N,16032,16045,16065,16079,16108,16126,16185,16218,inverted
219,56,16362,45.45,NORMAL,N,16287,16300,16315,16337,16376,16423,16454,16482,inverted
219,57,16618,46.16111111111111,NORMAL,N,16501,16532,16549,16603,16631,16685,16710,16741,inverted
219,58,16892,46.922222222222224,NORMAL,N,,,,16876,16905,16965,16984,17012,inverted
219,59,17196,47.766666666666666,NORMAL,N,17124,17135,17151,17179,17209,17263,17286,17319,inverted
219,60,17469,48.525,NORMAL,N,17348,17374,17406,17453,17479,17542,17564,17595,inverted
219,61,17750,49.30555555555556,NORMAL,N,17669,17681,17697,17735,17760,17822,17847,17883,inverted
219,62,17992,49.977777777777774,NORMAL,N,,,,17977,18007,18055,18143,18159,biphasic_negative_positive
219,63,18290,50.80555555555556,NORMAL,N,18203,18213,18224,18274,18300,18346,18381,18412,inverted
219,64,18567,51.575,NORMAL,N,18487,18497,18510,18552,18581,18634,18661,18693,inverted
219,65,18792,52.2,NORMAL,N,,,,18777,18806,18859,18882,18921,inverted
219,66,19172,53.25555555555555,NORMAL,N,,,,19157,19185,19241,19270,19310,inverted
219,67,19457,54.047222222222224,NORMAL,N,19398,19408,19427,19442,19471,19533,19550,19579,inverted
219,68,19825,55.06944444444444,NORMAL,N,19778,19789,19802,19810,19835,19896,19920,19952,inverted
219,69,20030,55.638888888888886,NORMAL,N,19953,19995,20007,20014,20046,20105,20171,20187,biphasic_negative_positive
219,70,20281,56.33611111111111,NORMAL,N,,,,20264,20291,20350,20373,20407,inverted
219,71,20653,57.36944444444445,NORMAL,N,,,,20638,20663,20686,20743,20776,inverted
219,72,20945,58.18055555555556,NORMAL,N,,,,20930,20954,21006,21037,21068,inverted
219,73,21179,58.830555555555556,NORMAL,N,,,,21162,21192,21246,21270,21301,inverted
219,74,21597,59.99166666666667,NORMAL,N,,,,21582,21611,21642,21694,21728,inverted
219,75,21841,60.669444444444444,NORMAL,N,,,,21825,21854,21908,21932,21959,inverted
219,76,22048,61.24444444444445,NORMAL,N,21979,22004,22016,22033,22058,22115,22139,22174,inverted
219,77,22299,61.94166666666667,NORMAL,N,22215,22225,22240,22275,22312,22350,22392,22420,inverted
219,78,22548,62.63333333333333,NORMAL,N,22479,22503,22525,22532,22561,22600,22641,22674,inverted
219,79,22842,63.45,NORMAL,N,,,,22826,22857,22910,22933,22966,inverted
219,80,23054,64.03888888888889,NORMAL,N,,,,23037,23064,23121,23142,23174,inverted
219,81,23352,64.86666666666666,NORMAL,N,,,,23336,23366,23403,23446,23475,inverted
219,82,23633,65.64722222222223,NORMAL,N,,,,23617,23647,23697,23724,23753,inverted
219,83,23879,66.33055555555555,NORMAL,N,,,,23864,23893,23954,23975,24005,inverted
219,84,24230,67.30555555555556,NORMAL,N,24117,24135,24152,24214,24240,24290,24299,24329,normal
219,85,24437,67.88055555555556,PVC,V,,,,24431,24448,24485,24512,24558,inverted
219,86,24749,68.74722222222222,NORMAL,N,24642,24656,24668,24734,24762,24777,24901,24917,biphasic_negative_positive
219,87,25016,69.4888888888889,NORMAL,N,24924,24952,24981,24999,25030,25082,25156,25175,biphasic_negative_positive
219,88,25311,70.30833333333334,NORMAL,N,,,,25296,25324,25368,25403,25431,inverted
219,89,25515,70.875,NORMAL,N,,,,25500,25525,25564,25604,25635,inverted
219,90,25831,71.75277777777778,NORMAL,N,25703,25716,25734,25815,25846,25903,25925,25957,inverted
219,91,26102,72.50555555555556,NORMAL,N,26025,26051,26072,26087,26115,26175,26195,26229,inverted
219,92,26441,73.44722222222222,NORMAL,N,,,,26424,26451,26504,26537,26567,inverted
219,93,26652,74.03333333333333,NORMAL,N,,,,26636,26666,26723,26746,26775,inverted
219,94,26944,74.84444444444445,NORMAL,N,26865,26875,26900,26929,26957,26991,27035,27064,inverted
219,95,27173,75.48055555555555,NORMAL,N,27092,27108,27132,27149,27186,27235,27259,27288,inverted
219,96,27475,76.31944444444444,NORMAL,N,,,,27460,27486,27540,27571,27612,inverted
219,97,27695,76.93055555555556,PVC,V,27642,27644,27676,27681,27706,27734,27776,27820,inverted
219,98,27987,77.74166666666666,NORMAL,N,27890,27910,27925,27970,27997,28050,28082,28116,inverted
219,99,28305,78.625,NORMAL,N,,,,28290,28319,28367,28398,28426,inverted
219,100,28518,79.21666666666667,PVC,V,28445,28454,28508,28511,28529,28557,28595,28645,inverted
219,101,28783,79.95277777777778,NORMAL,N,,,,28758,28797,28840,28872,28905,inverted
219,102,29086,80.79444444444445,NORMAL,N,,,,29071,29100,29154,29182,29213,inverted
219,103,29354,81.53888888888889,NORMAL,N,29280,29299,29326,29339,29368,29410,29443,29475,inverted
219,104,29596,82.21111111111111,NORMAL,N,29511,29543,29561,29581,29610,29652,29685,29717,inverted
219,105,29844,82.9,NORMAL,N,,,,29828,29857,29908,29933,29967,inverted
219,106,30054,83.48333333333333,NORMAL,N,,,,30036,30064,30116,30146,30174,inverted
219,107,30378,84.38333333333334,NORMAL,N,30301,30315,30328,30363,30392,30408,30529,30543,biphasic_negative_positive
219,108,30675,85.20833333333333,NORMAL,N,30599,30610,30624,30660,30688,30743,30764,30801,inverted
219,109,30967,86.01944444444445,NORMAL,N,30871,30886,30898,30952,30981,31034,31061,31092,inverted
219,110,31186,86.62777777777778,NORMAL,N,,,,31170,31200,31251,31271,31298,inverted
219,111,31454,87.37222222222222,NORMAL,N,31324,31349,31386,31437,31468,31526,31547,31585,inverted
219,112,31725,88.125,NORMAL,N,,,,31700,31736,31793,31819,31851,inverted
219,113,31980,88.83333333333333,NORMAL,N,,,,31964,31990,32051,32074,32107,inverted
219,114,32285,89.68055555555556,NORMAL,N,,,,32269,32295,32351,32375,32407,inverted
219,115,32633,90.64722222222223,NORMAL,N,32533,32541,32553,32617,32643,32696,32731,32764,inverted
219,116,32994,91.65,NORMAL,N,,,,32978,33008,33066,33092,33127,inverted
219,117,33245,92.34722222222223,PVC,V,,,,33213,33257,33299,33333,33370,inverted
219,118,33568,93.24444444444444,NORMAL,N,,,,33551,33578,33633,33665,33694,inverted
219,119,33849,94.025,NORMAL,N,33741,33756,33793,33833,33865,33908,33947,33978,inverted
219,120,34119,94.775,PVC,V,34058,34066,34103,34108,34129,34162,34199,34247,inverted
219,121,34413,95.59166666666667,NORMAL,N,,,,34399,34427,34476,34507,34536,inverted
219,122,34651,96.25277777777778,NORMAL,N,,,,34635,34663,34717,34740,34775,inverted
219,123,34853,96.81388888888888,PVC,V,,,,34846,34864,34895,34928,34974,inverted
219,124,35214,97.81666666666666,NORMAL,N,35130,35141,35156,35189,35224,35273,35313,35345,inverted
219,125,35452,98.47777777777777,NORMAL,N,,,,35437,35465,35516,35545,35576,inverted
219,126,35646,99.01666666666667,PVC,V,,,,35611,35668,35689,35727,35773,inverted
219,127,35907,99.74166666666666,NORMAL,N,,,,35891,35916,35971,35996,36028,inverted
219,128,36249,100.69166666666666,NORMAL,N,,,,36234,36261,36297,36343,36374,inverted
219,129,36458,101.27222222222223,PVC,V,36393,36395,36446,36453,36468,36483,36533,36575,inverted
219,130,36799,102.21944444444445,NORMAL,N,36707,36729,36751,36784,36812,36869,36891,36925,inverted
219,131,37051,102.91944444444445,NORMAL,N,,,,37035,37065,37122,37204,37222,biphasic_negative_positive
219,132,37354,103.7611111111111,NORMAL,N,,,,37339,37364,37400,37447,37477,inverted
219,133,37660,104.61111111111111,NORMAL,N,37555,37575,37612,37644,37673,37705,37755,37782,inverted
219,134,37890,105.25,NORMAL,N,37807,37831,37846,37874,37903,37957,37980,38007,inverted
219,135,38182,106.06111111111112,NORMAL,N,38115,38134,38158,38167,38196,38226,38270,38302,inverted
219,136,38406,106.68333333333334,NORMAL,N,,,,38390,38420,38466,38494,38523,inverted
219,137,38688,107.46666666666667,NORMAL,N,,,,38673,38702,38756,38780,38813,inverted
219,138,38944,108.17777777777778,NORMAL,N,,,,38929,38957,38995,39034,39061,inverted
219,139,39235,108.98611111111111,NORMAL,N,39131,39156,39172,39219,39245,39292,39327,39358,inverted
219,140,39525,109.79166666666667,NORMAL,N,,,,39510,39539,39570,39617,39645,inverted
219,141,39749,110.41388888888889,NORMAL,N,,,,39733,39763,39809,39839,39870,inverted
219,142,40021,111.16944444444445,NORMAL,N,,,,40006,40032,40095,40118,40144,inverted
219,143,40328,112.02222222222223,NORMAL,N,40218,40229,40246,40313,40345,40369,40421,40468,inverted
219,144,40641,112.89166666666667,NORMAL,N,40562,40573,40589,40627,40653,40706,40732,40766,inverted
219,145,40993,113.86944444444444,NORMAL,N,,,,40978,41007,41061,41091,41119,inverted
219,146,41240,114.55555555555556,NORMAL,N,41159,41178,41210,41222,41250,41274,41286,41334,normal
219,147,41498,115.27222222222223,NORMAL,N,,,,41483,41513,41563,41592,41623,inverted
219,148,41929,116.46944444444445,NORMAL,N,41824,41853,41881,41914,41943,41983,42025,42057,inverted
219,149,42224,117.28888888888889,NORMAL,N,,,,42209,42239,42292,42319,42349,inverted
219,150,42449,117.91388888888889,NORMAL,N,,,,42433,42459,42517,42542,42573,inverted
219,151,42893,119.14722222222223,NORMAL,N,,,,42866,42907,,42955,42992,negative_monophasic
219,152,43095,119.70833333333333,NORMAL,N,,,,43080,43110,43123,43182,43206,inverted
219,153,43421,120.6138888888889,NORMAL,N,43315,43328,43338,43405,43431,43473,43519,43564,inverted
219,154,43693,121.36944444444444,NORMAL,N,43610,43623,43655,43668,43708,43750,43790,43817,inverted
219,155,44024,122.28888888888889,NORMAL,N,,,,44009,44038,44095,44123,44152,inverted
219,156,44249,122.91388888888889,NORMAL,N,,,,44234,44262,44274,44397,44427,biphasic_negative_positive
219,157,44536,123.71111111111111,NORMAL,N,,,,44521,44550,44604,44628,44665,inverted
219,158,44854,124.59444444444445,NORMAL,N,44759,44787,44802,44839,44868,44930,44954,44984,inverted
219,159,45197,125.54722222222222,NORMAL,N,45143,45155,45168,45182,45211,45269,45288,45318,inverted
219,160,45458,126.27222222222223,NORMAL,N,45390,45399,45410,45443,45472,45528,45548,45572,inverted
219,161,45679,126.8861111111111,NORMAL,N,45623,45634,45653,45662,45688,45728,45768,45795,inverted
219,162,45901,127.50277777777778,NORMAL,N,45813,45841,45863,45876,45911,45955,45993,46024,inverted
219,163,46132,128.14444444444445,NORMAL,N,,,,46117,46146,46206,46225,46257,inverted
219,164,46445,129.01388888888889,NORMAL,N,,,,46418,46455,46513,46544,46576,inverted
219,165,46786,129.9611111111111,NORMAL,N,46707,46722,46740,46769,46796,46841,46880,46913,inverted
219,166,47114,130.87222222222223,NORMAL,N,,,,47098,47127,47166,47207,47238,inverted
219,167,47439,131.775,NORMAL,N,47377,47390,47408,47424,47454,47480,47537,47565,inverted
219,168,47659,132.38611111111112,NORMAL,N,47566,47580,47622,47643,47668,47714,47798,47821,biphasic_negative_positive
219,169,47961,133.225,NORMAL,N,,,,47946,47971,48008,48050,48083,inverted
219,170,48233,133.98055555555555,NORMAL,N,48142,48182,48204,48218,48247,48295,48327,48355,inverted
219,171,48510,134.75,NORMAL,N,48422,48450,48474,48494,48524,48563,48598,48627,inverted
219,172,48783,135.50833333333333,NORMAL,N,,,,48760,48794,48844,48876,48908,inverted
219,173,49107,136.40833333333333,NORMAL,N,,,,49081,49117,49159,49199,49229,inverted
219,174,49365,137.125,NORMAL,N,49273,49295,49307,49348,49378,49425,49455,49486,inverted
219,175,49581,137.725,NORMAL,N,,,,49565,49595,49643,49672,49703,inverted
219,176,49808,138.35555555555555,NORMAL,N,,,,49781,49822,49866,49899,49927,inverted
219,177,50131,139.25277777777777,NORMAL,N,,,,50116,50140,50191,50226,50264,inverted
219,178,50513,140.3138888888889,NORMAL,N,,,,50497,50526,50569,50609,50645,inverted
219,179,50742,140.95,NORMAL,N,,,,50716,50755,50802,50834,50864,inverted
219,180,51108,141.96666666666667,NORMAL,N,,,,51092,51118,51169,51206,51240,inverted
219,181,51364,142.67777777777778,NORMAL,N,,,,51341,51374,51405,51569,51584,biphasic_negative_positive
219,182,51704,143.62222222222223,NORMAL,N,,,,51676,51718,51774,51802,51832,inverted
219,183,52018,144.49444444444444,NORMAL,N,,,,52003,52032,52078,52113,52142,inverted
219,184,52298,145.2722222222222,NORMAL,N,,,,52282,52307,52368,52397,52435,inverted
219,185,52588,146.07777777777778,NORMAL,N,,,,52564,52601,52654,52681,52714,inverted
219,186,52957,147.1027777777778,NORMAL,N,,,,52940,52970,53026,53137,53160,biphasic_negative_positive
219,187,53277,147.99166666666667,NORMAL,N,53214,53227,53248,53261,53291,53340,53450,53468,biphasic_negative_positive
219,188,53604,148.9,NORMAL,N,,,,53588,53617,53675,53703,53732,inverted
219,189,53844,149.56666666666666,NORMAL,N,,,,53828,53857,53914,53939,53970,inverted
219,190,54099,150.275,NORMAL,N,54012,54031,54046,54076,54113,54169,54192,54218,inverted
219,191,54303,150.84166666666667,NORMAL,N,54219,54264,54276,54288,54313,54372,54390,54420,inverted
219,192,54633,151.75833333333333,NORMAL,N,,,,54617,54646,54707,54729,54766,inverted
219,193,54911,152.53055555555557,NORMAL,N,54815,54834,54856,54884,54925,54963,55004,55030,inverted
219,194,55160,153.22222222222223,NORMAL,N,55062,55079,55102,55133,55175,55207,55313,55337,biphasic_negative_positive
219,195,55427,153.9638888888889,NORMAL,N,55341,55368,55391,55399,55440,55482,55520,55549,inverted
219,196,55720,154.77777777777777,NORMAL,N,55628,55644,55667,55704,55734,55784,55815,55846,inverted
219,197,55931,155.36388888888888,NORMAL,N,,,,55915,55944,55973,56022,56063,inverted
219,198,56300,156.38888888888889,NORMAL,N,56214,56225,56244,56285,56314,56361,56400,56438,inverted
219,199,56580,157.16666666666666,NORMAL,N,,,,56564,56593,56647,56722,56748,biphasic_negative_positive
219,200,56900,158.05555555555554,NORMAL,N,56803,56816,56834,56884,56914,56964,56995,57028,inverted
219,201,57154,158.76111111111112,NORMAL,N,,,,57137,57168,57221,57249,57279,inverted
219,202,57400,159.44444444444446,NORMAL,N,,,,57384,57411,57455,57490,57515,inverted
219,203,57700,160.27777777777777,NORMAL,N,,,,57684,57710,57754,57794,57825,inverted
219,204,57936,160.93333333333334,NORMAL,N,,,,57921,57950,58006,58028,58062,inverted
219,205,58180,161.61111111111111,NORMAL,N,,,,58165,58194,58250,58274,58304,inverted
219,206,58397,162.2138888888889,PVC,V,58332,58338,58380,58386,58406,58424,58470,58514,inverted
219,207,58665,162.95833333333334,NORMAL,N,58557,58579,58598,58641,58675,58727,58758,58786,inverted
219,208,58953,163.75833333333333,NORMAL,N,58872,58891,58930,58937,58967,59012,59042,59074,inverted
219,209,59249,164.58055555555555,NORMAL,N,59159,59182,59206,59234,59264,59317,59340,59374,inverted
219,210,59630,165.63888888888889,NORMAL,N,,,,59614,59643,59698,59731,59761,inverted
219,211,59865,166.29166666666666,NORMAL,N,59796,59825,59843,59849,59875,59931,59958,59984,inverted
219,212,60194,167.20555555555555,NORMAL,N,,,,60179,60208,60247,60289,60326,inverted
219,213,60463,167.95277777777778,NORMAL,N,60375,60391,60430,60439,60477,60527,60557,60588,inverted
219,214,60751,168.75277777777777,NORMAL,N,60645,60656,60678,60736,60761,60816,60846,60876,inverted
219,215,61019,169.49722222222223,NORMAL,N,60935,60946,60957,61003,61033,61088,61114,61144,inverted
219,216,61350,170.41666666666666,NORMAL,N,,,,61335,61360,61417,61446,61477,inverted
219,217,61681,171.3361111111111,NORMAL,N,,,,61665,61695,61752,61776,61809,inverted
219,218,61910,171.97222222222223,NORMAL,N,,,,61880,61919,61963,62000,62033,inverted
219,219,62207,172.79722222222222,NORMAL,N,,,,62192,62221,62254,62303,62340,inverted
219,220,62438,173.4388888888889,NORMAL,N,,,,62423,62453,62506,62585,62601,biphasic_negative_positive
219,221,62730,174.25,NORMAL,N,,,,62715,62744,62795,62820,62848,inverted
219,222,63026,175.07222222222222,NORMAL,N,,,,63010,63039,,63075,63115,negative_monophasic
219,223,63189,175.525,FUSION,F,,,,63165,63209,63240,63314,63330,biphasic_negative_positive
219,224,63581,176.61388888888888,NORMAL,N,63491,63505,63518,63565,63595,63657,63680,63720,inverted
219,225,63905,177.51388888888889,NORMAL,N,,,,63890,63919,63969,63998,64027,inverted
219,226,64130,178.13888888888889,NORMAL,N,64052,64072,64099,64114,64144,64198,64221,64249,inverted
219,227,64384,178.84444444444443,NORMAL,N,64321,64334,64349,64368,64397,64438,64474,64503,inverted
219,228,64697,179.7138888888889,NORMAL,N,64599,64624,64648,64681,64711,64755,64793,64826,inverted
219,229,64991,180.53055555555557,NORMAL,N,,,,64976,65006,65059,65086,65121,inverted
219,230,65380,181.61111111111111,NORMAL,N,65282,65298,65312,65358,65393,65447,65476,65509,inverted
219,231,65656,182.37777777777777,NORMAL,N,65561,65586,65603,65641,65671,65724,65798,65825,biphasic_negative_positive
219,232,65962,183.2277777777778,NORMAL,N,65880,65890,65908,65947,65976,66027,66060,66089,inverted
219,233,66315,184.20833333333334,NORMAL,N,,,,66299,66329,66374,66416,66449,inverted
219,234,66548,184.85555555555555,NORMAL,N,,,,66534,66562,66610,66640,66670,inverted
219,235,66834,185.65,NORMAL,N,,,,66820,66849,66899,66928,66956,inverted
219,236,67103,186.3972222222222,NORMAL,N,,,,67088,67118,67173,67200,67229,inverted
219,237,67421,187.28055555555557,NORMAL,N,67326,67337,67377,67406,67434,67480,67586,67618,biphasic_negative_positive
219,238,67709,188.08055555555555,NORMAL,N,,,,67692,67723,67775,67798,67832,inverted
219,239,67891,188.5861111111111,NORMAL,N,,,,67876,67906,67922,67979,68011,inverted
219,240,68210,189.47222222222223,NORMAL,N,,,,68195,68225,68264,68308,68347,inverted
219,241,68446,190.12777777777777,NORMAL,N,68384,68396,68408,68431,68461,68514,68536,68568,inverted
219,242,68721,190.89166666666668,NORMAL,N,68660,68680,68698,68706,68736,68793,68817,68848,inverted
219,243,68970,191.58333333333334,NORMAL,N,68896,68910,68927,68955,68984,69032,69059,69085,inverted
219,244,69214,192.26111111111112,NORMAL,N,69096,69108,69128,69199,69229,69255,69303,69330,inverted
219,245,69486,193.01666666666668,NORMAL,N,69357,69377,69403,69470,69500,69558,69581,69622,inverted
219,246,69779,193.83055555555555,NORMAL,N,69724,69732,69747,69763,69794,69828,69878,69921,inverted
219,247,70067,194.63055555555556,NORMAL,N,,,,70052,70082,70139,70162,70196,inverted
219,248,70327,195.3527777777778,NORMAL,N,,,,70313,70341,70375,70417,70447,inverted
219,249,70589,196.08055555555555,NORMAL,N,,,,70574,70604,70656,70682,70714,inverted
219,250,70913,196.98055555555555,NORMAL,N,70817,70844,70870,70898,70927,70985,71061,71079,biphasic_negative_positive
219,251,71249,197.9138888888889,NORMAL,N,71158,71178,71208,71234,71263,71321,71434,71455,biphasic_negative_positive
219,252,71561,198.78055555555557,NORMAL,N,,,,71546,71574,71631,71657,71692,inverted
219,253,71818,199.49444444444444,NORMAL,N,71731,71750,71770,71803,71831,71873,71907,71937,inverted
219,254,72112,200.3111111111111,NORMAL,N,,,,72096,72126,72176,72209,72239,inverted
219,255,72458,201.2722222222222,NORMAL,N,,,,72443,72472,72521,72552,72583,inverted
219,256,72737,202.04722222222222,NORMAL,N,,,,72721,72750,72800,72826,72858,inverted
219,257,73110,203.08333333333334,NORMAL,N,73014,73031,73052,73090,73120,,73168,73206,negative_monophasic
219,258,73322,203.67222222222222,NORMAL,N,,,,73304,73333,73385,73412,73449,inverted
219,259,73693,204.70277777777778,NORMAL,N,,,,73635,73779,73793,73811,73842,inverted
219,260,73943,205.3972222222222,NORMAL,N,,,,73882,74008,,,,
219,261,74122,205.89444444444445,NORMAL,N,,,,74104,74133,74188,74216,74246,inverted
219,262,74402,206.67222222222222,NORMAL,N,,,,74386,74415,74455,74495,74523,inverted
219,263,74649,207.35833333333332,NORMAL,N,74567,74583,74599,74631,74659,74717,74745,74782,inverted
219,264,74935,208.15277777777777,NORMAL,N,74848,74864,74891,74916,74945,74998,75088,75105,biphasic_negative_positive
219,265,75274,209.09444444444443,NORMAL,N,75209,75221,75246,75252,75284,75315,75365,75397,inverted
219,266,75544,209.84444444444443,NORMAL,N,75457,75491,75505,75516,75554,75604,75642,75686,inverted
219,267,75808,210.57777777777778,NORMAL,N,,,,75781,75817,75860,75900,75930,inverted
219,268,76107,211.40833333333333,NORMAL,N,,,,76082,76120,76169,76204,76237,inverted
219,269,76404,212.23333333333332,NORMAL,N,76321,76342,76360,76381,76414,76462,76496,76526,inverted
219,270,76751,213.19722222222222,NORMAL,N,76595,76619,76651,76690,76818,,76843,76866,positive_monophasic
219,271,76983,213.84166666666667,NORMAL,N,76875,76884,76920,76924,77047,77066,77106,77131,biphasic_negative_positive
219,272,77209,214.46944444444443,NORMAL,N,,,,77185,77220,77274,77303,77340,inverted
219,273,77487,215.24166666666667,NORMAL,N,,,,77471,77497,77556,77582,77608,inverted
219,274,77700,215.83333333333334,NORMAL,N,77617,77642,77665,77678,77710,77759,77784,77814,inverted
219,275,77958,216.55,NORMAL,N,77877,77898,77916,77931,77971,78020,78053,78083,inverted
219,276,78234,217.31666666666666,NORMAL,N,78163,78191,78210,78219,78247,78295,78324,78355,inverted
219,277,78484,218.01111111111112,NORMAL,N,78386,78415,78435,78458,78497,78547,78575,78607,inverted
219,278,78778,218.82777777777778,NORMAL,N,,,,78763,78793,78845,78869,78910,inverted
219,279,79041,219.55833333333334,PVC,V,,,,78980,79109,79144,79180,79199,normal
219,280,79367,220.4638888888889,NORMAL,N,,,,79352,79380,79437,79464,79498,inverted
219,281,79614,221.15,NORMAL,N,,,,79598,79628,79665,79709,79744,inverted
219,282,79858,221.82777777777778,NORMAL,N,,,,79844,79872,79918,79950,79980,inverted
219,283,80188,222.74444444444444,NORMAL,N,,,,80173,80197,80258,80283,80319,inverted
219,284,80459,223.49722222222223,NORMAL,N,80356,80365,80373,80442,80469,80513,80551,80579,inverted
219,285,80725,224.23611111111111,NORMAL,N,80644,80666,80691,80711,80741,80780,80878,80897,biphasic_negative_positive
219,286,81027,225.075,NORMAL,N,,,,81012,81037,81079,81124,81155,inverted
219,287,81380,226.05555555555554,NORMAL,N,81284,81311,81336,81364,81393,81445,81475,81509,inverted
219,288,81757,227.1027777777778,NORMAL,N,81673,81693,81714,81730,81766,81823,81853,81883,inverted
219,289,82021,227.8361111111111,NORMAL,N,,,,82005,82036,82081,82118,82147,inverted
219,290,82286,228.57222222222222,NORMAL,N,,,,82271,82301,82354,82379,82418,inverted
219,291,82514,229.20555555555555,NORMAL,N,,,,82498,82524,82575,82601,82630,inverted
219,292,82802,230.00555555555556,NORMAL,N,,,,82786,82816,82864,82893,82922,inverted
219,293,83161,231.00277777777777,NORMAL,N,,,,83137,83171,83221,83256,83277,inverted
219,294,83430,231.75,PVC,V,83305,83307,83356,83358,83486,83538,83564,83587,inverted
219,295,83697,232.49166666666667,NORMAL,N,,,,83681,83711,83770,83792,83829,inverted
219,296,83965,233.23611111111111,NORMAL,N,83925,83933,83937,83949,83978,84020,84053,84081,inverted
219,297,84280,234.11111111111111,NORMAL,N,,,,84265,84295,84346,84376,84408,inverted
219,298,84587,234.9638888888889,NORMAL,N,,,,84571,84600,84657,84680,84714,inverted
219,299,84854,235.70555555555555,NORMAL,N,,,,84829,84868,84896,84945,84974,inverted
219,300,85075,236.31944444444446,NORMAL,N,,,,85060,85089,85127,85167,85198,inverted
219,301,85355,237.09722222222223,NORMAL,N,,,,85339,85365,85427,85451,85492,inverted
219,302,85567,237.6861111111111,NORMAL,N,85493,85508,85533,85540,85580,85633,85654,85685,inverted
219,303,85891,238.5861111111111,NORMAL,N,,,,85876,85900,85948,85986,86017,inverted
219,304,86195,239.43055555555554,NORMAL,N,,,,86180,86204,86250,86288,86315,inverted
219,305,86468,240.1888888888889,NORMAL,N,86372,86387,86398,86453,86478,86539,86559,86591,inverted
219,306,86694,240.81666666666666,NORMAL,N,86608,86627,86639,86678,86708,86761,86782,86815,inverted
219,307,87012,241.7,NORMAL,N,86929,86946,86983,86996,87026,87088,87109,87141,inverted
219,308,87397,242.76944444444445,NORMAL,N,87322,87337,87360,87381,87407,87455,87489,87526,inverted
219,309,87668,243.5222222222222,NORMAL,N,,,,87652,87682,87731,87760,87796,inverted
219,310,87919,244.21944444444443,NORMAL,N,,,,87904,87933,87986,88011,88039,inverted
219,311,88221,245.05833333333334,NORMAL,N,88139,88158,88194,88205,88235,88268,88313,88339,inverted
219,312,88505,245.84722222222223,NORMAL,N,,,,88489,88515,88560,88600,88632,inverted
219,313,88709,246.4138888888889,NORMAL,N,,,,88685,88719,88763,88797,88828,inverted
219,314,89041,247.3361111111111,NORMAL,N,88923,88953,88972,89026,89054,89109,89131,89162,inverted
219,315,89311,248.0861111111111,NORMAL,N,89185,89199,89229,89286,89325,89371,89406,89436,inverted
219,316,89568,248.8,NORMAL,N,89474,89504,89516,89552,89578,89630,89658,89691,inverted
219,317,89873,249.6472222222222,NORMAL,N,89763,89800,89819,89859,89888,89945,89964,90004,inverted
219,318,90190,250.52777777777777,NORMAL,N,90110,90142,90168,90174,90204,90252,90283,90313,inverted
219,319,90581,251.61388888888888,NORMAL,N,,,,90566,90590,90659,90681,90727,inverted
219,320,90888,252.46666666666667,NORMAL,N,,,,90872,90901,90962,90989,91024,inverted
219,321,91230,253.41666666666666,NORMAL,N,,,,91215,91245,91290,91330,91360,inverted
219,322,91451,254.03055555555557,NORMAL,N,,,,91435,91464,91518,91541,91567,inverted
219,323,91694,254.70555555555555,NORMAL,N,91635,91646,91658,91669,91763,,,,
219,324,91860,255.16666666666666,NORMAL,N,91743,91779,91794,91832,91870,91918,91954,91988,inverted
219,325,92296,256.3777777777778,NORMAL,N,92221,92243,92266,92280,92306,92355,92390,92425,inverted
219,326,92568,257.1333333333333,NORMAL,N,92488,92502,92521,92553,92582,92618,92658,92683,inverted
219,327,92778,257.71666666666664,NORMAL,N,,,,92755,92788,92844,92871,92904,inverted
219,328,93028,258.4111111111111,NORMAL,N,92979,92991,93004,93012,93038,93072,93122,93150,inverted
219,329,93329,259.2472222222222,NORMAL,N,,,,93314,93339,93385,93421,93452,inverted
219,330,93612,260.03333333333336,NORMAL,N,,,,93597,93625,93672,93704,93736,inverted
219,331,93855,260.7083333333333,NORMAL,N,,,,93840,93869,93927,93999,94018,biphasic_negative_positive
219,332,94099,261.3861111111111,NORMAL,N,94026,94044,94074,94084,94109,94163,94193,94222,inverted
219,333,94306,261.9611111111111,NORMAL,N,,,,94290,94315,94374,94399,94432,inverted
219,334,94617,262.825,NORMAL,N,,,,94602,94630,94683,94710,94740,inverted
219,335,95022,263.95,NORMAL,N,94918,94927,94959,94963,95091,,,,
219,336,95254,264.59444444444443,NORMAL,N,95174,95200,95223,95239,95269,95324,95352,95392,inverted
219,337,95534,265.3722222222222,NORMAL,N,95455,95474,95502,95519,95548,95596,95626,95655,inverted
219,338,95859,266.275,NORMAL,N,,,,95843,95869,95928,95955,95984,inverted
219,339,96199,267.21944444444443,NORMAL,N,96092,96107,96137,96141,96267,,,,
219,340,96445,267.90277777777777,NORMAL,N,,,,96430,96458,96501,96536,96565,inverted
219,341,96848,269.02222222222224,NORMAL,N,,,,96833,96863,96916,96946,96977,inverted
219,342,97068,269.6333333333333,NORMAL,N,,,,97054,97082,97140,97158,97201,inverted
219,343,97354,270.4277777777778,NORMAL,N,,,,97338,97368,97419,97444,97473,inverted
219,344,97637,271.2138888888889,NORMAL,N,,,,97622,97651,97706,97729,97772,inverted
219,345,97916,271.9888888888889,NORMAL,N,97811,97824,97835,97891,97931,97985,98007,98039,inverted
219,346,98232,272.8666666666667,NORMAL,N,,,,98205,98247,,98286,98329,negative_monophasic
219,347,98439,273.44166666666666,NORMAL,N,98336,98375,98394,98423,98449,98493,98528,98559,inverted
219,348,98752,274.31111111111113,NORMAL,N,98654,98668,98695,98736,98765,98813,98846,98876,inverted
219,349,98949,274.85833333333335,NORMAL,N,,,,98935,98963,99014,99075,99093,biphasic_negative_positive
219,350,99246,275.68333333333334,NORMAL,N,,,,99231,99256,99322,99346,99368,inverted
219,351,99536,276.4888888888889,NORMAL,N,,,,99519,99550,99608,99630,99664,inverted
219,352,99811,277.2527777777778,NORMAL,N,,,,99798,99826,99880,99906,99941,inverted
219,353,100031,277.8638888888889,PVC,V,99967,99972,100020,100021,100042,100060,100109,100155,inverted
219,354,100386,278.85,NORMAL,N,,,,100372,100399,100446,100477,100505,inverted
219,355,100593,279.425,NORMAL,N,,,,100574,100608,100624,100745,100764,biphasic_negative_positive
219,356,100862,280.1722222222222,NORMAL,N,,,,100842,100884,100934,100958,100993,inverted
219,357,101091,280.80833333333334,NORMAL,N,,,,101075,101104,101152,101239,101250,biphasic_negative_positive
219,358,101347,281.51944444444445,NORMAL,N,,,,101334,101361,101400,101436,101469,inverted
219,359,101571,282.14166666666665,NORMAL,N,,,,101549,101584,101641,101661,101697,inverted
219,360,101950,283.19444444444446,NORMAL,N,,,,101936,101961,102008,102047,102081,inverted
219,361,102318,284.21666666666664,NORMAL,N,,,,102299,102328,102368,102411,102438,inverted
219,362,102555,284.875,NORMAL,N,,,,102535,102569,102613,102647,102674,inverted
219,363,102835,285.65277777777777,NORMAL,N,,,,102822,102849,102893,102931,102960,inverted
219,364,103091,286.3638888888889,NORMAL,N,,,,103072,103105,103162,103185,103214,inverted
219,365,103412,287.25555555555553,NORMAL,N,,,,103399,103422,103482,103513,103541,inverted
219,366,103687,288.01944444444445,NORMAL,N,,,,103669,103701,103753,103779,103808,inverted
219,367,103907,288.63055555555553,NORMAL,N,,,,103891,103921,103965,103996,104024,inverted
219,368,104214,289.48333333333335,NORMAL,N,,,,104198,104228,104287,104310,104343,inverted
219,369,104430,290.0833333333333,NORMAL,N,,,,104413,104444,104507,104523,104548,inverted
219,370,104702,290.8388888888889,NORMAL,N,,,,104683,104716,104763,104797,104826,inverted
219,371,105013,291.7027777777778,NORMAL,N,,,,104996,105027,105062,105108,105136,inverted
219,372,105254,292.3722222222222,NORMAL,N,,,,105237,105268,105321,105349,105378,inverted
219,373,105523,293.11944444444447,NORMAL,N,,,,105508,105536,105593,105616,105653,inverted
219,374,105741,293.725,NORMAL,N,,,,105725,105754,105793,105830,105858,inverted
219,375,106029,294.525,NORMAL,N,,,,106013,106042,106083,106118,106149,inverted
219,376,106334,295.3722222222222,NORMAL,N,,,,106317,106347,106399,106425,106457,inverted
219,377,106602,296.1166666666667,NORMAL,N,,,,106582,106615,106672,106693,106719,inverted
219,378,106984,297.1777777777778,NORMAL,N,,,,106966,106998,107053,107141,107155,biphasic_negative_positive
219,379,107318,298.10555555555555,NORMAL,N,,,,107299,107332,107372,107408,107443,inverted
219,380,107623,298.9527777777778,NORMAL,N,,,,107607,107637,107664,107716,107742,inverted
219,381,107916,299.76666666666665,NORMAL,N,,,,107900,107930,107979,108005,108037,inverted
219,382,108183,300.5083333333333,NORMAL,N,,,,108164,108197,108245,108272,108306,inverted
219,383,108411,301.14166666666665,NORMAL,N,,,,108391,108422,108477,108506,108540,inverted
219,384,109340,303.72222222222223,NORMAL,N,,,,109317,109354,109409,109444,109485,inverted
219,385,109694,304.7055555555556,NORMAL,N,,,,109677,109708,109764,109792,109821,inverted
219,386,110009,305.5805555555556,NORMAL,N,,,,109991,110022,110074,110104,110135,inverted
219,387,110252,306.25555555555553,APC,A,,,,110231,110265,110320,110348,110375,inverted
219,388,110615,307.2638888888889,NORMAL,N,,,,110599,110629,110684,110712,110745,inverted
219,389,110944,308.1777777777778,NORMAL,N,,,,110927,110958,111010,111039,111069,inverted
219,390,111263,309.06388888888887,NORMAL,N,,,,111246,111275,111324,111357,111388,inverted
219,391,111572,309.9222222222222,NORMAL,N,,,,111554,111585,111640,111671,111702,inverted
219,392,111878,310.77222222222224,NORMAL,N,,,,111858,111892,111945,111973,112003,inverted
219,393,112185,311.625,NORMAL,N,,,,112172,112199,112255,112280,112309,inverted
219,394,112458,312.3833333333333,APC,A,,,,112439,112471,112516,112551,112581,inverted
219,395,112827,313.40833333333336,NORMAL,N,,,,112811,112840,112893,112926,112960,inverted
219,396,113129,314.2472222222222,NORMAL,N,,,,113111,113142,113194,113228,113258,inverted
219,397,113444,315.1222222222222,NORMAL,N,,,,113425,113457,113510,113539,113572,inverted
219,398,113749,315.96944444444443,NORMAL,N,,,,113733,113762,113816,113844,113874,inverted
219,399,114059,316.8305555555556,NORMAL,N,,,,114037,114073,114127,114158,114189,inverted
219,400,114352,317.64444444444445,NORMAL,N,,,,114335,114366,114419,114447,114476,inverted
219,401,114684,318.56666666666666,NORMAL,N,,,,114668,114697,114747,114776,114808,inverted
219,402,114966,319.35,APC,A,,,,114952,114979,115028,115059,115089,inverted
219,403,115301,320.28055555555557,NORMAL,N,,,,115288,115310,115365,115399,115434,inverted
219,404,115593,321.09166666666664,APC,A,,,,115578,115602,115659,115691,115722,inverted
219,405,115925,322.0138888888889,NORMAL,N,,,,115906,115938,115987,116021,116056,inverted
219,406,116211,322.80833333333334,NORMAL,N,,,,116193,116221,116275,116304,116333,inverted
219,407,116543,323.73055555555555,NORMAL,N,,,,116522,116553,116600,116644,116677,inverted
219,408,117120,325.3333333333333,NORMAL,N,,,,117099,117130,117187,117218,117250,inverted
219,409,117415,326.15277777777777,NORMAL,N,,,,117396,117425,117453,117509,117537,inverted
219,410,117703,326.9527777777778,NORMAL,N,,,,117685,117717,117763,117796,117827,inverted
219,411,117998,327.77222222222224,NORMAL,N,,,,117982,118012,118070,118098,118132,inverted
219,412,118257,328.4916666666667,NORMAL,N,,,,118240,118271,118282,118352,118380,inverted
219,413,118533,329.2583333333333,NORMAL,N,,,,118514,118554,118596,118626,118656,inverted
219,414,118765,329.90277777777777,NORMAL,N,,,,118741,118779,118828,118860,118889,inverted
219,415,119063,330.73055555555555,NORMAL,N,,,,119044,119076,119135,119164,119198,inverted
219,416,119362,331.56111111111113,NORMAL,N,,,,119343,119375,119436,119458,119493,inverted
219,417,119656,332.3777777777778,NORMAL,N,,,,119644,119666,119728,119753,119785,inverted
219,418,119934,333.15,NORMAL,N,,,,119921,119945,120002,120030,120060,inverted
219,419,120168,333.8,NORMAL,N,,,,120146,120178,120232,120261,120295,inverted
219,420,120455,334.59722222222223,NORMAL,N,,,,120438,120469,120527,120551,120592,inverted
219,421,120731,335.3638888888889,NORMAL,N,,,,120710,120744,120801,120824,120852,inverted
219,422,120967,336.01944444444445,NORMAL,N,,,,120949,120980,121029,121059,121090,inverted
219,423,121278,336.8833333333333,NORMAL,N,,,,121262,121292,121345,121378,121424,inverted
219,424,121598,337.77222222222224,NORMAL,N,,,,121582,121612,121662,121698,121728,inverted
219,425,121850,338.47222222222223,NORMAL,N,,,,121834,121864,121915,121946,121979,inverted
219,426,122176,339.3777777777778,NORMAL,N,,,,122160,122189,122221,122276,122307,inverted
219,427,122486,340.2388888888889,NORMAL,N,,,,122468,122499,122531,122682,122710,biphasic_negative_positive
219,428,122809,341.1361111111111,NORMAL,N,,,,122792,122832,122877,122905,122933,inverted
219,429,123002,341.6722222222222,PVC,V,,,,122972,123007,123042,123091,123143,inverted
219,430,123279,342.44166666666666,NORMAL,N,,,,123264,123293,123325,123369,123406,inverted
219,431,123624,343.4,NORMAL,N,,,,123603,123645,123688,123718,123753,inverted
219,432,123921,344.225,NORMAL,N,,,,123903,123934,123993,124019,124048,inverted
219,433,124144,344.84444444444443,NORMAL,N,,,,124123,124158,124211,124234,124269,inverted
219,434,124438,345.6611111111111,NORMAL,N,,,,124419,124451,124509,124533,124568,inverted
219,435,124744,346.5111111111111,NORMAL,N,,,,124721,124757,124808,124834,124866,inverted
219,436,124973,347.14722222222224,NORMAL,N,,,,124959,124986,125038,125067,125095,inverted
219,437,125273,347.98055555555555,NORMAL,N,,,,125260,125287,125336,125369,125404,inverted
219,438,125537,348.7138888888889,NORMAL,N,,,,125515,125547,125610,125634,125669,inverted
219,439,125859,349.60833333333335,NORMAL,N,,,,125837,125872,125925,125955,125989,inverted
219,440,126099,350.275,NORMAL,N,,,,126082,126118,126130,126189,126217,inverted
219,441,126341,350.9472222222222,NORMAL,N,,,,126328,126355,126406,126437,126466,inverted
219,442,126582,351.6166666666667,NORMAL,N,,,,126568,126596,126653,126676,126727,inverted
219,443,126808,352.24444444444447,NORMAL,N,,,,126788,126822,126869,126902,126941,inverted
219,444,127045,352.90277777777777,NORMAL,N,,,,127025,127058,127111,127132,127171,inverted
219,445,127351,353.7527777777778,NORMAL,N,,,,127336,127365,127419,127451,127483,inverted
219,446,127633,354.5361111111111,NORMAL,N,,,,127615,127646,127704,127727,127762,inverted
219,447,127845,355.125,PVC,V,,,,127832,127856,127901,127921,127969,inverted
219,448,128110,355.8611111111111,NORMAL,N,,,,128093,128124,128168,128201,128231,inverted
219,449,128379,356.60833333333335,NORMAL,N,,,,128359,128392,128443,128473,128504,inverted
219,450,128645,357.34722222222223,NORMAL,N,,,,128630,128658,128703,128738,128767,inverted
219,451,128884,358.0111111111111,NORMAL,N,,,,128863,128898,128954,128980,129010,inverted
219,452,129160,358.77777777777777,NORMAL,N,,,,129140,129170,129235,129251,129278,inverted
219,453,129498,359.71666666666664,NORMAL,N,,,,129486,129508,129547,129589,129619,inverted
219,454,129780,360.5,NORMAL,N,,,,129767,129793,129841,129874,129908,inverted
219,455,130067,361.2972222222222,NORMAL,N,,,,130051,130080,130122,130156,130185,inverted
219,456,130338,362.05,NORMAL,N,,,,130317,130351,130405,130433,130461,inverted
219,457,130626,362.85,NORMAL,N,,,,130607,130640,130697,130718,130746,inverted
219,458,130956,363.76666666666665,NORMAL,N,,,,130938,130970,131017,131051,131076,inverted
219,459,131229,364.525,NORMAL,N,,,,131216,131243,131303,131325,131354,inverted
219,460,131562,365.45,NORMAL,N,,,,131540,131572,131626,131657,131685,inverted
219,461,131858,366.27222222222224,NORMAL,N,,,,131838,131868,131927,131953,131983,inverted
219,462,132106,366.9611111111111,NORMAL,N,,,,132093,132119,132163,132198,132227,inverted
219,463,132335,367.59722222222223,NORMAL,N,,,,132321,132344,132388,132429,132459,inverted
219,464,132629,368.4138888888889,NORMAL,N,,,,132611,132639,132698,132725,132758,inverted
219,465,132996,369.43333333333334,NORMAL,N,,,,132975,133011,133043,133093,133126,inverted
219,466,133224,370.06666666666666,NORMAL,N,,,,133211,133237,133286,133314,133346,inverted
219,467,133549,370.96944444444443,NORMAL,N,,,,133532,133563,133624,133642,133693,inverted
219,468,133820,371.72222222222223,NORMAL,N,,,,133808,133834,133884,133918,133945,inverted
219,469,134075,372.43055555555554,NORMAL,N,,,,134054,134085,134121,134171,134202,inverted
219,470,134306,373.0722222222222,NORMAL,N,,,,134292,134320,134372,134398,134430,inverted
219,471,134518,373.6611111111111,PVC,V,134446,134449,134504,134506,134531,134536,134589,134634,inverted
219,472,134948,374.85555555555555,NORMAL,N,,,,134930,134962,135017,135043,135078,inverted
219,473,135171,375.475,NORMAL,N,,,,135154,135186,135209,135264,135299,inverted
219,474,135443,376.23055555555555,NORMAL,N,,,,135426,135457,135520,135539,135583,inverted
219,475,135751,377.0861111111111,NORMAL,N,,,,135732,135764,135807,135844,135872,inverted
219,476,135958,377.6611111111111,NORMAL,N,,,,135941,135971,136022,136044,136077,inverted
219,477,136234,378.4277777777778,NORMAL,N,,,,136218,136248,136302,136328,136362,inverted
219,478,136503,379.175,NORMAL,N,,,,136485,136517,136543,136596,136626,inverted
219,479,136735,379.81944444444446,NORMAL,N,,,,136719,136749,136796,136824,136853,inverted
219,480,137001,380.55833333333334,NORMAL,N,,,,136981,137014,137060,137086,137120,inverted
219,481,137304,381.4,NORMAL,N,,,,137285,137318,137359,137395,137426,inverted
219,482,137608,382.24444444444447,NORMAL,N,,,,137589,137618,137644,137702,137732,inverted
219,483,137835,382.875,PVC,V,,,,137822,137846,137869,137910,137955,inverted
219,484,138113,383.64722222222224,NORMAL,N,,,,138094,138123,138154,138202,138234,inverted
219,485,138376,384.3777777777778,NORMAL,N,,,,138357,138385,138442,138466,138496,inverted
219,486,138675,385.2083333333333,NORMAL,N,,,,138661,138685,138740,138820,138832,biphasic_negative_positive
219,487,138938,385.93888888888887,NORMAL,N,,,,138925,138952,139007,139035,139065,inverted
219,488,139188,386.6333333333333,NORMAL,N,,,,139172,139201,139221,139277,139305,inverted
219,489,139467,387.40833333333336,NORMAL,N,,,,139450,139481,139533,139555,139583,inverted
219,490,139749,388.19166666666666,NORMAL,N,,,,139729,139770,139811,139839,139867,inverted
219,491,140051,389.03055555555557,NORMAL,N,,,,140027,140063,140120,140142,140178,inverted
219,492,140341,389.8361111111111,NORMAL,N,,,,140325,140355,140405,140436,140474,inverted
219,493,140674,390.7611111111111,NORMAL,N,,,,140654,140687,140731,140766,140797,inverted
219,494,140877,391.325,NORMAL,N,,,,140863,140891,140945,140967,140995,inverted
219,495,141180,392.1666666666667,NORMAL,N,,,,141157,141194,141244,141276,141308,inverted
219,496,141491,393.03055555555557,NORMAL,N,,,,141470,141505,141568,141586,141611,inverted
219,497,141747,393.7416666666667,NORMAL,N,,,,141731,141761,141821,141842,141883,inverted
219,498,142100,394.72222222222223,NORMAL,N,,,,142083,142113,142157,142194,142223,inverted
219,499,142335,395.375,NORMAL,N,,,,142319,142348,142393,142430,142461,inverted
219,500,142599,396.10833333333335,NORMAL,N,,,,142583,142613,142647,142696,142726,inverted
219,501,142835,396.7638888888889,NORMAL,N,,,,142820,142854,142872,142926,142957,inverted
219,502,143184,397.73333333333335,NORMAL,N,,,,143166,143198,143253,143280,143307,inverted
219,503,143438,398.43888888888887,NORMAL,N,,,,143423,143452,143496,143526,143557,inverted
219,504,143655,399.0416666666667,NORMAL,N,,,,143630,143664,143722,143748,143779,inverted
219,505,143946,399.85,NORMAL,N,,,,143933,143957,144023,144045,144089,inverted
219,506,144222,400.6166666666667,NORMAL,N,,,,144204,144232,144295,144316,144344,inverted
219,507,144425,401.18055555555554,PVC,V,,,,144414,144435,144469,144496,144539,inverted
219,508,144723,402.0083333333333,NORMAL,N,,,,144707,144736,144784,144818,144864,inverted
219,509,144947,402.63055555555553,NORMAL,N,,,,144929,144961,145003,145031,145060,inverted
219,510,145204,403.34444444444443,NORMAL,N,,,,145187,145217,145270,145295,145328,inverted
219,511,145443,404.0083333333333,NORMAL,N,,,,145426,145456,145479,145535,145575,inverted
219,512,145683,404.675,NORMAL,N,,,,145666,145696,145739,145776,145804,inverted
219,513,145928,405.35555555555555,NORMAL,N,,,,145911,145941,145967,146014,146041,inverted
219,514,146285,406.34722222222223,NORMAL,N,,,,146268,146298,146356,146385,146418,inverted
219,515,146596,407.2111111111111,NORMAL,N,,,,146580,146609,146665,146693,146725,inverted
219,516,146840,407.8888888888889,NORMAL,N,,,,146823,146854,146900,146926,146957,inverted
219,517,147075,408.5416666666667,NORMAL,N,,,,147056,147088,147139,147163,147197,inverted
219,518,147318,409.21666666666664,NORMAL,N,,,,147300,147332,147384,147404,147434,inverted
219,519,147588,409.96666666666664,NORMAL,N,,,,147569,147602,147656,147681,147716,inverted
219,520,147797,410.5472222222222,PVC,V,,,,147759,147865,,147880,147920,positive_monophasic
219,521,148069,411.3027777777778,NORMAL,N,,,,148049,148083,148141,148163,148199,inverted
219,522,148347,412.075,NORMAL,N,,,,148329,148360,148412,148438,148466,inverted
219,523,148808,413.35555555555555,NORMAL,N,,,,148792,148822,148876,148907,148939,inverted
219,524,149074,414.09444444444443,NORMAL,N,,,,149055,149088,149125,149167,149192,inverted
219,525,149404,415.0111111111111,NORMAL,N,,,,149383,149417,149467,149496,149527,inverted
219,526,149619,415.60833333333335,NORMAL,N,,,,149605,149632,149676,149711,149737,inverted
219,527,149872,416.31111111111113,NORMAL,N,,,,149860,149885,149920,149963,150001,inverted
219,528,150185,417.18055555555554,NORMAL,N,,,,150171,150196,150247,150281,150321,inverted
219,529,150473,417.98055555555555,NORMAL,N,,,,150459,150486,150543,150566,150598,inverted
219,530,150725,418.68055555555554,NORMAL,N,,,,150712,150738,150783,150813,150842,inverted
219,531,150971,419.3638888888889,NORMAL,N,,,,150952,150984,151035,151103,151113,biphasic_negative_positive
219,532,151307,420.2972222222222,NORMAL,N,,,,151293,151320,151375,151405,151435,inverted
219,533,151577,421.0472222222222,NORMAL,N,,,,151555,151591,151624,151707,151730,biphasic_negative_positive
219,534,151806,421.68333333333334,NORMAL,N,,,,151793,151819,151866,151893,151920,inverted
219,535,152060,422.3888888888889,NORMAL,N,,,,152043,152073,152110,152189,152209,biphasic_negative_positive
219,536,152286,423.01666666666665,NORMAL,N,,,,152272,152299,152343,152373,152401,inverted
219,537,152555,423.7638888888889,NORMAL,N,,,,152538,152568,152597,152683,152699,biphasic_negative_positive
219,538,152779,424.3861111111111,NORMAL,N,,,,152766,152793,152845,152872,152900,inverted
219,539,153052,425.14444444444445,NORMAL,N,,,,153032,153062,153090,153177,153193,biphasic_negative_positive
219,540,153267,425.7416666666667,NORMAL,N,,,,153246,153280,153324,153352,153378,inverted
219,541,153576,426.6,NORMAL,N,,,,153556,153589,153629,153673,153706,inverted
219,542,153863,427.39722222222224,NORMAL,N,,,,153850,153873,153905,153987,154006,biphasic_negative_positive
219,543,154092,428.03333333333336,NORMAL,N,,,,154073,154106,154155,154213,154253,biphasic_negative_positive
219,544,154399,428.8861111111111,NORMAL,N,,,,154386,154413,154449,154492,154523,inverted
219,545,154669,429.6361111111111,NORMAL,N,,,,154651,154682,154719,154792,154818,biphasic_negative_positive
219,546,154897,430.26944444444445,NORMAL,N,,,,154879,154911,154968,154991,155020,inverted
219,547,155101,430.8361111111111,PVC,V,,,,155091,155112,155135,155174,155222,inverted
219,548,155396,431.65555555555557,NORMAL,N,,,,155377,155409,155459,155488,155517,inverted
219,549,155657,432.38055555555553,NORMAL,N,,,,155638,155670,155706,155743,155772,inverted
219,550,155887,433.01944444444445,NORMAL,N,,,,155867,155900,155949,155977,156008,inverted
219,551,156161,433.78055555555557,NORMAL,N,,,,156140,156175,156221,156256,156286,inverted
219,552,156436,434.5444444444444,NORMAL,N,,,,156414,156445,156495,156527,156564,inverted
219,553,156714,435.31666666666666,NORMAL,N,,,,156693,156727,156782,156808,156841,inverted
219,554,157003,436.11944444444447,NORMAL,N,,,,156990,157013,157071,157098,157147,inverted
219,555,157289,436.9138888888889,NORMAL,N,,,,157269,157299,157358,157385,157416,inverted
219,556,157602,437.78333333333336,NORMAL,N,,,,157582,157611,157669,157700,157740,inverted
219,557,157902,438.6166666666667,NORMAL,N,,,,157886,157915,157971,157994,158031,inverted
219,558,158191,439.4194444444444,NORMAL,N,,,,158176,158204,158258,158284,158313,inverted
219,559,158487,440.2416666666667,NORMAL,N,,,,158469,158501,158552,158585,158624,inverted
219,560,158794,441.09444444444443,NORMAL,N,,,,158778,158807,158862,158888,158918,inverted
219,561,159033,441.7583333333333,NORMAL,N,,,,159012,159046,159086,159121,159151,inverted
219,562,159343,442.61944444444447,NORMAL,N,,,,159322,159352,159401,159434,159463,inverted
219,563,159641,443.4472222222222,NORMAL,N,,,,159621,159654,159715,159732,159762,inverted
219,564,159947,444.2972222222222,NORMAL,N,,,,159933,159956,160014,160109,160130,biphasic_negative_positive
219,565,160229,445.0805555555556,NORMAL,N,,,,160210,160243,160292,160398,160430,biphasic_negative_positive
219,566,160522,445.89444444444445,NORMAL,N,,,,160502,160536,160584,160614,160652,inverted
219,567,160771,446.5861111111111,NORMAL,N,,,,160751,160785,160819,160861,160892,inverted
219,568,161012,447.25555555555553,NORMAL,N,,,,160992,161025,161087,161106,161139,inverted
219,569,161288,448.02222222222224,NORMAL,N,,,,161267,161301,161336,161376,161405,inverted
219,570,161601,448.89166666666665,NORMAL,N,,,,161584,161614,161668,161691,161721,inverted
219,571,161851,449.5861111111111,NORMAL,N,,,,161834,161864,161908,161940,161972,inverted
219,572,162154,450.4277777777778,NORMAL,N,,,,162138,162168,162199,162243,162272,inverted
219,573,162447,451.2416666666667,NORMAL,N,,,,162428,162457,162498,162542,162571,inverted
219,574,162738,452.05,NORMAL,N,,,,162719,162748,162785,162827,162856,inverted
219,575,163058,452.93888888888887,NORMAL,N,,,,163046,163068,163125,163150,163193,inverted
219,576,163324,453.6777777777778,NORMAL,N,,,,163306,163338,163358,163419,163446,inverted
219,577,163632,454.53333333333336,NORMAL,N,,,,163614,163645,163703,163803,163825,biphasic_negative_positive
219,578,164094,455.81666666666666,NORMAL,N,,,,164077,164107,164162,164189,164222,inverted
219,579,164338,456.49444444444447,NORMAL,N,,,,164321,164351,164384,164429,164458,inverted
219,580,164739,457.60833333333335,NORMAL,N,,,,164724,164752,164806,164839,164880,inverted
219,581,165065,458.5138888888889,NORMAL,N,,,,165048,165078,165123,165269,165284,biphasic_negative_positive
219,582,165518,459.77222222222224,NORMAL,N,,,,165502,165532,165564,165613,165642,inverted
219,583,165806,460.5722222222222,NORMAL,N,,,,165790,165820,165852,165999,166015,biphasic_negative_positive
219,584,166130,461.47222222222223,NORMAL,N,,,,166117,166141,166204,166228,166260,inverted
219,585,166375,462.15277777777777,NORMAL,N,,,,166353,166389,166443,166469,166500,inverted
219,586,166652,462.9222222222222,NORMAL,N,,,,166639,166662,166724,166746,166780,inverted
219,587,166966,463.7944444444444,NORMAL,N,,,,166946,166976,167020,167062,167093,inverted
219,588,167247,464.575,NORMAL,N,,,,167221,167261,167311,167387,167400,biphasic_negative_positive
219,589,167560,465.44444444444446,NORMAL,N,,,,167544,167575,167612,167657,167686,inverted
219,590,167848,466.24444444444447,NORMAL,N,,,,167830,167861,167904,167941,167973,inverted
219,591,168152,467.0888888888889,NORMAL,N,,,,168135,168166,168191,168335,168355,biphasic_negative_positive
219,592,168449,467.9138888888889,NORMAL,N,,,,168431,168463,168489,168638,168659,biphasic_negative_positive
219,593,168857,469.0472222222222,NORMAL,N,,,,168841,168870,,168918,168956,negative_monophasic
219,594,169075,469.65277777777777,NORMAL,N,,,,169059,169088,169133,169162,169199,inverted
219,595,169320,470.3333333333333,NORMAL,N,,,,169302,169333,169367,169410,169442,inverted
219,596,169587,471.075,NORMAL,N,,,,169571,169600,169656,169677,169711,inverted
219,597,169876,471.8777777777778,NORMAL,N,,,,169861,169889,169938,169968,170008,inverted
219,598,170165,472.68055555555554,NORMAL,N,,,,170149,170180,170233,170261,170292,inverted
219,599,170449,473.46944444444443,NORMAL,N,,,,170429,170462,170520,170539,170568,inverted
219,600,170739,474.275,NORMAL,N,,,,170722,170752,170810,170834,170865,inverted
219,601,171038,475.10555555555555,NORMAL,N,,,,171019,171052,171110,171137,171170,inverted
219,602,171325,475.90277777777777,NORMAL,N,,,,171306,171338,171394,171418,171449,inverted
219,603,171583,476.61944444444447,NORMAL,N,,,,171570,171592,171642,171672,171707,inverted
219,604,171909,477.525,NORMAL,N,,,,171890,171920,171982,172007,172037,inverted
219,605,172213,478.36944444444447,NORMAL,N,,,,172193,172223,172292,172312,172350,inverted
219,606,172467,479.075,NORMAL,N,,,,172447,172477,172520,172559,172592,inverted
219,607,172857,480.15833333333336,NORMAL,N,,,,172839,172868,172934,172957,172988,inverted
219,608,173168,481.02222222222224,NORMAL,N,,,,173154,173182,173233,173265,173300,inverted
219,609,173413,481.7027777777778,NORMAL,N,,,,173397,173427,173474,173508,173537,inverted
219,610,173639,482.3305555555556,NORMAL,N,,,,173622,173653,173698,173728,173759,inverted
219,611,173994,483.31666666666666,NORMAL,N,,,,173978,174008,174061,174087,174119,inverted
219,612,174257,484.0472222222222,NORMAL,N,,,,174240,174270,174330,174347,174379,inverted
219,613,174580,484.94444444444446,NORMAL,N,,,,174558,174593,174643,174675,174710,inverted
219,614,174811,485.5861111111111,NORMAL,N,,,,174798,174821,174866,174939,174955,biphasic_negative_positive
219,615,175059,486.275,NORMAL,N,,,,175039,175069,175094,175154,175182,inverted
219,616,175382,487.1722222222222,NORMAL,N,,,,175363,175396,175451,175479,175511,inverted
219,617,175670,487.97222222222223,NORMAL,N,,,,175653,175683,175739,175764,175796,inverted
219,618,175968,488.8,NORMAL,N,,,,175950,175982,176042,176068,176099,inverted
219,619,176262,489.6166666666667,NORMAL,N,,,,176246,176275,176331,176358,176392,inverted
219,620,176521,490.3361111111111,NORMAL,N,,,,176503,176534,176552,176613,176642,inverted
219,621,176798,491.10555555555555,NORMAL,N,,,,176781,176811,176841,176890,176920,inverted
219,622,177125,492.0138888888889,NORMAL,N,,,,177110,177138,,177191,177222,negative_monophasic
219,623,177334,492.59444444444443,PVC,V,,,,177321,177343,177372,177411,177460,inverted
219,624,177681,493.55833333333334,NORMAL,N,,,,177665,177694,177724,177771,177802,inverted
219,625,177980,494.3888888888889,NORMAL,N,,,,177965,177993,178023,178072,178099,inverted
219,626,178199,494.9972222222222,PVC,V,,,,178187,178245,178253,178273,178318,inverted
219,627,178476,495.76666666666665,NORMAL,N,,,,178462,178490,178540,178574,178604,inverted
219,628,178801,496.6694444444444,NORMAL,N,,,,178781,178810,178877,178897,178927,inverted
219,629,179105,497.5138888888889,NORMAL,N,,,,179084,179115,179172,179200,179242,inverted
219,630,179402,498.3388888888889,NORMAL,N,,,,179387,179411,179466,179496,179533,inverted
219,631,179663,499.06388888888887,NORMAL,N,,,,179644,179673,179698,179757,179783,inverted
219,632,179981,499.9472222222222,NORMAL,N,,,,179960,179991,180051,180078,180120,inverted
219,633,180239,500.6638888888889,NORMAL,N,,,,180225,180248,180287,180330,180361,inverted
219,634,180536,501.4888888888889,NORMAL,N,,,,180515,180549,180571,180629,180656,inverted
219,635,180837,502.325,NORMAL,N,,,,180814,180847,180894,181018,181046,biphasic_negative_positive
219,636,181165,503.2361111111111,NORMAL,N,,,,181151,181176,181236,181262,181296,inverted
219,637,181436,503.9888888888889,NORMAL,N,,,,181423,181446,181504,181530,181577,inverted
219,638,181735,504.81944444444446,NORMAL,N,,,,181715,181757,181803,181834,181874,inverted
219,639,182017,505.60277777777776,NORMAL,N,,,,182001,182032,182091,182116,182146,inverted
219,640,182317,506.43611111111113,NORMAL,N,,,,182301,182331,182389,182417,182445,inverted
219,641,182548,507.0777777777778,NORMAL,N,,,,182530,182561,182611,182639,182682,inverted
219,642,182831,507.8638888888889,NORMAL,N,,,,182816,182845,182900,182924,182955,inverted
219,643,183203,508.89722222222224,NORMAL,N,,,,183187,183217,183271,183304,183344,inverted
219,644,183798,510.55,NORMAL,N,,,,183780,183811,183861,183891,183930,inverted
219,645,184093,511.36944444444447,NORMAL,N,,,,184077,184106,184160,184190,184218,inverted
219,646,184389,512.1916666666667,NORMAL,N,,,,184369,184401,184453,184483,184519,inverted
219,647,184676,512.9888888888889,NORMAL,N,,,,184657,184689,184743,184773,184807,inverted
219,648,184943,513.7305555555556,NORMAL,N,,,,184930,184957,184999,185035,185065,inverted
219,649,185218,514.4944444444444,NORMAL,N,,,,185199,185232,185283,185311,185342,inverted
219,650,185495,515.2638888888889,NORMAL,N,,,,185481,185509,185560,185592,185627,inverted
219,651,185799,516.1083333333333,NORMAL,N,,,,185779,185813,185872,185898,185930,inverted
219,652,186166,517.1277777777777,NORMAL,N,,,,186153,186180,186242,186265,186299,inverted
219,653,186509,518.0805555555555,NORMAL,N,,,,186492,186522,186578,186603,186636,inverted
219,654,186742,518.7277777777778,NORMAL,N,,,,186728,186756,186808,186835,186866,inverted
219,655,186958,519.3277777777778,NORMAL,N,,,,186944,186972,187025,187054,187097,inverted
219,656,187250,520.1388888888889,NORMAL,N,,,,187237,187260,187324,187348,187397,inverted
219,657,187534,520.9277777777778,NORMAL,N,,,,187513,187543,187609,187629,187661,inverted
219,658,187796,521.6555555555556,NORMAL,N,,,,187778,187810,187853,187885,187916,inverted
219,659,188058,522.3833333333333,NORMAL,N,,,,188045,188067,188129,188156,188198,inverted
219,660,188305,523.0694444444445,NORMAL,N,,,,188280,188315,188370,188398,188427,inverted
219,661,188558,523.7722222222222,NORMAL,N,,,,188545,188568,188637,188653,188682,inverted
219,662,188760,524.3333333333334,PVC,V,,,,188749,188770,188796,188832,188879,inverted
219,663,189017,525.0472222222222,NORMAL,N,,,,189001,189030,189077,189109,189146,inverted
219,664,189229,525.6361111111111,NORMAL,N,,,,189215,189242,189291,189316,189346,inverted
219,665,189471,526.3083333333333,NORMAL,N,,,,189455,189484,189534,189562,189594,inverted
219,666,189758,527.1055555555556,NORMAL,N,,,,189741,189772,189830,189854,189886,inverted
219,667,190024,527.8444444444444,NORMAL,N,,,,190007,190037,190098,190116,190145,inverted
219,668,190363,528.7861111111112,NORMAL,N,,,,190345,190377,190415,190460,190490,inverted
219,669,190821,530.0583333333333,NORMAL,N,,,,190801,190835,190868,190914,190944,inverted
219,670,191127,530.9083333333333,NORMAL,N,,,,191108,191140,191164,191218,191243,inverted
219,671,191562,532.1166666666667,NORMAL,N,,,,191545,191576,191637,191662,191692,inverted
219,672,191947,533.1861111111111,NORMAL,N,,,,191930,191960,192019,192046,192089,inverted
219,673,192238,533.9944444444444,NORMAL,N,,,,192220,192252,192314,192334,192361,inverted
219,674,192544,534.8444444444444,NORMAL,N,,,,192527,192557,,192603,192637,negative_monophasic
219,675,192741,535.3916666666667,NORMAL,N,,,,192724,192754,192818,192832,192859,inverted
219,676,193035,536.2083333333334,NORMAL,N,,,,193018,193048,193114,193135,193168,inverted
219,677,193324,537.0111111111111,NORMAL,N,,,,193305,193337,193360,193418,193444,inverted
219,678,193588,537.7444444444444,NORMAL,N,,,,193563,193601,193650,193678,193710,inverted
219,679,193798,538.3277777777778,PVC,V,193719,193736,193783,193787,193847,193860,193878,193919,inverted
219,680,194149,539.3027777777778,NORMAL,N,,,,194130,194163,,194204,194241,negative_monophasic
219,681,194348,539.8555555555556,NORMAL,N,,,,194334,194361,194428,194442,194469,inverted
219,682,194615,540.5972222222222,NORMAL,N,,,,194601,194628,194677,194713,194748,inverted
219,683,194905,541.4027777777778,NORMAL,N,,,,194885,194918,194972,195000,195031,inverted
219,684,195192,542.2,NORMAL,N,,,,195173,195205,195260,195284,195317,inverted
219,685,195398,542.7722222222222,PVC,V,,,,195387,195408,195441,195477,195537,inverted
219,686,195762,543.7833333333333,NORMAL,N,,,,195749,195772,195838,195857,195891,inverted
219,687,196064,544.6222222222223,NORMAL,N,,,,196051,196078,196129,196157,196186,inverted
219,688,196268,545.1888888888889,PVC,V,,,,196255,196279,196305,196343,196387,inverted
219,689,196610,546.1388888888889,NORMAL,N,,,,196589,196620,196657,196700,196730,inverted
219,690,196916,546.9888888888889,NORMAL,N,,,,196903,196926,196983,197010,197040,inverted
219,691,197228,547.8555555555556,NORMAL,N,,,,197215,197238,197297,197324,197368,inverted
219,692,197537,548.7138888888888,NORMAL,N,,,,197519,197546,197603,197630,197661,inverted
219,693,197826,549.5166666666667,NORMAL,N,,,,197807,197836,197896,197923,197954,inverted
219,694,198125,550.3472222222222,NORMAL,N,,,,198108,198151,198198,198223,198253,inverted
219,695,198344,550.9555555555555,NORMAL,N,,,,198329,198358,198416,198438,198472,inverted
219,696,198626,551.7388888888889,NORMAL,N,,,,198614,198640,198690,198718,198760,inverted
219,697,198909,552.525,NORMAL,N,,,,198895,198925,198982,199009,199041,inverted
219,698,199166,553.2388888888889,NORMAL,N,,,,199151,199174,199226,199300,199320,biphasic_negative_positive
219,699,199400,553.8888888888889,NORMAL,N,,,,199385,199410,199450,199489,199521,inverted
219,700,199744,554.8444444444444,NORMAL,N,,,,199729,199752,199805,199835,199875,inverted
219,701,200089,555.8027777777778,NORMAL,N,,,,200075,200097,200163,200182,200214,inverted
219,702,200351,556.5305555555556,NORMAL,N,200228,200258,200277,200336,200359,200406,200445,200477,inverted
219,703,200636,557.3222222222222,NORMAL,N,200562,200591,200611,200621,200645,200705,200732,200763,inverted
219,704,200925,558.125,NORMAL,N,,,,200911,200935,200994,201020,201055,inverted
219,705,201139,558.7194444444444,NORMAL,N,,,,201125,201148,201198,201228,201269,inverted
219,706,201380,559.3888888888889,NORMAL,N,,,,201365,201388,201435,201473,201503,inverted
219,707,201706,560.2944444444445,NORMAL,N,,,,201692,201715,201779,201804,201856,inverted
219,708,202052,561.2555555555556,NORMAL,N,,,,202037,202061,202100,202247,202272,biphasic_negative_positive
219,709,202374,562.15,NORMAL,N,,,,202360,202389,202446,202552,202577,biphasic_negative_positive
219,710,202672,562.9777777777778,NORMAL,N,202591,202606,202628,202660,202686,202719,202764,202793,inverted
219,711,203000,563.8888888888889,NORMAL,N,202909,202918,202929,202985,203009,203079,203101,203132,inverted
219,712,203300,564.7222222222222,NORMAL,N,203206,203232,203252,203288,203315,203368,203395,203426,inverted
219,713,203585,565.5138888888889,NORMAL,N,203474,203483,203509,203574,203600,203627,203676,203703,inverted
219,714,203904,566.4,NORMAL,N,,,,203890,203914,203970,204002,204038,inverted
219,715,204190,567.1944444444445,NORMAL,N,,,,204179,204204,204258,204287,204330,inverted
219,716,204479,567.9972222222223,NORMAL,N,,,,204468,204488,204555,204576,204609,inverted
219,717,204793,568.8694444444444,NORMAL,N,,,,204782,204802,204864,204887,204920,inverted
219,718,205078,569.6611111111112,NORMAL,N,204969,205005,205017,205064,205087,205142,205170,205203,inverted
219,719,205357,570.4361111111111,NORMAL,N,205270,205273,205281,205346,205373,205429,205455,205485,inverted
219,720,205583,571.0638888888889,NORMAL,N,,,,205572,205600,205656,205680,205720,inverted
219,721,205812,571.7,NORMAL,N,205736,205744,205765,205801,205827,205875,205905,205936,inverted
219,722,206099,572.4972222222223,NORMAL,N,,,,206089,206108,206167,206192,206236,inverted
219,723,206429,573.4138888888889,NORMAL,N,,,,206414,206444,206502,206527,206559,inverted
219,724,206656,574.0444444444445,NORMAL,N,,,,206644,206671,206721,206751,206782,inverted
219,725,206934,574.8166666666667,NORMAL,N,,,,206921,206942,207005,207029,207061,inverted
219,726,207190,575.5277777777778,NORMAL,N,,,,207178,207199,207241,207278,207305,inverted
219,727,207422,576.1722222222222,NORMAL,N,,,,207410,207432,207497,207515,207548,inverted
219,728,207715,576.9861111111111,NORMAL,N,,,,207700,207724,207780,207812,207848,inverted
219,729,208016,577.8222222222222,NORMAL,N,207955,207972,207990,208004,208025,208085,208115,208145,inverted
219,730,208299,578.6083333333333,NORMAL,N,,,,208288,208308,208366,208394,208423,inverted
219,731,208560,579.3333333333334,NORMAL,N,,,,208549,208575,208625,208652,208693,inverted
219,732,208771,579.9194444444445,NORMAL,N,,,,208758,208785,208834,208858,208903,inverted
219,733,209022,580.6166666666667,NORMAL,N,,,,209008,209031,209071,209109,209137,inverted
219,734,209282,581.3388888888888,NORMAL,N,209205,209233,209252,209267,209292,209345,209375,209404,inverted
219,735,209563,582.1194444444444,NORMAL,N,,,,209548,209573,209629,209659,209690,inverted
219,736,209839,582.8861111111111,NORMAL,N,,,,209825,209853,209905,209932,209960,inverted
219,737,210119,583.6638888888889,NORMAL,N,210046,210068,210093,210108,210127,210181,210210,210239,inverted
219,738,210400,584.4444444444445,NORMAL,N,,,,210386,210408,210465,210496,210525,inverted
219,739,210622,585.0611111111111,NORMAL,N,,,,210607,210630,210683,210711,210737,inverted
219,740,210968,586.0222222222222,NORMAL,N,,,,210953,210976,211032,211060,211089,inverted
219,741,211248,586.8,NORMAL,N,,,,211234,211256,211308,211338,211364,inverted
219,742,211529,587.5805555555555,NORMAL,N,,,,211514,211537,211590,211618,211646,inverted
219,743,211795,588.3194444444445,NORMAL,N,,,,211780,211808,211859,211887,211928,inverted
219,744,212101,589.1694444444445,NORMAL,N,212029,212056,212076,212089,212110,212166,212194,212222,inverted
219,745,212379,589.9416666666667,NORMAL,N,212308,212335,212355,212368,212388,212444,212471,212499,inverted
219,746,212612,590.5888888888888,NORMAL,N,,,,212597,212621,212656,212699,212733,inverted
219,747,212947,591.5194444444444,NORMAL,N,,,,212932,212956,213013,213046,213081,inverted
219,748,213244,592.3444444444444,NORMAL,N,,,,213230,213253,213296,213336,213367,inverted
219,749,213531,593.1416666666667,NORMAL,N,,,,213517,213540,213573,213627,213655,inverted
219,750,213783,593.8416666666667,NORMAL,N,,,,213770,213792,213850,213877,213907,inverted
219,751,214043,594.5638888888889,NORMAL,N,,,,214028,214051,214103,214134,214170,inverted
219,752,214347,595.4083333333333,NORMAL,N,214265,214288,214311,214335,214356,214406,214441,214472,inverted
219,753,214685,596.3472222222222,NORMAL,N,,,,214674,214694,214752,214781,214813,inverted
219,754,214957,597.1027777777778,NORMAL,N,,,,214943,214965,215018,215047,215087,inverted
219,755,215248,597.9111111111112,NORMAL,N,,,,215234,215259,215317,215346,215377,inverted
219,756,215542,598.7277777777778,NORMAL,N,,,,215528,215552,215607,215634,215662,inverted
219,757,215803,599.4527777777778,NORMAL,N,,,,215789,215813,215870,215897,215936,inverted
219,758,216016,600.0444444444445,NORMAL,N,,,,216001,216025,216080,216109,216147,inverted
219,759,216253,600.7027777777778,NORMAL,N,216169,216191,216216,216239,216263,216311,216348,216382,inverted
219,760,216522,601.45,NORMAL,N,,,,216510,216533,216590,216618,216646,inverted
219,761,216805,602.2361111111111,NORMAL,N,,,,216791,216815,216873,216902,216932,inverted
219,762,217042,602.8944444444444,NORMAL,N,,,,217028,217052,217092,217130,217159,inverted
219,763,217264,603.5111111111111,NORMAL,N,217201,217211,217219,217252,217281,217303,217354,217381,inverted
219,764,217523,604.2305555555556,NORMAL,N,217441,217468,217486,217511,217531,217575,217612,217644,inverted
219,765,217798,604.9944444444444,NORMAL,N,,,,217783,217807,217863,217895,217932,inverted
219,766,218040,605.6666666666666,NORMAL,N,,,,218027,218054,218081,218124,218152,inverted
219,767,218454,606.8166666666667,NORMAL,N,,,,218442,218462,218495,218547,218580,inverted
219,768,218768,607.6888888888889,NORMAL,N,,,,218753,218777,218835,218865,218901,inverted
219,769,219126,608.6833333333333,NORMAL,N,,,,219112,219137,219198,219222,219257,inverted
219,770,219489,609.6916666666667,NORMAL,N,,,,219475,219503,219560,219582,219616,inverted
219,771,219695,610.2638888888889,PVC,V,,,,219691,219705,219751,219773,219826,inverted
219,772,220048,611.2444444444444,NORMAL,N,,,,220036,220057,220121,220147,220179,inverted
219,773,220250,611.8055555555555,NORMAL,N,,,,220237,220259,220320,220404,220423,biphasic_negative_positive
219,774,220519,612.5527777777778,NORMAL,N,,,,220507,220528,220586,220613,220647,inverted
219,775,220815,613.375,NORMAL,N,,,,220800,220823,220869,220901,220936,inverted
219,776,221060,614.0555555555555,NORMAL,N,,,,221049,221068,221116,221153,221181,inverted
219,777,221276,614.6555555555556,PVC,V,,,,221268,221286,221305,221350,221393,inverted
219,778,221531,615.3638888888889,NORMAL,N,,,,221517,221541,221591,221654,221669,biphasic_negative_positive
219,779,221806,616.1277777777777,NORMAL,N,221712,221731,221743,221794,221815,221874,221900,221929,inverted
219,780,222062,616.8388888888888,NORMAL,N,222000,222016,222031,222050,222071,222106,222155,222193,inverted
219,781,222342,617.6166666666667,NORMAL,N,222265,222277,222293,222331,222356,222408,222489,222507,biphasic_negative_positive
219,782,222589,618.3027777777778,NORMAL,N,222512,222551,222566,222574,222603,222655,222723,222738,biphasic_negative_positive
219,783,222850,619.0277777777778,NORMAL,N,222745,222775,222797,222838,222865,222921,222939,222977,inverted
219,784,223076,619.6555555555556,NORMAL,N,,,,223061,223085,223116,223222,223245,biphasic_negative_positive
219,785,223364,620.4555555555555,NORMAL,N,,,,223352,223373,223432,223458,223485,inverted
219,786,223565,621.0138888888889,PVC,V,,,,223558,223574,223584,223638,223685,inverted
219,787,223856,621.8222222222222,NORMAL,N,223745,223748,223761,223845,223865,223926,223951,223984,inverted
219,788,224172,622.7,NORMAL,N,224100,224130,224145,224160,224180,224210,224317,224334,biphasic_negative_positive
219,789,224411,623.3638888888889,PVC,V,,,,224351,224421,224461,224489,224530,inverted
219,790,224709,624.1916666666667,NORMAL,N,224640,224661,224684,224699,224724,224769,224800,224828,inverted
219,791,224979,624.9416666666667,NORMAL,N,,,,224964,224993,225052,225074,225108,inverted
219,792,225275,625.7638888888889,NORMAL,N,225201,225205,225219,225263,225284,225341,225367,225396,inverted
219,793,225482,626.3388888888888,NORMAL,N,,,,225470,225497,225552,225574,225610,inverted
219,794,225778,627.1611111111112,NORMAL,N,,,,225767,225787,225852,225871,225909,inverted
219,795,226065,627.9583333333334,NORMAL,N,225978,225995,226010,226054,226074,226131,226161,226187,inverted
219,796,226288,628.5777777777778,NORMAL,N,,,,226275,226296,226346,226378,226405,inverted
219,797,226584,629.4,NORMAL,N,226500,226517,226529,226572,226593,226651,226679,226709,inverted
219,798,226816,630.0444444444445,NORMAL,N,,,,226804,226829,226878,226906,226934,inverted
219,799,227079,630.775,NORMAL,N,227025,227029,227051,227067,227093,227148,227170,227202,inverted
219,800,227374,631.5944444444444,NORMAL,N,227291,227312,227340,227362,227382,227441,227468,227498,inverted
219,801,227657,632.3805555555556,NORMAL,N,,,,227642,227665,227708,227750,227776,inverted
219,802,227965,633.2361111111111,NORMAL,N,,,,227953,227980,228037,228061,228098,inverted
219,803,228231,633.975,NORMAL,N,228144,228158,228189,228219,228245,228292,228323,228352,inverted
219,804,228452,634.5888888888888,NORMAL,N,228404,228407,228426,228441,228461,228499,228603,228616,biphasic_negative_positive
219,805,228728,635.3555555555556,NORMAL,N,,,,228713,228737,228788,228818,228850,inverted
219,806,228993,636.0916666666667,NORMAL,N,228862,228892,228909,228983,229002,229051,229085,229113,inverted
219,807,229268,636.8555555555556,NORMAL,N,,,,229254,229279,229336,229359,229387,inverted
219,808,229474,637.4277777777778,PVC,V,229410,229412,229456,229461,229484,229509,229548,229592,inverted
219,809,229739,638.1638888888889,NORMAL,N,229651,229699,229712,229728,229748,229788,229832,229865,inverted
219,810,230002,638.8944444444444,NORMAL,N,,,,229987,230010,230068,230094,230122,inverted
219,811,230241,639.5583333333333,NORMAL,N,230137,230148,230170,230227,230250,230293,230330,230357,inverted
219,812,230519,640.3305555555555,NORMAL,N,,,,230505,230529,230573,230609,230640,inverted
219,813,230725,640.9027777777778,NORMAL,N,,,,230711,230736,230794,230815,230849,inverted
219,814,231072,641.8666666666667,NORMAL,N,231003,231014,231026,231062,231088,231134,231165,231193,inverted
219,815,231284,642.4555555555555,NORMAL,N,231217,231243,231264,231274,231295,231339,231373,231399,inverted
219,816,231642,643.45,NORMAL,N,,,,231628,231653,231715,231739,231771,inverted
219,817,232004,644.4555555555555,NORMAL,N,,,,231992,232018,232067,232097,232124,inverted
219,818,232224,645.0666666666667,NORMAL,N,232125,232141,232184,232213,232233,232281,232315,232350,inverted
219,819,232464,645.7333333333333,NORMAL,N,,,,232452,232474,232518,232556,232591,inverted
219,820,232741,646.5027777777777,NORMAL,N,,,,232730,232756,232805,232830,232858,inverted
219,821,233037,647.325,NORMAL,N,,,,233026,233050,233096,233125,233156,inverted
219,822,233391,648.3083333333333,NORMAL,N,,,,233380,233406,233458,233488,233517,inverted
219,823,233771,649.3638888888889,NORMAL,N,233694,233715,233741,233759,233780,233838,233869,233901,inverted
219,824,234047,650.1305555555556,NORMAL,N,,,,234035,234061,234107,234143,234175,inverted
219,825,234264,650.7333333333333,NORMAL,N,234193,234196,234211,234252,234273,234330,234352,234378,inverted
219,826,234564,651.5666666666667,NORMAL,N,,,,234553,234573,234629,234657,234686,inverted
219,827,234920,652.5555555555555,NORMAL,N,,,,234905,234929,234983,235019,235046,inverted
219,828,235138,653.1611111111112,NORMAL,N,235047,235066,235111,235126,235153,235213,235232,235266,inverted
219,829,235423,653.9527777777778,NORMAL,N,235311,235324,235352,235409,235438,235486,235518,235547,inverted
219,830,235806,655.0166666666667,NORMAL,N,235728,235740,235768,235795,235815,235861,235897,235930,inverted
219,831,236175,656.0416666666666,NORMAL,N,236094,236126,236150,236165,236184,236251,236271,236311,inverted
219,832,236452,656.8111111111111,NORMAL,N,,,,236440,236466,236519,236545,236578,inverted
219,833,236756,657.6555555555556,NORMAL,N,,,,236745,236771,236825,236847,236882,inverted
219,834,237021,658.3916666666667,NORMAL,N,,,,237006,237030,237088,237111,237140,inverted
219,835,237252,659.0333333333333,NORMAL,N,,,,237240,237260,237312,237341,237370,inverted
219,836,237499,659.7194444444444,NORMAL,N,237448,237455,237475,237487,237514,237572,237596,237632,inverted
219,837,237764,660.4555555555555,NORMAL,N,237694,237717,237740,237752,237778,237815,237882,237894,biphasic_negative_positive
219,838,237991,661.0861111111111,NORMAL,N,237903,237937,237951,237976,238000,238051,238078,238105,inverted
219,839,238249,661.8027777777778,NORMAL,N,238121,238141,238159,238237,238258,238318,238342,238375,inverted
219,840,238571,662.6972222222222,NORMAL,N,238507,238526,238542,238557,238580,238620,238662,238699,inverted
219,841,238852,663.4777777777778,NORMAL,N,,,,238838,238862,238924,238949,238980,inverted
219,842,239129,664.2472222222223,NORMAL,N,,,,239115,239139,239186,239224,239251,inverted
219,843,239492,665.2555555555556,NORMAL,N,,,,239477,239501,239549,239585,239618,inverted
219,844,239766,666.0166666666667,NORMAL,N,239659,239673,239711,239755,239782,239837,239860,239889,inverted
219,845,240070,666.8611111111111,NORMAL,N,,,,240056,240080,240149,240168,240199,inverted
219,846,240392,667.7555555555556,NORMAL,N,,,,240377,240401,240445,240572,240599,biphasic_negative_positive
219,847,240705,668.625,NORMAL,N,,,,240690,240720,240768,240799,240826,inverted
219,848,240981,669.3916666666667,NORMAL,N,,,,240969,240995,241047,241154,241180,biphasic_negative_positive
219,849,241296,670.2666666666667,NORMAL,N,241230,241234,241249,241283,241310,241372,241394,241429,inverted
219,850,241553,670.9805555555556,NORMAL,N,241487,241490,241493,241538,241562,241622,241648,241680,inverted
219,851,241835,671.7638888888889,NORMAL,N,,,,241821,241845,241901,241930,241958,inverted
219,852,242134,672.5944444444444,NORMAL,N,,,,242120,242145,242197,242228,242257,inverted
219,853,242453,673.4805555555556,NORMAL,N,242355,242369,242385,242442,242462,242524,242547,242582,inverted
219,854,242674,674.0944444444444,NORMAL,N,,,,242659,242688,242732,242765,242791,inverted
219,855,242952,674.8666666666667,NORMAL,N,,,,242937,242960,243013,243042,243069,inverted
219,856,243233,675.6472222222222,NORMAL,N,,,,243221,243242,243294,243325,243353,inverted
219,857,243500,676.3888888888889,NORMAL,N,,,,243488,243509,243567,243593,243620,inverted
219,858,243833,677.3138888888889,NORMAL,N,243736,243761,243782,243822,243842,243897,243927,243955,inverted
219,859,244114,678.0944444444444,NORMAL,N,,,,244100,244129,244169,244268,244290,biphasic_negative_positive
219,860,244415,678.9305555555555,NORMAL,N,244336,244359,244385,244400,244430,244484,244508,244540,inverted
219,861,244668,679.6333333333333,NORMAL,N,,,,244654,244676,244731,244758,244789,inverted
219,862,244922,680.3388888888888,NORMAL,N,244834,244852,244865,244907,244931,244975,245014,245044,inverted
219,863,245167,681.0194444444444,NORMAL,N,245106,245122,245138,245155,245176,245204,245255,245288,inverted
219,864,245504,681.9555555555555,NORMAL,N,245404,245430,245463,245492,245512,245577,245646,245674,biphasic_negative_positive
219,865,245821,682.8361111111111,NORMAL,N,,,,245810,245830,245886,245915,245945,inverted
219,866,246171,683.8083333333333,NORMAL,N,,,,246159,246180,246230,246271,246307,inverted
219,867,246440,684.5555555555555,NORMAL,N,,,,246427,246449,246517,246537,246571,inverted
219,868,246754,685.4277777777778,NORMAL,N,246669,246681,246696,246740,246763,246822,246850,246879,inverted
219,869,247151,686.5305555555556,NORMAL,N,,,,247137,247160,247217,247246,247277,inverted
219,870,247403,687.2305555555556,NORMAL,N,247324,247363,247379,247388,247412,247463,247500,247529,inverted
219,871,247622,687.8388888888888,NORMAL,N,,,,247607,247636,247659,247711,247747,inverted
219,872,247934,688.7055555555555,NORMAL,N,,,,247920,247944,247997,248023,248052,inverted
219,873,248209,689.4694444444444,NORMAL,N,248082,248094,248136,248198,248223,248272,248300,248330,inverted
219,874,248416,690.0444444444445,NORMAL,N,248339,248358,248387,248404,248425,248478,248506,248538,inverted
219,875,248743,690.9527777777778,NORMAL,N,,,,248728,248751,248808,248836,248872,inverted
219,876,249033,691.7583333333333,NORMAL,N,,,,249021,249048,249093,249125,249154,inverted
219,877,249379,692.7194444444444,NORMAL,N,,,,249368,249388,249436,249473,249513,inverted
219,878,249631,693.4194444444445,NORMAL,N,,,,249620,249641,249695,249726,249754,inverted
219,879,249906,694.1833333333333,NORMAL,N,,,,249891,249914,249977,250003,250032,inverted
219,880,250244,695.1222222222223,NORMAL,N,250135,250160,250182,250233,250258,250314,250422,250459,biphasic_negative_positive
219,881,250769,696.5805555555555,NORMAL,N,250650,250661,250677,250753,250778,250844,250872,250906,inverted
219,882,251056,697.3777777777777,NORMAL,N,250994,250998,251011,251044,251070,251128,251153,251181,inverted
219,883,251328,698.1333333333333,NORMAL,N,,,,251316,251342,251395,251428,251459,inverted
219,884,251645,699.0138888888889,NORMAL,N,251558,251587,251599,251633,251660,251715,251740,251775,inverted
219,885,251896,699.7111111111111,NORMAL,N,251818,251834,251866,251881,251904,251953,251987,252016,inverted
219,886,252127,700.3527777777778,NORMAL,N,252067,252070,252099,252115,252137,252197,252222,252254,inverted
219,887,252437,701.2138888888888,NORMAL,N,,,,252423,252447,252510,252535,252567,inverted
219,888,252712,701.9777777777778,NORMAL,N,252610,252622,252655,252700,252728,252782,252807,252837,inverted
219,889,252936,702.6,NORMAL,N,,,,252922,252951,253002,253028,253059,inverted
219,890,253127,703.1305555555556,PVC,V,,,,253097,253149,253169,253212,253266,inverted
219,891,253511,704.1972222222222,NORMAL,N,,,,253499,253520,253575,253607,253645,inverted
219,892,253724,704.7888888888889,NORMAL,N,,,,253714,253733,253788,253814,253849,inverted
219,893,254083,705.7861111111112,NORMAL,N,254000,254013,254028,254071,254092,254150,254178,254212,inverted
219,894,254292,706.3666666666667,NORMAL,N,,,,254278,254302,254345,254377,254408,inverted
219,895,254521,707.0027777777777,NORMAL,N,254413,254435,254449,254509,254536,254592,254612,254652,inverted
219,896,254779,707.7194444444444,NORMAL,N,254676,254697,254709,254764,254789,254847,254877,254905,inverted
219,897,255043,708.4527777777778,NORMAL,N,254986,255000,255017,255032,255053,255103,255138,255165,inverted
219,898,255271,709.0861111111111,NORMAL,N,,,,255257,255280,255328,255356,255384,inverted
219,899,255559,709.8861111111111,NORMAL,N,255518,255528,255537,255549,255568,255617,255649,255691,inverted
219,900,255816,710.6,NORMAL,N,255713,255726,255766,255804,255835,255867,255903,255939,inverted
219,901,256110,711.4166666666666,NORMAL,N,,,,256097,256118,256173,256236,256248,biphasic_negative_positive
219,902,256391,712.1972222222222,NORMAL,N,,,,256379,256400,256457,256483,256510,inverted
219,903,256639,712.8861111111111,NORMAL,N,,,,256625,256648,256699,256732,256765,inverted
219,904,256875,713.5416666666666,NORMAL,N,,,,256863,256883,256938,256964,256992,inverted
219,905,257326,714.7944444444445,NORMAL,N,,,,257311,257334,257397,257422,257465,inverted
219,906,257607,715.575,NORMAL,N,,,,257596,257622,257682,257702,257728,inverted
219,907,257830,716.1944444444445,NORMAL,N,,,,257816,257838,257895,257921,257953,inverted
219,908,258130,717.0277777777778,NORMAL,N,258058,258084,258106,258118,258139,258202,258229,258265,inverted
219,909,258402,717.7833333333333,NORMAL,N,,,,258387,258415,258446,258491,258521,inverted
219,910,258680,718.5555555555555,NORMAL,N,258577,258604,258620,258666,258689,258750,258776,258808,inverted
219,911,258914,719.2055555555555,NORMAL,N,,,,258902,258922,258978,259038,259057,biphasic_negative_positive
219,912,259197,719.9916666666667,NORMAL,N,,,,259185,259211,259270,259288,259326,inverted
219,913,259404,720.5666666666667,NORMAL,N,259344,259371,259382,259393,259413,259458,259492,259524,inverted
219,914,259732,721.4777777777778,NORMAL,N,,,,259718,259742,259797,259829,259859,inverted
219,915,259976,722.1555555555556,NORMAL,N,,,,259961,259985,260039,260072,260102,inverted
219,916,260264,722.9555555555555,NORMAL,N,260173,260210,260233,260252,260273,260334,260357,260396,inverted
219,917,260571,723.8083333333333,NORMAL,N,,,,260556,260586,260649,260667,260707,inverted
219,918,260790,724.4166666666666,NORMAL,N,260720,260738,260761,260776,260804,260846,260882,260906,inverted
219,919,261097,725.2694444444444,NORMAL,N,,,,261083,261107,261167,261194,261226,inverted
219,920,261325,725.9027777777778,NORMAL,N,261264,261268,261282,261314,261340,261380,261464,261497,biphasic_negative_positive
219,921,261664,726.8444444444444,NORMAL,N,261554,261565,261577,261654,261673,261702,261757,261792,inverted
219,922,261991,727.7527777777777,NORMAL,N,261906,261925,261953,261979,262000,262055,262086,262119,inverted
219,923,262307,728.6305555555556,NORMAL,N,262245,262255,262265,262295,262322,262356,262398,262435,inverted
219,924,262571,729.3638888888889,NORMAL,N,262474,262487,262498,262560,262580,262629,262660,262688,inverted
219,925,262922,730.3388888888888,NORMAL,N,262872,262886,262899,262911,262931,262980,263015,263046,inverted
219,926,263240,731.2222222222222,NORMAL,N,263165,263185,263211,263229,263249,263304,263335,263365,inverted
219,927,263449,731.8027777777778,NORMAL,N,,,,263437,263457,263517,263541,263575,inverted
219,928,263787,732.7416666666667,NORMAL,N,,,,263773,263797,263837,263880,263909,inverted
219,929,264009,733.3583333333333,NORMAL,N,,,,263995,264020,264066,264100,264127,inverted
219,930,264322,734.2277777777778,NORMAL,N,,,,264308,264333,264385,264417,264446,inverted
219,931,264528,734.8,NORMAL,N,,,,264513,264537,264597,264618,264645,inverted
219,932,264843,735.675,NORMAL,N,264746,264766,264792,264833,264852,264905,264936,264967,inverted
219,933,265158,736.55,NORMAL,N,265079,265100,265128,265147,265174,265226,265252,265288,inverted
219,934,265464,737.4,NORMAL,N,265358,265383,265399,265449,265473,265520,265558,265590,inverted
219,935,265665,737.9583333333334,NORMAL,N,265606,265611,265632,265651,265679,265713,265811,265834,biphasic_negative_positive
219,936,265977,738.825,NORMAL,N,,,,265965,265986,266027,266071,266117,inverted
219,937,266210,739.4722222222222,NORMAL,N,,,,266195,266219,266278,266300,266332,inverted
219,938,266545,740.4027777777778,NORMAL,N,,,,266533,266554,266604,266634,266667,inverted
219,939,267014,741.7055555555555,NORMAL,N,,,,267001,267025,267090,267116,267148,inverted
219,940,267240,742.3333333333334,NORMAL,N,267174,267193,267218,267225,267254,267307,267332,267358,inverted
219,941,267516,743.1,NORMAL,N,267435,267450,267463,267505,267530,267585,267608,267636,inverted
219,942,267753,743.7583333333333,NORMAL,N,267675,267702,267725,267742,267768,267803,267845,267878,inverted
219,943,268025,744.5138888888889,NORMAL,N,267979,267990,268002,268014,268035,268092,268120,268148,inverted
219,944,268234,745.0944444444444,NORMAL,N,,,,268220,268245,268302,268327,268362,inverted
219,945,268450,745.6944444444445,NORMAL,N,,,,268435,268460,268502,268540,268577,inverted
219,946,268788,746.6333333333333,NORMAL,N,,,,268774,268797,268851,268879,268909,inverted
219,947,269082,747.45,NORMAL,N,,,,269072,269091,269142,269171,269201,inverted
219,948,269391,748.3083333333333,NORMAL,N,269334,269351,269367,269376,269400,269440,269488,269521,inverted
219,949,269672,749.0888888888888,NORMAL,N,,,,269660,269681,269736,269762,269795,inverted
219,950,269899,749.7194444444444,NORMAL,N,,,,269888,269908,269957,269989,270016,inverted
219,951,270156,750.4333333333333,NORMAL,N,,,,270142,270164,270221,270248,270278,inverted
219,952,270470,751.3055555555555,NORMAL,N,270400,270416,270440,270455,270479,270541,270564,270598,inverted
219,953,270775,752.1527777777778,NORMAL,N,270684,270714,270726,270760,270783,270842,270871,270901,inverted
219,954,270974,752.7055555555555,NORMAL,N,,,,270959,270988,271044,271066,271095,inverted
219,955,271323,753.675,NORMAL,N,271245,271273,271293,271308,271332,271386,271415,271455,inverted
219,956,271587,754.4083333333333,NORMAL,N,271517,271526,271545,271576,271596,271651,271674,271706,inverted
219,957,271827,755.075,NORMAL,N,,,,271812,271836,271879,271918,271948,inverted
219,958,272118,755.8833333333333,NORMAL,N,272007,272021,272043,272102,272127,272194,272216,272250,inverted
219,959,272336,756.4888888888889,NORMAL,N,,,,272322,272346,272399,272426,272458,inverted
219,960,272642,757.3388888888888,NORMAL,N,,,,272628,272656,272672,272730,272771,inverted
219,961,272940,758.1666666666666,NORMAL,N,,,,272928,272949,273017,273040,273077,inverted
219,962,273214,758.9277777777778,NORMAL,N,273144,273164,273182,273202,273222,273289,273306,273333,inverted
219,963,273479,759.6638888888889,NORMAL,N,,,,273467,273487,273545,273573,273614,inverted
219,964,273722,760.3388888888888,NORMAL,N,273620,273646,273676,273710,273736,273787,273810,273838,inverted
219,965,273959,760.9972222222223,NORMAL,N,,,,273945,273968,274022,274050,274080,inverted
219,966,274293,761.925,NORMAL,N,,,,274281,274302,274357,274386,274418,inverted
219,967,274625,762.8472222222222,NORMAL,N,274557,274570,274597,274610,274639,274701,274721,274754,inverted
219,968,274884,763.5666666666667,NORMAL,N,274822,274844,274860,274872,274892,274940,274975,275005,inverted
219,969,275190,764.4166666666666,NORMAL,N,,,,275175,275198,275234,275282,275311,inverted
219,970,275513,765.3138888888889,NORMAL,N,275407,275432,275451,275497,275521,275580,275606,275635,inverted
219,971,275842,766.2277777777778,NORMAL,N,,,,275827,275852,275908,275938,275967,inverted
219,972,276107,766.9638888888888,NORMAL,N,,,,276092,276116,276161,276201,276230,inverted
219,973,276351,767.6416666666667,NORMAL,N,,,,276336,276360,276418,276443,276474,inverted
219,974,276710,768.6388888888889,NORMAL,N,276638,276666,276683,276699,276725,276781,276808,276846,inverted
219,975,276981,769.3916666666667,NORMAL,N,,,,276967,276991,277052,277077,277109,inverted
219,976,277317,770.325,NORMAL,N,,,,277303,277328,,277379,277415,negative_monophasic
219,977,277514,770.8722222222223,NORMAL,N,,,,277500,277524,277582,277639,277659,biphasic_negative_positive
219,978,277856,771.8222222222222,NORMAL,N,,,,277842,277869,277888,277954,277982,inverted
219,979,278061,772.3916666666667,NORMAL,N,,,,278049,278069,278124,278146,278182,inverted
219,980,278339,773.1638888888889,NORMAL,N,,,,278327,278348,278409,278431,278471,inverted
219,981,278602,773.8944444444444,NORMAL,N,,,,278590,278610,278659,278694,278719,inverted
219,982,278795,774.4305555555555,NORMAL,N,,,,278783,278809,278860,278928,278955,biphasic_negative_positive
219,983,279044,775.1222222222223,NORMAL,N,,,,279029,279053,279096,279133,279175,inverted
219,984,279266,775.7388888888889,NORMAL,N,,,,279252,279276,279330,279357,279386,inverted
219,985,279578,776.6055555555556,NORMAL,N,279491,279512,279541,279566,279588,279645,279674,279704,inverted
219,986,279846,777.35,NORMAL,N,279737,279752,279776,279834,279861,279917,279984,279999,biphasic_negative_positive
219,987,280179,778.275,NORMAL,N,,,,280164,280189,280253,280272,280313,inverted
219,988,280478,779.1055555555556,NORMAL,N,280387,280408,280434,280467,280494,280535,280568,280598,inverted
219,989,280871,780.1972222222222,NORMAL,N,,,,280857,280881,280948,280972,281009,inverted
219,990,281155,780.9861111111111,NORMAL,N,281074,281098,281121,281141,281169,281224,281247,281276,inverted
219,991,281416,781.7111111111111,NORMAL,N,,,,281405,281425,281482,281508,281538,inverted
219,992,281670,782.4166666666666,NORMAL,N,281605,281609,281646,281658,281685,281742,281762,281792,inverted
219,993,282054,783.4833333333333,NORMAL,N,281958,281986,282004,282041,282063,282116,282150,282178,inverted
219,994,282339,784.275,NORMAL,N,,,,282327,282354,282408,282431,282457,inverted
219,995,282655,785.1527777777778,NORMAL,N,,,,282640,282663,282716,282744,282776,inverted
219,996,282935,785.9305555555555,NORMAL,N,,,,282923,282943,282996,283058,283073,biphasic_negative_positive
219,997,283260,786.8333333333334,NORMAL,N,,,,283245,283268,283327,283468,283486,biphasic_negative_positive
219,998,283601,787.7805555555556,NORMAL,N,283549,283553,283569,283590,283616,283672,283696,283730,inverted
219,999,283863,788.5083333333333,NORMAL,N,,,,283849,283872,283927,283954,283985,inverted
219,1000,284061,789.0583333333333,NORMAL,N,,,,284045,284070,284098,284218,284238,biphasic_negative_positive
219,1001,284381,789.9472222222222,NORMAL,N,,,,284367,284396,284432,284480,284514,inverted
219,1002,284588,790.5222222222222,NORMAL,N,,,,284574,284597,284636,284744,284767,biphasic_negative_positive
219,1003,284903,791.3972222222222,NORMAL,N,284816,284838,284858,284892,284911,284972,284995,285031,inverted
219,1004,285195,792.2083333333334,NORMAL,N,285109,285121,285141,285184,285204,285265,285324,285338,biphasic_negative_positive
219,1005,285415,792.8194444444445,NORMAL,N,,,,285401,285424,285476,285501,285537,inverted
219,1006,285615,793.375,NORMAL,N,285549,285568,285584,285603,285624,285684,285705,285734,inverted
219,1007,285880,794.1111111111111,NORMAL,N,,,,285868,285890,285951,285977,286009,inverted
219,1008,286150,794.8611111111111,NORMAL,N,,,,286139,286159,286214,286243,286272,inverted
219,1009,286439,795.6638888888889,NORMAL,N,,,,286424,286447,286509,286531,286563,inverted
219,1010,286657,796.2694444444444,NORMAL,N,286584,286599,286626,286643,286666,286723,286748,286776,inverted
219,1011,286943,797.0638888888889,NORMAL,N,,,,286928,286952,287009,287035,287067,inverted
219,1012,287159,797.6638888888889,NORMAL,N,,,,287144,287168,287219,287251,287277,inverted
219,1013,287622,798.95,NORMAL,N,,,,287609,287631,287682,287720,287755,inverted
219,1014,287943,799.8416666666667,NORMAL,N,287819,287841,287853,287932,287957,288016,288038,288072,inverted
219,1015,288235,800.6527777777778,NORMAL,N,288159,288173,288202,288223,288244,288303,288332,288370,inverted
219,1016,288475,801.3194444444445,NORMAL,N,288411,288413,288431,288463,288490,288546,288564,288599,inverted
219,1017,288768,802.1333333333333,NORMAL,N,288685,288704,288720,288757,288782,288836,288860,288889,inverted
219,1018,289082,803.0055555555556,NORMAL,N,288976,288982,289005,289068,289093,289137,289176,289209,inverted
219,1019,289354,803.7611111111111,NORMAL,N,,,,289340,289365,289417,289451,289491,inverted
219,1020,289684,804.6777777777778,NORMAL,N,,,,289670,289695,289729,289776,289805,inverted
219,1021,289973,805.4805555555556,NORMAL,N,,,,289962,289982,289998,290063,290090,inverted
219,1022,290257,806.2694444444444,NORMAL,N,,,,290245,290266,290315,290348,290377,inverted
219,1023,290520,807.0,NORMAL,N,290464,290469,290485,290507,290535,290565,290611,290641,inverted
219,1024,290749,807.6361111111111,NORMAL,N,,,,290737,290757,290820,290845,290877,inverted
219,1025,291024,808.4,NORMAL,N,290948,290977,290996,291012,291033,291087,291117,291154,inverted
219,1026,291326,809.2388888888889,NORMAL,N,,,,291312,291335,291381,291417,291451,inverted
219,1027,291556,809.8777777777777,NORMAL,N,,,,291543,291565,291615,291649,291677,inverted
219,1028,291866,810.7388888888889,NORMAL,N,,,,291851,291875,291924,291957,291983,inverted
219,1029,292174,811.5944444444444,NORMAL,N,292075,292095,292129,292160,292188,292241,292263,292294,inverted
219,1030,292511,812.5305555555556,NORMAL,N,,,,292498,292522,292576,292610,292641,inverted
219,1031,292841,813.4472222222222,NORMAL,N,292785,292795,292807,292830,292857,292916,292938,292976,inverted
219,1032,293200,814.4444444444445,NORMAL,N,,,,293185,293215,293276,293299,293331,inverted
219,1033,293461,815.1694444444445,NORMAL,N,293379,293393,293409,293447,293470,293519,293554,293581,inverted
219,1034,293698,815.8277777777778,NORMAL,N,,,,293686,293706,293753,293785,293812,inverted
219,1035,293944,816.5111111111111,NORMAL,N,,,,293932,293952,294012,294036,294066,inverted
219,1036,294227,817.2972222222222,NORMAL,N,,,,294214,294236,294292,294321,294349,inverted
219,1037,294488,818.0222222222222,NORMAL,N,294380,294397,294420,294476,294496,294561,294583,294612,inverted
219,1038,294805,818.9027777777778,NORMAL,N,294723,294752,294770,294790,294814,294862,294896,294930,inverted
219,1039,295133,819.8138888888889,NORMAL,N,,,,295121,295142,295201,295225,295256,inverted
219,1040,295350,820.4166666666666,NORMAL,N,295266,295283,295324,295338,295359,295418,295444,295477,inverted
219,1041,295676,821.3222222222222,NORMAL,N,295576,295610,295630,295663,295685,295740,295772,295802,inverted
219,1042,295942,822.0611111111111,NORMAL,N,,,,295928,295951,296005,296078,296109,biphasic_negative_positive
219,1043,296261,822.9472222222222,NORMAL,N,,,,296246,296270,296311,296352,296382,inverted
219,1044,296522,823.6722222222222,NORMAL,N,296426,296439,296462,296507,296536,296583,296618,296648,inverted
219,1045,296769,824.3583333333333,NORMAL,N,,,,296755,296779,296834,296893,296906,biphasic_negative_positive
219,1046,297070,825.1944444444445,NORMAL,N,,,,297056,297080,297127,297162,297187,inverted
219,1047,297357,825.9916666666667,NORMAL,N,297277,297303,297320,297346,297366,297415,297448,297478,inverted
219,1048,297595,826.6527777777778,NORMAL,N,,,,297582,297603,297633,297681,297707,inverted
219,1049,297822,827.2833333333333,NORMAL,N,297769,297774,297799,297810,297831,297890,297911,297929,inverted
219,1050,298086,828.0166666666667,NORMAL,N,,,,298071,298101,298130,298291,298335,biphasic_negative_positive
219,1051,298603,829.4527777777778,NORMAL,N,,,,298586,298617,298665,298699,298726,inverted
219,1052,298819,830.0527777777778,NORMAL,N,,,,298802,298833,298884,299002,299049,biphasic_negative_positive
219,1053,299196,831.1,NORMAL,N,,,,299178,299211,,299253,299289,negative_monophasic
219,1054,299394,831.65,NORMAL,N,,,,299374,299406,299463,299485,299520,inverted
219,1055,299764,832.6777777777778,NORMAL,N,,,,299747,299778,299828,299858,299895,inverted
219,1056,300081,833.5583333333333,NORMAL,N,,,,300065,300094,300141,300172,300205,inverted
219,1057,301003,836.1194444444444,NORMAL,N,,,,300989,301013,301069,301100,301136,inverted
219,1058,301335,837.0416666666666,NORMAL,N,,,,301320,301345,301409,301435,301461,inverted
219,1059,301582,837.7277777777778,APC,A,,,,301567,301592,301651,301678,301708,inverted
219,1060,301941,838.725,NORMAL,N,,,,301927,301952,302003,302039,302073,inverted
219,1061,302497,840.2694444444444,NORMAL,N,,,,302482,302511,302570,302599,302634,inverted
219,1062,302797,841.1027777777778,NORMAL,N,,,,302780,302811,302865,302898,302930,inverted
219,1063,303145,842.0694444444445,NORMAL,N,,,,303127,303160,303212,303246,303278,inverted
219,1064,303429,842.8583333333333,APC,A,,,,303410,303443,303497,303526,303557,inverted
219,1065,303765,843.7916666666666,NORMAL,N,,,,303747,303778,303824,303865,303899,inverted
219,1066,304383,845.5083333333333,NORMAL,N,,,,304369,304393,304454,304486,304520,inverted
219,1067,304683,846.3416666666667,NORMAL,N,,,,304668,304693,304759,304783,304812,inverted
219,1068,304991,847.1972222222222,NORMAL,N,,,,304976,305000,305062,305089,305121,inverted
219,1069,305287,848.0194444444444,NORMAL,N,,,,305272,305297,305358,305385,305419,inverted
219,1070,305566,848.7944444444445,NORMAL,N,,,,305551,305577,305640,305669,305701,inverted
219,1071,306103,850.2861111111112,NORMAL,N,,,,306089,306112,306173,306204,306238,inverted
219,1072,306421,851.1694444444445,NORMAL,N,,,,306407,306431,306498,306525,306558,inverted
219,1073,306748,852.0777777777778,NORMAL,N,,,,306733,306758,306819,306845,306880,inverted
219,1074,307024,852.8444444444444,NORMAL,N,,,,307006,307038,307054,307190,307223,biphasic_negative_positive
219,1075,307323,853.675,NORMAL,N,,,,307309,307338,307364,307423,307459,inverted
219,1076,307566,854.35,NORMAL,N,,,,307552,307576,307630,307658,307687,inverted
219,1077,307838,855.1055555555556,NORMAL,N,,,,307823,307849,307910,307936,307966,inverted
219,1078,308104,855.8444444444444,NORMAL,N,,,,308089,308118,308174,308204,308239,inverted
219,1079,308358,856.55,NORMAL,N,,,,308340,308371,308427,308454,308489,inverted
219,1080,308582,857.1722222222222,NORMAL,N,,,,308566,308595,308641,308672,308700,inverted
219,1081,308852,857.9222222222222,NORMAL,N,,,,308834,308866,308910,308950,308991,inverted
219,1082,309153,858.7583333333333,NORMAL,N,,,,309135,309167,309222,309246,309275,inverted
219,1083,309384,859.4,NORMAL,N,,,,309368,309397,309452,309477,309505,inverted
219,1084,309666,860.1833333333333,NORMAL,N,,,,309649,309680,309728,309763,309793,inverted
219,1085,309962,861.0055555555556,NORMAL,N,,,,309947,309976,310013,310058,310095,inverted
219,1086,310271,861.8638888888889,NORMAL,N,,,,310256,310284,310313,310367,310401,inverted
219,1087,310601,862.7805555555556,NORMAL,N,,,,310586,310611,310666,310698,310732,inverted
219,1088,310933,863.7027777777778,NORMAL,N,,,,310919,310943,311008,311031,311068,inverted
219,1089,311228,864.5222222222222,NORMAL,N,,,,311214,311237,311308,311327,311360,inverted
219,1090,311451,865.1416666666667,NORMAL,N,,,,311436,311462,311521,311551,311579,inverted
219,1091,311714,865.8722222222223,NORMAL,N,,,,311701,311724,311779,311809,311841,inverted
219,1092,311942,866.5055555555556,NORMAL,N,,,,311928,311952,312010,312030,312057,inverted
219,1093,312214,867.2611111111111,NORMAL,N,,,,312198,312229,312281,312308,312342,inverted
219,1094,312512,868.0888888888888,NORMAL,N,,,,312494,312528,,312563,312603,negative_monophasic
219,1095,312710,868.6388888888889,NORMAL,N,,,,312694,312724,312773,312803,312834,inverted
219,1096,312958,869.3277777777778,NORMAL,N,,,,312941,312972,313021,313056,313083,inverted
219,1097,313230,870.0833333333334,NORMAL,N,,,,313213,313246,,313256,313323,negative_monophasic
219,1098,313439,870.6638888888889,PVC,V,,,,313432,313449,313494,313516,313559,inverted
219,1099,313746,871.5166666666667,NORMAL,N,,,,313729,313760,313808,313841,313870,inverted
219,1100,314155,872.6527777777778,NORMAL,N,,,,314141,314164,314232,314251,314293,inverted
219,1101,314372,873.2555555555556,NORMAL,N,,,,314357,314382,314423,314461,314488,inverted
219,1102,314623,873.9527777777778,NORMAL,N,,,,314609,314633,314685,314717,314746,inverted
219,1103,314851,874.5861111111111,NORMAL,N,,,,314837,314861,314906,314983,314994,biphasic_negative_positive
219,1104,315164,875.4555555555555,NORMAL,N,,,,315150,315179,,315208,315261,negative_monophasic
219,1105,315360,876.0,NORMAL,N,,,,315343,315375,315380,315452,315481,inverted
219,1106,315639,876.775,NORMAL,N,,,,315624,315653,315713,315731,315773,inverted
219,1107,315917,877.5472222222222,NORMAL,N,,,,315904,315928,315975,316009,316037,inverted
219,1108,316139,878.1638888888889,NORMAL,N,,,,316124,316149,316204,316231,316263,inverted
219,1109,316389,878.8583333333333,NORMAL,N,,,,316372,316403,316443,316483,316515,inverted
219,1110,316635,879.5416666666666,NORMAL,N,,,,316617,316649,316683,316728,316764,inverted
219,1111,316871,880.1972222222222,NORMAL,N,,,,316852,316885,316940,316961,316994,inverted
219,1112,317192,881.0888888888888,NORMAL,N,,,,317175,317206,317256,317286,317318,inverted
219,1113,317387,881.6305555555556,NORMAL,N,,,,317371,317401,317458,317473,317497,inverted
219,1114,317705,882.5138888888889,NORMAL,N,,,,317690,317718,317768,317799,317833,inverted
219,1115,317983,883.2861111111112,NORMAL,N,,,,317966,317996,318050,318077,318109,inverted
219,1116,318263,884.0638888888889,NORMAL,N,,,,318245,318276,318324,318355,318385,inverted
219,1117,318524,884.7888888888889,NORMAL,N,,,,318508,318537,318587,318613,318648,inverted
219,1118,318778,885.4944444444444,NORMAL,N,,,,318760,318791,318833,318870,318900,inverted
219,1119,319093,886.3694444444444,NORMAL,N,,,,319075,319107,319156,319186,319222,inverted
219,1120,319343,887.0638888888889,NORMAL,N,,,,319316,319356,319403,319430,319462,inverted
219,1121,319637,887.8805555555556,NORMAL,N,,,,319612,319650,319692,319732,319772,inverted
219,1122,319932,888.7,NORMAL,N,,,,319918,319941,319991,320027,320057,inverted
219,1123,320201,889.4472222222222,NORMAL,N,,,,320186,320211,320272,320295,320331,inverted
219,1124,320458,890.1611111111112,NORMAL,N,,,,320444,320468,320521,320549,320580,inverted
219,1125,320690,890.8055555555555,NORMAL,N,,,,320675,320699,320752,320779,320813,inverted
219,1126,320949,891.525,NORMAL,N,,,,320936,320959,321015,321041,321070,inverted
219,1127,321259,892.3861111111111,NORMAL,N,,,,321244,321269,321319,321351,321389,inverted
219,1128,321834,893.9833333333333,NORMAL,N,,,,321818,321847,321900,321931,321970,inverted
219,1129,322163,894.8972222222222,NORMAL,N,,,,322145,322178,322210,322263,322292,inverted
219,1130,322728,896.4666666666667,NORMAL,N,,,,322710,322742,322802,322833,322871,inverted
219,1131,323049,897.3583333333333,NORMAL,N,,,,323033,323062,323095,323147,323178,inverted
219,1132,323607,898.9083333333333,NORMAL,N,,,,323591,323617,323679,323712,323748,inverted
219,1133,323907,899.7416666666667,NORMAL,N,,,,323892,323917,323967,324006,324036,inverted
219,1134,324470,901.3055555555555,NORMAL,N,,,,324451,324483,324537,324570,324607,inverted
219,1135,324762,902.1166666666667,NORMAL,N,,,,324742,324775,324799,324855,324887,inverted
219,1136,325306,903.6277777777777,NORMAL,N,,,,325289,325319,325373,325410,325443,inverted
219,1137,325599,904.4416666666667,NORMAL,N,,,,325581,325612,325637,325695,325727,inverted
219,1138,326129,905.9138888888889,NORMAL,N,,,,326111,326142,326203,326235,326272,inverted
219,1139,326453,906.8138888888889,NORMAL,N,,,,326434,326466,326500,326553,326581,inverted
219,1140,326740,907.6111111111111,NORMAL,N,,,,326722,326753,326811,326837,326869,inverted
219,1141,327012,908.3666666666667,NORMAL,N,,,,326994,327027,327093,327111,327151,inverted
219,1142,327282,909.1166666666667,NORMAL,N,,,,327268,327292,327346,327377,327412,inverted
219,1143,327536,909.8222222222222,NORMAL,N,,,,327522,327546,327601,327633,327666,inverted
219,1144,327816,910.6,NORMAL,N,,,,327801,327826,327873,327910,327940,inverted
219,1145,328030,911.1944444444445,NORMAL,N,,,,328016,328040,328108,328124,328165,inverted
219,1146,328327,912.0194444444444,NORMAL,N,,,,328313,328342,328406,328426,328468,inverted
219,1147,328562,912.6722222222222,PVC,V,,,,328556,328574,328597,328643,328692,inverted
219,1148,328876,913.5444444444445,NORMAL,N,,,,328863,328888,328954,328979,329016,inverted
219,1149,329148,914.3,NORMAL,N,,,,329134,329158,329208,329243,329274,inverted
219,1150,329339,914.8305555555555,PVC,V,,,,329308,329361,329393,329425,329470,inverted
219,1151,329626,915.6277777777777,NORMAL,N,,,,329608,329640,329660,329717,329749,inverted
219,1152,329889,916.3583333333333,NORMAL,N,,,,329872,329905,329964,329985,330015,inverted
219,1153,330125,917.0138888888889,NORMAL,N,,,,330108,330140,330187,330221,330257,inverted
219,1154,330451,917.9194444444445,NORMAL,N,,,,330437,330466,330521,330551,330581,inverted
219,1155,330769,918.8027777777778,NORMAL,N,,,,330754,330783,330840,330866,330897,inverted
219,1156,331327,920.3527777777778,NORMAL,N,,,,331309,331341,331396,331430,331470,inverted
219,1157,331642,921.2277777777778,NORMAL,N,,,,331626,331655,331691,331739,331770,inverted
219,1158,332188,922.7444444444444,NORMAL,N,,,,332171,332202,332259,332292,332334,inverted
219,1159,332486,923.5722222222222,NORMAL,N,,,,332461,332499,332531,332589,332621,inverted
219,1160,333035,925.0972222222222,NORMAL,N,,,,333014,333048,333106,333135,333173,inverted
219,1161,333323,925.8972222222222,NORMAL,N,,,,333309,333333,333377,333424,333454,inverted
219,1162,333883,927.4527777777778,NORMAL,N,,,,333868,333893,333955,333988,334025,inverted
219,1163,334168,928.2444444444444,NORMAL,N,,,,334152,334181,334209,334268,334299,inverted
219,1164,334701,929.725,NORMAL,N,,,,334682,334715,334775,334808,334846,inverted
219,1165,335001,930.5583333333333,NORMAL,N,,,,334983,335015,335051,335104,335135,inverted
219,1166,335542,932.0611111111111,NORMAL,N,,,,335524,335556,335612,335643,335677,inverted
219,1167,335836,932.8777777777777,NORMAL,N,,,,335819,335849,335881,335940,335972,inverted
219,1168,336383,934.3972222222222,NORMAL,N,,,,336368,336393,336456,336488,336525,inverted
219,1169,336686,935.2388888888889,NORMAL,N,,,,336671,336696,336732,336788,336819,inverted
219,1170,337220,936.7222222222222,NORMAL,N,,,,337205,337234,337297,337330,337369,inverted
219,1171,337522,937.5611111111111,NORMAL,N,,,,337502,337535,337567,337627,337659,inverted
219,1172,338051,939.0305555555556,NORMAL,N,,,,338031,338064,338122,338152,338186,inverted
219,1173,338339,939.8305555555555,NORMAL,N,,,,338319,338353,338383,338443,338483,inverted
219,1174,338884,941.3444444444444,NORMAL,N,,,,338870,338895,338956,338989,339024,inverted
219,1175,339171,942.1416666666667,NORMAL,N,,,,339158,339182,339220,339307,339317,biphasic_negative_positive
219,1176,339465,942.9583333333334,NORMAL,N,,,,339446,339481,339544,339567,339599,inverted
219,1177,339731,943.6972222222222,NORMAL,N,,,,339712,339745,339801,339835,339873,inverted
219,1178,340327,945.3527777777778,NORMAL,N,,,,340311,340340,340401,340434,340472,inverted
219,1179,340638,946.2166666666667,NORMAL,N,,,,340621,340651,340686,340740,340776,inverted
219,1180,341201,947.7805555555556,NORMAL,N,,,,341186,341212,341271,341309,341344,inverted
219,1181,341500,948.6111111111111,NORMAL,N,,,,341486,341510,341546,341599,341630,inverted
219,1182,342037,950.1027777777778,NORMAL,N,,,,342018,342050,342106,342139,342180,inverted
219,1183,342332,950.9222222222222,NORMAL,N,,,,342316,342346,342377,342434,342466,inverted
219,1184,342868,952.4111111111112,NORMAL,N,,,,342852,342878,342942,342975,343011,inverted
219,1185,343157,953.2138888888888,NORMAL,N,,,,343142,343167,343205,343260,343291,inverted
219,1186,343686,954.6833333333333,NORMAL,N,,,,343670,343700,343761,343793,343830,inverted
219,1187,343986,955.5166666666667,NORMAL,N,,,,343970,343999,344033,344084,344115,inverted
219,1188,344519,956.9972222222223,NORMAL,N,,,,344502,344532,344593,344624,344661,inverted
219,1189,344814,957.8166666666667,NORMAL,N,,,,344798,344827,344861,344915,344949,inverted
219,1190,345354,959.3166666666667,NORMAL,N,,,,345340,345364,345431,345460,345496,inverted
219,1191,345632,960.0888888888888,APC,A,,,,345618,345642,345700,345736,345769,inverted
219,1192,346031,961.1972222222222,NORMAL,N,,,,346015,346045,346093,346140,346178,inverted
219,1193,346584,962.7333333333333,NORMAL,N,,,,346570,346595,346661,346693,346730,inverted
219,1194,346882,963.5611111111111,NORMAL,N,,,,346867,346893,346935,346989,347021,inverted
219,1195,347426,965.0722222222222,NORMAL,N,,,,347411,347436,347506,347538,347575,inverted
219,1196,347724,965.9,NORMAL,N,,,,347707,347738,347797,347829,347861,inverted
219,1197,348247,967.3527777777778,NORMAL,N,,,,348231,348260,348309,348357,348398,inverted
219,1198,348809,968.9138888888889,NORMAL,N,,,,348789,348822,348885,348917,348953,inverted
219,1199,349097,969.7138888888888,NORMAL,N,,,,349078,349111,349147,349200,349231,inverted
219,1200,349620,971.1666666666666,NORMAL,N,,,,349602,349634,349695,349732,349768,inverted
219,1201,349921,972.0027777777777,NORMAL,N,,,,349903,349935,349974,350029,350060,inverted
219,1202,350452,973.4777777777778,NORMAL,N,,,,350437,350463,350527,350559,350594,inverted
219,1203,350743,974.2861111111112,NORMAL,N,,,,350729,350753,350798,350853,350884,inverted
219,1204,351283,975.7861111111112,NORMAL,N,,,,351264,351297,351350,351393,351428,inverted
219,1205,351832,977.3111111111111,NORMAL,N,,,,351817,351842,351910,351940,351972,inverted
219,1206,352126,978.1277777777777,NORMAL,N,,,,352108,352139,352179,352232,352264,inverted
219,1207,352660,979.6111111111111,NORMAL,N,,,,352643,352674,352736,352769,352806,inverted
219,1208,352948,980.4111111111112,NORMAL,N,,,,352931,352962,353002,353054,353085,inverted
219,1209,353489,981.9138888888889,NORMAL,N,,,,353472,353503,353553,353596,353636,inverted
219,1210,354023,983.3972222222222,NORMAL,N,,,,354009,354033,354102,354132,354169,inverted
219,1211,354329,984.2472222222223,NORMAL,N,,,,354311,354342,354378,354430,354464,inverted
219,1212,354853,985.7027777777778,NORMAL,N,,,,354836,354867,354934,354965,355002,inverted
219,1213,355156,986.5444444444445,NORMAL,N,,,,355138,355169,355209,355262,355294,inverted
219,1214,355684,988.0111111111111,NORMAL,N,,,,355666,355698,355762,355797,355835,inverted
219,1215,355979,988.8305555555555,NORMAL,N,,,,355965,355989,356035,356085,356117,inverted
219,1216,356549,990.4138888888889,NORMAL,N,,,,356530,356563,356572,356604,356643,inverted
219,1217,356796,991.1,NORMAL,N,,,,356767,356809,356837,356887,356917,inverted
219,1218,357366,992.6833333333333,NORMAL,N,,,,357305,357453,357512,357521,357530,normal
219,1219,357605,993.3472222222222,NORMAL,N,,,,357588,357620,357662,357710,357742,inverted
219,1220,358138,994.8277777777778,NORMAL,N,,,,358116,358152,358223,358255,358293,inverted
219,1221,358442,995.6722222222222,NORMAL,N,,,,358426,358454,358494,358551,358585,inverted
219,1222,358961,997.1138888888889,NORMAL,N,,,,358947,358971,359037,359072,359112,inverted
219,1223,359268,997.9666666666667,NORMAL,N,359180,359186,359196,359251,359281,359323,359376,359410,inverted
219,1224,359813,999.4805555555556,NORMAL,N,,,,359795,359827,359880,359922,359963,inverted
219,1225,360341,1000.9472222222222,NORMAL,N,,,,360324,360355,360411,360455,360493,inverted
219,1226,360882,1002.45,NORMAL,N,,,,360865,360896,360953,360996,361033,inverted
219,1227,361405,1003.9027777777778,NORMAL,N,,,,361391,361414,361482,361517,361557,inverted
219,1228,361697,1004.7138888888888,NORMAL,N,,,,361684,361705,361749,361803,361836,inverted
219,1229,362217,1006.1583333333333,NORMAL,N,,,,362198,362231,362294,362327,362365,inverted
219,1230,362511,1006.975,NORMAL,N,,,,362494,362524,362567,362616,362650,inverted
219,1231,363037,1008.4361111111111,NORMAL,N,,,,363019,363051,363112,363154,363194,inverted
219,1232,363591,1009.975,NORMAL,N,,,,363577,363601,363669,363702,363741,inverted
219,1233,363876,1010.7666666666667,NORMAL,N,,,,363862,363889,363933,363984,364017,inverted
219,1234,364400,1012.2222222222222,NORMAL,N,,,,364385,364414,364468,364513,364550,inverted
219,1235,364949,1013.7472222222223,NORMAL,N,,,,364934,364962,,,,
219,1236,365071,1014.0861111111111,PVC,V,,,,365008,365153,365165,365206,365270,inverted
219,1237,365498,1015.2722222222222,NORMAL,N,,,,365483,365511,365568,365611,365650,inverted
219,1238,366103,1016.9527777777778,NORMAL,N,,,,366032,366193,,366194,366249,positive_monophasic
219,1239,366333,1017.5916666666667,NORMAL,N,,,,366313,366343,366379,366430,366461,inverted
219,1240,366908,1019.1888888888889,NORMAL,N,,,,366847,366995,367016,367039,367062,normal
219,1241,367151,1019.8638888888889,NORMAL,N,,,,367120,367192,367199,367248,367281,inverted
219,1242,367717,1021.4361111111111,NORMAL,N,,,,367661,367816,,,,
219,1243,367957,1022.1027777777778,NORMAL,N,,,,367937,367971,368018,368070,368101,inverted
219,1244,368482,1023.5611111111111,NORMAL,N,,,,368464,368495,368548,368590,368630,inverted
219,1245,369030,1025.0833333333333,NORMAL,N,,,,369016,369043,369098,369140,369179,inverted
219,1246,369570,1026.5833333333333,NORMAL,N,,,,369555,369581,369638,369683,369721,inverted
219,1247,370162,1028.2277777777779,NORMAL,N,,,,370145,370214,,,,
219,1248,370232,1028.4222222222222,PVC,V,,,,370175,370314,370326,370370,370438,inverted
219,1249,370665,1029.625,NORMAL,N,,,,370644,370713,370720,370764,370804,inverted
219,1250,371253,1031.2583333333334,NORMAL,N,,,,371194,371342,371387,371394,371402,normal
219,1251,371494,1031.9277777777777,NORMAL,N,,,,371472,371506,371537,371588,371620,inverted
219,1252,372072,1033.5333333333333,NORMAL,N,,,,372017,372173,372190,372210,372250,normal
219,1253,372562,1034.8944444444444,NORMAL,N,,,,372533,372615,372619,372665,372709,inverted
219,1254,373164,1036.5666666666666,NORMAL,N,373039,373067,373103,373143,373178,373185,373217,373253,inverted
219,1255,373401,1037.225,NORMAL,N,,,,373381,373444,373448,373499,373528,inverted
219,1256,373966,1038.7944444444445,NORMAL,N,,,,373950,373981,,374017,374057,positive_monophasic
219,1257,374194,1039.4277777777777,NORMAL,N,,,,374165,374225,374264,374296,374327,inverted
219,1258,374492,1040.2555555555555,NORMAL,N,,,,374461,374513,374560,374594,374631,inverted
219,1259,374782,1041.0611111111111,NORMAL,N,,,,374761,374793,374850,374881,374916,inverted
219,1260,375121,1042.0027777777777,NORMAL,N,,,,375063,375198,375272,375287,375314,normal
219,1261,375421,1042.8361111111112,NORMAL,N,,,,375402,375434,375446,375478,375512,inverted
219,1262,375684,1043.5666666666666,NORMAL,N,,,,375654,375726,375732,375782,375818,inverted
219,1263,376284,1045.2333333333333,NORMAL,N,,,,376229,376386,376398,376422,376526,normal
219,1264,376840,1046.7777777777778,NORMAL,N,,,,376788,376853,376859,376902,376943,inverted
219,1265,377391,1048.3083333333334,NORMAL,N,,,,377367,377446,,377447,377485,positive_monophasic
219,1266,377788,1049.411111111111,NORMAL,N,,,,377727,377886,,,,
219,1267,377986,1049.9611111111112,NORMAL,N,,,,377965,378020,,,,
219,1268,378097,1050.2694444444444,NORMAL,N,,,,378054,378179,378244,378269,378299,inverted
219,1269,378497,1051.3805555555555,NORMAL,N,,,,378486,,,,,
219,1270,378553,1051.536111111111,NORMAL,N,,,,,378634,378689,378724,378756,inverted
219,1271,378893,1052.4805555555556,NORMAL,N,,,,378884,378946,378948,379021,379042,normal
219,1272,379164,1053.2333333333333,NORMAL,N,,,,379110,379254,,,,
219,1273,379418,1053.9388888888889,NORMAL,N,,,,379357,379495,,,,
219,1274,379660,1054.611111111111,NORMAL,N,,,,379654,379736,,,,
219,1275,379955,1055.4305555555557,NORMAL,N,,,,379947,380026,380080,380093,380099,normal
219,1276,380180,1056.0555555555557,NORMAL,N,,,,380161,380257,,,,
219,1277,380452,1056.8111111111111,NORMAL,N,,,,380432,380541,,,,
219,1278,380669,1057.4138888888888,NORMAL,N,,,,380641,380682,380693,380744,380779,inverted
219,1279,380942,1058.1722222222222,NORMAL,N,,,,380871,381008,,,,
219,1280,381387,1059.4083333333333,NORMAL,N,,,,381383,381401,381406,381442,381486,inverted
219,1281,381726,1060.35,NORMAL,N,,,,381665,381799,381870,381893,381920,normal
219,1282,382035,1061.2083333333333,NORMAL,N,,,,382015,382104,382191,382211,382239,normal
219,1283,382348,1062.0777777777778,NORMAL,N,,,,382287,382424,382500,382520,382546,normal
219,1284,382649,1062.9138888888888,NORMAL,N,,,,382594,382728,382814,382829,382854,normal
219,1285,382963,1063.786111111111,NORMAL,N,,,,382907,383041,,,,
219,1286,383275,1064.6527777777778,NORMAL,N,,,,383215,383350,,383405,383435,positive_monophasic
219,1287,383527,1065.3527777777779,NORMAL,N,,,,383496,383574,383577,383620,383652,inverted
219,1288,384134,1067.0388888888888,NORMAL,N,,,,384073,384220,,384268,384296,positive_monophasic
219,1289,384390,1067.75,NORMAL,N,,,,384368,384400,384457,384488,384517,inverted
219,1290,384693,1068.5916666666667,NORMAL,N,,,,384672,384703,384762,384790,384821,inverted
219,1291,385047,1069.575,NORMAL,N,,,,384976,385125,,,,
219,1292,385358,1070.4388888888889,NORMAL,N,,,,385297,385438,385509,385502,385494,normal
219,1293,385611,1071.1416666666667,NORMAL,N,,,,385590,385653,385683,385833,385863,biphasic_negative_positive
219,1294,385963,1072.1194444444445,NORMAL,N,,,,385906,386040,,,,
219,1295,386273,1072.9805555555556,NORMAL,N,,,,386212,386349,386423,386439,386467,normal
219,1296,386575,1073.8194444444443,NORMAL,N,,,,,386652,,386724,386751,positive_monophasic
219,1297,386846,1074.5722222222223,NORMAL,N,,,,386825,386889,386892,386940,386972,inverted
219,1298,387380,1076.0555555555557,NORMAL,N,,,,387360,387394,387439,387478,387518,inverted
219,1299,387978,1077.7166666666667,NORMAL,N,,,,387933,387996,388002,388040,388078,inverted
219,1300,388535,1079.263888888889,NORMAL,N,,,,388464,388614,388635,388669,388674,normal
219,1301,388788,1079.9666666666667,NORMAL,N,,,,388759,388800,388854,388883,388912,inverted
219,1302,389133,1080.925,NORMAL,N,,,,389114,389145,389156,389189,389223,inverted
219,1303,389401,1081.6694444444445,NORMAL,N,,,,389381,389441,389448,389494,389530,inverted
219,1304,389973,1083.2583333333334,NORMAL,N,,,,389912,390061,390108,390119,390147,inverted
219,1305,390239,1083.9972222222223,NORMAL,N,,,,390219,390252,390310,390337,390367,inverted
219,1306,390545,1084.8472222222222,NORMAL,N,,,,390524,390587,390613,390641,390669,inverted
219,1307,390801,1085.5583333333334,PVC,V,,,,390742,390877,,390894,390921,negative_monophasic
219,1308,391054,1086.2611111111112,NORMAL,N,,,,391002,391140,,,,
219,1309,391426,1087.2944444444445,NORMAL,N,,,,391389,391484,,391485,391522,positive_monophasic
219,1310,391988,1088.8555555555556,NORMAL,N,,,,391971,392048,,392049,392090,positive_monophasic
219,1311,392491,1090.2527777777777,NORMAL,N,,,,392461,392548,392557,392595,392643,inverted
219,1312,393094,1091.9277777777777,NORMAL,N,,,,393075,393179,,393180,393229,positive_monophasic
219,1313,393589,1093.3027777777777,NORMAL,N,,,,393568,393642,393651,393687,393723,inverted
219,1314,394175,1094.9305555555557,NORMAL,N,,,,394119,394266,,394284,394312,positive_monophasic
219,1315,394428,1095.6333333333334,NORMAL,N,,,,394408,394441,394497,394526,394560,inverted
219,1316,394715,1096.4305555555557,NORMAL,N,,,,394695,394762,394766,394811,394846,inverted
219,1317,395326,1098.1277777777777,NORMAL,N,,,,395254,395410,,395447,395483,positive_monophasic
219,1318,395567,1098.7972222222222,NORMAL,N,,,,395537,395609,395616,395658,395690,inverted
219,1319,396083,1100.2305555555556,NORMAL,N,,,,396064,396099,396148,396181,396219,inverted
219,1320,396386,1101.0722222222223,NORMAL,N,,,,396366,396434,396438,396483,396514,inverted
219,1321,396959,1102.6638888888888,NORMAL,N,,,,396901,397049,,397050,397085,positive_monophasic
219,1322,397200,1103.3333333333333,NORMAL,N,,,,397186,397209,397281,397308,397339,inverted
219,1323,397508,1104.1888888888889,NORMAL,N,397418,397431,397455,397493,397519,397575,397619,397654,inverted
219,1324,398041,1105.6694444444445,NORMAL,N,397965,397976,397998,398027,398050,398117,398149,398185,inverted
219,1325,398341,1106.5027777777777,NORMAL,N,398256,398268,398292,398327,398350,398408,398452,398481,inverted
219,1326,398870,1107.9722222222222,NORMAL,N,398783,398802,398826,398855,398880,398956,398985,399026,inverted
219,1327,399176,1108.8222222222223,NORMAL,N,399093,399104,399127,399164,399187,399255,399284,399310,inverted
219,1328,399477,1109.6583333333333,NORMAL,N,399393,399403,399429,399464,399487,399555,399582,399611,inverted
219,1329,399769,1110.4694444444444,NORMAL,N,399681,399693,399717,399754,399783,399832,399878,399910,inverted
219,1330,400304,1111.9555555555555,NORMAL,N,400223,400233,400257,400290,400315,400377,400416,400451,inverted
219,1331,400847,1113.463888888889,NORMAL,N,400762,400773,400798,400833,400857,400919,400959,400993,inverted
219,1332,401391,1114.975,NORMAL,N,401310,401321,401344,401376,401401,401468,401505,401550,inverted
219,1333,401888,1116.3555555555556,NORMAL,N,401817,401827,401842,401874,401898,401960,401996,402027,inverted
219,1334,402187,1117.1861111111111,NORMAL,N,402101,402149,402163,402174,402202,402266,402299,402328,inverted
219,1335,402524,1118.1222222222223,NORMAL,N,402447,402475,402492,402510,402539,402600,402632,402662,inverted
219,1336,402786,1118.85,NORMAL,N,,,,402771,402801,402860,402891,402920,inverted
219,1337,403014,1119.4833333333333,NORMAL,N,402939,402954,402976,402999,403023,403086,403117,403149,inverted
219,1338,403240,1120.111111111111,NORMAL,N,403169,403202,403217,403225,403254,403305,403342,403373,inverted
219,1339,403489,1120.8027777777777,NORMAL,N,,,,403475,403502,403564,403593,403626,inverted
219,1340,403729,1121.4694444444444,NORMAL,N,403678,403681,403702,403714,403738,403799,403827,403861,inverted
219,1341,403936,1122.0444444444445,NORMAL,N,,,,403920,403945,403998,404034,404063,inverted
219,1342,404230,1122.861111111111,NORMAL,N,404130,404148,404167,404216,404240,404296,404335,404368,inverted
219,1343,404500,1123.611111111111,NORMAL,N,404411,404422,404432,404486,404514,404571,404602,404634,inverted
219,1344,404857,1124.6027777777779,NORMAL,N,,,,404842,404866,404937,405011,405026,biphasic_negative_positive
219,1345,405212,1125.588888888889,NORMAL,N,,,,405198,405222,405284,405319,405349,inverted
219,1346,405510,1126.4166666666667,NORMAL,N,405413,405424,405470,405496,405525,405591,405617,405646,inverted
219,1347,405746,1127.0722222222223,NORMAL,N,405659,405683,405723,405732,405762,405831,405852,405880,inverted
219,1348,405990,1127.75,NORMAL,N,405896,405924,405954,405976,406000,406061,406091,406124,inverted
219,1349,406197,1128.325,PVC,V,,,,406158,406210,406240,406287,406330,inverted
219,1350,406460,1129.0555555555557,NORMAL,N,406360,406377,406387,406445,406470,406519,406563,406592,inverted
219,1351,406671,1129.6416666666667,NORMAL,N,,,,406657,406681,406715,406768,406795,inverted
219,1352,406915,1130.3194444444443,NORMAL,N,406838,406848,406866,406901,406924,406980,407013,407046,inverted
219,1353,407232,1131.2,NORMAL,N,,,,407217,407241,407315,407338,407370,inverted
219,1354,407489,1131.9138888888888,NORMAL,N,,,,407474,407503,407561,407590,407620,inverted
219,1355,407716,1132.5444444444445,NORMAL,N,,,,407701,407725,407786,407814,407845,inverted
219,1356,408010,1133.361111111111,NORMAL,N,,,,407996,408019,,408075,408108,negative_monophasic
219,1357,408212,1133.9222222222222,NORMAL,N,,,,408198,408221,408276,408305,408341,inverted
219,1358,408504,1134.7333333333333,NORMAL,N,408423,408437,408447,408490,408513,408576,408605,408639,inverted
219,1359,408751,1135.4194444444445,NORMAL,N,,,,408737,408760,408818,408851,408882,inverted
219,1360,409004,1136.1222222222223,NORMAL,N,,,,408989,409014,409076,409101,409133,inverted
219,1361,409308,1136.9666666666667,NORMAL,N,,,,409294,409317,409374,409406,409436,inverted
219,1362,409594,1137.7611111111112,NORMAL,N,,,,409580,409603,409658,409696,409725,inverted
219,1363,409889,1138.5805555555555,NORMAL,N,409789,409803,409821,409874,409898,409960,409992,410026,inverted
219,1364,410132,1139.2555555555555,NORMAL,N,410056,410061,410078,410118,410147,410207,410233,410264,inverted
219,1365,410371,1139.9194444444445,NORMAL,N,410268,410277,410296,410357,410385,410416,410463,410488,inverted
219,1366,410683,1140.786111111111,NORMAL,N,410597,410613,410646,410668,410693,410751,410786,410819,inverted
219,1367,411032,1141.7555555555555,NORMAL,N,410956,410971,411005,411017,411045,411111,411137,411173,inverted
219,1368,411354,1142.65,NORMAL,N,,,,411339,411363,411429,411460,411491,inverted
219,1369,411661,1143.5027777777777,NORMAL,N,,,,411647,411670,,411727,411761,negative_monophasic
219,1370,411864,1144.0666666666666,NORMAL,N,,,,411849,411873,411919,411954,411981,inverted
219,1371,412214,1145.0388888888888,NORMAL,N,,,,412199,412224,,412288,412320,negative_monophasic
219,1372,412421,1145.6138888888888,NORMAL,N,,,,412406,412435,412473,412515,412548,inverted
219,1373,412749,1146.525,NORMAL,N,412664,412682,412694,412734,412763,412821,412844,412880,inverted
219,1374,413298,1148.05,NORMAL,N,413213,413225,413248,413282,413308,413375,413404,413440,inverted
219,1375,413616,1148.9333333333334,NORMAL,N,413525,413535,413560,413602,413627,413690,413718,413747,inverted
219,1376,413915,1149.763888888889,NORMAL,N,413821,413833,413858,413900,413924,413987,414016,414044,inverted
219,1377,414219,1150.6083333333333,NORMAL,N,414127,414139,414163,414205,414229,414290,414317,414348,inverted
219,1378,414514,1151.4277777777777,NORMAL,N,414424,414437,414462,414500,414523,414584,414616,414646,inverted
219,1379,414833,1152.3138888888889,NORMAL,N,414742,414752,414775,414818,414844,414910,414937,414966,inverted
219,1380,415150,1153.1944444444443,NORMAL,N,415059,415070,415094,415135,415160,415224,415255,415284,inverted
219,1381,415461,1154.0583333333334,NORMAL,N,415368,415382,415405,415446,415470,415534,415562,415590,inverted
219,1382,415814,1155.0388888888888,NORMAL,N,415723,415734,415746,415800,415824,415889,415913,415942,inverted
219,1383,416113,1155.8694444444445,NORMAL,N,416016,416028,416053,416099,416123,416186,416213,416242,inverted
219,1384,416430,1156.75,NORMAL,N,416336,416349,416373,416416,416439,416502,416530,416559,inverted
219,1385,416754,1157.65,NORMAL,N,416665,416675,416697,416740,416764,416822,416854,416882,inverted
219,1386,417069,1158.525,NORMAL,N,416978,416990,417013,417055,417079,417144,417171,417202,inverted
219,1387,417389,1159.4138888888888,NORMAL,N,417294,417306,417332,417375,417399,417444,417490,417520,inverted
219,1388,417964,1161.0111111111112,NORMAL,N,417881,417892,417917,417949,417973,418032,418065,418099,inverted
219,1389,418523,1162.5638888888889,NORMAL,N,418439,418449,418473,418507,418533,418600,418629,418662,inverted
219,1390,418839,1163.4416666666666,NORMAL,N,418748,418761,418785,418825,418849,418914,418943,418970,inverted
219,1391,419148,1164.3,NORMAL,N,419059,419070,419092,419133,419157,419221,419250,419278,inverted
219,1392,419450,1165.138888888889,NORMAL,N,419360,419372,419395,419435,419459,419523,419554,419585,inverted
219,1393,419761,1166.0027777777777,NORMAL,N,419667,419679,419703,419746,419770,419838,419866,419897,inverted
219,1394,420069,1166.8583333333333,NORMAL,N,419976,419989,420013,420054,420079,420145,420174,420205,inverted
219,1395,420380,1167.7222222222222,NORMAL,N,420287,420299,420321,420365,420389,420434,420480,420510,inverted
219,1396,420956,1169.3222222222223,NORMAL,N,420872,420882,420907,420942,420967,421025,421066,421098,inverted
219,1397,421521,1170.8916666666667,NORMAL,N,421438,421453,421476,421508,421532,421591,421628,421662,inverted
219,1398,422070,1172.4166666666667,NORMAL,N,421987,421998,422023,422055,422079,422141,422182,422218,inverted
219,1399,422623,1173.9527777777778,NORMAL,N,422543,422555,422578,422609,422632,422690,422727,422759,inverted
219,1400,423160,1175.4444444444443,NORMAL,N,423082,423093,423116,423146,423170,423236,423267,423300,inverted
219,1401,423464,1176.2888888888888,NORMAL,N,423378,423389,423413,423450,423474,423543,423572,423602,inverted
219,1402,423772,1177.1444444444444,NORMAL,N,423683,423695,423719,423757,423781,423846,423876,423904,inverted
219,1403,424065,1177.9583333333333,NORMAL,N,423976,423989,424013,424051,424074,424121,424165,424199,inverted
219,1404,424596,1179.4333333333334,NORMAL,N,424516,424526,424549,424582,424607,424677,424710,424744,inverted
219,1405,424910,1180.3055555555557,NORMAL,N,424821,424834,424857,424894,424920,424985,425016,425046,inverted
219,1406,425207,1181.1305555555555,NORMAL,N,425117,425131,425154,425192,425217,425284,425314,425346,inverted
219,1407,425514,1181.9833333333333,NORMAL,N,425422,425434,425457,425499,425523,425587,425616,425644,inverted
219,1408,425815,1182.8194444444443,NORMAL,N,425725,425736,425760,425800,425825,425891,425920,425949,inverted
219,1409,426125,1183.6805555555557,NORMAL,N,426028,426042,426067,426110,426135,426197,426231,426262,inverted
219,1410,426437,1184.5472222222222,NORMAL,N,426347,426358,426381,426423,426446,426494,426538,426569,inverted
219,1411,426985,1186.0694444444443,NORMAL,N,426899,426911,426936,426970,426995,427058,427099,427135,inverted
219,1412,427545,1187.625,NORMAL,N,427456,427478,427500,427531,427554,427612,427651,427685,inverted
219,1413,428092,1189.1444444444444,NORMAL,N,428013,428023,428049,428077,428101,428164,428204,428240,inverted
219,1414,428649,1190.6916666666666,NORMAL,N,428568,428578,428592,428634,428658,428702,428714,428755,normal
219,1415,428840,1191.2222222222222,PVC,V,,,,428821,428877,428941,428967,428994,normal
219,1416,429191,1192.1972222222223,NORMAL,N,429105,429117,429142,429176,429200,429259,429299,429334,inverted
219,1417,429737,1193.713888888889,NORMAL,N,429658,429669,429690,429723,429747,429817,429848,429884,inverted
219,1418,430032,1194.5333333333333,NORMAL,N,429949,429961,429983,430018,430040,430106,430137,430166,inverted
219,1419,430320,1195.3333333333333,NORMAL,N,430233,430245,430269,430305,430329,430397,430428,430460,inverted
219,1420,430615,1196.1527777777778,NORMAL,N,430528,430541,430561,430600,430625,430694,430724,430754,inverted
219,1421,430918,1196.9944444444445,NORMAL,N,430828,430840,430864,430904,430928,430996,431027,431058,inverted
219,1422,431213,1197.8138888888889,NORMAL,N,431126,431138,431161,431199,431227,431290,431318,431348,inverted
219,1423,431516,1198.6555555555556,NORMAL,N,431428,431440,431463,431502,431526,431588,431620,431653,inverted
219,1424,431829,1199.525,NORMAL,N,431738,431750,431773,431814,431839,431906,431938,431973,inverted
219,1425,432151,1200.4194444444445,NORMAL,N,432057,432069,432093,432136,432160,432227,432258,432290,inverted
219,1426,432471,1201.3083333333334,NORMAL,N,432382,432394,432415,432457,432482,432531,432578,432608,inverted
219,1427,433041,1202.8916666666667,NORMAL,N,432961,432972,432998,433027,433052,433120,433155,433189,inverted
219,1428,433617,1204.4916666666666,NORMAL,N,433539,433550,433572,433603,433627,433697,433726,433762,inverted
219,1429,433939,1205.3861111111112,NORMAL,N,433854,433867,433889,433925,433953,434015,434045,434073,inverted
219,1430,434246,1206.2388888888888,NORMAL,N,434158,434169,434191,434231,434256,434322,434354,434386,inverted
219,1431,434557,1207.1027777777779,NORMAL,N,434468,434481,434503,434542,434567,434615,434659,434692,inverted
219,1432,435083,1208.5638888888889,NORMAL,N,435004,435015,435039,435068,435092,435158,435189,435224,inverted
219,1433,435390,1209.4166666666667,NORMAL,N,435303,435315,435338,435375,435404,435465,435494,435524,inverted
219,1434,435697,1210.2694444444444,NORMAL,N,435608,435620,435642,435682,435707,435774,435803,435838,inverted
219,1435,436008,1211.1333333333334,NORMAL,N,435916,435930,435953,435994,436017,436066,436108,436139,inverted
219,1436,436543,1212.6194444444445,NORMAL,N,436452,436470,436493,436527,436553,436616,436652,436689,inverted
219,1437,437109,1214.1916666666666,NORMAL,N,437022,437041,437063,437094,437119,437186,437223,437257,inverted
219,1438,437652,1215.7,NORMAL,N,437573,437584,437608,437637,437662,437713,437724,437764,normal
219,1439,437847,1216.2416666666666,PVC,V,,,,437828,437885,437944,437971,438003,normal
219,1440,438207,1217.2416666666666,NORMAL,N,438124,438134,438158,438193,438217,438264,438275,438317,normal
219,1441,438407,1217.7972222222222,PVC,V,,,,438385,438423,438463,438501,438535,inverted
219,1442,438753,1218.7583333333334,NORMAL,N,438668,438680,438703,438738,438762,438804,438814,438853,normal
219,1443,438941,1219.2805555555556,PVC,V,,,,438921,438958,438979,439034,439071,inverted
219,1444,439173,1219.925,NORMAL,N,,,,439157,439186,439249,439277,439315,inverted
219,1445,439401,1220.5583333333334,NORMAL,N,,,,439386,439415,439468,439498,439533,inverted
219,1446,439826,1221.7388888888888,NORMAL,N,439762,439793,439805,439813,439839,439892,439927,439964,inverted
219,1447,440118,1222.55,NORMAL,N,440037,440054,440066,440104,440134,440201,440225,440256,inverted
219,1448,440351,1223.1972222222223,NORMAL,N,440263,440289,440320,440337,440364,440421,440449,440480,inverted
219,1449,440584,1223.8444444444444,NORMAL,N,,,,440569,440593,440653,440684,440714,inverted
219,1450,440862,1224.6166666666666,NORMAL,N,,,,440848,440872,440927,440963,440992,inverted
219,1451,441150,1225.4166666666667,NORMAL,N,,,,441136,441165,441215,441252,441281,inverted
219,1452,441427,1226.1861111111111,NORMAL,N,441347,441357,441365,441412,441436,441506,441530,441562,inverted
219,1453,441645,1226.7916666666667,NORMAL,N,441565,441603,441623,441630,441654,441721,441748,441784,inverted
219,1454,441940,1227.611111111111,NORMAL,N,,,,441926,441949,442014,442040,442073,inverted
219,1455,442256,1228.4888888888888,NORMAL,N,,,,442242,442271,442332,442353,442383,inverted
219,1456,442544,1229.2888888888888,NORMAL,N,442449,442463,442494,442531,442559,442614,442647,442680,inverted
219,1457,442809,1230.025,NORMAL,N,,,,442794,442818,442881,442904,442934,inverted
219,1458,443037,1230.6583333333333,NORMAL,N,,,,443022,443046,443109,443133,443163,inverted
219,1459,443351,1231.5305555555556,NORMAL,N,443283,443294,443318,443336,443360,443402,443453,443485,inverted
219,1460,443666,1232.4055555555556,NORMAL,N,443542,443571,443590,443651,443675,443738,443767,443796,inverted
219,1461,443941,1233.1694444444445,NORMAL,N,443891,443902,443918,443926,443951,444013,444043,444073,inverted
219,1462,444205,1233.9027777777778,NORMAL,N,444101,444111,444121,444190,444218,444282,444309,444344,inverted
219,1463,444462,1234.6166666666666,NORMAL,N,,,,444448,444477,444523,444560,444594,inverted
219,1464,444768,1235.4666666666667,NORMAL,N,,,,444754,444777,444832,444865,444898,inverted
219,1465,445071,1236.3083333333334,NORMAL,N,,,,445056,445080,445141,445173,445212,inverted
219,1466,445372,1237.1444444444444,NORMAL,N,,,,445358,445381,445443,445476,445512,inverted
219,1467,445708,1238.0777777777778,NORMAL,N,,,,445694,445718,445787,445817,445849,inverted
219,1468,445942,1238.7277777777779,NORMAL,N,,,,445928,445950,446014,446037,446067,inverted
219,1469,446206,1239.4611111111112,NORMAL,N,,,,446193,446215,446275,446301,446330,inverted
219,1470,446433,1240.0916666666667,NORMAL,N,446332,446383,446396,446418,446443,446503,446533,446560,inverted
219,1471,446698,1240.8277777777778,NORMAL,N,,,,446683,446708,446773,446803,446837,inverted
219,1472,446956,1241.5444444444445,NORMAL,N,,,,446942,446969,447019,447052,447083,inverted
219,1473,447261,1242.3916666666667,NORMAL,N,,,,447248,447270,447329,447356,447388,inverted
219,1474,447518,1243.1055555555556,NORMAL,N,447471,447485,447495,447504,447527,447579,447615,447645,inverted
219,1475,447870,1244.0833333333333,NORMAL,N,,,,447856,447879,447943,447973,448010,inverted
219,1476,448180,1244.9444444444443,NORMAL,N,448074,448089,448100,448165,448189,448255,448283,448313,inverted
219,1477,448407,1245.575,NORMAL,N,448360,448367,448380,448392,448416,448469,448500,448529,inverted
219,1478,448679,1246.3305555555555,NORMAL,N,448622,448633,448649,448665,448693,448749,448773,448807,inverted
219,1479,448996,1247.2111111111112,NORMAL,N,,,,448982,449006,449057,449097,449129,inverted
219,1480,449310,1248.0833333333333,NORMAL,N,449229,449239,449261,449296,449325,449387,449411,449438,inverted
219,1481,449635,1248.986111111111,NORMAL,N,449564,449568,449578,449621,449650,449703,449733,449769,inverted
219,1482,449918,1249.7722222222221,NORMAL,N,449799,449819,449834,449904,449927,449971,450013,450040,inverted
219,1483,450131,1250.3638888888888,NORMAL,N,,,,450116,450141,450168,450225,450253,inverted
219,1484,450433,1251.2027777777778,NORMAL,N,450351,450376,450402,450418,450443,450483,450530,450560,inverted
219,1485,450709,1251.9694444444444,NORMAL,N,450614,450638,450655,450695,450724,450785,450811,450839,inverted
219,1486,451152,1253.2,NORMAL,N,451061,451086,451106,451138,451162,451222,451251,451289,inverted
219,1487,451498,1254.161111111111,NORMAL,N,,,,451484,451508,451560,451602,451629,inverted
219,1488,451773,1254.925,NORMAL,N,451677,451688,451706,451758,451782,451830,451868,451896,inverted
219,1489,452011,1255.5861111111112,NORMAL,N,451936,451962,451989,451996,452020,452084,452110,452137,inverted
219,1490,452238,1256.2166666666667,NORMAL,N,,,,452224,452252,452316,452334,452362,inverted
219,1491,452501,1256.9472222222223,NORMAL,N,452425,452439,452473,452485,452511,,452563,452597,negative_monophasic
219,1492,452701,1257.5027777777777,NORMAL,N,452600,452637,452648,452687,452715,452774,452793,452824,inverted
219,1493,453070,1258.5277777777778,NORMAL,N,453003,453022,453042,453056,453080,453138,453174,453208,inverted
219,1494,453386,1259.4055555555556,NORMAL,N,453326,453351,453364,453372,453395,453452,453482,453514,inverted
219,1495,453651,1260.1416666666667,NORMAL,N,453580,453598,453619,453638,453661,453713,453747,453775,inverted
219,1496,453990,1261.0833333333333,NORMAL,N,453896,453915,453934,453976,454005,454062,454096,454130,inverted
219,1497,454516,1262.5444444444445,NORMAL,N,454433,454458,454495,454502,454530,454591,454617,454648,inverted
219,1498,454803,1263.3416666666667,NORMAL,N,454718,454742,454762,454789,454817,454876,454898,454932,inverted
219,1499,454993,1263.8694444444445,NORMAL,N,,,,454978,455003,455071,455090,455125,inverted
219,1500,455232,1264.5333333333333,NORMAL,N,455155,455172,455188,455218,455247,455311,455331,455376,inverted
219,1501,455477,1265.213888888889,NORMAL,N,455410,455427,455443,455462,455486,455537,455576,455606,inverted
219,1502,455692,1265.8111111111111,NORMAL,N,,,,455676,455701,455764,455783,455811,inverted
219,1503,455976,1266.6,NORMAL,N,,,,455961,455985,456041,456070,456102,inverted
219,1504,456312,1267.5333333333333,NORMAL,N,456234,456264,456289,456297,456321,456386,456413,456443,inverted
219,1505,456538,1268.161111111111,NORMAL,N,456467,456468,456489,456523,456554,456603,456636,456663,inverted
219,1506,456755,1268.763888888889,NORMAL,N,,,,456741,456765,456820,456849,456882,inverted
219,1507,457084,1269.6777777777777,NORMAL,N,,,,457070,457093,457142,457182,457213,inverted
219,1508,457364,1270.4555555555555,NORMAL,N,,,,457350,457378,457432,457463,457495,inverted
219,1509,457636,1271.2111111111112,NORMAL,N,457585,457602,457616,457623,457651,457703,457733,457763,inverted
219,1510,457952,1272.088888888889,NORMAL,N,457855,457861,457873,457937,457962,458026,458052,458085,inverted
219,1511,458190,1272.75,NORMAL,N,458101,458109,458120,458176,458204,458257,458283,458314,inverted
219,1512,458466,1273.5166666666667,NORMAL,N,,,,458452,458480,458527,458597,458613,biphasic_negative_positive
219,1513,458777,1274.3805555555555,NORMAL,N,,,,458763,458792,458853,458879,458910,inverted
219,1514,459050,1275.138888888889,NORMAL,N,458960,458971,458981,459036,459061,459119,459148,459175,inverted
219,1515,459300,1275.8333333333333,NORMAL,N,459229,459239,459253,459285,459314,459376,459397,459427,inverted
219,1516,459589,1276.6361111111112,NORMAL,N,,,,459575,459598,459653,459687,459717,inverted
219,1517,459910,1277.5277777777778,NORMAL,N,459784,459794,459804,459895,459919,459980,460007,460034,inverted
219,1518,460118,1278.1055555555556,NORMAL,N,460035,460068,460096,460103,460127,460172,460213,460242,inverted
219,1519,460412,1278.9222222222222,NORMAL,N,,,,460397,460426,460478,460512,460546,inverted
219,1520,460697,1279.713888888889,NORMAL,N,,,,460683,460711,460761,460794,460823,inverted
219,1521,460929,1280.3583333333333,NORMAL,N,460862,460878,460896,460915,460939,460972,461018,461047,inverted
219,1522,461230,1281.1944444444443,NORMAL,N,,,,461215,461239,461306,461331,461363,inverted
219,1523,461513,1281.9805555555556,NORMAL,N,,,,461498,461522,461568,461607,461636,inverted
219,1524,461765,1282.6805555555557,NORMAL,N,461671,461687,461706,461751,461780,461834,461861,461887,inverted
219,1525,462070,1283.5277777777778,NORMAL,N,461974,461990,462008,462055,462084,462136,462164,462199,inverted
219,1526,462371,1284.3638888888888,NORMAL,N,462307,462319,462331,462356,462380,462416,462463,462489,inverted
219,1527,462597,1284.9916666666666,NORMAL,N,462502,462533,462553,462582,462606,462667,462692,462720,inverted
219,1528,462867,1285.7416666666666,NORMAL,N,,,,462853,462876,462943,462966,462994,inverted
219,1529,463105,1286.4027777777778,NORMAL,N,463028,463051,463082,463091,463114,463171,463199,463235,inverted
219,1530,463422,1287.2833333333333,NORMAL,N,463322,463334,463343,463408,463431,463472,463515,463544,inverted
219,1531,463678,1287.9944444444445,NORMAL,N,463624,463638,463655,463664,463688,463748,463774,463807,inverted
219,1532,463902,1288.6166666666666,NORMAL,N,463814,463824,463840,463886,463912,463969,463996,464029,inverted
219,1533,464184,1289.4,NORMAL,N,464099,464118,464160,464169,464194,464245,464282,464314,inverted
219,1534,464434,1290.0944444444444,NORMAL,N,464353,464382,464399,464420,464447,464506,464529,464560,inverted
219,1535,464755,1290.986111111111,NORMAL,N,464690,464706,464734,464741,464766,464824,464853,464881,inverted
219,1536,465087,1291.9083333333333,NORMAL,N,,,,465072,465097,465157,465185,465216,inverted
219,1537,465448,1292.911111111111,NORMAL,N,,,,465435,465458,465513,465544,465575,inverted
219,1538,465831,1293.975,NORMAL,N,465748,465763,465799,465817,465841,465898,465927,465958,inverted
219,1539,466131,1294.8083333333334,NORMAL,N,466036,466072,466095,466117,466146,466199,466229,466259,inverted
219,1540,466393,1295.536111111111,NORMAL,N,466343,466361,466370,466379,466403,466463,466486,466513,inverted
219,1541,466691,1296.3638888888888,NORMAL,N,466605,466618,466630,466676,466700,466749,466782,466811,inverted
219,1542,466971,1297.1416666666667,NORMAL,N,,,,466957,466980,467032,467066,467092,inverted
219,1543,467189,1297.7472222222223,NORMAL,N,467130,467149,467166,467175,467199,467259,467284,467314,inverted
219,1544,467453,1298.4805555555556,NORMAL,N,,,,467439,467463,467529,467554,467586,inverted
219,1545,467752,1299.3111111111111,NORMAL,N,,,,467737,467762,467831,467851,467882,inverted
219,1546,468032,1300.088888888889,NORMAL,N,,,,468017,468041,468106,468131,468163,inverted
219,1547,468346,1300.9611111111112,NORMAL,N,468267,468282,468297,468332,468359,468419,468445,468482,inverted
219,1548,468563,1301.5638888888889,NORMAL,N,,,,468548,468572,468618,468710,468729,biphasic_negative_positive
219,1549,468849,1302.3583333333333,NORMAL,N,468759,468771,468799,468835,468859,468914,468942,468974,inverted
219,1550,469147,1303.1861111111111,NORMAL,N,,,,469134,469162,469212,469242,469269,inverted
219,1551,469458,1304.05,NORMAL,N,,,,469445,469467,469512,469551,469584,inverted
219,1552,469846,1305.1277777777777,NORMAL,N,,,,469831,469855,469921,469949,469983,inverted
219,1553,470171,1306.0305555555556,NORMAL,N,,,,470156,470180,470241,470271,470302,inverted
219,1554,470449,1306.8027777777777,NORMAL,N,,,,470434,470462,470514,470619,470648,biphasic_negative_positive
219,1555,470743,1307.6194444444445,NORMAL,N,,,,470729,470752,470806,470837,470870,inverted
219,1556,470964,1308.2333333333333,NORMAL,N,470880,470882,470896,470948,470978,471027,471058,471089,inverted
219,1557,471321,1309.225,NORMAL,N,,,,471307,471330,471389,471503,471523,biphasic_negative_positive
219,1558,471667,1310.1861111111111,NORMAL,N,,,,471653,471676,471731,471761,471791,inverted
219,1559,471986,1311.0722222222223,NORMAL,N,471858,471872,471902,471971,471999,472058,472084,472117,inverted
219,1560,472259,1311.8305555555555,NORMAL,N,472179,472194,472231,472245,472273,472336,472356,472394,inverted
219,1561,472586,1312.7388888888888,NORMAL,N,472515,472549,472565,472572,472595,472658,472687,472719,inverted
219,1562,472838,1313.4388888888889,NORMAL,N,472764,472779,472817,472824,472847,472912,472931,472957,inverted
219,1563,473094,1314.15,NORMAL,N,472968,472983,473026,473080,473108,473159,473184,473213,inverted
219,1564,473325,1314.7916666666667,NORMAL,N,,,,473311,473334,473398,473419,473454,inverted
219,1565,473543,1315.3972222222221,NORMAL,N,,,,473528,473554,473611,473638,473670,inverted
219,1566,473856,1316.2666666666667,NORMAL,N,,,,473842,473865,473930,473951,473988,inverted
219,1567,474117,1316.9916666666666,NORMAL,N,474035,474052,474077,474102,474127,474181,474207,474237,inverted
219,1568,474335,1317.5972222222222,NORMAL,N,,,,474320,474344,474385,474426,474454,inverted
219,1569,474702,1318.6166666666666,NORMAL,N,,,,474687,474711,474760,474796,474824,inverted
219,1570,474975,1319.375,NORMAL,N,474841,474876,474894,474961,474989,475048,475070,475106,inverted
219,1571,475207,1320.0194444444444,NORMAL,N,,,,475193,475217,475277,475301,475332,inverted
219,1572,475505,1320.8472222222222,NORMAL,N,475419,475457,475473,475490,475515,475580,475603,475634,inverted
219,1573,475781,1321.6138888888888,NORMAL,N,,,,475767,475791,475849,475879,475910,inverted
219,1574,475983,1322.175,NORMAL,N,,,,475968,475993,476046,476116,476142,biphasic_negative_positive
219,1575,476297,1323.0472222222222,NORMAL,N,476188,476214,476230,476283,476307,476361,476392,476424,inverted
219,1576,476586,1323.85,NORMAL,N,476516,476526,476537,476572,476600,476637,476678,476704,inverted
219,1577,476875,1324.6527777777778,NORMAL,N,476794,476811,476838,476861,476885,476937,476969,476999,inverted
219,1578,477090,1325.25,NORMAL,N,477011,477026,477042,477075,477100,477144,477184,477206,inverted
219,1579,477457,1326.2694444444444,NORMAL,N,477364,477378,477392,477443,477471,477525,477556,477589,inverted
219,1580,477775,1327.1527777777778,NORMAL,N,477696,477744,477754,477761,477784,477841,477869,477896,inverted
219,1581,478097,1328.0472222222222,NORMAL,N,478038,478051,478067,478083,478111,478154,478189,478220,inverted
219,1582,478297,1328.6027777777779,PVC,V,478235,478238,478285,478292,478307,478332,478374,478422,inverted
219,1583,478576,1329.3777777777777,NORMAL,N,,,,478560,478586,478646,478676,478705,inverted
219,1584,478878,1330.2166666666667,NORMAL,N,478796,478821,478855,478863,478892,478950,478976,479009,inverted
219,1585,479189,1331.0805555555555,NORMAL,N,479113,479140,479168,479174,479203,479245,479285,479315,inverted
219,1586,479459,1331.8305555555555,NORMAL,N,479404,479415,479431,479444,479468,479533,479556,479586,inverted
219,1587,479687,1332.463888888889,NORMAL,N,,,,479674,479697,479749,479774,479805,inverted
219,1588,480004,1333.3444444444444,NORMAL,N,479902,479927,479951,479990,480022,480070,480105,480138,inverted
219,1589,481112,1336.4222222222222,NORMAL,N,481029,481041,481065,481097,481122,481190,481221,481259,inverted
219,1590,481439,1337.3305555555555,NORMAL,N,481348,481360,481385,481424,481448,481509,481540,481569,inverted
219,1591,481719,1338.1083333333333,NORMAL,N,481635,481646,481668,481705,481728,481791,481817,481846,inverted
219,1592,482012,1338.9222222222222,NORMAL,N,481922,481934,481958,481997,482021,482060,482111,482141,inverted
219,1593,482552,1340.4222222222222,NORMAL,N,482472,482482,482507,482537,482561,482626,482658,482692,inverted
219,1594,482838,1341.2166666666667,NORMAL,N,482749,482763,482786,482824,482847,482886,482938,482969,inverted
219,1595,483371,1342.6972222222223,NORMAL,N,483290,483301,483325,483356,483381,483444,483477,483514,inverted
219,1596,483665,1343.513888888889,NORMAL,N,483570,483585,483611,483651,483679,483714,483764,483796,inverted
219,1597,484212,1345.0333333333333,NORMAL,N,484130,484141,484167,484197,484222,484283,484316,484350,inverted
219,1598,484504,1345.8444444444444,NORMAL,N,484410,484423,484448,484489,484518,484555,484603,484632,inverted
219,1599,484994,1347.2055555555555,NORMAL,N,484899,484917,484932,484980,485003,485050,485102,485136,inverted
219,1600,485404,1348.3444444444444,NORMAL,N,485320,485331,485354,485389,485414,485463,485508,485539,inverted
219,1601,485978,1349.9388888888889,NORMAL,N,485897,485910,485932,485963,485988,486056,486087,486121,inverted
219,1602,486278,1350.7722222222221,NORMAL,N,486191,486203,486227,486264,486287,486330,486382,486412,inverted
219,1603,486816,1352.2666666666667,NORMAL,N,486738,486752,486775,486802,486826,486890,486924,486957,inverted
219,1604,487108,1353.0777777777778,NORMAL,N,487024,487035,487058,487094,487123,487161,487214,487244,inverted
219,1605,487659,1354.6083333333333,NORMAL,N,487578,487590,487614,487645,487669,487730,487762,487798,inverted
219,1606,487949,1355.4138888888888,NORMAL,N,487858,487871,487896,487935,487962,487998,488047,488077,inverted
219,1607,488495,1356.9305555555557,NORMAL,N,488412,488423,488435,488480,488505,488574,488605,488640,inverted
219,1608,488792,1357.7555555555555,NORMAL,N,488699,488712,488735,488777,488805,488843,488895,488927,inverted
219,1609,489326,1359.2388888888888,NORMAL,N,489247,489259,489281,489311,489336,489405,489434,489468,inverted
219,1610,489620,1360.0555555555557,NORMAL,N,489530,489542,489566,489605,489634,489672,489727,489758,inverted
219,1611,490168,1361.5777777777778,NORMAL,N,490087,490103,490125,490154,490178,490246,490275,490310,inverted
219,1612,490456,1362.3777777777777,NORMAL,N,490373,490384,490408,490443,490471,490508,490558,490586,inverted
219,1613,490989,1363.8583333333333,NORMAL,N,490907,490917,490942,490974,490998,491064,491096,491132,inverted
219,1614,491288,1364.6888888888889,NORMAL,N,491202,491214,491236,491274,491302,491343,491390,491420,inverted
219,1615,491823,1366.175,NORMAL,N,491742,491754,491778,491809,491833,491901,491929,491963,inverted
219,1616,492116,1366.9888888888888,NORMAL,N,492022,492036,492062,492101,492130,492168,492219,492250,inverted
219,1617,492659,1368.4972222222223,NORMAL,N,492580,492590,492613,492644,492668,492726,492768,492803,inverted
219,1618,493217,1370.0472222222222,NORMAL,N,493133,493145,493169,493203,493227,493296,493329,493366,inverted
219,1619,493520,1370.888888888889,NORMAL,N,493432,493444,493468,493506,493534,493572,493624,493655,inverted
219,1620,494034,1372.3166666666666,NORMAL,N,493957,493967,493990,494020,494044,494109,494141,494178,inverted
219,1621,494335,1373.1527777777778,NORMAL,N,494248,494260,494283,494321,494348,494388,494436,494467,inverted
219,1622,494875,1374.6527777777778,NORMAL,N,494792,494804,494829,494860,494885,494950,494984,495019,inverted
219,1623,495164,1375.4555555555555,NORMAL,N,495075,495088,495113,495150,495178,495218,495269,495299,inverted
219,1624,495697,1376.9361111111111,NORMAL,N,495619,495629,495653,495683,495708,495781,495813,495849,inverted
219,1625,496000,1377.7777777777778,NORMAL,N,495914,495924,495949,495986,496014,496055,496106,496138,inverted
219,1626,496516,1379.2111111111112,NORMAL,N,,,,496502,496526,496585,496624,496663,inverted
219,1627,497068,1380.7444444444445,NORMAL,N,496991,497001,497026,497053,497078,497122,497134,497177,normal
219,1628,497278,1381.3277777777778,PVC,V,,,,497265,497295,497372,497395,497424,normal
219,1629,497631,1382.3083333333334,NORMAL,N,497549,497560,497583,497616,497641,497683,497694,497735,normal
219,1630,497830,1382.861111111111,PVC,V,,,,497793,497840,497869,497917,497956,inverted
219,1631,498188,1383.8555555555556,NORMAL,N,498100,498112,498136,498171,498197,498260,498299,498335,inverted
219,1632,498755,1385.4305555555557,NORMAL,N,498669,498688,498709,498740,498764,498822,498864,498902,inverted
219,1633,499307,1386.963888888889,NORMAL,N,499223,499240,499264,499292,499317,499379,499419,499455,inverted
219,1634,499869,1388.525,NORMAL,N,499795,499805,499828,499855,499878,499939,499978,500015,inverted
219,1635,500418,1390.05,NORMAL,N,500338,500349,500373,500402,500427,500471,500483,500529,normal
219,1636,500617,1390.6027777777779,PVC,V,,,,500592,500657,500692,500750,500774,biphasic_negative_positive
219,1637,500977,1391.6027777777779,NORMAL,N,500893,500903,500926,500960,500986,501027,501039,501083,normal
219,1638,501162,1392.1166666666666,PVC,V,,,,501143,501200,501265,501293,501316,normal
219,1639,501525,1393.125,NORMAL,N,501439,501450,501474,501509,501535,501577,501588,501629,normal
219,1640,501717,1393.6583333333333,PVC,V,,,,501694,501733,501779,501808,501852,inverted
219,1641,502020,1394.5,NORMAL,N,,,,502005,502035,502100,502131,502166,inverted
219,1642,502250,1395.138888888889,NORMAL,N,,,,502235,502258,502317,502343,502381,inverted
219,1643,502485,1395.7916666666667,NORMAL,N,502395,502416,502451,502470,502494,502550,502587,502616,inverted
219,1644,502779,1396.6083333333333,NORMAL,N,502694,502713,502735,502764,502790,502854,502884,502912,inverted
219,1645,502987,1397.1861111111111,NORMAL,N,,,,502969,502998,503048,503088,503116,inverted
219,1646,503298,1398.05,NORMAL,N,503211,503232,503245,503283,503308,503374,503399,503438,inverted
219,1647,503583,1398.8416666666667,NORMAL,N,,,,503568,503592,503647,503681,503710,inverted
219,1648,503823,1399.5083333333334,PVC,V,503749,503753,503808,503817,503832,503859,503906,503964,inverted
219,1649,504109,1400.3027777777777,NORMAL,N,,,,504092,504119,504173,504208,504240,inverted
219,1650,504426,1401.1833333333334,NORMAL,N,504337,504348,504361,504410,504436,504499,504530,504566,inverted
219,1651,504766,1402.1277777777777,NORMAL,N,,,,504751,504775,504836,504866,504901,inverted
219,1652,505061,1402.9472222222223,NORMAL,N,505012,505021,505034,505045,505070,505130,505155,505187,inverted
219,1653,505347,1403.7416666666666,NORMAL,N,505269,505279,505291,505331,505361,505427,505540,505553,biphasic_negative_positive
219,1654,505760,1404.888888888889,NORMAL,N,,,,505744,505769,505837,505865,505906,inverted
219,1655,506037,1405.6583333333333,NORMAL,N,505949,505960,505972,506023,506052,506104,506171,506186,biphasic_negative_positive
219,1656,506283,1406.3416666666667,NORMAL,N,,,,506268,506297,506361,506382,506415,inverted
219,1657,506517,1406.9916666666666,NORMAL,N,,,,506501,506527,506584,506610,506649,inverted
219,1658,506744,1407.6222222222223,PVC,V,506679,506687,506729,506737,506755,506791,506831,506875,inverted
219,1659,507023,1408.3972222222221,NORMAL,N,,,,507006,507033,507086,507125,507154,inverted
219,1660,507318,1409.2166666666667,NORMAL,N,507231,507255,507270,507302,507332,507390,507423,507457,inverted
219,1661,507660,1410.1666666666667,NORMAL,N,,,,507645,507670,507736,507764,507802,inverted
219,1662,507924,1410.9,NORMAL,N,507853,507865,507879,507909,507940,507993,508029,508061,inverted
219,1663,508180,1411.611111111111,NORMAL,N,,,,508166,508189,508237,508276,508306,inverted
219,1664,508486,1412.4611111111112,NORMAL,N,,,,508472,508496,508557,508583,508621,inverted
219,1665,508804,1413.3444444444444,NORMAL,N,508713,508738,508768,508788,508813,508879,508907,508936,inverted
219,1666,509073,1414.0916666666667,NORMAL,N,,,,509058,509087,509134,509171,509203,inverted
219,1667,509309,1414.7472222222223,NORMAL,N,,,,509293,509318,509373,509403,509436,inverted
219,1668,509613,1415.5916666666667,NORMAL,N,,,,509597,509623,509682,509710,509745,inverted
219,1669,509888,1416.3555555555556,NORMAL,N,509790,509827,509840,509871,509897,509952,509985,510015,inverted
219,1670,510116,1416.9888888888888,NORMAL,N,,,,510091,510126,510186,510214,510245,inverted
219,1671,510355,1417.6527777777778,NORMAL,N,,,,510339,510365,510436,510455,510502,inverted
219,1672,510610,1418.361111111111,NORMAL,N,,,,510595,510620,510653,510706,510733,inverted
219,1673,510894,1419.15,NORMAL,N,510748,510784,510811,510878,510903,510962,510989,511019,inverted
219,1674,511346,1420.4055555555556,NORMAL,N,,,,511330,511356,511421,511451,511486,inverted
219,1675,511640,1421.2222222222222,NORMAL,N,511561,511591,511606,511625,511650,511710,511741,511772,inverted
219,1676,511949,1422.0805555555555,NORMAL,N,,,,511934,511958,512026,512054,512080,inverted
219,1677,512159,1422.6638888888888,NORMAL,N,512081,512109,512113,512144,512169,512226,512252,512278,inverted
219,1678,512447,1423.463888888889,NORMAL,N,512346,512377,512406,512432,512456,512517,512541,512573,inverted
219,1679,512737,1424.2694444444444,NORMAL,N,512646,512660,512675,512722,512747,512804,512837,512868,inverted
219,1680,512989,1424.9694444444444,NORMAL,N,,,,512974,513000,513063,513090,513124,inverted
219,1681,513241,1425.6694444444445,NORMAL,N,,,,513226,513251,513321,513340,513370,inverted
219,1682,513517,1426.4361111111111,NORMAL,N,513418,513445,513456,513502,513525,513591,513614,513643,inverted
219,1683,513808,1427.2444444444445,NORMAL,N,,,,513782,513818,513878,513907,513935,inverted
219,1684,514139,1428.1638888888888,NORMAL,N,514045,514054,514065,514111,514148,514213,514242,514279,inverted
219,1685,514470,1429.0833333333333,NORMAL,N,514378,514389,514410,514454,514480,514545,514574,514605,inverted
219,1686,514708,1429.7444444444445,NORMAL,N,514623,514651,514685,514692,514722,514769,514806,514832,inverted
219,1687,514990,1430.5277777777778,NORMAL,N,514896,514936,514952,514975,515000,515060,515090,515120,inverted
219,1688,515327,1431.463888888889,NORMAL,N,,,,515311,515337,515404,515429,515470,inverted
219,1689,515651,1432.3638888888888,NORMAL,N,,,,515635,515665,515729,515752,515784,inverted
219,1690,515910,1433.0833333333333,NORMAL,N,,,,515884,515923,,515968,515999,negative_monophasic
219,1691,516107,1433.6305555555555,NORMAL,N,516007,516037,516050,516090,516116,516174,516198,516232,inverted
219,1692,516463,1434.6194444444445,NORMAL,N,,,,516448,516473,516517,516561,516596,inverted
219,1693,516739,1435.3861111111112,NORMAL,N,516658,516671,516685,516724,516753,,516803,516834,negative_monophasic
219,1694,516935,1435.9305555555557,NORMAL,N,516842,516888,516894,516918,516945,517008,517033,517066,inverted
219,1695,517262,1436.838888888889,NORMAL,N,,,,517247,517272,517333,517362,517392,inverted
219,1696,517604,1437.7888888888888,NORMAL,N,,,,517589,517614,517648,517705,517735,inverted
219,1697,517916,1438.6555555555556,NORMAL,N,517797,517811,517824,517889,517926,517979,518018,518046,inverted
219,1698,518274,1439.65,NORMAL,N,518179,518190,518204,518259,518284,518345,518446,518470,biphasic_negative_positive
219,1699,518601,1440.5583333333334,NORMAL,N,518512,518545,518565,518585,518610,518664,518697,518730,inverted
219,1700,518921,1441.4472222222223,NORMAL,N,,,,518907,518930,518987,519018,519051,inverted
219,1701,519182,1442.1722222222222,NORMAL,N,,,,519167,519191,519255,519278,519311,inverted
219,1702,519423,1442.8416666666667,NORMAL,N,,,,519406,519432,519486,519611,519630,biphasic_negative_positive
219,1703,519727,1443.6861111111111,NORMAL,N,,,,519711,519736,519799,519828,519863,inverted
219,1704,520079,1444.6638888888888,NORMAL,N,,,,520063,520088,520149,520180,520216,inverted
219,1705,520417,1445.6027777777779,NORMAL,N,520317,520341,520354,520401,520427,520482,520517,520545,inverted
219,1706,520715,1446.4305555555557,NORMAL,N,520600,520636,520658,520699,520724,520791,520814,520847,inverted
219,1707,521000,1447.2222222222222,NORMAL,N,,,,520974,521010,521069,521095,521123,inverted
219,1708,521241,1447.8916666666667,NORMAL,N,,,,521225,521250,521309,521337,521366,inverted
219,1709,521442,1448.45,NORMAL,N,,,,521414,521451,521501,521535,521568,inverted
219,1710,521788,1449.411111111111,NORMAL,N,,,,521771,521797,521866,521891,521929,inverted
219,1711,522107,1450.2972222222222,NORMAL,N,521980,521991,522025,522092,522116,522177,522206,522235,inverted
219,1712,522369,1451.025,NORMAL,N,522322,522331,522342,522354,522378,522424,522463,522491,inverted
219,1713,522569,1451.5805555555555,NORMAL,N,,,,522553,522579,522620,522664,522697,inverted
219,1714,522891,1452.475,NORMAL,N,,,,522875,522901,522947,522987,523018,inverted
219,1715,523177,1453.2694444444444,NORMAL,N,523091,523111,523151,523160,523186,523248,523274,523301,inverted
219,1716,523459,1454.0527777777777,NORMAL,N,523325,523348,523374,523442,523469,523518,523553,523582,inverted
219,1717,523750,1454.861111111111,NORMAL,N,,,,523734,523766,523813,523844,523873,inverted
219,1718,523956,1455.4333333333334,NORMAL,N,,,,523940,523966,524029,524096,524117,biphasic_negative_positive
219,1719,524197,1456.1027777777779,PVC,V,524118,524119,524180,524190,524208,524255,524280,524337,inverted
219,1720,524510,1456.9722222222222,NORMAL,N,524395,524413,524436,524495,524520,524582,524607,524642,inverted
219,1721,524756,1457.6555555555556,NORMAL,N,,,,524741,524765,524818,524846,524874,inverted
219,1722,525014,1458.3722222222223,NORMAL,N,,,,524998,525028,525096,525115,525143,inverted
219,1723,525282,1459.1166666666666,NORMAL,N,525173,525208,525234,525266,525291,525352,525379,525410,inverted
219,1724,525607,1460.0194444444444,NORMAL,N,525565,525574,525583,525590,525616,525674,525701,525732,inverted
219,1725,525824,1460.6222222222223,NORMAL,N,,,,525808,525834,525890,525918,525948,inverted
219,1726,526036,1461.2111111111112,NORMAL,N,,,,526020,526046,526082,526166,526176,biphasic_negative_positive
219,1727,526360,1462.111111111111,NORMAL,N,,,,526346,526370,526434,526458,526491,inverted
219,1728,526690,1463.0277777777778,NORMAL,N,,,,526674,526700,526758,526790,526820,inverted
219,1729,527012,1463.9222222222222,NORMAL,N,,,,526996,527026,527091,527111,527143,inverted
219,1730,527396,1464.9888888888888,NORMAL,N,,,,527380,527406,527461,527498,527528,inverted
219,1731,527678,1465.7722222222221,NORMAL,N,,,,527661,527692,527756,527777,527808,inverted
219,1732,527920,1466.4444444444443,NORMAL,N,527849,527863,527876,527892,527934,527992,528016,528042,inverted
219,1733,528185,1467.1805555555557,NORMAL,N,,,,528169,528194,528250,528278,528311,inverted
219,1734,528502,1468.0611111111111,NORMAL,N,,,,528487,528512,528558,528683,528711,biphasic_negative_positive
219,1735,528802,1468.8944444444444,NORMAL,N,528730,528749,528771,528786,528812,528869,528903,528933,inverted
219,1736,529046,1469.5722222222223,NORMAL,N,528999,529010,529022,529030,529056,529114,529142,529173,inverted
219,1737,529300,1470.2777777777778,NORMAL,N,,,,529284,529313,529369,529393,529425,inverted
219,1738,529639,1471.2194444444444,NORMAL,N,529531,529543,529563,529623,529648,529708,529732,529766,inverted
219,1739,529963,1472.1194444444445,NORMAL,N,529855,529880,529889,529947,529973,530041,530065,530101,inverted
219,1740,530225,1472.8472222222222,NORMAL,N,530174,530189,530201,530208,530234,530289,530320,530353,inverted
219,1741,530435,1473.4305555555557,NORMAL,N,,,,530418,530444,530497,530526,530554,inverted
219,1742,530718,1474.2166666666667,NORMAL,N,530620,530637,530650,530702,530727,530784,530812,530844,inverted
219,1743,530928,1474.8,NORMAL,N,,,,530912,530938,530994,531022,531057,inverted
219,1744,531223,1475.6194444444445,NORMAL,N,531149,531168,531182,531207,531233,531290,531321,531357,inverted
219,1745,531486,1476.35,NORMAL,N,531378,531384,531392,531470,531500,531548,531583,531613,inverted
219,1746,531719,1476.9972222222223,NORMAL,N,,,,531703,531727,531774,531811,531838,inverted
219,1747,531924,1477.5666666666666,PVC,V,531852,531863,531913,531917,531935,531974,532001,532046,inverted
219,1748,532181,1478.2805555555556,NORMAL,N,,,,532166,532191,532233,532277,532307,inverted
219,1749,532430,1478.9722222222222,NORMAL,N,,,,532405,532440,532499,532526,532559,inverted
219,1750,532766,1479.9055555555556,NORMAL,N,532690,532702,532716,532751,532775,532827,532867,532896,inverted
219,1751,532977,1480.4916666666666,NORMAL,N,,,,532962,532987,533029,533061,533091,inverted
219,1752,533254,1481.2611111111112,NORMAL,N,,,,533239,533263,533301,533348,533385,inverted
219,1753,533472,1481.8666666666666,NORMAL,N,533398,533407,533432,533457,533481,533532,533561,533591,inverted
219,1754,533758,1482.661111111111,NORMAL,N,,,,533743,533769,533819,533852,533881,inverted
219,1755,534097,1483.6027777777779,NORMAL,N,,,,534082,534107,534150,534191,534219,inverted
219,1756,534383,1484.3972222222221,NORMAL,N,,,,534367,534397,534459,534476,534516,inverted
219,1757,534668,1485.1888888888889,NORMAL,N,534572,534592,534615,534640,534678,534733,534764,534793,inverted
219,1758,534928,1485.911111111111,NORMAL,N,,,,534901,534938,534997,535024,535053,inverted
219,1759,535131,1486.475,NORMAL,N,,,,535116,535141,535195,535268,535288,biphasic_negative_positive
219,1760,535428,1487.3,NORMAL,N,535341,535359,535375,535413,535437,535481,535518,535546,inverted
219,1761,535609,1487.8027777777777,PVC,V,,,,535575,535639,535662,535730,535746,biphasic_negative_positive
219,1762,535978,1488.8277777777778,NORMAL,N,,,,535963,535987,536049,536073,536115,inverted
219,1763,536248,1489.5777777777778,NORMAL,N,,,,536234,536257,536314,536346,536377,inverted
219,1764,536501,1490.2805555555556,NORMAL,N,536417,536426,536444,536485,536510,536574,536595,536635,inverted
219,1765,536792,1491.088888888889,NORMAL,N,,,,536777,536802,536836,536886,536917,inverted
219,1766,537091,1491.9194444444445,NORMAL,N,,,,537074,537100,537161,537186,537215,inverted
219,1767,537453,1492.925,NORMAL,N,537344,537378,537405,537437,537463,537503,537551,537579,inverted
219,1768,537734,1493.7055555555555,NORMAL,N,,,,537719,537744,537798,537828,537856,inverted
219,1769,537973,1494.3694444444445,NORMAL,N,537889,537912,537934,537952,537983,538043,538067,538105,inverted
219,1770,538273,1495.2027777777778,NORMAL,N,,,,538259,538283,538341,538367,538400,inverted
219,1771,538595,1496.0972222222222,NORMAL,N,,,,538579,538605,538664,538691,538724,inverted
219,1772,538829,1496.7472222222223,NORMAL,N,538746,538779,538799,538805,538845,538904,538925,538954,inverted
219,1773,539157,1497.6583333333333,NORMAL,N,539034,539046,539058,539141,539171,539227,539253,539284,inverted
219,1774,539449,1498.4694444444444,NORMAL,N,539371,539382,539402,539434,539458,539525,539545,539575,inverted
219,1775,539725,1499.236111111111,NORMAL,N,539665,539677,539687,539709,539736,539784,539821,539851,inverted
219,1776,539969,1499.9138888888888,NORMAL,N,539878,539911,539930,539954,539979,540036,540062,540092,inverted
219,1777,540279,1500.775,NORMAL,N,540167,540181,540193,540264,540288,540340,540370,540400,inverted
219,1778,540587,1501.6305555555555,NORMAL,N,540531,540543,540558,540571,540597,540646,540681,540709,inverted
219,1779,540888,1502.4666666666667,NORMAL,N,,,,540873,540902,540948,540984,541013,inverted
219,1780,541110,1503.0833333333333,NORMAL,N,,,,541084,541120,541170,541203,541229,inverted
219,1781,541434,1503.9833333333333,NORMAL,N,,,,541408,541444,541502,541527,541559,inverted
219,1782,541737,1504.825,NORMAL,N,,,,541721,541746,541800,541830,541860,inverted
219,1783,542053,1505.7027777777778,NORMAL,N,542002,542013,542029,542037,542063,542101,542221,542238,biphasic_negative_positive
219,1784,542415,1506.7083333333333,NORMAL,N,542294,542310,542327,542401,542426,542483,542509,542540,inverted
219,1785,542720,1507.5555555555557,NORMAL,N,,,,542706,542730,542773,542878,542912,biphasic_negative_positive
219,1786,543017,1508.3805555555555,NORMAL,N,542944,542960,542982,543003,543027,543088,543113,543148,inverted
219,1787,543273,1509.0916666666667,NORMAL,N,,,,543258,543283,543335,543406,543416,biphasic_negative_positive
219,1788,543613,1510.036111111111,NORMAL,N,,,,543585,543623,543682,543709,543742,inverted
219,1789,543955,1510.986111111111,NORMAL,N,543840,543854,543865,543940,543964,544018,544047,544079,inverted
219,1790,544211,1511.6972222222223,NORMAL,N,,,,544195,544225,544282,544305,544342,inverted
219,1791,544484,1512.4555555555555,NORMAL,N,,,,544459,544494,,544536,544577,negative_monophasic
219,1792,544693,1513.036111111111,NORMAL,N,544581,544622,544634,544676,544703,544757,544790,544823,inverted
219,1793,545088,1514.1333333333334,NORMAL,N,,,,545072,545103,545159,545190,545222,inverted
219,1794,545446,1515.1277777777777,NORMAL,N,,,,545431,545456,545510,545541,545573,inverted
219,1795,545808,1516.1333333333334,NORMAL,N,545731,545749,545765,545792,545817,545870,545902,545934,inverted
219,1796,546123,1517.0083333333334,NORMAL,N,545981,545992,546011,546095,546133,546191,546220,546248,inverted
219,1797,546381,1517.725,NORMAL,N,,,,546365,546391,546449,546477,546505,inverted
219,1798,546573,1518.2583333333334,NORMAL,N,,,,546548,546582,546618,546664,546693,inverted
219,1799,546776,1518.8222222222223,NORMAL,N,,,,546761,546785,546838,546911,546929,biphasic_negative_positive
219,1800,547054,1519.5944444444444,NORMAL,N,546986,546997,547009,547039,547064,547117,547148,547180,inverted
219,1801,547353,1520.425,NORMAL,N,547251,547264,547276,547336,547363,547423,547450,547481,inverted
219,1802,547559,1520.9972222222223,NORMAL,N,,,,547544,547570,547609,547651,547679,inverted
219,1803,547881,1521.8916666666667,NORMAL,N,547790,547810,547844,547866,547897,547962,548025,548037,biphasic_negative_positive
219,1804,548210,1522.8055555555557,NORMAL,N,548133,548159,548184,548194,548219,548275,548305,548334,inverted
219,1805,548525,1523.6805555555557,NORMAL,N,,,,548509,548535,548600,548622,548654,inverted
219,1806,548822,1524.5055555555555,NORMAL,N,548750,548774,548788,548806,548832,548873,548976,549010,biphasic_negative_positive
219,1807,549175,1525.486111111111,NORMAL,N,,,,549160,549185,549239,549272,549302,inverted
219,1808,549517,1526.4361111111111,NORMAL,N,,,,549490,549526,549588,549619,549649,inverted
219,1809,549774,1527.15,NORMAL,N,,,,549757,549784,549841,549869,549901,inverted
219,1810,550036,1527.8777777777777,NORMAL,N,,,,550020,550045,550090,550128,550165,inverted
219,1811,550309,1528.6361111111112,NORMAL,N,550208,550234,550255,550294,550318,550378,550404,550436,inverted
219,1812,550534,1529.2611111111112,NORMAL,N,,,,550518,550543,550592,550627,550657,inverted
219,1813,550960,1530.4444444444443,NORMAL,N,550874,550903,550926,550944,550970,551030,551063,551094,inverted
219,1814,551197,1531.1027777777779,NORMAL,N,551118,551151,551174,551181,551207,551245,551322,551336,biphasic_negative_positive
219,1815,551411,1531.6972222222223,NORMAL,N,551356,551380,551390,551396,551420,551465,551501,551536,inverted
219,1816,551734,1532.5944444444444,NORMAL,N,551635,551655,551672,551719,551743,551797,551827,551861,inverted
219,1817,552051,1533.475,NORMAL,N,,,,552036,552061,552119,552150,552183,inverted
219,1818,552405,1534.4583333333333,NORMAL,N,552325,552343,552360,552390,552420,552482,552560,552581,biphasic_negative_positive
219,1819,552677,1535.213888888889,NORMAL,N,,,,552662,552686,552740,552770,552799,inverted
219,1820,553045,1536.236111111111,NORMAL,N,552972,552992,553021,553030,553060,,553111,553144,negative_monophasic
219,1821,553248,1536.8,NORMAL,N,,,,553224,553257,553296,553337,553365,inverted
219,1822,553660,1537.9444444444443,NORMAL,N,,,,553633,553670,553727,553762,553795,inverted
219,1823,553955,1538.763888888889,NORMAL,N,,,,553941,553965,554023,554051,554080,inverted
219,1824,554236,1539.5444444444445,NORMAL,N,554164,554176,554193,554221,554246,554303,554329,554364,inverted
219,1825,554453,1540.1472222222221,NORMAL,N,,,,554436,554463,554513,554546,554573,inverted
219,1826,554678,1540.7722222222221,NORMAL,N,554609,554617,554630,554662,554687,554708,554771,554798,inverted
219,1827,555013,1541.7027777777778,NORMAL,N,,,,554990,555023,,555071,555108,negative_monophasic
219,1828,555208,1542.2444444444445,NORMAL,N,555117,555147,555156,555182,555217,555274,555297,555327,inverted
219,1829,555477,1542.9916666666666,NORMAL,N,,,,555462,555487,555534,555571,555609,inverted
219,1830,555765,1543.7916666666667,NORMAL,N,555673,555683,555692,555749,555774,555822,555859,555890,inverted
219,1831,556090,1544.6944444444443,NORMAL,N,556032,556051,556068,556074,556099,556165,556191,556227,inverted
219,1832,556522,1545.8944444444444,NORMAL,N,556428,556445,556454,556506,556532,556582,556616,556646,inverted
219,1833,556852,1546.8111111111111,NORMAL,N,,,,556836,556862,556926,556952,556993,inverted
219,1834,557127,1547.575,NORMAL,N,557034,557043,557058,557103,557137,557198,557227,557256,inverted
219,1835,557371,1548.2527777777777,NORMAL,N,557281,557310,557329,557343,557381,557427,557466,557492,inverted
219,1836,557625,1548.9583333333333,NORMAL,N,,,,557610,557634,557678,557716,557747,inverted
219,1837,557825,1549.513888888889,NORMAL,N,,,,557810,557834,557889,557960,557981,biphasic_negative_positive
219,1838,558166,1550.4611111111112,NORMAL,N,558082,558107,558117,558150,558176,,558223,558261,negative_monophasic
219,1839,558363,1551.0083333333334,NORMAL,N,,,,558349,558373,558427,558494,558517,biphasic_negative_positive
219,1840,558674,1551.8722222222223,NORMAL,N,558570,558582,558594,558658,558689,558729,558769,558799,inverted
219,1841,558942,1552.6166666666666,NORMAL,N,558833,558853,558883,558915,558956,558992,559031,559061,inverted
219,1842,559195,1553.3194444444443,NORMAL,N,559083,559110,559122,559180,559209,559264,559288,559321,inverted
219,1843,559449,1554.025,NORMAL,N,,,,559433,559458,559488,559545,559574,inverted
219,1844,559709,1554.7472222222223,NORMAL,N,,,,559694,559719,559765,559801,559832,inverted
219,1845,560050,1555.6944444444443,NORMAL,N,559951,559965,559981,560036,560064,560110,560144,560178,inverted
219,1846,560359,1556.5527777777777,NORMAL,N,,,,560343,560368,560424,560457,560488,inverted
219,1847,560613,1557.2583333333334,NORMAL,N,,,,560584,560622,560673,560710,560740,inverted
219,1848,560949,1558.1916666666666,NORMAL,N,,,,560933,560958,561022,561048,561080,inverted
219,1849,561271,1559.0861111111112,NORMAL,N,561139,561157,561171,561255,561285,561316,561366,561400,inverted
219,1850,561511,1559.7527777777777,NORMAL,N,561415,561423,561457,561484,561526,561555,561602,561636,inverted
219,1851,561828,1560.6333333333334,NORMAL,N,,,,561812,561837,561896,562019,562048,biphasic_negative_positive
219,1852,562143,1561.5083333333334,NORMAL,N,,,,562127,562153,562211,562239,562268,inverted
219,1853,562371,1562.1416666666667,NORMAL,N,,,,562356,562381,562425,562460,562489,inverted
219,1854,562625,1562.8472222222222,NORMAL,N,,,,562609,562639,562674,562716,562749,inverted
219,1855,562909,1563.6361111111112,NORMAL,N,,,,562893,562918,562978,563002,563031,inverted
219,1856,563312,1564.7555555555555,NORMAL,N,,,,563285,563321,563380,563411,563446,inverted
219,1857,563613,1565.5916666666667,NORMAL,N,,,,563597,563622,563671,563706,563731,inverted
219,1858,563948,1566.5222222222221,NORMAL,N,,,,563922,563961,564021,564042,564077,inverted
219,1859,564283,1567.4527777777778,NORMAL,N,,,,564268,564293,564352,564382,564417,inverted
219,1860,564609,1568.3583333333333,NORMAL,N,,,,564582,564618,564680,564707,564740,inverted
219,1861,564905,1569.1805555555557,NORMAL,N,,,,564882,564914,564974,564998,565029,inverted
219,1862,565125,1569.7916666666667,NORMAL,N,,,,565109,565134,565188,565211,565238,inverted
219,1863,565327,1570.3527777777779,NORMAL,N,,,,565311,565337,565390,565417,565445,inverted
219,1864,565546,1570.9611111111112,NORMAL,N,,,,565530,565556,565611,565640,565671,inverted
219,1865,565804,1571.6777777777777,NORMAL,N,565724,565735,565749,565788,565813,565875,565900,565946,inverted
219,1866,566067,1572.4083333333333,NORMAL,N,,,,566052,566077,566124,566157,566186,inverted
219,1867,566381,1573.2805555555556,NORMAL,N,,,,566366,566390,566452,566475,566518,inverted
219,1868,566778,1574.3833333333334,NORMAL,N,,,,566762,566789,566854,566881,566917,inverted
219,1869,567110,1575.3055555555557,NORMAL,N,,,,567095,567120,567168,567279,567294,biphasic_negative_positive
219,1870,567391,1576.0861111111112,NORMAL,N,,,,567377,567401,567461,567487,567521,inverted
219,1871,567635,1576.763888888889,NORMAL,N,,,,567620,567645,567709,567730,567759,inverted
219,1872,567912,1577.5333333333333,NORMAL,N,567836,567854,567877,567896,567921,567984,568009,568045,inverted
219,1873,568187,1578.2972222222222,NORMAL,N,568111,568133,568161,568171,568202,568240,568284,568312,inverted
219,1874,568533,1579.2583333333334,NORMAL,N,568436,568456,568483,568519,568547,568606,568630,568662,inverted
219,1875,568860,1580.1666666666667,NORMAL,N,568771,568784,568813,568842,568870,568921,568958,568989,inverted
219,1876,569213,1581.1472222222221,NORMAL,N,569122,569143,569162,569197,569223,569288,569316,569346,inverted
219,1877,569452,1581.8111111111111,NORMAL,N,,,,569437,569462,569522,569546,569582,inverted
219,1878,569691,1582.475,NORMAL,N,,,,569676,569701,569758,569780,569809,inverted
219,1879,569990,1583.3055555555557,NORMAL,N,,,,569975,570000,570019,570085,570124,inverted
219,1880,570251,1584.0305555555556,NORMAL,N,570142,570147,570163,570236,570265,570302,570341,570368,inverted
219,1881,570554,1584.8722222222223,NORMAL,N,,,,570539,570564,570623,570651,570681,inverted
219,1882,570888,1585.8,NORMAL,N,,,,570861,570897,570956,570981,571014,inverted
219,1883,571135,1586.486111111111,NORMAL,N,,,,571111,571145,571183,571225,571252,inverted
219,1884,571409,1587.2472222222223,NORMAL,N,571302,571327,571342,571393,571419,571483,571505,571539,inverted
219,1885,571649,1587.9138888888888,NORMAL,N,571584,571599,571615,571634,571659,571719,571747,571779,inverted
219,1886,571931,1588.6972222222223,NORMAL,N,571860,571890,571906,571916,571942,571992,572026,572056,inverted
219,1887,572247,1589.575,NORMAL,N,,,,572230,572258,572314,572345,572378,inverted
219,1888,572564,1590.4555555555555,NORMAL,N,572439,572470,572501,572548,572579,572625,572662,572704,inverted
219,1889,572877,1591.325,NORMAL,N,,,,572863,572887,572946,572974,573005,inverted
219,1890,573207,1592.2416666666666,NORMAL,N,,,,573192,573218,573278,573309,573337,inverted
219,1891,573456,1592.9333333333334,NORMAL,N,,,,573431,573465,573526,573552,573584,inverted
219,1892,573732,1593.7,NORMAL,N,,,,573716,573745,573797,573826,573856,inverted
219,1893,573964,1594.3444444444444,NORMAL,N,,,,573947,573974,574014,574060,574087,inverted
219,1894,574260,1595.1666666666667,NORMAL,N,,,,574244,574270,574324,574353,574386,inverted
219,1895,574507,1595.8527777777779,NORMAL,N,,,,574491,574517,574575,574602,574636,inverted
219,1896,574897,1596.9361111111111,NORMAL,N,,,,574870,574907,574947,574995,575042,inverted
219,1897,575253,1597.925,NORMAL,N,575169,575186,575218,575228,575263,575321,575351,575381,inverted
219,1898,575510,1598.638888888889,NORMAL,N,575427,575443,575462,575494,575519,575582,575606,575637,inverted
219,1899,575814,1599.4833333333333,NORMAL,N,,,,575798,575823,575877,576003,576022,biphasic_negative_positive
219,1900,576113,1600.3138888888889,NORMAL,N,,,,576088,576123,576176,576206,576234,inverted
219,1901,576373,1601.036111111111,NORMAL,N,,,,576358,576382,576435,576468,576488,inverted
219,1902,576650,1601.8055555555557,PVC,V,576524,576527,576572,576588,576714,576723,576753,576790,biphasic_negative_positive
219,1903,576864,1602.4,NORMAL,N,576795,576815,576841,576848,576874,576930,576960,576988,inverted
219,1904,577295,1603.5972222222222,NORMAL,N,,,,577281,577305,577345,577389,577421,inverted
219,1905,577621,1604.5027777777777,NORMAL,N,577543,577572,577588,577607,577632,577673,577714,577745,inverted
219,1906,577856,1605.1555555555556,NORMAL,N,,,,577839,577866,577912,577947,577977,inverted
219,1907,578154,1605.9833333333333,NORMAL,N,578075,578089,578107,578139,578164,578223,578251,578284,inverted
219,1908,578530,1607.0277777777778,NORMAL,N,,,,578516,578540,578599,578627,578669,inverted
219,1909,578805,1607.7916666666667,NORMAL,N,578723,578753,578783,578788,578815,578862,579002,579015,biphasic_negative_positive
219,1910,579127,1608.6861111111111,NORMAL,N,579022,579054,579079,579111,579137,579199,579225,579264,inverted
219,1911,579392,1609.4222222222222,NORMAL,N,,,,579376,579402,579463,579489,579523,inverted
219,1912,579652,1610.1444444444444,NORMAL,N,,,,579636,579662,579715,579745,579775,inverted
219,1913,579904,1610.8444444444444,NORMAL,N,579792,579821,579842,579877,579914,579970,580000,580031,inverted
219,1914,580196,1611.6555555555556,NORMAL,N,,,,580181,580206,580269,580295,580331,inverted
219,1915,580531,1612.5861111111112,NORMAL,N,,,,580516,580541,580606,580632,580660,inverted
219,1916,580801,1613.3361111111112,NORMAL,N,580708,580722,580750,580786,580811,580873,580937,580976,biphasic_negative_positive
219,1917,581117,1614.213888888889,NORMAL,N,581022,581039,581053,581101,581130,581180,581212,581242,inverted
219,1918,581373,1614.925,NORMAL,N,,,,581358,581384,581444,581471,581498,inverted
219,1919,581732,1615.9222222222222,NORMAL,N,581647,581668,581685,581717,581743,581808,581831,581858,inverted
219,1920,581950,1616.5277777777778,NORMAL,N,581861,581877,581883,581933,581960,582011,582040,582070,inverted
219,1921,582318,1617.55,NORMAL,N,,,,582290,582327,,582364,582412,negative_monophasic
219,1922,582530,1618.138888888889,NORMAL,N,,,,582515,582545,582602,582620,582660,inverted
219,1923,582807,1618.9083333333333,NORMAL,N,,,,582782,582817,582873,582905,582933,inverted
219,1924,583080,1619.6666666666667,NORMAL,N,,,,583065,583090,583150,583178,583216,inverted
219,1925,583392,1620.5333333333333,NORMAL,N,,,,583377,583402,583461,583488,583519,inverted
219,1926,583588,1621.0777777777778,PVC,V,,,,583551,583600,583641,583675,583708,inverted
219,1927,583915,1621.986111111111,NORMAL,N,,,,583899,583925,583986,584015,584049,inverted
219,1928,584227,1622.8527777777779,NORMAL,N,584127,584142,584172,584211,584236,584287,584322,584352,inverted
219,1929,584457,1623.4916666666666,NORMAL,N,,,,584440,584471,584528,584547,584585,inverted
219,1930,584711,1624.1972222222223,NORMAL,N,,,,584696,584720,584771,584802,584832,inverted
219,1931,584976,1624.9333333333334,NORMAL,N,,,,584961,584986,585034,585069,585097,inverted
219,1932,585200,1625.5555555555557,NORMAL,N,,,,585184,585209,585264,585295,585325,inverted
219,1933,585458,1626.2722222222221,NORMAL,N,,,,585442,585468,585524,585552,585584,inverted
219,1934,585683,1626.8972222222221,NORMAL,N,,,,585668,585692,585749,585770,585815,inverted
219,1935,585993,1627.7583333333334,NORMAL,N,585898,585918,585934,585978,586002,586058,586087,586118,inverted
219,1936,586308,1628.6333333333334,NORMAL,N,586206,586219,586233,586279,586318,586364,586404,586436,inverted
219,1937,586638,1629.55,NORMAL,N,586521,586550,586575,586623,586652,586705,586732,586765,inverted
219,1938,587011,1630.5861111111112,NORMAL,N,586958,586969,586978,586995,587025,587086,587109,587136,inverted
219,1939,587231,1631.1972222222223,NORMAL,N,587147,587183,587197,587216,587240,587278,587322,587349,inverted
219,1940,587476,1631.8777777777777,NORMAL,N,,,,587461,587485,587523,587565,587593,inverted
219,1941,587708,1632.5222222222221,NORMAL,N,587659,587672,587684,587692,587717,587771,587801,587830,inverted
219,1942,588098,1633.6055555555556,NORMAL,N,587970,587995,588030,588082,588107,588166,588193,588224,inverted
219,1943,588309,1634.1916666666666,NORMAL,N,,,,588294,588319,588377,588399,588429,inverted
219,1944,588628,1635.0777777777778,NORMAL,N,,,,588613,588637,588693,588726,588759,inverted
219,1945,588904,1635.8444444444444,NORMAL,N,,,,588888,588914,588971,589001,589031,inverted
219,1946,589145,1636.513888888889,NORMAL,N,,,,589128,589155,589209,589235,589266,inverted
219,1947,589467,1637.4083333333333,NORMAL,N,,,,589451,589476,589532,589562,589592,inverted
219,1948,589743,1638.175,NORMAL,N,,,,589728,589753,589804,589873,589887,biphasic_negative_positive
219,1949,589965,1638.7916666666667,NORMAL,N,,,,589950,589979,590000,590052,590078,inverted
219,1950,590254,1639.5944444444444,NORMAL,N,590171,590194,590219,590238,590263,590319,590350,590382,inverted
219,1951,590547,1640.4083333333333,NORMAL,N,590459,590481,590496,590532,590555,590614,590638,590666,inverted
219,1952,590850,1641.25,NORMAL,N,,,,590835,590859,590920,590942,590976,inverted
219,1953,591113,1641.9805555555556,NORMAL,N,591030,591058,591093,591100,591123,591179,591208,591237,inverted
219,1954,591450,1642.9166666666667,NORMAL,N,591350,591359,591387,591391,591513,591516,591537,591599,inverted
219,1955,591668,1643.5222222222221,PVC,V,,,,591607,591731,591778,591810,591843,inverted
219,1956,591936,1644.2666666666667,NORMAL,N,,,,591909,591946,592009,592034,592082,inverted
219,1957,592297,1645.2694444444444,NORMAL,N,,,,592281,592306,592356,592432,592452,biphasic_negative_positive
219,1958,592633,1646.2027777777778,NORMAL,N,592525,592560,592589,592617,592643,592687,592724,592755,inverted
219,1959,592931,1647.0305555555556,NORMAL,N,592812,592835,592857,592903,592940,592996,593025,593060,inverted
219,1960,593233,1647.8694444444445,NORMAL,N,,,,593218,593242,593302,593327,593364,inverted
219,1961,593529,1648.6916666666666,NORMAL,N,593428,593440,593463,593504,593539,593599,593624,593663,inverted
219,1962,593887,1649.6861111111111,NORMAL,N,593816,593829,593849,593871,593902,593905,594060,594080,biphasic_negative_positive
219,1963,594183,1650.5083333333334,NORMAL,N,,,,594168,594193,594241,594275,594301,inverted
219,1964,594445,1651.236111111111,NORMAL,N,594363,594403,594422,594429,594455,594509,594536,594568,inverted
219,1965,594738,1652.05,NORMAL,N,,,,594722,594747,594808,594833,594872,inverted
219,1966,595043,1652.8972222222221,NORMAL,N,,,,595015,595057,595109,595138,595175,inverted
219,1967,595393,1653.8694444444445,NORMAL,N,,,,595378,595407,595472,595563,595602,biphasic_negative_positive
219,1968,595703,1654.7305555555556,NORMAL,N,,,,595681,595717,595779,595799,595827,inverted
219,1969,595955,1655.4305555555557,NORMAL,N,,,,595939,595964,596013,596092,596107,biphasic_negative_positive
219,1970,596252,1656.2555555555555,NORMAL,N,,,,596227,596261,596322,596351,596390,inverted
219,1971,596598,1657.2166666666667,NORMAL,N,,,,596582,596607,596664,596772,596796,biphasic_negative_positive
219,1972,596914,1658.0944444444444,NORMAL,N,,,,596898,596923,596986,597007,597037,inverted
219,1973,597171,1658.8083333333334,PVC,V,,,,597164,597181,597222,597252,597296,inverted
219,1974,597534,1659.8166666666666,NORMAL,N,,,,597517,597543,597608,597633,597674,inverted
219,1975,597805,1660.5694444444443,NORMAL,N,597691,597730,597752,597789,597819,597841,597894,597921,inverted
219,1976,598063,1661.286111111111,NORMAL,N,,,,598046,598072,598139,598159,598187,inverted
219,1977,598280,1661.888888888889,NORMAL,N,,,,598265,598289,598345,598371,598414,inverted
219,1978,598537,1662.6027777777779,NORMAL,N,598494,598501,598511,598522,598548,598592,598632,598665,inverted
219,1979,598818,1663.3833333333334,NORMAL,N,598708,598724,598734,598804,598828,598887,598912,598945,inverted
219,1980,599039,1663.9972222222223,NORMAL,N,,,,599014,599049,599112,599132,599167,inverted
219,1981,599314,1664.7611111111112,NORMAL,N,599240,599249,599257,599299,599330,599384,599407,599441,inverted
219,1982,599569,1665.4694444444444,NORMAL,N,,,,599544,599579,599630,599661,599690,inverted
219,1983,599853,1666.2583333333334,NORMAL,N,599740,599751,599760,599838,599863,599920,599948,599979,inverted
219,1984,600066,1666.85,PVC,V,600002,600009,600048,600053,600077,600124,600145,600200,inverted
219,1985,600343,1667.6194444444445,NORMAL,N,,,,600328,600353,600407,600436,600466,inverted
219,1986,600760,1668.7777777777778,NORMAL,N,,,,600746,600770,600811,600859,600891,inverted
219,1987,601098,1669.7166666666667,NORMAL,N,601025,601033,601043,601081,601108,601177,601199,601229,inverted
219,1988,601399,1670.5527777777777,NORMAL,N,601329,601337,601345,601383,601409,601475,601497,601531,inverted
219,1989,601689,1671.3583333333333,NORMAL,N,,,,601674,601699,601765,601785,601812,inverted
219,1990,601959,1672.1083333333333,NORMAL,N,601864,601896,601914,601943,601969,602017,602054,602083,inverted
219,1991,602289,1673.025,NORMAL,N,602222,602229,602252,602273,602304,602360,602389,602434,inverted
219,1992,602553,1673.7583333333334,NORMAL,N,,,,602538,602563,602609,602649,602679,inverted
219,1993,602828,1674.5222222222221,NORMAL,N,,,,602813,602837,602896,602922,602955,inverted
219,1994,603115,1675.3194444444443,NORMAL,N,603014,603025,603033,603101,603124,603185,603209,603240,inverted
219,1995,603324,1675.9,NORMAL,N,,,,603308,603334,603390,603419,603448,inverted
219,1996,603660,1676.8333333333333,NORMAL,N,603568,603595,603619,603634,603670,603711,603752,603784,inverted
219,1997,603975,1677.7083333333333,NORMAL,N,,,,603960,603984,604036,604066,604095,inverted
219,1998,604255,1678.486111111111,NORMAL,N,604151,604181,604203,604239,604264,604299,604346,604377,inverted
219,1999,604593,1679.425,NORMAL,N,604505,604512,604520,604578,604602,604664,604690,604723,inverted
219,2000,604861,1680.1694444444445,NORMAL,N,,,,604846,604871,604941,605039,605069,biphasic_negative_positive
219,2001,605285,1681.3472222222222,NORMAL,N,605164,605184,605208,605259,605295,605343,605385,605417,inverted
219,2002,605565,1682.125,NORMAL,N,605493,605524,605542,605551,605575,605632,605657,605691,inverted
219,2003,605861,1682.9472222222223,NORMAL,N,605752,605764,605773,605834,605871,605935,605962,605996,inverted
219,2004,606168,1683.8,NORMAL,N,606062,606072,606081,606154,606178,606237,606265,606296,inverted
219,2005,606387,1684.4083333333333,NORMAL,N,,,,606363,606397,606451,606477,606514,inverted
219,2006,606665,1685.1805555555557,NORMAL,N,,,,606650,606680,606734,606758,606803,inverted
219,2007,606927,1685.9083333333333,NORMAL,N,606829,606861,606881,606911,606936,606979,607016,607046,inverted
219,2008,607402,1687.2277777777779,NORMAL,N,607309,607326,607335,607384,607411,607475,607504,607550,inverted
219,2009,607788,1688.3,NORMAL,N,607688,607708,607738,607771,607797,607863,607888,607920,inverted
219,2010,608094,1689.15,NORMAL,N,,,,608078,608108,608154,608190,608221,inverted
219,2011,608422,1690.0611111111111,NORMAL,N,,,,608406,608431,608493,608524,608548,inverted
219,2012,608639,1690.6638888888888,NORMAL,N,608549,608566,608595,608623,608649,608685,608815,608824,biphasic_negative_positive
219,2013,608955,1691.5416666666667,NORMAL,N,,,,608940,608964,609028,609051,609085,inverted
219,2014,609391,1692.7527777777777,NORMAL,N,609315,609325,609335,609375,609400,609465,609486,609521,inverted
219,2015,609700,1693.611111111111,NORMAL,N,609628,609637,609645,609685,609710,609774,609800,609831,inverted
219,2016,609963,1694.3416666666667,NORMAL,N,,,,609940,609974,610025,610057,610087,inverted
219,2017,610246,1695.1277777777777,NORMAL,N,610137,610149,610157,610231,610256,610318,610343,610373,inverted
219,2018,610577,1696.0472222222222,NORMAL,N,610507,610518,610526,610562,610592,610648,610676,610706,inverted
219,2019,610865,1696.8472222222222,NORMAL,N,610764,610796,610812,610850,610875,610917,610961,610990,inverted
219,2020,611200,1697.7777777777778,NORMAL,N,,,,611183,611209,611269,611299,611337,inverted
219,2021,611457,1698.4916666666666,NORMAL,N,,,,611442,611467,611503,611550,611579,inverted
219,2022,611760,1699.3333333333333,NORMAL,N,611690,611701,611710,611744,611770,611829,611859,611888,inverted
219,2023,612089,1700.2472222222223,NORMAL,N,611981,612002,612032,612074,612100,612165,612191,612222,inverted
219,2024,612368,1701.0222222222221,NORMAL,N,612280,612292,612300,612352,612383,612442,612469,612498,inverted
219,2025,612749,1702.0805555555555,NORMAL,N,,,,612725,612759,612814,612846,612872,inverted
219,2026,612966,1702.6833333333334,NORMAL,N,612875,612900,612909,612942,612976,613034,613062,613102,inverted
219,2027,613225,1703.4027777777778,NORMAL,N,,,,613210,613236,613278,613323,613353,inverted
219,2028,613501,1704.1694444444445,NORMAL,N,,,,613486,613510,613571,613596,613629,inverted
219,2029,613803,1705.0083333333334,NORMAL,N,,,,613788,613813,613869,613897,613927,inverted
219,2030,614093,1705.8138888888889,NORMAL,N,,,,614078,614103,614161,614190,614221,inverted
219,2031,614384,1706.6222222222223,NORMAL,N,,,,614359,614393,614452,614479,614510,inverted
219,2032,614682,1707.45,NORMAL,N,,,,614656,614691,614751,614779,614812,inverted
219,2033,615051,1708.475,NORMAL,N,614955,614965,614973,615029,615061,615124,615148,615183,inverted
219,2034,615364,1709.3444444444444,NORMAL,N,615276,615306,615328,615341,615374,615418,615457,615490,inverted
219,2035,615614,1710.0388888888888,NORMAL,N,615535,615545,615554,615598,615624,615690,615710,615741,inverted
219,2036,615826,1710.6277777777777,NORMAL,N,,,,615809,615836,615868,615919,615948,inverted
219,2037,616100,1711.388888888889,NORMAL,N,615981,616007,616036,616084,616110,616163,616196,616232,inverted
219,2038,616383,1712.175,NORMAL,N,,,,616369,616393,616449,616479,616511,inverted
219,2039,616684,1713.0111111111112,NORMAL,N,,,,616665,616693,616747,616782,616815,inverted
219,2040,616990,1713.861111111111,NORMAL,N,616855,616871,616879,616975,617000,617043,617087,617118,inverted
219,2041,617273,1714.6472222222221,NORMAL,N,617150,617170,617178,617256,617284,617342,617375,617411,inverted
219,2042,617541,1715.3916666666667,NORMAL,N,617462,617473,617480,617526,617556,617614,617635,617667,inverted
219,2043,617795,1716.0972222222222,NORMAL,N,617711,617736,617760,617779,617804,617853,617886,617918,inverted
219,2044,618237,1717.325,NORMAL,N,,,,618221,618247,618308,618342,618380,inverted
219,2045,618486,1718.0166666666667,NORMAL,N,,,,618471,618496,618533,618576,618605,inverted
219,2046,618725,1718.6805555555557,NORMAL,N,618649,618661,618670,618710,618735,618796,618817,618845,inverted
219,2047,619026,1719.5166666666667,NORMAL,N,,,,619010,619036,619095,619119,619151,inverted
219,2048,619322,1720.338888888889,NORMAL,N,619251,619259,619267,619307,619336,619391,619413,619441,inverted
219,2049,619622,1721.1722222222222,NORMAL,N,619544,619553,619561,619606,619636,619691,619719,619755,inverted
219,2050,619891,1721.9194444444445,NORMAL,N,619791,619820,619841,619875,619901,619941,619982,620011,inverted
219,2051,620238,1722.8833333333334,NORMAL,N,,,,620223,620248,620296,620424,620434,biphasic_negative_positive
219,2052,620546,1723.7388888888888,NORMAL,N,620449,620478,620498,620531,620556,620601,620646,620673,inverted
219,2053,620764,1724.3444444444444,PVC,V,620684,620687,620746,620751,620774,620808,620846,620888,inverted
219,2054,621070,1725.1944444444443,NORMAL,N,620941,620953,620961,621055,621080,621123,621165,621196,inverted
219,2055,621289,1725.8027777777777,NORMAL,N,,,,621263,621302,621341,621380,621410,inverted
219,2056,621561,1726.5583333333334,NORMAL,N,621452,621469,621477,621535,621570,621630,621658,621692,inverted
219,2057,621773,1727.1472222222221,NORMAL,N,,,,621757,621782,621836,621860,621892,inverted
219,2058,622026,1727.85,NORMAL,N,621930,621968,621982,622010,622036,622080,622117,622151,inverted
219,2059,622289,1728.5805555555555,NORMAL,N,622212,622220,622228,622273,622304,622358,622383,622410,inverted
219,2060,622513,1729.2027777777778,NORMAL,N,,,,622497,622527,622583,622606,622637,inverted
219,2061,622796,1729.9888888888888,NORMAL,N,,,,622781,622806,622867,622886,622918,inverted
219,2062,623047,1730.6861111111111,NORMAL,N,,,,623031,623057,623117,623144,623176,inverted
219,2063,623324,1731.4555555555555,NORMAL,N,,,,623308,623335,623390,623416,623446,inverted
219,2064,623648,1732.3555555555556,NORMAL,N,,,,623633,623657,623712,623738,623767,inverted
219,2065,623919,1733.1083333333333,NORMAL,N,,,,623903,623933,623987,624012,624043,inverted
219,2066,624216,1733.9333333333334,NORMAL,N,,,,624201,624230,624280,624309,624342,inverted
219,2067,624505,1734.736111111111,NORMAL,N,,,,624490,624520,624575,624601,624630,inverted
219,2068,624815,1735.5972222222222,NORMAL,N,,,,624799,624825,624877,624909,624945,inverted
219,2069,625107,1736.4083333333333,NORMAL,N,,,,625091,625117,625172,625200,625237,inverted
219,2070,625388,1737.1888888888889,NORMAL,N,625315,625322,625333,625373,625404,625458,625486,625515,inverted
219,2071,625706,1738.0722222222223,NORMAL,N,,,,625681,625716,,625759,625801,negative_monophasic
219,2072,625919,1738.6638888888888,PVC,V,625843,625845,625903,625913,625930,625981,626000,626048,inverted
219,2073,626223,1739.5083333333334,NORMAL,N,,,,626196,626233,626291,626318,626348,inverted
219,2074,626516,1740.3222222222223,NORMAL,N,,,,626500,626525,626587,626613,626644,inverted
219,2075,626806,1741.1277777777777,NORMAL,N,,,,626790,626815,626879,626904,626937,inverted
219,2076,627110,1741.9722222222222,NORMAL,N,,,,627084,627119,627184,627206,627238,inverted
219,2077,627331,1742.5861111111112,NORMAL,N,,,,627316,627341,627403,627425,627459,inverted
219,2078,627658,1743.4944444444445,NORMAL,N,627560,627580,627607,627643,627669,627700,627751,627783,inverted
219,2079,627991,1744.4194444444445,NORMAL,N,,,,627975,628000,628059,628074,628090,inverted
219,2080,628184,1744.9555555555555,PVC,V,,,,628142,628210,628222,628273,628318,inverted
219,2081,628576,1746.0444444444445,NORMAL,N,,,,628561,628590,628645,628671,628703,inverted
219,2082,628773,1746.5916666666667,NORMAL,N,628712,628729,628748,628757,628783,628812,628858,628886,inverted
219,2083,629046,1747.35,NORMAL,N,,,,629030,629056,629103,629135,629169,inverted
219,2084,629326,1748.1277777777777,NORMAL,N,,,,629312,629336,629397,629422,629455,inverted
219,2085,629603,1748.8972222222221,NORMAL,N,629521,629530,629540,629588,629613,629674,629695,629727,inverted
219,2086,629832,1749.5333333333333,NORMAL,N,,,,629815,629842,629897,629925,629954,inverted
219,2087,630048,1750.1333333333334,NORMAL,N,,,,630034,630058,630115,630138,630165,inverted
219,2088,630350,1750.9722222222222,NORMAL,N,,,,630335,630360,630418,630450,630487,inverted
219,2089,630666,1751.85,NORMAL,N,,,,630651,630675,630733,630760,630793,inverted
219,2090,630961,1752.6694444444445,NORMAL,N,,,,630947,630971,631030,631055,631085,inverted
219,2091,631249,1753.4694444444444,NORMAL,N,,,,631225,631259,631322,631347,631380,inverted
219,2092,631546,1754.2944444444445,NORMAL,N,,,,631531,631555,631615,631640,631673,inverted
219,2093,631843,1755.1194444444445,NORMAL,N,,,,631816,631853,631917,631941,631975,inverted
219,2094,632147,1755.963888888889,NORMAL,N,,,,632132,632156,632212,632239,632272,inverted
219,2095,632436,1756.7666666666667,NORMAL,N,,,,632422,632446,632507,632530,632561,inverted
219,2096,632728,1757.5777777777778,NORMAL,N,,,,632704,632738,632804,632827,632862,inverted
219,2097,633033,1758.425,NORMAL,N,,,,633018,633042,633105,633129,633161,inverted
219,2098,633323,1759.2305555555556,NORMAL,N,,,,633307,633332,633395,633416,633449,inverted
219,2099,633615,1760.0416666666667,NORMAL,N,,,,633591,633624,633683,633709,633740,inverted
219,2100,633909,1760.8583333333333,NORMAL,N,,,,633882,633918,633977,634000,634032,inverted
219,2101,634197,1761.6583333333333,NORMAL,N,,,,634170,634206,634273,634296,634330,inverted
219,2102,634427,1762.2972222222222,NORMAL,N,,,,634412,634437,634496,634521,634555,inverted
219,2103,634714,1763.0944444444444,NORMAL,N,,,,634698,634723,634776,634807,634845,inverted
219,2104,634991,1763.8638888888888,NORMAL,N,634917,634925,634934,634976,635005,635060,635089,635124,inverted
219,2105,635412,1765.0333333333333,NORMAL,N,635313,635338,635366,635397,635422,635465,635509,635541,inverted
219,2106,635713,1765.8694444444445,NORMAL,N,635615,635645,635665,635699,635724,635763,635805,635834,inverted
219,2107,635932,1766.4777777777779,NORMAL,N,,,,635917,635943,635981,636025,636053,inverted
219,2108,636195,1767.2083333333333,NORMAL,N,,,,636180,636205,636267,636292,636326,inverted
219,2109,636465,1767.9583333333333,NORMAL,N,,,,636450,636475,636541,636564,636594,inverted
219,2110,636786,1768.85,NORMAL,N,,,,636762,636796,636861,636886,636920,inverted
219,2111,637067,1769.6305555555555,NORMAL,N,,,,637051,637081,637140,637163,637195,inverted
219,2112,637503,1770.8416666666667,NORMAL,N,,,,637487,637513,637571,637603,637640,inverted
219,2113,637807,1771.6861111111111,NORMAL,N,,,,637792,637817,637883,637903,637932,inverted
219,2114,638109,1772.525,NORMAL,N,,,,638093,638124,638180,638204,638237,inverted
219,2115,638363,1773.2305555555556,NORMAL,N,638273,638300,638317,638348,638373,638419,638455,638486,inverted
219,2116,638751,1774.3083333333334,NORMAL,N,638626,638637,638667,638736,638760,638823,638845,638876,inverted
219,2117,638989,1774.9694444444444,NORMAL,N,638877,638890,638932,638975,639004,639058,639084,639111,inverted
219,2118,639211,1775.5861111111112,NORMAL,N,639125,639154,639184,639195,639227,639282,639308,639337,inverted
219,2119,639578,1776.6055555555556,NORMAL,N,639506,639514,639524,639562,639588,639649,639678,639710,inverted
219,2120,639805,1777.236111111111,NORMAL,N,639739,639748,639773,639790,639819,639873,639898,639926,inverted
219,2121,640171,1778.2527777777777,NORMAL,N,640098,640107,640116,640155,640181,640248,640275,640325,inverted
219,2122,640468,1779.0777777777778,NORMAL,N,640388,640398,640406,640452,640478,640546,640566,640596,inverted
219,2123,640790,1779.9722222222222,NORMAL,N,640716,640738,640763,640774,640799,640858,640888,640920,inverted
219,2124,641082,1780.7833333333333,NORMAL,N,,,,641067,641092,641152,641180,641208,inverted
219,2125,641297,1781.3805555555555,NORMAL,N,,,,641282,641307,641367,641445,641467,biphasic_negative_positive
219,2126,641668,1782.411111111111,NORMAL,N,,,,641652,641678,641745,641771,641806,inverted
219,2127,641976,1783.2666666666667,NORMAL,N,641866,641876,641886,641960,641986,642043,642073,642102,inverted
219,2128,642312,1784.2,NORMAL,N,,,,642296,642321,642387,642411,642443,inverted
219,2129,642606,1785.0166666666667,NORMAL,N,642525,642535,642544,642590,642616,642685,642704,642734,inverted
219,2130,642844,1785.6777777777777,NORMAL,N,,,,642828,642854,642910,642937,642983,inverted
219,2131,643200,1786.6666666666667,NORMAL,N,,,,643185,643214,643273,643298,643332,inverted
219,2132,643426,1787.2944444444445,NORMAL,N,,,,643409,643435,643492,643519,643551,inverted
219,2133,643651,1787.9194444444445,NORMAL,N,,,,643634,643661,643715,643743,643783,inverted
219,2134,643983,1788.8416666666667,NORMAL,N,643864,643872,643881,643967,643993,644034,644079,644112,inverted
219,2135,644338,1789.8277777777778,NORMAL,N,644228,644240,644250,644324,644348,644403,644434,644465,inverted
219,2136,644648,1790.6888888888889,NORMAL,N,,,,644621,644657,644701,644740,644772,inverted
219,2137,644931,1791.475,NORMAL,N,644818,644831,644841,644915,644940,644999,645029,645063,inverted
219,2138,645227,1792.2972222222222,NORMAL,N,,,,645211,645236,645286,645319,645353,inverted
219,2139,645447,1792.9083333333333,NORMAL,N,,,,645431,645456,645507,645538,645579,inverted
219,2140,645759,1793.775,NORMAL,N,,,,645743,645769,645824,645854,645890,inverted
219,2141,646065,1794.625,NORMAL,N,,,,646049,646075,646118,646158,646188,inverted
219,2142,646272,1795.2,PVC,V,646206,646211,646256,646266,646283,646313,646354,646401,inverted
219,2143,646560,1796.0,NORMAL,N,,,,646545,646570,646630,646659,646689,inverted
219,2144,646833,1796.7583333333334,NORMAL,N,,,,646818,646848,646902,646929,646973,inverted
219,2145,647143,1797.6194444444445,NORMAL,N,647038,647057,647078,647129,647153,647210,647239,647271,inverted
219,2146,647439,1798.4416666666666,NORMAL,N,647327,647340,647350,647424,647448,647505,647536,647568,inverted
219,2147,647880,1799.6666666666667,NORMAL,N,647775,647788,647797,647856,647890,647955,647981,648018,inverted
219,2148,648128,1800.3555555555556,NORMAL,N,,,,648113,648139,648180,648221,648249,inverted
219,2149,648397,1801.1027777777779,NORMAL,N,648328,648359,648369,648383,648408,648468,648497,648527,inverted
219,2150,648690,1801.9166666666667,NORMAL,N,,,,648675,648700,,648739,648785,negative_monophasic
219,2151,648835,1802.3194444444443,PVC,V,,,,648790,648855,648915,648926,648957,inverted
219,2152,649175,1803.263888888889,NORMAL,N,,,,649158,649185,649222,649270,649302,inverted
219,2153,649448,1804.0222222222221,NORMAL,N,649333,649359,649382,649432,649458,649514,649542,649572,inverted
