record,beat_number,qrs_sample,qrs_seconds,qrs_annotation,qrs_symbol,p_onset_sample,p_peak_sample,p_offset_sample,qrs_onset_sample,qrs_offset_sample,t_onset_sample,t_peak_sample,t_offset_sample,t_wave_type
101,1,396,1.1,NORMAL,N,333,345,366,384,405,465,498,529,normal
101,2,711,1.975,NORMAL,N,646,657,680,699,720,780,814,845,normal
101,3,1032,2.8666666666666667,NORMAL,N,967,980,1001,1020,1041,1107,1141,1171,normal
101,4,1368,3.8,NORMAL,N,1303,1315,1335,1356,1377,1441,1480,1511,normal
101,5,1712,4.7555555555555555,NORMAL,N,1645,1658,1680,1699,1720,1790,1825,1852,normal
101,6,2036,5.655555555555556,NORMAL,N,1969,1984,2001,2023,2044,2109,2142,2169,normal
101,7,2349,6.525,NORMAL,N,2287,2299,2322,2337,2358,2420,2453,2485,normal
101,8,2661,7.391666666666667,NORMAL,N,2600,2611,2631,2650,2671,2739,2868,2877,biphasic_positive_negative
101,9,2972,8.255555555555556,NORMAL,N,2910,2923,2940,2960,2981,3044,3082,3106,normal
101,10,3301,9.169444444444444,NORMAL,N,3235,3247,3267,3289,3310,3380,3416,3447,normal
101,11,3630,10.083333333333334,NORMAL,N,3565,3576,3598,3618,3640,3703,3740,3768,normal
101,12,3960,11.0,NORMAL,N,3897,3909,3929,3948,3970,4033,4065,4093,normal
101,13,4283,11.897222222222222,NORMAL,N,4221,4233,4251,4271,4296,4359,4390,4421,normal
101,14,4609,12.802777777777777,NORMAL,N,4546,4558,4577,4598,4622,4677,4712,4742,normal
101,15,4928,13.688888888888888,NORMAL,N,4866,4877,4897,4916,4940,4955,5030,5059,biphasic_negative_positive
101,16,5240,14.555555555555555,NORMAL,N,5175,5188,5208,5229,5252,5309,5344,5377,normal
101,17,5568,15.466666666666667,NORMAL,N,5503,5515,5536,5556,5583,5639,5676,5703,normal
101,18,5898,16.383333333333333,NORMAL,N,5830,5842,5865,5886,5908,5972,6042,6079,biphasic_positive_negative
101,19,6222,17.283333333333335,NORMAL,N,6157,6169,6190,6211,6235,6292,6329,6355,normal
101,20,6527,18.130555555555556,NORMAL,N,6466,6479,6499,6516,6541,6597,6632,6659,normal
101,21,6830,18.97222222222222,NORMAL,N,6769,6781,6802,6818,6844,6900,6935,6961,normal
101,22,7142,19.83888888888889,NORMAL,N,7078,7090,7111,7131,7156,7215,7251,7278,normal
101,23,7462,20.727777777777778,NORMAL,N,7398,7412,7432,7451,7476,7533,7571,7601,normal
101,24,7785,21.625,NORMAL,N,7722,7735,7754,7774,7800,7858,7893,7922,normal
101,25,8105,22.51388888888889,NORMAL,N,8042,8054,8074,8094,8115,8176,8212,8238,normal
101,26,8414,23.372222222222224,NORMAL,N,8349,8361,8383,8402,8423,8482,8515,8545,normal
101,27,8721,24.225,NORMAL,N,8659,8671,8693,8710,8735,8790,8824,8852,normal
101,28,9025,25.069444444444443,NORMAL,N,8962,8975,8997,9013,9038,9096,9129,9157,normal
101,29,9320,25.88888888888889,NORMAL,N,9257,9271,9291,9309,9333,9394,9427,9454,normal
101,30,9628,26.744444444444444,NORMAL,N,9564,9578,9596,9616,9640,9704,9736,9768,normal
101,31,9953,27.647222222222222,NORMAL,N,9886,9899,9917,9940,9962,10019,10115,10132,biphasic_positive_negative
101,32,10281,28.558333333333334,NORMAL,N,10217,10229,10247,10268,10289,10352,10391,10421,normal
101,33,10589,29.413888888888888,NORMAL,N,10529,10540,10564,10578,10599,10662,10690,10717,normal
101,34,10891,30.252777777777776,NORMAL,N,10829,10844,10863,10880,10900,10964,10994,11022,normal
101,35,11184,31.066666666666666,NORMAL,N,11123,11136,11157,11173,11194,11265,11335,11343,biphasic_positive_negative
101,36,11470,31.86111111111111,NORMAL,N,11409,11419,11435,11458,11494,11538,11572,11599,normal
101,37,11759,32.66388888888889,NORMAL,N,11694,11705,11725,11747,11769,11837,11868,11898,normal
101,38,12049,33.46944444444444,NORMAL,N,11985,11998,12014,12036,12060,12136,12160,12192,normal
101,39,12338,34.272222222222226,NORMAL,N,12266,12286,12305,12325,12347,12412,12443,12468,normal
101,40,12621,35.05833333333333,NORMAL,N,12557,12570,12591,12609,12630,12697,12730,12758,normal
101,41,12911,35.86388888888889,NORMAL,N,12846,12859,12882,12898,12919,12979,13011,13035,normal
101,42,13183,36.61944444444445,NORMAL,N,13121,13134,13156,13171,13192,13251,13284,13308,normal
101,43,13457,37.38055555555555,NORMAL,N,13397,13409,13428,13445,13466,13529,13562,13592,normal
101,44,13740,38.166666666666664,NORMAL,N,13676,13689,13708,13728,13767,13824,13898,13914,biphasic_positive_negative
101,45,14029,38.96944444444444,NORMAL,N,13970,13981,14000,14017,14039,14104,14137,14165,normal
101,46,14333,39.81388888888889,NORMAL,N,14266,14280,14302,14320,14343,14407,14442,14481,normal
101,47,14640,40.666666666666664,NORMAL,N,14575,14590,14607,14628,14673,14703,14741,14764,biphasic_negative_positive
101,48,14923,41.452777777777776,NORMAL,N,14863,14874,14892,14910,14932,14995,15057,15085,biphasic_positive_negative
101,49,15195,42.208333333333336,NORMAL,N,15134,15146,15166,15184,15204,15266,15297,15327,normal
101,50,15473,42.980555555555554,NORMAL,N,15410,15423,15443,15462,15483,15541,15578,15608,normal
101,51,15760,43.77777777777778,NORMAL,N,15699,15711,15730,15748,15772,15829,15861,15891,normal
101,52,16051,44.58611111111111,NORMAL,N,15988,16000,16019,16039,16063,16121,16154,16185,normal
101,53,16350,45.416666666666664,NORMAL,N,16285,16298,16318,16338,16361,16419,16457,16485,normal
101,54,16655,46.263888888888886,NORMAL,N,16590,16602,16623,16643,16665,16728,16763,16790,normal
101,55,16956,47.1,NORMAL,N,16891,16904,16924,16944,16968,17030,17064,17093,normal
101,56,17250,47.916666666666664,NORMAL,N,17187,17200,17218,17238,17263,17324,17352,17379,normal
101,57,17531,48.69722222222222,NORMAL,N,17472,17484,17503,17520,17543,17602,17633,17662,normal
101,58,17813,49.480555555555554,NORMAL,N,17754,17766,17785,17802,17825,17880,17913,17939,normal
101,59,18098,50.272222222222226,NORMAL,N,18037,18050,18068,18087,18110,18175,18207,18240,normal
101,60,18395,51.09722222222222,NORMAL,N,18330,18343,18365,18383,18406,18473,18506,18533,normal
101,61,18687,51.90833333333333,NORMAL,N,18622,18635,18655,18675,18697,18766,18798,18827,normal
101,62,18976,52.71111111111111,NORMAL,N,18916,18928,18948,18965,18989,19047,19083,19109,normal
101,63,19267,53.519444444444446,NORMAL,N,19204,19218,19238,19255,19277,19334,19373,19405,normal
101,64,19558,54.327777777777776,NORMAL,N,19499,19511,19530,19547,19568,19624,19659,19689,normal
101,65,19860,55.166666666666664,NORMAL,N,19797,19810,19829,19848,19871,19925,19963,19991,normal
101,66,20173,56.03611111111111,NORMAL,N,20109,20121,20140,20161,20181,20241,20275,20304,normal
101,67,20493,56.925,NORMAL,N,20427,20440,20461,20481,20502,20565,20601,20632,normal
101,68,20821,57.83611111111111,NORMAL,N,20757,20769,20790,20809,20831,20894,20931,20959,normal
101,69,21165,58.791666666666664,NORMAL,N,21100,21113,21132,21153,21175,21237,21276,21308,normal
101,70,21498,59.71666666666667,NORMAL,N,21434,21447,21467,21486,21507,21566,21603,21628,normal
101,71,21808,60.577777777777776,NORMAL,N,21747,21760,21779,21796,21817,21874,21911,21939,normal
101,72,22130,61.47222222222222,NORMAL,N,22067,22080,22098,22118,22139,22200,22234,22262,normal
101,73,22451,62.36388888888889,NORMAL,N,22389,22401,22419,22439,22460,22518,22561,22591,normal
101,74,22781,63.28055555555556,NORMAL,N,22716,22727,22747,22769,22791,22852,22894,22925,normal
101,75,23126,64.2388888888889,NORMAL,N,23061,23075,23095,23114,23135,23198,23238,23266,normal
101,76,23457,65.15833333333333,NORMAL,N,23393,23406,23425,23445,23466,23521,23560,23587,normal
101,77,23774,66.03888888888889,NORMAL,N,23711,23724,23745,23763,23783,23844,23880,23909,normal
101,78,24089,66.91388888888889,NORMAL,N,24029,24042,24060,24078,24098,24160,24192,24219,normal
101,79,24403,67.78611111111111,NORMAL,N,24340,24353,24372,24392,24412,24470,24504,24533,normal
101,80,24720,68.66666666666667,NORMAL,N,24654,24668,24688,24708,24728,24784,24824,24858,normal
101,81,25040,69.55555555555556,NORMAL,N,24974,24986,25006,25028,25049,25106,25145,25175,normal
101,82,25373,70.48055555555555,NORMAL,N,25306,25320,25339,25361,25386,25446,25482,25513,normal
101,83,25704,71.4,NORMAL,N,25638,25651,25673,25692,25713,25774,25808,25835,normal
101,84,26008,72.24444444444444,NORMAL,N,25945,25957,25977,25996,26018,26075,26110,26138,normal
101,85,26309,73.08055555555555,NORMAL,N,26246,26260,26278,26298,26321,26379,26414,26440,normal
101,86,26637,73.99166666666666,NORMAL,N,26573,26586,26603,26625,26650,26710,26746,26775,normal
101,87,26967,74.90833333333333,NORMAL,N,26903,26916,26936,26955,26980,27039,27077,27107,normal
101,88,27303,75.84166666666667,NORMAL,N,27240,27252,27272,27291,27315,27374,27411,27443,normal
101,89,27621,76.725,NORMAL,N,27556,27570,27590,27609,27630,27693,27729,27755,normal
101,90,27933,77.59166666666667,NORMAL,N,27872,27884,27904,27922,27942,28004,28037,28067,normal
101,91,28243,78.45277777777778,NORMAL,N,28181,28193,28212,28231,28252,28308,28343,28376,normal
101,92,28558,79.32777777777778,NORMAL,N,28496,28509,28528,28547,28571,28629,28658,28686,normal
101,93,28861,80.16944444444445,NORMAL,N,28799,28810,28831,28849,28874,28934,28967,28989,normal
101,94,29154,80.98333333333333,NORMAL,N,29091,29104,29123,29143,29168,29224,29263,29297,normal
101,95,29467,81.85277777777777,NORMAL,N,29401,29414,29433,29455,29479,29542,29578,29609,normal
101,96,29782,82.72777777777777,NORMAL,N,29717,29730,29751,29769,29794,29857,29891,29921,normal
101,97,30088,83.57777777777778,NORMAL,N,30027,30039,30060,30077,30100,30154,30191,30215,normal
101,98,30386,84.40555555555555,NORMAL,N,30326,30337,30355,30375,30400,30454,30489,30515,normal
101,99,30687,85.24166666666666,NORMAL,N,30628,30640,30658,30676,30702,30754,30789,30817,normal
101,100,30984,86.06666666666666,NORMAL,N,30924,30936,30956,30973,30995,31059,31090,31117,normal
101,101,31310,86.97222222222223,NORMAL,N,31244,31257,31283,31298,31324,31382,31419,31447,normal
101,102,31634,87.87222222222222,NORMAL,N,31569,31580,31604,31622,31647,31711,31741,31765,normal
101,103,31947,88.74166666666666,NORMAL,N,31882,31895,31919,31934,31957,32018,32055,32085,normal
101,104,32262,89.61666666666666,NORMAL,N,32199,32211,32229,32249,32271,32333,32370,32398,normal
101,105,32565,90.45833333333333,NORMAL,N,32505,32517,32534,32553,32574,32632,32667,32695,normal
101,106,32866,91.29444444444445,NORMAL,N,32806,32819,32837,32854,32879,32931,32967,33004,normal
101,107,33164,92.12222222222222,NORMAL,N,33106,33116,33136,33141,33174,33236,33271,33294,normal
101,108,33467,92.96388888888889,NORMAL,N,33403,33419,33436,33451,33476,33540,33573,33606,normal
101,109,33777,93.825,NORMAL,N,33713,33723,33747,33758,33792,33849,33886,33915,normal
101,110,34091,94.69722222222222,NORMAL,N,34026,34039,34061,34074,34106,34169,34197,34225,normal
101,111,34391,95.53055555555555,NORMAL,N,34327,34338,34371,34377,34403,34463,34492,34520,normal
101,112,34678,96.32777777777778,NORMAL,N,34617,34631,34648,34666,34692,34752,34782,34809,normal
101,113,34979,97.16388888888889,NORMAL,N,34917,34930,34949,34968,34993,35057,35087,35127,normal
101,114,35288,98.02222222222223,NORMAL,N,35226,35239,35258,35274,35298,35353,35394,35418,normal
101,115,35598,98.88333333333334,NORMAL,N,35536,35547,35568,35586,35612,35671,35704,35732,normal
101,116,35911,99.75277777777778,NORMAL,N,35847,35860,35880,35900,35923,35984,36020,36048,normal
101,117,36216,100.6,NORMAL,N,36152,36163,36187,36205,36226,36285,36321,36358,normal
101,118,36529,101.46944444444445,NORMAL,N,36466,36478,36498,36517,36542,36599,36634,36663,normal
101,119,36836,102.32222222222222,NORMAL,N,36776,36788,36810,36825,36851,36908,36939,36964,normal
101,120,37140,103.16666666666667,NORMAL,N,37078,37090,37109,37128,37154,37211,37241,37274,normal
101,121,37449,104.025,NORMAL,N,37388,37401,37412,37428,37464,37522,37558,37582,normal
101,122,37772,104.92222222222222,NORMAL,N,37708,37720,37737,37760,37789,37848,37886,37919,normal
101,123,38099,105.83055555555555,NORMAL,N,38035,38047,38068,38087,38114,38172,38212,38240,normal
101,124,38429,106.74722222222222,NORMAL,N,38369,38381,38398,38418,38445,38499,38538,38565,normal
101,125,38748,107.63333333333334,NORMAL,N,38687,38698,38715,38738,38761,38786,38854,38878,biphasic_negative_positive
101,126,39058,108.49444444444444,NORMAL,N,38998,39010,39026,39047,39072,39132,39163,39191,normal
101,127,39375,109.375,NORMAL,N,39313,39326,39342,39362,39413,39451,39481,39504,normal
101,128,39691,110.25277777777778,NORMAL,N,39628,39642,39666,39680,39707,39756,39799,39825,normal
101,129,40013,111.14722222222223,NORMAL,N,39949,39962,39981,40001,40027,40085,40157,40168,biphasic_positive_negative
101,130,40338,112.05,NORMAL,N,40274,40287,40305,40326,40347,40415,40515,40528,biphasic_positive_negative
101,131,40667,112.96388888888889,NORMAL,N,40604,40615,40629,40656,40711,40750,40873,40882,biphasic_positive_negative
101,132,40975,113.81944444444444,NORMAL,N,40885,40893,40901,40948,41009,41046,41078,41101,normal
101,133,41264,114.62222222222222,NORMAL,N,41204,41215,41234,41251,41323,41338,41362,41393,normal
101,134,41542,115.39444444444445,NORMAL,N,41480,41492,41512,41513,41556,41618,41648,41670,normal
101,135,41829,116.19166666666666,NORMAL,N,41768,41778,41798,41818,41881,41918,41935,41961,normal
101,136,42125,117.01388888888889,NORMAL,N,42064,42074,42094,42113,42161,42186,42233,42270,biphasic_negative_positive
101,137,42420,117.83333333333333,NORMAL,N,42353,42364,42388,42408,42430,,,,
101,138,42713,118.64722222222223,NORMAL,N,42648,42659,42681,42701,42723,42780,42816,42850,normal
101,139,42990,119.41666666666667,NORMAL,N,42925,42938,42958,42977,42999,43063,43094,43115,normal
101,140,43267,120.18611111111112,NORMAL,N,43203,43214,43235,43255,43278,43310,43374,43400,biphasic_negative_positive
101,141,43546,120.96111111111111,NORMAL,N,43484,43497,43516,43533,43556,43617,43647,43676,normal
101,142,43816,121.71111111111111,NORMAL,N,43752,43764,43786,43793,43826,43883,43916,43945,normal
101,143,44095,122.48611111111111,NORMAL,N,44031,44042,44057,44082,44117,44168,44199,44223,normal
101,144,44387,123.29722222222222,NORMAL,N,44319,44332,44351,44369,44398,44467,44496,44518,normal
101,145,44676,124.1,NORMAL,N,44610,44623,44642,44655,44685,44755,44788,44812,normal
101,146,44977,124.93611111111112,NORMAL,N,44909,44923,44941,44963,45002,45055,45088,45116,normal
101,147,45269,125.74722222222222,NORMAL,N,45208,45219,45239,45257,45280,45335,45371,45396,normal
101,148,45553,126.53611111111111,NORMAL,N,45492,45504,45529,45539,45562,45630,45653,45679,normal
101,149,45839,127.33055555555555,NORMAL,N,45778,45790,45809,45827,45848,45909,45943,45973,normal
101,150,46137,128.15833333333333,NORMAL,N,46073,46085,46104,46125,46147,46212,46245,46274,normal
101,151,46440,129.0,NORMAL,N,46375,46388,46409,46427,46449,46518,46553,46580,normal
101,152,46750,129.86111111111111,NORMAL,N,46685,46698,46718,46738,46760,46827,46858,46888,normal
101,153,47060,130.72222222222223,NORMAL,N,46996,47008,47026,47048,47069,47137,47167,47193,normal
101,154,47359,131.55277777777778,NORMAL,N,47298,47311,47329,47347,47369,47431,47467,47489,normal
101,155,47655,132.375,NORMAL,N,47595,47606,47622,47634,47667,47739,47760,47793,normal
101,156,47944,133.17777777777778,NORMAL,N,47885,47893,47917,47932,47971,48018,48044,48063,normal
101,157,48227,133.9638888888889,NORMAL,N,48167,48179,48204,48216,48245,48308,48327,48360,normal
101,158,48516,134.76666666666668,NORMAL,N,48452,48469,48482,48502,48546,48629,48672,48712,inverted
101,159,48819,135.60833333333332,NORMAL,N,48760,48770,48785,48790,48845,48859,48934,48966,biphasic_negative_positive
101,160,49124,136.45555555555555,NORMAL,N,49063,49072,49092,49096,49150,49202,49246,49269,normal
101,161,49421,137.28055555555557,NORMAL,N,49363,49371,49379,49395,49430,49545,49553,49561,inverted
101,162,49698,138.05,NORMAL,N,49635,49647,49658,49667,49713,49737,49800,49813,biphasic_negative_positive
101,163,49977,138.825,NORMAL,N,49903,49930,49942,49960,49996,50051,50075,50106,normal
101,164,50248,139.57777777777778,NORMAL,N,50184,50196,50220,50235,50258,50332,50353,50373,normal
101,165,50527,140.3527777777778,NORMAL,N,50462,50472,50491,50513,50538,50612,50638,50657,normal
101,166,50815,141.15277777777777,NORMAL,N,50754,50760,50788,50799,50828,,,,
101,167,51114,141.98333333333332,NORMAL,N,51048,51060,51088,51097,51134,51192,51221,51243,normal
101,168,51399,142.775,NORMAL,N,51337,51349,51359,51367,51412,51435,51540,51553,biphasic_negative_positive
101,169,51687,143.575,NORMAL,N,51619,51635,51653,51674,51710,51762,51794,51827,normal
101,170,51965,144.34722222222223,NORMAL,N,51902,51917,51934,51953,51977,52010,52070,52087,biphasic_negative_positive
101,171,52238,145.10555555555555,NORMAL,N,52182,52191,52207,52228,52265,52341,52360,52401,inverted
101,172,52511,145.86388888888888,NORMAL,N,52452,52462,52483,52494,52525,52589,52641,52659,biphasic_positive_negative
101,173,52793,146.6472222222222,NORMAL,N,52730,52742,52766,52781,52806,52865,52899,52933,normal
101,174,53087,147.4638888888889,NORMAL,N,53008,53032,53056,53074,53101,53165,53197,53238,normal
101,175,53380,148.27777777777777,NORMAL,N,53311,53327,53347,53368,53396,53436,53498,53530,biphasic_negative_positive
101,176,53666,149.07222222222222,NORMAL,N,53596,53615,53638,53655,53682,53738,53776,53805,normal
101,177,53946,149.85,NORMAL,N,53888,53899,53917,53923,53959,53983,54006,54082,inverted
101,178,54220,150.61111111111111,NORMAL,N,54159,54170,54191,54207,54234,54296,54323,54355,normal
101,179,54516,151.43333333333334,NORMAL,N,54451,54465,54487,54503,54532,54587,54622,54638,normal
101,180,54813,152.25833333333333,NORMAL,N,54741,54763,54783,54801,54827,54892,54921,54956,normal
101,181,55107,153.075,NORMAL,N,55043,55055,55075,55093,55120,55187,55215,55254,normal
101,182,55405,153.90277777777777,NORMAL,N,55340,55350,55374,55393,55414,55483,55553,55581,biphasic_positive_negative
101,183,55709,154.74722222222223,NORMAL,N,55648,55658,55681,55697,55724,55783,55818,55851,normal
101,184,56010,155.58333333333334,NORMAL,N,55944,55958,55982,55998,56023,56080,56113,56134,normal
101,185,56306,156.40555555555557,NORMAL,N,56239,56257,56277,56295,56320,56376,56406,56434,normal
101,186,56606,157.23888888888888,NORMAL,N,56543,56558,56578,56595,56620,56679,56707,56743,normal
101,187,56917,158.1027777777778,NORMAL,N,56852,56867,56888,56905,56933,56990,57023,57058,normal
101,188,57252,159.03333333333333,NORMAL,N,57175,57196,57218,57239,57268,57333,57361,57388,normal
101,189,57591,159.975,NORMAL,N,57525,57535,57555,57579,57608,57673,57703,57725,normal
101,190,57927,160.90833333333333,NORMAL,N,57861,57875,57897,57915,57942,57982,58037,58065,biphasic_negative_positive
101,191,58244,161.7888888888889,NORMAL,N,58182,58194,58215,58233,58257,58316,58349,58382,normal
101,192,58541,162.61388888888888,NORMAL,N,58476,58490,58511,58529,58552,58614,58647,58679,normal
101,193,58845,163.45833333333334,NORMAL,N,58778,58794,58815,58833,58859,58920,58952,58983,normal
101,194,59165,164.34722222222223,NORMAL,N,59097,59115,59135,59154,59180,59239,59275,59303,normal
101,195,59489,165.24722222222223,NORMAL,N,59423,59435,59459,59477,59503,59567,59596,59640,normal
101,196,59821,166.16944444444445,NORMAL,N,59746,59767,59787,59809,59835,59897,59933,59964,normal
101,197,60156,167.1,NORMAL,N,60081,60102,60125,60144,60170,60234,60263,60290,normal
101,198,60476,167.98888888888888,NORMAL,N,60413,60425,60447,60463,60490,60547,60577,60602,normal
101,199,60783,168.84166666666667,NORMAL,N,60719,60733,60752,60772,60798,60853,60886,60912,normal
101,200,61088,169.6888888888889,NORMAL,N,61024,61034,61057,61077,61100,61157,61190,61219,normal
101,201,61394,170.5388888888889,NORMAL,N,61327,61339,61361,61381,61406,61470,61504,61539,normal
101,202,61726,171.4611111111111,NORMAL,N,61658,61672,61694,61714,61743,61805,61840,61867,normal
101,203,62057,172.38055555555556,NORMAL,N,61985,62002,62026,62045,62073,62140,62168,62198,normal
101,204,62359,173.21944444444443,NORMAL,N,62293,62305,62328,62347,62372,62434,62462,62496,normal
101,205,62671,174.0861111111111,NORMAL,N,62608,62620,62640,62660,62686,62747,62781,62802,normal
101,206,62993,174.98055555555555,NORMAL,N,62924,62947,62962,62970,63008,,63085,63108,negative_monophasic
101,207,63245,175.68055555555554,NORMAL,N,,,,63124,63313,,63384,63418,positive_monophasic
101,208,63630,176.75,NORMAL,N,,,,63620,63646,63712,63792,63805,biphasic_positive_negative
101,209,63966,177.68333333333334,NORMAL,N,63900,63913,63934,63954,63981,64053,64075,64109,normal
101,210,64291,178.5861111111111,NORMAL,N,64220,64235,64257,64279,64305,64368,64402,64431,normal
101,211,64627,179.51944444444445,NORMAL,N,64552,64574,64595,64615,64641,64696,64731,64756,normal
101,212,64929,180.35833333333332,NORMAL,N,64861,64877,64897,64916,64940,64997,65028,65061,normal
101,213,65244,181.23333333333332,NORMAL,N,65176,65192,65215,65232,65258,65318,65350,65387,normal
101,214,65575,182.15277777777777,NORMAL,N,65497,65520,65541,65563,65589,65648,65687,65717,normal
101,215,65906,183.07222222222222,NORMAL,N,65836,65851,65871,65894,65919,65983,66017,66054,normal
101,216,66224,183.95555555555555,NORMAL,N,66157,66171,66192,66212,66236,66297,66336,66368,normal
101,217,66564,184.9,NORMAL,N,66487,66509,66530,66552,66575,66634,66676,66709,normal
101,218,66889,185.80277777777778,NORMAL,N,66823,66837,66858,66877,66900,66920,67000,67018,biphasic_negative_positive
101,219,67198,186.6611111111111,NORMAL,N,67136,67147,67167,67186,67208,67269,67304,67341,normal
101,220,67509,187.525,NORMAL,N,67444,67460,67479,67498,67521,67579,67613,67646,normal
101,221,67831,188.41944444444445,NORMAL,N,67764,67780,67800,67820,67844,67897,67939,67966,normal
101,222,68163,189.34166666666667,NORMAL,N,68097,68109,68130,68150,68176,68241,68278,68310,normal
101,223,68505,190.29166666666666,NORMAL,N,68441,68453,68473,68493,68517,68581,68615,68638,normal
101,224,68830,191.19444444444446,NORMAL,N,68763,68775,68799,68817,68841,68900,68972,68990,biphasic_positive_negative
101,225,69136,192.04444444444445,NORMAL,N,69062,69082,69104,69123,69148,69201,69235,69266,normal
101,226,69445,192.90277777777777,NORMAL,N,69373,69394,69415,69434,69458,69517,69547,69575,normal
101,227,69757,193.76944444444445,NORMAL,N,69686,69703,69725,69745,69770,69829,69861,69889,normal
101,228,70082,194.67222222222222,NORMAL,N,70016,70027,70050,70070,70095,70153,70191,70221,normal
101,229,70417,195.6027777777778,NORMAL,N,70341,70361,70385,70405,70429,70495,70529,70563,normal
101,230,70751,196.53055555555557,NORMAL,N,70681,70697,70719,70737,70764,70827,70862,70888,normal
101,231,71087,197.4638888888889,NORMAL,N,71012,71033,71054,71075,71100,71165,71197,71227,normal
101,232,71400,198.33333333333334,NORMAL,N,71337,71349,71369,71388,71411,71471,71504,71535,normal
101,233,71709,199.19166666666666,NORMAL,N,71645,71660,71681,71698,71721,71782,71812,71845,normal
101,234,72020,200.05555555555554,NORMAL,N,71955,71969,71990,72009,72032,72099,72127,72154,normal
101,235,72349,200.96944444444443,NORMAL,N,72276,72297,72317,72337,72361,72426,72460,72490,normal
101,236,72679,201.88611111111112,NORMAL,N,72611,72625,72646,72667,72691,72757,72793,72815,normal
101,237,73002,202.78333333333333,NORMAL,N,72937,72948,72970,72990,73011,73080,73110,73138,normal
101,238,73306,203.62777777777777,NORMAL,N,73234,73254,73276,73295,73318,73380,73409,73443,normal
101,239,73600,204.44444444444446,NORMAL,N,73529,73549,73568,73588,73612,73633,73705,73730,biphasic_negative_positive
101,240,73912,205.3111111111111,NORMAL,N,73836,73857,73878,73899,73924,73991,74018,74047,normal
101,241,74229,206.19166666666666,NORMAL,N,74158,74175,74197,74217,74241,74306,74337,74367,normal
101,242,74556,207.1,NORMAL,N,74482,74501,74522,74544,74568,74636,74669,74694,normal
101,243,74896,208.04444444444445,NORMAL,N,74827,74840,74862,74883,74907,74975,75008,75046,normal
101,244,75213,208.925,NORMAL,N,75145,75159,75179,75201,75224,75293,75325,75358,normal
101,245,75536,209.82222222222222,NORMAL,N,75459,75483,75503,75524,75548,75613,75643,75672,normal
101,246,75853,210.70277777777778,NORMAL,N,75789,75803,75824,75842,75865,75926,75957,75990,normal
101,247,76167,211.575,NORMAL,N,76096,76116,76137,76155,76179,76238,76269,76300,normal
101,248,76493,212.48055555555555,NORMAL,N,76422,76439,76461,76481,76506,76575,76605,76635,normal
101,249,76830,213.41666666666666,NORMAL,N,76766,76779,76799,76819,76841,76908,76940,76974,normal
101,250,77161,214.3361111111111,NORMAL,N,77094,77106,77127,77149,77173,77236,77268,77304,normal
101,251,77497,215.26944444444445,NORMAL,N,77426,77444,77467,77485,77511,77570,77602,77635,normal
101,252,77827,216.1861111111111,NORMAL,N,77765,77777,77797,77815,77838,77899,77930,77954,normal
101,253,78147,217.075,NORMAL,N,78080,78094,78116,78135,78157,78224,78253,78281,normal
101,254,78474,217.98333333333332,NORMAL,N,78409,78421,78442,78462,78486,78550,78577,78614,normal
101,255,78814,218.92777777777778,NORMAL,N,78746,78760,78780,78802,78827,78862,78926,78955,biphasic_negative_positive
101,256,79159,219.88611111111112,NORMAL,N,79092,79102,79127,79146,79170,79239,79273,79302,normal
101,257,79515,220.875,NORMAL,N,79445,79460,79481,79503,79528,79593,79625,79659,normal
101,258,79852,221.8111111111111,NORMAL,N,79776,79798,79819,79840,79866,79927,79957,79984,normal
101,259,80160,222.66666666666666,NORMAL,N,80091,80106,80128,80148,80171,80234,80262,80292,normal
101,260,80464,223.51111111111112,NORMAL,N,80399,80411,80432,80452,80476,80543,80570,80596,normal
101,261,80772,224.36666666666667,NORMAL,N,80705,80718,80739,80760,80784,80850,80928,80960,biphasic_positive_negative
101,262,81107,225.29722222222222,NORMAL,N,81026,81049,81073,81094,81120,81187,81220,81247,normal
101,263,81452,226.25555555555556,NORMAL,N,81374,81396,81420,81440,81466,81530,81566,81601,normal
101,264,81789,227.19166666666666,NORMAL,N,81717,81738,81758,81777,81802,81865,81898,81931,normal
101,265,82112,228.0888888888889,NORMAL,N,82048,82059,82079,82100,82124,82184,82221,82253,normal
101,266,82442,229.00555555555556,NORMAL,N,82379,82392,82412,82431,82455,82516,82551,82588,normal
101,267,82772,229.92222222222222,NORMAL,N,82703,82722,82744,82761,82785,82844,82879,82906,normal
101,268,83107,230.8527777777778,NORMAL,N,83030,83053,83073,83094,83119,83134,83222,83261,biphasic_negative_positive
101,269,83433,231.75833333333333,NORMAL,N,83366,83379,83399,83421,83444,83509,83583,83606,biphasic_positive_negative
101,270,83776,232.7111111111111,NORMAL,N,83702,83722,83743,83764,83789,83853,83890,83921,normal
101,271,84117,233.65833333333333,NORMAL,N,84046,84065,84086,84106,84129,84193,84223,84251,normal
101,272,84427,234.51944444444445,NORMAL,N,84363,84376,84396,84415,84436,84496,84528,84561,normal
101,273,84734,235.37222222222223,NORMAL,N,84665,84682,84703,84722,84746,84812,84843,84878,normal
101,274,85072,236.3111111111111,NORMAL,N,84994,85017,85039,85060,85085,85147,85180,85212,normal
101,275,85417,237.26944444444445,NORMAL,N,85339,85362,85382,85405,85431,85493,85526,85553,normal
101,276,85752,238.2,NORMAL,N,85686,85698,85719,85740,85765,85829,85863,85890,normal
101,277,86068,239.07777777777778,NORMAL,N,86000,86014,86034,86056,86078,86146,86173,86203,normal
101,278,86371,239.91944444444445,NORMAL,N,86303,86315,86338,86359,86384,86445,86476,86504,normal
101,279,86683,240.7861111111111,NORMAL,N,86608,86629,86652,86671,86695,86755,86789,86815,normal
101,280,86992,241.64444444444445,NORMAL,N,86920,86941,86962,86980,87004,87065,87101,87134,normal
101,281,87305,242.51388888888889,NORMAL,N,87239,87251,87272,87293,87316,87378,87415,87451,normal
101,282,87654,243.48333333333332,NORMAL,N,87584,87596,87619,87639,87667,87695,87772,87803,biphasic_negative_positive
101,283,88000,244.44444444444446,NORMAL,N,87932,87946,87967,87988,88009,88080,88114,88147,normal
101,284,88338,245.38333333333333,NORMAL,N,88270,88285,88306,88326,88350,88413,88444,88473,normal
101,285,88667,246.29722222222222,NORMAL,N,88598,88617,88638,88655,88679,88740,88773,88806,normal
101,286,88998,247.21666666666667,NORMAL,N,88932,88948,88967,88986,89010,89039,89106,89152,biphasic_negative_positive
101,287,89345,248.18055555555554,NORMAL,N,89269,89292,89312,89333,89357,89421,89457,89491,normal
101,288,89698,249.1611111111111,NORMAL,N,89631,89645,89665,89686,89710,89777,89813,89845,normal
101,289,90060,250.16666666666666,NORMAL,N,89992,90005,90028,90048,90070,90139,90171,90202,normal
101,290,90398,251.10555555555555,NORMAL,N,90325,90343,90364,90386,90410,90477,90509,90554,normal
101,291,90736,252.04444444444445,NORMAL,N,90665,90684,90705,90724,90749,90808,90842,90873,normal
101,292,91068,252.96666666666667,NORMAL,N,90996,91018,91040,91057,91080,91138,91171,91199,normal
101,293,91396,253.87777777777777,NORMAL,N,91329,91347,91366,91385,91409,91473,91505,91540,normal
101,294,91743,254.84166666666667,NORMAL,N,91675,91689,91708,91731,91755,91825,91858,91890,normal
101,295,92094,255.81666666666666,NORMAL,N,92023,92038,92061,92081,92103,92125,92209,92246,biphasic_negative_positive
101,296,92447,256.7972222222222,NORMAL,N,92373,92393,92415,92435,92459,92525,92557,92597,normal
101,297,92791,257.7527777777778,NORMAL,N,92726,92740,92759,92779,92802,92864,92895,92926,normal
101,298,93130,258.69444444444446,NORMAL,N,93065,93078,93097,93118,93143,93209,93239,93268,normal
101,299,93471,259.64166666666665,NORMAL,N,93406,93420,93439,93459,93483,93517,93576,93607,biphasic_negative_positive
101,300,93817,260.60277777777776,NORMAL,N,93743,93765,93784,93805,93829,93895,93923,93957,normal
101,301,94157,261.5472222222222,NORMAL,N,94089,94103,94123,94145,94168,94231,94271,94306,normal
101,302,94516,262.5444444444444,NORMAL,N,94450,94464,94484,94504,94529,94593,94628,94662,normal
101,303,94868,263.52222222222224,NORMAL,N,94801,94815,94836,94857,94881,94946,94980,95007,normal
101,304,95198,264.43888888888887,NORMAL,N,95136,95149,95170,95187,95209,95274,95304,95335,normal
101,305,95527,265.35277777777776,NORMAL,N,95462,95478,95497,95516,95540,95596,95629,95661,normal
101,306,95863,266.2861111111111,NORMAL,N,95796,95810,95831,95851,95876,95938,95976,96011,normal
101,307,96226,267.2944444444444,NORMAL,N,96160,96173,96193,96214,96239,96300,96337,96370,normal
101,308,96589,268.3027777777778,NORMAL,N,96524,96537,96557,96577,96601,96666,96698,96731,normal
101,309,96940,269.27777777777777,NORMAL,N,96874,96888,96907,96929,96953,97017,97050,97084,normal
101,310,97284,270.23333333333335,NORMAL,N,97217,97233,97253,97272,97296,97356,97389,97417,normal
101,311,97612,271.14444444444445,NORMAL,N,97548,97560,97580,97598,97624,97687,97720,97752,normal
101,312,97949,272.0805555555556,NORMAL,N,97876,97898,97917,97938,97961,98023,98057,98092,normal
101,313,98290,273.02777777777777,NORMAL,N,98215,98237,98258,98278,98303,98368,98402,98430,normal
101,314,98647,274.01944444444445,NORMAL,N,98578,98593,98614,98634,98660,98725,98763,98793,normal
101,315,99011,275.03055555555557,NORMAL,N,98947,98959,98980,99000,99024,99090,99121,99151,normal
101,316,99358,275.99444444444447,NORMAL,N,99295,99308,99328,99345,99370,99429,99462,99490,normal
101,317,99692,276.9222222222222,NORMAL,N,99628,99642,99661,99680,99709,99760,99799,99823,normal
101,318,100015,277.81944444444446,NORMAL,N,99950,99964,99984,100003,100040,100088,100122,100154,normal
101,319,100360,278.77777777777777,NORMAL,N,100293,100307,100327,100346,100382,100435,100474,100512,normal
101,320,100722,279.78333333333336,NORMAL,N,100648,100669,100689,100708,100741,100800,100834,100861,normal
101,321,101085,280.7916666666667,NORMAL,N,101018,101032,101051,101072,101099,101161,101196,101219,normal
101,322,101426,281.7388888888889,NORMAL,N,101362,101373,101394,101413,101437,101502,101536,101566,normal
101,323,101771,282.6972222222222,NORMAL,N,101701,101719,101739,101757,101798,101842,101876,101905,normal
101,324,102112,283.64444444444445,NORMAL,N,102042,102062,102081,102099,102125,102183,102218,102250,normal
101,325,102455,284.59722222222223,NORMAL,N,102384,102403,102423,102441,102469,102531,102568,102599,normal
101,326,102824,285.6222222222222,NORMAL,N,102760,102773,102792,102812,102849,102903,102941,102974,normal
101,327,103196,286.65555555555557,NORMAL,N,103123,103142,103162,103183,103211,103272,103311,103341,normal
101,328,103555,287.65277777777777,NORMAL,N,103492,103504,103525,103542,103574,103631,103664,103693,normal
101,329,103881,288.55833333333334,NORMAL,N,103817,103831,103851,103868,103905,103951,103983,104014,normal
101,330,104210,289.47222222222223,NORMAL,N,104145,104157,104177,104196,104230,104284,104319,104348,normal
101,331,104548,290.4111111111111,NORMAL,N,104481,104496,104517,104535,104576,104625,104658,104687,normal
101,332,104882,291.3388888888889,NORMAL,N,104815,104828,104851,104866,104896,104959,104992,105019,normal
101,333,105198,292.21666666666664,NORMAL,N,105133,105145,105168,105184,105209,105271,105309,105341,normal
101,334,105531,293.14166666666665,NORMAL,N,105454,105477,105499,105519,105556,105604,105638,105668,normal
101,335,105851,294.03055555555557,NORMAL,N,105775,105798,105819,105838,105873,105921,105957,105989,normal
101,336,106181,294.9472222222222,NORMAL,N,106111,106127,106149,106167,106203,106251,106285,106313,normal
101,337,106504,295.84444444444443,NORMAL,N,106439,106453,106474,106491,106527,106574,106609,106643,normal
101,338,106842,296.78333333333336,NORMAL,N,106775,106788,106811,106828,106863,106920,106956,106988,normal
101,339,107208,297.8,NORMAL,N,107138,107151,107174,107194,107236,107289,107322,107360,normal
101,340,107567,298.7972222222222,NORMAL,N,107491,107512,107534,107553,107595,107643,107680,107711,normal
101,341,107917,299.76944444444445,NORMAL,N,107852,107864,107888,107903,107938,107991,108024,108053,normal
101,342,108252,300.7,NORMAL,N,108189,108201,108222,108239,108274,108324,108355,108383,normal
101,343,108574,301.59444444444443,NORMAL,N,108508,108520,108542,108560,108604,108648,108681,108711,normal
101,344,108918,302.55,NORMAL,N,108851,108863,108886,108904,108951,108995,109028,109058,normal
101,345,109274,303.5388888888889,NORMAL,N,109204,109217,109239,109258,109300,109354,109387,109417,normal
101,346,109634,304.5388888888889,NORMAL,N,109558,109578,109601,109619,109660,109712,109747,109776,normal
101,347,109998,305.55,NORMAL,N,109922,109942,109964,109984,110026,110077,110106,110138,normal
101,348,110346,306.51666666666665,NORMAL,N,110279,110292,110314,110332,110374,110423,110452,110481,normal
101,349,110690,307.47222222222223,NORMAL,N,110625,110638,110658,110676,110716,110764,110795,110826,normal
101,350,111046,308.4611111111111,NORMAL,N,110979,110992,111013,111034,111070,111127,111156,111186,normal
101,351,111409,309.46944444444443,NORMAL,N,111342,111353,111375,111395,111430,111488,111524,111555,normal
101,352,111791,310.53055555555557,NORMAL,N,111723,111736,111757,111777,111805,111870,111903,111931,normal
101,353,112165,311.56944444444446,NORMAL,N,112100,112113,112134,112152,112186,112241,112271,112302,normal
101,354,112521,312.55833333333334,NORMAL,N,112456,112469,112489,112507,112540,112599,112630,112658,normal
101,355,112879,313.5527777777778,NORMAL,N,112815,112828,112849,112866,112893,112955,112987,113019,normal
101,356,113244,314.56666666666666,NORMAL,N,113177,113191,113214,113231,113272,113321,113353,113382,normal
101,357,113615,315.59722222222223,NORMAL,N,113545,113560,113582,113601,113630,113700,113732,113763,normal
101,358,113984,316.6222222222222,NORMAL,N,113916,113928,113952,113970,113997,114070,114101,114131,normal
101,359,114353,317.64722222222224,NORMAL,N,114287,114298,114320,114339,114370,114435,114466,114491,normal
101,360,114691,318.5861111111111,UNKNOWN,Q,,,,114669,114730,114794,114827,114867,normal
101,361,115060,319.6111111111111,NORMAL,N,114998,115010,115028,115032,115079,115157,115212,115312,inverted
101,362,115740,321.5,NORMAL,N,,,,115731,115759,115832,115857,115890,normal
101,363,116089,322.46944444444443,NORMAL,N,116021,116036,116049,116076,116111,116129,116205,116233,biphasic_negative_positive
101,364,116435,323.43055555555554,NORMAL,N,116365,116383,116401,116423,116459,116471,116549,116576,biphasic_negative_positive
101,365,116768,324.35555555555555,NORMAL,N,116706,116719,116736,116754,116797,116854,116875,116916,normal
101,366,117096,325.26666666666665,NORMAL,N,,,,117065,117125,117175,117208,117235,biphasic_negative_positive
101,367,117431,326.1972222222222,NORMAL,N,117368,117381,117393,117416,117453,117510,117543,117584,normal
101,368,117778,327.1611111111111,NORMAL,N,117710,117724,117744,117763,117804,117860,117892,117926,normal
101,369,118143,328.175,NORMAL,N,118076,118087,118107,118127,118164,118188,118263,118296,biphasic_negative_positive
101,370,118511,329.1972222222222,NORMAL,N,118446,118459,118477,118496,118526,118528,118694,118706,biphasic_negative_positive
101,371,118852,330.14444444444445,NORMAL,N,118791,118802,118822,118835,118878,118905,118961,118996,biphasic_negative_positive
101,372,119176,331.0444444444444,NORMAL,N,119111,119133,119152,119165,119188,119255,119285,119319,normal
101,373,119511,331.975,NORMAL,N,119449,119462,119477,119497,119538,119593,119625,119658,normal
101,374,119845,332.90277777777777,NORMAL,N,119777,119790,119812,119832,119856,119930,119958,119999,normal
101,375,120170,333.80555555555554,NORMAL,N,120100,120115,120136,120156,120192,120243,120282,120314,normal
101,376,120502,334.72777777777776,NORMAL,N,120435,120448,120469,120487,120517,120572,120611,120645,normal
101,377,120823,335.61944444444447,NORMAL,N,120758,120771,120792,120810,120852,120897,120933,120964,normal
101,378,121147,336.51944444444445,NORMAL,N,121081,121094,121116,121134,121167,121217,121252,121283,normal
101,379,121458,337.3833333333333,NORMAL,N,121393,121405,121427,121445,121474,121528,121562,121597,normal
101,380,121760,338.22222222222223,NORMAL,N,121694,121706,121729,121747,121776,121834,121867,121905,normal
101,381,122091,339.14166666666665,NORMAL,N,122024,122035,122056,122077,122112,122174,122202,122235,normal
101,382,122445,340.125,NORMAL,N,122367,122389,122412,122432,122467,122524,122559,122590,normal
101,383,122802,341.1166666666667,NORMAL,N,122734,122747,122771,122789,122821,122877,122911,122940,normal
101,384,123144,342.06666666666666,NORMAL,N,123070,123092,123112,123131,123156,123215,123250,123286,normal
101,385,123475,342.9861111111111,NORMAL,N,123403,123424,123444,123462,123488,123550,123582,123613,normal
101,386,123823,343.9527777777778,NORMAL,N,123746,123768,123789,123809,123836,123902,123931,123965,normal
101,387,124178,344.93888888888887,NORMAL,N,124104,124123,124144,124165,124201,124258,124291,124328,normal
101,388,124535,345.93055555555554,NORMAL,N,124466,124479,124501,124520,124566,124615,124646,124680,normal
101,389,124893,346.925,NORMAL,N,124816,124839,124860,124879,124921,124972,125002,125037,normal
101,390,125232,347.8666666666667,NORMAL,N,125167,125180,125201,125221,125243,125308,125339,125369,normal
101,391,125562,348.78333333333336,NORMAL,N,125497,125510,125533,125550,125582,125636,125668,125700,normal
101,392,125889,349.69166666666666,NORMAL,N,125826,125838,125859,125876,125899,125962,125995,126035,normal
101,393,126227,350.63055555555553,NORMAL,N,126150,126172,126193,126212,126239,126308,126340,126378,normal
101,394,126591,351.64166666666665,NORMAL,N,126519,126534,126558,126577,126614,126673,126708,126741,normal
101,395,126952,352.64444444444445,NORMAL,N,126874,126896,126919,126938,126965,127029,127062,127093,normal
101,396,127298,353.60555555555555,NORMAL,N,127223,127244,127266,127285,127311,127373,127406,127441,normal
101,397,127636,354.5444444444444,NORMAL,N,127569,127583,127603,127623,127648,127707,127739,127769,normal
101,398,127967,355.4638888888889,NORMAL,N,127894,127914,127936,127953,127987,128043,128074,128104,normal
101,399,128290,356.3611111111111,NORMAL,N,128223,128236,128257,128276,128301,128369,128402,128436,normal
101,400,128631,357.30833333333334,NORMAL,N,128553,128575,128598,128617,128644,128711,128744,128776,normal
101,401,128984,358.2888888888889,NORMAL,N,128916,128930,128951,128971,129008,129065,129100,129137,normal
101,402,129352,359.31111111111113,NORMAL,N,129277,129296,129318,129339,129364,129400,129465,129495,biphasic_negative_positive
101,403,129693,360.2583333333333,NORMAL,N,129630,129641,129673,129681,129716,129737,129775,129837,normal
101,404,130006,361.1277777777778,NORMAL,N,129937,129953,129975,129993,130020,130039,130113,130147,biphasic_negative_positive
101,405,130332,362.03333333333336,NORMAL,N,130266,130278,130299,130317,130353,130410,130442,130474,normal
101,406,130648,362.9111111111111,NORMAL,N,130581,130593,130616,130635,130676,130729,130767,130802,normal
101,407,130988,363.85555555555555,NORMAL,N,130918,130931,130954,130974,131012,131071,131105,131136,normal
101,408,131319,364.775,NORMAL,N,131245,131266,131287,131306,131333,131397,131433,131469,normal
101,409,131646,365.68333333333334,NORMAL,N,131572,131594,131614,131632,131660,131721,131753,131784,normal
101,410,131956,366.5444444444444,NORMAL,N,131884,131904,131926,131943,131970,132032,132064,132104,normal
101,411,132266,367.40555555555557,NORMAL,N,132202,132215,132236,132254,132285,132341,132373,132403,normal
101,412,132575,368.2638888888889,NORMAL,N,132509,132522,132546,132562,132597,132650,132681,132715,normal
101,413,132910,369.19444444444446,NORMAL,N,132841,132855,132877,132897,132925,132986,133022,133056,normal
101,414,133272,370.2,NORMAL,N,133206,133219,133239,133258,133293,133352,133386,133418,normal
101,415,133648,371.24444444444447,NORMAL,N,133576,133593,133615,133635,133676,133725,133758,133787,normal
101,416,134017,372.26944444444445,NORMAL,N,133952,133965,133986,134003,134042,134089,134125,134158,normal
101,417,134364,373.23333333333335,NORMAL,N,134299,134312,134334,134351,134385,134439,134469,134505,normal
101,418,134720,374.22222222222223,NORMAL,N,134651,134665,134687,134706,134734,134798,134834,134870,normal
101,419,135104,375.2888888888889,NORMAL,N,135035,135048,135070,135090,135129,,,,
101,420,135299,375.8305555555556,APC,A,,,,135285,135321,135371,135407,135432,normal
101,421,135724,377.0111111111111,NORMAL,N,135661,135673,135695,135711,135752,135803,135837,135874,normal
101,422,136087,378.01944444444445,NORMAL,N,136022,136037,136058,136072,136119,136159,136192,136226,normal
101,423,136434,378.98333333333335,NORMAL,N,136362,136382,136402,136420,136447,136510,136544,136577,normal
101,424,136785,379.9583333333333,NORMAL,N,136718,136733,136754,136771,136798,136860,136894,136926,normal
101,425,137137,380.93611111111113,NORMAL,N,137066,137084,137105,137123,137150,137215,137249,137282,normal
101,426,137507,381.9638888888889,NORMAL,N,137438,137450,137472,137493,137521,137592,137626,137655,normal
101,427,137886,383.01666666666665,NORMAL,N,137819,137832,137855,137872,137898,137965,137998,138029,normal
101,428,138232,383.97777777777776,NORMAL,N,138168,138180,138202,138220,138251,138308,138338,138370,normal
101,429,138581,384.9472222222222,NORMAL,N,138510,138529,138550,138568,138594,138657,138690,138723,normal
101,430,138934,385.9277777777778,NORMAL,N,138862,138881,138902,138921,138948,139015,139047,139077,normal
101,431,139310,386.97222222222223,NORMAL,N,139240,139253,139276,139295,139336,139394,139428,139462,normal
101,432,139689,388.025,NORMAL,N,139619,139633,139655,139673,139703,139769,139803,139834,normal
101,433,140062,389.06111111111113,NORMAL,N,139988,140008,140029,140049,140092,140144,140175,140206,normal
101,434,140433,390.09166666666664,NORMAL,N,140365,140378,140401,140420,140452,140509,140542,140571,normal
101,435,140775,391.0416666666667,NORMAL,N,140709,140721,140742,140760,140787,140852,140883,140914,normal
101,436,141126,392.01666666666665,NORMAL,N,141057,141073,141095,141113,141140,141201,141235,141268,normal
101,437,141494,393.0388888888889,NORMAL,N,141418,141437,141459,141479,141508,141573,141607,141638,normal
101,438,141873,394.09166666666664,NORMAL,N,141804,141816,141839,141858,141886,141952,141988,142022,normal
101,439,142250,395.1388888888889,NORMAL,N,142182,142195,142216,142236,142264,142326,142358,142393,normal
101,440,142609,396.1361111111111,NORMAL,N,142543,142558,142580,142596,142621,142685,142715,142745,normal
101,441,142947,397.075,NORMAL,N,142881,142894,142915,142934,142957,143025,143057,143095,normal
101,442,143306,398.0722222222222,NORMAL,N,143236,143252,143274,143292,143319,143384,143415,143448,normal
101,443,143679,399.10833333333335,NORMAL,N,143610,143623,143647,143665,143693,143757,143792,143819,normal
101,444,144059,400.1638888888889,NORMAL,N,143988,144005,144026,144043,144084,144139,144173,144206,normal
101,445,144439,401.21944444444443,NORMAL,N,144373,144386,144407,144426,144467,144515,144551,144585,normal
101,446,144808,402.24444444444447,NORMAL,N,144740,144756,144777,144795,144827,144885,144919,144951,normal
101,447,145156,403.2111111111111,NORMAL,N,145092,145105,145126,145144,145167,145232,145265,145298,normal
101,448,145507,404.18611111111113,NORMAL,N,145444,145456,145477,145494,145536,145584,145618,145648,normal
101,449,145877,405.2138888888889,NORMAL,N,145807,145820,145843,145861,145893,145961,145998,146031,normal
101,450,146249,406.2472222222222,NORMAL,N,146182,146194,146216,146233,146268,146333,146366,146402,normal
101,451,146603,407.23055555555555,NORMAL,N,146537,146550,146571,146590,146628,146679,146716,146750,normal
101,452,146960,408.22222222222223,NORMAL,N,146892,146906,146928,146947,146974,147037,147070,147101,normal
101,453,147314,409.2055555555556,NORMAL,N,147246,147261,147283,147300,147342,147388,147423,147457,normal
101,454,147670,410.19444444444446,NORMAL,N,147601,147614,147637,147656,147684,147750,147784,147815,normal
101,455,148050,411.25,NORMAL,N,147973,147994,148016,148037,148065,148128,148165,148199,normal
101,456,148434,412.31666666666666,NORMAL,N,148366,148379,148401,148419,148448,148518,148551,148584,normal
101,457,148810,413.3611111111111,NORMAL,N,148741,148754,148777,148796,148821,148889,148920,148956,normal
101,458,149165,414.34722222222223,NORMAL,N,149097,149111,149133,149151,149179,149240,149273,149307,normal
101,459,149520,415.3333333333333,NORMAL,N,149446,149468,149489,149508,149534,149594,149627,149658,normal
101,460,149881,416.3361111111111,NORMAL,N,149816,149829,149850,149868,149899,149957,149992,150025,normal
101,461,150259,417.3861111111111,NORMAL,N,150190,150203,150225,150245,150273,150342,150378,150414,normal
101,462,150648,418.46666666666664,NORMAL,N,150581,150595,150617,150633,150667,150727,150763,150793,normal
101,463,151012,419.47777777777776,NORMAL,N,150946,150959,150981,150998,151039,151086,151120,151156,normal
101,464,151366,420.4611111111111,NORMAL,N,151300,151314,151336,151352,151393,151445,151477,151508,normal
101,465,151728,421.46666666666664,NORMAL,N,151663,151677,151698,151717,151741,151803,151838,151871,normal
101,466,152092,422.47777777777776,NORMAL,N,152025,152041,152062,152078,152112,152173,152205,152237,normal
101,467,152469,423.525,NORMAL,N,152401,152414,152436,152456,152491,152554,152589,152622,normal
101,468,152860,424.6111111111111,NORMAL,N,152790,152803,152825,152845,152875,152943,152978,153012,normal
101,469,153243,425.675,NORMAL,N,153176,153189,153210,153229,153256,153320,153352,153384,normal
101,470,153597,426.65833333333336,NORMAL,N,153531,153544,153565,153584,153625,153675,153705,153737,normal
101,471,153960,427.6666666666667,NORMAL,N,153886,153906,153928,153945,153974,154036,154071,154104,normal
101,472,154343,428.73055555555555,NORMAL,N,154274,154287,154309,154328,154363,154424,154458,154490,normal
101,473,154722,429.78333333333336,NORMAL,N,154653,154665,154688,154707,154734,154804,154834,154867,normal
101,474,155100,430.8333333333333,NORMAL,N,155033,155047,155068,155085,155115,155180,155213,155244,normal
101,475,155476,431.8777777777778,NORMAL,N,155411,155425,155446,155462,155490,155551,155585,155615,normal
101,476,155837,432.88055555555553,NORMAL,N,155772,155784,155806,155823,155857,155914,155948,155981,normal
101,477,156186,433.85,NORMAL,N,156120,156133,156154,156172,156199,156264,156297,156333,normal
101,478,156555,434.875,NORMAL,N,156487,156502,156523,156541,156584,156634,156668,156700,normal
101,479,156944,435.9555555555556,NORMAL,N,156874,156886,156908,156930,156958,157026,157063,157099,normal
101,480,157323,437.0083333333333,NORMAL,N,157258,157270,157291,157309,157334,157407,157438,157471,normal
101,481,157672,437.97777777777776,NORMAL,N,157603,157618,157641,157659,157699,157746,157781,157812,normal
101,482,158027,438.9638888888889,NORMAL,N,157961,157974,157995,158013,158054,158106,158138,158168,normal
101,483,158384,439.9555555555556,NORMAL,N,158317,158330,158352,158371,158398,158464,158496,158528,normal
101,484,158754,440.98333333333335,NORMAL,N,158685,158697,158721,158739,158767,158836,158871,158902,normal
101,485,159117,441.9916666666667,NORMAL,N,159048,159061,159084,159104,159140,159197,159230,159266,normal
101,486,159488,443.02222222222224,NORMAL,N,159420,159433,159455,159474,159502,159570,159602,159638,normal
101,487,159866,444.0722222222222,NORMAL,N,159799,159812,159833,159853,159885,159940,159975,160003,normal
101,488,160215,445.0416666666667,NORMAL,N,160148,160161,160184,160202,160227,160292,160322,160359,normal
101,489,160573,446.0361111111111,NORMAL,N,160500,160519,160541,160560,160587,160648,160681,160715,normal
101,490,160950,447.0833333333333,NORMAL,N,160883,160897,160918,160936,160970,161030,161066,161095,normal
101,491,161333,448.14722222222224,NORMAL,N,161265,161277,161300,161319,161345,161417,161452,161487,normal
101,492,161716,449.2111111111111,NORMAL,N,161644,161663,161684,161702,161730,161795,161827,161859,normal
101,493,162086,450.2388888888889,NORMAL,N,162020,162035,162055,162074,162099,162161,162194,162232,normal
101,494,162455,451.2638888888889,NORMAL,N,162386,162400,162422,162442,162467,162533,162567,162600,normal
101,495,162818,452.27222222222224,NORMAL,N,162751,162766,162785,162805,162831,162899,162934,162971,normal
101,496,163203,453.34166666666664,NORMAL,N,163136,163149,163170,163190,163218,163287,163321,163354,normal
101,497,163594,454.4277777777778,NORMAL,N,163524,163537,163559,163581,163616,163678,163711,163747,normal
101,498,163971,455.475,NORMAL,N,163904,163916,163938,163958,164001,164054,164083,164116,normal
101,499,164333,456.48055555555555,NORMAL,N,164262,164279,164301,164319,164347,164412,164440,164468,normal
101,500,164691,457.475,NORMAL,N,164623,164639,164660,164679,164706,164770,164799,164830,normal
101,501,165053,458.48055555555555,NORMAL,N,164985,164998,165021,165039,165081,165136,165168,165200,normal
101,502,165440,459.55555555555554,NORMAL,N,165370,165384,165406,165427,165454,165523,165556,165592,normal
101,503,165832,460.64444444444445,NORMAL,N,165762,165777,165799,165819,165855,165910,165943,165972,normal
101,504,166202,461.6722222222222,NORMAL,N,166138,166151,166171,166190,166215,166280,166315,166346,normal
101,505,166558,462.6611111111111,NORMAL,N,166493,166506,166526,166545,166581,166633,166666,166699,normal
101,506,166919,463.6638888888889,NORMAL,N,166852,166867,166889,166906,166934,167002,167034,167068,normal
101,507,167292,464.7,NORMAL,N,167224,167237,167260,167278,167306,167372,167408,167438,normal
101,508,167654,465.7055555555556,NORMAL,N,167586,167600,167621,167639,167667,167735,167769,167804,normal
101,509,168029,466.7472222222222,NORMAL,N,167961,167973,167994,168016,168056,168113,168150,168186,normal
101,510,168388,467.74444444444447,NORMAL,N,168319,168335,168357,168375,168402,168468,168500,168537,normal
101,511,168727,468.68611111111113,NORMAL,N,168662,168677,168696,168714,168759,168804,168837,168868,normal
101,512,169053,469.59166666666664,NORMAL,N,168988,169000,169021,169039,169072,169133,169165,169205,normal
101,513,169390,470.52777777777777,NORMAL,N,169317,169337,169358,169377,169419,169472,169509,169542,normal
101,514,169764,471.56666666666666,NORMAL,N,169693,169707,169730,169750,169785,169851,169887,169916,normal
101,515,170128,472.5777777777778,NORMAL,N,170059,170072,170096,170114,170157,170210,170244,170278,normal
101,516,170480,473.55555555555554,NORMAL,N,170414,170428,170449,170468,170513,170561,170593,170622,normal
101,517,170843,474.56388888888887,NORMAL,N,170775,170789,170811,170830,170865,170925,170955,170988,normal
101,518,171191,475.53055555555557,NORMAL,N,171127,171140,171160,171178,171213,171272,171303,171342,normal
101,519,171537,476.4916666666667,NORMAL,N,171470,171484,171504,171525,171562,171618,171651,171688,normal
101,520,171901,477.5027777777778,NORMAL,N,171832,171846,171869,171887,171922,171987,172019,172053,normal
101,521,172271,478.53055555555557,NORMAL,N,172199,172215,172236,172257,172286,172356,172388,172416,normal
101,522,172644,479.56666666666666,NORMAL,N,172575,172590,172610,172631,172665,172724,172755,172786,normal
101,523,172990,480.52777777777777,NORMAL,N,172924,172938,172958,172977,173003,173066,173097,173130,normal
101,524,173328,481.46666666666664,NORMAL,N,173261,173275,173299,173315,173343,173405,173439,173471,normal
101,525,173700,482.5,NORMAL,N,173632,173645,173666,173686,173727,173782,173812,173843,normal
101,526,174086,483.5722222222222,NORMAL,N,174018,174031,174053,174070,174106,174166,174202,174230,normal
101,527,174454,484.59444444444443,NORMAL,N,174387,174400,174421,174441,174477,174536,174567,174603,normal
101,528,174832,485.64444444444445,NORMAL,N,174769,174782,174802,174820,174847,174914,174944,174974,normal
101,529,175192,486.64444444444445,NORMAL,N,175127,175140,175161,175179,175222,175272,175301,175335,normal
101,530,175544,487.6222222222222,NORMAL,N,175480,175495,175515,175532,175559,175624,175654,175685,normal
101,531,175913,488.64722222222224,NORMAL,N,175847,175861,175881,175900,175942,175996,176027,176060,normal
101,532,176285,489.68055555555554,NORMAL,N,176216,176230,176252,176271,176308,176371,176406,176440,normal
101,533,176663,490.73055555555555,NORMAL,N,176596,176609,176631,176650,176677,176746,176780,176812,normal
101,534,177031,491.7527777777778,NORMAL,N,176967,176982,177001,177017,177058,177113,177141,177174,normal
101,535,177377,492.7138888888889,NORMAL,N,177313,177326,177347,177364,177392,177459,177490,177519,normal
101,536,177696,493.6,NORMAL,N,177630,177645,177666,177683,177718,177777,177809,177847,normal
101,537,178029,494.525,NORMAL,N,177962,177974,177997,178015,178043,178113,178148,178177,normal
101,538,178388,495.52222222222224,NORMAL,N,178319,178332,178354,178373,178414,178440,178505,178533,biphasic_negative_positive
101,539,178751,496.53055555555557,NORMAL,N,178676,178696,178718,178738,178766,178828,178865,178901,normal
101,540,179129,497.5805555555556,NORMAL,N,179061,179073,179094,179115,179144,179208,179245,179273,normal
101,541,179490,498.5833333333333,NORMAL,N,179425,179437,179458,179477,179513,179566,179599,179628,normal
101,542,179835,499.5416666666667,NORMAL,N,179770,179784,179805,179821,179860,179911,179946,179981,normal
101,543,180213,500.59166666666664,NORMAL,N,180146,180159,180179,180197,180228,180293,180327,180357,normal
101,544,180597,501.65833333333336,NORMAL,N,180526,180539,180562,180582,180621,180679,180715,180756,normal
101,545,180974,502.7055555555556,NORMAL,N,180902,180917,180939,180959,180988,181053,181086,181124,normal
101,546,181342,503.72777777777776,NORMAL,N,181271,181290,181312,181329,181355,181418,181450,181481,normal
101,547,181690,504.69444444444446,NORMAL,N,181612,181636,181658,181678,181709,181768,181800,181836,normal
101,548,182042,505.6722222222222,NORMAL,N,181977,181988,182011,182028,182056,182121,182153,182183,normal
101,549,182386,506.6277777777778,NORMAL,N,182318,182330,182354,182372,182410,182466,182497,182528,normal
101,550,182733,507.59166666666664,NORMAL,N,182658,182676,182698,182718,182753,182812,182848,182881,normal
101,551,183073,508.5361111111111,NORMAL,N,183005,183018,183039,183060,183095,183154,183185,183217,normal
101,552,183425,509.5138888888889,NORMAL,N,183356,183371,183393,183411,183444,183501,183534,183563,normal
101,553,183767,510.4638888888889,NORMAL,N,183697,183716,183737,183754,183780,183843,183873,183903,normal
101,554,184104,511.4,NORMAL,N,184032,184052,184073,184091,184117,184180,184212,184240,normal
101,555,184447,512.3527777777778,NORMAL,N,184382,184395,184416,184433,184475,184491,184563,184592,biphasic_negative_positive
101,556,184806,513.35,NORMAL,N,184732,184745,184776,184793,184836,184881,185000,185009,biphasic_positive_negative
101,557,185156,514.3222222222222,NORMAL,N,185087,185100,185123,185142,185177,185242,185270,185300,normal
101,558,185493,515.2583333333333,NORMAL,N,185425,185438,185460,185478,185507,185569,185602,185631,normal
101,559,185821,516.1694444444445,NORMAL,N,185755,185767,185788,185808,185835,185897,185928,185957,normal
101,560,186153,517.0916666666667,NORMAL,N,186083,186099,186122,186139,186174,186231,186261,186290,normal
101,561,186489,518.025,NORMAL,N,186417,186434,186456,186475,186503,186568,186598,186632,normal
101,562,186845,519.0138888888889,NORMAL,N,186778,186792,186813,186829,186860,186925,186962,186991,normal
101,563,187205,520.0138888888889,NORMAL,N,187137,187151,187173,187190,187230,187291,187323,187355,normal
101,564,187569,521.025,NORMAL,N,187502,187515,187536,187556,187602,187652,187685,187719,normal
101,565,187895,521.9305555555555,NORMAL,N,187817,187842,187866,187878,187907,187969,188005,188033,normal
101,566,188207,522.7972222222222,NORMAL,N,188140,188154,188174,188196,188241,188290,188315,188343,normal
101,567,188529,523.6916666666667,NORMAL,N,188473,188477,188498,188514,188550,188605,188695,188707,biphasic_positive_negative
101,568,188860,524.6111111111111,NORMAL,N,188785,188805,188827,188847,188888,188902,188975,189017,biphasic_negative_positive
101,569,189211,525.5861111111111,NORMAL,N,,,,189197,189237,189309,189332,189354,normal
101,570,189561,526.5583333333333,NORMAL,N,189492,189504,189529,189547,189594,189641,189674,189702,normal
101,571,189899,527.4972222222223,NORMAL,N,189838,189848,189871,189886,189926,189987,190011,190052,normal
101,572,190235,528.4305555555555,NORMAL,N,190169,190183,190206,190221,190262,190311,190348,190377,normal
101,573,190562,529.3388888888888,NORMAL,N,190500,190512,190532,190550,190584,190639,190670,190700,normal
101,574,190881,530.225,NORMAL,N,190816,190832,190851,190867,190902,190960,190994,191021,normal
101,575,191225,531.1805555555555,NORMAL,N,191147,191172,191194,191210,191248,191315,191345,191378,normal
101,576,191579,532.1638888888889,NORMAL,N,191510,191523,191547,191564,191594,191664,191699,191728,normal
101,577,191935,533.1527777777778,NORMAL,N,191859,191880,191902,191922,191966,192019,192051,192081,normal
101,578,192262,534.0611111111111,NORMAL,N,192198,192212,192232,192249,192284,192334,192369,192396,normal
101,579,192586,534.9611111111111,NORMAL,N,192521,192536,192556,192573,192614,192661,192692,192723,normal
101,580,192918,535.8833333333333,NORMAL,N,192846,192864,192886,192904,192932,192998,193031,193062,normal
101,581,193256,536.8222222222222,NORMAL,N,193188,193203,193225,193243,193271,193334,193371,193409,normal
101,582,193604,537.7888888888889,NORMAL,N,193531,193551,193572,193591,193629,193683,193718,193751,normal
101,583,193948,538.7444444444444,NORMAL,N,193881,193894,193916,193935,193970,194031,194064,194105,normal
101,584,194284,539.6777777777778,NORMAL,N,194219,194232,194253,194271,194312,194364,194396,194429,normal
101,585,194621,540.6138888888889,NORMAL,N,194555,194569,194590,194608,194648,194704,194731,194759,normal
101,586,194953,541.5361111111112,NORMAL,N,194884,194902,194922,194938,194979,195029,195061,195092,normal
101,587,195285,542.4583333333334,NORMAL,N,195217,195231,195253,195272,195297,195361,195394,195427,normal
101,588,195636,543.4333333333333,NORMAL,N,195565,195579,195601,195621,195651,195719,195752,195783,normal
101,589,196003,544.4527777777778,NORMAL,N,195933,195947,195970,195988,196040,196083,196118,196150,normal
101,590,196364,545.4555555555555,NORMAL,N,196300,196313,196333,196352,196383,196442,196472,196502,normal
101,591,196702,546.3944444444444,NORMAL,N,196637,196649,196671,196689,196713,196786,196813,196845,normal
101,592,197045,547.3472222222222,NORMAL,N,196981,196994,197013,197032,197058,197122,197155,197187,normal
101,593,197391,548.3083333333333,NORMAL,N,197324,197338,197361,197379,197411,197472,197508,197536,normal
101,594,197733,549.2583333333333,NORMAL,N,197664,197678,197701,197720,197747,197816,197850,197882,normal
101,595,198083,550.2305555555556,NORMAL,N,198016,198029,198052,198069,198095,198161,198193,198225,normal
101,596,198432,551.2,NORMAL,N,198362,198377,198399,198418,198447,,,,
101,597,198779,552.1638888888889,NORMAL,N,,,,198766,198808,198853,198886,198913,normal
101,598,199116,553.1,NORMAL,N,,,,199104,199144,199185,199222,199251,normal
101,599,199457,554.0472222222222,NORMAL,N,,,,199444,199479,199536,199569,199603,normal
101,600,199810,555.0277777777778,NORMAL,N,,,,199797,199834,199890,199926,199954,normal
101,601,200168,556.0222222222222,NORMAL,N,,,,200153,200193,200253,200286,200317,normal
101,602,200524,557.0111111111111,NORMAL,N,,,,200511,200555,200603,200637,200666,normal
101,603,200869,557.9694444444444,NORMAL,N,,,,200854,200890,200952,201027,201055,biphasic_positive_negative
101,604,201212,558.9222222222222,NORMAL,N,,,,201197,201232,201292,201325,201352,normal
101,605,201550,559.8611111111111,NORMAL,N,,,,201538,201574,201630,201660,201696,normal
101,606,201894,560.8166666666667,NORMAL,N,201789,201815,201840,201881,201921,201980,202008,202053,normal
101,607,202242,561.7833333333333,NORMAL,N,,,,202228,202277,202327,202358,202386,normal
101,608,202597,562.7694444444444,NORMAL,N,,,,202583,202619,202679,202713,202742,normal
101,609,202959,563.775,NORMAL,N,,,,202944,202979,203039,203071,203101,normal
101,610,203308,564.7444444444444,NORMAL,N,,,,203296,203327,203383,203415,203450,normal
101,611,203647,565.6861111111111,NORMAL,N,,,,203634,203669,203726,203757,203787,normal
101,612,203996,566.6555555555556,NORMAL,N,,,,203982,204011,204079,204114,204144,normal
101,613,204343,567.6194444444444,NORMAL,N,,,,204330,204371,204427,204461,204496,normal
101,614,204688,568.5777777777778,NORMAL,N,,,,204674,204719,204767,204803,204832,normal
101,615,205032,569.5333333333333,NORMAL,N,,,,205019,205061,205109,205143,205175,normal
101,616,205364,570.4555555555555,NORMAL,N,,,,205350,205391,205444,205475,205505,normal
101,617,205696,571.3777777777777,NORMAL,N,,,,205682,205722,205774,205806,205835,normal
101,618,206047,572.3527777777778,NORMAL,N,,,,206034,206075,206126,206160,206190,normal
101,619,206418,573.3833333333333,NORMAL,N,,,,206405,206447,206498,206532,206564,normal
101,620,206785,574.4027777777778,NORMAL,N,,,,206771,206814,206871,206904,206936,normal
101,621,207159,575.4416666666667,NORMAL,N,,,,207144,207174,207236,207270,207299,normal
101,622,207520,576.4444444444445,NORMAL,N,,,,207504,207534,207598,207628,207661,normal
101,623,207878,577.4388888888889,NORMAL,N,,,,207864,207907,207954,207987,208018,normal
101,624,208234,578.4277777777778,NORMAL,N,,,,208219,208266,208314,208348,208377,normal
101,625,208623,579.5083333333333,NORMAL,N,,,,208608,208644,208704,208740,208772,normal
101,626,209014,580.5944444444444,NORMAL,N,,,,208999,209035,209092,209128,209154,normal
101,627,209376,581.6,NORMAL,N,,,,209363,209406,209457,209488,209520,normal
101,628,209745,582.625,NORMAL,N,,,,209731,209765,209820,209852,209882,normal
101,629,210108,583.6333333333333,NORMAL,N,,,,210095,210122,210183,210214,210241,normal
101,630,210472,584.6444444444444,NORMAL,N,,,,210458,210492,210554,210587,210621,normal
101,631,210847,585.6861111111111,NORMAL,N,,,,210834,210876,210930,210964,210995,normal
101,632,211238,586.7722222222222,NORMAL,N,,,,211224,211260,211320,211356,211385,normal
101,633,211620,587.8333333333334,NORMAL,N,,,,211608,211639,211702,211731,211760,normal
101,634,211975,588.8194444444445,NORMAL,N,,,,211962,211993,212052,212083,212111,normal
101,635,212351,589.8638888888889,NORMAL,N,,,,212336,212370,212431,212464,212497,normal
101,636,212725,590.9027777777778,NORMAL,N,,,,212713,212749,212812,212840,212875,normal
101,637,213094,591.9277777777778,NORMAL,N,,,,213080,213107,213175,213209,213247,normal
101,638,213461,592.9472222222222,NORMAL,N,,,,213446,213474,213542,213575,213603,normal
101,639,213813,593.925,NORMAL,N,,,,213799,213835,213889,213923,213951,normal
101,640,214152,594.8666666666667,NORMAL,N,,,,214136,214171,214228,214259,214288,normal
101,641,214495,595.8194444444445,NORMAL,N,,,,214482,214519,214571,214604,214631,normal
101,642,214847,596.7972222222222,NORMAL,N,,,,214833,214867,214930,214963,214993,normal
101,643,215233,597.8694444444444,NORMAL,N,,,,215220,215263,215315,215349,215378,normal
101,644,215566,598.7944444444445,APC,A,,,,215552,215587,215647,215681,215709,normal
101,645,215980,599.9444444444445,NORMAL,N,,,,215966,216001,216055,216088,216121,normal
101,646,216336,600.9333333333333,NORMAL,N,,,,216324,216355,216406,216442,216477,normal
101,647,216688,601.9111111111112,NORMAL,N,,,,216674,216709,216767,216801,216828,normal
101,648,217037,602.8805555555556,NORMAL,N,,,,217022,217057,217119,217151,217191,normal
101,649,217388,603.8555555555556,NORMAL,N,,,,217376,217410,217469,217503,217533,normal
101,650,217719,604.775,NORMAL,N,,,,217705,217747,217800,217833,217864,normal
101,651,218059,605.7194444444444,NORMAL,N,,,,218043,218078,218136,218167,218197,normal
101,652,218391,606.6416666666667,NORMAL,N,,,,218378,218415,218465,218496,218522,normal
101,653,218711,607.5305555555556,NORMAL,N,,,,218697,218738,218788,218817,218847,normal
101,654,219066,608.5166666666667,NORMAL,N,,,,219051,219086,219142,219176,219205,normal
101,655,219442,609.5611111111111,NORMAL,N,,,,219427,219462,219521,219558,219583,normal
101,656,219819,610.6083333333333,NORMAL,N,,,,219803,219830,219901,219932,219960,normal
101,657,220183,611.6194444444444,NORMAL,N,,,,220168,220196,220257,220290,220320,normal
101,658,220548,612.6333333333333,NORMAL,N,,,,220533,220569,220629,220660,220692,normal
101,659,220915,613.6527777777778,NORMAL,N,,,,220903,220940,220992,221024,221053,normal
101,660,221280,614.6666666666666,NORMAL,N,,,,221266,221313,221356,221391,221421,normal
101,661,221667,615.7416666666667,NORMAL,N,,,,221654,221691,221751,221787,221822,normal
101,662,222037,616.7694444444444,NORMAL,N,,,,222021,222056,222123,222154,222185,normal
101,663,222388,617.7444444444444,NORMAL,N,,,,222374,222416,222470,222501,222530,normal
101,664,222729,618.6916666666667,NORMAL,N,,,,222716,222754,222808,222835,222870,normal
101,665,223064,619.6222222222223,NORMAL,N,,,,223051,223083,223096,223174,223212,biphasic_negative_positive
101,666,223417,620.6027777777778,NORMAL,N,,,,223402,223450,223502,223536,223565,normal
101,667,223781,621.6138888888889,NORMAL,N,,,,223764,223803,223869,223901,223931,normal
101,668,224136,622.6,NORMAL,N,,,,224121,224157,224220,224253,224287,normal
101,669,224485,623.5694444444445,NORMAL,N,,,,224470,224505,224565,224597,224625,normal
101,670,224825,624.5138888888889,NORMAL,N,,,,224811,224853,224902,224937,224964,normal
101,671,225171,625.475,NORMAL,N,,,,225158,225184,225250,225282,225316,normal
101,672,225514,626.4277777777778,NORMAL,N,,,,225501,225536,225593,225628,225660,normal
101,673,225889,627.4694444444444,NORMAL,N,,,,225874,225909,225970,226007,226032,normal
101,674,226265,628.5138888888889,NORMAL,N,,,,226249,226278,226347,226382,226416,normal
101,675,226634,629.5388888888889,NORMAL,N,,,,226619,226658,226714,226746,226775,normal
101,676,226996,630.5444444444445,NORMAL,N,,,,226982,227019,227070,227102,227132,normal
101,677,227349,631.525,NORMAL,N,,,,227337,227368,227423,227455,227488,normal
101,678,227704,632.5111111111111,NORMAL,N,,,,227691,227728,227783,227816,227848,normal
101,679,228085,633.5694444444445,NORMAL,N,,,,228071,228106,228164,228200,228231,normal
101,680,228466,634.6277777777777,NORMAL,N,,,,228449,228489,228546,228578,228608,normal
101,681,228825,635.625,NORMAL,N,,,,228813,228850,228904,228937,228970,normal
101,682,229190,636.6388888888889,NORMAL,N,,,,229176,229217,229264,229299,229328,normal
101,683,229549,637.6361111111111,NORMAL,N,,,,229535,229575,229623,229656,229683,normal
101,684,229899,638.6083333333333,NORMAL,N,,,,229887,229923,229978,230013,230054,normal
101,685,230272,639.6444444444444,NORMAL,N,,,,230259,230296,230353,230393,230422,normal
101,686,230660,640.7222222222222,NORMAL,N,,,,230645,230685,230740,230779,230807,normal
101,687,231032,641.7555555555556,NORMAL,N,,,,231018,231051,231108,231143,231173,normal
101,688,231373,642.7027777777778,NORMAL,N,,,,231359,231394,231446,231480,231508,normal
101,689,231734,643.7055555555555,NORMAL,N,,,,231719,231754,231814,231848,231881,normal
101,690,232104,644.7333333333333,NORMAL,N,,,,232090,232126,232183,232220,232248,normal
101,691,232475,645.7638888888889,NORMAL,N,,,,232462,232488,232557,232592,232628,normal
101,692,232852,646.8111111111111,NORMAL,N,,,,232839,232876,232932,232964,232994,normal
101,693,233227,647.8527777777778,NORMAL,N,,,,233213,233254,233304,233338,233367,normal
101,694,233592,648.8666666666667,NORMAL,N,,,,233579,233620,233668,233699,233733,normal
101,695,233938,649.8277777777778,NORMAL,N,,,,233927,233962,234017,234047,234078,normal
101,696,234308,650.8555555555556,NORMAL,N,,,,234293,234340,234393,234428,234458,normal
101,697,234705,651.9583333333334,NORMAL,N,,,,234689,234725,234786,234818,234846,normal
101,698,235083,653.0083333333333,NORMAL,N,,,,235070,235109,235162,235194,235232,normal
101,699,235451,654.0305555555556,NORMAL,N,,,,235438,235475,235528,235560,235590,normal
101,700,235811,655.0305555555556,NORMAL,N,,,,235799,235833,235894,235925,235953,normal
101,701,236173,656.0361111111112,NORMAL,N,,,,236159,236206,236255,236286,236318,normal
101,702,236542,657.0611111111111,NORMAL,N,,,,236526,236573,236625,236659,236689,normal
101,703,236935,658.1527777777778,NORMAL,N,,,,236922,236963,237017,237052,237082,normal
101,704,237325,659.2361111111111,NORMAL,N,,,,237310,237338,237407,237439,237481,normal
101,705,237679,660.2194444444444,NORMAL,N,,,,237666,237707,237756,237789,237823,normal
101,706,238026,661.1833333333333,NORMAL,N,,,,238013,238040,238103,238132,238161,normal
101,707,238381,662.1694444444445,NORMAL,N,,,,238368,238402,238456,238489,238518,normal
101,708,238733,663.1472222222222,NORMAL,N,,,,238720,238762,238816,238849,238881,normal
101,709,239108,664.1888888888889,NORMAL,N,,,,239093,239128,239186,239220,239252,normal
101,710,239481,665.225,NORMAL,N,,,,239466,239507,239557,239591,239619,normal
101,711,239828,666.1888888888889,NORMAL,N,,,,239814,239840,239902,239938,239975,normal
101,712,240175,667.1527777777778,NORMAL,N,,,,240162,240188,240253,240284,240313,normal
101,713,240535,668.1527777777778,NORMAL,N,,,,240522,240557,240609,240642,240673,normal
101,714,240904,669.1777777777778,NORMAL,N,,,,240891,240928,240987,241020,241056,normal
101,715,241280,670.2222222222222,NORMAL,N,,,,241265,241300,241363,241396,241430,normal
101,716,241663,671.2861111111112,NORMAL,N,,,,241649,241684,241745,241777,241811,normal
101,717,242034,672.3166666666667,NORMAL,N,,,,242021,242062,242111,242144,242171,normal
101,718,242384,673.2888888888889,NORMAL,N,,,,242371,242405,242458,242491,242524,normal
101,719,242750,674.3055555555555,NORMAL,N,,,,242735,242777,242832,242868,242900,normal
101,720,243138,675.3833333333333,NORMAL,N,,,,243124,243161,243219,243256,243287,normal
101,721,243527,676.4638888888888,NORMAL,N,,,,243512,243552,243610,243643,243674,normal
101,722,243902,677.5055555555556,NORMAL,N,,,,243888,243923,243979,244010,244041,normal
101,723,244267,678.5194444444444,NORMAL,N,,,,244254,244289,244341,244378,244407,normal
101,724,244638,679.55,NORMAL,N,,,,244625,244656,244713,244747,244776,normal
101,725,244994,680.5388888888889,NORMAL,N,,,,244980,245014,245075,245106,245136,normal
101,726,245374,681.5944444444444,NORMAL,N,,,,245359,245388,245458,245494,245529,normal
101,727,245768,682.6888888888889,NORMAL,N,,,,245755,245789,245847,245881,245912,normal
101,728,246138,683.7166666666667,NORMAL,N,,,,246126,246151,246214,246247,246277,normal
101,729,246487,684.6861111111111,NORMAL,N,,,,246474,246509,246561,246596,246627,normal
101,730,246843,685.675,NORMAL,N,,,,246829,246858,246923,246957,246988,normal
101,731,247223,686.7305555555556,NORMAL,N,,,,247207,247243,247307,247341,247373,normal
101,732,247597,687.7694444444444,NORMAL,N,,,,247584,247625,247679,247715,247749,normal
101,733,247975,688.8194444444445,NORMAL,N,,,,247962,248004,248056,248090,248122,normal
101,734,248350,689.8611111111111,NORMAL,N,,,,248335,248370,248430,248464,248492,normal
101,735,248706,690.85,NORMAL,N,,,,248692,248736,248784,248816,248845,normal
101,736,249045,691.7916666666666,NORMAL,N,,,,249031,249078,249123,249155,249185,normal
101,737,249405,692.7916666666666,NORMAL,N,,,,249391,249426,249486,249520,249550,normal
101,738,249782,693.8388888888888,NORMAL,N,,,,249768,249802,249862,249897,249929,normal
101,739,250144,694.8444444444444,NORMAL,N,,,,250129,250164,250225,250257,250289,normal
101,740,250506,695.85,NORMAL,N,,,,250493,250543,250584,250614,250641,normal
101,741,250852,696.8111111111111,NORMAL,N,,,,250838,250872,250928,250962,250991,normal
101,742,251202,697.7833333333333,NORMAL,N,,,,251190,251227,251280,251313,251344,normal
101,743,251550,698.75,NORMAL,N,,,,251534,251569,251629,251660,251692,normal
101,744,251918,699.7722222222222,NORMAL,N,,,,251904,251933,252002,252034,252066,normal
101,745,252298,700.8277777777778,NORMAL,N,,,,252286,252318,252376,252411,252444,normal
101,746,252660,701.8333333333334,NORMAL,N,,,,252648,252691,252739,252772,252804,normal
101,747,253017,702.825,NORMAL,N,,,,253004,253039,253093,253125,253155,normal
101,748,253373,703.8138888888889,NORMAL,N,,,,253359,253393,253450,253481,253512,normal
101,749,253743,704.8416666666667,NORMAL,N,,,,253730,253764,253826,253864,253894,normal
101,750,254122,705.8944444444444,NORMAL,N,,,,254108,254142,254205,254239,254269,normal
101,751,254500,706.9444444444445,NORMAL,N,,,,254486,254521,254581,254615,254645,normal
101,752,254872,707.9777777777778,NORMAL,N,,,,254858,254892,254952,254984,255012,normal
101,753,255219,708.9416666666667,NORMAL,N,,,,255206,255240,255297,255332,255363,normal
101,754,255585,709.9583333333334,NORMAL,N,,,,255571,255607,255664,255699,255731,normal
101,755,255961,711.0027777777777,NORMAL,N,,,,255948,255992,256043,256078,256109,normal
101,756,256341,712.0583333333333,NORMAL,N,,,,256327,256363,256426,256460,256494,normal
101,757,256732,713.1444444444444,NORMAL,N,,,,256718,256759,256814,256846,256876,normal
101,758,257108,714.1888888888889,NORMAL,N,,,,257095,257122,257184,257216,257245,normal
101,759,257457,715.1583333333333,NORMAL,N,,,,257444,257485,257535,257564,257595,normal
101,760,257822,716.1722222222222,NORMAL,N,,,,257810,257846,257900,257933,257961,normal
101,761,258206,717.2388888888889,NORMAL,N,,,,258193,258229,258289,258325,258357,normal
101,762,258585,718.2916666666666,NORMAL,N,,,,258572,258597,258664,258701,258734,normal
101,763,258957,719.325,NORMAL,N,,,,258944,258980,259035,259068,259099,normal
101,764,259324,720.3444444444444,NORMAL,N,,,,259310,259352,259403,259437,259469,normal
101,765,259682,721.3388888888888,NORMAL,N,,,,259667,259693,259758,259792,259831,normal
101,766,260022,722.2833333333333,NORMAL,N,,,,260008,260035,260099,260134,260163,normal
101,767,260375,723.2638888888889,NORMAL,N,,,,260360,260396,260460,260495,260529,normal
101,768,260751,724.3083333333333,NORMAL,N,,,,260737,260774,260834,260870,260900,normal
101,769,261125,725.3472222222222,NORMAL,N,,,,261111,261146,261206,261241,261277,normal
101,770,261477,726.325,NORMAL,N,,,,261464,261507,261556,261587,261617,normal
101,771,261826,727.2944444444445,NORMAL,N,,,,261813,261855,261904,261935,261964,normal
101,772,262185,728.2916666666666,NORMAL,N,,,,262172,262221,262269,262302,262339,normal
101,773,262548,729.3,NORMAL,N,,,,262534,262576,262634,262666,262695,normal
101,774,262921,730.3361111111111,NORMAL,N,,,,262907,262953,263005,263037,263068,normal
101,775,263297,731.3805555555556,NORMAL,N,,,,263283,263319,263375,263405,263435,normal
101,776,263645,732.3472222222222,NORMAL,N,,,,263631,263667,263724,263753,263782,normal
101,777,264001,733.3361111111111,NORMAL,N,,,,263988,264021,264079,264108,264136,normal
101,778,264355,734.3194444444445,NORMAL,N,,,,264342,264381,264433,264466,264492,normal
101,779,264714,735.3166666666667,NORMAL,N,,,,264699,264734,264797,264833,264863,normal
101,780,265096,736.3777777777777,NORMAL,N,,,,265083,265125,265180,265212,265243,normal
101,781,265470,737.4166666666666,NORMAL,N,,,,265454,265484,265547,265579,265606,normal
101,782,265816,738.3777777777777,NORMAL,N,,,,265803,265845,265894,265923,265951,normal
101,783,266166,739.35,NORMAL,N,,,,266153,266186,266245,266275,266303,normal
101,784,266532,740.3666666666667,NORMAL,N,,,,266518,266547,266616,266650,266680,normal
101,785,266898,741.3833333333333,NORMAL,N,,,,266881,266911,266982,267014,267045,normal
101,786,267268,742.4111111111112,NORMAL,N,,,,267254,267282,267349,267383,267411,normal
101,787,267637,743.4361111111111,NORMAL,N,,,,267623,267657,267719,267751,267781,normal
101,788,267997,744.4361111111111,NORMAL,N,,,,267983,268024,268076,268108,268135,normal
101,789,268346,745.4055555555556,NORMAL,N,,,,268331,268373,268424,268455,268486,normal
101,790,268693,746.3694444444444,NORMAL,N,,,,268679,268714,268780,268810,268844,normal
101,791,269070,747.4166666666666,NORMAL,N,,,,269056,269092,269155,269189,269220,normal
101,792,269451,748.475,NORMAL,N,,,,269435,269476,269534,269568,269600,normal
101,793,269813,749.4805555555556,NORMAL,N,,,,269800,269841,269892,269924,269953,normal
101,794,270170,750.4722222222222,NORMAL,N,,,,270156,270190,270249,270282,270309,normal
101,795,270534,751.4833333333333,NORMAL,N,,,,270520,270555,270613,270644,270673,normal
101,796,270886,752.4611111111111,NORMAL,N,,,,270873,270901,270968,270998,271028,normal
101,797,271258,753.4944444444444,NORMAL,N,,,,271245,271288,271341,271372,271401,normal
101,798,271642,754.5611111111111,NORMAL,N,,,,271628,271666,271724,271755,271787,normal
101,799,272005,755.5694444444445,NORMAL,N,,,,271992,272018,272085,272117,272150,normal
101,800,272360,756.5555555555555,NORMAL,N,,,,272345,272386,272438,272469,272500,normal
101,801,272714,757.5388888888889,NORMAL,N,,,,272700,272734,272792,272822,272850,normal
101,802,273076,758.5444444444445,NORMAL,N,,,,273059,273090,273159,273194,273224,normal
101,803,273447,759.575,NORMAL,N,,,,273431,273461,273529,273564,273597,normal
101,804,273820,760.6111111111111,NORMAL,N,,,,273804,273836,273902,273934,273963,normal
101,805,274189,761.6361111111111,NORMAL,N,,,,274175,274204,274271,274303,274331,normal
101,806,274537,762.6027777777778,NORMAL,N,,,,274524,274565,274616,274649,274678,normal
101,807,274894,763.5944444444444,NORMAL,N,,,,274881,274925,274972,275008,275038,normal
101,808,275260,764.6111111111111,NORMAL,N,,,,275246,275280,275342,275375,275404,normal
101,809,275620,765.6111111111111,NORMAL,N,,,,275605,275633,275706,275738,275771,normal
101,810,276001,766.6694444444445,NORMAL,N,,,,275987,276023,276088,276120,276150,normal
101,811,276377,767.7138888888888,NORMAL,N,,,,276363,276406,276461,276490,276517,normal
101,812,276725,768.6805555555555,NORMAL,N,,,,276711,276750,276801,276832,276862,normal
101,813,277068,769.6333333333333,NORMAL,N,,,,277055,277103,277147,277176,277210,normal
101,814,277433,770.6472222222222,NORMAL,N,,,,277417,277457,277515,277547,277578,normal
101,815,277817,771.7138888888888,NORMAL,N,,,,277803,277842,277899,277932,277960,normal
101,816,278180,772.7222222222222,NORMAL,N,,,,278166,278201,278260,278292,278322,normal
101,817,278538,773.7166666666667,NORMAL,N,,,,278525,278568,278620,278651,278682,normal
101,818,278905,774.7361111111111,NORMAL,N,,,,278892,278933,278983,279012,279040,normal
101,819,279254,775.7055555555555,NORMAL,N,,,,279241,279267,279329,279361,279391,normal
101,820,279603,776.675,NORMAL,N,,,,279589,279617,279683,279716,279746,normal
101,821,279982,777.7277777777778,NORMAL,N,,,,279967,280014,280066,280100,280130,normal
101,822,280372,778.8111111111111,NORMAL,N,,,,280357,280392,280456,280489,280523,normal
101,823,280734,779.8166666666667,NORMAL,N,,,,280721,280764,280812,280845,280874,normal
101,824,281089,780.8027777777778,NORMAL,N,,,,281076,281119,281164,281196,281226,normal
101,825,281453,781.8138888888889,NORMAL,N,,,,281440,281472,281537,281569,281597,normal
101,826,281821,782.8361111111111,NORMAL,N,,,,281807,281850,281905,281938,281971,normal
101,827,282191,783.8638888888889,NORMAL,N,,,,282175,282228,282275,282306,282340,normal
101,828,282574,784.9277777777778,NORMAL,N,,,,282559,282594,282654,282688,282720,normal
101,829,282944,785.9555555555555,NORMAL,N,,,,282930,282964,283020,283052,283082,normal
101,830,283295,786.9305555555555,NORMAL,N,,,,283282,283315,283374,283404,283436,normal
101,831,283657,787.9361111111111,NORMAL,N,,,,283644,283692,283734,283766,283797,normal
101,832,284022,788.95,NORMAL,N,,,,284006,284041,284107,284140,284170,normal
101,833,284406,790.0166666666667,NORMAL,N,284305,284311,284345,284392,284431,284487,284521,284554,normal
101,834,284777,791.0472222222222,NORMAL,N,,,,284762,284803,284856,284888,284918,normal
101,835,285146,792.0722222222222,NORMAL,N,,,,285133,285160,285222,285254,285285,normal
101,836,285500,793.0555555555555,NORMAL,N,,,,285487,285528,285577,285609,285640,normal
101,837,285849,794.025,NORMAL,N,,,,285835,285869,285930,285963,285993,normal
101,838,286221,795.0583333333333,NORMAL,N,,,,286207,286242,286299,286338,286369,normal
101,839,286597,796.1027777777778,NORMAL,N,,,,286584,286627,286676,286712,286745,normal
101,840,286965,797.125,NORMAL,N,,,,286951,286978,287050,287082,287115,normal
101,841,287325,798.125,NORMAL,N,,,,287312,287353,287402,287434,287462,normal
101,842,287680,799.1111111111111,NORMAL,N,,,,287666,287707,287755,287790,287817,normal
101,843,288031,800.0861111111111,NORMAL,N,,,,288018,288062,288110,288143,288173,normal
101,844,288393,801.0916666666667,NORMAL,N,,,,288379,288415,288480,288513,288547,normal
101,845,288784,802.1777777777778,NORMAL,N,,,,288770,288811,288868,288902,288930,normal
101,846,289148,803.1888888888889,NORMAL,N,,,,289135,289177,289231,289262,289290,normal
101,847,289506,804.1833333333333,NORMAL,N,,,,289491,289524,289584,289615,289642,normal
101,848,289868,805.1888888888889,NORMAL,N,,,,289855,289897,289946,289976,290008,normal
101,849,290213,806.1472222222222,NORMAL,N,,,,290198,290232,290291,290324,290357,normal
101,850,290573,807.1472222222222,NORMAL,N,,,,290558,290598,290655,290686,290717,normal
101,851,290953,808.2027777777778,NORMAL,N,,,,290940,290983,291034,291067,291093,normal
101,852,291318,809.2166666666667,NORMAL,N,,,,291302,291343,291395,291430,291459,normal
101,853,291672,810.2,NORMAL,N,,,,291657,291697,291748,291778,291807,normal
101,854,292024,811.1777777777778,NORMAL,N,,,,292011,292045,292101,292132,292158,normal
101,855,292374,812.15,NORMAL,N,,,,292358,292386,292452,292487,292519,normal
101,856,292738,813.1611111111112,NORMAL,N,,,,292724,292753,292822,292854,292884,normal
101,857,293116,814.2111111111111,NORMAL,N,,,,293103,293144,293197,293229,293259,normal
101,858,293492,815.2555555555556,NORMAL,N,,,,293479,293521,293572,293607,293633,normal
101,859,293843,816.2305555555556,NORMAL,N,,,,293829,293856,293920,293952,293983,normal
101,860,294194,817.2055555555555,NORMAL,N,,,,294181,294224,294276,294307,294336,normal
101,861,294551,818.1972222222222,NORMAL,N,,,,294537,294571,294630,294664,294695,normal
101,862,294908,819.1888888888889,NORMAL,N,,,,294895,294931,294991,295022,295053,normal
101,863,295270,820.1944444444445,NORMAL,N,,,,295255,295291,295351,295389,295428,normal
101,864,295637,821.2138888888888,NORMAL,N,,,,295623,295658,295723,295752,295782,normal
101,865,295988,822.1888888888889,NORMAL,N,,,,295976,296007,296064,296098,296125,normal
101,866,296334,823.15,NORMAL,N,,,,296321,296354,296415,296448,296482,normal
101,867,296687,824.1305555555556,NORMAL,N,,,,296673,296708,296767,296802,296831,normal
101,868,297069,825.1916666666667,NORMAL,N,,,,297055,297092,297156,297191,297224,normal
101,869,297444,826.2333333333333,NORMAL,N,,,,297428,297457,297527,297560,297594,normal
101,870,297807,827.2416666666667,NORMAL,N,,,,297793,297835,297889,297913,297929,normal
101,871,298182,828.2833333333333,NORMAL,N,298115,298128,298147,298175,298197,298260,298294,298320,normal
101,872,298538,829.2722222222222,NORMAL,N,298469,298482,298503,298530,298553,298614,298647,298675,normal
101,873,298891,830.2527777777777,NORMAL,N,298822,298837,298857,298884,298906,298970,299002,299032,normal
101,874,299266,831.2944444444445,NORMAL,N,299197,299210,299232,299258,299280,299344,299379,299411,normal
101,875,299625,832.2916666666666,NORMAL,N,299563,299567,299589,299617,299640,299707,299742,299773,normal
101,876,299989,833.3027777777778,NORMAL,N,299919,299934,299954,299981,300004,300061,300097,300128,normal
101,877,300324,834.2333333333333,NORMAL,N,300260,300273,300292,300317,300338,300399,300430,300461,normal
101,878,300638,835.1055555555556,NORMAL,N,300564,300584,300604,300630,300652,300715,300749,300782,normal
101,879,300969,836.025,NORMAL,N,300902,300914,300934,300961,300983,301050,301079,301105,normal
101,880,301300,836.9444444444445,NORMAL,N,301231,301243,301266,301291,301313,301379,301414,301445,normal
101,881,301656,837.9333333333333,NORMAL,N,301582,301596,301621,301647,301674,301733,301769,301800,normal
101,882,302024,838.9555555555555,NORMAL,N,301955,301968,301988,302016,302040,302101,302134,302164,normal
101,883,302393,839.9805555555556,NORMAL,N,302326,302338,302359,302385,302408,302470,302501,302531,normal
101,884,302744,840.9555555555555,NORMAL,N,302679,302692,302713,302737,302757,302818,302850,302881,normal
101,885,303100,841.9444444444445,NORMAL,N,303035,303048,303067,303092,303115,303176,303209,303237,normal
101,886,303472,842.9777777777778,NORMAL,N,303404,303416,303437,303464,303487,303552,303590,303621,normal
101,887,303861,844.0583333333333,NORMAL,N,303793,303805,303826,303853,303876,303941,303977,304010,normal
101,888,304238,845.1055555555556,NORMAL,N,304171,304185,304205,304231,304253,304315,304349,304379,normal
101,889,304610,846.1388888888889,NORMAL,N,,,,304603,304625,304687,304721,304752,normal
101,890,304976,847.1555555555556,NORMAL,N,,,,304969,304993,305056,305089,305119,normal
101,891,305338,848.1611111111112,NORMAL,N,305269,305282,305304,305330,305351,305419,305451,305485,normal
101,892,305704,849.1777777777778,NORMAL,N,305643,305648,305669,305696,305720,305781,305820,305852,normal
101,893,306080,850.2222222222222,NORMAL,N,306012,306025,306048,306072,306096,306164,306197,306230,normal
101,894,306470,851.3055555555555,NORMAL,N,306400,306412,306435,306462,306485,306550,306584,306614,normal
101,895,306831,852.3083333333333,NORMAL,N,306765,306778,306799,306824,306846,306908,306939,306968,normal
101,896,307188,853.3,NORMAL,N,307121,307134,307155,307181,307205,307262,307295,307324,normal
101,897,307544,854.2888888888889,NORMAL,N,307477,307490,307511,307536,307556,307617,307652,307689,normal
101,898,307907,855.2972222222222,NORMAL,N,,,,307898,307923,307990,308026,308055,normal
101,899,308251,856.2527777777777,UNKNOWN,Q,,,,308216,308270,308282,308290,308309,inverted
101,900,308637,857.325,NORMAL,N,,,,308629,308651,308717,308747,308772,normal
101,901,308979,858.275,NORMAL,N,,,,308971,308994,309061,309090,309116,normal
101,902,309325,859.2361111111111,NORMAL,N,,,,309318,309343,309401,309431,309455,normal
101,903,309668,860.1888888888889,NORMAL,N,,,,309651,309685,309746,309774,309809,normal
101,904,310027,861.1861111111111,NORMAL,N,,,,310020,310050,310112,310142,310180,normal
101,905,310406,862.2388888888889,NORMAL,N,310346,310351,310371,310398,310423,310497,310524,310564,normal
101,906,310784,863.2888888888889,NORMAL,N,,,,310776,310808,310869,310900,310926,normal
101,907,311132,864.2555555555556,NORMAL,N,311035,311044,311078,311124,311156,311206,311240,311272,normal
101,908,311476,865.2111111111111,NORMAL,N,311410,311425,311446,311468,311497,311553,311585,311613,normal
101,909,311823,866.175,NORMAL,N,,,,311816,311837,311854,311937,311972,biphasic_negative_positive
101,910,312171,867.1416666666667,NORMAL,N,312103,312115,312136,312163,312186,312250,312289,312323,normal
101,911,312538,868.1611111111112,NORMAL,N,312459,312460,312481,312530,312554,312615,312655,312682,normal
101,912,312905,869.1805555555555,NORMAL,N,,,,312897,312926,312989,313022,313048,normal
101,913,313247,870.1305555555556,NORMAL,N,313170,313179,313191,313239,313264,313326,313360,313388,normal
101,914,313593,871.0916666666667,NORMAL,N,,,,313585,313615,313673,313703,313733,normal
101,915,313942,872.0611111111111,NORMAL,N,313845,313853,313888,313934,313959,314018,314055,314091,normal
101,916,314286,873.0166666666667,NORMAL,N,,,,314278,314302,314369,314401,314432,normal
101,917,314649,874.025,NORMAL,N,314587,314591,314615,314640,314663,314735,314768,314803,normal
101,918,314985,874.9583333333334,NORMAL,N,314917,314930,314951,314978,315008,315065,315100,315134,normal
101,919,315304,875.8444444444444,NORMAL,N,315238,315252,315273,315297,315319,315377,315454,315483,biphasic_positive_negative
101,920,315611,876.6972222222222,NORMAL,N,315545,315559,315579,315603,315627,315686,315720,315749,normal
101,921,315922,877.5611111111111,NORMAL,N,,,,315914,315935,315997,316032,316065,normal
101,922,316234,878.4277777777778,NORMAL,N,316174,316179,316200,316226,316249,316312,316348,316380,normal
101,923,316564,879.3444444444444,NORMAL,N,316496,316509,316530,316556,316582,316643,316677,316708,normal
101,924,316902,880.2833333333333,NORMAL,N,316834,316846,316866,316893,316916,316978,317013,317042,normal
101,925,317231,881.1972222222222,NORMAL,N,317163,317175,317198,317223,317245,317312,317346,317377,normal
101,926,317584,882.1777777777778,NORMAL,N,317517,317530,317552,317576,317598,317658,317689,317717,normal
101,927,317928,883.1333333333333,NORMAL,N,317861,317875,317896,317920,317941,317997,318032,318059,normal
101,928,318278,884.1055555555556,NORMAL,N,318213,318226,318247,318270,318291,318351,318387,318418,normal
101,929,318636,885.1,NORMAL,N,318570,318583,318604,318628,318648,318713,318751,318784,normal
101,930,319017,886.1583333333333,NORMAL,N,318949,318961,318982,319009,319036,319098,319135,319167,normal
101,931,319399,887.2194444444444,NORMAL,N,319333,319346,319367,319391,319414,319476,319512,319543,normal
101,932,319759,888.2194444444444,NORMAL,N,319694,319707,319730,319752,319778,319831,319868,319900,normal
101,933,320107,889.1861111111111,NORMAL,N,320040,320053,320073,320099,320120,320188,320220,320250,normal
101,934,320467,890.1861111111111,NORMAL,N,320399,320414,320434,320459,320481,320547,320580,320611,normal
101,935,320837,891.2138888888888,NORMAL,N,320769,320782,320804,320829,320853,320920,320956,320986,normal
101,936,321219,892.275,NORMAL,N,321150,321163,321184,321210,321233,321297,321336,321367,normal
101,937,321584,893.2888888888889,NORMAL,N,321513,321527,321549,321575,321602,321666,321699,321729,normal
101,938,321948,894.3,NORMAL,N,321880,321894,321916,321940,321963,322025,322058,322085,normal
101,939,322300,895.2777777777778,NORMAL,N,322233,322246,322267,322292,322314,322376,322409,322437,normal
101,940,322648,896.2444444444444,NORMAL,N,322582,322594,322616,322640,322662,322726,322761,322796,normal
101,941,323014,897.2611111111111,NORMAL,N,322942,322955,322977,323004,323030,323094,323130,323158,normal
101,942,323391,898.3083333333333,NORMAL,N,323321,323334,323355,323375,323407,323473,323507,323536,normal
101,943,323760,899.3333333333334,NORMAL,N,323693,323705,323726,323753,323775,323836,323869,323899,normal
101,944,324111,900.3083333333333,NORMAL,N,324047,324059,324079,324096,324124,324182,324217,324250,normal
101,945,324454,901.2611111111111,NORMAL,N,324388,324400,324421,324447,324468,324529,324563,324592,normal
101,946,324814,902.2611111111111,NORMAL,N,324748,324760,324781,324806,324832,324890,324923,324955,normal
101,947,325182,903.2833333333333,NORMAL,N,325114,325127,325148,325173,325197,325259,325295,325322,normal
101,948,325547,904.2972222222222,NORMAL,N,325479,325491,325513,325539,325559,325626,325664,325698,normal
101,949,325911,905.3083333333333,NORMAL,N,325842,325856,325877,325902,325927,325990,326022,326052,normal
101,950,326256,906.2666666666667,NORMAL,N,326189,326204,326224,326249,326273,326325,326358,326389,normal
101,951,326571,907.1416666666667,NORMAL,N,326505,326520,326540,326563,326584,326644,326679,326710,normal
101,952,326884,908.0111111111111,NORMAL,N,326818,326831,326851,326877,326897,326962,326992,327020,normal
101,953,327201,908.8916666666667,NORMAL,N,327133,327146,327169,327193,327214,327278,327314,327346,normal
101,954,327555,909.875,NORMAL,N,327485,327498,327519,327545,327569,327635,327668,327698,normal
101,955,327916,910.8777777777777,NORMAL,N,327847,327860,327881,327907,327934,327992,328025,328054,normal
101,956,328267,911.8527777777778,NORMAL,N,328201,328213,328235,328259,328280,328347,328379,328412,normal
101,957,328617,912.825,NORMAL,N,328549,328563,328584,328610,328635,328691,328723,328750,normal
101,958,328972,913.8111111111111,NORMAL,N,328907,328919,328940,328965,328986,329047,329079,329107,normal
101,959,329338,914.8277777777778,NORMAL,N,329271,329283,329303,329331,329352,329414,329453,329483,normal
101,960,329720,915.8888888888889,NORMAL,N,329654,329667,329685,329712,329733,329800,329835,329868,normal
101,961,330089,916.9138888888889,NORMAL,N,330020,330032,330055,330080,330104,330169,330206,330236,normal
101,962,330464,917.9555555555555,NORMAL,N,330398,330412,330432,330456,330479,330540,330573,330601,normal
101,963,330825,918.9583333333334,NORMAL,N,330761,330774,330793,330817,330839,330900,330934,330964,normal
101,964,331197,919.9916666666667,NORMAL,N,331129,331141,331163,331188,331215,331278,331312,331342,normal
101,965,331573,921.0361111111112,NORMAL,N,331501,331517,331538,331565,331593,331655,331693,331724,normal
101,966,331951,922.0861111111111,NORMAL,N,331884,331896,331918,331943,331971,332033,332069,332105,normal
101,967,332320,923.1111111111111,NORMAL,N,332249,332264,332285,332304,332339,332397,332433,332464,normal
101,968,332687,924.1305555555556,NORMAL,N,332618,332631,332654,332679,332702,332764,332797,332825,normal
101,969,333050,925.1388888888889,NORMAL,N,332983,332995,333017,333042,333064,333123,333157,333185,normal
101,970,333404,926.1222222222223,NORMAL,N,333339,333351,333370,333396,333417,333480,333513,333542,normal
101,971,333741,927.0583333333333,NORMAL,N,333673,333685,333709,333733,333760,333823,333858,333888,normal
101,972,334109,928.0805555555555,NORMAL,N,334027,334052,334074,334099,334124,334189,334224,334253,normal
101,973,334456,929.0444444444445,NORMAL,N,,,,334448,334475,334533,334568,334602,normal
101,974,334784,929.9555555555555,NORMAL,N,334716,334731,334749,334776,334798,334858,334891,334915,normal
101,975,335094,930.8166666666667,NORMAL,N,,,,335086,335111,335174,335201,335223,normal
101,976,335398,931.6611111111112,NORMAL,N,,,,335390,335412,335482,335509,335535,normal
101,977,335709,932.525,NORMAL,N,335622,335635,335648,335700,335721,335793,335823,335851,normal
101,978,336018,933.3833333333333,NORMAL,N,,,,336009,336033,336106,336137,336157,normal
101,979,336344,934.2888888888889,NORMAL,N,336263,336274,336286,336336,336359,336426,336459,336486,normal
101,980,336668,935.1888888888889,NORMAL,N,,,,336660,336685,336752,336784,336816,normal
101,981,336993,936.0916666666667,NORMAL,N,,,,336977,337018,337064,337098,337123,normal
101,982,337308,936.9666666666667,NORMAL,N,,,,337301,337329,337377,337410,337432,normal
101,983,337623,937.8416666666667,NORMAL,N,,,,337616,337641,337703,337729,337759,normal
101,984,337950,938.75,NORMAL,N,,,,337943,337967,338026,338059,338091,normal
101,985,338299,939.7194444444444,NORMAL,N,338221,338243,338266,338291,338314,338379,338415,338442,normal
101,986,338659,940.7194444444444,NORMAL,N,338582,338604,338627,338651,338674,338735,338769,338798,normal
101,987,339014,941.7055555555555,NORMAL,N,338950,338962,338983,339006,339028,339086,339121,339149,normal
101,988,339360,942.6666666666666,NORMAL,N,339290,339306,339327,339352,339375,339438,339471,339500,normal
101,989,339724,943.6777777777778,NORMAL,N,339660,339672,339693,339716,339737,339798,339831,339862,normal
101,990,340071,944.6416666666667,NORMAL,N,339998,340016,340037,340062,340086,340143,340180,340210,normal
101,991,340433,945.6472222222222,NORMAL,N,340356,340379,340400,340426,340448,340513,340550,340583,normal
101,992,340784,946.6222222222223,NORMAL,N,340709,340730,340751,340776,340800,340863,340896,340926,normal
101,993,341114,947.5388888888889,NORMAL,N,,,,341106,341128,341190,341225,341257,normal
101,994,341441,948.4472222222222,NORMAL,N,341372,341390,341409,341434,341455,341517,341547,341574,normal
101,995,341773,949.3694444444444,NORMAL,N,341706,341721,341742,341765,341790,341844,341878,341907,normal
101,996,342123,950.3416666666667,NORMAL,N,342046,342050,342067,342115,342138,342203,342239,342268,normal
101,997,342505,951.4027777777778,NORMAL,N,342436,342449,342471,342498,342521,342582,342620,342648,normal
101,998,342887,952.4638888888888,NORMAL,N,342822,342834,342855,342879,342905,342965,343001,343032,normal
101,999,343267,953.5194444444444,NORMAL,N,343202,343214,343233,343260,343282,343341,343378,343411,normal
101,1000,343634,954.5388888888889,NORMAL,N,343568,343580,343600,343626,343650,343712,343746,343777,normal
101,1001,344006,955.5722222222222,NORMAL,N,343939,343952,343972,343998,344022,344088,344117,344147,normal
101,1002,344377,956.6027777777778,NORMAL,N,344309,344321,344342,344368,344393,344457,344491,344520,normal
101,1003,344746,957.6277777777777,NORMAL,N,344679,344689,344712,344728,344772,344826,344861,344894,normal
101,1004,345123,958.675,NORMAL,N,345052,345064,345086,345115,345139,345208,345239,345268,normal
101,1005,345486,959.6833333333333,NORMAL,N,345425,345429,345451,345477,345504,345565,345596,345624,normal
101,1006,345826,960.6277777777777,NORMAL,N,345712,345731,345771,345819,345842,345898,345932,345957,normal
101,1007,346153,961.5361111111112,NORMAL,N,346087,346099,346119,346146,346168,346225,346260,346288,normal
101,1008,346496,962.4888888888889,NORMAL,N,346428,346440,346461,346488,346512,346577,346609,346636,normal
101,1009,346859,963.4972222222223,NORMAL,N,346780,346801,346823,346850,346878,346939,346973,347002,normal
101,1010,347205,964.4583333333334,NORMAL,N,347117,347132,347146,347196,347218,347282,347316,347353,normal
101,1011,347526,965.35,NORMAL,N,347456,347471,347492,347518,347545,347603,347637,347667,normal
101,1012,347856,966.2666666666667,NORMAL,N,347788,347801,347821,347847,347873,347934,347966,347996,normal
101,1013,348189,967.1916666666667,NORMAL,N,348114,348133,348155,348181,348205,348264,348298,348325,normal
101,1014,348520,968.1111111111111,NORMAL,N,,,,348512,348536,348597,348629,348658,normal
101,1015,348868,969.0777777777778,NORMAL,N,348795,348809,348831,348859,348882,348945,348983,349015,normal
101,1016,349227,970.075,NORMAL,N,349165,349170,349192,349219,349244,349307,349343,349372,normal
101,1017,349592,971.0888888888888,NORMAL,N,349511,349534,349559,349585,349608,349673,349706,349734,normal
101,1018,349930,972.0277777777778,NORMAL,N,349856,349876,349901,349922,349943,350005,350037,350063,normal
101,1019,350238,972.8833333333333,NORMAL,N,350160,350163,350184,350230,350257,350314,350346,350379,normal
101,1020,350539,973.7194444444444,NORMAL,N,,,,350530,350550,350618,350650,350688,normal
101,1021,350841,974.5583333333333,NORMAL,N,350774,350786,350807,350833,350853,350919,350953,350986,normal
101,1022,351148,975.4111111111112,NORMAL,N,351071,351093,351117,351140,351163,351223,351259,351290,normal
101,1023,351455,976.2638888888889,NORMAL,N,351387,351399,351421,351446,351469,351535,351568,351602,normal
101,1024,351778,977.1611111111112,NORMAL,N,351710,351725,351748,351770,351789,351852,351888,351919,normal
101,1025,352100,978.0555555555555,NORMAL,N,352028,352047,352069,352093,352114,352173,352209,352236,normal
101,1026,352440,979.0,NORMAL,N,352373,352387,352409,352432,352453,352509,352546,352573,normal
101,1027,352785,979.9583333333334,NORMAL,N,352714,352733,352753,352778,352802,352857,352892,352921,normal
101,1028,353150,980.9722222222222,NORMAL,N,353082,353094,353115,353142,353164,353230,353267,353304,normal
101,1029,353533,982.0361111111112,NORMAL,N,353458,353476,353498,353525,353547,353608,353645,353679,normal
101,1030,353898,983.05,NORMAL,N,353823,353844,353865,353890,353911,353973,354007,354037,normal
101,1031,354250,984.0277777777778,NORMAL,N,354176,354196,354217,354242,354263,354320,354356,354387,normal
101,1032,354579,984.9416666666667,NORMAL,N,354514,354528,354549,354571,354593,354652,354689,354719,normal
101,1033,354908,985.8555555555556,NORMAL,N,354836,354855,354876,354900,354922,354985,355021,355050,normal
101,1034,355231,986.7527777777777,NORMAL,N,355165,355178,355200,355223,355249,355307,355343,355375,normal
101,1035,355573,987.7027777777778,NORMAL,N,355497,355518,355539,355565,355586,355651,355687,355719,normal
101,1036,355930,988.6944444444445,NORMAL,N,355856,355871,355893,355920,355944,356005,356045,356074,normal
101,1037,356292,989.7,NORMAL,N,356224,356238,356258,356284,356304,356365,356400,356429,normal
101,1038,356646,990.6833333333333,NORMAL,N,356578,356593,356614,356638,356658,356715,356748,356777,normal
101,1039,356993,991.6472222222222,NORMAL,N,356929,356942,356963,356986,357005,357067,357103,357135,normal
101,1040,357360,992.6666666666666,NORMAL,N,357292,357304,357325,357351,357373,357435,357474,357507,normal
101,1041,357744,993.7333333333333,NORMAL,N,357675,357687,357709,357735,357757,357827,357862,357894,normal
101,1042,358128,994.8,NORMAL,N,358058,358071,358094,358120,358142,358208,358243,358274,normal
101,1043,358497,995.825,NORMAL,N,358431,358444,358464,358490,358510,358572,358606,358635,normal
101,1044,358861,996.8361111111111,NORMAL,N,358793,358806,358827,358853,358874,358937,358972,359000,normal
101,1045,359219,997.8305555555555,NORMAL,N,359151,359164,359185,359211,359233,359296,359330,359359,normal
101,1046,359578,998.8277777777778,NORMAL,N,359504,359522,359543,359570,359593,359656,359691,359720,normal
101,1047,359958,999.8833333333333,NORMAL,N,359888,359900,359922,359950,359972,360034,360071,360099,normal
101,1048,360333,1000.925,NORMAL,N,360271,360275,360298,360324,360347,360411,360445,360474,normal
101,1049,360699,1001.9416666666667,NORMAL,N,360632,360645,360666,360691,360712,360772,360806,360836,normal
101,1050,361031,1002.8638888888889,NORMAL,N,360965,360977,360998,361023,361048,361104,361135,361167,normal
101,1051,361360,1003.7777777777778,NORMAL,N,361293,361307,361328,361353,361375,361437,361471,361501,normal
101,1052,361716,1004.7666666666667,NORMAL,N,361638,361659,361690,361708,361731,361791,361827,361860,normal
101,1053,362057,1005.7138888888888,NORMAL,N,361986,361998,362021,362048,362072,362136,362169,362201,normal
101,1054,362407,1006.6861111111111,NORMAL,N,362328,362349,362373,362399,362421,362486,362519,362544,normal
101,1055,362743,1007.6194444444444,NORMAL,N,362674,362686,362709,362735,362755,362816,362848,362879,normal
101,1056,363048,1008.4666666666667,NORMAL,N,,,,363039,363059,363124,363156,363188,normal
101,1057,363346,1009.2944444444445,NORMAL,N,363278,363291,363312,363337,363364,363421,363455,363484,normal
101,1058,363642,1010.1166666666667,NORMAL,N,363570,363588,363610,363634,363657,363720,363752,363779,normal
101,1059,363937,1010.9361111111111,NORMAL,N,363861,363883,363904,363929,363952,364015,364052,364079,normal
101,1060,364266,1011.85,NORMAL,N,364193,364207,364230,364257,364282,364346,364383,364413,normal
101,1061,364618,1012.8277777777778,NORMAL,N,364550,364562,364584,364609,364632,364692,364729,364758,normal
101,1062,364953,1013.7583333333333,NORMAL,N,364886,364900,364922,364945,364967,365028,365059,365088,normal
101,1063,365269,1014.6361111111111,NORMAL,N,365197,365217,365237,365261,365283,365342,365375,365405,normal
101,1064,365582,1015.5055555555556,NORMAL,N,365519,365531,365552,365574,365593,365655,365688,365718,normal
101,1065,365912,1016.4222222222222,NORMAL,N,365840,365859,365880,365904,365926,365990,366026,366055,normal
101,1066,366275,1017.4305555555555,NORMAL,N,366198,366219,366242,366267,366289,366352,366389,366419,normal
101,1067,366652,1018.4777777777778,NORMAL,N,366582,366597,366618,366644,366670,366730,366766,366796,normal
101,1068,367035,1019.5416666666666,NORMAL,N,366967,366979,367001,367026,367049,367113,367148,367177,normal
101,1069,367412,1020.5888888888888,NORMAL,N,367344,367359,367381,367404,367432,367488,367523,367554,normal
101,1070,367781,1021.6138888888889,NORMAL,N,367716,367729,367749,367773,367799,367857,367891,367919,normal
101,1071,368156,1022.6555555555556,NORMAL,N,368087,368099,368121,368147,368170,368235,368272,368301,normal
101,1072,368548,1023.7444444444444,NORMAL,N,368476,368488,368511,368538,368568,368631,368665,368695,normal
101,1073,368943,1024.8416666666667,NORMAL,N,368871,368885,368907,368934,368959,369020,369055,369085,normal
101,1074,369316,1025.8777777777777,NORMAL,N,369248,369262,369284,369308,369334,369389,369422,369453,normal
101,1075,369655,1026.8194444444443,NORMAL,N,369585,369602,369621,369647,369669,369729,369762,369792,normal
101,1076,370012,1027.8111111111111,NORMAL,N,369938,369957,369981,370004,370026,370088,370121,370147,normal
101,1077,370369,1028.8027777777777,NORMAL,N,370291,370312,370335,370361,370383,370444,370480,370507,normal
101,1078,370727,1029.7972222222222,NORMAL,N,370659,370671,370693,370719,370745,370805,370842,370877,normal
101,1079,371092,1030.8111111111111,NORMAL,N,371014,371036,371058,371084,371106,371167,371203,371234,normal
101,1080,371449,1031.8027777777777,NORMAL,N,371373,371396,371417,371441,371463,371530,371561,371589,normal
101,1081,371802,1032.7833333333333,NORMAL,N,371729,371749,371769,371795,371815,371875,371908,371937,normal
101,1082,372147,1033.7416666666666,NORMAL,N,372077,372096,372116,372139,372160,372222,372255,372283,normal
101,1083,372500,1034.7222222222222,NORMAL,N,372429,372443,372465,372491,372520,372581,372618,372647,normal
101,1084,372877,1035.7694444444444,NORMAL,N,372810,372822,372843,372869,372891,372959,372993,373025,normal
101,1085,373238,1036.7722222222221,NORMAL,N,373169,373182,373205,373230,373251,373313,373347,373379,normal
101,1086,373593,1037.7583333333334,NORMAL,N,373526,373540,373560,373585,373607,373670,373704,373734,normal
101,1087,373942,1038.7277777777779,NORMAL,N,373874,373889,373909,373934,373956,374017,374051,374080,normal
101,1088,374299,1039.7194444444444,NORMAL,N,374225,374244,374264,374291,374313,374377,374413,374443,normal
101,1089,374660,1040.7222222222222,NORMAL,N,374586,374605,374626,374652,374681,374740,374775,374804,normal
101,1090,375031,1041.7527777777777,NORMAL,N,374961,374974,374996,375023,375046,375112,375148,375179,normal
101,1091,375412,1042.8111111111111,NORMAL,N,375349,375354,375375,375404,375431,375494,375532,375561,normal
101,1092,375773,1043.8138888888889,NORMAL,N,375704,375717,375738,375765,375785,375851,375884,375915,normal
101,1093,376121,1044.7805555555556,NORMAL,N,376053,376068,376088,376113,376136,376198,376230,376260,normal
101,1094,376473,1045.7583333333334,NORMAL,N,376403,376418,376440,376465,376493,376552,376584,376615,normal
101,1095,376836,1046.7666666666667,NORMAL,N,376764,376778,376798,376826,376851,376918,376951,376980,normal
101,1096,377204,1047.7888888888888,NORMAL,N,377141,377145,377167,377195,377217,377284,377318,377354,normal
101,1097,377566,1048.7944444444445,NORMAL,N,377504,377508,377531,377557,377582,377644,377678,377707,normal
101,1098,377925,1049.7916666666667,NORMAL,N,,,,377917,377939,378004,378036,378063,normal
101,1099,378284,1050.7888888888888,NORMAL,N,378215,378228,378249,378276,378298,378360,378392,378421,normal
101,1100,378624,1051.7333333333333,NORMAL,N,378556,378568,378591,378616,378636,378699,378733,378761,normal
101,1101,378972,1052.7,NORMAL,N,378895,378914,378936,378963,378990,379046,379082,379109,normal
101,1102,379344,1053.7333333333333,NORMAL,N,379265,379286,379309,379335,379359,379423,379459,379486,normal
101,1103,379719,1054.775,NORMAL,N,379657,379661,379684,379712,379732,379800,379834,379865,normal
101,1104,380073,1055.7583333333334,NORMAL,N,380007,380018,380040,380066,380086,380151,380183,380211,normal
101,1105,380414,1056.7055555555555,NORMAL,N,380345,380359,380381,380406,380428,380488,380519,380549,normal
101,1106,380755,1057.6527777777778,NORMAL,N,380681,380701,380722,380747,380769,380833,380867,380895,normal
101,1107,381118,1058.661111111111,NORMAL,N,381048,381061,381082,381110,381132,381194,381231,381259,normal
101,1108,381464,1059.6222222222223,NORMAL,N,381397,381409,381430,381456,381475,381540,381575,381607,normal
101,1109,381795,1060.5416666666667,NORMAL,N,381722,381738,381760,381787,381810,381874,381908,381939,normal
101,1110,382140,1061.5,NORMAL,N,382074,382087,382112,382133,382155,382215,382249,382278,normal
101,1111,382467,1062.4083333333333,NORMAL,N,382394,382415,382437,382460,382481,382544,382577,382605,normal
101,1112,382796,1063.3222222222223,NORMAL,N,382726,382740,382762,382788,382812,382871,382901,382932,normal
101,1113,383120,1064.2222222222222,NORMAL,N,383053,383066,383086,383113,383135,383195,383228,383257,normal
101,1114,383467,1065.1861111111111,NORMAL,N,383398,383410,383432,383458,383482,383551,383585,383614,normal
101,1115,383843,1066.2305555555556,NORMAL,N,383780,383784,383807,383834,383863,383924,383958,383990,normal
101,1116,384196,1067.2111111111112,NORMAL,N,384128,384140,384161,384188,384209,384274,384305,384335,normal
101,1117,384546,1068.1833333333334,NORMAL,N,384478,384492,384513,384538,384560,384619,384652,384678,normal
101,1118,384894,1069.15,NORMAL,N,384828,384842,384861,384885,384907,384971,385000,385028,normal
101,1119,385243,1070.1194444444445,NORMAL,N,385176,385190,385211,385235,385256,385323,385356,385387,normal
101,1120,385605,1071.125,NORMAL,N,385529,385550,385571,385596,385619,385685,385720,385748,normal
101,1121,385979,1072.1638888888888,NORMAL,N,385912,385924,385945,385971,385998,386060,386094,386124,normal
101,1122,386356,1073.2111111111112,NORMAL,N,386286,386299,386320,386348,386375,386438,386472,386503,normal
101,1123,386715,1074.2083333333333,NORMAL,N,386644,386663,386684,386708,386728,386792,386824,386852,normal
101,1124,387067,1075.1861111111111,NORMAL,N,386998,387014,387034,387060,387081,387142,387176,387203,normal
101,1125,387420,1076.1666666666667,NORMAL,N,387351,387366,387386,387411,387433,387500,387533,387566,normal
101,1126,387767,1077.1305555555555,NORMAL,N,387705,387709,387731,387758,387781,387851,387888,387919,normal
101,1127,388134,1078.15,NORMAL,N,388053,388075,388098,388125,388149,388220,388253,388281,normal
101,1128,388474,1079.0944444444444,NORMAL,N,388396,388418,388440,388466,388493,388556,388588,388616,normal
101,1129,388795,1079.986111111111,NORMAL,N,388721,388741,388762,388788,388812,388869,388902,388931,normal
101,1130,389106,1080.85,NORMAL,N,389040,389052,389075,389098,389130,389182,389216,389245,normal
101,1131,389431,1081.7527777777777,NORMAL,N,389363,389379,389399,389423,389449,389508,389541,389571,normal
101,1132,389768,1082.6888888888889,NORMAL,N,389693,389714,389735,389760,389781,389842,389878,389907,normal
101,1133,390116,1083.6555555555556,NORMAL,N,390050,390062,390083,390109,390128,390197,390235,390270,normal
101,1134,390465,1084.625,NORMAL,N,390393,390408,390431,390457,390477,390544,390581,390611,normal
101,1135,390822,1085.6166666666666,NORMAL,N,390750,390767,390790,390813,390836,390898,390934,390965,normal
101,1136,391174,1086.5944444444444,NORMAL,N,391108,391121,391141,391166,391188,391248,391283,391312,normal
101,1137,391523,1087.5638888888889,NORMAL,N,391458,391471,391491,391515,391535,391598,391629,391659,normal
101,1138,391874,1088.5388888888888,NORMAL,N,391812,391816,391839,391866,391888,391954,391991,392022,normal
101,1139,392253,1089.5916666666667,NORMAL,N,392183,392196,392219,392245,392268,392335,392372,392403,normal
101,1140,392627,1090.6305555555555,NORMAL,N,392560,392572,392595,392619,392640,392707,392742,392771,normal
101,1141,392979,1091.6083333333333,NORMAL,N,392910,392923,392945,392971,392991,393058,393092,393125,normal
101,1142,393320,1092.5555555555557,NORMAL,N,393244,393265,393287,393311,393333,393397,393429,393457,normal
101,1143,393673,1093.536111111111,NORMAL,N,393596,393617,393639,393664,393687,393751,393783,393811,normal
101,1144,394028,1094.5222222222221,NORMAL,N,393958,393973,393994,394020,394042,394110,394141,394167,normal
101,1145,394390,1095.5277777777778,NORMAL,N,394327,394332,394354,394382,394404,394475,394507,394538,normal
101,1146,394772,1096.588888888889,NORMAL,N,394699,394712,394735,394762,394787,394857,394890,394920,normal
101,1147,395128,1097.5777777777778,NORMAL,N,395060,395072,395094,395120,395140,395205,395238,395268,normal
101,1148,395458,1098.4944444444445,NORMAL,N,395390,395403,395424,395450,395471,395535,395566,395596,normal
101,1149,395801,1099.4472222222223,NORMAL,N,395724,395745,395767,395793,395815,395875,395907,395934,normal
101,1150,396150,1100.4166666666667,NORMAL,N,396081,396095,396117,396142,396164,396230,396265,396295,normal
101,1151,396525,1101.4583333333333,NORMAL,N,396454,396466,396490,396508,396539,396605,396638,396670,normal
101,1152,396896,1102.4888888888888,NORMAL,N,396825,396840,396862,396887,396914,396977,397010,397039,normal
101,1153,397267,1103.5194444444444,NORMAL,N,,,,397258,397284,397345,397379,397407,normal
101,1154,397621,1104.5027777777777,NORMAL,N,397513,397528,397567,397613,397646,397697,397727,397760,normal
101,1155,397964,1105.4555555555555,NORMAL,N,397886,397892,397908,397956,397983,398038,398070,398101,normal
101,1156,398314,1106.4277777777777,NORMAL,N,,,,398306,398337,398394,398426,398458,normal
101,1157,398681,1107.4472222222223,NORMAL,N,,,,398673,398703,398764,398799,398828,normal
101,1158,399045,1108.4583333333333,NORMAL,N,398973,398988,399026,399037,399063,399128,399163,399195,normal
101,1159,399410,1109.4722222222222,NORMAL,N,,,,399401,399428,399487,399521,399552,normal
101,1160,399764,1110.4555555555555,NORMAL,N,,,,399756,399782,399837,399871,399897,normal
101,1161,400111,1111.4194444444445,NORMAL,N,,,,400102,400124,400190,400223,400256,normal
101,1162,400450,1112.361111111111,NORMAL,N,400372,400378,400394,400442,400478,400525,400562,400592,normal
101,1163,400800,1113.3333333333333,NORMAL,N,400729,400744,400773,400792,400827,400878,400913,400943,normal
101,1164,401147,1114.2972222222222,NORMAL,N,,,,401139,401163,401228,401262,401292,normal
101,1165,401489,1115.2472222222223,NORMAL,N,401410,401411,401431,401481,401516,401568,401601,401635,normal
101,1166,401827,1116.1861111111111,NORMAL,N,,,,401819,401852,401904,401938,401967,normal
101,1167,402176,1117.1555555555556,NORMAL,N,,,,402167,402193,402251,402284,402313,normal
101,1168,402533,1118.1472222222221,NORMAL,N,,,,402526,402560,402610,402643,402671,normal
101,1169,402896,1119.1555555555556,NORMAL,N,402799,402816,402834,402888,402921,402979,403017,403053,normal
101,1170,403281,1120.225,NORMAL,N,,,,403272,403305,403363,403399,403429,normal
101,1171,403660,1121.2777777777778,NORMAL,N,403538,403571,403602,403652,403677,403740,403772,403803,normal
101,1172,404029,1122.3027777777777,NORMAL,N,403951,403959,403971,404021,404054,404107,404139,404170,normal
101,1173,404380,1123.2777777777778,NORMAL,N,404277,404300,404324,404372,404398,404460,404490,404517,normal
101,1174,404749,1124.3027777777777,NORMAL,N,,,,404740,404768,404826,404862,404891,normal
101,1175,405128,1125.3555555555556,NORMAL,N,405065,405069,405092,405119,405153,405207,405241,405269,normal
101,1176,405500,1126.388888888889,NORMAL,N,405419,405425,405442,405491,405519,405582,405619,405651,normal
101,1177,405884,1127.4555555555555,NORMAL,N,405789,405800,405825,405875,405903,405960,405993,406025,normal
101,1178,406249,1128.4694444444444,NORMAL,N,,,,406241,406271,406323,406354,406384,normal
101,1179,406604,1129.4555555555555,NORMAL,N,,,,406596,406629,406680,406712,406744,normal
101,1180,406957,1130.4361111111111,NORMAL,N,,,,406949,406983,407035,407068,407100,normal
101,1181,407339,1131.4972222222223,NORMAL,N,,,,407330,407357,407423,407459,407490,normal
101,1182,407727,1132.575,NORMAL,N,407647,407648,407668,407718,407751,407807,407843,407876,normal
101,1183,408088,1133.5777777777778,NORMAL,N,408010,408017,408031,408080,408105,408167,408198,408229,normal
101,1184,408450,1134.5833333333333,NORMAL,N,,,,408442,408477,408529,408562,408592,normal
101,1185,408806,1135.5722222222223,NORMAL,N,408715,408717,408751,408798,408825,408883,408918,408946,normal
101,1186,409154,1136.5388888888888,NORMAL,N,409058,409079,409099,409146,409179,409235,409268,409298,normal
101,1187,409528,1137.5777777777778,NORMAL,N,409449,409470,409509,409519,409546,409609,409646,409676,normal
101,1188,409909,1138.6361111111112,NORMAL,N,409846,409850,409875,409900,409928,409993,410028,410059,normal
101,1189,410278,1139.661111111111,NORMAL,N,410198,410201,410219,410269,410301,410355,410389,410418,normal
101,1190,410629,1140.6361111111112,NORMAL,N,410533,410552,410573,410621,410643,410706,410737,410767,normal
101,1191,410980,1141.611111111111,NORMAL,N,410902,410911,410923,410971,410997,411055,411091,411120,normal
101,1192,411331,1142.5861111111112,NORMAL,N,,,,411322,411357,411413,411447,411478,normal
101,1193,411706,1143.6277777777777,NORMAL,N,411625,411646,411671,411696,411724,411785,411822,411854,normal
101,1194,412079,1144.6638888888888,NORMAL,N,411996,412004,412019,412070,412102,412154,412191,412223,normal
101,1195,412439,1145.6638888888888,NORMAL,N,412357,412368,412382,412431,412462,412514,412548,412580,normal
101,1196,412792,1146.6444444444444,NORMAL,N,412720,412736,412758,412783,412809,412866,412899,412930,normal
101,1197,413149,1147.6361111111112,NORMAL,N,,,,413141,413165,413221,413257,413291,normal
101,1198,413498,1148.6055555555556,NORMAL,N,,,,413490,413523,413576,413609,413642,normal
101,1199,413862,1149.6166666666666,NORMAL,N,413789,413804,413831,413854,413883,413943,413982,414017,normal
101,1200,414253,1150.7027777777778,NORMAL,N,,,,414245,414270,414331,414368,414403,normal
101,1201,414614,1151.7055555555555,NORMAL,N,,,,414607,414633,414688,414721,414752,normal
101,1202,414960,1152.6666666666667,NORMAL,N,,,,414952,414973,415038,415069,415102,normal
101,1203,415317,1153.6583333333333,NORMAL,N,,,,415308,415342,415394,415427,415460,normal
101,1204,415668,1154.6333333333334,NORMAL,N,415600,415612,415639,415660,415696,415750,415787,415820,normal
101,1205,416041,1155.6694444444445,NORMAL,N,,,,416032,416068,416119,416157,416190,normal
101,1206,416409,1156.6916666666666,NORMAL,N,,,,416400,416433,416489,416524,416554,normal
101,1207,416769,1157.6916666666666,NORMAL,N,,,,416760,416787,416850,416883,416914,normal
101,1208,417123,1158.675,NORMAL,N,417050,417069,417090,417114,417147,417202,417233,417263,normal
101,1209,417468,1159.6333333333334,NORMAL,N,,,,417460,417489,417547,417581,417609,normal
101,1210,417815,1160.5972222222222,NORMAL,N,417744,417759,417796,417807,417834,417900,417930,417960,normal
101,1211,418183,1161.6194444444445,NORMAL,N,418098,418099,418120,418174,418203,418264,418302,418331,normal
101,1212,418562,1162.6722222222222,NORMAL,N,418479,418483,418501,418553,418582,418646,418678,418707,normal
101,1213,418915,1163.6527777777778,NORMAL,N,418835,418841,418858,418907,418936,418991,419027,419057,normal
101,1214,419264,1164.6222222222223,NORMAL,N,,,,419256,419283,419343,419375,419402,normal
101,1215,419620,1165.611111111111,NORMAL,N,,,,419612,419645,419699,419731,419765,normal
101,1216,419969,1166.5805555555555,NORMAL,N,419888,419896,419911,419961,419997,420053,420083,420114,normal
101,1217,420341,1167.6138888888888,NORMAL,N,420260,420261,420281,420333,420358,420423,420456,420487,normal
101,1218,420699,1168.6083333333333,NORMAL,N,420628,420642,420665,420690,420717,420779,420812,420843,normal
101,1219,421065,1169.625,NORMAL,N,420987,420996,421009,421057,421083,421145,421177,421205,normal
101,1220,421419,1170.6083333333333,NORMAL,N,421323,421345,421365,421411,421436,421496,421526,421554,normal
101,1221,421760,1171.5555555555557,NORMAL,N,,,,421753,421778,421834,421868,421895,normal
101,1222,422112,1172.5333333333333,NORMAL,N,422043,422056,422085,422104,422134,422193,422228,422261,normal
101,1223,422481,1173.5583333333334,NORMAL,N,422403,422424,422454,422473,422505,422562,422597,422627,normal
101,1224,422858,1174.6055555555556,NORMAL,N,422778,422779,422800,422850,422883,422935,422970,422999,normal
101,1225,423215,1175.5972222222222,NORMAL,N,423120,423141,423160,423207,423237,423293,423327,423360,normal
101,1226,423553,1176.536111111111,NORMAL,N,,,,423545,423585,423630,423663,423694,normal
101,1227,423890,1177.4722222222222,NORMAL,N,,,,423882,423909,423966,424001,424031,normal
101,1228,424228,1178.411111111111,NORMAL,N,424155,424173,424195,424219,424252,424304,424341,424371,normal
101,1229,424559,1179.3305555555555,NORMAL,N,424485,424502,424529,424551,424582,424636,424672,424700,normal
101,1230,424892,1180.2555555555555,NORMAL,N,424812,424815,424834,424884,424911,424976,425012,425041,normal
101,1231,425239,1181.2194444444444,NORMAL,N,,,,425231,425252,425314,425350,425377,normal
101,1232,425582,1182.1722222222222,NORMAL,N,425508,425529,425550,425574,425608,425655,425686,425714,normal
101,1233,425919,1183.1083333333333,NORMAL,N,,,,425912,425937,425995,426029,426056,normal
101,1234,426265,1184.0694444444443,NORMAL,N,,,,426257,426276,426342,426376,426407,normal
101,1235,426620,1185.0555555555557,NORMAL,N,426517,426527,426563,426611,426647,426701,426739,426772,normal
101,1236,427003,1186.1194444444445,NORMAL,N,,,,426995,427023,427082,427120,427152,normal
101,1237,427378,1187.161111111111,NORMAL,N,427299,427301,427321,427369,427401,427454,427490,427524,normal
101,1238,427733,1188.1472222222221,NORMAL,N,,,,427725,427756,427812,427845,427878,normal
101,1239,428092,1189.1444444444444,NORMAL,N,428014,428017,428036,428084,428109,428167,428202,428232,normal
101,1240,428436,1190.1,NORMAL,N,,,,428429,428458,428514,428548,428579,normal
101,1241,428795,1191.0972222222222,NORMAL,N,428712,428716,428735,428787,428814,428878,428914,428943,normal
101,1242,429172,1192.1444444444444,NORMAL,N,429090,429112,429138,429163,429192,429253,429290,429318,normal
101,1243,429554,1193.2055555555555,NORMAL,N,,,,429545,429573,429635,429670,429699,normal
101,1244,429907,1194.1861111111111,NORMAL,N,,,,429900,429928,429980,430014,430042,normal
101,1245,430257,1195.1583333333333,NORMAL,N,,,,430249,430276,430333,430368,430397,normal
101,1246,430623,1196.175,NORMAL,N,430544,430564,430592,430614,430641,430699,430735,430764,normal
101,1247,430982,1197.1722222222222,NORMAL,N,,,,430974,431008,431065,431099,431128,normal
101,1248,431353,1198.2027777777778,NORMAL,N,431253,431270,431291,431345,431373,431432,431466,431497,normal
101,1249,431723,1199.2305555555556,NORMAL,N,,,,431715,431746,431800,431833,431862,normal
101,1250,432068,1200.1888888888889,NORMAL,N,431964,431984,432011,432060,432100,432140,432177,432206,normal
101,1251,432415,1201.1527777777778,NORMAL,N,,,,432407,432449,432493,432521,432549,normal
101,1252,432756,1202.1,NORMAL,N,,,,432748,432772,432834,432864,432893,normal
101,1253,433090,1203.0277777777778,NORMAL,N,433020,433033,433057,433081,433121,433173,433208,433250,normal
101,1254,433453,1204.036111111111,NORMAL,N,433372,433393,433417,433444,433480,433532,433567,433597,normal
101,1255,433814,1205.0388888888888,NORMAL,N,433742,433757,433784,433806,433833,433893,433925,433952,normal
101,1256,434162,1206.0055555555555,NORMAL,N,434085,434095,434107,434154,434177,434237,434270,434301,normal
101,1257,434497,1206.9361111111111,NORMAL,N,434388,434408,434443,434490,434524,434573,434604,434634,normal
101,1258,434850,1207.9166666666667,NORMAL,N,,,,434842,434868,434926,434962,434989,normal
101,1259,435216,1208.9333333333334,NORMAL,N,435139,435146,435160,435209,435233,435298,435333,435365,normal
101,1260,435584,1209.9555555555555,NORMAL,N,435515,435527,435554,435576,435609,435664,435699,435731,normal
101,1261,435956,1210.9888888888888,NORMAL,N,435877,435900,435928,435948,435976,436041,436075,436106,normal
101,1262,436330,1212.0277777777778,NORMAL,N,,,,436323,436354,436405,436440,436471,normal
101,1263,436675,1212.986111111111,NORMAL,N,,,,436667,436696,436746,436782,436818,normal
101,1264,437018,1213.9388888888889,NORMAL,N,,,,437010,437036,437096,437132,437160,normal
101,1265,437383,1214.9527777777778,NORMAL,N,437302,437311,437324,437375,437410,437467,437501,437533,normal
101,1266,437767,1216.0194444444444,NORMAL,N,437703,437708,437731,437758,437794,437850,437888,437917,normal
101,1267,438133,1217.036111111111,NORMAL,N,,,,438125,438159,438212,438249,438284,normal
101,1268,438481,1218.0027777777777,NORMAL,N,,,,438473,438498,438556,438592,438620,normal
101,1269,438828,1218.9666666666667,NORMAL,N,,,,438820,438845,438903,438941,438967,normal
101,1270,439174,1219.9277777777777,NORMAL,N,,,,439165,439191,439253,439286,439315,normal
101,1271,439524,1220.9,NORMAL,N,,,,439516,439537,439601,439640,439675,normal
101,1272,439876,1221.8777777777777,NORMAL,N,439813,439818,439841,439867,439894,439958,439992,440023,normal
101,1273,440232,1222.8666666666666,NORMAL,N,440151,440154,440170,440223,440249,440311,440346,440378,normal
101,1274,440582,1223.838888888889,NORMAL,N,440486,440504,440525,440574,440601,440660,440693,440726,normal
101,1275,440924,1224.7888888888888,NORMAL,N,,,,440916,440942,440998,441030,441059,normal
101,1276,441253,1225.7027777777778,NORMAL,N,441157,441178,441198,441245,441270,441335,441365,441393,normal
101,1277,441603,1226.675,NORMAL,N,,,,441594,441621,441686,441720,441751,normal
101,1278,441953,1227.6472222222221,NORMAL,N,441870,441880,441893,441943,441975,442037,442071,442104,normal
101,1279,442310,1228.638888888889,NORMAL,N,,,,442301,442330,442392,442424,442450,normal
101,1280,442649,1229.5805555555555,NORMAL,N,442572,442575,442591,442642,442676,442699,442761,442788,biphasic_negative_positive
101,1281,442967,1230.463888888889,NORMAL,N,442885,442892,442909,442958,442984,443044,443077,443109,normal
101,1282,443288,1231.3555555555556,NORMAL,N,,,,443280,443306,443367,443397,443428,normal
101,1283,443606,1232.2388888888888,NORMAL,N,,,,443598,443625,443689,443719,443751,normal
101,1284,443938,1233.161111111111,NORMAL,N,443858,443860,443882,443930,443961,444021,444056,444093,normal
101,1285,444298,1234.161111111111,NORMAL,N,,,,444288,444326,444376,444414,444446,normal
101,1286,444646,1235.1277777777777,NORMAL,N,444567,444573,444588,444637,444663,444726,444761,444788,normal
101,1287,444974,1236.0388888888888,NORMAL,N,444880,444889,444919,444966,444995,445046,445081,445111,normal
101,1288,445305,1236.9583333333333,NORMAL,N,,,,445296,445322,445383,445414,445447,normal
101,1289,445641,1237.8916666666667,NORMAL,N,,,,445632,445656,445724,445755,445787,normal
101,1290,445995,1238.875,NORMAL,N,,,,445986,446019,446078,446112,446148,normal
101,1291,446348,1239.8555555555556,NORMAL,N,446268,446272,446289,446340,446367,446430,446467,446500,normal
101,1292,446712,1240.8666666666666,NORMAL,N,,,,446704,446739,446787,446825,446858,normal
101,1293,447073,1241.8694444444445,NORMAL,N,,,,447065,447100,447153,447189,447217,normal
101,1294,447418,1242.8277777777778,NORMAL,N,447305,447332,447363,447409,447435,447494,447527,447563,normal
101,1295,447756,1243.7666666666667,NORMAL,N,,,,447749,447779,447832,447867,447901,normal
101,1296,448111,1244.7527777777777,NORMAL,N,448029,448038,448053,448102,448131,448190,448228,448260,normal
101,1297,448461,1245.725,NORMAL,N,,,,448452,448486,448544,448580,448608,normal
101,1298,448826,1246.7388888888888,NORMAL,N,,,,448817,448851,448908,448943,448972,normal
101,1299,449180,1247.7222222222222,NORMAL,N,,,,449171,449198,449260,449291,449321,normal
101,1300,449514,1248.65,NORMAL,N,,,,449506,449541,449590,449622,449653,normal
101,1301,449862,1249.6166666666666,NORMAL,N,449762,449766,449806,449854,449882,449942,449975,450007,normal
101,1302,450211,1250.5861111111112,NORMAL,N,,,,450203,450231,450295,450326,450355,normal
101,1303,450554,1251.5388888888888,NORMAL,N,450476,450482,450496,450545,450567,450637,450671,450702,normal
101,1304,450908,1252.5222222222221,NORMAL,N,450825,450835,450849,450899,450933,450991,451026,451051,normal
101,1305,451253,1253.4805555555556,NORMAL,N,451174,451175,451194,451244,451271,451330,451433,451446,biphasic_positive_negative
101,1306,451597,1254.4361111111111,NORMAL,N,451518,451526,451541,451589,451622,451679,451708,451735,normal
101,1307,451939,1255.3861111111112,NORMAL,N,451833,451854,451883,451930,451958,452013,452046,452071,normal
101,1308,452282,1256.338888888889,NORMAL,N,,,,452273,452307,452360,452396,452423,normal
101,1309,452642,1257.338888888889,NORMAL,N,,,,452632,452667,452726,452760,452788,normal
101,1310,452999,1258.3305555555555,NORMAL,N,452904,452917,452939,452990,453032,453078,453116,453149,normal
101,1311,453352,1259.3111111111111,NORMAL,N,453269,453280,453295,453343,453380,453431,453463,453493,normal
101,1312,453694,1260.2611111111112,NORMAL,N,,,,453686,453711,453769,453801,453827,normal
101,1313,454028,1261.1888888888889,NORMAL,N,,,,454020,454058,454107,454139,454171,normal
101,1314,454377,1262.1583333333333,NORMAL,N,454296,454303,454317,454368,454400,454452,454484,454513,normal
101,1315,454718,1263.1055555555556,NORMAL,N,454657,454662,454685,454709,454737,454801,454833,454864,normal
101,1316,455084,1264.1222222222223,NORMAL,N,,,,455074,455109,455165,455201,455234,normal
101,1317,455451,1265.1416666666667,NORMAL,N,,,,455441,455475,455534,455566,455602,normal
101,1318,455801,1266.1138888888888,NORMAL,N,455721,455727,455742,455792,455828,455877,455909,455937,normal
101,1319,456132,1267.0333333333333,NORMAL,N,,,,456124,456148,456208,456239,456268,normal
101,1320,456469,1267.9694444444444,NORMAL,N,,,,456460,456489,456545,456576,456605,normal
101,1321,456815,1268.9305555555557,NORMAL,N,,,,456807,456833,456894,456930,456958,normal
101,1322,457174,1269.9277777777777,NORMAL,N,457100,457115,457156,457166,457202,457252,457287,457318,normal
101,1323,457518,1270.8833333333334,NORMAL,N,457438,457442,457457,457510,457536,457600,457629,457660,normal
101,1324,457860,1271.8333333333333,NORMAL,N,457782,457789,457804,457852,457887,457934,457969,457997,normal
101,1325,458210,1272.8055555555557,NORMAL,N,458115,458130,458152,458201,458227,458284,458319,458347,normal
101,1326,458545,1273.736111111111,NORMAL,N,,,,458537,458557,458623,458652,458680,normal
101,1327,458886,1274.6833333333334,NORMAL,N,458793,458811,458828,458878,458905,458964,458997,459025,normal
101,1328,459250,1275.6944444444443,NORMAL,N,459169,459175,459191,459242,459285,459329,459365,459391,normal
101,1329,459601,1276.6694444444445,NORMAL,N,459538,459542,459566,459592,459619,459680,459715,459743,normal
101,1330,459959,1277.6638888888888,NORMAL,N,,,,459951,459981,460033,460068,460101,normal
101,1331,460305,1278.625,NORMAL,N,,,,460296,460322,460378,460409,460434,normal
101,1332,460627,1279.5194444444444,NORMAL,N,,,,460619,460664,460710,460734,460764,normal
101,1333,460978,1280.4944444444445,NORMAL,N,460899,460900,460918,460970,461001,461058,461090,461119,normal
101,1334,461329,1281.4694444444444,NORMAL,N,,,,461320,461348,461406,461442,461472,normal
101,1335,461673,1282.425,NORMAL,N,,,,461663,461690,461752,461785,461819,normal
101,1336,462018,1283.3833333333334,NORMAL,N,,,,462010,462033,462091,462125,462155,normal
101,1337,462355,1284.3194444444443,NORMAL,N,462259,462281,462300,462347,462374,462430,462464,462492,normal
101,1338,462690,1285.25,NORMAL,N,,,,462682,462722,462764,462796,462826,normal
101,1339,463023,1286.175,NORMAL,N,462941,462950,462966,463015,463046,463093,463130,463160,normal
101,1340,463378,1287.161111111111,NORMAL,N,463296,463304,463319,463370,463400,463462,463498,463527,normal
101,1341,463758,1288.2166666666667,NORMAL,N,,,,463751,463771,463840,463872,463905,normal
101,1342,464114,1289.2055555555555,NORMAL,N,,,,464105,464132,464192,464224,464252,normal
101,1343,464465,1290.1805555555557,NORMAL,N,,,,464458,464481,464537,464572,464599,normal
101,1344,464800,1291.111111111111,NORMAL,N,,,,464792,464816,464875,464905,464935,normal
101,1345,465146,1292.0722222222223,NORMAL,N,,,,465137,465170,465225,465258,465289,normal
101,1346,465501,1293.0583333333334,NORMAL,N,,,,465492,465518,465579,465613,465643,normal
101,1347,465864,1294.0666666666666,NORMAL,N,465782,465791,465805,465855,465890,465944,465977,466009,normal
101,1348,466218,1295.05,NORMAL,N,,,,466209,466237,466303,466333,466364,normal
101,1349,466556,1295.9888888888888,NORMAL,N,,,,466547,466574,466631,466663,466694,normal
101,1350,466879,1296.8861111111112,NORMAL,N,,,,466871,466910,466952,466984,467011,normal
101,1351,467206,1297.7944444444445,NORMAL,N,,,,467199,467240,467279,467313,467343,normal
101,1352,467553,1298.7583333333334,NORMAL,N,,,,467546,467576,467632,467666,467695,normal
101,1353,467903,1299.7305555555556,NORMAL,N,,,,467895,467923,467986,468021,468047,normal
101,1354,468264,1300.7333333333333,NORMAL,N,,,,468256,468291,468341,468375,468401,normal
101,1355,468609,1301.6916666666666,NORMAL,N,,,,468602,468620,468685,468715,468747,normal
101,1356,468931,1302.5861111111112,NORMAL,N,,,,468923,468945,469008,469039,469070,normal
101,1357,469270,1303.5277777777778,NORMAL,N,,,,469262,469298,469346,469379,469414,normal
101,1358,469613,1304.4805555555556,NORMAL,N,469496,469522,469554,469605,469640,469687,469721,469749,normal
101,1359,469962,1305.45,NORMAL,N,469887,469906,469944,469954,469977,470042,470076,470110,normal
101,1360,470327,1306.463888888889,NORMAL,N,,,,470319,470356,470405,470441,470471,normal
101,1361,470680,1307.4444444444443,NORMAL,N,470600,470609,470622,470672,470704,470759,470793,470823,normal
101,1362,471031,1308.4194444444445,NORMAL,N,,,,471023,471057,471103,471138,471167,normal
101,1363,471371,1309.3638888888888,NORMAL,N,471273,471294,471316,471363,471392,471442,471476,471509,normal
101,1364,471712,1310.3111111111111,NORMAL,N,,,,471704,471741,471787,471826,471857,normal
101,1365,472076,1311.3222222222223,NORMAL,N,471997,472018,472047,472067,472094,472160,472188,472220,normal
101,1366,472437,1312.325,NORMAL,N,472322,472328,472379,472428,472455,472515,472548,472577,normal
101,1367,472797,1313.325,NORMAL,N,472692,472717,472741,472789,472815,472875,472909,472941,normal
101,1368,473148,1314.3,NORMAL,N,,,,473140,473174,473219,473257,473286,normal
101,1369,473502,1315.2833333333333,NORMAL,N,,,,473494,473528,473579,473613,473645,normal
101,1370,473855,1316.263888888889,NORMAL,N,473752,473770,473800,473847,473872,473928,473966,473998,normal
101,1371,474195,1317.2083333333333,NORMAL,N,,,,474187,474214,474272,474310,474342,normal
101,1372,474556,1318.2111111111112,NORMAL,N,474478,474497,474521,474547,474584,474639,474675,474704,normal
101,1373,474917,1319.213888888889,NORMAL,N,,,,474909,474945,474997,475030,475057,normal
101,1374,475261,1320.1694444444445,NORMAL,N,475159,475179,475209,475253,475287,475334,475370,475400,normal
101,1375,475589,1321.0805555555555,NORMAL,N,,,,475582,475602,475667,475700,475729,normal
101,1376,475929,1322.025,NORMAL,N,,,,475920,475952,476008,476042,476069,normal
101,1377,476292,1323.0333333333333,NORMAL,N,476185,476209,476234,476283,476306,476373,476411,476441,normal
101,1378,476651,1324.0305555555556,NORMAL,N,,,,476643,476679,476735,476767,476795,normal
101,1379,477020,1325.0555555555557,NORMAL,N,476925,476944,476964,477011,477039,477097,477134,477161,normal
101,1380,477369,1326.025,NORMAL,N,477289,477296,477312,477360,477393,477446,477481,477514,normal
101,1381,477712,1326.9777777777779,NORMAL,N,,,,477704,477740,477785,477824,477852,normal
101,1382,478040,1327.888888888889,NORMAL,N,,,,478033,478059,478069,478150,478183,biphasic_negative_positive
101,1383,478385,1328.8472222222222,NORMAL,N,,,,478377,478401,478467,478503,478523,normal
101,1384,478747,1329.8527777777779,NORMAL,N,,,,478738,478768,478837,478865,478895,normal
101,1385,479115,1330.875,NORMAL,N,,,,479107,479131,479200,479230,479265,normal
101,1386,479462,1331.838888888889,NORMAL,N,,,,479452,479486,479539,479572,479601,normal
101,1387,479806,1332.7944444444445,NORMAL,N,,,,479797,479828,479879,479913,479941,normal
101,1388,480160,1333.7777777777778,NORMAL,N,,,,480153,480189,480244,480274,480303,normal
101,1389,480518,1334.7722222222221,NORMAL,N,480437,480443,480459,480508,480536,480598,480632,480658,normal
101,1390,480873,1335.7583333333334,NORMAL,N,,,,480864,480891,480962,480987,481018,normal
101,1391,481249,1336.8027777777777,NORMAL,N,,,,481241,481273,481336,481361,481394,normal
101,1392,481612,1337.8111111111111,NORMAL,N,,,,481592,481625,481687,481720,481745,normal
101,1393,481947,1338.7416666666666,NORMAL,N,,,,481932,481960,482024,482053,482082,normal
101,1394,482285,1339.6805555555557,NORMAL,N,,,,482277,482299,482357,482392,482418,normal
101,1395,482626,1340.6277777777777,NORMAL,N,482553,482570,482608,482618,482650,482707,482741,482768,normal
101,1396,482996,1341.6555555555556,NORMAL,N,482912,482918,482936,482988,483014,483076,483112,483144,normal
101,1397,483341,1342.6138888888888,NORMAL,N,,,,483333,483363,483421,483452,483483,normal
101,1398,483689,1343.5805555555555,NORMAL,N,483610,483632,483671,483681,483716,483764,483797,483824,normal
101,1399,484030,1344.5277777777778,NORMAL,N,483952,483957,483974,484022,484059,484104,484134,484162,normal
101,1400,484361,1345.4472222222223,NORMAL,N,484281,484285,484303,484353,484378,484435,484468,484498,normal
101,1401,484703,1346.3972222222221,NORMAL,N,,,,484695,484730,484780,484812,484842,normal
101,1402,485046,1347.35,NORMAL,N,484965,484968,484985,485037,485067,485124,485158,485185,normal
101,1403,485405,1348.3472222222222,NORMAL,N,485326,485329,485345,485397,485422,485487,485523,485555,normal
101,1404,485770,1349.361111111111,NORMAL,N,485681,485693,485709,485761,485792,485852,485879,485908,normal
101,1405,486124,1350.3444444444444,NORMAL,N,486046,486050,486068,486116,486147,486200,486231,486257,normal
101,1406,486474,1351.3166666666666,NORMAL,N,,,,486466,486506,486547,486582,486609,normal
101,1407,486835,1352.3194444444443,NORMAL,N,,,,486827,486850,486909,486945,486976,normal
101,1408,487212,1353.3666666666666,NORMAL,N,487129,487138,487152,487204,487233,487293,487331,487362,normal
101,1409,487596,1354.4333333333334,NORMAL,N,,,,487587,487627,487671,487709,487747,normal
101,1410,487953,1355.425,NORMAL,N,,,,487943,487966,488028,488063,488089,normal
101,1411,488303,1356.3972222222221,NORMAL,N,488183,488197,488245,488295,488326,488384,488414,488442,normal
101,1412,488654,1357.3722222222223,NORMAL,N,,,,488646,488672,488729,488764,488796,normal
101,1413,489004,1358.3444444444444,NORMAL,N,488927,488933,488950,488997,489020,489078,489113,489142,normal
101,1414,489360,1359.3333333333333,NORMAL,N,,,,489352,489382,489446,489479,489519,normal
101,1415,489718,1360.3277777777778,NORMAL,N,,,,489710,489740,489798,489837,489871,normal
101,1416,490083,1361.3416666666667,NORMAL,N,,,,490074,490101,490160,490197,490224,normal
101,1417,490432,1362.3111111111111,NORMAL,N,,,,490424,490455,490516,490543,490571,normal
101,1418,490761,1363.225,NORMAL,N,490685,490694,490705,490754,490779,490833,490869,490897,normal
101,1419,491101,1364.1694444444445,NORMAL,N,,,,491092,491127,491179,491215,491244,normal
101,1420,491457,1365.1583333333333,NORMAL,N,491375,491380,491399,491448,491481,491541,491574,491603,normal
101,1421,491814,1366.15,NORMAL,N,,,,491806,491836,491890,491927,491962,normal
101,1422,492164,1367.1222222222223,NORMAL,N,,,,492156,492194,492206,492280,492310,biphasic_negative_positive
101,1423,492495,1368.0416666666667,NORMAL,N,,,,492487,492513,492573,492605,492634,normal
101,1424,492819,1368.9416666666666,NORMAL,N,,,,492811,492836,492896,492930,492961,normal
101,1425,493146,1369.85,NORMAL,N,,,,493139,493163,493217,493256,493290,normal
101,1426,493479,1370.775,NORMAL,N,,,,493472,493493,493553,493589,493623,normal
101,1427,493819,1371.7194444444444,NORMAL,N,,,,493811,493839,493901,493982,494028,biphasic_positive_negative
101,1428,494173,1372.7027777777778,NORMAL,N,,,,494164,494187,494254,494285,494312,normal
101,1429,494510,1373.638888888889,NORMAL,N,,,,494502,494526,494584,494617,494645,normal
101,1430,494838,1374.55,NORMAL,N,,,,494830,494864,494914,494947,494972,normal
101,1431,495167,1375.463888888889,NORMAL,N,,,,495159,495189,495243,495273,495301,normal
101,1432,495503,1376.3972222222221,NORMAL,N,,,,495496,495524,495585,495618,495657,normal
101,1433,495852,1377.3666666666666,NORMAL,N,,,,495844,495885,495930,495966,495995,normal
101,1434,496213,1378.3694444444445,NORMAL,N,,,,496204,496246,496327,496425,496487,inverted
101,1435,496574,1379.3722222222223,NORMAL,N,,,,496566,496590,496653,496688,496716,normal
101,1436,496923,1380.3416666666667,NORMAL,N,,,,496915,496944,496994,497028,497060,normal
101,1437,497243,1381.2305555555556,NORMAL,N,,,,497235,497259,497316,497347,497374,normal
101,1438,497568,1382.1333333333334,NORMAL,N,,,,497560,497596,497643,497677,497706,normal
101,1439,497902,1383.0611111111111,NORMAL,N,,,,497894,497915,498019,498117,498130,biphasic_negative_positive
101,1440,498240,1384.0,NORMAL,N,,,,498222,498266,498328,498357,498395,normal
101,1441,498574,1384.9277777777777,NORMAL,N,498466,498492,498519,498566,498602,498658,498683,498714,normal
101,1442,498889,1385.8027777777777,NORMAL,N,,,,498881,498910,498969,499046,499065,biphasic_positive_negative
101,1443,499189,1386.6361111111112,NORMAL,N,,,,499181,499204,499266,499297,499326,normal
101,1444,499508,1387.5222222222221,NORMAL,N,,,,499497,499522,499583,499615,499644,normal
101,1445,499819,1388.3861111111112,NORMAL,N,,,,499811,499840,499899,499932,499976,normal
101,1446,500136,1389.2666666666667,NORMAL,N,,,,500119,500164,500224,500249,500276,normal
101,1447,500462,1390.1722222222222,NORMAL,N,,,,500453,500478,500544,500574,500600,normal
101,1448,500789,1391.0805555555555,NORMAL,N,,,,500778,500804,500874,500903,500933,normal
101,1449,501116,1391.9888888888888,NORMAL,N,501023,501027,501029,501108,501135,501191,501224,501255,normal
101,1450,501437,1392.8805555555555,NORMAL,N,,,,501429,501454,501508,501544,501575,normal
101,1451,501761,1393.7805555555556,NORMAL,N,,,,501753,501777,501833,501868,501902,normal
101,1452,502080,1394.6666666666667,NORMAL,N,,,,502071,502106,502157,502195,502230,normal
101,1453,502426,1395.6277777777777,NORMAL,N,,,,502417,502450,502504,502539,502571,normal
101,1454,502770,1396.5833333333333,NORMAL,N,,,,502762,502787,502845,502880,502913,normal
101,1455,503105,1397.513888888889,NORMAL,N,503028,503029,503049,503097,503123,503180,503217,503246,normal
101,1456,503420,1398.388888888889,NORMAL,N,,,,503411,503440,503492,503526,503561,normal
101,1457,503723,1399.2305555555556,NORMAL,N,,,,503715,503739,503792,503831,503860,normal
101,1458,504043,1400.1194444444445,NORMAL,N,,,,504035,504059,504116,504151,504179,normal
101,1459,504376,1401.0444444444445,NORMAL,N,,,,504368,504393,504450,504486,504514,normal
101,1460,504721,1402.0027777777777,NORMAL,N,,,,504712,504740,504801,504837,504867,normal
101,1461,505088,1403.0222222222221,NORMAL,N,,,,505079,505106,505167,505199,505228,normal
101,1462,505437,1403.9916666666666,NORMAL,N,505358,505366,505380,505428,505448,505508,505540,505572,normal
101,1463,505767,1404.9083333333333,NORMAL,N,,,,505760,505778,505843,505873,505908,normal
101,1464,506086,1405.7944444444445,NORMAL,N,,,,506078,506103,506152,506190,506224,normal
101,1465,506418,1406.7166666666667,NORMAL,N,,,,506410,506440,506495,506531,506560,normal
101,1466,506767,1407.6861111111111,NORMAL,N,506687,506690,506707,506758,506793,506846,506879,506909,normal
101,1467,507110,1408.638888888889,NORMAL,N,,,,507101,507128,507186,507217,507254,normal
101,1468,507444,1409.5666666666666,NORMAL,N,,,,507436,507471,507518,507554,507581,normal
101,1469,507791,1410.5305555555556,NORMAL,N,,,,507783,507815,507863,507897,507925,normal
101,1470,508133,1411.4805555555556,NORMAL,N,508054,508060,508076,508125,508155,508206,508237,508264,normal
101,1471,508481,1412.4472222222223,NORMAL,N,,,,508473,508504,508553,508590,508622,normal
101,1472,508849,1413.4694444444444,NORMAL,N,,,,508841,508875,508924,508961,508989,normal
101,1473,509230,1414.5277777777778,NORMAL,N,509148,509154,509169,509221,509253,509310,509346,509378,normal
101,1474,509607,1415.575,NORMAL,N,509507,509523,509552,509598,509624,509683,509714,509742,normal
101,1475,509951,1416.5305555555556,NORMAL,N,,,,509943,509975,510019,510057,510085,normal
101,1476,510300,1417.5,NORMAL,N,,,,510292,510326,510378,510412,510440,normal
101,1477,510663,1418.5083333333334,NORMAL,N,510586,510595,510607,510655,510681,510740,510776,510807,normal
101,1478,511035,1419.5416666666667,NORMAL,N,,,,511028,511054,511117,511150,511182,normal
101,1479,511411,1420.5861111111112,NORMAL,N,,,,511403,511429,,,,
101,1480,511770,1421.5833333333333,NORMAL,N,,,,511762,511782,511846,511883,511915,normal
101,1481,512122,1422.5611111111111,NORMAL,N,512027,512034,512067,512111,512146,512195,512231,512258,normal
101,1482,512467,1423.5194444444444,NORMAL,N,,,,512457,512481,512542,512576,512608,normal
101,1483,512821,1424.5027777777777,NORMAL,N,,,,512813,512834,512897,512935,512963,normal
101,1484,513189,1425.525,NORMAL,N,513076,513090,513128,513180,513214,513270,513309,513343,normal
101,1485,513555,1426.5416666666667,NORMAL,N,513460,513478,513495,513545,513573,513631,513670,513702,normal
101,1486,513909,1427.525,NORMAL,N,513803,513828,513853,513900,513933,513982,514018,514047,normal
101,1487,514265,1428.513888888889,NORMAL,N,,,,514257,514283,514343,514371,514398,normal
101,1488,514612,1429.4777777777779,NORMAL,N,,,,514604,514635,514684,514719,514751,normal
101,1489,514965,1430.4583333333333,NORMAL,N,514849,514872,514908,514956,514983,515042,515076,515103,normal
101,1490,515332,1431.4777777777779,NORMAL,N,,,,515323,515350,515409,515444,515468,normal
101,1491,515703,1432.5083333333334,NORMAL,N,515604,515609,515645,515693,515728,515785,515819,515850,normal
101,1492,516083,1433.5638888888889,NORMAL,N,516002,516010,516025,516075,516099,516158,516191,516217,normal
101,1493,516439,1434.5527777777777,NORMAL,N,516347,516349,516384,516431,516464,516509,516542,516570,normal
101,1494,516789,1435.525,NORMAL,N,516695,516716,516735,516782,516806,516861,516897,516926,normal
101,1495,517134,1436.4833333333333,NORMAL,N,,,,517126,517150,517206,517242,517274,normal
101,1496,517503,1437.5083333333334,NORMAL,N,,,,517494,517527,517586,517622,517651,normal
101,1497,517877,1438.5472222222222,NORMAL,N,517796,517799,517817,517868,517894,517951,517991,518020,normal
101,1498,518234,1439.5388888888888,NORMAL,N,,,,518226,518261,518307,518342,518372,normal
101,1499,518579,1440.4972222222223,NORMAL,N,518478,518500,518523,518571,518603,518653,518690,518722,normal
101,1500,518931,1441.475,NORMAL,N,,,,518924,518944,519006,519039,519069,normal
101,1501,519281,1442.4472222222223,NORMAL,N,,,,519274,519295,519356,519392,519423,normal
101,1502,519642,1443.45,NORMAL,N,,,,519634,519657,519724,519759,519797,normal
101,1503,520011,1444.475,NORMAL,N,519930,519935,519952,520002,520030,520092,520129,520159,normal
101,1504,520384,1445.5111111111112,NORMAL,N,520300,520311,520325,520375,520407,520461,520496,520523,normal
101,1505,520735,1446.486111111111,NORMAL,N,,,,520727,520748,520812,520844,520871,normal
101,1506,521078,1447.4388888888889,NORMAL,N,520984,521003,521023,521069,521096,521153,521185,521214,normal
101,1507,521438,1448.4388888888889,NORMAL,N,521358,521364,521379,521429,521463,521518,521553,521583,normal
101,1508,521812,1449.4777777777779,NORMAL,N,521716,521729,521752,521802,521830,521889,521928,521964,normal
101,1509,522172,1450.4777777777779,NORMAL,N,,,,522163,522200,522251,522287,522318,normal
101,1510,522538,1451.4944444444445,NORMAL,N,,,,522519,522560,522611,522646,522688,normal
101,1511,522873,1452.425,NORMAL,N,522794,522795,522815,522864,522891,522952,522982,523011,normal
101,1512,523219,1453.3861111111112,NORMAL,N,523140,523147,523162,523211,523245,523289,523324,523351,normal
101,1513,523562,1454.338888888889,NORMAL,N,,,,523554,523580,523638,523672,523700,normal
101,1514,523913,1455.3138888888889,NORMAL,N,,,,523905,523939,523990,524027,524062,normal
101,1515,524261,1456.2805555555556,NORMAL,N,,,,524252,524279,524340,524376,524407,normal
101,1516,524617,1457.2694444444444,NORMAL,N,,,,524608,524636,524695,524728,524757,normal
101,1517,524965,1458.236111111111,NORMAL,N,,,,524956,524990,525036,525069,525097,normal
101,1518,525313,1459.2027777777778,NORMAL,N,,,,525304,525325,525383,525417,525446,normal
101,1519,525653,1460.1472222222221,NORMAL,N,525544,525570,525594,525645,525675,525726,525761,525790,normal
101,1520,526020,1461.1666666666667,NORMAL,N,,,,526012,526040,526099,526132,526161,normal
101,1521,526399,1462.2194444444444,NORMAL,N,526315,526326,526340,526391,526425,526475,526510,526542,normal
101,1522,526768,1463.2444444444445,NORMAL,N,,,,526749,526785,526847,526881,526913,normal
101,1523,527128,1464.2444444444445,NORMAL,N,527030,527049,527072,527120,527145,527201,527234,527264,normal
101,1524,527483,1465.2305555555556,NORMAL,N,,,,527475,527499,527553,527586,527614,normal
101,1525,527825,1466.1805555555557,NORMAL,N,527721,527741,527770,527817,527842,527899,527935,527965,normal
101,1526,528158,1467.1055555555556,NORMAL,N,,,,528149,528175,528237,528270,528312,normal
101,1527,528505,1468.0694444444443,NORMAL,N,,,,528497,528525,528587,528622,528658,normal
101,1528,528873,1469.0916666666667,NORMAL,N,,,,528864,528897,528951,528983,529014,normal
101,1529,529223,1470.0638888888889,NORMAL,N,,,,529215,529245,529295,529329,529356,normal
101,1530,529577,1471.0472222222222,NORMAL,N,529502,529521,529548,529569,529611,529652,529689,529720,normal
101,1531,529942,1472.0611111111111,NORMAL,N,,,,529934,529959,530016,530051,530080,normal
101,1532,530310,1473.0833333333333,NORMAL,N,,,,530302,530328,530389,530425,530457,normal
101,1533,530688,1474.1333333333334,NORMAL,N,530611,530630,530657,530679,530708,530767,530805,530837,normal
101,1534,531065,1475.1805555555557,NORMAL,N,530985,530990,531006,531057,531092,531149,531183,531214,normal
101,1535,531429,1476.1916666666666,NORMAL,N,,,,531420,531453,531504,531538,531569,normal
101,1536,531776,1477.1555555555556,NORMAL,N,,,,531767,531796,531851,531885,531909,normal
101,1537,532013,1477.8138888888889,APC,A,,,,531996,532041,532085,532120,532148,normal
101,1538,532472,1479.088888888889,NORMAL,N,,,,532463,532497,532554,532593,532629,normal
101,1539,532864,1480.1777777777777,NORMAL,N,532768,532778,532804,532855,532882,532941,532980,533012,normal
101,1540,533235,1481.2083333333333,NORMAL,N,,,,533217,533247,533313,533346,533379,normal
101,1541,533597,1482.213888888889,NORMAL,N,,,,533590,533614,533669,533702,533732,normal
101,1542,533953,1483.2027777777778,NORMAL,N,,,,533945,533972,534025,534062,534093,normal
101,1543,534314,1484.2055555555555,NORMAL,N,534237,534239,534258,534307,534332,534388,534422,534456,normal
101,1544,534685,1485.236111111111,NORMAL,N,,,,534677,534711,534764,534799,534831,normal
101,1545,535056,1486.2666666666667,NORMAL,N,,,,535048,535088,535136,535172,535206,normal
101,1546,535419,1487.275,NORMAL,N,535339,535344,535360,535411,535437,535492,535529,535563,normal
101,1547,535769,1488.2472222222223,NORMAL,N,535663,535676,535714,535761,535785,535840,535872,535901,normal
101,1548,536116,1489.2111111111112,NORMAL,N,,,,536109,536138,536188,536225,536255,normal
101,1549,536481,1490.225,NORMAL,N,536402,536411,536425,536472,536505,536556,536595,536631,normal
101,1550,536871,1491.3083333333334,NORMAL,N,536776,536778,536813,536862,536901,536955,536991,537026,normal
101,1551,537270,1492.4166666666667,NORMAL,N,537173,537190,537212,537262,537302,537351,537387,537419,normal
101,1552,537656,1493.4888888888888,NORMAL,N,,,,537647,537680,537730,537767,537799,normal
101,1553,538039,1494.5527777777777,NORMAL,N,537960,537961,537981,538030,538058,538117,538150,538179,normal
101,1554,538400,1495.5555555555557,NORMAL,N,538293,538320,538344,538391,538425,538473,538506,538538,normal
101,1555,538747,1496.5194444444444,NORMAL,N,538652,538671,538690,538738,538772,538821,538857,538887,normal
101,1556,539123,1497.5638888888889,NORMAL,N,,,,539115,539151,539197,539236,539267,normal
101,1557,539504,1498.6222222222223,NORMAL,N,539406,539417,539446,539496,539523,539582,539620,539660,normal
101,1558,539875,1499.6527777777778,NORMAL,N,539778,539800,539821,539867,539893,539949,539983,540015,normal
101,1559,540216,1500.6,NORMAL,N,540125,540127,540161,540208,540242,540287,540321,540351,normal
101,1560,540568,1501.5777777777778,NORMAL,N,540490,540498,540511,540560,540596,540644,540681,540712,normal
101,1561,540936,1502.6,NORMAL,N,,,,540928,540957,541013,541047,541079,normal
101,1562,541304,1503.6222222222223,NORMAL,N,541193,541221,541248,541295,541322,541378,541418,541452,normal
101,1563,541665,1504.625,NORMAL,N,541584,541592,541605,541656,541683,541746,541782,541813,normal
101,1564,542031,1505.6416666666667,NORMAL,N,,,,542022,542055,542109,542144,542174,normal
101,1565,542396,1506.6555555555556,NORMAL,N,542317,542321,542339,542387,542414,542473,542507,542534,normal
101,1566,542740,1507.611111111111,NORMAL,N,,,,542732,542762,542814,542847,542882,normal
101,1567,543085,1508.5694444444443,NORMAL,N,,,,543077,543111,543164,543200,543232,normal
101,1568,543466,1509.6277777777777,NORMAL,N,543381,543385,543404,543457,543495,543548,543584,543613,normal
101,1569,543846,1510.6833333333334,NORMAL,N,,,,543838,543872,543928,543962,543990,normal
101,1570,544204,1511.6777777777777,NORMAL,N,,,,544196,544227,544281,544312,544344,normal
101,1571,544555,1512.6527777777778,NORMAL,N,,,,544547,544580,544628,544660,544689,normal
101,1572,544914,1513.65,NORMAL,N,,,,544906,544940,544988,545024,545058,normal
101,1573,545284,1514.6777777777777,NORMAL,N,545205,545206,545226,545276,545301,545360,545395,545425,normal
101,1574,545655,1515.7083333333333,NORMAL,N,,,,545648,545674,545735,545770,545799,normal
101,1575,546035,1516.763888888889,NORMAL,N,545951,545952,545974,546026,546062,546113,546150,546180,normal
101,1576,546412,1517.8111111111111,NORMAL,N,,,,546405,546431,546489,546522,546551,normal
101,1577,546756,1518.7666666666667,NORMAL,N,,,,546748,546772,546827,546858,546887,normal
101,1578,547095,1519.7083333333333,NORMAL,N,,,,547087,547118,547169,547206,547234,normal
101,1579,547454,1520.7055555555555,NORMAL,N,,,,547446,547478,547535,547570,547599,normal
101,1580,547836,1521.7666666666667,NORMAL,N,,,,547827,547856,547919,547956,547987,normal
101,1581,548210,1522.8055555555557,NORMAL,N,548106,548129,548152,548201,548228,548290,548324,548355,normal
101,1582,548574,1523.8166666666666,NORMAL,N,,,,548566,548595,548650,548683,548714,normal
101,1583,548942,1524.838888888889,NORMAL,N,548861,548864,548883,548933,548960,549020,549054,549082,normal
101,1584,549303,1525.8416666666667,NORMAL,N,,,,549296,549326,549383,549415,549445,normal
101,1585,549662,1526.838888888889,NORMAL,N,549564,549566,549602,549652,549680,549742,549775,549805,normal
101,1586,550048,1527.911111111111,NORMAL,N,,,,550038,550070,550128,550161,550191,normal
101,1587,550431,1528.975,NORMAL,N,550346,550354,550370,550423,550449,550508,550544,550576,normal
101,1588,550797,1529.9916666666666,NORMAL,N,,,,550790,550814,550871,550904,550937,normal
101,1589,551142,1530.95,NORMAL,N,,,,551134,551168,551215,551246,551276,normal
101,1590,551484,1531.9,NORMAL,N,,,,551476,551511,551561,551596,551627,normal
101,1591,551842,1532.8944444444444,NORMAL,N,551759,551766,551782,551834,551865,551921,551953,551987,normal
101,1592,552203,1533.8972222222221,NORMAL,N,552121,552125,552143,552194,552230,552279,552315,552346,normal
101,1593,552570,1534.9166666666667,NORMAL,N,,,,552562,552589,552646,552684,552716,normal
101,1594,552931,1535.9194444444445,NORMAL,N,552834,552840,552877,552922,552943,553006,553039,553069,normal
101,1595,553271,1536.8638888888888,NORMAL,N,,,,553263,553298,553350,553383,553412,normal
101,1596,553624,1537.8444444444444,NORMAL,N,,,,553617,553651,553701,553733,553761,normal
101,1597,553986,1538.85,NORMAL,N,,,,553978,554005,554064,554099,554131,normal
101,1598,554354,1539.8722222222223,NORMAL,N,554271,554272,554292,554345,554378,554437,554475,554505,normal
101,1599,554724,1540.9,NORMAL,N,,,,554716,554750,554803,554840,554870,normal
101,1600,555091,1541.9194444444445,NORMAL,N,,,,555082,555109,555168,555200,555229,normal
101,1601,555437,1542.8805555555555,NORMAL,N,,,,555429,555464,555513,555547,555579,normal
101,1602,555773,1543.8138888888889,NORMAL,N,,,,555765,555795,555855,555887,555919,normal
101,1603,556137,1544.825,NORMAL,N,556056,556058,556077,556127,556153,556218,556254,556284,normal
101,1604,556510,1545.861111111111,NORMAL,N,,,,556502,556538,556595,556630,556662,normal
101,1605,556872,1546.8666666666666,NORMAL,N,556788,556799,556814,556863,556898,556951,556986,557017,normal
101,1606,557231,1547.8638888888888,NORMAL,N,,,,557224,557264,557312,557346,557378,normal
101,1607,557591,1548.8638888888888,NORMAL,N,,,,557583,557618,557669,557701,557737,normal
101,1608,557943,1549.8416666666667,NORMAL,N,557866,557873,557887,557935,557965,558020,558052,558082,normal
101,1609,558297,1550.825,NORMAL,N,,,,558288,558315,558374,558409,558439,normal
101,1610,558674,1551.8722222222223,NORMAL,N,558576,558591,558615,558665,558699,558755,558790,558821,normal
101,1611,559054,1552.9277777777777,NORMAL,N,,,,559046,559071,559133,559166,559195,normal
101,1612,559405,1553.9027777777778,NORMAL,N,559308,559315,559350,559397,559430,559480,559511,559541,normal
101,1613,559748,1554.8555555555556,NORMAL,N,,,,559741,559765,559826,559859,559888,normal
101,1614,560112,1555.8666666666666,NORMAL,N,,,,560104,560131,560189,560220,560251,normal
101,1615,560470,1556.861111111111,NORMAL,N,,,,560462,560487,560545,560580,560617,normal
101,1616,560835,1557.875,NORMAL,N,560754,560761,560777,560827,560863,560918,560953,560986,normal
101,1617,561209,1558.9138888888888,NORMAL,N,561116,561136,561154,561201,561235,561284,561327,561367,normal
101,1618,561561,1559.8916666666667,NORMAL,N,,,,561553,561578,561639,561674,561705,normal
101,1619,561883,1560.786111111111,NORMAL,N,,,,561875,561901,561958,561990,562024,normal
101,1620,562189,1561.6361111111112,NORMAL,N,,,,562181,562207,562262,562295,562326,normal
101,1621,562516,1562.5444444444445,NORMAL,N,562435,562436,562456,562507,562533,562597,562631,562661,normal
101,1622,562883,1563.5638888888889,NORMAL,N,,,,562875,562902,562962,563000,563028,normal
101,1623,563255,1564.5972222222222,NORMAL,N,,,,563247,563272,563335,563366,563397,normal
101,1624,563611,1565.5861111111112,NORMAL,N,563534,563542,563555,563603,563635,563687,563723,563754,normal
101,1625,563967,1566.575,NORMAL,N,,,,563959,563990,564043,564077,564106,normal
101,1626,564330,1567.5833333333333,NORMAL,N,564253,564254,564273,564322,564355,564411,564444,564476,normal
101,1627,564686,1568.5722222222223,NORMAL,N,564602,564613,564629,564677,564704,564764,564798,564834,normal
101,1628,565051,1569.5861111111112,NORMAL,N,,,,565042,565076,565131,565167,565205,normal
101,1629,565436,1570.6555555555556,NORMAL,N,,,,565427,565461,565519,565557,565587,normal
101,1630,565818,1571.7166666666667,NORMAL,N,565739,565740,565759,565810,565837,565896,565931,565960,normal
101,1631,566168,1572.6888888888889,NORMAL,N,,,,566159,566193,566245,566277,566304,normal
101,1632,566526,1573.6833333333334,NORMAL,N,,,,566517,566558,566603,566635,566666,normal
101,1633,566896,1574.7111111111112,NORMAL,N,566795,566808,566835,566887,566930,566977,567011,567038,normal
101,1634,567274,1575.7611111111112,NORMAL,N,,,,567266,567288,567354,567387,567420,normal
101,1635,567645,1576.7916666666667,NORMAL,N,,,,567637,567660,567721,567757,567787,normal
101,1636,568015,1577.8194444444443,NORMAL,N,,,,568006,568040,568091,568128,568157,normal
101,1637,568384,1578.8444444444444,NORMAL,N,568307,568308,568327,568376,568400,568459,568491,568522,normal
101,1638,568731,1579.8083333333334,NORMAL,N,568653,568661,568675,568723,568748,568803,568836,568865,normal
101,1639,569084,1580.7888888888888,NORMAL,N,,,,569077,569109,569164,569198,569229,normal
101,1640,569464,1581.8444444444444,NORMAL,N,569385,569388,569405,569456,569492,569547,569581,569612,normal
101,1641,569843,1582.8972222222221,NORMAL,N,,,,569835,569870,569924,569961,569997,normal
101,1642,570199,1583.8861111111112,NORMAL,N,570121,570125,570142,570190,570223,570276,570310,570340,normal
101,1643,570549,1584.8583333333333,NORMAL,N,,,,570541,570566,570622,570656,570686,normal
101,1644,570909,1585.8583333333333,NORMAL,N,,,,570901,570926,570989,571023,571050,normal
101,1645,571272,1586.8666666666666,NORMAL,N,,,,571264,571297,571352,571388,571431,normal
101,1646,571630,1587.861111111111,NORMAL,N,571550,571557,571571,571622,571658,571716,571748,571779,normal
101,1647,572003,1588.8972222222221,NORMAL,N,,,,571994,572035,572084,572119,572149,normal
101,1648,572368,1589.911111111111,NORMAL,N,,,,572360,572386,572448,572480,572506,normal
101,1649,572719,1590.8861111111112,NORMAL,N,,,,572711,572748,572797,572828,572861,normal
101,1650,573059,1591.8305555555555,NORMAL,N,,,,573051,573086,573138,573169,573197,normal
101,1651,573414,1592.8166666666666,NORMAL,N,,,,573405,573433,573495,573530,573562,normal
101,1652,573801,1593.8916666666667,NORMAL,N,,,,573781,573830,573889,573919,573950,normal
101,1653,574172,1594.9222222222222,NORMAL,N,574089,574093,574111,574163,574190,574251,574284,574316,normal
101,1654,574528,1595.911111111111,NORMAL,N,,,,574520,574546,574604,574636,574665,normal
101,1655,574879,1596.8861111111112,NORMAL,N,574779,574803,574824,574870,574895,574950,574984,575010,normal
101,1656,575217,1597.825,NORMAL,N,,,,575206,575229,575294,575327,575363,normal
101,1657,575557,1598.7694444444444,NORMAL,N,575449,575457,575501,575548,575582,575635,575669,575700,normal
101,1658,575910,1599.75,NORMAL,N,,,,575901,575935,575990,576024,576056,normal
101,1659,576276,1600.7666666666667,NORMAL,N,576194,576202,576216,576268,576301,576362,576393,576424,normal
101,1660,576641,1601.7805555555556,NORMAL,N,,,,576633,576663,576716,576748,576781,normal
101,1661,576983,1602.7305555555556,NORMAL,N,,,,576976,577010,577053,577088,577122,normal
101,1662,577331,1603.6972222222223,NORMAL,N,,,,577324,577357,577407,577440,577469,normal
101,1663,577695,1604.7083333333333,NORMAL,N,,,,577687,577712,577776,577809,577845,normal
101,1664,578077,1605.7694444444444,NORMAL,N,,,,578068,578096,578163,578197,578230,normal
101,1665,578461,1606.8361111111112,NORMAL,N,578357,578380,578404,578452,578486,578541,578576,578610,normal
101,1666,578831,1607.8638888888888,NORMAL,N,,,,578823,578857,578905,578940,578972,normal
101,1667,579192,1608.8666666666666,NORMAL,N,579097,579113,579137,579184,579211,579268,579302,579340,normal
101,1668,579549,1609.8583333333333,NORMAL,N,,,,579542,579566,579627,579662,579692,normal
101,1669,579895,1610.8194444444443,NORMAL,N,579821,579836,579876,579885,579920,579973,580009,580041,normal
101,1670,580266,1611.85,NORMAL,N,,,,580257,580291,580346,580384,580412,normal
101,1671,580647,1612.9083333333333,NORMAL,N,,,,580639,580675,580725,580761,580792,normal
101,1672,581022,1613.95,NORMAL,N,580941,580949,580965,581014,581040,581098,581130,581158,normal
101,1673,581380,1614.9444444444443,NORMAL,N,581301,581308,581324,581372,581396,581452,581487,581519,normal
101,1674,581736,1615.9333333333334,NORMAL,N,,,,581728,581754,581812,581849,581881,normal
101,1675,582109,1616.9694444444444,NORMAL,N,582014,582015,582051,582100,582134,582190,582224,582258,normal
101,1676,582486,1618.0166666666667,NORMAL,N,,,,582477,582512,582565,582598,582628,normal
101,1677,582860,1619.0555555555557,NORMAL,N,,,,582853,582883,582941,582975,583008,normal
101,1678,583230,1620.0833333333333,NORMAL,N,,,,583222,583256,583308,583341,583373,normal
101,1679,583586,1621.0722222222223,NORMAL,N,,,,583577,583610,583663,583698,583732,normal
101,1680,583949,1622.0805555555555,NORMAL,N,,,,583941,583975,584026,584061,584092,normal
101,1681,584307,1623.075,NORMAL,N,584229,584236,584249,584299,584325,584389,584422,584456,normal
101,1682,584681,1624.1138888888888,NORMAL,N,,,,584673,584701,584768,584803,584835,normal
101,1683,585060,1625.1666666666667,NORMAL,N,,,,585052,585079,585141,585176,585207,normal
101,1684,585416,1626.1555555555556,NORMAL,N,,,,585409,585434,585494,585527,585554,normal
101,1685,585759,1627.1083333333333,NORMAL,N,585681,585683,585701,585751,585781,585836,585868,585897,normal
101,1686,586107,1628.075,NORMAL,N,,,,586099,586135,586185,586217,586251,normal
101,1687,586479,1629.1083333333333,NORMAL,N,,,,586470,586503,586560,586594,586625,normal
101,1688,586852,1630.1444444444444,NORMAL,N,,,,586844,586880,586930,586964,586998,normal
101,1689,587219,1631.1638888888888,NORMAL,N,587137,587145,587160,587210,587245,587299,587336,587368,normal
101,1690,587589,1632.1916666666666,NORMAL,N,587509,587514,587530,587581,587611,587659,587695,587726,normal
101,1691,587924,1633.1222222222223,NORMAL,N,,,,587916,587947,587998,588030,588060,normal
101,1692,588269,1634.0805555555555,NORMAL,N,,,,588261,588295,588342,588377,588410,normal
101,1693,588628,1635.0777777777778,NORMAL,N,,,,588620,588645,588708,588743,588774,normal
101,1694,589006,1636.1277777777777,NORMAL,N,588922,588923,588946,588998,589032,589086,589125,589155,normal
101,1695,589370,1637.138888888889,NORMAL,N,,,,589363,589387,589448,589482,589516,normal
101,1696,589726,1638.1277777777777,NORMAL,N,589647,589649,589670,589718,589748,589798,589833,589862,normal
101,1697,590079,1639.1083333333333,NORMAL,N,589999,590000,590021,590070,590097,590156,590191,590222,normal
101,1698,590435,1640.0972222222222,NORMAL,N,,,,590427,590461,590512,590548,590581,normal
101,1699,590788,1641.0777777777778,NORMAL,N,,,,590780,590815,590866,590901,590933,normal
101,1700,591158,1642.1055555555556,NORMAL,N,,,,591149,591187,591240,591276,591306,normal
101,1701,591530,1643.138888888889,NORMAL,N,,,,591521,591553,591608,591646,591677,normal
101,1702,591869,1644.0805555555555,NORMAL,N,591790,591799,591811,591861,591895,591946,591980,592012,normal
101,1703,592200,1645.0,NORMAL,N,,,,592191,592218,592277,592310,592339,normal
101,1704,592532,1645.9222222222222,NORMAL,N,,,,592523,592555,592608,592641,592669,normal
101,1705,592861,1646.8361111111112,NORMAL,N,,,,592850,592873,592946,592980,593026,normal
101,1706,593204,1647.7888888888888,NORMAL,N,593105,593124,593145,593194,593233,593285,593321,593351,normal
101,1707,593542,1648.7277777777779,NORMAL,N,,,,593534,593575,593614,593653,593683,normal
101,1708,593876,1649.6555555555556,NORMAL,N,,,,593868,593899,593952,593988,594016,normal
101,1709,594214,1650.5944444444444,NORMAL,N,,,,594207,594241,594289,594323,594354,normal
101,1710,594550,1651.5277777777778,NORMAL,N,,,,594543,594572,594628,594663,594693,normal
101,1711,594904,1652.5111111111112,NORMAL,N,,,,594896,594931,594981,595018,595051,normal
101,1712,595262,1653.5055555555555,NORMAL,N,595166,595185,595206,595254,595286,595340,595377,595406,normal
101,1713,595636,1654.5444444444445,NORMAL,N,,,,595627,595663,,595738,595769,positive_monophasic
101,1714,596013,1655.5916666666667,NORMAL,N,,,,596001,596044,596091,596127,596156,normal
101,1715,596366,1656.5722222222223,NORMAL,N,,,,596354,596392,596443,596476,596507,normal
101,1716,596716,1657.5444444444445,NORMAL,N,596603,596625,596659,596704,596731,596794,596826,596855,normal
101,1717,597078,1658.55,NORMAL,N,,,,597064,597100,597160,597193,597223,normal
101,1718,597465,1659.625,NORMAL,N,597379,597382,597402,597449,597480,597544,597581,597611,normal
101,1719,597837,1660.6583333333333,NORMAL,N,,,,597821,597852,597915,597949,597978,normal
101,1720,598205,1661.6805555555557,NORMAL,N,,,,598191,598220,598282,598318,598348,normal
101,1721,598571,1662.6972222222223,NORMAL,N,,,,598558,598585,598641,598678,598711,normal
101,1722,598910,1663.638888888889,NORMAL,N,598813,598821,598854,598897,598923,598984,599016,599047,normal
101,1723,599257,1664.6027777777779,NORMAL,N,,,,599242,599272,599335,599369,599399,normal
101,1724,599624,1665.6222222222223,NORMAL,N,,,,599611,599644,599706,599739,599772,normal
101,1725,599989,1666.6361111111112,NORMAL,N,599879,599889,599931,599974,600009,600068,600106,600137,normal
101,1726,600347,1667.6305555555555,NORMAL,N,,,,600333,600361,600421,600455,600484,normal
101,1727,600692,1668.588888888889,NORMAL,N,,,,600678,600711,600765,600798,600829,normal
101,1728,601041,1669.5583333333334,NORMAL,N,,,,601029,601065,601118,601154,601183,normal
101,1729,601395,1670.5416666666667,NORMAL,N,,,,601379,601408,601474,601508,601542,normal
101,1730,601761,1671.5583333333334,NORMAL,N,601659,601681,601703,601748,601775,601840,601876,601908,normal
101,1731,602125,1672.5694444444443,NORMAL,N,602015,602041,602067,602112,602152,602206,602243,602279,normal
101,1732,602482,1673.5611111111111,NORMAL,N,,,,602469,602511,602565,602597,602625,normal
101,1733,602836,1674.5444444444445,NORMAL,N,602732,602756,602778,602823,602850,602911,602947,602976,normal
101,1734,603171,1675.475,NORMAL,N,,,,603158,603184,603247,603280,603316,normal
101,1735,603505,1676.4027777777778,NORMAL,N,,,,603491,603519,603577,603616,603646,normal
101,1736,603863,1677.3972222222221,NORMAL,N,,,,603843,603885,603956,603986,604008,normal
101,1737,604227,1678.4083333333333,NORMAL,N,,,,604213,604243,604312,604344,604377,normal
101,1738,604571,1679.3638888888888,NORMAL,N,,,,604558,604586,604646,604679,604709,normal
101,1739,604906,1680.2944444444445,NORMAL,N,,,,604892,604921,604983,605016,605051,normal
101,1740,605248,1681.2444444444445,NORMAL,N,,,,605235,605276,605324,605361,605391,normal
101,1741,605580,1682.1666666666667,NORMAL,N,605462,605492,605523,605566,605593,605656,605695,605727,normal
101,1742,605935,1683.1527777777778,NORMAL,N,,,,605920,605950,606018,606053,606081,normal
101,1743,606300,1684.1666666666667,NORMAL,N,,,,606285,606321,606378,606415,606446,normal
101,1744,606673,1685.2027777777778,NORMAL,N,,,,606659,606705,606752,606791,606825,normal
101,1745,607017,1686.1583333333333,NORMAL,N,,,,607004,607029,607090,607126,607155,normal
101,1746,607351,1687.0861111111112,NORMAL,N,,,,607337,607371,607425,607461,607494,normal
101,1747,607685,1688.013888888889,NORMAL,N,,,,607671,607713,607763,607798,607827,normal
101,1748,608014,1688.9277777777777,NORMAL,N,,,,608001,608037,608095,608132,608163,normal
101,1749,608357,1689.8805555555555,NORMAL,N,,,,608343,608379,608438,608476,608507,normal
101,1750,608710,1690.861111111111,NORMAL,N,608605,608625,608652,608697,608723,608789,608825,608854,normal
101,1751,609057,1691.825,NORMAL,N,,,,609044,609070,609130,609166,609199,normal
101,1752,609396,1692.7666666666667,NORMAL,N,,,,609382,609416,609472,609509,609538,normal
101,1753,609749,1693.7472222222223,NORMAL,N,,,,609736,609763,609824,609861,609891,normal
101,1754,610112,1694.7555555555555,NORMAL,N,,,,610097,610143,610193,610229,610262,normal
101,1755,610498,1695.8277777777778,NORMAL,N,610397,610418,610438,610485,610521,610578,610615,610646,normal
101,1756,610880,1696.888888888889,NORMAL,N,610765,610793,610820,610865,610911,610956,610994,611026,normal
101,1757,611261,1697.9472222222223,NORMAL,N,611161,611171,611204,611248,611282,611337,611368,611399,normal
101,1758,611615,1698.9305555555557,NORMAL,N,611530,611533,611558,611602,611627,611688,611721,611756,normal
101,1759,611965,1699.9027777777778,NORMAL,N,611861,611867,611909,611950,611979,612042,612077,612107,normal
101,1760,612339,1700.9416666666666,NORMAL,N,,,,612322,612352,612414,612452,612482,normal
101,1761,612707,1701.963888888889,NORMAL,N,,,,612693,612721,612786,612821,612848,normal
101,1762,613067,1702.963888888889,NORMAL,N,,,,613053,613089,613141,613177,613210,normal
101,1763,613422,1703.95,NORMAL,N,,,,613408,613442,613499,613532,613562,normal
101,1764,613774,1704.9277777777777,NORMAL,N,,,,613760,613797,613851,613885,613915,normal
101,1765,614126,1705.9055555555556,NORMAL,N,,,,614114,614150,614200,614237,614267,normal
101,1766,614489,1706.9138888888888,NORMAL,N,614373,614400,614433,614476,614502,614564,614604,614635,normal
101,1767,614851,1707.9194444444445,NORMAL,N,,,,614836,614865,614932,614968,615006,normal
101,1768,615229,1708.9694444444444,NORMAL,N,,,,615213,615243,615306,615344,615374,normal
101,1769,615588,1709.9666666666667,NORMAL,N,,,,615576,615601,615661,615696,615726,normal
101,1770,615933,1710.925,NORMAL,N,615837,615858,615877,615920,615947,616011,616044,616074,normal
101,1771,616287,1711.9083333333333,NORMAL,N,,,,616274,616302,616364,616399,616428,normal
101,1772,616654,1712.9277777777777,NORMAL,N,616549,616565,616595,616640,616676,616735,616771,616801,normal
101,1773,617034,1713.9833333333333,NORMAL,N,,,,617019,617055,617113,617148,617179,normal
101,1774,617392,1714.9777777777779,NORMAL,N,617292,617302,617334,617378,617406,617470,617506,617536,normal
101,1775,617763,1716.0083333333334,NORMAL,N,,,,617750,617777,617841,617873,617902,normal
101,1776,618119,1716.9972222222223,NORMAL,N,,,,618105,618132,618192,618225,618256,normal
101,1777,618467,1717.963888888889,NORMAL,N,,,,618453,618496,618545,618576,618610,normal
101,1778,618823,1718.9527777777778,NORMAL,N,618721,618732,618766,618808,618849,618896,618935,618966,normal
101,1779,619198,1719.9944444444445,NORMAL,N,,,,619184,619213,619281,619317,619347,normal
101,1780,619582,1721.0611111111111,NORMAL,N,619477,619490,619526,619569,619596,619663,619697,619725,normal
101,1781,619937,1722.0472222222222,NORMAL,N,,,,619923,619949,620010,620043,620071,normal
101,1782,620281,1723.0027777777777,NORMAL,N,,,,620269,620296,620358,620394,620422,normal
101,1783,620646,1724.0166666666667,NORMAL,N,620560,620561,620589,620632,620660,620721,620756,620784,normal
101,1784,621010,1725.0277777777778,NORMAL,N,,,,620997,621023,621093,621126,621157,normal
101,1785,621378,1726.05,NORMAL,N,,,,621364,621404,621464,621498,621531,normal
101,1786,621749,1727.0805555555555,NORMAL,N,,,,621735,621764,621834,621868,621898,normal
101,1787,622121,1728.1138888888888,NORMAL,N,,,,622107,622148,622196,622233,622261,normal
101,1788,622459,1729.0527777777777,NORMAL,N,,,,622446,622470,622535,622568,622596,normal
101,1789,622797,1729.9916666666666,NORMAL,N,,,,622783,622811,622872,622907,622939,normal
101,1790,623160,1731.0,NORMAL,N,,,,623146,623176,623243,623279,623309,normal
101,1791,623528,1732.0222222222221,NORMAL,N,,,,623511,623559,623609,623646,623682,normal
101,1792,623871,1732.975,NORMAL,N,,,,623858,623884,623953,623985,624018,normal
101,1793,624213,1733.925,NORMAL,N,,,,624199,624228,624290,624322,624350,normal
101,1794,624551,1734.8638888888888,NORMAL,N,,,,624537,624564,624627,624661,624691,normal
101,1795,624890,1735.8055555555557,NORMAL,N,,,,624877,624902,624969,625000,625030,normal
101,1796,625227,1736.7416666666666,NORMAL,N,,,,625214,625242,625308,625342,625371,normal
101,1797,625590,1737.75,NORMAL,N,,,,625575,625605,625671,625708,625740,normal
101,1798,625970,1738.8055555555557,NORMAL,N,,,,625955,626000,626053,626087,626115,normal
101,1799,626331,1739.8083333333334,NORMAL,N,626222,626239,626272,626317,626344,626411,626441,626473,normal
101,1800,626673,1740.7583333333334,NORMAL,N,,,,626661,626688,626745,626778,626806,normal
101,1801,627021,1741.725,NORMAL,N,,,,627008,627036,627096,627129,627159,normal
101,1802,627372,1742.7,NORMAL,N,,,,627360,627386,627452,627485,627518,normal
101,1803,627725,1743.6805555555557,NORMAL,N,,,,627711,627746,627801,627837,627866,normal
101,1804,628080,1744.6666666666667,NORMAL,N,627962,627978,628020,628065,628095,628155,628191,628221,normal
101,1805,628433,1745.6472222222221,NORMAL,N,,,,628419,628446,628511,628544,628575,normal
101,1806,628783,1746.6194444444445,NORMAL,N,,,,628770,628795,628856,628889,628920,normal
101,1807,629130,1747.5833333333333,NORMAL,N,629044,629045,629072,629115,629143,629199,629234,629262,normal
101,1808,629484,1748.5666666666666,NORMAL,N,,,,629469,629504,629560,629597,629630,normal
101,1809,629862,1749.6166666666666,NORMAL,N,,,,629847,629889,629936,629977,630012,normal
101,1810,630243,1750.675,NORMAL,N,630136,630160,630184,630229,630265,630325,630362,630394,normal
101,1811,630624,1751.7333333333333,NORMAL,N,,,,630611,630644,630700,630736,630766,normal
101,1812,630981,1752.725,NORMAL,N,,,,630969,630994,631054,631088,631119,normal
101,1813,631340,1753.7222222222222,NORMAL,N,,,,631327,631370,631419,631456,631490,normal
101,1814,631694,1754.7055555555555,NORMAL,N,,,,631681,631725,631773,631810,631847,normal
101,1815,632063,1755.7305555555556,NORMAL,N,,,,632049,632084,632143,632182,632215,normal
101,1816,632444,1756.7888888888888,NORMAL,N,632343,632351,632384,632428,632458,632525,632559,632590,normal
101,1817,632811,1757.8083333333334,NORMAL,N,632710,632718,632751,632797,632834,632891,632923,632951,normal
101,1818,633171,1758.8083333333334,NORMAL,N,633070,633093,633115,633158,633184,633246,633280,633313,normal
101,1819,633525,1759.7916666666667,NORMAL,N,,,,633512,633539,633601,633634,633665,normal
101,1820,633889,1760.8027777777777,NORMAL,N,,,,633874,633903,633969,634005,634037,normal
101,1821,634278,1761.8833333333334,NORMAL,N,634162,634184,634217,634262,634298,634357,634391,634428,normal
101,1822,634647,1762.9083333333333,NORMAL,N,634536,634561,634589,634634,634661,634722,634758,634788,normal
101,1823,635008,1763.911111111111,NORMAL,N,,,,634995,635036,635081,635117,635148,normal
101,1824,635365,1764.9027777777778,NORMAL,N,,,,635353,635384,635439,635474,635505,normal
101,1825,635727,1765.9083333333333,NORMAL,N,635625,635634,635671,635714,635741,635807,635841,635873,normal
101,1826,636099,1766.9416666666666,NORMAL,N,635998,636003,636042,636086,636128,636178,636216,636249,normal
101,1827,636482,1768.0055555555555,NORMAL,N,636371,636385,636422,636468,636495,636562,636598,636633,normal
101,1828,636855,1769.0416666666667,NORMAL,N,,,,636842,636867,636938,636975,637008,normal
101,1829,637215,1770.0416666666667,NORMAL,N,,,,637202,637229,637294,637328,637355,normal
101,1830,637554,1770.9833333333333,NORMAL,N,,,,637540,637566,637625,637664,637691,normal
101,1831,637896,1771.9333333333334,NORMAL,N,,,,637881,637910,637974,638008,638037,normal
101,1832,638239,1772.8861111111112,NORMAL,N,,,,638224,638270,638318,638358,638388,normal
101,1833,638588,1773.8555555555556,NORMAL,N,,,,638575,638603,638667,638706,638735,normal
101,1834,638918,1774.7722222222221,NORMAL,N,638816,638837,638858,638904,638933,638997,639034,639065,normal
101,1835,639253,1775.7027777777778,NORMAL,N,,,,639241,639267,639329,639364,639391,normal
101,1836,639594,1776.65,NORMAL,N,,,,639579,639614,639672,639706,639737,normal
101,1837,639945,1777.625,NORMAL,N,,,,639932,639958,640019,640057,640085,normal
101,1838,640287,1778.575,NORMAL,N,,,,640274,640299,640318,640401,640434,biphasic_negative_positive
101,1839,640649,1779.5805555555555,NORMAL,N,,,,640634,640664,640733,640770,640800,normal
101,1840,641024,1780.6222222222223,NORMAL,N,640914,640939,640962,641009,641039,641105,641142,641171,normal
101,1841,641395,1781.6527777777778,NORMAL,N,,,,641382,641409,641475,641509,641542,normal
101,1842,641736,1782.6,NORMAL,N,,,,641723,641748,641810,641845,641873,normal
101,1843,642071,1783.5305555555556,NORMAL,N,,,,642058,642097,642148,642181,642211,normal
101,1844,642436,1784.5444444444445,NORMAL,N,,,,642422,642451,642517,642552,642580,normal
101,1845,642811,1785.5861111111112,NORMAL,N,,,,642798,642825,642891,642927,642960,normal
101,1846,643176,1786.6,NORMAL,N,,,,643160,643189,643254,643291,643325,normal
101,1847,643541,1787.6138888888888,NORMAL,N,,,,643527,643561,643615,643648,643680,normal
101,1848,643899,1788.6083333333333,NORMAL,N,,,,643886,643913,643976,644009,644039,normal
101,1849,644266,1789.6277777777777,NORMAL,N,,,,644253,644279,644341,644373,644404,normal
101,1850,644628,1790.6333333333334,NORMAL,N,,,,644616,644642,644708,644741,644771,normal
101,1851,645012,1791.7,NORMAL,N,,,,644997,645033,645097,645134,645168,normal
101,1852,645395,1792.763888888889,NORMAL,N,,,,645381,645407,645471,645507,645542,normal
101,1853,645748,1793.7444444444445,NORMAL,N,,,,645735,645761,645824,645856,645888,normal
101,1854,646098,1794.7166666666667,NORMAL,N,,,,646083,646112,646175,646208,646236,normal
101,1855,646450,1795.6944444444443,NORMAL,N,,,,646436,646478,646528,646564,646594,normal
101,1856,646820,1796.7222222222222,NORMAL,N,646715,646739,646761,646807,646834,646901,646938,646973,normal
101,1857,647194,1797.7611111111112,NORMAL,N,,,,647180,647215,647277,647312,647343,normal
101,1858,647568,1798.8,NORMAL,N,647447,647479,647511,647555,647581,647648,647685,647716,normal
101,1859,647934,1799.8166666666666,NORMAL,N,,,,647919,647947,648010,648047,648076,normal
101,1860,648291,1800.8083333333334,NORMAL,N,,,,648278,648305,648367,648402,648433,normal
101,1861,648646,1801.7944444444445,NORMAL,N,,,,648632,648666,648677,648756,648792,biphasic_negative_positive
101,1862,649003,1802.786111111111,NORMAL,N,648897,648914,648944,648990,649016,649080,649116,649148,normal
101,1863,649371,1803.8083333333334,NORMAL,N,649269,649289,649310,649357,649385,649448,649488,649521,normal
