record,beat_number,qrs_sample,qrs_seconds,qrs_annotation,qrs_symbol,p_onset_sample,p_peak_sample,p_offset_sample,qrs_onset_sample,qrs_offset_sample,t_onset_sample,t_peak_sample,t_offset_sample,t_wave_type
123,1,551,1.5305555555555554,NORMAL,N,463,479,499,526,568,631,663,693,normal
123,2,1022,2.838888888888889,NORMAL,N,934,950,970,1004,1036,1099,1133,1162,normal
123,3,1499,4.163888888888889,NORMAL,N,1410,1427,1448,1483,1514,1574,1611,1642,normal
123,4,1926,5.35,NORMAL,N,1835,1853,1873,1906,1943,1998,2035,2063,normal
123,5,2341,6.502777777777778,NORMAL,N,2247,2264,2284,2323,2357,2420,2453,2483,normal
123,6,2822,7.838888888888889,NORMAL,N,2733,2751,2772,2805,2837,2900,2934,2962,normal
123,7,3260,9.055555555555555,NORMAL,N,3166,3186,3205,3239,3280,3343,3374,3401,normal
123,8,3668,10.188888888888888,NORMAL,N,3576,3593,3612,3647,3684,3746,3777,3806,normal
123,9,4155,11.541666666666666,NORMAL,N,4062,4080,4104,4137,4170,4236,4271,4300,normal
123,10,4631,12.863888888888889,NORMAL,N,4539,4558,4578,4609,4648,4705,4742,4771,normal
123,11,5072,14.088888888888889,NORMAL,N,4979,4996,5016,5052,5092,5151,5190,5218,normal
123,12,5595,15.541666666666666,NORMAL,N,5504,5522,5544,5579,5609,5675,5709,5739,normal
123,13,6074,16.872222222222224,NORMAL,N,5979,5998,6020,6051,6092,6156,6186,6215,normal
123,14,6512,18.08888888888889,NORMAL,N,6421,6439,6457,6493,6528,6588,6624,6655,normal
123,15,6992,19.42222222222222,NORMAL,N,6898,6916,6938,6973,7007,7071,7108,7137,normal
123,16,7475,20.76388888888889,NORMAL,N,7381,7400,7421,7455,7492,7552,7588,7619,normal
123,17,7922,22.005555555555556,NORMAL,N,7826,7843,7862,7899,7939,7996,8038,8069,normal
123,18,8410,23.36111111111111,NORMAL,N,8314,8334,8355,8390,8424,8491,8525,8555,normal
123,19,8893,24.70277777777778,NORMAL,N,8799,8819,8842,8872,8913,8975,9008,9039,normal
123,20,9327,25.908333333333335,NORMAL,N,9239,9254,9273,9304,9346,9408,9442,9470,normal
123,21,9794,27.205555555555556,NORMAL,N,9701,9719,9741,9773,9809,9872,9910,9941,normal
123,22,10274,28.538888888888888,NORMAL,N,10182,10201,10222,10254,10292,10351,10388,10420,normal
123,23,10714,29.761111111111113,NORMAL,N,10622,10639,10658,10696,10732,10791,10832,10862,normal
123,24,11199,31.108333333333334,NORMAL,N,11106,11124,11144,11177,11214,11281,11313,11342,normal
123,25,11682,32.45,NORMAL,N,11588,11607,11629,11658,11701,11764,11799,11833,normal
123,26,12146,33.73888888888889,NORMAL,N,12054,12072,12091,12126,12164,12222,12260,12291,normal
123,27,12636,35.1,NORMAL,N,12543,12561,12582,12607,12651,12715,12755,12783,normal
123,28,13115,36.43055555555556,NORMAL,N,13022,13041,13060,13098,13132,13190,13228,13259,normal
123,29,13531,37.58611111111111,NORMAL,N,13439,13458,13478,13507,13550,13612,13649,13681,normal
123,30,13993,38.86944444444445,NORMAL,N,13901,13920,13940,13976,14007,14069,14105,14138,normal
123,31,14439,40.108333333333334,NORMAL,N,14351,14368,14389,14420,14459,14517,14556,14586,normal
123,32,14849,41.24722222222222,NORMAL,N,14761,14777,14800,14829,14867,14925,14961,14991,normal
123,33,15277,42.43611111111111,NORMAL,N,15184,15200,15225,15249,15292,15352,15390,15420,normal
123,34,15722,43.672222222222224,NORMAL,N,15632,15649,15674,15704,15738,15797,15833,15862,normal
123,35,16112,44.75555555555555,NORMAL,N,16023,16038,16061,16090,16130,16185,16226,16256,normal
123,36,16513,45.86944444444445,NORMAL,N,16417,16435,16459,16496,16529,16591,16628,16654,normal
123,37,16949,47.080555555555556,NORMAL,N,16856,16871,16895,16919,16965,17026,17063,17093,normal
123,38,17353,48.202777777777776,NORMAL,N,17261,17280,17301,17336,17371,17435,17469,17497,normal
123,39,17740,49.27777777777778,NORMAL,N,17649,17666,17688,17711,17756,17818,17852,17880,normal
123,40,18195,50.541666666666664,NORMAL,N,18105,18121,18144,18178,18210,18274,18309,18339,normal
123,41,18621,51.725,NORMAL,N,18535,18550,18570,18600,18640,18699,18734,18761,normal
123,42,19027,52.852777777777774,NORMAL,N,18936,18952,18975,19008,19042,19104,19139,19169,normal
123,43,19493,54.147222222222226,NORMAL,N,19402,19419,19441,19475,19507,19572,19606,19636,normal
123,44,19916,55.32222222222222,NORMAL,N,19825,19844,19865,19897,19932,19989,20024,20055,normal
123,45,20319,56.44166666666667,NORMAL,N,20227,20243,20267,20294,20334,20391,20431,20460,normal
123,46,20755,57.65277777777778,NORMAL,N,20664,20681,20703,20736,20770,20833,20869,20900,normal
123,47,21166,58.794444444444444,NORMAL,N,21072,21089,21111,21145,21185,21247,21281,21310,normal
123,48,21555,59.875,NORMAL,N,21464,21479,21502,21539,21572,21633,21664,21695,normal
123,49,22002,61.11666666666667,NORMAL,N,21909,21925,21949,21985,22017,22082,22119,22147,normal
123,50,22458,62.38333333333333,NORMAL,N,22367,22384,22405,22440,22475,22537,22570,22598,normal
123,51,22874,63.53888888888889,NORMAL,N,22787,22801,22822,22851,22892,22956,22989,23019,normal
123,52,23323,64.78611111111111,NORMAL,N,23232,23249,23272,23305,23338,23401,23435,23463,normal
123,53,23760,66.0,NORMAL,N,23669,23687,23709,23741,23780,23840,23875,23906,normal
123,54,24175,67.15277777777777,NORMAL,N,24086,24103,24123,24159,24191,24254,24287,24317,normal
123,55,24618,68.38333333333334,NORMAL,N,24530,24545,24568,24601,24633,24696,24734,24764,normal
123,56,25063,69.61944444444444,NORMAL,N,24975,24992,25013,25047,25080,25139,25176,25206,normal
123,57,25466,70.7388888888889,NORMAL,N,25375,25391,25412,25446,25484,25539,25573,25603,normal
123,58,25915,71.98611111111111,NORMAL,N,25826,25842,25865,25890,25929,25989,26025,26055,normal
123,59,26351,73.19722222222222,NORMAL,N,26261,26278,26300,26333,26368,26431,26463,26494,normal
123,60,26747,74.29722222222222,NORMAL,N,26653,26671,26692,26728,26765,26824,26859,26890,normal
123,61,27121,75.33611111111111,NORMAL,N,27032,27049,27070,27103,27140,27201,27232,27265,normal
123,62,27477,76.325,NORMAL,N,27392,27404,27425,27451,27496,27558,27592,27621,normal
123,63,27841,77.33611111111111,NORMAL,N,27753,27769,27793,27823,27856,27916,27949,27980,normal
123,64,28201,78.33611111111111,NORMAL,N,28111,28126,28150,28182,28219,28277,28308,28337,normal
123,65,28542,79.28333333333333,NORMAL,N,28449,28465,28488,28520,28560,28623,28653,28685,normal
123,66,28910,80.30555555555556,NORMAL,N,28819,28835,28858,28892,28925,28991,29022,29050,normal
123,67,29290,81.36111111111111,NORMAL,N,29199,29214,29238,29265,29308,29366,29401,29432,normal
123,68,29660,82.38888888888889,NORMAL,N,29569,29587,29607,29637,29678,29732,29770,29799,normal
123,69,30067,83.51944444444445,NORMAL,N,29973,29990,30014,30045,30083,30143,30177,30205,normal
123,70,30545,84.84722222222223,NORMAL,N,30454,30471,30495,30525,30564,30620,30658,30687,normal
123,71,31002,86.11666666666666,NORMAL,N,30912,30927,30949,30982,31020,31076,31111,31138,normal
123,72,31472,87.42222222222222,NORMAL,N,31381,31398,31420,31451,31487,31549,31584,31612,normal
123,73,31935,88.70833333333333,NORMAL,N,31845,31863,31884,31907,31951,32012,32050,32080,normal
123,74,32366,89.90555555555555,NORMAL,N,32276,32291,32313,32350,32381,32444,32481,32509,normal
123,75,32800,91.11111111111111,NORMAL,N,32710,32726,32748,32782,32814,32875,32911,32940,normal
123,76,33258,92.38333333333334,NORMAL,N,33166,33183,33206,33239,33275,33338,33375,33403,normal
123,77,33675,93.54166666666667,NORMAL,N,33584,33601,33623,33659,33692,33753,33790,33818,normal
123,78,34102,94.72777777777777,NORMAL,N,34009,34026,34050,34080,34118,34179,34217,34247,normal
123,79,34547,95.96388888888889,NORMAL,N,34460,34476,34499,34524,34563,34623,34660,34688,normal
123,80,34954,97.09444444444445,NORMAL,N,34862,34880,34901,34932,34973,35036,35069,35100,normal
123,81,35374,98.2611111111111,NORMAL,N,35285,35300,35323,35354,35390,35451,35485,35511,normal
123,82,35878,99.66111111111111,NORMAL,N,35789,35806,35826,35857,35893,35960,35995,36026,normal
123,83,36305,100.84722222222223,NORMAL,N,36217,36233,36252,36289,36324,36383,36417,36445,normal
123,84,36713,101.98055555555555,NORMAL,N,36625,36641,36662,36696,36728,36792,36824,36853,normal
123,85,37219,103.3861111111111,NORMAL,N,37129,37147,37167,37201,37233,37296,37330,37359,normal
123,86,37644,104.56666666666666,NORMAL,N,37560,37573,37589,37613,37662,37749,37760,37788,normal
123,87,38032,105.64444444444445,NORMAL,N,37940,37963,37985,38016,38048,38119,38144,38169,normal
123,88,38395,106.65277777777777,NORMAL,N,38315,38325,38344,38379,38412,38473,38507,38542,normal
123,89,38744,107.62222222222222,NORMAL,N,38654,38667,38696,38728,38763,38822,38959,38972,biphasic_positive_negative
123,90,39105,108.625,NORMAL,N,39038,39054,39064,39076,39119,39181,39279,39288,biphasic_positive_negative
123,91,39481,109.66944444444445,NORMAL,N,39393,39406,39429,39460,39499,39553,39587,39616,normal
123,92,39845,110.68055555555556,NORMAL,N,39749,39767,39791,39829,39861,39918,39951,39984,normal
123,93,40227,111.74166666666666,NORMAL,N,40133,40150,40174,40206,40244,40302,40337,40364,normal
123,94,40626,112.85,NORMAL,N,40532,40550,40572,40601,40644,40706,40739,40768,normal
123,95,41018,113.93888888888888,NORMAL,N,40931,40946,40967,40999,41036,41096,41132,41160,normal
123,96,41513,115.31388888888888,NORMAL,N,41421,41437,41461,41490,41528,41591,41630,41660,normal
123,97,42011,116.69722222222222,NORMAL,N,41921,41937,41959,41993,42031,42090,42127,42158,normal
123,98,42493,118.03611111111111,NORMAL,N,42402,42419,42441,42474,42509,42571,42610,42640,normal
123,99,42986,119.40555555555555,NORMAL,N,42894,42911,42933,42967,43002,43063,43100,43131,normal
123,100,43421,120.6138888888889,NORMAL,N,43332,43349,43369,43400,43439,43501,43538,43568,normal
123,101,43865,121.84722222222223,NORMAL,N,43777,43792,43814,43843,43882,43940,43979,44007,normal
123,102,44332,123.14444444444445,NORMAL,N,44240,44259,44281,44311,44351,44415,44451,44480,normal
123,103,44752,124.31111111111112,NORMAL,N,44667,44682,44701,44733,44771,44832,44867,44897,normal
123,104,45143,125.39722222222223,NORMAL,N,45057,45073,45095,45117,45159,45217,45251,45281,normal
123,105,45561,126.55833333333334,NORMAL,N,45471,45487,45512,45536,45577,45639,45672,45700,normal
123,106,46009,127.80277777777778,NORMAL,N,45921,45938,45958,45991,46026,46087,46123,46150,normal
123,107,46430,128.97222222222223,NORMAL,N,46337,46353,46376,46411,46446,46509,46541,46572,normal
123,108,46875,130.20833333333334,NORMAL,N,46784,46800,46822,46857,46889,46953,46988,47017,normal
123,109,47333,131.48055555555555,NORMAL,N,47240,47257,47281,47314,47353,47416,47449,47476,normal
123,110,47701,132.50277777777777,NORMAL,N,47611,47628,47649,47685,47719,47777,47814,47842,normal
123,111,48067,133.51944444444445,NORMAL,N,47980,47995,48019,48047,48085,48146,48180,48212,normal
123,112,48434,134.5388888888889,NORMAL,N,48344,48363,48383,48407,48451,48511,48542,48569,normal
123,113,48814,135.59444444444443,NORMAL,N,48722,48737,48762,48791,48831,48892,48925,48953,normal
123,114,49340,137.05555555555554,NORMAL,N,49246,49266,49286,49319,49355,49414,49449,49478,normal
123,115,49808,138.35555555555555,NORMAL,N,49717,49735,49754,49788,49827,49884,49920,49950,normal
123,116,50289,139.69166666666666,NORMAL,N,50198,50218,50238,50257,50304,50366,50400,50430,normal
123,117,50767,141.01944444444445,NORMAL,N,50679,50697,50716,50749,50785,50843,50877,50906,normal
123,118,51213,142.25833333333333,NORMAL,N,51122,51141,51160,51193,51231,51289,51325,51354,normal
123,119,51684,143.56666666666666,NORMAL,N,51592,51610,51631,51662,51699,51761,51797,51828,normal
123,120,52163,144.8972222222222,NORMAL,N,52074,52089,52108,52142,52182,52240,52275,52305,normal
123,121,52588,146.07777777777778,NORMAL,N,52498,52515,52535,52562,52605,52666,52700,52729,normal
123,122,53079,147.44166666666666,NORMAL,N,52985,53004,53025,53054,53093,53155,53191,53219,normal
123,123,53546,148.73888888888888,NORMAL,N,53458,53474,53494,53523,53564,53622,53656,53684,normal
123,124,53960,149.88888888888889,NORMAL,N,53867,53887,53908,53941,53978,54037,54072,54100,normal
123,125,54399,151.10833333333332,NORMAL,N,54310,54324,54348,54376,54415,54472,54512,54540,normal
123,126,54868,152.4111111111111,NORMAL,N,54776,54792,54816,54845,54885,54949,54984,55015,normal
123,127,55298,153.60555555555555,NORMAL,N,55211,55225,55246,55276,55317,55375,55412,55437,normal
123,128,55716,154.76666666666668,NORMAL,N,55621,55636,55660,55696,55731,55793,55831,55861,normal
123,129,56186,156.07222222222222,NORMAL,N,56095,56112,56135,56165,56204,56262,56299,56328,normal
123,130,56567,157.13055555555556,NORMAL,N,56478,56495,56515,56549,56586,56647,56681,56714,normal
123,131,56948,158.1888888888889,NORMAL,N,56859,56874,56897,56922,56963,57028,57058,57088,normal
123,132,57344,159.2888888888889,NORMAL,N,57251,57268,57292,57318,57361,57424,57455,57485,normal
123,133,57763,160.45277777777778,NORMAL,N,57672,57686,57708,57739,57779,57837,57872,57902,normal
123,134,58306,161.9611111111111,NORMAL,N,58213,58234,58255,58289,58320,58383,58420,58451,normal
123,135,58810,163.36111111111111,NORMAL,N,58721,58738,58757,58794,58827,58891,58923,58954,normal
123,136,59268,164.63333333333333,NORMAL,N,59178,59197,59217,59250,59283,59345,59382,59409,normal
123,137,59748,165.96666666666667,NORMAL,N,59657,59676,59696,59731,59763,59825,59863,59892,normal
123,138,60203,167.23055555555555,NORMAL,N,60114,60131,60150,60187,60220,60281,60320,60351,normal
123,139,60640,168.44444444444446,NORMAL,N,60551,60567,60587,60620,60655,60719,60754,60782,normal
123,140,61110,169.75,NORMAL,N,61020,61038,61058,61089,61124,61191,61225,61256,normal
123,141,61539,170.94166666666666,NORMAL,N,61452,61468,61488,61520,61556,61616,61652,61681,normal
123,142,61936,172.04444444444445,NORMAL,N,61845,61862,61882,61906,61951,62010,62043,62072,normal
123,143,62360,173.22222222222223,NORMAL,N,62265,62282,62307,62337,62375,62437,62469,62500,normal
123,144,62774,174.37222222222223,NORMAL,N,62684,62701,62723,62757,62789,62853,62885,62918,normal
123,145,63169,175.46944444444443,NORMAL,N,63079,63094,63114,63153,63187,63250,63285,63315,normal
123,146,63567,176.575,NORMAL,N,63476,63493,63514,63549,63584,63646,63682,63712,normal
123,147,64064,177.95555555555555,NORMAL,N,63971,63988,64011,64043,64079,64147,64185,64213,normal
123,148,64538,179.2722222222222,NORMAL,N,64448,64463,64484,64521,64555,64617,64653,64682,normal
123,149,64940,180.38888888888889,NORMAL,N,64851,64867,64888,64920,64958,65018,65056,65087,normal
123,150,65418,181.71666666666667,NORMAL,N,65328,65343,65367,65398,65432,65497,65532,65561,normal
123,151,65873,182.98055555555555,NORMAL,N,65783,65801,65823,65855,65888,65952,65989,66020,normal
123,152,66257,184.04722222222222,NORMAL,N,66173,66188,66208,66240,66274,66334,66368,66398,normal
123,153,66622,185.0611111111111,NORMAL,N,66534,66549,66573,66601,66640,66697,66731,66762,normal
123,154,66991,186.0861111111111,NORMAL,N,66898,66914,66938,66971,67011,67069,67102,67134,normal
123,155,67347,187.075,NORMAL,N,67256,67272,67294,67323,67364,67422,67457,67489,normal
123,156,67718,188.10555555555555,NORMAL,N,67628,67643,67666,67694,67734,67799,67831,67862,normal
123,157,68229,189.525,NORMAL,N,68136,68155,68175,68210,68245,68306,68341,68369,normal
123,158,68706,190.85,NORMAL,N,68613,68630,68652,68688,68721,68792,68824,68855,normal
123,159,69207,192.24166666666667,NORMAL,N,69113,69134,69156,69184,69222,69282,69320,69350,normal
123,160,69680,193.55555555555554,NORMAL,N,69589,69604,69623,69663,69698,69763,69797,69828,normal
123,161,70152,194.86666666666667,NORMAL,N,70061,70080,70101,70132,70167,70232,70268,70297,normal
123,162,70651,196.25277777777777,NORMAL,N,70559,70577,70598,70634,70666,70727,70764,70791,normal
123,163,71095,197.48611111111111,NORMAL,N,71007,71024,71042,71079,71112,71172,71209,71238,normal
123,164,71531,198.69722222222222,NORMAL,N,71436,71455,71477,71512,71545,71609,71645,71673,normal
123,165,72011,200.03055555555557,NORMAL,N,71920,71939,71961,71993,72025,72088,72124,72153,normal
123,166,72464,201.2888888888889,NORMAL,N,72371,72388,72407,72438,72482,72543,72580,72608,normal
123,167,72887,202.4638888888889,NORMAL,N,72794,72811,72832,72869,72902,72967,73002,73033,normal
123,168,73329,203.69166666666666,NORMAL,N,73238,73254,73277,73306,73345,73411,73446,73477,normal
123,169,73742,204.8388888888889,NORMAL,N,73651,73669,73692,73722,73762,73821,73856,73886,normal
123,170,74136,205.93333333333334,NORMAL,N,74044,74063,74083,74119,74152,74215,74251,74283,normal
123,171,74600,207.22222222222223,NORMAL,N,74514,74529,74550,74576,74614,74678,74714,74742,normal
123,172,75009,208.35833333333332,NORMAL,N,74923,74939,74960,74984,75026,75088,75121,75151,normal
123,173,75379,209.38611111111112,NORMAL,N,75292,75306,75329,75356,75397,75456,75489,75519,normal
123,174,75760,210.44444444444446,NORMAL,N,75668,75685,75708,75739,75779,75839,75868,75898,normal
123,175,76129,211.46944444444443,NORMAL,N,76037,76053,76075,76112,76145,76209,76243,76273,normal
123,176,76634,212.87222222222223,NORMAL,N,76542,76561,76582,76616,76649,76711,76749,76780,normal
123,177,77110,214.19444444444446,NORMAL,N,77015,77032,77053,77086,77128,77192,77227,77257,normal
123,178,77578,215.49444444444444,NORMAL,N,77482,77501,77522,77554,77593,77658,77690,77720,normal
123,179,78073,216.86944444444444,NORMAL,N,77976,77996,78018,78047,78091,78155,78191,78222,normal
123,180,78530,218.13888888888889,NORMAL,N,78439,78455,78475,78513,78547,78612,78643,78671,normal
123,181,78985,219.40277777777777,NORMAL,N,78891,78910,78931,78959,78999,79064,79101,79128,normal
123,182,79431,220.64166666666668,NORMAL,N,79342,79360,79380,79415,79447,79508,79544,79573,normal
123,183,79839,221.775,NORMAL,N,79750,79766,79785,79813,79855,79918,79956,79989,normal
123,184,80299,223.05277777777778,NORMAL,N,80206,80227,80248,80269,80313,80376,80412,80443,normal
123,185,80729,224.24722222222223,NORMAL,N,80637,80655,80675,80712,80746,80812,80847,80877,normal
123,186,81138,225.38333333333333,NORMAL,N,81051,81067,81086,81120,81157,81218,81252,81284,normal
123,187,81558,226.55,NORMAL,N,81469,81485,81508,81541,81572,81633,81669,81697,normal
123,188,82011,227.80833333333334,NORMAL,N,81922,81939,81961,81986,82027,82089,82122,82152,normal
123,189,82406,228.90555555555557,NORMAL,N,82317,82332,82353,82383,82423,82484,82519,82550,normal
123,190,82804,230.01111111111112,NORMAL,N,82709,82727,82751,82779,82822,82884,82917,82945,normal
123,191,83172,231.03333333333333,NORMAL,N,83082,83099,83123,83151,83190,83249,83283,83313,normal
123,192,83527,232.01944444444445,NORMAL,N,83439,83454,83474,83510,83543,83604,83639,83668,normal
123,193,83904,233.06666666666666,NORMAL,N,83814,83831,83854,83884,83919,83979,84013,84046,normal
123,194,84268,234.07777777777778,NORMAL,N,84174,84191,84213,84251,84286,84343,84376,84405,normal
123,195,84655,235.15277777777777,NORMAL,N,84562,84578,84601,84629,84671,84733,84766,84795,normal
123,196,85146,236.51666666666668,NORMAL,N,85056,85070,85096,85129,85162,85226,85261,85290,normal
123,197,85615,237.81944444444446,NORMAL,N,85523,85538,85561,85589,85632,85695,85731,85762,normal
123,198,86106,239.18333333333334,NORMAL,N,86016,86033,86055,86081,86121,86185,86221,86248,normal
123,199,86591,240.53055555555557,NORMAL,N,86496,86516,86536,86573,86610,86671,86707,86738,normal
123,200,87026,241.73888888888888,NORMAL,N,86934,86955,86973,87006,87045,87104,87140,87169,normal
123,201,87456,242.93333333333334,NORMAL,N,87363,87379,87404,87437,87471,87535,87570,87602,normal
123,202,87921,244.225,NORMAL,N,87833,87850,87871,87895,87937,88000,88034,88063,normal
123,203,88347,245.40833333333333,NORMAL,N,88258,88275,88294,88328,88367,88428,88465,88493,normal
123,204,88780,246.61111111111111,NORMAL,N,88688,88706,88729,88760,88795,88857,88892,88922,normal
123,205,89229,247.85833333333332,NORMAL,N,89140,89155,89177,89204,89245,89308,89348,89378,normal
123,206,89654,249.0388888888889,NORMAL,N,89565,89581,89602,89637,89672,89730,89768,89796,normal
123,207,90070,250.19444444444446,NORMAL,N,89982,89998,90020,90053,90085,90146,90183,90213,normal
123,208,90544,251.51111111111112,NORMAL,N,90455,90472,90494,90525,90559,90623,90657,90689,normal
123,209,90976,252.7111111111111,NORMAL,N,90886,90904,90925,90957,90996,91055,91091,91122,normal
123,210,91384,253.84444444444443,NORMAL,N,91294,91311,91333,91365,91402,91462,91496,91523,normal
123,211,91829,255.08055555555555,NORMAL,N,91738,91756,91781,91810,91843,91907,91940,91968,normal
123,212,92287,256.35277777777776,NORMAL,N,92195,92213,92236,92266,92305,92366,92398,92425,normal
123,213,92701,257.5027777777778,NORMAL,N,92611,92628,92648,92684,92718,92781,92813,92841,normal
123,214,93194,258.8722222222222,NORMAL,N,93105,93120,93143,93176,93209,93267,93305,93335,normal
123,215,93637,260.10277777777776,NORMAL,N,93541,93557,93578,93600,93646,93706,93742,93773,normal
123,216,94039,261.21944444444443,NORMAL,N,93945,93962,93983,94019,94059,94121,94153,94186,normal
123,217,94492,262.47777777777776,NORMAL,N,94402,94417,94441,94475,94506,94571,94604,94634,normal
123,218,94949,263.7472222222222,NORMAL,N,94848,94865,94887,94920,94959,95018,95056,95087,normal
123,219,95356,264.8777777777778,NORMAL,N,95255,95273,95293,95327,95367,95427,95463,95493,normal
123,220,95808,266.1333333333333,NORMAL,N,95711,95726,95749,95774,95814,95880,95915,95945,normal
123,221,96253,267.36944444444447,NORMAL,N,96155,96172,96193,96228,96261,96324,96359,96390,normal
123,222,96662,268.50555555555553,NORMAL,N,96563,96580,96602,96627,96670,96729,96765,96794,normal
123,223,97114,269.7611111111111,NORMAL,N,97018,97033,97058,97089,97121,97187,97220,97250,normal
123,224,97514,270.8722222222222,NORMAL,N,97418,97434,97457,97490,97523,97583,97617,97646,normal
123,225,97891,271.9194444444444,NORMAL,N,97790,97807,97830,97863,97900,97957,97992,98023,normal
123,226,98260,272.94444444444446,NORMAL,N,98161,98179,98200,98235,98269,98332,98366,98394,normal
123,227,98616,273.93333333333334,NORMAL,N,98520,98535,98555,98584,98624,98684,98721,98752,normal
123,228,98979,274.94166666666666,NORMAL,N,98882,98899,98920,98945,98986,99049,99083,99112,normal
123,229,99326,275.90555555555557,NORMAL,N,,,,99312,99344,99399,99436,99465,normal
123,230,99687,276.90833333333336,NORMAL,N,99592,99610,99632,99673,99704,99766,99800,99830,normal
123,231,100047,277.90833333333336,NORMAL,N,99957,99973,99998,100034,100065,100124,100157,100185,normal
123,232,100411,278.9194444444444,NORMAL,N,100321,100337,100359,100397,100427,100484,100524,100552,normal
123,233,100917,280.325,NORMAL,N,100825,100842,100864,100902,100931,100996,101028,101059,normal
123,234,101374,281.59444444444443,NORMAL,N,101286,101303,101320,101360,101392,101448,101537,101558,biphasic_positive_negative
123,235,101843,282.89722222222224,NORMAL,N,101752,101770,101791,101829,101858,101919,101955,101984,normal
123,236,102339,284.275,NORMAL,N,102245,102265,102283,102326,102359,102419,102457,102488,normal
123,237,102792,285.53333333333336,NORMAL,N,102707,102721,102738,102779,102811,102870,102949,102978,biphasic_positive_negative
123,238,103271,286.8638888888889,NORMAL,N,103178,103196,103216,103256,103286,103350,103391,103420,normal
123,239,103769,288.2472222222222,NORMAL,N,103677,103695,103713,103755,103787,103847,103885,103913,normal
123,240,104212,289.47777777777776,NORMAL,N,104123,104139,104157,104199,104232,104288,104330,104360,normal
123,241,104663,290.73055555555555,NORMAL,N,104569,104589,104611,104649,104677,104741,104776,104806,normal
123,242,105121,292.0027777777778,NORMAL,N,105029,105047,105069,105106,105136,105200,105236,105268,normal
123,243,105542,293.1722222222222,NORMAL,N,105452,105468,105490,105529,105558,105619,105656,105685,normal
123,244,105989,294.4138888888889,NORMAL,N,105898,105915,105939,105976,106004,106071,106108,106137,normal
123,245,106468,295.74444444444447,NORMAL,N,106377,106395,106419,106454,106487,106546,106583,106613,normal
123,246,106908,296.96666666666664,NORMAL,N,106821,106838,106857,106894,106925,106986,107025,107052,normal
123,247,107363,298.23055555555555,NORMAL,N,107270,107286,107311,107348,107378,107439,107477,107507,normal
123,248,107842,299.56111111111113,NORMAL,N,107751,107768,107789,107828,107860,107921,107959,107988,normal
123,249,108287,300.7972222222222,NORMAL,N,108198,108213,108232,108274,108304,108367,108401,108430,normal
123,250,108743,302.06388888888887,NORMAL,N,108654,108669,108693,108729,108758,108824,108859,108889,normal
123,251,109232,303.4222222222222,NORMAL,N,109141,109160,109180,109219,109252,109310,109347,109378,normal
123,252,109661,304.6138888888889,NORMAL,N,109574,109591,109609,109647,109676,109737,109775,109804,normal
123,253,110131,305.9194444444444,NORMAL,N,110038,110058,110078,110117,110146,110206,110244,110276,normal
123,254,110593,307.2027777777778,NORMAL,N,110503,110521,110540,110579,110611,110668,110709,110739,normal
123,255,111015,308.375,NORMAL,N,110928,110942,110961,111001,111032,111088,111128,111158,normal
123,256,111464,309.6222222222222,NORMAL,N,111375,111391,111414,111450,111478,111542,111579,111609,normal
123,257,111889,310.8027777777778,NORMAL,N,111802,111819,111841,111875,111907,111970,112002,112031,normal
123,258,112253,311.81388888888887,NORMAL,N,112165,112182,112201,112239,112270,112329,112360,112389,normal
123,259,112612,312.81111111111113,NORMAL,N,112521,112537,112560,112598,112629,112694,112727,112755,normal
123,260,112980,313.8333333333333,NORMAL,N,112889,112905,112929,112966,112999,113058,113091,113119,normal
123,261,113337,314.825,NORMAL,N,113247,113263,113283,113323,113353,113417,113450,113479,normal
123,262,113753,315.98055555555555,NORMAL,N,113659,113675,113700,113739,113767,113828,113863,113891,normal
123,263,114279,317.44166666666666,NORMAL,N,114191,114207,114228,114266,114296,114358,114396,114424,normal
123,264,114761,318.78055555555557,NORMAL,N,114670,114689,114709,114748,114778,114837,114873,114902,normal
123,265,115242,320.1166666666667,NORMAL,N,115154,115172,115193,115228,115258,115320,115357,115386,normal
123,266,115700,321.3888888888889,NORMAL,N,115611,115628,115648,115686,115716,115775,115813,115842,normal
123,267,116157,322.65833333333336,NORMAL,N,116061,116082,116102,116142,116172,116234,116272,116302,normal
123,268,116636,323.9888888888889,NORMAL,N,116548,116564,116585,116622,116653,116716,116750,116779,normal
123,269,117079,325.21944444444443,NORMAL,N,116991,117007,117026,117065,117097,117154,117195,117226,normal
123,270,117521,326.4472222222222,NORMAL,N,117428,117447,117470,117507,117535,117602,117634,117663,normal
123,271,117976,327.7111111111111,NORMAL,N,117888,117905,117927,117962,117994,118050,118086,118115,normal
123,272,118393,328.86944444444447,NORMAL,N,118304,118320,118340,118378,118410,118467,118505,118536,normal
123,273,118852,330.14444444444445,NORMAL,N,118760,118777,118800,118838,118866,118928,118966,118996,normal
123,274,119322,331.45,NORMAL,N,119230,119248,119270,119309,119338,119398,119435,119467,normal
123,275,119746,332.6277777777778,NORMAL,N,119656,119672,119692,119732,119762,119821,119857,119887,normal
123,276,120207,333.90833333333336,NORMAL,N,120115,120131,120154,120193,120221,120286,120322,120353,normal
123,277,120664,335.1777777777778,NORMAL,N,120574,120591,120612,120650,120682,120745,120776,120803,normal
123,278,121085,336.34722222222223,NORMAL,N,120992,121009,121030,121072,121100,121163,121200,121230,normal
123,279,121558,337.6611111111111,NORMAL,N,121469,121483,121507,121544,121574,121634,121670,121701,normal
123,280,122020,338.94444444444446,NORMAL,N,121930,121948,121967,122006,122039,122099,122136,122168,normal
123,281,122441,340.1138888888889,NORMAL,N,122350,122367,122388,122427,122456,122518,122551,122581,normal
123,282,122873,341.31388888888887,NORMAL,N,122778,122795,122819,122858,122888,122952,122990,123021,normal
123,283,123262,342.39444444444445,NORMAL,N,123174,123188,123210,123248,123280,123340,123375,123407,normal
123,284,123618,343.3833333333333,NORMAL,N,123531,123547,123571,123605,123634,123694,123727,123758,normal
123,285,123988,344.4111111111111,NORMAL,N,123897,123914,123937,123974,124004,124064,124097,124129,normal
123,286,124356,345.43333333333334,NORMAL,N,124267,124283,124305,124343,124373,124434,124468,124498,normal
123,287,124744,346.5111111111111,NORMAL,N,124647,124665,124689,124730,124759,124826,124859,124891,normal
123,288,125285,348.0138888888889,NORMAL,N,125193,125213,125233,125270,125300,125361,125398,125429,normal
123,289,125776,349.3777777777778,NORMAL,N,125682,125700,125718,125762,125793,125853,125893,125920,normal
123,290,126260,350.72222222222223,NORMAL,N,126167,126184,126206,126245,126274,126339,126372,126399,normal
123,291,126752,352.0888888888889,NORMAL,N,126658,126678,126699,126738,126768,126824,126863,126893,normal
123,292,127193,353.31388888888887,NORMAL,N,127107,127122,127140,127179,127211,127271,127308,127338,normal
123,293,127678,354.6611111111111,NORMAL,N,127583,127603,127625,127664,127692,127755,127792,127821,normal
123,294,128148,355.96666666666664,NORMAL,N,128057,128076,128095,128134,128167,128226,128262,128294,normal
123,295,128577,357.15833333333336,NORMAL,N,128487,128500,128521,128562,128594,128656,128692,128721,normal
123,296,129026,358.40555555555557,NORMAL,N,128931,128950,128971,129012,129041,129109,129142,129172,normal
123,297,129484,359.6777777777778,NORMAL,N,129388,129408,129428,129470,129502,129559,129599,129629,normal
123,298,129907,360.85277777777776,NORMAL,N,129813,129833,129853,129893,129924,129985,130021,130050,normal
123,299,130311,361.975,NORMAL,N,130220,130237,130260,130297,130326,130391,130427,130456,normal
123,300,130759,363.21944444444443,NORMAL,N,130671,130686,130709,130745,130775,130837,130872,130903,normal
123,301,131188,364.4111111111111,NORMAL,N,131103,131118,131139,131175,131206,131262,131303,131335,normal
123,302,131588,365.52222222222224,NORMAL,N,131501,131517,131538,131574,131605,131664,131700,131729,normal
123,303,132015,366.7083333333333,NORMAL,N,131926,131942,131967,132001,132030,132089,132122,132150,normal
123,304,132406,367.7944444444444,NORMAL,N,132312,132331,132353,132392,132423,132486,132518,132546,normal
123,305,132829,368.96944444444443,NORMAL,N,132738,132755,132780,132815,132843,132908,132942,132971,normal
123,306,133281,370.225,NORMAL,N,133190,133206,133228,133267,133301,133367,133399,133432,normal
123,307,133709,371.4138888888889,NORMAL,N,133619,133635,133657,133695,133726,133787,133821,133851,normal
123,308,134163,372.675,NORMAL,N,134070,134086,134110,134148,134177,134242,134283,134312,normal
123,309,134616,373.93333333333334,NORMAL,N,134529,134544,134564,134602,134634,134695,134730,134762,normal
123,310,135031,375.0861111111111,NORMAL,N,134940,134956,134980,135017,135047,135115,135147,135177,normal
123,311,135470,376.30555555555554,NORMAL,N,135382,135399,135420,135456,135486,135547,135581,135611,normal
123,312,135875,377.43055555555554,NORMAL,N,135787,135803,135824,135862,135893,135955,135990,136018,normal
123,313,136301,378.6138888888889,NORMAL,N,136212,136227,136251,136288,136315,136378,136411,136442,normal
123,314,136753,379.86944444444447,NORMAL,N,136664,136681,136703,136739,136770,136833,136867,136897,normal
123,315,137171,381.03055555555557,NORMAL,N,137083,137097,137119,137157,137188,137250,137283,137314,normal
123,316,137589,382.19166666666666,NORMAL,N,137496,137513,137537,137575,137605,137666,137700,137729,normal
123,317,138012,383.3666666666667,NORMAL,N,137918,137936,137960,137998,138028,138090,138123,138154,normal
123,318,138375,384.375,NORMAL,N,138287,138303,138323,138362,138393,138452,138487,138516,normal
123,319,138730,385.3611111111111,NORMAL,N,138642,138657,138680,138716,138747,138808,138843,138874,normal
123,320,139096,386.3777777777778,NORMAL,N,139006,139022,139045,139082,139111,139172,139206,139237,normal
123,321,139456,387.3777777777778,NORMAL,N,139367,139381,139405,139442,139473,139534,139565,139595,normal
123,322,139838,388.43888888888887,NORMAL,N,139743,139759,139784,139823,139854,139915,139949,139980,normal
123,323,140318,389.77222222222224,NORMAL,N,140226,140244,140268,140304,140334,140396,140430,140459,normal
123,324,140795,391.09722222222223,NORMAL,N,140703,140721,140742,140782,140812,140871,140906,140936,normal
123,325,141234,392.31666666666666,NORMAL,N,141144,141161,141183,141220,141249,141311,141347,141377,normal
123,326,141737,393.7138888888889,NORMAL,N,141644,141662,141685,141723,141754,141816,141853,141880,normal
123,327,142190,394.97222222222223,NORMAL,N,142106,142120,142141,142176,142208,142266,142303,142333,normal
123,328,142656,396.26666666666665,NORMAL,N,142565,142581,142606,142642,142671,142733,142770,142800,normal
123,329,143114,397.5388888888889,NORMAL,N,143023,143042,143061,143101,143133,143188,143224,143251,normal
123,330,143528,398.68888888888887,NORMAL,N,143434,143451,143470,143514,143545,143606,143639,143669,normal
123,331,143974,399.9277777777778,NORMAL,N,143885,143901,143924,143960,143989,144051,144087,144116,normal
123,332,144417,401.15833333333336,NORMAL,N,144325,144341,144365,144402,144434,144496,144533,144563,normal
123,333,144825,402.2916666666667,NORMAL,N,144734,144749,144772,144810,144842,144902,144936,144965,normal
123,334,145276,403.5444444444444,NORMAL,N,145182,145199,145223,145261,145291,145361,145396,145424,normal
123,335,145721,404.78055555555557,NORMAL,N,145630,145646,145671,145707,145740,145803,145835,145865,normal
123,336,146104,405.84444444444443,NORMAL,N,146017,146031,146053,146091,146122,146181,146219,146251,normal
123,337,146533,407.0361111111111,NORMAL,N,146443,146458,146482,146519,146547,146608,146644,146673,normal
123,338,146973,408.2583333333333,NORMAL,N,146882,146897,146922,146959,146989,147052,147087,147117,normal
123,339,147374,409.3722222222222,NORMAL,N,147284,147300,147321,147361,147393,147448,147483,147512,normal
123,340,147760,410.44444444444446,NORMAL,N,147667,147683,147706,147746,147775,147837,147871,147900,normal
123,341,148159,411.5527777777778,NORMAL,N,148065,148082,148105,148145,148177,148237,148271,148302,normal
123,342,148510,412.52777777777777,NORMAL,N,148423,148439,148459,148497,148529,148591,148623,148652,normal
123,343,148867,413.51944444444445,NORMAL,N,148778,148794,148817,148853,148883,148942,148977,149007,normal
123,344,149232,414.53333333333336,NORMAL,N,149143,149159,149182,149219,149248,149310,149341,149372,normal
123,345,149595,415.5416666666667,NORMAL,N,149501,149519,149542,149581,149612,149674,149707,149737,normal
123,346,149993,416.64722222222224,NORMAL,N,149898,149914,149937,149979,150008,150070,150106,150135,normal
123,347,150458,417.93888888888887,NORMAL,N,150369,150384,150407,150443,150473,150538,150572,150602,normal
123,348,150909,419.19166666666666,NORMAL,N,150815,150834,150856,150896,150928,150989,151024,151053,normal
123,349,151368,420.46666666666664,NORMAL,N,151276,151292,151318,151354,151383,151447,151483,151512,normal
123,350,151851,421.80833333333334,NORMAL,N,151759,151774,151801,151836,151867,151927,151963,151995,normal
123,351,152284,423.0111111111111,NORMAL,N,152195,152211,152232,152270,152301,,152358,152394,positive_monophasic
123,352,152471,423.53055555555557,PVC,V,,,,152438,152507,152563,152598,152621,normal
123,353,152739,424.275,NORMAL,N,152652,152688,152712,152724,152754,152813,152850,152877,normal
123,354,153139,425.3861111111111,NORMAL,N,153047,153064,153086,153126,153157,153212,153252,153281,normal
123,355,153556,426.5444444444444,NORMAL,N,153467,153482,153503,153542,153573,153635,153719,153748,biphasic_positive_negative
123,356,153966,427.68333333333334,NORMAL,N,153875,153891,153913,153952,153981,154046,154081,154109,normal
123,357,154397,428.88055555555553,NORMAL,N,154309,154326,154347,154384,154413,154472,154508,154536,normal
123,358,154793,429.98055555555555,NORMAL,N,154704,154720,154741,154779,154810,154872,154904,154932,normal
123,359,155194,431.09444444444443,NORMAL,N,155102,155118,155142,155180,155208,155268,155305,155334,normal
123,360,155624,432.2888888888889,NORMAL,N,155531,155546,155571,155609,155638,155700,155736,155765,normal
123,361,156036,433.43333333333334,NORMAL,N,155943,155961,155980,156022,156054,156110,156145,156173,normal
123,362,156443,434.56388888888887,NORMAL,N,156347,156364,156388,156429,156458,156525,156558,156591,normal
123,363,156871,435.7527777777778,NORMAL,N,156780,156795,156820,156856,156886,156945,156982,157012,normal
123,364,157234,436.7611111111111,NORMAL,N,157148,157165,157184,157221,157250,157309,157348,157375,normal
123,365,157599,437.775,NORMAL,N,157512,157526,157548,157586,157616,157673,157710,157740,normal
123,366,157964,438.7888888888889,NORMAL,N,157875,157891,157914,157951,157980,158045,158074,158104,normal
123,367,158318,439.77222222222224,NORMAL,N,158224,158241,158263,158304,158336,158395,158431,158461,normal
123,368,158695,440.81944444444446,NORMAL,N,158604,158619,158643,158681,158709,158770,158804,158835,normal
123,369,159138,442.05,NORMAL,N,159047,159063,159086,159124,159155,159219,159256,159288,normal
123,370,159590,443.30555555555554,NORMAL,N,159502,159517,159537,159577,159608,159668,159703,159735,normal
123,371,160010,444.47222222222223,NORMAL,N,159923,159938,159960,159997,160024,160082,160121,160152,normal
123,372,160448,445.68888888888887,NORMAL,N,160360,160376,160397,160434,160464,160520,160558,160588,normal
123,373,160867,446.85277777777776,NORMAL,N,160776,160792,160814,160853,160884,160942,160979,161009,normal
123,374,161297,448.0472222222222,NORMAL,N,161208,161223,161246,161284,161313,161387,161453,161459,biphasic_positive_negative
123,375,161668,449.0777777777778,NORMAL,N,161580,161595,161615,161654,161684,161746,161919,161927,biphasic_positive_negative
123,376,162031,450.0861111111111,NORMAL,N,161960,161981,162002,162017,162049,162151,162229,162278,inverted
123,377,162397,451.10277777777776,NORMAL,N,162309,162325,162368,162382,162414,162431,162521,162537,biphasic_negative_positive
123,378,162741,452.05833333333334,NORMAL,N,162655,162669,162689,162728,162758,162808,162883,162914,biphasic_positive_negative
123,379,163074,452.98333333333335,NORMAL,N,162986,163000,163020,163060,163091,163151,163231,163252,biphasic_positive_negative
123,380,163425,453.9583333333333,NORMAL,N,163338,163351,163374,163411,163442,163502,163535,163566,normal
123,381,163817,455.0472222222222,NORMAL,N,163723,163740,163763,163803,163831,163890,163927,163956,normal
123,382,164195,456.09722222222223,NORMAL,N,164102,164118,164141,164181,164210,164263,164302,164332,normal
123,383,164564,457.1222222222222,NORMAL,N,164471,164487,164512,164550,164581,164641,164674,164705,normal
123,384,164965,458.2361111111111,NORMAL,N,164866,164886,164913,164951,164981,165045,165080,165109,normal
123,385,165392,459.4222222222222,NORMAL,N,165299,165315,165340,165378,165408,165471,165506,165538,normal
123,386,165879,460.775,NORMAL,N,165788,165803,165826,165865,165897,165959,165996,166026,normal
123,387,166335,462.0416666666667,NORMAL,N,166244,166261,166284,166320,166351,166404,166447,166476,normal
123,388,166815,463.375,NORMAL,N,166722,166740,166761,166800,166831,166893,166933,166964,normal
123,389,167278,464.6611111111111,NORMAL,N,167188,167206,167225,167264,167296,167351,167391,167420,normal
123,390,167720,465.8888888888889,NORMAL,N,167626,167643,167668,167706,167738,167800,167839,167869,normal
123,391,168192,467.2,NORMAL,N,168103,168119,168142,168178,168210,168273,168306,168336,normal
123,392,168631,468.4194444444444,NORMAL,N,168540,168556,168577,168617,168649,168711,168747,168778,normal
123,393,169052,469.5888888888889,NORMAL,N,168962,168980,169002,169038,169068,169125,169164,169193,normal
123,394,169499,470.8305555555556,NORMAL,N,169407,169422,169447,169485,169515,169574,169612,169644,normal
123,395,169908,471.96666666666664,NORMAL,N,169820,169836,169858,169895,169926,169983,170017,170049,normal
123,396,170279,472.9972222222222,NORMAL,N,170190,170208,170228,170266,170297,170355,170390,170418,normal
123,397,170643,474.0083333333333,NORMAL,N,170548,170565,170591,170628,170660,170717,170752,170785,normal
123,398,170987,474.9638888888889,NORMAL,N,170897,170913,170934,170974,171003,171065,171096,171124,normal
123,399,171338,475.93888888888887,NORMAL,N,171250,171264,171287,171324,171354,171413,171447,171479,normal
123,400,171706,476.9611111111111,NORMAL,N,171613,171629,171653,171692,171721,171782,171815,171844,normal
123,401,172121,478.1138888888889,NORMAL,N,172026,172042,172067,172107,172137,172201,172234,172264,normal
123,402,172537,479.26944444444445,NORMAL,N,172444,172459,172482,172523,172554,172615,172650,172678,normal
123,403,172986,480.51666666666665,NORMAL,N,172892,172908,172934,172972,173001,173065,173097,173126,normal
123,404,173436,481.76666666666665,NORMAL,N,173342,173359,173381,173422,173453,173514,173550,173582,normal
123,405,173854,482.9277777777778,NORMAL,N,173763,173778,173801,173839,173868,173933,173966,173998,normal
123,406,174293,484.14722222222224,NORMAL,N,174195,174209,174232,174270,174300,174363,174398,174428,normal
123,407,174698,485.27222222222224,NORMAL,N,174605,174622,174652,174684,174718,174786,174805,174840,normal
123,408,175082,486.3388888888889,NORMAL,N,174984,174999,175023,175059,175089,175150,175185,175213,normal
123,409,175455,487.375,NORMAL,N,175353,175375,175395,175432,175463,175522,175556,175585,normal
123,410,175801,488.3361111111111,NORMAL,N,175711,175729,175752,175786,175817,175875,175949,175957,biphasic_positive_negative
123,411,176149,489.3027777777778,NORMAL,N,176056,176074,176097,176134,176168,176247,176305,176314,biphasic_positive_negative
123,412,176507,490.2972222222222,NORMAL,N,176408,176426,176450,176485,176516,176576,176609,176639,normal
123,413,176850,491.25,NORMAL,N,176755,176771,176793,176829,176858,176914,176947,176977,normal
123,414,177196,492.2111111111111,NORMAL,N,177093,177111,177135,177174,177204,177268,177297,177326,normal
123,415,177571,493.2527777777778,NORMAL,N,177471,177486,177509,177549,177578,177639,177671,177700,normal
123,416,178044,494.56666666666666,NORMAL,N,177943,177959,177982,178022,178055,178118,178153,178179,normal
123,417,178514,495.8722222222222,NORMAL,N,178424,178440,178461,178500,178529,178588,178624,178653,normal
123,418,179024,497.2888888888889,NORMAL,N,178916,178937,178959,179001,179031,179097,179130,179163,normal
123,419,179496,498.6,NORMAL,N,179399,179414,179435,179475,179505,179563,179602,179630,normal
123,420,179938,499.8277777777778,NORMAL,N,179839,179854,179874,179915,179945,180010,180044,180073,normal
123,421,180411,501.14166666666665,NORMAL,N,180309,180327,180350,180389,180418,180480,180515,180548,normal
123,422,180916,502.5444444444444,NORMAL,N,180813,180832,180852,180893,180927,180992,181024,181050,normal
123,423,181347,503.7416666666667,NORMAL,N,181248,181264,181285,181324,181356,181414,181451,181483,normal
123,424,181821,505.05833333333334,NORMAL,N,181718,181735,181760,181798,181828,181893,181929,181961,normal
123,425,182309,506.4138888888889,NORMAL,N,182210,182226,182250,182286,182319,182376,182414,182444,normal
123,426,182729,507.5805555555556,NORMAL,N,182628,182645,182665,182707,182739,182798,182834,182862,normal
123,427,183178,508.8277777777778,NORMAL,N,183078,183093,183118,183156,183186,183249,183282,183313,normal
123,428,183637,510.10277777777776,NORMAL,N,183537,183554,183576,183614,183645,183709,183745,183775,normal
123,429,184048,511.24444444444447,NORMAL,N,183948,183964,183987,184026,184057,184119,184152,184181,normal
123,430,184456,512.3777777777777,NORMAL,N,184355,184370,184394,184433,184464,184525,184562,184593,normal
123,431,184830,513.4166666666666,NORMAL,N,184731,184750,184767,184808,184841,184897,184933,184963,normal
123,432,185203,514.4527777777778,NORMAL,N,185104,185119,185143,185183,185211,185269,185302,185332,normal
123,433,185574,515.4833333333333,NORMAL,N,185468,185484,185510,185551,185582,185639,185675,185704,normal
123,434,185946,516.5166666666667,NORMAL,N,185846,185862,185882,185924,185955,186015,186047,186076,normal
123,435,186358,517.6611111111112,NORMAL,N,186254,186272,186296,186336,186365,186428,186465,186494,normal
123,436,186851,519.0305555555556,NORMAL,N,186752,186768,186793,186829,186860,186921,186953,186985,normal
123,437,187333,520.3694444444444,NORMAL,N,187233,187249,187270,187311,187341,187405,187442,187471,normal
123,438,187819,521.7194444444444,NORMAL,N,187719,187736,187757,187796,187826,187887,187922,187956,normal
123,439,188274,522.9833333333333,NORMAL,N,188176,188192,188212,188252,188282,188343,188380,188412,normal
123,440,188721,524.225,NORMAL,N,188622,188639,188661,188700,188729,188787,188824,188852,normal
123,441,189193,525.5361111111112,NORMAL,N,189091,189107,189131,189170,189200,189266,189301,189329,normal
123,442,189651,526.8083333333333,NORMAL,N,189553,189569,189591,189629,189659,189720,189755,189784,normal
123,443,190083,528.0083333333333,NORMAL,N,189979,189997,190022,190061,190091,190153,190194,190221,normal
123,444,190547,529.2972222222222,NORMAL,N,190447,190462,190488,190525,190556,190616,190652,190682,normal
123,445,190966,530.4611111111111,NORMAL,N,190867,190884,190904,190944,190976,191036,191076,191105,normal
123,446,191387,531.6305555555556,NORMAL,N,191288,191305,191328,191365,191394,191454,191492,191519,normal
123,447,191829,532.8583333333333,NORMAL,N,191729,191746,191769,191807,191838,191901,191937,191970,normal
123,448,192235,533.9861111111111,NORMAL,N,192139,192156,192177,192214,192244,192305,192339,192368,normal
123,449,192660,535.1666666666666,NORMAL,N,192561,192578,192601,192639,192667,192727,192766,192796,normal
123,450,193100,536.3888888888889,NORMAL,N,193003,193019,193041,193079,193108,193166,193203,193234,normal
123,451,193508,537.5222222222222,NORMAL,N,193407,193422,193444,193486,193516,193577,193609,193637,normal
123,452,193902,538.6166666666667,NORMAL,N,193797,193814,193837,193880,193909,193972,194005,194033,normal
123,453,194264,539.6222222222223,NORMAL,N,194164,194181,194202,194241,194272,194337,194367,194397,normal
123,454,194620,540.6111111111111,NORMAL,N,194521,194537,194561,194598,194629,194686,194724,194755,normal
123,455,194982,541.6166666666667,NORMAL,N,194883,194899,194924,194960,194991,195052,195082,195109,normal
123,456,195329,542.5805555555555,NORMAL,N,195227,195244,195267,195306,195337,195394,195429,195458,normal
123,457,195692,543.5888888888888,NORMAL,N,195589,195606,195630,195669,195700,195763,195798,195824,normal
123,458,196094,544.7055555555555,NORMAL,N,195994,196008,196035,196071,196103,196167,196198,196229,normal
123,459,196515,545.875,NORMAL,N,196417,196432,196453,196493,196523,196585,196619,196653,normal
123,460,197041,547.3361111111111,NORMAL,N,196941,196959,196980,197019,197048,197112,197146,197177,normal
123,461,197520,548.6666666666666,NORMAL,N,197420,197438,197458,197497,197528,197592,197683,197698,biphasic_positive_negative
123,462,197957,549.8805555555556,NORMAL,N,197856,197873,197895,197935,197965,198067,198104,198125,inverted
123,463,198348,550.9666666666667,NORMAL,N,198252,198265,198288,198326,198355,198419,198619,198651,biphasic_positive_negative
123,464,198716,551.9888888888889,NORMAL,N,,,,198695,198730,198792,198827,198856,normal
123,465,199082,553.0055555555556,NORMAL,N,,,,199058,199096,199164,199238,199258,biphasic_positive_negative
123,466,199433,553.9805555555556,NORMAL,N,,,,199414,199446,199518,199547,199577,normal
123,467,199776,554.9333333333333,NORMAL,N,,,,199764,199794,199823,199859,199915,normal
123,468,200108,555.8555555555556,NORMAL,N,,,,200085,200121,200188,200216,200251,normal
123,469,200458,556.8277777777778,NORMAL,N,,,,200445,200471,200528,200607,200655,biphasic_positive_negative
123,470,200801,557.7805555555556,NORMAL,N,,,,200788,200815,200875,200910,200940,normal
123,471,201140,558.7222222222222,NORMAL,N,,,,201119,201153,201216,201252,201280,normal
123,472,201495,559.7083333333334,NORMAL,N,,,,201482,201509,201569,201602,201634,normal
123,473,201867,560.7416666666667,NORMAL,N,,,,201853,201882,201942,201978,202008,normal
123,474,202248,561.8,NORMAL,N,,,,202221,202261,202323,202363,202392,normal
123,475,202645,562.9027777777778,NORMAL,N,,,,202619,202658,202719,202756,202785,normal
123,476,203021,563.9472222222222,NORMAL,N,,,,202993,203037,203101,203134,203161,normal
123,477,203411,565.0305555555556,NORMAL,N,,,,203388,203424,203487,203520,203547,normal
123,478,203830,566.1944444444445,NORMAL,N,,,,203808,203843,203906,203941,203969,normal
123,479,204288,567.4666666666667,NORMAL,N,,,,204265,204302,204365,204400,204433,normal
123,480,204754,568.7611111111111,NORMAL,N,,,,204732,204767,204833,204865,204894,normal
123,481,205256,570.1555555555556,NORMAL,N,,,,205239,205269,205328,205369,205397,normal
123,482,205710,571.4166666666666,NORMAL,N,,,,205695,205728,205787,205826,205853,normal
123,483,206175,572.7083333333334,NORMAL,N,,,,206151,206188,206257,206289,206319,normal
123,484,206670,574.0833333333334,NORMAL,N,,,,206654,206683,206743,206783,206813,normal
123,485,207112,575.3111111111111,NORMAL,N,,,,207099,207128,207188,207225,207255,normal
123,486,207532,576.4777777777778,NORMAL,N,,,,207508,207545,207606,207643,207672,normal
123,487,207967,577.6861111111111,NORMAL,N,,,,207952,207981,208048,208082,208109,normal
123,488,208349,578.7472222222223,NORMAL,N,,,,208324,208363,208427,208458,208487,normal
123,489,208717,579.7694444444444,NORMAL,N,,,,208696,208730,208795,208829,208860,normal
123,490,209094,580.8166666666667,NORMAL,N,,,,209081,209107,209168,209202,209234,normal
123,491,209467,581.8527777777778,NORMAL,N,,,,209454,209482,209545,209575,209605,normal
123,492,209929,583.1361111111111,NORMAL,N,,,,209909,209941,210002,210040,210069,normal
123,493,210473,584.6472222222222,NORMAL,N,,,,210461,210486,210548,210582,210609,normal
123,494,210991,586.0861111111111,NORMAL,N,,,,210964,211004,211073,211105,211135,normal
123,495,211508,587.5222222222222,NORMAL,N,,,,211483,211522,211587,211625,211656,normal
123,496,211982,588.8388888888888,NORMAL,N,,,,211961,211995,212058,212095,212126,normal
123,497,212457,590.1583333333333,NORMAL,N,,,,212430,212469,212536,212574,212607,normal
123,498,212954,591.5388888888889,NORMAL,N,,,,212936,212968,213029,213068,213099,normal
123,499,213398,592.7722222222222,NORMAL,N,,,,213380,213412,213476,213511,213540,normal
123,500,213855,594.0416666666666,NORMAL,N,,,,213837,213868,213931,213969,213997,normal
123,501,214283,595.2305555555556,NORMAL,N,,,,214268,214302,214359,214396,214427,normal
123,502,214702,596.3944444444444,NORMAL,N,,,,214677,214715,214776,214811,214840,normal
123,503,215154,597.65,NORMAL,N,,,,215135,215167,215233,215265,215295,normal
123,504,215567,598.7972222222222,NORMAL,N,,,,215542,215586,215642,215679,215711,normal
123,505,215935,599.8194444444445,NORMAL,N,,,,215913,215948,216012,216048,216077,normal
123,506,216309,600.8583333333333,NORMAL,N,,,,216286,216322,216389,216423,216453,normal
123,507,216698,601.9388888888889,NORMAL,N,,,,216671,216712,216777,216810,216839,normal
123,508,217140,603.1666666666666,NORMAL,N,,,,217114,217152,217216,217250,217282,normal
123,509,217659,604.6083333333333,NORMAL,N,,,,217646,217672,217736,217771,217802,normal
123,510,218129,605.9138888888889,NORMAL,N,,,,218112,218143,218208,218247,218280,normal
123,511,218627,607.2972222222222,NORMAL,N,,,,218604,218640,218704,218743,218772,normal
123,512,219080,608.5555555555555,NORMAL,N,,,,219059,219094,219159,219198,219228,normal
123,513,219523,609.7861111111112,NORMAL,N,,,,219504,219537,219600,219636,219667,normal
123,514,219999,611.1083333333333,NORMAL,N,,,,219973,220012,220075,220116,220146,normal
123,515,220451,612.3638888888889,NORMAL,N,,,,220428,220464,220528,220563,220593,normal
123,516,220853,613.4805555555556,NORMAL,N,,,,220839,220867,220935,220968,220999,normal
123,517,221242,614.5611111111111,NORMAL,N,,,,221230,221256,221322,221354,221385,normal
123,518,221607,615.575,NORMAL,N,,,,221582,221621,221681,221715,221747,normal
123,519,221974,616.5944444444444,NORMAL,N,,,,221952,221988,222054,222085,222116,normal
123,520,222359,617.6638888888889,NORMAL,N,,,,222336,222372,222437,222469,222498,normal
123,521,222860,619.0555555555555,NORMAL,N,,,,222843,222874,222942,222976,223005,normal
123,522,223320,620.3333333333334,NORMAL,N,,,,223298,223334,223399,223432,223461,normal
123,523,223802,621.6722222222222,NORMAL,N,,,,223779,223815,223884,223920,223951,normal
123,524,224285,623.0138888888889,NORMAL,N,,,,224258,224298,224366,224400,224430,normal
123,525,224735,624.2638888888889,NORMAL,N,,,,224719,224749,224813,224850,224881,normal
123,526,225181,625.5027777777777,NORMAL,N,,,,225160,225194,225258,225294,225322,normal
123,527,225598,626.6611111111112,NORMAL,N,,,,225580,225611,225679,225714,225744,normal
123,528,226051,627.9194444444445,NORMAL,N,,,,226024,226064,226129,226165,226194,normal
123,529,226512,629.2,NORMAL,N,,,,226495,226526,226596,226630,226661,normal
123,530,226940,630.3888888888889,NORMAL,N,,,,226912,226954,227017,227055,227086,normal
123,531,227397,631.6583333333333,NORMAL,N,,,,227380,227410,227481,227513,227541,normal
123,532,227848,632.9111111111112,NORMAL,N,,,,227825,227862,227925,227963,227994,normal
123,533,228274,634.0944444444444,NORMAL,N,,,,228258,228288,228357,228390,228421,normal
123,534,228710,635.3055555555555,NORMAL,N,,,,228690,228723,228788,228823,228852,normal
123,535,229138,636.4944444444444,NORMAL,N,,,,229125,229153,229215,229251,229282,normal
123,536,229557,637.6583333333333,NORMAL,N,,,,229543,229570,229638,229671,229701,normal
123,537,230009,638.9138888888889,NORMAL,N,,,,229985,230022,230084,230117,230146,normal
123,538,230426,640.0722222222222,NORMAL,N,,,,230404,230439,230502,230538,230565,normal
123,539,230839,641.2194444444444,NORMAL,N,,,,230815,230852,230922,230952,230981,normal
123,540,231313,642.5361111111112,NORMAL,N,,,,231287,231327,231393,231429,231455,normal
123,541,231721,643.6694444444445,NORMAL,N,,,,231708,231735,231800,231833,231862,normal
123,542,232149,644.8583333333333,NORMAL,N,,,,232122,232162,232233,232267,232295,normal
123,543,232615,646.1527777777778,NORMAL,N,,,,232593,232628,232696,232730,232762,normal
123,544,233030,647.3055555555555,NORMAL,N,,,,233014,233045,233109,233148,233179,normal
123,545,233457,648.4916666666667,NORMAL,N,,,,233434,233470,233536,233570,233601,normal
123,546,233906,649.7388888888889,NORMAL,N,,,,233889,233919,233985,234020,234059,normal
123,547,234338,650.9388888888889,NORMAL,N,,,,234322,234352,234418,234450,234477,normal
123,548,234754,652.0944444444444,NORMAL,N,,,,234728,234767,234835,234868,234900,normal
123,549,235216,653.3777777777777,NORMAL,N,,,,235198,235229,235291,235327,235357,normal
123,550,235654,654.5944444444444,NORMAL,N,,,,235642,235668,235728,235767,235799,normal
123,551,236060,655.7222222222222,NORMAL,N,,,,236038,236074,236137,236172,236200,normal
123,552,236505,656.9583333333334,NORMAL,N,,,,236481,236518,236581,236621,236652,normal
123,553,236954,658.2055555555555,NORMAL,N,,,,236927,236972,237030,237068,237096,normal
123,554,237358,659.3277777777778,NORMAL,N,,,,237334,237372,237437,237472,237503,normal
123,555,237813,660.5916666666667,NORMAL,N,,,,237794,237826,237892,237928,237960,normal
123,556,238262,661.8388888888888,NORMAL,N,,,,238249,238276,238336,238378,238406,normal
123,557,238669,662.9694444444444,NORMAL,N,,,,238645,238683,238745,238784,238815,normal
123,558,239101,664.1694444444445,NORMAL,N,,,,239075,239114,239175,239215,239245,normal
123,559,239546,665.4055555555556,NORMAL,N,,,,239522,239560,239622,239662,239690,normal
123,560,239957,666.5472222222222,NORMAL,N,,,,239929,239971,240039,240070,240099,normal
123,561,240378,667.7166666666667,NORMAL,N,,,,240361,240391,240449,240493,240522,normal
123,562,240763,668.7861111111112,NORMAL,N,,,,240748,240781,240843,240875,240904,normal
123,563,241139,669.8305555555555,NORMAL,N,,,,241124,241154,241218,241250,241275,normal
123,564,241495,670.8194444444445,NORMAL,N,,,,241477,241509,241577,241610,241639,normal
123,565,241849,671.8027777777778,NORMAL,N,,,,241825,241863,241925,241961,241991,normal
123,566,242196,672.7666666666667,NORMAL,N,,,,242177,242210,242274,242306,242339,normal
123,567,242557,673.7694444444444,NORMAL,N,,,,242536,242571,242635,242669,242698,normal
123,568,242937,674.825,NORMAL,N,,,,242924,242951,243009,243048,243077,normal
123,569,243432,676.2,NORMAL,N,,,,243417,243446,243516,243548,243581,normal
123,570,243920,677.5555555555555,NORMAL,N,,,,243907,243933,243997,244033,244062,normal
123,571,244409,678.9138888888889,NORMAL,N,,,,244384,244422,244485,244524,244552,normal
123,572,244846,680.1277777777777,NORMAL,N,,,,244829,244864,244925,244961,244990,normal
123,573,245288,681.3555555555556,NORMAL,N,,,,245262,245301,245370,245405,245434,normal
123,574,245765,682.6805555555555,NORMAL,N,,,,245742,245778,245843,245880,245909,normal
123,575,246199,683.8861111111111,NORMAL,N,,,,246175,246220,246286,246319,246352,normal
123,576,246637,685.1027777777778,NORMAL,N,,,,246618,246651,246718,246753,246785,normal
123,577,247108,686.4111111111112,NORMAL,N,,,,247086,247121,247194,247224,247254,normal
123,578,247530,687.5833333333334,NORMAL,N,,,,247506,247544,247605,247643,247672,normal
123,579,247997,688.8805555555556,NORMAL,N,,,,247984,248011,248077,248114,248145,normal
123,580,248486,690.2388888888889,NORMAL,N,,,,248469,248500,248560,248601,248629,normal
123,581,248895,691.375,NORMAL,N,,,,248880,248909,248976,249011,249043,normal
123,582,249357,692.6583333333333,NORMAL,N,,,,249334,249370,249437,249472,249502,normal
123,583,249826,693.9611111111111,NORMAL,N,,,,249801,249839,249902,249940,249972,normal
123,584,250245,695.125,NORMAL,N,,,,250221,250258,250324,250359,250390,normal
123,585,250702,696.3944444444444,NORMAL,N,,,,250677,250714,250777,250815,250846,normal
123,586,251191,697.7527777777777,NORMAL,N,,,,251169,251205,251270,251306,251336,normal
123,587,251615,698.9305555555555,NORMAL,N,,,,251591,251628,251688,251725,251755,normal
123,588,252077,700.2138888888888,NORMAL,N,,,,252060,252089,252153,252189,252219,normal
123,589,252517,701.4361111111111,NORMAL,N,,,,252504,252530,252589,252624,252651,normal
123,590,252938,702.6055555555556,NORMAL,N,,,,252925,252951,253013,253050,253081,normal
123,591,253382,703.8388888888888,NORMAL,N,,,,253355,253395,253458,253497,253528,normal
123,592,253816,705.0444444444445,NORMAL,N,,,,253802,253831,253896,253933,253964,normal
123,593,254222,706.1722222222222,NORMAL,N,,,,254207,254236,254299,254335,254364,normal
123,594,254667,707.4083333333333,NORMAL,N,,,,254654,254681,254750,254788,254817,normal
123,595,255109,708.6361111111111,NORMAL,N,,,,255096,255123,255190,255223,255253,normal
123,596,255518,709.7722222222222,NORMAL,N,,,,255491,255531,255598,255634,255664,normal
123,597,255981,711.0583333333333,NORMAL,N,,,,255961,255994,256058,256093,256121,normal
123,598,256431,712.3083333333333,NORMAL,N,,,,256418,256449,256513,256547,256576,normal
123,599,256841,713.4472222222222,NORMAL,N,,,,256826,256855,256917,256953,256982,normal
123,600,257273,714.6472222222222,NORMAL,N,,,,257245,257286,257349,257388,257417,normal
123,601,257738,715.9388888888889,NORMAL,N,,,,257713,257752,257817,257853,257884,normal
123,602,258156,717.1,NORMAL,N,,,,258134,258169,258234,258267,258297,normal
123,603,258620,718.3888888888889,NORMAL,N,,,,258604,258634,258697,258733,258765,normal
123,604,259061,719.6138888888889,NORMAL,N,,,,259047,259077,259144,259176,259210,normal
123,605,259470,720.75,NORMAL,N,,,,259443,259483,259549,259583,259611,normal
123,606,259922,722.0055555555556,NORMAL,N,,,,259900,259935,260001,260036,260063,normal
123,607,260339,723.1638888888889,NORMAL,N,,,,260317,260354,260412,260452,260481,normal
123,608,260739,724.275,NORMAL,N,,,,260715,260752,260816,260854,260881,normal
123,609,261169,725.4694444444444,NORMAL,N,,,,261146,261182,261250,261285,261315,normal
123,610,261571,726.5861111111111,NORMAL,N,,,,261557,261586,261643,261686,261714,normal
123,611,261959,727.6638888888889,NORMAL,N,,,,261940,261973,262037,262074,262101,normal
123,612,262383,728.8416666666667,NORMAL,N,,,,262361,262396,262461,262499,262531,normal
123,613,262796,729.9888888888889,NORMAL,N,,,,262781,262811,262876,262909,262939,normal
123,614,263204,731.1222222222223,NORMAL,N,,,,263189,263217,263277,263317,263348,normal
123,615,263642,732.3388888888888,NORMAL,N,,,,263621,263655,263712,263750,263780,normal
123,616,264077,733.5472222222222,NORMAL,N,,,,264053,264091,264154,264191,264220,normal
123,617,264483,734.675,NORMAL,N,,,,264462,264497,264561,264596,264624,normal
123,618,264948,735.9666666666667,NORMAL,N,,,,264935,264961,265029,265064,265093,normal
123,619,265399,737.2194444444444,NORMAL,N,,,,265374,265413,265476,265514,265543,normal
123,620,265823,738.3972222222222,NORMAL,N,,,,265795,265837,265906,265940,265972,normal
123,621,266297,739.7138888888888,NORMAL,N,,,,266275,266310,266374,266413,266438,normal
123,622,266757,740.9916666666667,NORMAL,N,,,,266744,266772,266839,266872,266904,normal
123,623,267168,742.1333333333333,NORMAL,N,,,,267151,267182,267247,267282,267312,normal
123,624,267618,743.3833333333333,NORMAL,N,,,,267597,267631,267700,267735,267765,normal
123,625,268048,744.5777777777778,NORMAL,N,,,,268028,268063,268127,268160,268192,normal
123,626,268453,745.7027777777778,NORMAL,N,,,,268434,268467,268534,268572,268603,normal
123,627,268892,746.9222222222222,NORMAL,N,,,,268868,268905,268969,269006,269037,normal
123,628,269324,748.1222222222223,NORMAL,N,,,,269300,269339,269398,269437,269469,normal
123,629,269726,749.2388888888889,NORMAL,N,,,,269709,269740,269802,269837,269869,normal
123,630,270168,750.4666666666667,NORMAL,N,,,,270154,270181,270252,270285,270315,normal
123,631,270653,751.8138888888889,NORMAL,N,,,,270631,270666,270726,270765,270793,normal
123,632,271068,752.9666666666667,NORMAL,N,,,,271054,271082,271147,271182,271211,normal
123,633,271509,754.1916666666667,NORMAL,N,,,,271487,271522,271583,271622,271654,normal
123,634,271963,755.4527777777778,NORMAL,N,,,,271942,271976,272039,272074,272106,normal
123,635,272393,756.6472222222222,NORMAL,N,,,,272375,272408,272468,272506,272534,normal
123,636,272793,757.7583333333333,NORMAL,N,,,,272770,272806,272867,272907,272938,normal
123,637,273250,759.0277777777778,NORMAL,N,,,,273226,273263,273326,273366,273395,normal
123,638,273675,760.2083333333334,NORMAL,N,,,,273659,273690,273755,273788,273817,normal
123,639,274028,761.1888888888889,NORMAL,N,,,,274007,274042,274109,274145,274176,normal
123,640,274395,762.2083333333334,NORMAL,N,,,,274379,274408,274467,274507,274536,normal
123,641,274738,763.1611111111112,NORMAL,N,,,,274714,274752,274813,274847,274874,normal
123,642,275077,764.1027777777778,NORMAL,N,,,,275052,275090,275154,275190,275219,normal
123,643,275428,765.0777777777778,NORMAL,N,,,,275413,275442,275503,275539,275568,normal
123,644,275786,766.0722222222222,NORMAL,N,,,,275774,275799,275860,275898,275928,normal
123,645,276264,767.4,NORMAL,N,,,,276239,276277,276345,276377,276408,normal
123,646,276649,768.4694444444444,NORMAL,N,,,,276626,276662,276723,276757,276787,normal
123,647,277035,769.5416666666666,NORMAL,N,,,,277021,277050,277112,277151,277180,normal
123,648,277432,770.6444444444444,NORMAL,N,,,,277404,277446,277512,277545,277573,normal
123,649,277880,771.8888888888889,NORMAL,N,,,,277862,277893,277961,277998,278028,normal
123,650,278337,773.1583333333333,NORMAL,N,,,,278317,278352,278419,278451,278482,normal
123,651,278765,774.3472222222222,NORMAL,N,,,,278738,278778,278845,278883,278917,normal
123,652,279218,775.6055555555556,NORMAL,N,,,,279193,279231,279294,279331,279361,normal
123,653,279656,776.8222222222222,NORMAL,N,,,,279638,279670,279735,279829,279845,biphasic_positive_negative
123,654,280081,778.0027777777777,NORMAL,N,,,,280057,280095,280161,280197,280225,normal
123,655,280522,779.2277777777778,NORMAL,N,,,,280504,280536,280598,280634,280664,normal
123,656,280984,780.5111111111111,NORMAL,N,,,,280959,280997,281058,281097,281130,normal
123,657,281402,781.6722222222222,NORMAL,N,,,,281379,281416,281480,281516,281546,normal
123,658,281892,783.0333333333333,NORMAL,N,,,,281879,281904,281970,282002,282033,normal
123,659,282386,784.4055555555556,NORMAL,N,,,,282363,282399,282462,282498,282531,normal
123,660,282840,785.6666666666666,NORMAL,N,,,,282821,282854,282918,282952,282982,normal
123,661,283329,787.025,NORMAL,N,,,,283316,283342,283401,283439,283467,normal
123,662,283802,788.3388888888888,NORMAL,N,,,,283782,283815,283880,283917,283945,normal
123,663,284264,789.6222222222223,NORMAL,N,,,,284250,284280,284337,284379,284408,normal
123,664,284739,790.9416666666667,NORMAL,N,,,,284718,284753,284815,284853,284884,normal
123,665,285202,792.2277777777778,NORMAL,N,,,,285189,285216,285278,285314,285345,normal
123,666,285663,793.5083333333333,NORMAL,N,,,,285638,285677,285742,285778,285808,normal
123,667,286102,794.7277777777778,NORMAL,N,,,,286085,286115,286171,286211,286238,normal
123,668,286574,796.0388888888889,NORMAL,N,,,,286554,286587,286654,286687,286717,normal
123,669,287012,797.2555555555556,NORMAL,N,,,,286999,287031,287084,287127,287158,normal
123,670,287483,798.5638888888889,NORMAL,N,,,,287455,287496,287560,287597,287625,normal
123,671,287950,799.8611111111111,NORMAL,N,,,,287934,287964,288032,288063,288094,normal
123,672,288382,801.0611111111111,NORMAL,N,,,,288369,288400,288463,288497,288525,normal
123,673,288814,802.2611111111111,NORMAL,N,,,,288787,288827,288895,288929,288958,normal
123,674,289276,803.5444444444445,NORMAL,N,,,,289255,289289,289354,289389,289420,normal
123,675,289684,804.6777777777778,NORMAL,N,,,,289664,289698,289760,289798,289826,normal
123,676,290084,805.7888888888889,NORMAL,N,,,,290060,290097,290163,290202,290231,normal
123,677,290474,806.8722222222223,NORMAL,N,,,,290457,290488,290552,290586,290615,normal
123,678,290823,807.8416666666667,NORMAL,N,,,,290803,290837,290898,290935,290963,normal
123,679,291179,808.8305555555555,NORMAL,N,,,,291154,291193,291254,291289,291320,normal
123,680,291530,809.8055555555555,NORMAL,N,,,,291517,291543,291609,291642,291671,normal
123,681,291873,810.7583333333333,NORMAL,N,,,,291850,291886,291952,291985,292019,normal
123,682,292250,811.8055555555555,NORMAL,N,,,,292234,292263,292325,292362,292391,normal
123,683,292782,813.2833333333333,NORMAL,N,,,,292762,292795,292861,292898,292933,normal
123,684,293284,814.6777777777778,NORMAL,N,,,,293267,293298,293363,293399,293428,normal
123,685,293796,816.1,NORMAL,N,,,,293770,293809,293875,293916,293944,normal
123,686,294274,817.4277777777778,NORMAL,N,,,,294252,294288,294359,294392,294422,normal
123,687,294719,818.6638888888889,NORMAL,N,,,,294695,294733,294796,294836,294865,normal
123,688,295185,819.9583333333334,NORMAL,N,,,,295163,295198,295259,295300,295329,normal
123,689,295633,821.2027777777778,NORMAL,N,,,,295619,295652,295714,295797,295823,biphasic_positive_negative
123,690,296071,822.4194444444445,NORMAL,N,,,,296058,296085,296154,296186,296214,normal
123,691,296527,823.6861111111111,NORMAL,N,,,,296509,296540,296602,296647,296677,normal
123,692,296956,824.8777777777777,NORMAL,N,,,,296928,296975,297037,297071,297101,normal
123,693,297383,826.0638888888889,NORMAL,N,,,,297362,297396,297458,297497,297525,normal
123,694,297868,827.4111111111112,NORMAL,N,,,,297841,297876,297942,297985,298013,normal
123,695,298300,828.6111111111111,NORMAL,N,,,,298278,298308,298374,298416,298446,normal
123,696,298780,829.9444444444445,NORMAL,N,,,,298758,298787,298854,298894,298925,normal
123,697,299258,831.2722222222222,NORMAL,N,,,,299245,299265,299332,299375,299407,normal
123,698,299710,832.5277777777778,NORMAL,N,,,,299692,299718,299781,299824,299851,normal
123,699,300157,833.7694444444444,NORMAL,N,,,,300144,300164,300234,300268,300297,normal
123,700,300626,835.0722222222222,NORMAL,N,,,,300607,300633,300704,300740,300767,normal
123,701,301051,836.2527777777777,NORMAL,N,,,,301040,301059,301126,301166,301197,normal
123,702,301524,837.5666666666667,NORMAL,N,,,,301508,301531,301600,301635,301668,normal
123,703,301976,838.8222222222222,NORMAL,N,,,,301963,301983,302052,302091,302121,normal
123,704,302388,839.9666666666667,NORMAL,N,,,,302374,302395,302464,302501,302532,normal
123,705,302829,841.1916666666667,NORMAL,N,,,,302816,302836,302903,302941,302970,normal
123,706,303276,842.4333333333333,NORMAL,N,,,,303251,303284,303352,303387,303417,normal
123,707,303676,843.5444444444445,NORMAL,N,,,,303656,303683,303754,303790,303817,normal
123,708,304114,844.7611111111111,NORMAL,N,,,,304099,304121,304192,304229,304257,normal
123,709,304552,845.9777777777778,NORMAL,N,,,,304540,304560,304629,304667,304696,normal
123,710,304966,847.1277777777777,NORMAL,N,,,,304942,304974,305048,305082,305113,normal
123,711,305433,848.425,NORMAL,N,,,,305422,305441,305512,305550,305578,normal
123,712,305895,849.7083333333334,NORMAL,N,,,,305879,305903,305974,306012,306043,normal
123,713,306332,850.9222222222222,NORMAL,N,,,,306312,306340,306415,306448,306475,normal
123,714,306786,852.1833333333333,NORMAL,N,,,,306768,306794,306867,306901,306932,normal
123,715,307256,853.4888888888889,NORMAL,N,,,,307244,307264,307336,307372,307400,normal
123,716,307677,854.6583333333333,NORMAL,N,,,,307664,307685,307757,307795,307826,normal
123,717,308115,855.875,NORMAL,N,,,,308100,308122,308190,308231,308259,normal
123,718,308546,857.0722222222222,NORMAL,N,,,,308533,308554,308627,308662,308692,normal
123,719,308957,858.2138888888888,NORMAL,N,,,,308940,308964,309039,309071,309098,normal
123,720,309355,859.3194444444445,NORMAL,N,,,,309336,309362,309430,309468,309497,normal
123,721,309806,860.5722222222222,NORMAL,N,,,,309794,309813,309879,309919,309948,normal
123,722,310267,861.8527777777778,NORMAL,N,,,,310240,310275,310344,310380,310411,normal
123,723,310686,863.0166666666667,NORMAL,N,,,,310670,310693,310764,310799,310828,normal
123,724,311060,864.0555555555555,NORMAL,N,,,,311048,311068,311137,311172,311206,normal
123,725,311414,865.0388888888889,NORMAL,N,,,,311402,311422,311495,311531,311560,normal
123,726,311773,866.0361111111112,NORMAL,N,,,,311761,311780,311848,311884,311913,normal
123,727,312150,867.0833333333334,NORMAL,N,,,,312137,312158,312229,312262,312290,normal
123,728,312593,868.3138888888889,NORMAL,N,,,,312579,312600,312670,312704,312733,normal
123,729,313003,869.4527777777778,NORMAL,N,,,,312989,313010,313079,313114,313145,normal
123,730,313472,870.7555555555556,NORMAL,N,,,,313456,313479,313552,313587,313615,normal
123,731,313946,872.0722222222222,NORMAL,N,,,,313936,313954,314029,314059,314088,normal
123,732,314340,873.1666666666666,NORMAL,N,,,,314319,314348,314416,314455,314486,normal
123,733,314758,874.3277777777778,NORMAL,N,,,,314741,314765,314836,314873,314904,normal
123,734,315175,875.4861111111111,NORMAL,N,,,,315160,315183,315256,315296,315326,normal
123,735,315565,876.5694444444445,NORMAL,N,,,,315544,315573,315640,315679,315709,normal
123,736,315977,877.7138888888888,NORMAL,N,,,,315953,315985,316056,316092,316120,normal
123,737,316402,878.8944444444444,NORMAL,N,,,,316375,316409,316477,316514,316545,normal
123,738,316802,880.0055555555556,NORMAL,N,,,,316792,316809,316877,316910,316940,normal
123,739,317253,881.2583333333333,NORMAL,N,,,,317229,317260,317331,317366,317398,normal
123,740,317692,882.4777777777778,NORMAL,N,,,,317682,317700,317775,317860,317878,biphasic_positive_negative
123,741,318094,883.5944444444444,NORMAL,N,,,,318068,318102,318172,318212,318242,normal
123,742,318559,884.8861111111111,NORMAL,N,,,,318546,318566,318638,318672,318704,normal
123,743,319015,886.1527777777778,NORMAL,N,,,,318992,319023,319094,319135,319166,normal
123,744,319432,887.3111111111111,NORMAL,N,,,,319419,319440,319510,319548,319577,normal
123,745,319882,888.5611111111111,NORMAL,N,,,,319867,319890,319961,319999,320029,normal
123,746,320333,889.8138888888889,NORMAL,N,,,,320321,320341,320413,320448,320477,normal
123,747,320744,890.9555555555555,NORMAL,N,,,,320721,320752,320826,320859,320889,normal
123,748,321209,892.2472222222223,NORMAL,N,,,,321190,321217,321287,321324,321355,normal
123,749,321649,893.4694444444444,NORMAL,N,,,,321634,321657,321727,321768,321798,normal
123,750,322079,894.6638888888889,NORMAL,N,,,,322064,322086,322160,322191,322222,normal
123,751,322531,895.9194444444445,NORMAL,N,,,,322511,322539,322611,322645,322676,normal
123,752,322975,897.1527777777778,NORMAL,N,,,,322962,322983,323053,323090,323118,normal
123,753,323399,898.3305555555555,NORMAL,N,,,,323386,323407,323477,323515,323544,normal
123,754,323894,899.7055555555555,NORMAL,N,,,,323880,323901,323972,324005,324034,normal
123,755,324344,900.9555555555555,NORMAL,N,,,,324323,324352,324426,324458,324488,normal
123,756,324814,902.2611111111111,NORMAL,N,,,,324802,324822,324889,324927,324958,normal
123,757,325284,903.5666666666667,NORMAL,N,,,,325271,325291,325364,325395,325425,normal
123,758,325723,904.7861111111112,NORMAL,N,325628,325629,325649,325698,325731,325804,325835,325863,normal
123,759,326151,905.975,NORMAL,N,,,,326135,326159,326227,326264,326298,normal
123,760,326646,907.35,NORMAL,N,,,,326630,326653,326723,326758,326787,normal
123,761,327096,908.6,NORMAL,N,,,,327085,327104,327171,327210,327240,normal
123,762,327508,909.7444444444444,NORMAL,N,,,,327494,327516,327587,327625,327653,normal
123,763,327985,911.0694444444445,NORMAL,N,,,,327963,327992,328065,328099,328129,normal
123,764,328448,912.3555555555556,NORMAL,N,,,,328420,328456,328526,328564,328594,normal
123,765,328868,913.5222222222222,NORMAL,N,,,,328850,328875,328947,328980,329008,normal
123,766,329321,914.7805555555556,NORMAL,N,,,,329297,329328,329406,329440,329470,normal
123,767,329757,915.9916666666667,NORMAL,N,,,,329740,329765,329834,329872,329905,normal
123,768,330148,917.0777777777778,NORMAL,N,,,,330135,330155,330228,330266,330295,normal
123,769,330579,918.275,NORMAL,N,,,,330566,330586,330655,330694,330723,normal
123,770,331006,919.4611111111111,NORMAL,N,,,,330979,331013,331085,331120,331152,normal
123,771,331414,920.5944444444444,NORMAL,N,,,,331398,331422,331493,331526,331555,normal
123,772,331870,921.8611111111111,NORMAL,N,,,,331842,331878,331950,331984,332017,normal
123,773,332313,923.0916666666667,NORMAL,N,,,,332298,332321,332390,332425,332454,normal
123,774,332735,924.2638888888889,NORMAL,N,,,,332721,332743,332812,332848,332877,normal
123,775,333203,925.5638888888889,NORMAL,N,,,,333189,333210,333283,333316,333348,normal
123,776,333624,926.7333333333333,NORMAL,N,,,,333606,333632,333703,333736,333766,normal
123,777,334027,927.8527777777778,NORMAL,N,,,,334003,334034,334108,334142,334170,normal
123,778,334470,929.0833333333334,NORMAL,N,,,,334456,334477,334549,334583,334613,normal
123,779,334897,930.2694444444444,NORMAL,N,,,,334880,334905,334979,335015,335048,normal
123,780,335302,931.3944444444444,NORMAL,N,,,,335287,335310,335381,335416,335443,normal
123,781,335760,932.6666666666666,NORMAL,N,,,,335746,335768,335842,335879,335910,normal
123,782,336213,933.925,NORMAL,N,,,,336200,336221,336295,336331,336360,normal
123,783,336626,935.0722222222222,NORMAL,N,,,,336609,336634,336706,336741,336771,normal
123,784,337097,936.3805555555556,NORMAL,N,,,,337078,337105,337174,337213,337243,normal
123,785,337569,937.6916666666667,NORMAL,N,,,,337557,337577,337647,337686,337713,normal
123,786,338002,938.8944444444444,NORMAL,N,,,,337977,338010,338083,338118,338145,normal
123,787,338465,940.1805555555555,NORMAL,N,,,,338445,338472,338544,338581,338610,normal
123,788,338930,941.4722222222222,NORMAL,N,,,,338914,338938,339012,339048,339077,normal
123,789,339352,942.6444444444444,NORMAL,N,,,,339334,339360,339429,339465,339495,normal
123,790,339823,943.9527777777778,NORMAL,N,,,,339804,339830,339902,339939,339968,normal
123,791,340276,945.2111111111111,NORMAL,N,,,,340258,340284,340358,340393,340424,normal
123,792,340680,946.3333333333334,NORMAL,N,,,,340668,340689,340750,340795,340824,normal
123,793,341117,947.5472222222222,NORMAL,N,,,,341099,341124,341194,341229,341257,normal
123,794,341588,948.8555555555556,NORMAL,N,,,,341568,341596,341671,341704,341732,normal
123,795,342006,950.0166666666667,NORMAL,N,,,,341989,342014,342082,342116,342143,normal
123,796,342417,951.1583333333333,NORMAL,N,,,,342396,342424,342494,342529,342558,normal
123,797,342858,952.3833333333333,NORMAL,N,,,,342831,342866,342935,342971,343002,normal
123,798,343279,953.5527777777778,NORMAL,N,,,,343262,343287,343359,343397,343428,normal
123,799,343685,954.6805555555555,NORMAL,N,,,,343669,343693,343758,343798,343828,normal
123,800,344143,955.9527777777778,NORMAL,N,,,,344116,344151,344222,344265,344294,normal
123,801,344592,957.2,NORMAL,N,,,,344579,344600,344676,344709,344736,normal
123,802,344995,958.3194444444445,NORMAL,N,,,,344970,345002,345072,345114,345147,normal
123,803,345451,959.5861111111111,NORMAL,N,,,,345425,345459,345528,345566,345598,normal
123,804,345887,960.7972222222222,NORMAL,N,,,,345875,345895,345963,346005,346035,normal
123,805,346286,961.9055555555556,NORMAL,N,,,,346276,346293,346362,346399,346428,normal
123,806,346696,963.0444444444445,NORMAL,N,,,,346673,346703,346768,346809,346839,normal
123,807,347117,964.2138888888888,NORMAL,N,,,,347104,347124,347194,347227,347257,normal
123,808,347501,965.2805555555556,NORMAL,N,,,,347489,347509,347578,347613,347642,normal
123,809,347884,966.3444444444444,NORMAL,N,,,,347871,347892,347961,347999,348029,normal
123,810,348305,967.5138888888889,NORMAL,N,,,,348293,348313,348385,348420,348450,normal
123,811,348728,968.6888888888889,NORMAL,N,,,,348714,348736,348807,348847,348879,normal
123,812,349120,969.7777777777778,NORMAL,N,,,,349110,349128,349198,349234,349263,normal
123,813,349567,971.0194444444444,NORMAL,N,,,,349554,349575,349646,349683,349718,normal
123,814,350025,972.2916666666666,NORMAL,N,,,,350011,350033,350109,350140,350173,normal
123,815,350440,973.4444444444445,NORMAL,N,,,,350420,350448,350512,350552,350584,normal
123,816,350899,974.7194444444444,NORMAL,N,,,,350886,350907,350978,351013,351043,normal
123,817,351366,976.0166666666667,NORMAL,N,,,,351343,351374,351447,351480,351512,normal
123,818,351785,977.1805555555555,NORMAL,N,,,,351775,351793,351869,351897,351929,normal
123,819,352248,978.4666666666667,NORMAL,N,,,,352232,352255,352319,352361,352388,normal
123,820,352718,979.7722222222222,NORMAL,N,,,,352702,352726,352797,352833,352861,normal
123,821,353127,980.9083333333333,NORMAL,N,,,,353114,353135,353200,353238,353267,normal
123,822,353583,982.175,NORMAL,N,,,,353565,353590,353661,353698,353730,normal
123,823,354039,983.4416666666667,NORMAL,N,,,,354023,354046,354114,354153,354183,normal
123,824,354436,984.5444444444445,NORMAL,N,,,,354417,354443,354517,354552,354582,normal
123,825,354857,985.7138888888888,NORMAL,N,,,,354843,354864,354935,354969,354999,normal
123,826,355303,986.9527777777778,NORMAL,N,,,,355284,355310,355388,355421,355453,normal
123,827,355709,988.0805555555555,NORMAL,N,,,,355691,355717,355783,355824,355853,normal
123,828,356153,989.3138888888889,NORMAL,N,,,,356125,356160,356231,356271,356301,normal
123,829,356626,990.6277777777777,NORMAL,N,,,,356603,356633,356701,356740,356771,normal
123,830,357039,991.775,NORMAL,N,,,,357025,357047,357121,357156,357186,normal
123,831,357469,992.9694444444444,NORMAL,N,,,,357456,357476,357544,357582,357610,normal
123,832,357910,994.1944444444445,NORMAL,N,,,,357897,357918,357987,358026,358059,normal
123,833,358352,995.4222222222222,NORMAL,N,,,,358339,358360,358430,358467,358495,normal
123,834,358771,996.5861111111111,NORMAL,N,,,,358757,358778,358844,358880,358910,normal
123,835,359230,997.8611111111111,NORMAL,N,,,,359211,359237,359307,359343,359372,normal
123,836,359679,999.1083333333333,NORMAL,N,,,,359668,359687,359761,359794,359825,normal
123,837,360096,1000.2666666666667,NORMAL,N,,,,360077,360104,360171,360212,360242,normal
123,838,360555,1001.5416666666666,NORMAL,N,,,,360541,360562,360630,360670,360699,normal
123,839,361012,1002.8111111111111,NORMAL,N,,,,360999,361020,361095,361128,361161,normal
123,840,361415,1003.9305555555555,NORMAL,N,,,,361397,361422,361498,361533,361562,normal
123,841,361838,1005.1055555555556,NORMAL,N,,,,361825,361845,361920,361956,361986,normal
123,842,362265,1006.2916666666666,NORMAL,N,,,,362238,362273,362343,362381,362412,normal
123,843,362666,1007.4055555555556,NORMAL,N,,,,362656,362674,362746,362781,362811,normal
123,844,363077,1008.5472222222222,NORMAL,N,,,,363064,363084,363150,363188,363219,normal
123,845,363510,1009.75,NORMAL,N,,,,363487,363517,363585,363622,363652,normal
123,846,363929,1010.9138888888889,NORMAL,N,,,,363907,363938,364005,364044,364075,normal
123,847,364320,1012.0,NORMAL,N,,,,364302,364328,364393,364431,364459,normal
123,848,364729,1013.1361111111111,NORMAL,N,,,,364711,364736,364806,364845,364876,normal
123,849,365147,1014.2972222222222,NORMAL,N,,,,365130,365155,365225,365262,365290,normal
123,850,365541,1015.3916666666667,NORMAL,N,,,,365516,365549,365617,365656,365686,normal
123,851,365987,1016.6305555555556,NORMAL,N,,,,365972,365995,366067,366100,366131,normal
123,852,366464,1017.9555555555555,NORMAL,N,,,,366441,366472,366548,366583,366617,normal
123,853,366909,1019.1916666666667,NORMAL,N,,,,366898,366917,366990,367023,367052,normal
123,854,367359,1020.4416666666667,NORMAL,N,,,,367333,367366,367430,367473,367503,normal
123,855,367809,1021.6916666666667,NORMAL,N,,,,367787,367816,367887,367921,367953,normal
123,856,368215,1022.8194444444445,NORMAL,N,,,,368203,368223,368290,368332,368362,normal
123,857,368656,1024.0444444444445,NORMAL,N,,,,368639,368663,368731,368768,368796,normal
123,858,369096,1025.2666666666667,NORMAL,N,,,,369082,369104,369174,369210,369242,normal
123,859,369509,1026.4138888888888,NORMAL,N,,,,369496,369517,369586,369624,369651,normal
123,860,369915,1027.5416666666667,NORMAL,N,,,,369902,369923,369992,370030,370059,normal
123,861,370340,1028.7222222222222,NORMAL,N,,,,370320,370348,370420,370457,370485,normal
123,862,370767,1029.9083333333333,NORMAL,N,,,,370754,370775,370847,370881,370912,normal
123,863,371170,1031.0277777777778,NORMAL,N,,,,371157,371177,371248,371286,371317,normal
123,864,371618,1032.2722222222221,NORMAL,N,,,,371605,371625,371697,371732,371760,normal
123,865,372051,1033.475,NORMAL,N,,,,372039,372059,372127,372167,372198,normal
123,866,372466,1034.6277777777777,NORMAL,N,,,,372446,372473,372545,372579,372608,normal
123,867,372926,1035.9055555555556,NORMAL,N,,,,372913,372934,372999,373037,373067,normal
123,868,373364,1037.1222222222223,NORMAL,N,,,,373337,373372,373441,373476,373507,normal
123,869,373767,1038.2416666666666,NORMAL,N,,,,373754,373775,373843,373880,373910,normal
123,870,374195,1039.4305555555557,NORMAL,N,,,,374176,374203,374276,374309,374340,normal
123,871,374629,1040.6361111111112,NORMAL,N,,,,374616,374636,374703,374741,374771,normal
123,872,375047,1041.7972222222222,NORMAL,N,,,,375034,375055,375126,375164,375194,normal
123,873,375507,1043.075,NORMAL,N,,,,375486,375515,375586,375623,375651,normal
123,874,375974,1044.3722222222223,NORMAL,N,,,,375953,375982,376050,376090,376120,normal
123,875,376397,1045.5472222222222,NORMAL,N,,,,376386,376405,376473,376511,376540,normal
123,876,376826,1046.7388888888888,NORMAL,N,,,,376812,376833,376901,376944,376974,normal
123,877,377239,1047.8861111111112,NORMAL,N,,,,377225,377247,377319,377351,377380,normal
123,878,377588,1048.8555555555556,NORMAL,N,,,,377574,377595,377664,377700,377729,normal
123,879,377951,1049.8638888888888,NORMAL,N,,,,377936,377958,378026,378061,378090,normal
123,880,378299,1050.8305555555555,NORMAL,N,,,,378274,378306,378377,378409,378438,normal
123,881,378622,1051.7277777777779,NORMAL,N,,,,378607,378630,378703,378738,378768,normal
123,882,378962,1052.6722222222222,NORMAL,N,,,,378943,378969,379039,379072,379101,normal
123,883,379298,1053.6055555555556,NORMAL,N,,,,379279,379305,379376,379410,379438,normal
123,884,379688,1054.6888888888889,NORMAL,N,,,,379674,379695,379768,379803,379834,normal
123,885,380086,1055.7944444444445,NORMAL,N,,,,380061,380094,380163,380200,380227,normal
123,886,380602,1057.2277777777779,NORMAL,N,,,,380588,380609,380683,380721,380749,normal
123,887,381095,1058.5972222222222,NORMAL,N,,,,381082,381103,381165,381252,381278,biphasic_positive_negative
123,888,381559,1059.8861111111112,NORMAL,N,,,,381546,381566,381631,381673,381701,normal
123,889,382053,1061.2583333333334,NORMAL,N,,,,382040,382060,382129,382170,382200,normal
123,890,382539,1062.6083333333333,NORMAL,N,,,,382522,382547,382618,382695,382726,biphasic_positive_negative
123,891,383008,1063.911111111111,NORMAL,N,,,,382991,383016,383086,383125,383156,normal
123,892,383497,1065.2694444444444,NORMAL,N,,,,383482,383504,383577,383611,383646,normal
123,893,383942,1066.5055555555555,NORMAL,N,,,,383928,383949,384014,384057,384084,normal
123,894,384387,1067.7416666666666,NORMAL,N,,,,384361,384394,384462,384502,384530,normal
123,895,384831,1068.975,NORMAL,N,,,,384806,384839,384912,384947,384979,normal
123,896,385228,1070.0777777777778,NORMAL,N,,,,385202,385236,385301,385345,385374,normal
123,897,385648,1071.2444444444445,NORMAL,N,,,,385634,385655,385727,385761,385789,normal
123,898,386075,1072.4305555555557,NORMAL,N,,,,386062,386083,386155,386192,386222,normal
123,899,386475,1073.5416666666667,NORMAL,N,,,,386451,386483,386555,386590,386620,normal
123,900,386898,1074.7166666666667,NORMAL,N,,,,386872,386905,386981,387015,387046,normal
123,901,387320,1075.888888888889,NORMAL,N,,,,387302,387328,387399,387435,387465,normal
123,902,387719,1076.9972222222223,NORMAL,N,,,,387706,387726,387795,387833,387865,normal
123,903,388188,1078.3,NORMAL,N,,,,388176,388195,388265,388303,388332,normal
123,904,388616,1079.4888888888888,NORMAL,N,,,,388588,388623,388694,388728,388760,normal
123,905,389029,1080.6361111111112,NORMAL,N,,,,389018,389037,389107,389141,389169,normal
123,906,389489,1081.9138888888888,NORMAL,N,,,,389476,389496,389567,389599,389629,normal
123,907,389966,1083.2388888888888,NORMAL,N,,,,389944,389974,390043,390078,390105,normal
123,908,390390,1084.4166666666667,NORMAL,N,,,,390377,390398,390471,390504,390533,normal
123,909,390886,1085.7944444444445,NORMAL,N,,,,390872,390893,390963,390997,391027,normal
123,910,391360,1087.111111111111,NORMAL,N,,,,391348,391368,391440,391473,391503,normal
123,911,391798,1088.3277777777778,NORMAL,N,,,,391771,391805,391878,391911,391939,normal
123,912,392256,1089.6,NORMAL,N,,,,392239,392263,392335,392370,392399,normal
123,913,392710,1090.861111111111,NORMAL,N,,,,392684,392717,392792,392824,392853,normal
123,914,393117,1091.9916666666666,NORMAL,N,,,,393102,393124,393197,393230,393259,normal
123,915,393600,1093.3333333333333,NORMAL,N,,,,393584,393607,393681,393718,393748,normal
123,916,394065,1094.625,NORMAL,N,,,,394042,394073,394146,394183,394212,normal
123,917,394483,1095.786111111111,NORMAL,N,,,,394460,394491,394565,394602,394633,normal
123,918,394949,1097.0805555555555,NORMAL,N,,,,394928,394956,395024,395065,395096,normal
123,919,395378,1098.2722222222221,NORMAL,N,,,,395361,395385,395458,395495,395525,normal
123,920,395780,1099.388888888889,NORMAL,N,,,,395767,395787,395856,395893,395923,normal
123,921,396230,1100.638888888889,NORMAL,N,,,,396213,396237,396307,396345,396378,normal
123,922,396664,1101.8444444444444,NORMAL,N,,,,396651,396671,396741,396778,396810,normal
123,923,397052,1102.9222222222222,NORMAL,N,,,,397030,397060,397127,397165,397197,normal
123,924,397511,1104.1972222222223,NORMAL,N,397418,397435,397460,397497,397518,397585,397624,397653,normal
123,925,397955,1105.4305555555557,NORMAL,N,397864,397881,397905,397942,397963,398033,398064,398093,normal
123,926,398329,1106.4694444444444,NORMAL,N,398236,398253,398275,398316,398337,398408,398441,398473,normal
123,927,398689,1107.4694444444444,NORMAL,N,398600,398617,398639,398676,398697,398762,398800,398832,normal
123,928,399046,1108.4611111111112,NORMAL,N,398958,398973,398997,399033,399054,399121,399159,399188,normal
123,929,399397,1109.4361111111111,NORMAL,N,399307,399322,399344,399384,399405,399474,399506,399535,normal
123,930,399749,1110.4138888888888,NORMAL,N,399659,399675,399698,399737,399756,399826,399857,399887,normal
123,931,400148,1111.5222222222221,NORMAL,N,400048,400068,400092,400134,400156,400232,400264,400294,normal
123,932,400562,1112.6722222222222,NORMAL,N,400469,400485,400507,400549,400569,400636,400675,400706,normal
123,933,401099,1114.1638888888888,NORMAL,N,401002,401021,401043,401085,401107,401180,401216,401245,normal
123,934,401592,1115.5333333333333,NORMAL,N,401504,401519,401537,401579,401600,401674,401709,401738,normal
123,935,402080,1116.888888888889,NORMAL,N,401986,402004,402024,402067,402088,402163,402197,402227,normal
123,936,402573,1118.2583333333334,NORMAL,N,402482,402501,402523,402560,402580,402657,402690,402719,normal
123,937,403038,1119.55,NORMAL,N,402951,402966,402982,403025,403046,403117,403154,403190,normal
123,938,403513,1120.8694444444445,NORMAL,N,403421,403439,403460,403500,403520,403588,403626,403656,normal
123,939,403968,1122.1333333333334,NORMAL,N,403876,403894,403914,403955,403976,404039,404081,404113,normal
123,940,404385,1123.2916666666667,NORMAL,N,404294,404311,404331,404372,404392,404462,404500,404530,normal
123,941,404828,1124.5222222222221,NORMAL,N,404736,404753,404776,404814,404836,404909,404945,404974,normal
123,942,405260,1125.7222222222222,NORMAL,N,405169,405185,405209,405247,405268,405341,405375,405406,normal
123,943,405665,1126.8472222222222,NORMAL,N,405572,405588,405609,405652,405673,405747,405782,405814,normal
123,944,406130,1128.138888888889,NORMAL,N,406039,406055,406080,406117,406138,406209,406248,406281,normal
123,945,406556,1129.3222222222223,NORMAL,N,406469,406484,406504,406542,406563,406635,406672,406703,normal
123,946,406937,1130.3805555555555,NORMAL,N,406850,406864,406886,406924,406945,407013,407051,407080,normal
123,947,407340,1131.5,NORMAL,N,407249,407266,407290,407327,407348,407419,407453,407483,normal
123,948,407794,1132.7611111111112,NORMAL,N,407704,407720,407743,407781,407801,407870,407905,407934,normal
123,949,408203,1133.8972222222221,NORMAL,N,408113,408129,408150,408190,408211,408282,408313,408341,normal
123,950,408662,1135.1722222222222,NORMAL,N,408567,408583,408608,408648,408670,408740,408776,408807,normal
123,951,409173,1136.5916666666667,NORMAL,N,409081,409099,409121,409160,409180,409249,409283,409309,normal
123,952,409622,1137.838888888889,NORMAL,N,409531,409548,409569,409609,409630,409698,409782,409810,biphasic_positive_negative
123,953,410055,1139.0416666666667,NORMAL,N,409963,409980,410003,410042,410062,410134,410170,410199,normal
123,954,410522,1140.338888888889,NORMAL,N,410428,410444,410469,410508,410530,410602,410638,410668,normal
123,955,410945,1141.513888888889,NORMAL,N,410858,410872,410894,410935,410953,411023,411060,411088,normal
123,956,411372,1142.7,NORMAL,N,411275,411293,411317,411358,411380,411454,411491,411521,normal
123,957,411800,1143.888888888889,NORMAL,N,411710,411728,411751,411787,411807,411883,411915,411946,normal
123,958,412181,1144.9472222222223,NORMAL,N,412090,412107,412127,412169,412188,412261,412297,412327,normal
123,959,412593,1146.0916666666667,NORMAL,N,412502,412517,412541,412580,412601,412668,412706,412736,normal
123,960,413083,1147.4527777777778,NORMAL,N,412993,413010,413034,413071,413091,413160,413201,413231,normal
123,961,413543,1148.7305555555556,NORMAL,N,413455,413473,413491,413530,413551,413618,413657,413686,normal
123,962,413979,1149.9416666666666,NORMAL,N,413885,413902,413924,413965,413986,414055,414094,414127,normal
123,963,414444,1151.2333333333333,NORMAL,N,414355,414372,414393,414431,414452,414524,414561,414592,normal
123,964,414878,1152.4388888888889,NORMAL,N,414788,414806,414826,414866,414886,414955,414991,415021,normal
123,965,415285,1153.5694444444443,NORMAL,N,415195,415211,415234,415271,415292,415356,415396,415427,normal
123,966,415717,1154.7694444444444,NORMAL,N,415626,415641,415665,415703,415724,415799,415832,415861,normal
123,967,416170,1156.0277777777778,NORMAL,N,416078,416096,416116,416157,416178,416249,416282,416311,normal
123,968,416577,1157.1583333333333,NORMAL,N,416485,416502,416525,416564,416584,416652,416689,416719,normal
123,969,417050,1158.4722222222222,NORMAL,N,416959,416975,417000,417037,417058,417130,417164,417193,normal
123,970,417473,1159.6472222222221,NORMAL,N,417382,417397,417418,417460,417481,417553,417586,417614,normal
123,971,417907,1160.8527777777779,NORMAL,N,417816,417830,417854,417893,417914,417983,418021,418051,normal
123,972,418372,1162.1444444444444,NORMAL,N,418283,418298,418322,418358,418380,418451,418487,418522,normal
123,973,418799,1163.3305555555555,NORMAL,N,418706,418723,418744,418787,418807,418880,418918,418946,normal
123,974,419234,1164.5388888888888,NORMAL,N,419141,419158,419183,419221,419242,419314,419349,419377,normal
123,975,419680,1165.7777777777778,NORMAL,N,419583,419603,419628,419666,419688,419761,419799,419829,normal
123,976,420096,1166.9333333333334,NORMAL,N,420006,420023,420043,420085,420104,420178,420214,420243,normal
123,977,420484,1168.0111111111112,NORMAL,N,420396,420411,420433,420471,420491,420563,420598,420628,normal
123,978,420906,1169.1833333333334,NORMAL,N,420817,420832,420855,420893,420913,420984,421022,421054,normal
123,979,421359,1170.4416666666666,NORMAL,N,421270,421285,421309,421347,421366,421436,421476,421508,normal
123,980,421778,1171.6055555555556,NORMAL,N,421687,421703,421723,421765,421785,421851,421891,421922,normal
123,981,422220,1172.8333333333333,NORMAL,N,422130,422146,422169,422207,422227,422296,422334,422364,normal
123,982,422671,1174.0861111111112,NORMAL,N,422581,422597,422621,422658,422678,422748,422785,422819,normal
123,983,423082,1175.2277777777779,NORMAL,N,422992,423009,423029,423070,423090,423159,423193,423222,normal
123,984,423497,1176.3805555555555,NORMAL,N,423400,423417,423443,423483,423504,423576,423609,423638,normal
123,985,423920,1177.5555555555557,NORMAL,N,423829,423845,423869,423907,423928,423998,424034,424065,normal
123,986,424330,1178.6944444444443,NORMAL,N,424237,424253,424275,424317,424338,424409,424448,424479,normal
123,987,424719,1179.775,NORMAL,N,424628,424646,424669,424707,424726,424795,424832,424862,normal
123,988,425140,1180.9444444444443,NORMAL,N,425049,425065,425087,425127,425147,425224,425259,425289,normal
123,989,425558,1182.1055555555556,NORMAL,N,425469,425486,425507,425546,425566,425637,425671,425704,normal
123,990,425940,1183.1666666666667,NORMAL,N,425851,425868,425888,425928,425947,426016,426050,426081,normal
123,991,426374,1184.3722222222223,NORMAL,N,426282,426298,426324,426361,426381,426447,426485,426514,normal
123,992,426810,1185.5833333333333,NORMAL,N,426716,426735,426759,426797,426818,426887,426927,426959,normal
123,993,427210,1186.6944444444443,NORMAL,N,427115,427132,427154,427197,427218,427291,427324,427354,normal
123,994,427639,1187.8861111111112,NORMAL,N,427548,427564,427588,427627,427647,427717,427754,427783,normal
123,995,428094,1189.15,NORMAL,N,428000,428018,428040,428081,428102,428170,428209,428239,normal
123,996,428491,1190.2527777777777,NORMAL,N,428400,428416,428437,428478,428499,428574,428606,428638,normal
123,997,428913,1191.425,NORMAL,N,428820,428835,428861,428899,428920,428994,429027,429056,normal
123,998,429298,1192.4944444444445,NORMAL,N,429209,429223,429247,429285,429305,429375,429409,429439,normal
123,999,429646,1193.4611111111112,NORMAL,N,429556,429572,429594,429633,429653,429727,429758,429787,normal
123,1000,429999,1194.4416666666666,NORMAL,N,429909,429926,429948,429986,430007,430076,430111,430138,normal
123,1001,430353,1195.425,NORMAL,N,430261,430277,430302,430341,430361,430431,430464,430495,normal
123,1002,430697,1196.3805555555555,NORMAL,N,430605,430622,430644,430684,430705,430778,430813,430842,normal
123,1003,431123,1197.5638888888889,NORMAL,N,431028,431045,431071,431110,431131,431202,431238,431267,normal
123,1004,431644,1199.0111111111112,NORMAL,N,431554,431571,431591,431631,431652,431724,431761,431795,normal
123,1005,432131,1200.3638888888888,NORMAL,N,432038,432056,432077,432118,432138,432210,432245,432274,normal
123,1006,432626,1201.7388888888888,NORMAL,N,432530,432550,432573,432613,432634,432709,432745,432775,normal
123,1007,433103,1203.0638888888889,NORMAL,N,433016,433030,433047,433090,433111,433179,433218,433248,normal
123,1008,433545,1204.2916666666667,NORMAL,N,433449,433468,433488,433532,433553,433628,433664,433696,normal
123,1009,434025,1205.625,NORMAL,N,433933,433951,433971,434011,434032,434108,434143,434171,normal
123,1010,434447,1206.7972222222222,NORMAL,N,434362,434375,434397,434435,434455,434526,434568,434597,normal
123,1011,434862,1207.95,NORMAL,N,434771,434786,434810,434849,434869,434939,434977,435005,normal
123,1012,435298,1209.161111111111,NORMAL,N,435207,435224,435247,435284,435305,435375,435416,435447,normal
123,1013,435763,1210.4527777777778,NORMAL,N,435674,435692,435713,435751,435771,435843,435879,435912,normal
123,1014,436168,1211.5777777777778,NORMAL,N,436080,436095,436116,436155,436176,436240,436281,436313,normal
123,1015,436630,1212.861111111111,NORMAL,N,436539,436556,436580,436617,436638,436705,436742,436773,normal
123,1016,437082,1214.1166666666666,NORMAL,N,436992,437009,437031,437069,437089,437158,437192,437221,normal
123,1017,437487,1215.2416666666666,NORMAL,N,437394,437412,437433,437474,437495,437564,437600,437630,normal
123,1018,437925,1216.4583333333333,NORMAL,N,437835,437851,437874,437912,437933,438002,438039,438070,normal
123,1019,438372,1217.7,NORMAL,N,438278,438295,438319,438359,438381,438453,438489,438518,normal
123,1020,438764,1218.7888888888888,NORMAL,N,438675,438690,438711,438752,438772,438844,438881,438910,normal
123,1021,439176,1219.9333333333334,NORMAL,N,439084,439100,439123,439163,439184,439258,439296,439326,normal
123,1022,439607,1221.1305555555555,NORMAL,N,439516,439533,439558,439594,439615,439689,439723,439755,normal
123,1023,440015,1222.263888888889,NORMAL,N,439928,439943,439964,440002,440023,440092,440129,440157,normal
123,1024,440424,1223.4,NORMAL,N,440333,440348,440371,440411,440431,440499,440537,440568,normal
123,1025,440903,1224.7305555555556,NORMAL,N,440812,440828,440851,440889,440910,440980,441016,441050,normal
123,1026,441399,1226.1083333333333,NORMAL,N,441312,441327,441347,441387,441407,441473,441513,441542,normal
123,1027,441836,1227.3222222222223,NORMAL,N,441745,441761,441782,441823,441844,441909,441947,441977,normal
123,1028,442313,1228.6472222222221,NORMAL,N,442223,442239,442263,442300,442321,442389,442427,442456,normal
123,1029,442778,1229.9388888888889,NORMAL,N,442692,442709,442729,442766,442785,442853,442888,442919,normal
123,1030,443206,1231.1277777777777,NORMAL,N,443117,443132,443154,443193,443213,443285,443319,443348,normal
123,1031,443662,1232.3944444444444,NORMAL,N,443572,443587,443611,443649,443670,443741,443777,443805,normal
123,1032,444136,1233.7111111111112,NORMAL,N,444045,444062,444084,444123,444143,444216,444249,444280,normal
123,1033,444537,1234.825,NORMAL,N,444449,444464,444483,444524,444544,444611,444651,444678,normal
123,1034,444994,1236.0944444444444,NORMAL,N,444898,444916,444941,444981,445002,445075,445110,445139,normal
123,1035,445444,1237.3444444444444,NORMAL,N,445353,445371,445392,445431,445452,445520,445558,445590,normal
123,1036,445847,1238.463888888889,NORMAL,N,445755,445770,445791,445834,445855,445926,445963,445992,normal
123,1037,446292,1239.7,NORMAL,N,446202,446217,446242,446279,446299,446363,446405,446434,normal
123,1038,446735,1240.9305555555557,NORMAL,N,446643,446659,446683,446721,446743,446815,446854,446885,normal
123,1039,447138,1242.05,NORMAL,N,447047,447064,447084,447125,447146,447214,447250,447283,normal
123,1040,447528,1243.1333333333334,NORMAL,N,447437,447452,447476,447515,447536,447607,447644,447675,normal
123,1041,447982,1244.3944444444444,NORMAL,N,447894,447909,447932,447969,447989,448061,448096,448127,normal
123,1042,448448,1245.6888888888889,NORMAL,N,448360,448376,448398,448436,448456,448523,448565,448594,normal
123,1043,448860,1246.8333333333333,NORMAL,N,448770,448785,448808,448847,448868,448933,448973,449003,normal
123,1044,449321,1248.1138888888888,NORMAL,N,449229,449246,449269,449307,449329,449401,449438,449468,normal
123,1045,449782,1249.3944444444444,NORMAL,N,449693,449709,449733,449770,449790,449856,449896,449928,normal
123,1046,450184,1250.5111111111112,NORMAL,N,450094,450110,450130,450171,450192,450262,450297,450328,normal
123,1047,450644,1251.7888888888888,NORMAL,N,450553,450570,450593,450631,450652,450721,450758,450785,normal
123,1048,451098,1253.05,NORMAL,N,451010,451025,451047,451086,451106,451176,451209,451241,normal
123,1049,451498,1254.161111111111,NORMAL,N,451404,451422,451444,451486,451506,451575,451611,451642,normal
123,1050,451956,1255.4333333333334,NORMAL,N,451864,451881,451906,451943,451964,452036,452070,452100,normal
123,1051,452401,1256.6694444444445,NORMAL,N,452306,452323,452349,452387,452408,452479,452517,452547,normal
123,1052,452804,1257.7888888888888,NORMAL,N,452714,452729,452750,452792,452812,452882,452920,452949,normal
123,1053,453221,1258.9472222222223,NORMAL,N,453125,453142,453168,453207,453229,453303,453341,453372,normal
123,1054,453695,1260.263888888889,NORMAL,N,453602,453618,453643,453681,453702,453778,453812,453843,normal
123,1055,454130,1261.4722222222222,NORMAL,N,454041,454055,454077,454117,454138,454214,454250,454280,normal
123,1056,454559,1262.6638888888888,NORMAL,N,454466,454481,454504,454545,454566,454634,454674,454706,normal
123,1057,455005,1263.9027777777778,NORMAL,N,454916,454932,454955,454993,455013,455086,455125,455155,normal
123,1058,455438,1265.1055555555556,NORMAL,N,455353,455366,455388,455426,455446,455515,455553,455581,normal
123,1059,455830,1266.1944444444443,NORMAL,N,455742,455758,455778,455817,455838,455908,455944,455976,normal
123,1060,456263,1267.3972222222221,NORMAL,N,456172,456190,456214,456250,456271,456340,456377,456407,normal
123,1061,456688,1268.5777777777778,NORMAL,N,456600,456617,456639,456676,456695,456761,456799,456827,normal
123,1062,457073,1269.6472222222221,NORMAL,N,456978,456996,457018,457060,457081,457149,457186,457216,normal
123,1063,457489,1270.8027777777777,NORMAL,N,457397,457413,457438,457476,457496,457565,457603,457634,normal
123,1064,457908,1271.9666666666667,NORMAL,N,457814,457830,457854,457895,457916,457988,458026,458057,normal
123,1065,458294,1273.0388888888888,NORMAL,N,458203,458220,458243,458282,458301,458371,458407,458439,normal
123,1066,458691,1274.1416666666667,NORMAL,N,458600,458616,458641,458679,458699,458775,458810,458840,normal
123,1067,459136,1275.3777777777777,NORMAL,N,459045,459062,459086,459123,459144,459212,459250,459277,normal
123,1068,459558,1276.55,NORMAL,N,459471,459486,459507,459546,459565,459635,459672,459703,normal
123,1069,459970,1277.6944444444443,NORMAL,N,459880,459894,459918,459957,459977,460045,460081,460111,normal
123,1070,460404,1278.9,NORMAL,N,460313,460328,460352,460390,460412,460483,460521,460553,normal
123,1071,460858,1280.161111111111,NORMAL,N,460769,460785,460807,460845,460866,460930,460972,461000,normal
123,1072,461263,1281.286111111111,NORMAL,N,461171,461188,461210,461251,461270,461341,461378,461407,normal
123,1073,461748,1282.6333333333334,NORMAL,N,461657,461673,461696,461734,461755,461826,461861,461891,normal
123,1074,462214,1283.9277777777777,NORMAL,N,462125,462142,462161,462201,462222,462287,462327,462357,normal
123,1075,462628,1285.0777777777778,NORMAL,N,462538,462553,462574,462615,462635,462703,462740,462771,normal
123,1076,463082,1286.338888888889,NORMAL,N,462992,463007,463030,463069,463089,463160,463198,463227,normal
123,1077,463561,1287.6694444444445,NORMAL,N,463469,463488,463509,463549,463569,463640,463675,463706,normal
123,1078,463995,1288.875,NORMAL,N,463907,463924,463943,463983,464003,464073,464108,464137,normal
123,1079,464452,1290.1444444444444,NORMAL,N,464361,464377,464401,464439,464459,464531,464567,464593,normal
123,1080,464927,1291.463888888889,NORMAL,N,464833,464852,464875,464914,464935,465005,465038,465069,normal
123,1081,465362,1292.6722222222222,NORMAL,N,465273,465287,465307,465349,465370,465441,465477,465506,normal
123,1082,465778,1293.8277777777778,NORMAL,N,465685,465702,465727,465765,465786,465854,465892,465922,normal
123,1083,466240,1295.111111111111,NORMAL,N,466142,466161,466186,466227,466248,466325,466358,466388,normal
123,1084,466695,1296.375,NORMAL,N,466607,466622,466643,466682,466703,466771,466810,466841,normal
123,1085,467106,1297.5166666666667,NORMAL,N,467009,467025,467050,467092,467114,467189,467224,467256,normal
123,1086,467554,1298.7611111111112,NORMAL,N,467461,467478,467504,467541,467561,467633,467671,467700,normal
123,1087,468002,1300.0055555555555,NORMAL,N,467913,467928,467951,467989,468010,468084,468120,468153,normal
123,1088,468403,1301.1194444444445,NORMAL,N,468313,468330,468351,468390,468411,468480,468517,468544,normal
123,1089,468837,1302.325,NORMAL,N,468746,468762,468786,468823,468844,468918,468954,468983,normal
123,1090,469271,1303.5305555555556,NORMAL,N,469182,469197,469220,469259,469278,469347,469385,469415,normal
123,1091,469664,1304.6222222222223,NORMAL,N,469574,469589,469608,469651,469672,469736,469777,469809,normal
123,1092,470109,1305.8583333333333,NORMAL,N,470016,470032,470060,470096,470116,470187,470223,470255,normal
123,1093,470562,1307.1166666666666,NORMAL,N,470470,470486,470510,470548,470569,470639,470674,470703,normal
123,1094,470990,1308.3055555555557,NORMAL,N,470895,470914,470935,470978,470998,471069,471105,471136,normal
123,1095,471383,1309.3972222222221,NORMAL,N,471292,471307,471329,471370,471391,471459,471499,471528,normal
123,1096,471823,1310.6194444444445,NORMAL,N,471732,471747,471771,471809,471831,471903,471941,471973,normal
123,1097,472248,1311.8,NORMAL,N,472159,472176,472196,472236,472256,472323,472362,472394,normal
123,1098,472646,1312.9055555555556,NORMAL,N,472555,472571,472593,472633,472653,472730,472763,472794,normal
123,1099,473086,1314.1277777777777,NORMAL,N,472996,473012,473036,473073,473093,473166,473203,473231,normal
123,1100,473534,1315.3722222222223,NORMAL,N,473446,473462,473485,473522,473543,473612,473651,473682,normal
123,1101,473941,1316.5027777777777,NORMAL,N,473851,473867,473888,473929,473948,474017,474055,474086,normal
123,1102,474366,1317.6833333333334,NORMAL,N,474274,474290,474315,474353,474374,474446,474483,474514,normal
123,1103,474809,1318.9138888888888,NORMAL,N,474719,474733,474758,474796,474816,474887,474923,474954,normal
123,1104,475214,1320.0388888888888,NORMAL,N,475123,475138,475159,475201,475222,475294,475329,475359,normal
123,1105,475623,1321.175,NORMAL,N,475528,475546,475570,475610,475631,475705,475738,475768,normal
123,1106,476059,1322.3861111111112,NORMAL,N,475965,475983,476008,476046,476066,476141,476173,476204,normal
123,1107,476438,1323.4388888888889,NORMAL,N,476348,476364,476384,476426,476445,476519,476555,476584,normal
123,1108,476801,1324.4472222222223,NORMAL,N,476712,476727,476752,476788,476808,476879,476913,476945,normal
123,1109,477155,1325.4305555555557,NORMAL,N,477064,477080,477104,477142,477162,477232,477266,477298,normal
123,1110,477497,1326.3805555555555,NORMAL,N,477405,477422,477444,477484,477504,477578,477611,477640,normal
123,1111,477845,1327.3472222222222,NORMAL,N,477754,477770,477793,477832,477853,477921,477955,477989,normal
123,1112,478194,1328.3166666666666,NORMAL,N,478102,478119,478144,478181,478201,478270,478307,478338,normal
123,1113,478546,1329.2944444444445,NORMAL,N,478455,478471,478495,478532,478553,478625,478655,478687,normal
123,1114,478891,1330.2527777777777,NORMAL,N,478798,478815,478841,478878,478899,478967,479001,479034,normal
123,1115,479240,1331.2222222222222,NORMAL,N,479148,479163,479187,479227,479249,479323,479356,479386,normal
123,1116,479619,1332.275,NORMAL,N,479525,479541,479564,479605,479626,479695,479730,479760,normal
123,1117,480144,1333.7333333333333,NORMAL,N,480051,480069,480091,480130,480152,480225,480264,480293,normal
123,1118,480609,1335.025,NORMAL,N,480523,480536,480554,480597,480617,480683,480763,480789,biphasic_positive_negative
123,1119,481067,1336.2972222222222,NORMAL,N,480973,480992,481014,481054,481075,481150,481186,481219,normal
123,1120,481570,1337.6944444444443,NORMAL,N,481479,481497,481517,481557,481577,481643,481687,481718,normal
123,1121,482029,1338.9694444444444,NORMAL,N,481940,481956,481974,482016,482037,482110,482194,482218,biphasic_positive_negative
123,1122,482486,1340.2388888888888,NORMAL,N,482395,482413,482434,482473,482494,482566,482602,482634,normal
123,1123,482992,1341.6444444444444,NORMAL,N,482896,482917,482937,482978,482999,483070,483112,483141,normal
123,1124,483464,1342.9555555555555,NORMAL,N,483374,483391,483408,483452,483471,483543,483623,483653,biphasic_positive_negative
123,1125,483870,1344.0833333333333,NORMAL,N,483787,483799,483816,483857,483878,483963,483987,484030,normal
123,1126,484252,1345.1444444444444,NORMAL,N,484166,484181,484204,484239,484260,484326,484366,484396,normal
123,1127,484624,1346.1777777777777,NORMAL,N,,,,484611,484632,484695,484802,484811,biphasic_positive_negative
123,1128,484961,1347.1138888888888,NORMAL,N,484877,484887,484904,484949,484969,485042,485074,485097,normal
123,1129,485308,1348.0777777777778,NORMAL,N,485216,485234,485256,485295,485657,485389,485419,485455,normal
123,1130,485657,1349.0472222222222,NORMAL,N,485559,485576,485599,485637,,485727,485759,485790,normal
123,1131,486001,1350.0027777777777,NORMAL,N,485902,485918,485941,485980,486002,486071,486103,486131,normal
123,1132,486364,1351.0111111111112,NORMAL,N,486261,486278,486303,486342,486365,486430,486466,486494,normal
123,1133,486745,1352.0694444444443,NORMAL,N,486643,486659,486682,486723,487153,486820,486854,486884,normal
123,1134,487153,1353.2027777777778,NORMAL,N,487056,487069,487093,487132,,487227,487262,487290,normal
123,1135,487683,1354.675,NORMAL,N,487582,487601,487622,487661,488183,487755,487796,487827,normal
123,1136,488183,1356.0638888888889,NORMAL,N,488088,488102,488120,488162,,488249,488290,488322,normal
123,1137,488655,1357.375,NORMAL,N,488553,488571,488591,488633,489163,488725,488766,488796,normal
123,1138,489163,1358.786111111111,NORMAL,N,489064,489082,489104,489143,,489235,489270,489303,normal
123,1139,489638,1360.1055555555556,NORMAL,N,489538,489553,489573,489617,489639,489710,489796,489816,biphasic_positive_negative
123,1140,490095,1361.375,NORMAL,N,489990,490011,490031,490073,490569,490158,490200,490233,normal
123,1141,490569,1362.6916666666666,NORMAL,N,490468,490485,490506,490547,491030,490638,490677,490710,normal
123,1142,491030,1363.9722222222222,NORMAL,N,490937,490952,490969,491010,,491101,491181,491210,biphasic_positive_negative
123,1143,491516,1365.3222222222223,NORMAL,N,491410,491430,491452,491494,491517,491590,491626,491657,normal
123,1144,491993,1366.6472222222221,NORMAL,N,491895,491914,491933,491971,492420,492062,492101,492132,normal
123,1145,492420,1367.8333333333333,NORMAL,N,492314,492335,492355,492399,,492493,492530,492558,normal
123,1146,492900,1369.1666666666667,NORMAL,N,492799,492819,492841,492879,493364,492972,493007,493039,normal
123,1147,493364,1370.4555555555555,NORMAL,N,493264,493280,493301,493343,,493432,493471,493502,normal
123,1148,493790,1371.638888888889,NORMAL,N,493689,493707,493728,493768,493791,493857,493894,493925,normal
123,1149,494264,1372.9555555555555,NORMAL,N,494163,494180,494203,494242,494695,494334,494372,494402,normal
123,1150,494695,1374.1527777777778,NORMAL,N,494596,494613,494635,494674,,494766,494801,494829,normal
123,1151,495087,1375.2416666666666,NORMAL,N,494984,495001,495024,495065,495088,495161,495197,495226,normal
123,1152,495519,1376.4416666666666,NORMAL,N,495417,495434,495457,495498,495956,495590,495626,495656,normal
123,1153,495956,1377.6555555555556,NORMAL,N,495860,495877,495897,495935,496366,496028,496066,496098,normal
123,1154,496366,1378.7944444444445,NORMAL,N,496269,496284,496305,496345,,,496457,496488,positive_monophasic
123,1155,496820,1380.0555555555557,NORMAL,N,496725,496743,496768,496807,496828,496896,496936,496966,normal
123,1156,497281,1381.3361111111112,NORMAL,N,497193,497210,497230,497268,497289,497361,497398,497430,normal
123,1157,497697,1382.4916666666666,NORMAL,N,497604,497621,497645,497684,497705,497776,497811,497842,normal
123,1158,498151,1383.7527777777777,NORMAL,N,498059,498076,498101,498139,498159,498229,498265,498297,normal
123,1159,498582,1384.95,NORMAL,N,498495,498511,498532,498570,498590,498658,498692,498721,normal
123,1160,498989,1386.0805555555555,NORMAL,N,498896,498913,498934,498976,498996,499066,499100,499131,normal
123,1161,499458,1387.3833333333334,NORMAL,N,499368,499384,499408,499445,499465,499534,499574,499606,normal
123,1162,499928,1388.6888888888889,NORMAL,N,499838,499854,499876,499915,499936,500004,500041,500068,normal
123,1163,500342,1389.838888888889,NORMAL,N,500252,500267,500289,500329,500350,500421,500455,500486,normal
123,1164,500813,1391.1472222222221,NORMAL,N,500719,500735,500760,500799,500820,500890,500929,500960,normal
123,1165,501263,1392.3972222222221,NORMAL,N,501171,501188,501211,501251,501271,501337,501375,501405,normal
123,1166,501665,1393.513888888889,NORMAL,N,501570,501588,501610,501652,501673,501746,501780,501812,normal
123,1167,502097,1394.713888888889,NORMAL,N,502007,502022,502045,502083,502104,502175,502211,502244,normal
123,1168,502495,1395.8194444444443,NORMAL,N,502403,502420,502442,502482,502502,502582,502613,502643,normal
123,1169,502881,1396.8916666666667,NORMAL,N,502790,502806,502827,502869,502889,502957,502993,503024,normal
123,1170,503314,1398.0944444444444,NORMAL,N,503224,503239,503265,503301,503322,503395,503433,503462,normal
123,1171,503795,1399.4305555555557,NORMAL,N,503704,503721,503743,503782,503803,503873,503910,503941,normal
123,1172,504200,1400.5555555555557,NORMAL,N,504110,504126,504147,504187,504207,504278,504314,504345,normal
123,1173,504659,1401.8305555555555,NORMAL,N,504568,504585,504608,504645,504666,504736,504774,504804,normal
123,1174,505120,1403.111111111111,NORMAL,N,505027,505044,505068,505107,505128,505200,505238,505271,normal
123,1175,505537,1404.2694444444444,NORMAL,N,505447,505463,505484,505524,505544,505615,505650,505680,normal
123,1176,505938,1405.3833333333334,NORMAL,N,505849,505864,505888,505925,505946,506016,506051,506082,normal
123,1177,506317,1406.4361111111111,NORMAL,N,506223,506241,506264,506304,506324,506396,506431,506458,normal
123,1178,506663,1407.3972222222221,NORMAL,N,506574,506589,506610,506650,506671,506738,506775,506809,normal
123,1179,507005,1408.3472222222222,NORMAL,N,506917,506933,506955,506992,507012,507083,507117,507146,normal
123,1180,507344,1409.2888888888888,NORMAL,N,507256,507273,507296,507330,507351,507420,507453,507482,normal
123,1181,507686,1410.2388888888888,NORMAL,N,507595,507610,507636,507673,507693,507761,507796,507824,normal
123,1182,508050,1411.25,NORMAL,N,507958,507973,507996,508037,508057,508128,508164,508195,normal
123,1183,508558,1412.661111111111,NORMAL,N,508468,508485,508506,508544,508565,508632,508673,508705,normal
123,1184,509075,1414.0972222222222,NORMAL,N,508976,508998,509019,509062,509083,509157,509193,509224,normal
123,1185,509538,1415.3833333333334,NORMAL,N,509451,509464,509483,509525,509547,509614,509657,509684,normal
123,1186,510047,1416.7972222222222,NORMAL,N,509953,509971,509994,510033,510055,510130,510162,510192,normal
123,1187,510546,1418.1833333333334,NORMAL,N,510454,510474,510495,510534,510554,510626,510663,510692,normal
123,1188,511011,1419.475,NORMAL,N,510918,510936,510954,510999,511019,511087,511127,511158,normal
123,1189,511481,1420.7805555555556,NORMAL,N,511390,511408,511429,511468,511489,511554,511596,511626,normal
123,1190,511965,1422.125,NORMAL,N,511869,511889,511912,511952,511973,512037,512078,512108,normal
123,1191,512412,1423.3666666666666,NORMAL,N,512325,512340,512358,512399,512420,512491,512525,512553,normal
123,1192,512868,1424.6333333333334,NORMAL,N,512774,512789,512814,512854,512875,512940,512980,513012,normal
123,1193,513312,1425.8666666666666,NORMAL,N,513222,513237,513260,513299,513319,513391,513427,513459,normal
123,1194,513744,1427.0666666666666,NORMAL,N,513649,513666,513688,513730,513752,513824,513863,513894,normal
123,1195,514155,1428.2083333333333,NORMAL,N,514062,514078,514101,514141,514163,514232,514269,514299,normal
123,1196,514604,1429.4555555555555,NORMAL,N,514509,514526,514550,514591,514612,514687,514726,514758,normal
123,1197,515046,1430.6833333333334,NORMAL,N,514955,514972,514994,515033,515054,515127,515163,515194,normal
123,1198,515451,1431.8083333333334,NORMAL,N,515362,515376,515398,515438,515459,515526,515566,515599,normal
123,1199,515914,1433.0944444444444,NORMAL,N,515823,515839,515863,515901,515922,515987,516027,516057,normal
123,1200,516362,1434.338888888889,NORMAL,N,516273,516288,516310,516348,516369,516442,516478,516512,normal
123,1201,516779,1435.4972222222223,NORMAL,N,516691,516705,516728,516766,516787,516851,516891,516921,normal
123,1202,517186,1436.6277777777777,NORMAL,N,517096,517113,517134,517174,517194,517279,517361,517453,normal
123,1203,517577,1437.713888888889,NORMAL,N,517487,517506,517522,517565,517585,,,,
123,1204,517953,1438.7583333333334,NORMAL,N,517858,517875,517898,517940,517961,518034,518069,518097,normal
123,1205,518361,1439.8916666666667,NORMAL,N,518266,518283,518304,518347,518369,518442,518476,518508,normal
123,1206,518747,1440.963888888889,NORMAL,N,518654,518670,518693,518734,518755,518822,518858,518888,normal
123,1207,519176,1442.1555555555556,NORMAL,N,519081,519098,519120,519163,519184,519257,519290,519321,normal
123,1208,519612,1443.3666666666666,NORMAL,N,519523,519538,519562,519599,519620,519691,519725,519756,normal
123,1209,520015,1444.486111111111,NORMAL,N,519925,519941,519962,520002,520023,520092,520126,520154,normal
123,1210,520410,1445.5833333333333,NORMAL,N,520318,520334,520356,520396,520417,520486,520669,520686,biphasic_positive_negative
123,1211,520803,1446.675,NORMAL,N,520714,520727,520753,520791,520811,520878,520917,520946,normal
123,1212,521169,1447.6916666666666,NORMAL,N,521077,521097,521117,521156,521177,521246,521283,521312,normal
123,1213,521536,1448.7111111111112,NORMAL,N,521447,521462,521484,521523,521544,521612,521649,521679,normal
123,1214,521905,1449.736111111111,NORMAL,N,521812,521829,521851,521892,521913,521979,522018,522048,normal
123,1215,522296,1450.8222222222223,NORMAL,N,522201,522218,522243,522283,522303,522374,522409,522441,normal
123,1216,522664,1451.8444444444444,NORMAL,N,522572,522588,522610,522651,522672,522743,522776,522808,normal
123,1217,523024,1452.8444444444444,NORMAL,N,522933,522948,522971,523011,523032,523105,523141,523172,normal
123,1218,523416,1453.9333333333334,NORMAL,N,523321,523339,523363,523404,523423,523492,523532,523561,normal
123,1219,523795,1454.986111111111,NORMAL,N,523708,523723,523745,523782,523803,523868,523905,523936,normal
123,1220,524162,1456.0055555555555,NORMAL,N,524071,524088,524112,524150,524170,524237,524318,524338,biphasic_positive_negative
123,1221,524525,1457.013888888889,NORMAL,N,524435,524450,524474,524512,524532,524599,524634,524666,normal
123,1222,524902,1458.0611111111111,NORMAL,N,524811,524827,524850,524889,524910,524976,525019,525049,normal
123,1223,525274,1459.0944444444444,NORMAL,N,525183,525201,525222,525261,525281,525350,525385,525413,normal
123,1224,525614,1460.0388888888888,NORMAL,N,525530,525544,525564,525602,525622,525690,525727,525758,normal
123,1225,525978,1461.05,NORMAL,N,525881,525901,525926,525965,525986,526059,526088,526121,normal
123,1226,526332,1462.0333333333333,NORMAL,N,526240,526258,526283,526319,526340,526396,526484,526497,biphasic_positive_negative
123,1227,526666,1462.9611111111112,NORMAL,N,526583,526595,526613,526652,526674,526741,526779,526808,normal
123,1228,527020,1463.9444444444443,NORMAL,N,526957,526980,526996,527008,527028,527094,527132,527158,normal
123,1229,527368,1464.911111111111,NORMAL,N,527276,527292,527319,527355,527375,527442,527480,527509,normal
123,1230,527728,1465.911111111111,NORMAL,N,527634,527651,527673,527715,527736,527810,527843,527872,normal
123,1231,528088,1466.911111111111,NORMAL,N,527999,528014,528037,528076,528096,528164,528201,528231,normal
123,1232,528455,1467.9305555555557,NORMAL,N,528365,528380,528404,528443,528463,528532,528567,528596,normal
123,1233,528847,1469.0194444444444,NORMAL,N,528754,528770,528795,528834,528854,528925,528957,528985,normal
123,1234,529224,1470.0666666666666,NORMAL,N,529131,529147,529169,529211,529231,529299,529334,529364,normal
123,1235,529599,1471.1083333333333,NORMAL,N,529505,529522,529544,529586,529607,529676,529713,529742,normal
123,1236,530040,1472.3333333333333,NORMAL,N,529948,529964,529990,530026,530047,530114,530152,530182,normal
123,1237,530506,1473.6277777777777,NORMAL,N,530414,530430,530453,530493,530514,530591,530624,530656,normal
123,1238,530959,1474.8861111111112,NORMAL,N,530866,530884,530907,530946,530967,531032,531075,531104,normal
123,1239,531449,1476.2472222222223,NORMAL,N,531356,531372,531396,531436,531457,531532,531568,531598,normal
123,1240,531916,1477.5444444444445,NORMAL,N,531825,531843,531864,531904,531924,531994,532035,532066,normal
123,1241,532315,1478.6527777777778,NORMAL,N,532225,532242,532263,532302,532322,532390,532430,532462,normal
123,1242,532751,1479.8638888888888,NORMAL,N,532659,532673,532698,532737,532758,532828,532863,532892,normal
123,1243,533185,1481.0694444444443,NORMAL,N,533096,533113,533133,533172,533193,533262,533299,533330,normal
123,1244,533600,1482.2222222222222,NORMAL,N,533512,533528,533550,533588,533608,533680,533713,533743,normal
123,1245,534076,1483.5444444444445,NORMAL,N,533987,534002,534025,534063,534084,534153,534190,534223,normal
123,1246,534531,1484.8083333333334,NORMAL,N,534440,534456,534477,534518,534538,534607,534645,534681,normal
123,1247,534993,1486.0916666666667,NORMAL,N,534907,534922,534945,534980,535000,535065,535108,535139,normal
123,1248,535427,1487.2972222222222,NORMAL,N,535335,535351,535377,535414,535434,535509,535541,535570,normal
123,1249,535829,1488.4138888888888,NORMAL,N,535738,535754,535775,535816,535837,535905,535943,535971,normal
123,1250,536268,1489.6333333333334,NORMAL,N,536173,536190,536214,536255,536276,536347,536380,536409,normal
123,1251,536740,1490.9444444444443,NORMAL,N,536651,536667,536690,536727,536747,536819,536854,536885,normal
123,1252,537232,1492.3111111111111,NORMAL,N,537145,537160,537180,537219,537240,537310,537346,537377,normal
123,1253,537709,1493.6361111111112,NORMAL,N,537620,537637,537659,537696,537717,537783,537821,537853,normal
123,1254,538197,1494.9916666666666,NORMAL,N,538105,538126,538147,538184,538204,538273,538313,538342,normal
123,1255,538581,1496.0583333333334,NORMAL,N,538495,538508,538527,538568,538589,538664,538696,538727,normal
123,1256,538966,1497.1277777777777,NORMAL,N,538873,538891,538912,538953,538974,539042,539078,539107,normal
123,1257,539351,1498.1972222222223,NORMAL,N,539259,539275,539300,539338,539359,539428,539463,539492,normal
123,1258,539723,1499.2305555555556,NORMAL,N,539622,539642,539664,539709,539731,539803,539840,539869,normal
123,1259,540118,1500.3277777777778,NORMAL,N,540025,540040,540063,540104,540125,540197,540230,540259,normal
123,1260,540596,1501.6555555555556,NORMAL,N,540504,540520,540544,540582,540603,540676,540713,540745,normal
123,1261,541091,1503.0305555555556,NORMAL,N,540998,541016,541035,541078,541098,541168,541205,541237,normal
123,1262,541614,1504.4833333333333,NORMAL,N,541516,541537,541559,541600,541621,541695,541730,541763,normal
123,1263,542121,1505.8916666666667,NORMAL,N,542028,542048,542067,542108,542129,542199,542237,542269,normal
123,1264,542592,1507.2,NORMAL,N,542497,542515,542535,542580,542600,542668,542708,542740,normal
123,1265,543086,1508.5722222222223,NORMAL,N,542991,543010,543031,543073,543094,543166,543200,543228,normal
123,1266,543548,1509.8555555555556,NORMAL,N,543457,543473,543494,543535,543556,543624,543663,543696,normal
123,1267,543967,1511.0194444444444,NORMAL,N,543876,543893,543914,543953,543975,544045,544084,544116,normal
123,1268,544424,1512.2888888888888,NORMAL,N,544329,544345,544371,544410,544432,544504,544542,544573,normal
123,1269,544867,1513.5194444444444,NORMAL,N,544778,544791,544817,544854,544874,544939,544983,545013,normal
123,1270,545273,1514.6472222222221,NORMAL,N,545181,545196,545219,545260,545281,545357,545393,545425,normal
123,1271,545685,1515.7916666666667,NORMAL,N,545594,545609,545633,545671,545693,,545739,545799,positive_monophasic
123,1272,545876,1516.3222222222223,PVC,V,,,,545850,545889,545901,545998,546007,biphasic_negative_positive
123,1273,546121,1517.0027777777777,NORMAL,N,546035,546075,546096,546108,546128,546201,546235,546259,normal
123,1274,546483,1518.0083333333334,NORMAL,N,546390,546406,546428,546470,546490,546562,546598,546627,normal
123,1275,546864,1519.0666666666666,NORMAL,N,546771,546786,546809,546850,546872,546937,546977,547006,normal
123,1276,547250,1520.138888888889,NORMAL,N,547156,547172,547195,547236,547258,547328,547365,547394,normal
123,1277,547607,1521.1305555555555,NORMAL,N,547515,547532,547553,547594,547615,547682,547718,547746,normal
123,1278,547962,1522.1166666666666,NORMAL,N,547873,547888,547912,547949,547970,548043,548079,548108,normal
123,1279,548333,1523.1472222222221,NORMAL,N,548236,548256,548278,548320,548341,548407,548445,548476,normal
123,1280,548701,1524.1694444444445,NORMAL,N,548608,548625,548648,548688,548709,548777,548809,548839,normal
123,1281,549081,1525.225,NORMAL,N,548985,549002,549024,549068,549089,549161,549193,549224,normal
123,1282,549530,1526.4722222222222,NORMAL,N,549439,549454,549477,549516,549537,549604,549641,549670,normal
123,1283,550000,1527.7777777777778,NORMAL,N,549908,549924,549945,549987,550008,550080,550117,550147,normal
123,1284,550478,1529.1055555555556,NORMAL,N,550388,550404,550426,550464,550485,550550,550590,550622,normal
123,1285,550948,1530.411111111111,NORMAL,N,550855,550872,550895,550934,550955,551029,551066,551096,normal
123,1286,551389,1531.6361111111112,NORMAL,N,551300,551315,551337,551376,551396,551469,551505,551533,normal
123,1287,551819,1532.8305555555555,NORMAL,N,551723,551740,551765,551806,551827,551900,551937,551965,normal
123,1288,552307,1534.1861111111111,NORMAL,N,552217,552233,552255,552294,552315,552382,552422,552452,normal
123,1289,552775,1535.486111111111,NORMAL,N,552683,552700,552722,552762,552783,552857,552894,552923,normal
123,1290,553194,1536.65,NORMAL,N,553103,553119,553141,553181,553202,553273,553308,553340,normal
123,1291,553652,1537.9222222222222,NORMAL,N,553558,553575,553598,553639,553660,553733,553772,553804,normal
123,1292,554076,1539.1,NORMAL,N,553984,554001,554021,554063,554084,554155,554193,554222,normal
123,1293,554475,1540.2083333333333,NORMAL,N,554387,554403,554424,554462,554482,554555,554588,554618,normal
123,1294,554915,1541.4305555555557,NORMAL,N,554823,554840,554865,554901,554922,554990,555027,555059,normal
123,1295,555354,1542.65,NORMAL,N,555264,555280,555302,555341,555362,555435,555469,555502,normal
123,1296,555768,1543.8,NORMAL,N,555674,555691,555712,555755,555775,555844,555880,555910,normal
123,1297,556226,1545.0722222222223,NORMAL,N,556135,556150,556175,556212,556234,556301,556338,556366,normal
123,1298,556708,1546.411111111111,NORMAL,N,556620,556637,556658,556695,556716,556788,556822,556851,normal
123,1299,557097,1547.4916666666666,NORMAL,N,557009,557023,557043,557084,557105,557172,557209,557236,normal
123,1300,557458,1548.4944444444445,NORMAL,N,557366,557383,557406,557445,557466,557538,557574,557604,normal
123,1301,557821,1549.5027777777777,NORMAL,N,557728,557744,557770,557808,557828,557901,557933,557963,normal
123,1302,558177,1550.4916666666666,NORMAL,N,558087,558102,558123,558164,558185,558255,558288,558316,normal
123,1303,558552,1551.5333333333333,NORMAL,N,558454,558472,558497,558540,558560,558629,558663,558693,normal
123,1304,558951,1552.6416666666667,NORMAL,N,558854,558871,558896,558938,558958,559026,559060,559095,normal
123,1305,559443,1554.0083333333334,NORMAL,N,559350,559367,559389,559431,559451,559521,559560,559588,normal
123,1306,559944,1555.4,NORMAL,N,559850,559869,559890,559931,559951,560016,560054,560084,normal
123,1307,560448,1556.8,NORMAL,N,560356,560375,560396,560436,560456,560524,560562,560590,normal
123,1308,560928,1558.1333333333334,NORMAL,N,560837,560854,560874,560915,560936,561006,561045,561077,normal
123,1309,561430,1559.5277777777778,NORMAL,N,561336,561356,561377,561417,561438,561503,561543,561575,normal
123,1310,561903,1560.8416666666667,NORMAL,N,561811,561829,561849,561890,561910,561977,562016,562050,normal
123,1311,562341,1562.0583333333334,NORMAL,N,562253,562267,562287,562328,562348,562415,562454,562484,normal
123,1312,562787,1563.2972222222222,NORMAL,N,562695,562713,562735,562774,562795,562862,562899,562927,normal
123,1313,563248,1564.5777777777778,NORMAL,N,563153,563173,563196,563235,563255,563321,563360,563391,normal
123,1314,563656,1565.7111111111112,NORMAL,N,563563,563581,563602,563643,563663,563734,563773,563802,normal
123,1315,564090,1566.9166666666667,NORMAL,N,563992,564009,564034,564077,564098,564174,564206,564235,normal
123,1316,564539,1568.1638888888888,NORMAL,N,564449,564464,564487,564526,564547,564615,564654,564686,normal
123,1317,564961,1569.3361111111112,NORMAL,N,564867,564883,564906,564948,564968,565040,565079,565109,normal
123,1318,565346,1570.4055555555556,NORMAL,N,565258,565273,565294,565333,565354,565429,565464,565496,normal
123,1319,565717,1571.4361111111111,NORMAL,N,565629,565645,565668,565704,565724,565794,565831,565861,normal
123,1320,566088,1572.4666666666667,NORMAL,N,565998,566012,566037,566075,566096,566168,566200,566233,normal
123,1321,566442,1573.45,NORMAL,N,566351,566367,566388,566430,566450,566519,566556,566587,normal
123,1322,566819,1574.4972222222223,NORMAL,N,566725,566740,566764,566806,566827,566901,566934,566964,normal
123,1323,567239,1575.6638888888888,NORMAL,N,567146,567163,567184,567226,567247,567319,567351,567379,normal
123,1324,567665,1576.8472222222222,NORMAL,N,567572,567587,567610,567651,567673,567745,567780,567812,normal
123,1325,568197,1578.325,NORMAL,N,568101,568121,568144,568184,568205,568273,568313,568344,normal
123,1326,568669,1579.6361111111112,NORMAL,N,568578,568594,568614,568656,568677,568752,568787,568816,normal
123,1327,569130,1580.9166666666667,NORMAL,N,569037,569055,569076,569117,569138,569206,569243,569273,normal
123,1328,569617,1582.2694444444444,NORMAL,N,569521,569540,569562,569604,569625,569699,569737,569767,normal
123,1329,570069,1583.525,NORMAL,N,569982,569996,570013,570056,570077,570146,570229,570257,biphasic_positive_negative
123,1330,570498,1584.7166666666667,NORMAL,N,570401,570420,570445,570484,570506,570581,570619,570648,normal
123,1331,570956,1585.9888888888888,NORMAL,N,570864,570880,570903,570943,570964,571034,571072,571103,normal
123,1332,571374,1587.15,NORMAL,N,571283,571299,571321,571361,571382,571452,571494,571525,normal
123,1333,571780,1588.2777777777778,NORMAL,N,571692,571707,571729,571767,571788,571860,571895,571925,normal
123,1334,572239,1589.5527777777777,NORMAL,N,572148,572161,572186,572225,572247,572319,572356,572385,normal
123,1335,572727,1590.9083333333333,NORMAL,N,572640,572654,572674,572714,572735,572802,572842,572872,normal
123,1336,573156,1592.1,NORMAL,N,573066,573082,573102,573143,573164,573233,573275,573307,normal
123,1337,573637,1593.4361111111111,NORMAL,N,573548,573565,573588,573624,573645,573718,573756,573784,normal
123,1338,574075,1594.6527777777778,NORMAL,N,573989,574004,574025,574062,574083,574156,574195,574225,normal
123,1339,574536,1595.9333333333334,NORMAL,N,574446,574462,574486,574523,575008,574615,574651,574683,normal
123,1340,575008,1597.2444444444445,NORMAL,N,574910,574924,574947,574987,,575081,575116,575146,normal
123,1341,575429,1598.4138888888888,NORMAL,N,575341,575356,575378,575416,575436,575503,575542,575576,normal
123,1342,575930,1599.8055555555557,NORMAL,N,575837,575856,575878,575916,575937,576008,576048,576079,normal
123,1343,576417,1601.1583333333333,NORMAL,N,576331,576347,576367,576404,576847,576496,576535,576568,normal
123,1344,576847,1602.3527777777779,NORMAL,N,576751,576768,576786,576827,,576918,576954,576985,normal
123,1345,577296,1603.6,NORMAL,N,577205,577223,577245,577283,577304,577373,577412,577442,normal
123,1346,577738,1604.8277777777778,NORMAL,N,577649,577665,577686,577725,577746,577818,577853,577883,normal
123,1347,578112,1605.8666666666666,NORMAL,N,578021,578040,578061,578099,578120,578190,578225,578254,normal
123,1348,578474,1606.8722222222223,NORMAL,N,578384,578399,578423,578460,578482,578552,578588,578616,normal
123,1349,578851,1607.9194444444445,NORMAL,N,578747,578764,578790,578829,578852,578924,578958,578987,normal
123,1350,579201,1608.8916666666667,NORMAL,N,579109,579125,579147,579188,579209,579284,579316,579345,normal
123,1351,579587,1609.963888888889,NORMAL,N,579495,579511,579534,579574,580113,579666,579699,579729,normal
123,1352,580113,1611.425,NORMAL,N,580015,580034,580054,580092,,580187,580221,580250,normal
123,1353,580574,1612.7055555555555,NORMAL,N,580483,580500,580520,580561,580582,580650,580688,580718,normal
123,1354,581072,1614.088888888889,NORMAL,N,580977,580996,581018,581058,581079,581146,581186,581217,normal
123,1355,581545,1615.4027777777778,NORMAL,N,581447,581463,581483,581523,581546,581620,581658,581688,normal
123,1356,581980,1616.611111111111,NORMAL,N,581886,581905,581926,581967,581988,582060,582098,582126,normal
123,1357,582462,1617.95,NORMAL,N,582368,582386,582408,582449,582899,582540,582583,582614,normal
123,1358,582899,1619.1638888888888,NORMAL,N,582802,582817,582838,582878,,582970,583059,583076,biphasic_positive_negative
123,1359,583302,1620.2833333333333,NORMAL,N,583209,583226,583247,583288,583310,583380,583421,583452,normal
123,1360,583773,1621.5916666666667,NORMAL,N,583672,583691,583714,583752,584224,583846,583880,583912,normal
123,1361,584224,1622.8444444444444,NORMAL,N,584125,584143,584162,584203,584658,584294,584337,584366,normal
123,1362,584658,1624.05,NORMAL,N,584559,584576,584598,584638,585128,584728,584765,584798,normal
123,1363,585128,1625.3555555555556,NORMAL,N,585035,585049,585072,585108,,585200,585236,585266,normal
123,1364,585587,1626.6305555555555,NORMAL,N,585491,585506,585528,585566,585588,585652,585694,585724,normal
123,1365,586002,1627.7833333333333,NORMAL,N,585903,585920,585941,585981,586003,586072,586110,586143,normal
123,1366,586462,1629.0611111111111,NORMAL,N,586362,586378,586404,586441,586889,586532,586567,586597,normal
123,1367,586889,1630.2472222222223,NORMAL,N,586791,586807,586828,586868,587303,586956,586996,587029,normal
123,1368,587303,1631.3972222222221,NORMAL,N,587199,587217,587243,587283,,587377,587409,587439,normal
123,1369,587745,1632.625,NORMAL,N,587643,587660,587685,587724,587746,587813,587850,587882,normal
123,1370,588165,1633.7916666666667,NORMAL,N,588063,588081,588103,588144,588166,588243,588273,588303,normal
123,1371,588570,1634.9166666666667,NORMAL,N,588470,588487,588509,588549,589021,588640,588678,588709,normal
123,1372,589021,1636.1694444444445,NORMAL,N,588921,588937,588962,588999,,589094,589130,589159,normal
123,1373,589442,1637.338888888889,NORMAL,N,589346,589360,589381,589422,589443,589514,589548,589578,normal
123,1374,589854,1638.4833333333333,NORMAL,N,589755,589771,589794,589832,589855,589927,589964,589993,normal
123,1375,590320,1639.7777777777778,NORMAL,N,590222,590237,590261,590299,590765,590394,590428,590460,normal
123,1376,590765,1641.013888888889,NORMAL,N,590669,590687,590707,590744,,590837,590874,590905,normal
123,1377,591191,1642.1972222222223,NORMAL,N,591093,591109,591130,591171,591652,591259,591299,591330,normal
123,1378,591652,1643.4777777777779,NORMAL,N,591551,591567,591594,591631,,591721,591761,591792,normal
123,1379,592111,1644.7527777777777,NORMAL,N,592014,592031,592051,592090,592112,592183,592218,592245,normal
123,1380,592518,1645.8833333333334,NORMAL,N,592420,592434,592457,592496,592970,592587,592622,592653,normal
123,1381,592970,1647.138888888889,NORMAL,N,592870,592887,592912,592950,593383,593039,593078,593108,normal
123,1382,593383,1648.286111111111,NORMAL,N,593284,593299,593321,593361,,593452,593485,593515,normal
123,1383,593775,1649.375,NORMAL,N,593673,593689,593712,593753,593776,593847,593880,593910,normal
123,1384,594204,1650.5666666666666,NORMAL,N,594105,594120,594144,594182,594629,594273,594310,594342,normal
123,1385,594629,1651.7472222222223,NORMAL,N,594529,594545,594567,594608,,594705,594739,594770,normal
123,1386,595032,1652.8666666666666,NORMAL,N,594933,594948,594969,595010,595497,595099,595137,595167,normal
123,1387,595497,1654.1583333333333,NORMAL,N,595396,595411,595437,595475,,595614,595701,595769,inverted
123,1388,595969,1655.4694444444444,NORMAL,N,595878,595895,595917,595956,595977,596049,596087,596121,normal
123,1389,596381,1656.6138888888888,NORMAL,N,596295,596309,596329,596368,596389,596459,596498,596529,normal
123,1390,596838,1657.8833333333334,NORMAL,N,596748,596763,596790,596825,596846,596916,596953,596984,normal
123,1391,597316,1659.2111111111112,NORMAL,N,597223,597241,597262,597303,597324,597396,597434,597466,normal
123,1392,597742,1660.3944444444444,NORMAL,N,597654,597669,597691,597729,597749,597817,597855,597884,normal
123,1393,598167,1661.575,NORMAL,N,598078,598092,598116,598153,598174,598244,598283,598311,normal
123,1394,598636,1662.8777777777777,NORMAL,N,598548,598564,598587,598623,598644,598714,598750,598784,normal
123,1395,599061,1664.0583333333334,NORMAL,N,598971,598987,599010,599048,599068,599137,599173,599203,normal
123,1396,599445,1665.125,NORMAL,N,599352,599370,599392,599432,599452,599524,599557,599590,normal
123,1397,599852,1666.2555555555555,NORMAL,N,599761,599777,599802,599839,599860,,599902,599966,positive_monophasic
123,1398,600046,1666.7944444444445,PVC,V,,,,600022,600060,600072,600113,600163,inverted
123,1399,600266,1667.4055555555556,NORMAL,N,600164,600166,600195,600254,600274,600359,600382,600406,normal
123,1400,600573,1668.2583333333334,NORMAL,N,600484,600499,600520,600560,600581,600650,600689,600718,normal
123,1401,600924,1669.2333333333333,NORMAL,N,600833,600849,600872,600912,600932,600998,601035,601064,normal
123,1402,601288,1670.2444444444445,NORMAL,N,601188,601207,601232,601275,601295,601363,601400,601430,normal
123,1403,601683,1671.3416666666667,NORMAL,N,601584,601603,601625,601670,601691,601764,601798,601827,normal
123,1404,602231,1672.8638888888888,NORMAL,N,602140,602158,602179,602218,602239,602307,602346,602375,normal
123,1405,602725,1674.236111111111,NORMAL,N,602634,602651,602671,602712,602733,602798,602880,602911,biphasic_positive_negative
123,1406,603233,1675.6472222222221,NORMAL,N,603138,603157,603181,603219,603240,603314,603345,603376,normal
123,1407,603738,1677.05,NORMAL,N,603644,603665,603686,603725,603745,603813,603851,603884,normal
123,1408,604205,1678.3472222222222,NORMAL,N,604116,604130,604148,604192,604212,604282,604320,604349,normal
123,1409,604700,1679.7222222222222,NORMAL,N,604612,604629,604650,604687,604707,604771,604811,604842,normal
123,1410,605179,1681.0527777777777,NORMAL,N,605089,605107,605128,605166,605186,605261,605294,605329,normal
123,1411,605618,1682.2722222222221,NORMAL,N,605527,605544,605563,605605,605625,605699,605734,605763,normal
123,1412,606059,1683.4972222222223,NORMAL,N,605965,605982,606005,606045,606066,606136,606171,606201,normal
123,1413,606505,1684.736111111111,NORMAL,N,606414,606432,606453,606491,606512,606583,606619,606650,normal
123,1414,606932,1685.9222222222222,NORMAL,N,606838,606856,606877,606919,606940,607009,607046,607079,normal
123,1415,607347,1687.075,NORMAL,N,607253,607271,607295,607335,607355,607425,607460,607492,normal
123,1416,607790,1688.3055555555557,NORMAL,N,607697,607713,607736,607776,607798,607866,607907,607935,normal
123,1417,608244,1689.5666666666666,NORMAL,N,608155,608171,608193,608231,608251,608321,608417,608435,biphasic_positive_negative
123,1418,608661,1690.725,NORMAL,N,608568,608583,608606,608648,608669,608742,608779,608809,normal
123,1419,609130,1692.0277777777778,NORMAL,N,609039,609054,609079,609117,609138,609204,609244,609274,normal
123,1420,609588,1693.3,NORMAL,N,609492,609510,609532,609574,609595,609669,609706,609737,normal
123,1421,610000,1694.4444444444443,NORMAL,N,609910,609926,609946,609987,610008,610079,610117,610147,normal
123,1422,610432,1695.6444444444444,NORMAL,N,610341,610355,610379,610418,610439,610508,610548,610578,normal
123,1423,610851,1696.8083333333334,NORMAL,N,610761,610777,610799,610838,610859,610930,610965,610996,normal
123,1424,611244,1697.9,NORMAL,N,611152,611168,611190,611231,611252,611325,611360,611390,normal
123,1425,611672,1699.088888888889,NORMAL,N,611581,611598,611622,611660,611679,611753,611787,611816,normal
123,1426,612085,1700.236111111111,NORMAL,N,611996,612010,612031,612072,612093,612167,612199,612229,normal
123,1427,612493,1701.3694444444445,NORMAL,N,612398,612414,612438,612480,612500,612571,612604,612635,normal
123,1428,612946,1702.6277777777777,NORMAL,N,612852,612870,612894,612933,612953,613023,613058,613086,normal
123,1429,613387,1703.8527777777779,NORMAL,N,613297,613313,613335,613375,613395,613465,613502,613533,normal
123,1430,613808,1705.0222222222221,NORMAL,N,613716,613732,613753,613795,613816,613884,613923,613954,normal
123,1431,614263,1706.286111111111,NORMAL,N,614171,614187,614211,614249,614271,614346,614380,614412,normal
123,1432,614693,1707.4805555555556,NORMAL,N,614602,614619,614640,614680,614700,614774,614807,614837,normal
123,1433,615083,1708.5638888888889,NORMAL,N,614987,615005,615028,615070,615091,615168,615201,615234,normal
123,1434,615520,1709.7777777777778,NORMAL,N,615428,615445,615469,615506,615527,615601,615637,615668,normal
123,1435,615925,1710.9027777777778,NORMAL,N,615839,615853,615873,615913,615933,616006,616044,616077,normal
123,1436,616323,1712.0083333333334,NORMAL,N,616232,616247,616269,616310,616331,616401,616436,616467,normal
123,1437,616748,1713.1888888888889,NORMAL,N,616657,616673,616698,616735,616755,616825,616862,616895,normal
123,1438,617153,1714.3138888888889,NORMAL,N,617060,617079,617101,617140,617161,617233,617266,617295,normal
123,1439,617522,1715.338888888889,NORMAL,N,617432,617447,617469,617510,617530,617600,617635,617665,normal
123,1440,617885,1716.3472222222222,NORMAL,N,617791,617808,617831,617872,617893,617966,618003,618034,normal
123,1441,618248,1717.3555555555556,NORMAL,N,618158,618173,618197,618235,618256,618322,618361,618392,normal
123,1442,618600,1718.3333333333333,NORMAL,N,618510,618527,618548,618586,618607,618673,618709,618740,normal
123,1443,618977,1719.3805555555555,NORMAL,N,618884,618900,618925,618964,618985,619049,619088,619117,normal
123,1444,619465,1720.736111111111,NORMAL,N,619374,619389,619411,619452,619473,619542,619580,619612,normal
123,1445,619939,1722.0527777777777,NORMAL,N,619849,619865,619886,619926,619947,620019,620054,620086,normal
123,1446,620440,1723.4444444444443,NORMAL,N,620345,620365,620388,620427,620447,620517,620557,620585,normal
123,1447,620929,1724.8027777777777,NORMAL,N,620837,620855,620875,620916,620936,621007,621044,621074,normal
123,1448,621358,1725.9944444444445,NORMAL,N,621270,621286,621305,621345,621366,621433,621475,621503,normal
123,1449,621828,1727.3,NORMAL,N,621734,621754,621775,621815,621835,621907,621944,621975,normal
123,1450,622291,1728.5861111111112,NORMAL,N,622197,622217,622238,622278,622299,622372,622411,622444,normal
123,1451,622716,1729.7666666666667,NORMAL,N,622627,622644,622664,622704,622724,622788,622882,622904,biphasic_positive_negative
123,1452,623150,1730.9722222222222,NORMAL,N,623059,623075,623098,623137,623157,623227,623266,623297,normal
123,1453,623619,1732.275,NORMAL,N,623530,623547,623570,623607,623627,623694,623735,623767,normal
123,1454,624045,1733.4583333333333,NORMAL,N,623958,623974,623993,624033,624053,624118,624204,624229,biphasic_positive_negative
123,1455,624447,1734.575,NORMAL,N,624352,624369,624394,624434,624454,624523,624558,624587,normal
123,1456,624893,1735.8138888888889,NORMAL,N,624802,624819,624843,624880,624900,624967,625008,625039,normal
123,1457,625326,1737.0166666666667,NORMAL,N,625236,625252,625274,625314,625335,625405,625443,625473,normal
123,1458,625728,1738.1333333333334,NORMAL,N,625637,625651,625675,625716,625736,625811,625842,625870,normal
123,1459,626165,1739.3472222222222,NORMAL,N,626069,626087,626112,626152,626173,626250,626284,626315,normal
123,1460,626575,1740.486111111111,NORMAL,N,626483,626499,626521,626563,626583,626660,626693,626723,normal
123,1461,626976,1741.6,NORMAL,N,626888,626903,626924,626962,626983,627051,627089,627120,normal
123,1462,627410,1742.8055555555557,NORMAL,N,627318,627333,627357,627397,627417,627488,627524,627555,normal
123,1463,627840,1744.0,NORMAL,N,627751,627766,627788,627827,627848,627919,627954,627986,normal
123,1464,628256,1745.1555555555556,NORMAL,N,628165,628181,628203,628243,628264,628331,628369,628397,normal
123,1465,628723,1746.4527777777778,NORMAL,N,628632,628649,628672,628710,628730,628797,628834,628863,normal
123,1466,629217,1747.825,NORMAL,N,629130,629144,629168,629204,629225,629297,629331,629360,normal
123,1467,629659,1749.0527777777777,NORMAL,N,629570,629585,629606,629646,629666,629731,629768,629797,normal
123,1468,630089,1750.2472222222223,NORMAL,N,629998,630014,630037,630075,630097,630167,630203,630231,normal
123,1469,630525,1751.4583333333333,NORMAL,N,630433,630449,630473,630511,630532,630604,630639,630669,normal
123,1470,630940,1752.611111111111,NORMAL,N,630842,630861,630883,630927,630948,631018,631057,631089,normal
123,1471,631367,1753.7972222222222,NORMAL,N,631275,631290,631314,631354,631374,631446,631482,631512,normal
123,1472,631853,1755.1472222222221,NORMAL,N,631756,631773,631798,631839,631861,631935,631971,632002,normal
123,1473,632310,1756.4166666666667,NORMAL,N,632219,632235,632257,632297,632318,632391,632427,632454,normal
123,1474,632752,1757.6444444444444,NORMAL,N,632656,632672,632698,632738,632759,632828,632868,632897,normal
123,1475,633207,1758.9083333333333,NORMAL,N,633119,633134,633157,633194,633215,633286,633324,633354,normal
123,1476,633648,1760.1333333333334,NORMAL,N,633557,633573,633593,633636,633657,633732,633768,633796,normal
123,1477,634056,1761.2666666666667,NORMAL,N,633966,633981,634005,634043,634064,634129,634170,634202,normal
123,1478,634503,1762.5083333333334,NORMAL,N,634412,634428,634453,634491,634511,634586,634624,634658,normal
123,1479,634950,1763.75,NORMAL,N,634860,634876,634897,634937,634958,635032,635068,635101,normal
123,1480,635360,1764.888888888889,NORMAL,N,635272,635288,635309,635347,635368,635435,635472,635501,normal
123,1481,635791,1766.0861111111112,NORMAL,N,635701,635717,635741,635778,635798,635871,635908,635935,normal
123,1482,636226,1767.2944444444445,NORMAL,N,636133,636152,636173,636213,636234,636308,636343,636372,normal
123,1483,636625,1768.4027777777778,NORMAL,N,636531,636548,636569,636612,636633,636700,636739,636767,normal
123,1484,637057,1769.6027777777779,NORMAL,N,636967,636983,637007,637044,637065,637132,637172,637204,normal
123,1485,637518,1770.8833333333334,NORMAL,N,637426,637442,637467,637505,637526,637600,637634,637663,normal
123,1486,637935,1772.0416666666667,NORMAL,N,637842,637858,637879,637922,637943,638017,638050,638079,normal
123,1487,638324,1773.1222222222223,NORMAL,N,638230,638247,638270,638311,638331,638403,638441,638469,normal
123,1488,638745,1774.2916666666667,NORMAL,N,638650,638666,638693,638732,638752,638824,638861,638890,normal
123,1489,639157,1775.4361111111111,NORMAL,N,639066,639082,639102,639145,639165,639239,639277,639305,normal
123,1490,639561,1776.5583333333334,NORMAL,N,639470,639487,639506,639548,639569,639641,639676,639706,normal
123,1491,639974,1777.7055555555555,NORMAL,N,639883,639899,639922,639961,639981,640051,640087,640118,normal
123,1492,640377,1778.825,NORMAL,N,640284,640301,640328,640364,640385,640458,640492,640521,normal
123,1493,640742,1779.838888888889,NORMAL,N,640650,640667,640688,640730,640750,640819,640854,640882,normal
123,1494,641079,1780.775,NORMAL,N,640989,641006,641026,641066,641086,641155,641194,641224,normal
123,1495,641426,1781.7388888888888,NORMAL,N,641337,641352,641376,641413,641433,641504,641537,641566,normal
123,1496,641758,1782.661111111111,NORMAL,N,641670,641685,641708,641745,641766,641836,641868,641899,normal
123,1497,642099,1783.6083333333333,NORMAL,N,642006,642023,642047,642086,642107,642177,642214,642244,normal
123,1498,642454,1784.5944444444444,NORMAL,N,642363,642379,642401,642441,642462,642534,642565,642594,normal
123,1499,642816,1785.6,NORMAL,N,642723,642742,642764,642803,642823,642893,642929,642959,normal
123,1500,643219,1786.7194444444444,NORMAL,N,643126,643143,643168,643207,643227,643294,643332,643362,normal
123,1501,643628,1787.8555555555556,NORMAL,N,643533,643551,643577,643615,643636,643709,643738,643771,normal
123,1502,644008,1788.911111111111,NORMAL,N,643912,643929,643952,643995,644016,644085,644267,644276,biphasic_positive_negative
123,1503,644402,1790.0055555555555,NORMAL,N,644315,644325,644340,644388,644795,644494,644678,644688,biphasic_positive_negative
123,1504,644795,1791.0972222222222,NORMAL,N,644700,644713,644739,644774,,644861,644905,644934,normal
123,1505,645150,1792.0833333333333,NORMAL,N,645064,645078,645101,645138,645158,645225,645307,645328,biphasic_positive_negative
123,1506,645514,1793.0944444444444,NORMAL,N,645415,645432,645454,645492,645515,645578,645670,645691,biphasic_positive_negative
123,1507,645953,1794.3138888888889,NORMAL,N,645861,645877,645901,645939,645961,646030,646066,646093,normal
123,1508,646356,1795.4333333333334,NORMAL,N,646263,646279,646305,646343,646364,646429,646471,646499,normal
123,1509,646737,1796.4916666666666,NORMAL,N,646643,646659,646683,646725,646745,646811,646853,646882,normal
123,1510,647119,1797.5527777777777,NORMAL,N,647028,647044,647068,647106,647126,647193,647234,647263,normal
123,1511,647506,1798.6277777777777,NORMAL,N,647413,647431,647454,647494,647514,647589,647670,647689,biphasic_positive_negative
123,1512,647877,1799.6583333333333,NORMAL,N,647786,647802,647824,647864,647885,647952,647990,648018,normal
123,1513,648248,1800.6888888888889,NORMAL,N,648155,648172,648195,648235,648256,648324,648360,648388,normal
123,1514,648627,1801.7416666666666,NORMAL,N,648530,648547,648574,648614,648635,648707,648853,648862,biphasic_positive_negative
123,1515,648999,1802.775,NORMAL,N,648909,648922,648947,648986,649006,649081,649114,649141,normal
123,1516,649343,1803.7305555555556,NORMAL,N,649255,649271,649293,649331,649350,649416,649451,649485,normal
