record,beat_number,qrs_sample,qrs_seconds,qrs_annotation,qrs_symbol,p_onset_sample,p_peak_sample,p_offset_sample,qrs_onset_sample,qrs_offset_sample,t_onset_sample,t_peak_sample,t_offset_sample,t_wave_type
217,1,197,0.5472222222222223,PACE,/,,,,180,252,266,310,360,normal
217,2,526,1.461111111111111,PACE,/,,,,469,560,575,621,671,normal
217,3,837,2.325,PACE,/,697,726,741,779,872,879,932,980,normal
217,4,1155,3.2083333333333335,PACE,/,1043,1054,1066,1107,1193,1209,1252,1299,normal
217,5,1460,4.055555555555555,PACE,/,,,,1407,1485,1518,1553,1594,normal
217,6,1734,4.816666666666666,PFUS,f,,,,1712,1779,1846,1867,1883,inverted
217,7,2056,5.711111111111111,PACE,/,1946,1957,1967,2011,2089,2113,2148,2186,normal
217,8,2348,6.522222222222222,PACE,/,,,,2303,2390,2402,2441,2482,normal
217,9,2654,7.372222222222222,PACE,/,,,,2606,2689,2709,2743,2782,normal
217,10,2952,8.2,PACE,/,2840,2858,2869,2903,2988,3008,3047,3088,normal
217,11,3260,9.055555555555555,PACE,/,,,,3211,3300,3318,3357,3400,normal
217,12,3569,9.91388888888889,PACE,/,,,,3513,3604,3616,3665,3712,normal
217,13,3880,10.777777777777779,PACE,/,3749,3774,3787,3832,3915,3927,3972,4015,normal
217,14,4177,11.602777777777778,PACE,/,,,,4130,4212,4228,4263,4305,normal
217,15,4459,12.386111111111111,PACE,/,4337,4361,4366,4404,4489,4510,4547,4587,normal
217,16,4743,13.175,PACE,/,,,,4698,4778,4789,4841,4881,normal
217,17,5046,14.016666666666667,PACE,/,4954,4969,4989,5001,5082,5098,5141,5186,normal
217,18,5360,14.88888888888889,PACE,/,5276,5287,5302,5308,5399,5415,5462,5509,normal
217,19,5688,15.8,PACE,/,,,,5642,5726,5737,5784,5830,normal
217,20,5990,16.63888888888889,PACE,/,5864,5870,5881,5944,6025,6035,6085,6130,normal
217,21,6283,17.45277777777778,PACE,/,6155,6183,6200,6235,6317,6332,6371,6417,normal
217,22,6573,18.258333333333333,PACE,/,,,,6527,6606,6623,6663,6706,normal
217,23,6877,19.102777777777778,PACE,/,6778,6790,6810,6831,6911,6929,6967,7011,normal
217,24,7176,19.933333333333334,PACE,/,7013,7023,7031,7119,7215,7233,7274,7317,normal
217,25,7489,20.802777777777777,PACE,/,,,,7439,7527,7541,7587,7634,normal
217,26,7797,21.658333333333335,PACE,/,,,,7751,7833,7851,7892,7939,normal
217,27,8101,22.502777777777776,PACE,/,7979,7993,7999,8046,8137,8143,8196,8240,normal
217,28,8402,23.33888888888889,PACE,/,,,,8355,8439,8453,8495,8541,normal
217,29,8695,24.15277777777778,PACE,/,,,,8641,8730,8744,8781,8823,normal
217,30,8978,24.93888888888889,PACE,/,8891,8902,8912,8935,9014,9026,9073,9118,normal
217,31,9278,25.772222222222222,PACE,/,9119,9125,9133,9225,9311,9327,9370,9412,normal
217,32,9582,26.616666666666667,PACE,/,,,,9531,9620,9638,9680,9729,normal
217,33,9908,27.522222222222222,PACE,/,,,,9862,9943,9957,10004,10051,normal
217,34,10215,28.375,PACE,/,,,,10166,10249,10268,10311,10356,normal
217,35,10512,29.2,PACE,/,10393,10413,10422,10462,10544,10554,10603,10646,normal
217,36,10799,29.997222222222224,PACE,/,,,,10744,10832,10852,10889,10935,normal
217,37,11090,30.805555555555557,PACE,/,,,,11047,11123,11138,11178,11220,normal
217,38,11383,31.619444444444444,PACE,/,11283,11294,11321,11339,11417,11427,11476,11521,normal
217,39,11700,32.5,PACE,/,,,,11648,11717,11719,11806,11851,normal
217,40,12024,33.4,PACE,/,,,,11973,12062,12084,12117,12163,normal
217,41,12325,34.236111111111114,PACE,/,,,,12277,12358,12376,12416,12463,normal
217,42,12626,35.07222222222222,PACE,/,,,,12578,12660,12685,12718,12763,normal
217,43,12919,35.88611111111111,PACE,/,12813,12829,12839,12874,12952,12965,13010,13053,normal
217,44,13204,36.67777777777778,PACE,/,13054,13109,13118,13159,13237,13255,13297,13345,normal
217,45,13505,37.513888888888886,PACE,/,,,,13448,13540,,13543,13591,positive_monophasic
217,46,13696,38.044444444444444,PVC,V,,,,13674,13728,13748,13782,13839,inverted
217,47,14008,38.91111111111111,PACE,/,,,,13991,14078,14086,14139,14194,normal
217,48,14353,39.86944444444445,PACE,/,,,,14306,14389,14409,14447,14495,normal
217,49,14659,40.71944444444444,PACE,/,14535,14568,14579,14608,14692,14704,14755,14795,normal
217,50,14957,41.547222222222224,PACE,/,14860,14879,14902,14915,14980,15006,15041,15084,normal
217,51,15245,42.34722222222222,PACE,/,,,,15195,15278,15297,15332,15373,normal
217,52,15528,43.13333333333333,PACE,/,15405,15435,15444,15481,15569,15576,15619,15660,normal
217,53,15827,43.96388888888889,PACE,/,15665,15674,15689,15780,15861,15886,15924,15973,normal
217,54,16145,44.84722222222222,PACE,/,,,,16094,16182,16190,16246,16292,normal
217,55,16465,45.736111111111114,PACE,/,16369,16382,16408,16420,16501,16521,16556,16605,normal
217,56,16760,46.55555555555556,PACE,/,,,,16707,16797,16814,16855,16896,normal
217,57,17063,47.397222222222226,PACE,/,,,,17008,17095,17117,17155,17195,normal
217,58,17347,48.18611111111111,PACE,/,,,,17305,17383,17398,17436,17480,normal
217,59,17635,48.986111111111114,PACE,/,17516,17544,17562,17591,17673,17684,17730,17778,normal
217,60,17946,49.85,PACE,/,17812,17832,17849,17896,17981,17998,18039,18086,normal
217,61,18251,50.69722222222222,PACE,/,18126,18159,18176,18202,18285,18304,18346,18393,normal
217,62,18558,51.55,PACE,/,18456,18472,18483,18514,18595,18609,18655,18702,normal
217,63,18870,52.416666666666664,PACE,/,,,,18821,18908,18924,18963,19008,normal
217,64,19170,53.25,PACE,/,,,,19125,19204,19215,19261,19304,normal
217,65,19463,54.06388888888889,PACE,/,19362,19373,19385,19419,19499,19516,19552,19598,normal
217,66,19745,54.84722222222222,PACE,/,19603,19609,19664,19698,19781,19797,19839,19881,normal
217,67,20039,55.66388888888889,PACE,/,,,,19993,20057,20095,20137,20181,normal
217,68,20346,56.516666666666666,PACE,/,,,,20303,20385,20403,20444,20493,normal
217,69,20667,57.40833333333333,PACE,/,,,,20616,20703,20725,20762,20810,normal
217,70,20979,58.275,PACE,/,20864,20883,20897,20923,21012,21028,21071,21114,normal
217,71,21278,59.105555555555554,PACE,/,21153,21200,21213,21230,21311,21327,21368,21415,normal
217,72,21567,59.90833333333333,PACE,/,21416,21421,21434,21521,21600,21619,21652,21694,normal
217,73,21846,60.68333333333333,PACE,/,,,,21803,21881,21899,21941,21983,normal
217,74,22157,61.547222222222224,PACE,/,22031,22057,22077,22109,22195,22214,22254,22302,normal
217,75,22469,62.41388888888889,PACE,/,22332,22362,22378,22418,22509,22523,22569,22620,normal
217,76,22786,63.294444444444444,PACE,/,,,,22730,22820,22836,22881,22930,normal
217,77,23092,64.14444444444445,PACE,/,,,,23037,23128,23141,23190,23236,normal
217,78,23398,64.99444444444444,PACE,/,,,,23352,23433,23443,23487,23530,normal
217,79,23691,65.80833333333334,PACE,/,,,,23646,23723,23739,23779,23821,normal
217,80,23981,66.6138888888889,PACE,/,23823,23857,23886,23930,24015,24025,24079,24120,normal
217,81,24280,67.44444444444444,PACE,/,,,,24238,24305,24336,24369,24410,normal
217,82,24580,68.27777777777777,PACE,/,24458,24469,24488,24535,24617,24632,24674,24715,normal
217,83,24890,69.13888888888889,PACE,/,,,,24840,24925,24946,24988,25038,normal
217,84,25204,70.0111111111111,PACE,/,25064,25086,25117,25156,25242,25262,25301,25344,normal
217,85,25510,70.86111111111111,PACE,/,,,,25464,25545,25566,25604,25647,normal
217,86,25776,71.6,PACE,/,,,,25762,25824,25851,25883,25927,normal
217,87,26058,72.38333333333334,PACE,/,,,,26042,26105,26132,26167,26211,normal
217,88,26381,73.28055555555555,PACE,/,,,,26336,26418,26436,26475,26517,normal
217,89,26680,74.11111111111111,PACE,/,,,,26631,26713,26736,26779,26820,normal
217,90,26994,74.98333333333333,PACE,/,,,,26938,27031,27040,27094,27138,normal
217,91,27277,75.76944444444445,PACE,/,,,,27264,27334,27365,27401,27445,normal
217,92,27583,76.61944444444444,PACE,/,,,,27558,27643,27661,27705,27749,normal
217,93,27874,77.42777777777778,PACE,/,,,,27859,27939,27959,27993,28038,normal
217,94,28166,78.2388888888889,PACE,/,,,,28149,28228,28250,28287,28326,normal
217,95,28463,79.06388888888888,PACE,/,,,,28443,28512,28538,28574,28622,normal
217,96,28770,79.91666666666667,PFUS,f,28661,28684,28713,28739,28781,,28820,28869,negative_monophasic
217,97,28977,80.49166666666666,PVC,V,,,,28873,28990,29015,29063,29137,inverted
217,98,29296,81.37777777777778,PFUS,f,,,,29279,29324,29385,29422,29465,inverted
217,99,29538,82.05,PVC,V,,,,29496,29551,29576,29621,29689,inverted
217,100,29847,82.90833333333333,PACE,/,29781,29801,29825,29834,29915,29940,29970,30032,normal
217,101,30175,83.81944444444444,PACE,/,30045,30083,30095,30129,30212,30217,30265,30307,normal
217,102,30460,84.61111111111111,PACE,/,,,,30417,30495,30500,30550,30593,normal
217,103,30758,85.43888888888888,PACE,/,30641,30654,30664,30707,30792,30810,30847,30891,normal
217,104,31020,86.16666666666667,PFUS,f,30928,30957,30972,30992,31052,,31090,31135,negative_monophasic
217,105,31242,86.78333333333333,PVC,V,,,,31139,31256,31287,31329,31412,inverted
217,106,31575,87.70833333333333,PFUS,f,,,,31558,31608,31666,31700,31748,inverted
217,107,31824,88.4,PVC,V,,,,31781,31837,31862,31909,31991,inverted
217,108,32127,89.24166666666666,PFUS,f,,,,32112,32160,32217,32250,32289,inverted
217,109,32365,89.90277777777777,PVC,V,,,,32327,32378,32399,32444,32517,inverted
217,110,32663,90.73055555555555,PFUS,f,,,,32648,32684,32739,32770,32821,inverted
217,111,32898,91.38333333333334,PVC,V,,,,32853,32912,32930,32984,33064,inverted
217,112,33209,92.24722222222222,PACE,/,33133,33157,33167,33196,33278,33292,33338,33401,normal
217,113,33562,93.22777777777777,PACE,/,,,,33512,33603,33617,33656,33705,normal
217,114,33868,94.07777777777778,PACE,/,33736,33761,33775,33813,33904,33914,33958,34003,normal
217,115,34168,94.91111111111111,PACE,/,,,,34122,34206,34222,34260,34302,normal
217,116,34466,95.7388888888889,PACE,/,34365,34382,34396,34424,34498,34511,34553,34600,normal
217,117,34750,96.52777777777777,PACE,/,34610,34619,34632,34704,34791,34802,34840,34891,normal
217,118,35049,97.35833333333333,PACE,/,34935,34953,34975,35001,35083,35100,35138,35175,normal
217,119,35339,98.16388888888889,PACE,/,35191,35216,35224,35294,35376,35388,35432,35477,normal
217,120,35643,99.00833333333334,PACE,/,,,,35595,35679,35708,35742,35791,normal
217,121,35953,99.86944444444444,PACE,/,35832,35862,35878,35906,35988,36008,36049,36095,normal
217,122,36262,100.72777777777777,PACE,/,,,,36217,36296,36311,36354,36397,normal
217,123,36530,101.47222222222223,PACE,/,,,,36511,36591,36595,36647,36685,normal
217,124,36817,102.26944444444445,PACE,/,,,,36800,36876,36897,36937,36976,normal
217,125,37100,103.05555555555556,PACE,/,37033,37057,37075,37087,37169,37180,37221,37261,normal
217,126,37393,103.86944444444444,PACE,/,,,,37378,37464,37485,37522,37566,normal
217,127,37716,104.76666666666667,PACE,/,,,,37702,37786,37805,37847,37896,normal
217,128,38066,105.7388888888889,PACE,/,37930,37959,37978,38015,38101,38119,38158,38199,normal
217,129,38363,106.56388888888888,PACE,/,38285,38295,38309,38317,38396,38409,38459,38503,normal
217,130,38661,107.39166666666667,PACE,/,38549,38561,38571,38616,38700,38717,38755,38793,normal
217,131,38950,108.19444444444444,PACE,/,,,,38904,38983,39000,39037,39076,normal
217,132,39244,109.0111111111111,PACE,/,,,,39198,39281,39297,39337,39375,normal
217,133,39517,109.76944444444445,PACE,/,,,,39501,39583,39610,39646,39689,normal
217,134,39823,110.61944444444444,PACE,/,,,,39807,39888,39916,39955,40005,normal
217,135,40172,111.58888888888889,PACE,/,,,,40122,40205,40230,40265,40311,normal
217,136,40479,112.44166666666666,PACE,/,40364,40406,40419,40431,40512,40529,40572,40609,normal
217,137,40701,113.05833333333334,PVC,V,,,,40660,40715,40737,40787,40864,inverted
217,138,41002,113.89444444444445,PFUS,f,40874,40904,40925,40979,41036,41093,41124,41172,inverted
217,139,41323,114.78611111111111,PACE,/,41212,41223,41247,41279,41355,41371,41408,41447,normal
217,140,41614,115.59444444444445,PACE,/,,,,41567,41649,41673,41704,41746,normal
217,141,41925,116.45833333333333,PACE,/,,,,41878,41963,41986,42021,42063,normal
217,142,42242,117.33888888888889,PACE,/,42131,42144,42171,42192,42256,42304,42336,42379,normal
217,143,42549,118.19166666666666,PACE,/,42461,42470,42488,42496,42584,42608,42646,42690,normal
217,144,42825,118.95833333333333,PACE,/,42738,42757,42770,42811,42888,42895,42947,42987,normal
217,145,43148,119.85555555555555,PACE,/,,,,43105,43180,43193,43233,43274,normal
217,146,43426,120.62777777777778,PACE,/,43275,43286,43295,43379,43464,43485,43519,43565,normal
217,147,43732,121.47777777777777,PACE,/,43612,43626,43644,43677,43773,43791,43834,43876,normal
217,148,44055,122.375,PACE,/,,,,44006,44092,44114,44155,44209,normal
217,149,44386,123.29444444444445,PACE,/,,,,44338,44419,44444,44483,44524,normal
217,150,44693,124.14722222222223,PACE,/,,,,44640,44726,44744,44787,44830,normal
217,151,44998,124.99444444444444,PACE,/,44867,44900,44911,44948,45033,45047,45088,45128,normal
217,152,45286,125.79444444444445,PACE,/,,,,45236,45320,45334,45377,45423,normal
217,153,45577,126.60277777777777,PACE,/,,,,45533,45593,45635,45675,45719,normal
217,154,45890,127.47222222222223,PACE,/,45799,45809,45831,45843,45929,45934,45981,46029,normal
217,155,46203,128.34166666666667,PACE,/,,,,46152,46238,46256,46298,46345,normal
217,156,46516,129.2111111111111,PACE,/,,,,46467,46553,46571,46616,46659,normal
217,157,46830,130.08333333333334,PACE,/,46706,46730,46741,46770,46865,46883,46927,46972,normal
217,158,47139,130.94166666666666,PACE,/,,,,47092,47178,47192,47229,47279,normal
217,159,47434,131.76111111111112,PACE,/,47312,47333,47344,47378,47466,47487,47518,47564,normal
217,160,47713,132.5361111111111,PACE,/,47598,47610,47621,47670,47747,47752,47799,47838,normal
217,161,48002,133.3388888888889,PACE,/,47862,47889,47899,47947,48036,48061,48095,48138,normal
217,162,48302,134.17222222222222,PACE,/,,,,48255,48337,48349,48398,48451,normal
217,163,48616,135.04444444444445,PACE,/,48493,48507,48516,48560,48653,48675,48716,48764,normal
217,164,48937,135.9361111111111,PACE,/,,,,48890,48974,48990,49031,49075,normal
217,165,49244,136.7888888888889,PACE,/,,,,49190,49278,49293,49333,49376,normal
217,166,49532,137.5888888888889,PACE,/,49401,49421,49432,49487,49563,49579,49620,49661,normal
217,167,49822,138.39444444444445,PACE,/,,,,49777,49856,49866,49914,49961,normal
217,168,50122,139.2277777777778,PACE,/,,,,50072,50158,50172,50214,50255,normal
217,169,50432,140.0888888888889,PACE,/,50282,50305,50313,50381,50465,50483,50526,50568,normal
217,170,50742,140.95,PACE,/,,,,50685,50778,50797,50840,50890,normal
217,171,51050,141.80555555555554,PACE,/,50916,50952,50963,50998,51089,51107,51144,51190,normal
217,172,51351,142.64166666666668,PACE,/,51215,51226,51251,51305,51385,51403,51445,51488,normal
217,173,51654,143.48333333333332,PACE,/,,,,51609,51685,51692,51744,51787,normal
217,174,51946,144.29444444444445,PACE,/,,,,51900,51979,51993,52032,52075,normal
217,175,52237,145.1027777777778,PACE,/,,,,52180,52273,52284,52330,52372,normal
217,176,52538,145.9388888888889,PACE,/,,,,52489,52563,52590,52630,52671,normal
217,177,52850,146.80555555555554,PACE,/,52679,52694,52734,52798,52886,52901,52946,52994,normal
217,178,53168,147.6888888888889,PACE,/,,,,53118,53203,53219,53260,53307,normal
217,179,53475,148.54166666666666,PACE,/,,,,53427,53510,53532,53569,53610,normal
217,180,53767,149.3527777777778,PACE,/,,,,53721,53801,53817,53856,53901,normal
217,181,54052,150.14444444444445,PACE,/,53902,53916,53922,54005,54086,54097,54143,54185,normal
217,182,54339,150.94166666666666,PACE,/,,,,54300,54374,54386,54429,54474,normal
217,183,54639,151.775,PACE,/,,,,54594,54672,54679,54732,54779,normal
217,184,54963,152.675,PACE,/,54842,54855,54887,54903,54998,55014,55060,55112,normal
217,185,55276,153.54444444444445,PACE,/,,,,55218,55311,55325,55370,55415,normal
217,186,55579,154.38611111111112,PACE,/,,,,55530,55610,55627,55670,55715,normal
217,187,55880,155.22222222222223,PACE,/,,,,55835,55916,55936,55972,56016,normal
217,188,56176,156.04444444444445,PACE,/,,,,56127,56208,56226,56265,56303,normal
217,189,56466,156.85,PACE,/,,,,56421,56503,56522,56558,56601,normal
217,190,56759,157.6638888888889,PACE,/,,,,56713,56801,56817,56855,56899,normal
217,191,57063,158.50833333333333,PACE,/,,,,57013,57092,57118,57159,57203,normal
217,192,57374,159.37222222222223,PACE,/,,,,57330,57396,57429,57465,57508,normal
217,193,57662,160.17222222222222,PFUS,f,57562,57569,57590,57641,57673,,57711,57762,negative_monophasic
217,194,57865,160.73611111111111,PVC,V,,,,57817,57881,57899,57952,58014,inverted
217,195,58170,161.58333333333334,PFUS,f,58097,58124,58139,58156,58204,58257,58293,58335,inverted
217,196,58443,162.34166666666667,NORMAL,N,58371,58381,58406,58415,58458,58506,58536,58576,inverted
217,197,58732,163.14444444444445,PFUS,f,,,,58710,58781,58812,58843,58881,normal
217,198,59071,164.0861111111111,PACE,/,58933,58962,58977,59016,59107,59123,59170,59219,normal
217,199,59394,164.98333333333332,PACE,/,,,,59343,59428,59443,59492,59541,normal
217,200,59709,165.85833333333332,PACE,/,59569,59591,59598,59664,59743,59759,59800,59842,normal
217,201,60010,166.69444444444446,PACE,/,,,,59965,60047,60064,60099,60143,normal
217,202,60309,167.525,PACE,/,60216,60228,60250,60262,60346,60365,60398,60437,normal
217,203,60592,168.3111111111111,PACE,/,,,,60545,60627,60642,60683,60724,normal
217,204,60885,169.125,PACE,/,,,,60841,60921,60940,60980,61027,normal
217,205,61194,169.98333333333332,PACE,/,61077,61091,61100,61141,61232,61244,61287,61334,normal
217,206,61504,170.84444444444443,PACE,/,61363,61370,61387,61454,61539,61547,61602,61642,normal
217,207,61809,171.69166666666666,PACE,/,61714,61729,61758,61766,61841,61859,61903,61953,normal
217,208,62121,172.55833333333334,PACE,/,61991,62010,62019,62062,62152,62166,62218,62260,normal
217,209,62421,173.39166666666668,PACE,/,62347,62358,62371,62379,62453,62463,62510,62553,normal
217,210,62711,174.19722222222222,PACE,/,62596,62618,62627,62663,62743,62753,62798,62837,normal
217,211,63001,175.00277777777777,PACE,/,,,,62956,63033,63053,63091,63133,normal
217,212,63291,175.80833333333334,PACE,/,,,,63246,63317,63353,63384,63428,normal
217,213,63603,176.675,PACE,/,,,,63550,63639,63661,63704,63757,normal
217,214,63926,177.57222222222222,PACE,/,,,,63871,63961,63971,64022,64067,normal
217,215,64229,178.4138888888889,PACE,/,,,,64185,64253,64282,64319,64359,normal
217,216,64533,179.25833333333333,PACE,/,,,,64487,64564,64591,64625,64668,normal
217,217,64793,179.98055555555555,PFUS,f,64726,64740,64752,64779,64828,64881,64907,64937,inverted
217,218,65075,180.76388888888889,PFUS,f,,,,65055,65083,65128,65175,65220,inverted
217,219,65362,181.5611111111111,NORMAL,N,,,,65333,65379,,65425,65465,negative_monophasic
217,220,65561,182.11388888888888,PVC,V,,,,65468,65575,65596,65647,65717,inverted
217,221,65925,183.125,PACE,/,,,,65880,65959,65980,66014,66072,normal
217,222,66231,183.975,PACE,/,,,,66184,66267,66283,66324,66367,normal
217,223,66538,184.82777777777778,PACE,/,,,,66493,66572,66586,66628,66672,normal
217,224,66831,185.64166666666668,PACE,/,66725,66743,66750,66785,66864,66881,66920,66970,normal
217,225,67093,186.36944444444444,PFUS,f,66997,67026,67043,67076,67136,67173,67200,67227,normal
217,226,67358,187.10555555555555,NORMAL,N,67285,67301,67315,67331,67374,67421,67448,67480,inverted
217,227,67613,187.8138888888889,NORMAL,N,,,,67593,67629,,67672,67710,negative_monophasic
217,228,67802,188.3388888888889,PVC,V,,,,67766,67817,67841,67894,67959,inverted
217,229,68152,189.3111111111111,PACE,/,68038,68083,68097,68107,68182,68203,68246,68301,normal
217,230,68465,190.18055555555554,PACE,/,68342,68378,68397,68420,68502,68522,68559,68607,normal
217,231,68770,191.02777777777777,PACE,/,68641,68659,68671,68719,68803,68822,68862,68911,normal
217,232,69060,191.83333333333334,PACE,/,68946,68970,68980,69017,69093,69105,69145,69190,normal
217,233,69342,192.61666666666667,PACE,/,69191,69242,69247,69292,69374,69391,69429,69473,normal
217,234,69634,193.42777777777778,PACE,/,,,,69587,69668,69685,69723,69767,normal
217,235,69934,194.26111111111112,PACE,/,,,,69883,69969,69987,70030,70080,normal
217,236,70246,195.12777777777777,PACE,/,,,,70196,70284,70296,70346,70396,normal
217,237,70558,195.99444444444444,PACE,/,,,,70514,70593,70604,70656,70698,normal
217,238,70865,196.84722222222223,PACE,/,,,,70821,70899,70921,70954,70994,normal
217,239,71153,197.6472222222222,PACE,/,,,,71109,71185,71202,71243,71286,normal
217,240,71445,198.45833333333334,PACE,/,,,,71393,71480,71495,71538,71583,normal
217,241,71740,199.27777777777777,PACE,/,,,,71697,71778,71793,71833,71879,normal
217,242,72044,200.12222222222223,PACE,/,,,,71988,72079,72089,72134,72178,normal
217,243,72352,200.9777777777778,PACE,/,72214,72254,72272,72301,72388,72399,72449,72492,normal
217,244,72661,201.8361111111111,PACE,/,72512,72519,72537,72613,72697,72722,72755,72807,normal
217,245,72960,202.66666666666666,PACE,/,72809,72837,72845,72913,72995,73001,73055,73102,normal
217,246,73232,203.42222222222222,PFUS,f,73144,73174,73187,73213,73276,73311,73343,73381,normal
217,247,73556,204.32222222222222,PACE,/,,,,73514,73587,73597,73642,73681,normal
217,248,73809,205.025,PFUS,f,,,,73792,73844,73904,73930,73968,inverted
217,249,74102,205.8388888888889,PFUS,f,74010,74037,74059,74089,74144,74179,74242,74259,biphasic_positive_negative
217,250,74394,206.65,NORMAL,N,74314,74326,74359,74373,74411,,74434,74496,negative_monophasic
217,251,74611,207.25277777777777,PVC,V,,,,74561,74628,74656,74702,74780,inverted
217,252,74946,208.18333333333334,PFUS,f,,,,74916,74957,75021,75054,75109,inverted
217,253,75241,209.00277777777777,PFUS,f,,,,75221,75252,75308,75339,75381,inverted
217,254,75529,209.80277777777778,PFUS,f,,,,75512,75540,,75581,75626,negative_monophasic
217,255,75721,210.3361111111111,PVC,V,,,,75629,75737,75753,75802,75863,inverted
217,256,76047,211.24166666666667,PACE,/,,,,75999,76083,76102,76136,76201,normal
217,257,76348,212.07777777777778,PACE,/,76213,76229,76233,76300,76380,76413,76444,76501,normal
217,258,76675,212.98611111111111,PACE,/,76511,76523,76550,76620,76703,76726,76766,76810,normal
217,259,76983,213.84166666666667,PACE,/,76851,76893,76902,76934,77017,77034,77076,77122,normal
217,260,77283,214.675,PACE,/,77124,77135,77145,77230,77317,77338,77375,77420,normal
217,261,77583,215.50833333333333,PACE,/,77456,77487,77498,77536,77617,77629,77674,77719,normal
217,262,77877,216.325,PACE,/,,,,77831,77909,77923,77962,78006,normal
217,263,78138,217.05,PFUS,f,,,,78122,78182,78220,78246,78278,normal
217,264,78464,217.95555555555555,PACE,/,78321,78337,78351,78415,78498,78519,78559,78605,normal
217,265,78771,218.80833333333334,PACE,/,,,,78720,78805,78819,78868,78917,normal
217,266,79082,219.67222222222222,PACE,/,,,,79037,79117,79136,79175,79219,normal
217,267,79394,220.5388888888889,PACE,/,,,,79342,79427,79445,79487,79532,normal
217,268,79694,221.37222222222223,PACE,/,,,,79648,79727,79747,79784,79824,normal
217,269,79982,222.17222222222222,PACE,/,,,,79935,80015,80032,80072,80110,normal
217,270,80271,222.975,PACE,/,80155,80162,80176,80229,80303,80322,80360,80401,normal
217,271,80565,223.79166666666666,PACE,/,80451,80461,80475,80514,80599,80611,80660,80704,normal
217,272,80887,224.6861111111111,PACE,/,,,,80833,80902,80904,80986,81028,normal
217,273,81206,225.57222222222222,PACE,/,81088,81110,81135,81158,81241,81265,81300,81344,normal
217,274,81507,226.40833333333333,PACE,/,,,,81461,81542,81558,81598,81643,normal
217,275,81806,227.23888888888888,PACE,/,,,,81760,81838,81857,81897,81942,normal
217,276,82100,228.05555555555554,PACE,/,81959,81962,81986,82056,82133,82145,82187,82230,normal
217,277,82389,228.85833333333332,PACE,/,,,,82341,82425,82438,82481,82526,normal
217,278,82689,229.69166666666666,PACE,/,82562,82588,82608,82643,82726,82747,82789,82840,normal
217,279,83006,230.57222222222222,PACE,/,,,,82950,83042,83055,83105,83149,normal
217,280,83325,231.45833333333334,PACE,/,83197,83230,83242,83279,83359,83373,83416,83461,normal
217,281,83629,232.30277777777778,PACE,/,83471,83485,83514,83579,83663,83676,83721,83767,normal
217,282,83934,233.15,PACE,/,83793,83822,83834,83877,83961,83988,84025,84074,normal
217,283,84229,233.96944444444443,PACE,/,,,,84181,84263,84279,84320,84366,normal
217,284,84528,234.8,PACE,/,84397,84413,84420,84478,84562,84580,84616,84656,normal
217,285,84818,235.60555555555555,PACE,/,,,,84773,84844,84868,84908,84947,normal
217,286,85099,236.38611111111112,PFUS,f,85003,85029,85050,85078,85109,,85149,85205,negative_monophasic
217,287,85306,236.9611111111111,PVC,V,,,,85208,85319,85347,85390,85458,inverted
217,288,85629,237.85833333333332,PFUS,f,85525,85532,85564,85615,85675,85714,85776,85801,biphasic_positive_negative
217,289,85888,238.57777777777778,PVC,V,,,,85848,85903,85929,85975,86050,inverted
217,290,86196,239.43333333333334,PFUS,f,,,,86175,86205,86266,86297,86346,inverted
217,291,86514,240.31666666666666,PACE,/,86383,86410,86424,86465,86547,86558,86694,86709,biphasic_positive_negative
217,292,86802,241.11666666666667,PACE,/,,,,86745,86835,86855,86895,86940,normal
217,293,87116,241.98888888888888,PACE,/,87009,87031,87050,87068,87155,87176,87215,87255,normal
217,294,87439,242.88611111111112,PACE,/,87353,87364,87376,87388,87476,87493,87540,87594,normal
217,295,87749,243.74722222222223,PACE,/,87640,87651,87662,87703,87782,87805,87841,87894,normal
217,296,88057,244.6027777777778,PACE,/,,,,88012,88092,88111,88150,88195,normal
217,297,88355,245.43055555555554,PACE,/,,,,88312,88390,88407,88441,88481,normal
217,298,88645,246.23611111111111,PACE,/,,,,88601,88678,88693,88730,88772,normal
217,299,88940,247.05555555555554,PACE,/,88834,88844,88856,88897,88976,88999,89038,89077,normal
217,300,89238,247.88333333333333,PACE,/,89162,89174,89184,89194,89274,89301,89330,89370,normal
217,301,89546,248.73888888888888,PACE,/,89420,89431,89443,89496,89583,89613,89641,89694,normal
217,302,89861,249.61388888888888,PACE,/,89777,89785,89795,89806,89897,89911,89956,90005,normal
217,303,90174,250.48333333333332,PACE,/,,,,90121,90210,90222,90269,90311,normal
217,304,90475,251.31944444444446,PACE,/,,,,90427,90509,90527,90566,90607,normal
217,305,90763,252.11944444444444,PACE,/,90640,90674,90683,90720,90797,90815,90848,90893,normal
217,306,91050,252.91666666666666,PACE,/,,,,91004,91084,91097,91137,91184,normal
217,307,91353,253.75833333333333,PACE,/,,,,91301,91387,91400,91445,91490,normal
217,308,91664,254.62222222222223,PACE,/,,,,91611,91702,91719,91766,91808,normal
217,309,91987,255.51944444444445,PACE,/,,,,91936,92022,92037,92083,92127,normal
217,310,92292,256.3666666666667,PACE,/,92179,92203,92233,92245,92329,92338,92387,92433,normal
217,311,92593,257.2027777777778,PACE,/,,,,92549,92625,92642,92682,92719,normal
217,312,92848,257.9111111111111,PFUS,f,92720,92732,92780,92826,92887,92952,92973,93003,inverted
217,313,93142,258.72777777777776,PFUS,f,93053,93069,93085,93113,93150,,93203,93239,negative_monophasic
217,314,93334,259.2611111111111,PVC,V,,,,93244,93346,93361,93414,93479,inverted
217,315,93646,260.1277777777778,PACE,/,,,,93627,93707,93748,93770,93815,normal
217,316,93891,260.80833333333334,PVC,V,,,,93852,93904,93933,93980,94059,inverted
217,317,94214,261.7055555555556,PFUS,f,,,,94200,94243,94312,94343,94391,inverted
217,318,94502,262.50555555555553,NORMAL,N,94392,94398,94427,94480,94518,94571,94599,94643,inverted
217,319,94787,263.2972222222222,NORMAL,N,94714,94731,94751,94768,94804,94857,94884,94924,inverted
217,320,95070,264.0833333333333,NORMAL,N,,,,95043,95086,95139,95167,95213,inverted
217,321,95362,264.89444444444445,PFUS,f,,,,95332,95370,95431,95459,95498,inverted
217,322,95628,265.6333333333333,NORMAL,N,,,,95611,95643,,95663,95724,negative_monophasic
217,323,95810,266.1388888888889,PVC,V,,,,95787,95842,95861,95898,95943,inverted
217,324,96136,267.0444444444444,PACE,/,,,,96120,96204,96224,96268,96333,normal
217,325,96486,268.01666666666665,PACE,/,96363,96403,96420,96439,96515,96541,96575,96632,normal
217,326,96793,268.86944444444447,PACE,/,,,,96742,96826,96851,96881,96925,normal
217,327,97082,269.6722222222222,PACE,/,,,,97038,97116,97128,97167,97204,normal
217,328,97364,270.4555555555556,PACE,/,97258,97285,97303,97318,97401,97418,97454,97500,normal
217,329,97656,271.26666666666665,PACE,/,97528,97574,97589,97601,97697,97714,97752,97793,normal
217,330,97962,272.1166666666667,PACE,/,97855,97865,97875,97905,97996,98016,98058,98111,normal
217,331,98260,272.94444444444446,PACE,/,,,,98245,98323,98349,98390,98434,normal
217,332,98574,273.81666666666666,PACE,/,,,,98555,98636,98669,98700,98738,normal
217,333,98873,274.64722222222224,PACE,/,,,,98857,98932,98952,98996,99039,normal
217,334,99173,275.48055555555555,PACE,/,,,,99158,99233,99258,99349,99368,biphasic_positive_negative
217,335,99469,276.3027777777778,PACE,/,,,,99460,99485,99499,99585,99631,normal
217,336,99764,277.1222222222222,PACE,/,99675,99687,99694,99754,99780,99797,99886,99930,normal
217,337,100059,277.94166666666666,PACE,/,99979,100012,100037,100049,100078,100094,100191,100233,normal
217,338,100373,278.81388888888887,PACE,/,100304,100319,100340,100363,100392,100408,100507,100551,normal
217,339,100685,279.68055555555554,PACE,/,100586,100611,100631,100675,100703,100719,100816,100863,normal
217,340,101000,280.55555555555554,PACE,/,,,,100990,101017,101033,101125,101170,normal
217,341,101305,281.40277777777777,PACE,/,101236,101257,101283,101295,101322,101336,101422,101469,normal
217,342,101593,282.2027777777778,PACE,/,101505,101525,101542,101584,101610,101625,101708,101751,normal
217,343,101878,282.99444444444447,PACE,/,101811,101832,101857,101869,101894,101909,101999,102042,normal
217,344,102176,283.8222222222222,PACE,/,102088,102127,102135,102166,102185,102211,102308,102351,normal
217,345,102503,284.73055555555555,PACE,/,,,,102494,102512,102541,102639,102684,normal
217,346,102827,285.63055555555553,PACE,/,102776,102790,102805,102817,102835,102862,102954,102997,normal
217,347,103127,286.4638888888889,PACE,/,103041,103075,103105,103117,103137,103160,103251,103295,normal
217,348,103423,287.2861111111111,PACE,/,103373,103385,103402,103414,103440,103456,103545,103588,normal
217,349,103714,288.09444444444443,PACE,/,,,,103705,103724,103745,103831,103870,normal
217,350,104004,288.9,PACE,/,103922,103933,103965,103995,104015,104036,104123,104166,normal
217,351,104308,289.74444444444447,PACE,/,104224,104258,104286,104298,104316,104344,104439,104483,normal
217,352,104625,290.625,PACE,/,104582,104588,104601,104615,104633,104662,104759,104800,normal
217,353,104939,291.4972222222222,PACE,/,104891,104899,104915,104930,104953,104973,105063,105105,normal
217,354,105245,292.34722222222223,PACE,/,105192,105202,105224,105236,105257,105279,105373,105418,normal
217,355,105553,293.2027777777778,PFUS,f,105486,105497,105529,105543,105583,105631,105640,105673,normal
217,356,105768,293.8,PVC,V,,,,105738,105780,105806,105848,105916,inverted
217,357,106062,294.6166666666667,PACE,/,106004,106013,106022,106052,106077,106093,106179,106230,normal
217,358,106308,295.3,PVC,V,,,,106276,106321,106347,106391,106466,inverted
217,359,106619,296.1638888888889,PACE,/,,,,106609,106638,106654,106745,106785,normal
217,360,106862,296.8388888888889,PVC,V,,,,106828,106874,106903,106951,107032,inverted
217,361,107190,297.75,PFUS,f,107094,107114,107126,107178,107200,107262,107297,107352,inverted
217,362,107498,298.60555555555555,PFUS,f,107434,107447,107461,107489,107506,,107581,107614,negative_monophasic
217,363,107714,299.2055555555556,PVC,V,,,,107679,107725,107759,107799,107872,inverted
217,364,108021,300.05833333333334,PACE,/,107939,107970,107978,108011,108047,108051,108131,108176,normal
217,365,108331,300.9194444444444,PACE,/,,,,108292,108369,108383,108422,108466,normal
217,366,108639,301.775,PACE,/,108520,108555,108584,108596,108669,108692,108733,108775,normal
217,367,108956,302.65555555555557,PACE,/,108846,108883,108901,108914,108982,109018,109059,109106,normal
217,368,109268,303.52222222222224,PACE,/,109159,109169,109182,109228,109290,109317,109358,109400,normal
217,369,109566,304.35,PACE,/,109432,109477,109494,109523,109585,109620,109657,109702,normal
217,370,109865,305.18055555555554,PACE,/,109755,109774,109788,109825,109883,109911,109951,109997,normal
217,371,110154,305.98333333333335,PACE,/,110055,110062,110073,110114,110174,110205,110240,110286,normal
217,372,110442,306.78333333333336,PACE,/,110320,110344,110360,110402,110457,110490,110532,110575,normal
217,373,110735,307.59722222222223,PACE,/,110625,110646,110668,110694,111036,110788,110825,110873,normal
217,374,111036,308.43333333333334,PACE,/,110935,110964,110980,110994,,111037,111127,111174,normal
217,375,111342,309.28333333333336,PACE,/,,,,111299,111343,111358,111436,111493,normal
217,376,111655,310.15277777777777,PACE,/,,,,111613,111678,111702,111752,111799,normal
217,377,111955,310.9861111111111,PACE,/,,,,111916,111969,112004,112045,112088,normal
217,378,112228,311.74444444444447,PFUS,f,112171,112190,112199,112211,112238,112293,112322,112370,inverted
217,379,112508,312.52222222222224,PFUS,f,112432,112444,112485,112497,112519,,112570,112601,negative_monophasic
217,380,112686,313.01666666666665,PVC,V,,,,112654,112698,112721,112764,112836,inverted
217,381,112993,313.86944444444447,PACE,/,112945,112959,112970,112984,113010,113027,113120,113164,normal
217,382,113257,314.60277777777776,PVC,V,,,,113220,113270,113290,113342,113440,inverted
217,383,113581,315.5027777777778,PFUS,f,113507,113524,113539,113571,113602,113651,113699,113751,inverted
217,384,113884,316.34444444444443,PFUS,f,113800,113820,113833,113874,113896,113915,113963,114017,normal
217,385,114183,317.175,PFUS,f,114125,114134,114156,114171,114192,114248,114277,114316,inverted
217,386,114468,317.96666666666664,PFUS,f,114400,114419,114435,114458,114796,114561,114588,114623,inverted
217,387,114796,318.8777777777778,PACE,/,114697,114721,114741,114753,,114798,114888,114933,normal
217,388,115092,319.7,PACE,/,114974,114994,115009,115053,115115,115147,115190,115233,normal
217,389,115402,320.56111111111113,PACE,/,115283,115294,115308,115360,115716,115463,115496,115542,normal
217,390,115716,321.43333333333334,PACE,/,115620,115646,115663,115675,,115717,115809,115854,normal
217,391,116023,322.2861111111111,PACE,/,,,,115982,116045,116070,116113,116154,normal
217,392,116320,323.1111111111111,PACE,/,116218,116250,116263,116279,116340,116373,116412,116456,normal
217,393,116615,323.93055555555554,PACE,/,116525,116538,116564,116576,116630,116667,116706,116754,normal
217,394,116904,324.73333333333335,PACE,/,116793,116814,116833,116865,116918,116957,116992,117044,normal
217,395,117203,325.56388888888887,PACE,/,,,,117162,117221,117256,117293,117341,normal
217,396,117505,326.40277777777777,PACE,/,117373,117378,117393,117463,117526,117556,117603,117649,normal
217,397,117822,327.28333333333336,PACE,/,117748,117757,117768,117779,117823,117825,117921,117971,normal
217,398,118134,328.15,PACE,/,118019,118035,118047,118093,118149,118182,118229,118278,normal
217,399,118440,329.0,PACE,/,118328,118354,118381,118400,118454,118487,118529,118570,normal
217,400,118726,329.7944444444444,PACE,/,118624,118655,118675,118687,118745,118765,118813,118854,normal
217,401,119010,330.5833333333333,PACE,/,118913,118935,118955,118970,119042,119058,119103,119149,normal
217,402,119303,331.39722222222224,PACE,/,119188,119223,119250,119262,119318,119354,119395,119440,normal
217,403,119610,332.25,PACE,/,,,,119569,119625,119671,119706,119756,normal
217,404,119944,333.1777777777778,PACE,/,119821,119833,119844,119898,119945,119953,120042,120084,normal
217,405,120252,334.03333333333336,PACE,/,120178,120188,120202,120211,120268,120309,120345,120403,normal
217,406,120551,334.8638888888889,PACE,/,120422,120453,120459,120510,120566,120598,120641,120689,normal
217,407,120846,335.68333333333334,PACE,/,120697,120701,120735,120806,120879,120886,120936,120980,normal
217,408,121141,336.5027777777778,PACE,/,121011,121054,121071,121102,121155,121196,121233,121274,normal
217,409,121438,337.3277777777778,PACE,/,121341,121352,121364,121396,121459,121501,121532,121581,normal
217,410,121739,338.1638888888889,PACE,/,121618,121639,121656,121699,121772,121788,121839,121886,normal
217,411,122052,339.03333333333336,PACE,/,121952,121979,122004,122016,122363,122114,122153,122194,normal
217,412,122363,339.89722222222224,PACE,/,122262,122286,122306,122323,,122364,122457,122501,normal
217,413,122670,340.75,PACE,/,122520,122545,122548,122628,122690,122728,122761,122806,normal
217,414,122969,341.5805555555556,PACE,/,122854,122882,122895,122929,122984,123022,123058,123104,normal
217,415,123255,342.375,PACE,/,123131,123165,123175,123215,123283,123305,123343,123389,normal
217,416,123548,343.18888888888887,PACE,/,,,,123508,123578,123601,123638,123681,normal
217,417,123845,344.0138888888889,PACE,/,,,,123804,123861,123901,123942,123997,normal
217,418,124174,344.9277777777778,PACE,/,124061,124075,124084,124128,124498,124194,124280,124331,normal
217,419,124498,345.8277777777778,PACE,/,,,,124457,,124499,124594,124642,normal
217,420,124803,346.675,PACE,/,124682,124706,124716,124762,124823,124848,124891,124935,normal
217,421,125095,347.4861111111111,PACE,/,124956,124989,124995,125056,125109,125141,125183,125225,normal
217,422,125386,348.2944444444444,PACE,/,125256,125291,125299,125346,125404,125432,125471,125510,normal
217,423,125639,348.9972222222222,PFUS,f,125579,125593,125614,125630,125654,,,,
217,424,125852,349.5888888888889,PVC,V,125746,125766,125794,125821,125868,125895,125938,126004,inverted
217,425,126190,350.52777777777777,PFUS,f,126133,126155,126169,126181,126216,126219,126279,126345,normal
217,426,126494,351.3722222222222,PVC,V,126362,126380,126408,126457,126510,126534,126583,126656,inverted
217,427,126833,352.31388888888887,PACE,/,126734,126742,126762,126793,126853,126890,126927,126979,normal
217,428,127139,353.1638888888889,PACE,/,127003,127049,127053,127098,127155,127191,127232,127274,normal
217,429,127433,353.98055555555555,PACE,/,127333,127355,127381,127394,127451,127473,127519,127559,normal
217,430,127722,354.78333333333336,PACE,/,127631,127645,127668,127680,127742,127781,127814,127856,normal
217,431,128019,355.60833333333335,PACE,/,127931,127940,127964,127976,128036,128062,128111,128153,normal
217,432,128289,356.35833333333335,PACE,/,128217,128248,128265,128269,128305,128319,128419,128462,normal
217,433,128642,357.3388888888889,PACE,/,128541,128570,128592,128604,128650,128652,128739,128784,normal
217,434,128956,358.2111111111111,PACE,/,128855,128881,128902,128912,128973,129011,129048,129089,normal
217,435,129227,358.9638888888889,PACE,/,129158,129178,129207,129217,129244,129260,129350,129388,normal
217,436,129517,359.76944444444445,PACE,/,129449,129474,129488,129508,129532,129549,129637,129678,normal
217,437,129801,360.55833333333334,PACE,/,129747,129761,129780,129792,129816,129832,129918,129958,normal
217,438,130090,361.3611111111111,PACE,/,130009,130045,130056,130080,130108,130124,130217,130262,normal
217,439,130410,362.25,PACE,/,130308,130345,130360,130400,130430,130447,130547,130595,normal
217,440,130740,363.1666666666667,PACE,/,130646,130673,130687,130729,130748,130777,130875,130917,normal
217,441,131049,364.025,PACE,/,130932,130939,130958,131039,131065,131082,131173,131217,normal
217,442,131353,364.86944444444447,PACE,/,131296,131307,131329,131343,131370,131385,131476,131517,normal
217,443,131648,365.68888888888887,PACE,/,131545,131558,131567,131638,131663,131677,131762,131804,normal
217,444,131963,366.56388888888887,PACE,/,131878,131888,131900,131924,131983,132011,132053,132101,normal
217,445,132268,367.4111111111111,PACE,/,132179,132202,132212,132224,132269,132277,132368,132412,normal
217,446,132580,368.27777777777777,PACE,/,132481,132502,132524,132536,132597,132636,132678,132723,normal
217,447,132897,369.15833333333336,PACE,/,132771,132808,132818,132854,132912,132944,132992,133036,normal
217,448,133205,370.0138888888889,PACE,/,133088,133121,133144,133162,133225,133265,133303,133349,normal
217,449,133517,370.88055555555553,PACE,/,133442,133455,133464,133476,133532,133569,133610,133653,normal
217,450,133809,371.69166666666666,PACE,/,133704,133743,133755,133770,133830,133860,133900,133945,normal
217,451,134097,372.4916666666667,PACE,/,134000,134023,134047,134060,134116,134147,134183,134228,normal
217,452,134385,373.2916666666667,PACE,/,134270,134279,134290,134346,134402,134440,134472,134515,normal
217,453,134691,374.14166666666665,PACE,/,134540,134549,134584,134650,134714,134739,134784,134826,normal
217,454,134929,374.8027777777778,PVC,V,,,,134894,134943,134970,135024,135104,inverted
217,455,135257,375.7138888888889,PACE,/,135168,135174,135220,135248,135275,135290,135385,135430,normal
217,456,135526,376.4611111111111,PVC,V,135432,135434,135481,135492,135539,,,,
217,457,135621,376.725,PVC,V,,,,135610,135692,135714,135732,135772,normal
217,458,135991,377.7527777777778,PACE,/,135937,135948,135958,135982,136006,136021,136103,136162,normal
217,459,136306,378.6277777777778,PACE,/,136182,136216,136229,136266,136617,136361,136399,136445,normal
217,460,136617,379.4916666666667,PACE,/,136539,136552,136562,136574,,136619,136712,136757,normal
217,461,136933,380.36944444444447,PACE,/,136795,136808,136812,136886,136954,136997,137032,137085,normal
217,462,137254,381.2611111111111,PACE,/,137134,137155,137170,137213,137565,137306,137352,137402,normal
217,463,137565,382.125,PACE,/,137458,137480,137509,137513,,137567,137660,137706,normal
217,464,137867,382.9638888888889,PACE,/,137772,137805,137820,137829,138160,137920,137957,137996,normal
217,465,138160,383.77777777777777,PACE,/,138088,138098,138111,138121,138452,138161,138249,138293,normal
217,466,138452,384.5888888888889,PACE,/,138332,138345,138356,138411,,138454,138547,138588,normal
217,467,138748,385.4111111111111,PACE,/,138655,138674,138694,138706,138749,138755,138840,138887,normal
217,468,139055,386.2638888888889,PACE,/,138921,138960,138972,139013,139377,139102,139151,139201,normal
217,469,139377,387.15833333333336,PACE,/,,,,139334,,,,,
217,470,139547,387.63055555555553,PVC,V,,,,139520,139553,139567,139630,139696,normal
217,471,139896,388.6,PACE,/,139790,139810,139836,139856,139915,139945,139990,140052,normal
217,472,140199,389.44166666666666,PACE,/,140077,140098,140105,140159,140218,140236,140285,140326,normal
217,473,140481,390.225,PACE,/,140390,140409,140433,140444,140496,140527,140566,140610,normal
217,474,140774,391.0388888888889,PACE,/,140635,140667,140678,140732,140793,140819,140863,140909,normal
217,475,141073,391.86944444444447,PACE,/,140952,140983,141000,141030,141094,141117,141173,141219,normal
217,476,141397,392.76944444444445,PACE,/,141245,141275,141279,141350,141418,141460,141503,141560,normal
217,477,141753,393.7583333333333,PACE,/,141629,141658,141684,141712,141774,141816,141849,141896,normal
217,478,142030,394.52777777777777,PACE,/,141979,141996,142008,142020,142040,142063,142152,142194,normal
217,479,142320,395.3333333333333,PACE,/,142261,142276,142298,142310,142336,142351,142438,142485,normal
217,480,142613,396.14722222222224,PACE,/,142561,142572,142591,142603,142628,142644,142737,142781,normal
217,481,142918,396.99444444444447,PACE,/,142830,142840,142848,142908,142935,142948,143040,143085,normal
217,482,143225,397.84722222222223,PACE,/,143177,143190,143201,143215,143234,143261,143359,143398,normal
217,483,143545,398.7361111111111,PACE,/,143486,143505,143521,143535,143554,143583,143683,143725,normal
217,484,143867,399.63055555555553,PACE,/,143812,143829,143845,143857,143877,143900,143994,144036,normal
217,485,144168,400.46666666666664,PACE,/,144091,144113,144125,144158,144183,144201,144296,144345,normal
217,486,144473,401.31388888888887,PACE,/,144386,144423,144434,144464,144491,144506,144596,144639,normal
217,487,144765,402.125,PACE,/,144685,144706,144724,144756,144781,144796,144879,144918,normal
217,488,145055,402.93055555555554,PACE,/,144983,145006,145031,145045,145066,145087,145175,145218,normal
217,489,145349,403.7472222222222,PACE,/,145271,145296,145315,145339,145366,145381,145475,145518,normal
217,490,145663,404.61944444444447,PACE,/,145599,145632,145640,145652,145671,145700,145802,145854,normal
217,491,146000,405.55555555555554,PACE,/,145936,145961,145979,145990,146013,146032,146123,146169,normal
217,492,146306,406.40555555555557,PACE,/,146234,146258,146284,146296,146323,146341,146432,146472,normal
217,493,146601,407.225,PACE,/,146521,146553,146579,146591,146617,146633,146722,146759,normal
217,494,146887,408.01944444444445,PACE,/,146815,146832,146866,146878,146904,146920,147007,147052,normal
217,495,147173,408.81388888888887,PACE,/,147084,147129,147148,147163,147189,147204,147293,147335,normal
217,496,147482,409.6722222222222,PFUS,f,147373,147404,147421,147459,147492,,147537,147583,negative_monophasic
217,497,147685,410.2361111111111,PVC,V,,,,147647,147699,147730,147774,147846,inverted
217,498,148016,411.15555555555557,PFUS,f,147977,147987,147996,148006,148032,148052,148085,148153,normal
217,499,148270,411.8611111111111,PVC,V,,,,148234,148283,148303,148353,148424,inverted
217,500,148577,412.7138888888889,PACE,/,148517,148537,148557,148568,148606,148609,148700,148755,normal
217,501,148847,413.4638888888889,PVC,V,,,,148813,148861,148886,148931,149010,inverted
217,502,149147,414.2972222222222,PACE,/,149046,149065,149087,149138,149174,149177,149263,149314,normal
217,503,149396,414.9888888888889,PVC,V,,,,149363,149411,,149424,149473,negative_monophasic
217,504,149561,415.4472222222222,PVC,V,,,,149486,149574,149588,149637,149703,inverted
217,505,149879,416.3305555555556,PFUS,f,149808,149837,149857,149869,149885,149968,150008,150069,inverted
217,506,150199,417.21944444444443,PFUS,f,150129,150156,150170,150182,150205,150253,150294,150336,inverted
217,507,150517,418.10277777777776,PFUS,f,150441,150458,150482,150494,150528,150588,150620,150665,inverted
217,508,150816,418.93333333333334,PACE,/,150733,150744,150752,150806,150844,150848,150937,150983,normal
217,509,151135,419.81944444444446,PACE,/,151035,151047,151056,151096,151153,151183,151221,151269,normal
217,510,151419,420.60833333333335,PACE,/,151296,151333,151338,151382,151440,151473,151507,151553,normal
217,511,151710,421.4166666666667,PACE,/,151587,151599,151633,151670,151728,151763,151801,151846,normal
217,512,152018,422.27222222222224,PACE,/,151925,151934,151963,151975,152043,152072,152122,152168,normal
217,513,152352,423.2,PACE,/,152238,152249,152275,152307,152374,152410,152454,152506,normal
217,514,152664,424.06666666666666,PACE,/,,,,152624,152683,152723,152755,152795,normal
217,515,152961,424.89166666666665,PACE,/,152869,152900,152910,152922,152981,153018,153055,153098,normal
217,516,153260,425.72222222222223,PACE,/,153133,153156,153177,153220,153261,153267,153345,153393,normal
217,517,153543,426.5083333333333,PACE,/,153413,153418,153440,153504,153836,153594,153631,153677,normal
217,518,153836,427.3222222222222,PACE,/,,,,153794,,153838,153932,153983,normal
217,519,154144,428.1777777777778,PACE,/,154057,154077,154092,154104,154166,154201,154240,154289,normal
217,520,154460,429.05555555555554,PACE,/,154344,154355,154371,154419,154476,154516,154553,154596,normal
217,521,154765,429.90277777777777,PACE,/,154625,154638,154644,154723,154773,154775,154861,154905,normal
217,522,155042,430.6722222222222,PVC,V,,,,154997,155063,,,,
217,523,155131,430.9194444444444,PVC,V,,,,155128,155201,155207,155221,155242,inverted
217,524,155368,431.5777777777778,PVC,V,155286,155306,155330,155345,155425,155434,155545,155576,biphasic_negative_positive
217,525,155660,432.3888888888889,PACE,/,155591,155611,155634,155650,155685,155688,155772,155827,normal
217,526,155978,433.27222222222224,PACE,/,155843,155875,155883,155939,156011,156018,156067,156109,normal
217,527,156277,434.10277777777776,PACE,/,,,,156234,156589,156320,156370,156414,normal
217,528,156589,434.96944444444443,PACE,/,156478,156508,156527,156545,,,156590,156621,positive_monophasic
217,529,156808,435.5777777777778,PVC,V,156698,156749,156761,156773,156824,156846,156892,156967,inverted
217,530,157124,436.4555555555556,PFUS,f,157062,157078,157094,157104,157131,157178,157219,157270,inverted
217,531,157429,437.3027777777778,PFUS,f,157354,157377,157401,157413,157441,157502,157531,157573,inverted
217,532,157685,438.0138888888889,NORMAL,N,157642,157649,157659,157672,157693,157752,157776,157823,inverted
217,533,157957,438.76944444444445,NORMAL,N,157890,157918,157933,157945,157966,158030,158056,158102,inverted
217,534,158238,439.55,NORMAL,N,,,,158223,158248,158309,158340,158386,inverted
217,535,158552,440.4222222222222,PFUS,f,158454,158462,158471,158542,158565,158587,158686,158725,biphasic_positive_negative
217,536,158905,441.40277777777777,PACE,/,158818,158832,158850,158864,158906,158913,158997,159044,normal
217,537,159210,442.25,PACE,/,,,,159168,159231,159262,159301,159352,normal
217,538,159512,443.0888888888889,PACE,/,159387,159418,159434,159473,159527,,159556,159598,positive_monophasic
217,539,159714,443.65,PVC,V,,,,159681,159727,159749,159794,159867,inverted
217,540,160011,444.475,PACE,/,159942,159964,159984,160002,160027,160044,160137,160195,normal
217,541,160313,445.31388888888887,PACE,/,160242,160275,160292,160304,160331,160344,160432,160475,normal
217,542,160615,446.15277777777777,PACE,/,160553,160571,160593,160605,160634,160649,160743,160787,normal
217,543,160929,447.025,PACE,/,160839,160878,160892,160919,160947,160964,161062,161107,normal
217,544,161244,447.9,PACE,/,161189,161203,161220,161234,161261,161278,161373,161419,normal
217,545,161554,448.7611111111111,PACE,/,161492,161511,161527,161545,161573,161587,161677,161719,normal
217,546,161852,449.5888888888889,PACE,/,161755,161797,161816,161843,161868,161883,161970,162001,normal
217,547,162092,450.25555555555553,PVC,V,,,,162061,162105,162128,162172,162245,inverted
217,548,162386,451.0722222222222,PFUS,f,162326,162339,162364,162376,162396,162412,162466,162526,normal
217,549,162687,451.90833333333336,PFUS,f,162600,162608,162617,162678,162695,162781,162808,162848,inverted
217,550,163006,452.7944444444444,PACE,/,162966,162975,162985,162997,163024,163041,163136,163185,normal
217,551,163330,453.69444444444446,PACE,/,,,,163320,163342,,163360,163401,positive_monophasic
217,552,163581,454.39166666666665,PVC,V,163468,163493,163528,163547,163593,163616,163665,163748,inverted
217,553,163889,455.2472222222222,PFUS,f,163831,163854,163867,163879,163899,163978,164005,164048,inverted
217,554,164174,456.0388888888889,PACE,/,164107,164133,164150,164165,164190,164205,164291,164336,normal
217,555,164508,456.96666666666664,PACE,/,164407,164444,164453,164465,164529,164556,164601,164650,normal
217,556,164814,457.81666666666666,PACE,/,164705,164735,164761,164773,164835,,164880,164910,positive_monophasic
217,557,165036,458.43333333333334,PVC,V,164924,164958,164974,165002,165051,,165066,165121,negative_monophasic
217,558,165192,458.8666666666667,PVC,V,,,,165135,165251,,165269,165315,positive_monophasic
217,559,165511,459.7527777777778,PFUS,f,165464,165485,165490,165502,165524,165605,165641,165686,inverted
217,560,165795,460.5416666666667,NORMAL,N,165737,165753,165768,165781,165803,165857,165889,165932,inverted
217,561,166086,461.35,NORMAL,N,165996,166009,166037,166072,166095,166156,166185,166242,inverted
217,562,166365,462.125,NORMAL,N,166302,166320,166331,166351,166374,166433,166461,166498,inverted
217,563,166667,462.9638888888889,PFUS,f,166596,166607,166620,166646,166677,166735,166766,166803,inverted
217,564,166885,463.56944444444446,PVC,V,,,,166851,166900,166926,166969,167041,inverted
217,565,167195,464.43055555555554,PACE,/,167098,167127,167133,167186,167223,167226,167317,167358,normal
217,566,167516,465.3222222222222,PACE,/,167431,167471,167491,167507,167536,167551,167646,167703,normal
217,567,167831,466.1972222222222,PACE,/,167743,167771,167790,167822,167849,167864,167954,168003,normal
217,568,168165,467.125,PACE,/,168039,168075,168087,168126,168186,,168209,168252,positive_monophasic
217,569,168374,467.7055555555556,PVC,V,,,,168341,168386,168406,168453,168527,inverted
217,570,168668,468.52222222222224,PACE,/,168619,168638,168646,168658,168695,168698,168790,168841,normal
217,571,168990,469.4166666666667,PACE,/,168860,168899,168908,168953,169011,169036,169075,169117,normal
217,572,169298,470.27222222222224,PACE,/,169223,169229,169240,169259,169319,169351,169396,169446,normal
217,573,169540,470.94444444444446,PVC,V,,,,169502,169556,169589,169637,169717,inverted
217,574,169871,471.8638888888889,PFUS,f,169828,169838,169849,169861,169883,169969,169999,170041,inverted
217,575,170172,472.7,PACE,/,170108,170117,170150,170162,170187,170202,170288,170331,normal
217,576,170466,473.51666666666665,PFUS,f,170389,170398,170406,170456,170479,170494,170546,170604,normal
217,577,170763,474.34166666666664,PFUS,f,170660,170672,170685,170754,170793,170857,170884,170909,inverted
217,578,171045,475.125,NORMAL,N,170952,170975,170989,171031,171054,171116,171146,171192,inverted
217,579,171356,475.9888888888889,PFUS,f,171304,171315,171333,171345,171367,171425,171458,171504,inverted
217,580,171654,476.81666666666666,NORMAL,N,171605,171615,171629,171641,171664,171728,171758,171802,inverted
217,581,171956,477.65555555555557,NORMAL,N,171904,171918,171929,171941,171965,172027,172056,172101,inverted
217,582,172264,478.5111111111111,PFUS,f,172191,172219,172241,172253,172278,172342,172374,172419,inverted
217,583,172568,479.35555555555555,PACE,/,,,,172558,172585,172601,172688,172740,normal
217,584,172884,480.23333333333335,PACE,/,172776,172796,172818,172847,172904,172932,172971,173020,normal
217,585,173178,481.05,PACE,/,,,,173140,173192,173228,173266,173313,normal
217,586,173469,481.85833333333335,PACE,/,,,,173429,173791,173514,173562,173611,normal
217,587,173791,482.7527777777778,PACE,/,173702,173722,173732,173744,,173792,173899,173949,normal
217,588,174093,483.59166666666664,PACE,/,174028,174050,174072,174084,174110,174126,174218,174261,normal
217,589,174398,484.43888888888887,PACE,/,174314,174344,174377,174389,174417,174431,174517,174565,normal
217,590,174692,485.25555555555553,PACE,/,174601,174628,174634,174683,174708,174724,174811,174854,normal
217,591,174984,486.06666666666666,PFUS,f,174885,174897,174925,174975,174994,175072,175099,175137,inverted
217,592,175271,486.8638888888889,PACE,/,175191,175211,175237,175262,175288,175301,175390,175428,normal
217,593,175575,487.7083333333333,PACE,/,175485,175511,175535,175565,175593,175608,175704,175763,normal
217,594,175933,488.7027777777778,PACE,/,175812,175825,175831,175892,175956,175990,176033,176079,normal
217,595,176223,489.5083333333333,PACE,/,176180,176188,176201,176214,176240,176256,176344,176390,normal
217,596,176556,490.43333333333334,PACE,/,176439,176476,176503,176515,176589,176611,176651,176693,normal
217,597,176833,491.2027777777778,PACE,/,176775,176785,176800,176824,176852,176866,176957,176999,normal
217,598,177127,492.01944444444445,PACE,/,177061,177076,177098,177105,177142,177156,177242,177283,normal
217,599,177423,492.84166666666664,PFUS,f,177360,177371,177385,177413,177439,177453,177507,177577,normal
217,600,177720,493.6666666666667,PFUS,f,177625,177645,177680,177710,177729,177752,177757,177837,normal
217,601,177931,494.2527777777778,PVC,V,,,,177896,177944,177976,178018,178093,inverted
217,602,178266,495.18333333333334,PFUS,f,178185,178198,178226,178255,178279,178332,178379,178430,inverted
217,603,178546,495.9611111111111,NORMAL,N,178503,178515,178521,178533,178554,178617,178646,178691,inverted
217,604,178859,496.8305555555556,PACE,/,178799,178819,178837,178849,178877,178891,178977,179025,normal
217,605,179179,497.71944444444443,PACE,/,179048,179074,179096,179139,179193,179231,179331,179343,biphasic_positive_negative
217,606,179466,498.51666666666665,PACE,/,179349,179377,179392,179428,179486,179512,179555,179597,normal
217,607,179760,499.3333333333333,PACE,/,179627,179661,179665,179718,179761,179769,179854,179895,normal
217,608,180045,500.125,PACE,/,179964,179982,180015,180035,180066,180084,180186,180230,normal
217,609,180386,501.0722222222222,PACE,/,180321,180329,180343,180375,180404,180424,180526,180571,normal
217,610,180737,502.0472222222222,PACE,/,180627,180653,180675,180695,180757,180794,180830,180874,normal
217,611,181011,502.80833333333334,PACE,/,180928,180953,180989,181001,181028,181043,181132,181179,normal
217,612,181308,503.6333333333333,PACE,/,181210,181245,181254,181298,181323,181337,181423,181466,normal
217,613,181594,504.4277777777778,PACE,/,181535,181552,181573,181585,181610,181625,181715,181759,normal
217,614,181899,505.275,PACE,/,181843,181855,181869,181888,181917,181933,182028,182073,normal
217,615,182212,506.14444444444445,PACE,/,182123,182146,182155,182202,182231,182247,182348,182393,normal
217,616,182545,507.06944444444446,PACE,/,182502,182510,182523,182536,182563,182578,182674,182721,normal
217,617,182857,507.93611111111113,PACE,/,,,,182847,182874,182891,182984,183029,normal
217,618,183168,508.8,PACE,/,183104,183123,183147,183159,183185,183201,183290,183332,normal
217,619,183460,509.6111111111111,PACE,/,183385,183398,183410,183450,183476,183491,183580,183625,normal
217,620,183777,510.4916666666667,PACE,/,183664,183699,183727,183739,183797,183830,183872,183910,normal
217,621,184002,511.1166666666667,PVC,V,183912,183928,183939,183963,184014,184037,184082,184153,inverted
217,622,184313,511.98055555555555,PACE,/,184241,184249,184281,184303,184330,184346,184437,184484,normal
217,623,184636,512.8777777777777,PACE,/,184545,184574,184603,184626,184647,184673,184775,184828,normal
217,624,184963,513.7861111111112,PFUS,f,184916,184925,184941,184953,184969,185051,185083,185134,inverted
217,625,185271,514.6416666666667,PFUS,f,185206,185215,185222,185261,185283,185367,185394,185426,inverted
217,626,185571,515.475,PACE,/,185510,185530,185545,185561,185587,185602,185686,185729,normal
217,627,185884,516.3444444444444,PACE,/,185812,185824,185833,185845,185901,185936,185971,186017,normal
217,628,186154,517.0944444444444,PACE,/,186066,186090,186106,186144,186172,186190,186287,186333,normal
217,629,186468,517.9666666666667,PFUS,f,186377,186410,186417,186458,186479,186498,186556,186632,normal
217,630,186797,518.8805555555556,PACE,/,186690,186720,186735,186787,186815,186831,186924,186971,normal
217,631,187143,519.8416666666667,PACE,/,187020,187034,187044,187101,187163,187183,187233,187278,normal
217,632,187450,520.6944444444445,PACE,/,187337,187359,187396,187408,187471,187498,187537,187580,normal
217,633,187745,521.5138888888889,PACE,/,187655,187673,187690,187703,187763,187789,187833,187872,normal
217,634,188033,522.3138888888889,PACE,/,187920,187957,187980,187992,188048,188083,188122,188172,normal
217,635,188328,523.1333333333333,PACE,/,188207,188242,188250,188289,188349,188379,188419,188468,normal
217,636,188627,523.9638888888888,PACE,/,188501,188531,188547,188588,188643,188683,188720,188762,normal
217,637,188939,524.8305555555555,PACE,/,188820,188840,188854,188894,188940,188947,189040,189086,normal
217,638,189230,525.6388888888889,PACE,/,189134,189155,189172,189220,189247,189264,189356,189401,normal
217,639,189567,526.575,PACE,/,189479,189495,189512,189525,189587,189616,189660,189703,normal
217,640,189868,527.4111111111112,PACE,/,,,,189827,189883,189917,189953,189996,normal
217,641,190122,528.1166666666667,PACE,/,190028,190064,190075,190112,190138,190152,190236,190281,normal
217,642,190444,529.0111111111111,PACE,/,190322,190335,190343,190401,190463,190494,190532,190573,normal
217,643,190738,529.8277777777778,PACE,/,190630,190657,190675,190696,190754,190792,190835,190878,normal
217,644,191019,530.6083333333333,PACE,/,190943,190952,190962,191009,191030,191054,191156,191207,normal
217,645,191351,531.5305555555556,PACE,/,191261,191281,191302,191341,191367,191383,191475,191525,normal
217,646,191687,532.4638888888888,PACE,/,191554,191589,191608,191646,191688,191690,191779,191824,normal
217,647,191981,533.2805555555556,PACE,/,191897,191908,191931,191942,191997,192033,192070,192113,normal
217,648,192274,534.0944444444444,PACE,/,,,,192235,192290,192329,192365,192404,normal
217,649,192571,534.9194444444445,PACE,/,192456,192465,192476,192529,192601,192618,192661,192703,normal
217,650,192869,535.7472222222223,PACE,/,192773,192790,192821,192833,192890,192926,192959,193003,normal
217,651,193173,536.5916666666667,PACE,/,193034,193060,193064,193128,193194,193225,193270,193314,normal
217,652,193492,537.4777777777778,PACE,/,193347,193369,193383,193448,193507,193509,193589,193630,normal
217,653,193797,538.325,PACE,/,193713,193725,193742,193755,193818,193853,193890,193931,normal
217,654,194098,539.1611111111112,PACE,/,193956,193978,193992,194047,194121,194155,194192,194244,normal
217,655,194399,539.9972222222223,PACE,/,194289,194319,194348,194360,194428,194445,194486,194528,normal
217,656,194685,540.7916666666666,PACE,/,,,,194645,194974,194731,194773,194813,normal
217,657,194974,541.5944444444444,PACE,/,194875,194895,194915,194934,,194976,195067,195110,normal
217,658,195285,542.4583333333334,PACE,/,195173,195193,195224,195239,195304,195336,195383,195429,normal
217,659,195611,543.3638888888889,PACE,/,195495,195532,195558,195570,195636,195668,195708,195758,normal
217,660,195927,544.2416666666667,PACE,/,195827,195849,195871,195883,195949,195969,196020,196063,normal
217,661,196224,545.0666666666667,PACE,/,196144,196156,196170,196184,196245,196274,196316,196355,normal
217,662,196482,545.7833333333333,PFUS,f,196383,196435,196441,196472,196491,196510,196561,196608,normal
217,663,196778,546.6055555555556,PFUS,f,196676,196683,196694,196761,196789,,196818,196874,negative_monophasic
217,664,196975,547.1527777777778,PVC,V,,,,196941,196987,197011,197057,197117,inverted
217,665,197287,548.0194444444444,PACE,/,197191,197222,197227,197277,197306,197323,197421,197474,normal
217,666,197564,548.7888888888889,PVC,V,197497,197510,197520,197529,197578,197610,197656,197735,inverted
217,667,197882,549.6722222222222,NORMAL,N,197790,197799,197809,197868,197891,197956,197984,198028,inverted
217,668,198184,550.5111111111111,PFUS,f,198097,198107,198117,198166,198191,198251,198283,198327,inverted
217,669,198461,551.2805555555556,NORMAL,N,198396,198406,198416,198448,198470,198530,198562,198601,inverted
217,670,198762,552.1166666666667,PACE,/,,,,198754,198806,198846,198877,198918,normal
217,671,199086,553.0166666666667,PACE,/,,,,199036,199117,199142,199173,199211,normal
217,672,199383,553.8416666666667,PACE,/,,,,199335,199412,199435,199473,199517,normal
217,673,199689,554.6916666666667,PACE,/,,,,199642,199704,199745,199787,199835,normal
217,674,200003,555.5638888888889,PACE,/,,,,199959,200313,200048,200099,200145,normal
217,675,200313,556.425,PACE,/,,,,200272,,200314,200410,200451,normal
217,676,200617,557.2694444444444,PACE,/,,,,200572,200636,200665,200704,200746,normal
217,677,200873,557.9805555555556,PACE,/,,,,200853,200901,200903,200985,201024,normal
217,678,201190,558.8611111111111,PACE,/,,,,201151,201212,201238,201277,201319,normal
217,679,201490,559.6944444444445,PACE,/,201358,201374,201413,201448,201491,201498,201585,201632,normal
217,680,201781,560.5027777777777,PFUS,f,,,,201772,201801,,,,
217,681,202118,561.4388888888889,PFUS,f,,,,202102,202127,202187,202222,202270,inverted
217,682,202420,562.2777777777778,PFUS,f,,,,202396,202427,202478,202516,202548,inverted
217,683,202641,562.8916666666667,PVC,V,,,,202605,202673,202675,202725,202795,inverted
217,684,202948,563.7444444444444,PACE,/,,,,202938,202996,203014,203060,203110,normal
217,685,203261,564.6138888888889,PACE,/,,,,203222,203284,203316,203354,203400,normal
217,686,203533,565.3694444444444,PACE,/,,,,203525,203560,203563,203653,203692,normal
217,687,203879,566.3305555555555,PACE,/,,,,203836,203880,203887,203979,204027,normal
217,688,204209,567.2472222222223,PACE,/,,,,204161,204232,204265,204302,204351,normal
217,689,204514,568.0944444444444,PACE,/,,,,204473,204515,204521,204608,204655,normal
217,690,204823,568.9527777777778,PACE,/,,,,204773,204845,204875,204917,204957,normal
217,691,205117,569.7694444444444,PACE,/,,,,205079,205137,205166,205206,205247,normal
217,692,205406,570.5722222222222,PACE,/,205311,205323,205334,205367,205425,205458,205495,205537,normal
217,693,205702,571.3944444444444,PACE,/,,,,205660,205722,205751,205790,205834,normal
217,694,206003,572.2305555555556,PACE,/,,,,205961,206024,206053,206098,206144,normal
217,695,206315,573.0972222222222,PACE,/,206195,206214,206228,206261,206316,206323,206416,206465,normal
217,696,206633,573.9805555555556,PACE,/,206516,206535,206551,206590,206634,206640,206727,206776,normal
217,697,206939,574.8305555555555,PACE,/,,,,206897,206961,206996,207030,207071,normal
217,698,207233,575.6472222222222,PACE,/,207114,207140,207161,207195,207254,207286,207322,207364,normal
217,699,207516,576.4333333333333,PACE,/,,,,207479,207808,207569,207605,207652,normal
217,700,207808,577.2444444444444,PACE,/,207663,207664,207720,207767,,207810,207904,207949,normal
217,701,208127,578.1305555555556,PACE,/,207992,208000,208042,208085,208148,208184,208222,208266,normal
217,702,208449,579.025,PACE,/,,,,208403,208750,208503,208544,208588,normal
217,703,208750,579.8611111111111,PACE,/,,,,208697,,208752,208844,208891,normal
217,704,209055,580.7083333333334,PACE,/,208917,208926,208959,209009,209071,209107,209149,209196,normal
217,705,209351,581.5305555555556,PACE,/,,,,209308,209367,209391,209439,209480,normal
217,706,209638,582.3277777777778,PACE,/,,,,209597,209938,209686,209727,209770,normal
217,707,209938,583.1611111111112,PACE,/,,,,209896,,209939,210030,210075,normal
217,708,210233,583.9805555555556,PACE,/,,,,210185,210256,210289,210332,210380,normal
217,709,210544,584.8444444444444,PACE,/,,,,210502,210545,210563,210640,210693,normal
217,710,210861,585.725,PACE,/,210741,210748,210784,210814,210879,210906,210956,211004,normal
217,711,211172,586.5888888888888,PACE,/,,,,211126,211190,211227,211264,211306,normal
217,712,211470,587.4166666666666,PACE,/,211325,211354,211367,211415,211492,211529,211565,211608,normal
217,713,211764,588.2333333333333,PACE,/,211662,211676,211688,211726,211784,211813,211853,211898,normal
217,714,212050,589.0277777777778,PACE,/,,,,212008,212082,212095,212140,212183,normal
217,715,212346,589.85,PACE,/,212238,212264,212281,212307,212367,212404,212436,212476,normal
217,716,212658,590.7166666666667,PACE,/,212543,212564,212597,212615,212684,212718,212755,212796,normal
217,717,212975,591.5972222222222,PACE,/,,,,212933,212996,213032,213074,213115,normal
217,718,213252,592.3666666666667,PACE,/,213128,213141,213163,213242,213291,213346,213374,213410,normal
217,719,213581,593.2805555555556,PACE,/,213494,213505,213520,213544,213601,213618,213670,213710,normal
217,720,213869,594.0805555555555,PACE,/,213798,213807,213819,213827,214168,213913,213957,213998,normal
217,721,214168,594.9111111111112,PACE,/,214006,214023,214045,214121,,214170,214262,214305,normal
217,722,214437,595.6583333333333,PFUS,f,,,,214421,214445,,214517,214558,negative_monophasic
217,723,214612,596.1444444444444,PVC,V,,,,214563,214629,214636,214696,214768,normal
217,724,214968,597.1333333333333,PACE,/,214856,214880,214892,214924,214991,215013,215066,215146,normal
217,725,215239,597.8861111111111,PVC,V,,,,215204,215275,215276,215330,215410,inverted
217,726,215546,598.7388888888889,PFUS,f,215508,215511,215526,215537,215567,215572,215625,215689,normal
217,727,215791,599.4194444444445,PVC,V,,,,215757,215819,215825,215871,215956,inverted
217,728,216093,600.2583333333333,PFUS,f,216026,216041,216059,216084,216124,216198,216221,216256,inverted
217,729,216391,601.0861111111111,PFUS,f,216260,216262,216312,216369,216401,216460,216492,216540,inverted
217,730,216689,601.9138888888889,PFUS,f,216610,216627,216642,216668,216698,216758,216790,216825,inverted
217,731,216989,602.7472222222223,PFUS,f,,,,216979,216995,217086,217117,217156,inverted
217,732,217352,603.7555555555556,PACE,/,217202,217217,217239,217310,217660,217405,217446,217497,normal
217,733,217660,604.6111111111111,PACE,/,217539,217581,217591,217619,217954,217661,217754,217795,normal
217,734,217954,605.4277777777778,PACE,/,217845,217862,217903,217915,,217955,218042,218084,normal
217,735,218237,606.2138888888888,PACE,/,218133,218146,218156,218195,218251,218285,218326,218370,normal
217,736,218531,607.0305555555556,PACE,/,218389,218396,218435,218489,218551,218580,218621,218671,normal
217,737,218836,607.8777777777777,PACE,/,,,,218793,218855,218891,218930,218973,normal
217,738,219155,608.7638888888889,PACE,/,,,,219106,219170,219172,219258,219301,normal
217,739,219478,609.6611111111112,PACE,/,,,,219436,219497,219532,219572,219617,normal
217,740,219778,610.4944444444444,PACE,/,219640,219641,219698,219738,219779,219781,219868,219910,normal
217,741,220073,611.3138888888889,PACE,/,219955,219979,219990,220033,220094,220123,220166,220211,normal
217,742,220374,612.15,PACE,/,220258,220304,220322,220333,220395,220426,220463,220501,normal
217,743,220667,612.9638888888888,PACE,/,220574,220587,220599,220628,220688,220719,220761,220806,normal
217,744,220967,613.7972222222222,PACE,/,,,,220930,220987,221020,221062,221112,normal
217,745,221284,614.6777777777778,PACE,/,221183,221211,221230,221242,221285,221301,221383,221435,normal
217,746,221613,615.5916666666667,PACE,/,221462,221471,221494,221566,221919,221672,221703,221750,normal
217,747,221919,616.4416666666667,PACE,/,,,,221872,,221921,222013,222057,normal
217,748,222221,617.2805555555556,PACE,/,222105,222157,222169,222181,222507,222272,222313,222362,normal
217,749,222507,618.075,PACE,/,222389,222419,222432,222470,,222508,222595,222639,normal
217,750,222797,618.8805555555556,PACE,/,,,,222760,222818,222856,222887,222935,normal
217,751,223095,619.7083333333334,PACE,/,,,,223048,223111,223148,223194,223237,normal
217,752,223420,620.6111111111111,PACE,/,,,,223372,223421,223423,223529,223584,normal
217,753,223774,621.5944444444444,PACE,/,,,,223732,223775,223777,223872,223915,normal
217,754,224081,622.4472222222222,PACE,/,,,,224038,224102,224135,224172,224214,normal
217,755,224374,623.2611111111111,PACE,/,224266,224296,224310,224336,224389,224431,224464,224508,normal
217,756,224666,624.0722222222222,PACE,/,224539,224544,224559,224626,224684,224712,224750,224792,normal
217,757,224922,624.7833333333333,PFUS,f,224852,224861,224869,224912,224945,224951,225035,225061,normal
217,758,225256,625.7111111111111,PACE,/,,,,225213,225578,225305,225359,225411,normal
217,759,225578,626.6055555555556,PACE,/,225441,225471,225484,225535,,225580,225678,225727,normal
217,760,225903,627.5083333333333,PACE,/,,,,225861,225926,225949,225995,226041,normal
217,761,226204,628.3444444444444,PACE,/,,,,226162,226218,226258,226298,226344,normal
217,762,226513,629.2027777777778,PACE,/,,,,226468,226533,226569,226607,226649,normal
217,763,226805,630.0138888888889,PACE,/,,,,226768,226806,226812,226892,226932,normal
217,764,227093,630.8138888888889,PACE,/,,,,227049,227094,227101,227179,227220,normal
217,765,227390,631.6388888888889,PACE,/,227277,227319,227337,227349,227409,227438,227479,227525,normal
217,766,227695,632.4861111111111,PACE,/,,,,227650,227716,227752,227789,227837,normal
217,767,228008,633.3555555555556,PACE,/,,,,227961,228030,228071,228107,228149,normal
217,768,228322,634.2277777777778,PACE,/,228205,228230,228253,228279,228323,228325,228419,228466,normal
217,769,228626,635.0722222222222,PACE,/,,,,228573,228655,228674,228714,228758,normal
217,770,228915,635.875,PACE,/,228779,228789,228812,228875,228934,228964,229003,229044,normal
217,771,229201,636.6694444444445,PACE,/,,,,229158,229503,229251,229293,229334,normal
217,772,229503,637.5083333333333,PACE,/,229377,229388,229402,229459,,229505,229601,229647,normal
217,773,229821,638.3916666666667,PACE,/,229700,229710,229724,229777,229837,229880,229923,229968,normal
217,774,230151,639.3083333333333,PACE,/,,,,230104,230167,230203,230245,230286,normal
217,775,230453,640.1472222222222,PACE,/,230303,230307,230323,230410,230473,230509,230545,230586,normal
217,776,230755,640.9861111111111,PACE,/,,,,230714,230777,230813,230847,230887,normal
217,777,231047,641.7972222222222,PACE,/,230899,230906,230925,231007,231332,231102,231137,231174,normal
217,778,231332,642.5888888888888,PACE,/,231207,231220,231229,231293,,231333,231429,231471,normal
217,779,231634,643.4277777777778,PACE,/,,,,231595,231655,231681,231726,231770,normal
217,780,231939,644.275,PACE,/,,,,231891,231954,231994,232033,232079,normal
217,781,232245,645.125,PACE,/,232094,232103,232134,232191,232246,232252,232343,232387,normal
217,782,232561,646.0027777777777,PACE,/,,,,232509,232581,232614,232658,232702,normal
217,783,232866,646.85,PACE,/,,,,232820,232886,232914,232955,232997,normal
217,784,233158,647.6611111111112,PACE,/,233052,233084,233099,233121,233159,233161,233244,233285,normal
217,785,233440,648.4444444444445,PACE,/,,,,233397,233472,233486,233529,233571,normal
217,786,233732,649.2555555555556,PACE,/,,,,233684,233752,233781,233825,233871,normal
217,787,234028,650.0777777777778,PACE,/,,,,233973,234042,234049,234127,234174,normal
217,788,234348,650.9666666666667,PACE,/,,,,234302,234371,234405,234451,234498,normal
217,789,234669,651.8583333333333,PACE,/,234570,234582,234609,234628,234670,234672,234760,234806,normal
217,790,234971,652.6972222222222,PACE,/,,,,234927,234993,235026,235064,235108,normal
217,791,235265,653.5138888888889,PACE,/,,,,235226,235285,235317,235353,235395,normal
217,792,235551,654.3083333333333,PACE,/,,,,235515,235572,235606,235642,235685,normal
217,793,235851,655.1416666666667,PACE,/,,,,235813,235867,235907,235945,235991,normal
217,794,236162,656.0055555555556,PACE,/,,,,236114,236182,236222,236256,236302,normal
217,795,236468,656.8555555555556,PACE,/,236357,236371,236385,236421,236488,236524,236567,236612,normal
217,796,236781,657.725,PACE,/,,,,236738,236782,236788,236877,236923,normal
217,797,237078,658.55,PACE,/,,,,237039,237098,237134,237169,237219,normal
217,798,237374,659.3722222222223,PACE,/,,,,237335,237390,237425,237465,237511,normal
217,799,237670,660.1944444444445,PACE,/,237534,237541,237576,237621,237691,237718,237760,237801,normal
217,800,237964,661.0111111111111,PACE,/,,,,237927,237985,238017,238058,238105,normal
217,801,238262,661.8388888888888,PACE,/,238117,238128,238152,238221,238278,238317,238355,238400,normal
217,802,238569,662.6916666666667,PACE,/,238446,238464,238479,238515,238591,238631,238671,238719,normal
217,803,238899,663.6083333333333,PACE,/,,,,238857,238914,238947,238993,239037,normal
217,804,239201,664.4472222222222,PACE,/,,,,239156,239221,239252,239296,239345,normal
217,805,239499,665.275,PACE,/,,,,239457,239517,239548,239589,239632,normal
217,806,239784,666.0666666666667,PACE,/,239651,239660,239691,239744,239804,239834,239872,239915,normal
217,807,240073,666.8694444444444,PACE,/,,,,240033,240092,240120,240160,240205,normal
217,808,240372,667.7,PACE,/,,,,240320,240686,240419,240466,240513,normal
217,809,240686,668.5722222222222,PACE,/,,,,240637,241010,240688,240791,240839,normal
217,810,241010,669.4722222222222,PACE,/,,,,240968,,241012,241105,241158,normal
217,811,241316,670.3222222222222,PACE,/,241165,241179,241204,241268,241332,241370,241410,241453,normal
217,812,241615,671.1527777777778,PACE,/,241469,241474,241522,241574,241635,241667,241707,241747,normal
217,813,241911,671.975,PACE,/,,,,241868,241912,241918,242003,242047,normal
217,814,242209,672.8027777777778,PACE,/,,,,242168,242229,242257,242302,242345,normal
217,815,242508,673.6333333333333,PACE,/,,,,242468,242527,242560,242598,242642,normal
217,816,242815,674.4861111111111,PACE,/,,,,242772,242834,242861,242910,242959,normal
217,817,243138,675.3833333333333,PACE,/,,,,243086,243159,243190,243231,243275,normal
217,818,243440,676.2222222222222,PACE,/,,,,243397,243441,243448,243536,243580,normal
217,819,243744,677.0666666666667,PACE,/,,,,243702,243764,243799,243838,243881,normal
217,820,244039,677.8861111111111,PACE,/,,,,243998,244323,244084,244126,244166,normal
217,821,244323,678.675,PACE,/,,,,244274,,244324,244415,244455,normal
217,822,244613,679.4805555555556,PACE,/,,,,244574,244633,244667,244706,244752,normal
217,823,244922,680.3388888888888,PACE,/,,,,244880,244936,244939,245022,245069,normal
217,824,245246,681.2388888888889,PACE,/,,,,245204,245270,245301,245346,245388,normal
217,825,245559,682.1083333333333,PACE,/,,,,245522,245581,245609,245652,245697,normal
217,826,245857,682.9361111111111,PACE,/,,,,245815,245877,245905,245949,245992,normal
217,827,246147,683.7416666666667,PACE,/,,,,246107,246148,246154,246238,246278,normal
217,828,246434,684.5388888888889,PACE,/,246340,246360,246384,246392,246453,246483,246524,246568,normal
217,829,246729,685.3583333333333,PACE,/,246607,246614,246646,246691,246752,246788,246822,246867,normal
217,830,247042,686.2277777777778,PACE,/,,,,246998,247063,247094,247139,247183,normal
217,831,247357,687.1027777777778,PACE,/,247224,247227,247255,247310,247663,247416,247455,247506,normal
217,832,247663,687.9527777777778,PACE,/,,,,247628,247963,247665,247754,247798,normal
217,833,247963,688.7861111111112,PACE,/,,,,247927,,247965,248058,248101,normal
217,834,248267,689.6305555555556,PACE,/,248157,248182,248208,248226,248287,248309,248357,248399,normal
217,835,248523,690.3416666666667,PACE,/,,,,248503,248566,248605,248646,248691,normal
217,836,248846,691.2388888888889,PACE,/,248708,248719,248750,248797,248860,248890,248938,248984,normal
217,837,249146,692.0722222222222,PACE,/,248998,249011,249034,249105,249147,249153,249241,249285,normal
217,838,249457,692.9361111111111,PACE,/,,,,249416,249477,249504,249550,249599,normal
217,839,249767,693.7972222222222,PACE,/,,,,249721,249786,249824,249864,249909,normal
217,840,250077,694.6583333333333,PACE,/,249961,249990,250006,250028,250100,250137,250173,250218,normal
217,841,250374,695.4833333333333,PACE,/,250291,250307,250323,250335,250393,250409,250464,250504,normal
217,842,250661,696.2805555555556,PACE,/,250524,250531,250541,250623,250680,,250699,250747,positive_monophasic
217,843,250858,696.8277777777778,PVC,V,,,,250822,250868,250904,250942,251007,inverted
217,844,251163,697.675,PFUS,f,,,,251150,251172,251268,251296,251334,inverted
217,845,251484,698.5666666666667,PACE,/,251366,251380,251394,251474,251529,251564,251611,251658,normal
217,846,251808,699.4666666666667,PFUS,f,,,,251799,251814,251897,251923,251967,inverted
217,847,252099,700.275,PFUS,f,,,,252085,252113,,252152,252196,negative_monophasic
217,848,252289,700.8027777777778,PVC,V,,,,252256,252313,,,,
217,849,252381,701.0583333333333,PVC,V,,,,252373,252453,252454,252549,252602,inverted
217,850,252746,702.0722222222222,PFUS,f,252652,252662,252685,252733,252752,252836,252865,252906,inverted
217,851,253035,702.875,PFUS,f,,,,253022,253041,253116,253153,253198,inverted
217,852,253339,703.7194444444444,PFUS,f,253256,253275,253289,253317,253346,,253377,253427,negative_monophasic
217,853,253528,704.2444444444444,PVC,V,,,,253491,253541,253567,253614,253682,inverted
217,854,253848,705.1333333333333,PACE,/,,,,253839,253871,253879,253929,253989,normal
217,855,254097,705.825,PVC,V,,,,254063,254131,254140,254184,254263,inverted
217,856,254420,706.7222222222222,PFUS,f,254339,254367,254388,254410,254432,254516,254545,254583,inverted
217,857,254662,707.3944444444444,PVC,V,,,,254628,254689,254697,254742,254821,inverted
217,858,254960,708.2222222222222,PACE,/,,,,254950,255009,255038,255070,255146,normal
217,859,255280,709.1111111111111,PACE,/,255167,255197,255218,255241,255299,,255326,255366,positive_monophasic
217,860,255471,709.6416666666667,PVC,V,,,,255450,255535,255541,255573,255617,inverted
217,861,255809,710.5805555555555,PACE,/,255675,255686,255699,255766,256134,255867,255909,255971,normal
217,862,256134,711.4833333333333,PACE,/,256023,256051,256069,256093,256441,256135,256228,256277,normal
217,863,256441,712.3361111111111,PACE,/,256294,256306,256314,256399,,256443,256530,256586,normal
217,864,256741,713.1694444444445,PACE,/,256633,256645,256656,256700,256757,256800,256831,256872,normal
217,865,257028,713.9666666666667,PACE,/,,,,256987,257047,257066,257116,257160,normal
217,866,257317,714.7694444444444,PACE,/,,,,257275,257628,257320,257411,257460,normal
217,867,257628,715.6333333333333,PACE,/,,,,257588,,257629,257722,257764,normal
217,868,257945,716.5138888888889,PACE,/,,,,257898,258258,257997,258041,258088,normal
217,869,258258,717.3833333333333,PACE,/,,,,258204,,258260,258355,258403,normal
217,870,258567,718.2416666666667,PACE,/,258464,258475,258487,258525,258588,258626,258664,258708,normal
217,871,258869,719.0805555555555,PACE,/,258717,258726,258739,258828,258888,258920,258958,259000,normal
217,872,259159,719.8861111111111,PACE,/,259025,259051,259076,259122,259182,259216,259251,259294,normal
217,873,259389,720.525,PVC,V,,,,259353,259429,259434,259481,259560,inverted
217,874,259700,721.3888888888889,PFUS,f,,,,259691,259706,259783,259819,259863,inverted
217,875,260003,722.2305555555556,PACE,/,,,,259994,260033,260034,260126,260175,normal
217,876,260352,723.2,PACE,/,,,,260304,260375,260406,260452,260495,normal
217,877,260672,724.0888888888888,PACE,/,,,,260628,260692,,260723,260763,positive_monophasic
217,878,260889,724.6916666666667,PVC,V,260768,260793,260806,260854,260901,260923,260973,261049,inverted
217,879,261194,725.5388888888889,PACE,/,,,,261175,261242,261266,261309,261359,normal
217,880,261506,726.4055555555556,PACE,/,261377,261381,261399,261469,261526,261552,261596,261639,normal
217,881,261762,727.1166666666667,PVC,V,,,,261722,261786,261794,261848,261928,inverted
217,882,262071,727.975,PACE,/,,,,262061,262104,262107,262205,262265,normal
217,883,262435,728.9861111111111,PACE,/,,,,262390,262463,262500,262553,262607,normal
217,884,262776,729.9333333333333,PACE,/,262624,262630,262657,262734,262815,262830,262872,262913,normal
217,885,263082,730.7833333333333,PACE,/,,,,263040,263098,263125,263173,263209,normal
217,886,263302,731.3944444444444,PVC,V,,,,263269,263322,263340,263383,263464,inverted
217,887,263600,732.2222222222222,PACE,/,,,,263591,263652,263686,263725,263782,normal
217,888,263941,733.1694444444445,PACE,/,,,,263899,263956,263989,264033,264079,normal
217,889,264250,734.0277777777778,PACE,/,,,,264205,264268,264299,264340,264383,normal
217,890,264564,734.9,PACE,/,,,,264523,264587,264612,264662,264704,normal
217,891,264882,735.7833333333333,PACE,/,,,,264840,264904,,264926,264975,positive_monophasic
217,892,265095,736.375,PVC,V,,,,265061,265434,265134,265178,265256,inverted
217,893,265434,737.3166666666667,PACE,/,,,,265393,265729,265436,265527,265574,normal
217,894,265729,738.1361111111111,PACE,/,,,,265680,,265730,265815,265855,normal
217,895,266020,738.9444444444445,PACE,/,,,,265981,266038,266067,266107,266153,normal
217,896,266310,739.75,PACE,/,266193,266209,266219,266271,266330,266355,266405,266451,normal
217,897,266628,740.6333333333333,PACE,/,,,,266580,266644,266646,266732,266776,normal
217,898,266867,741.2972222222222,PVC,V,,,,266828,266906,266908,266957,267033,inverted
217,899,267185,742.1805555555555,PFUS,f,267110,267126,267164,267175,267194,267273,267310,267357,inverted
217,900,267484,743.0111111111111,PFUS,f,,,,267463,267491,267541,267577,267622,inverted
217,901,267779,743.8305555555555,PFUS,f,,,,267763,267790,267848,267879,267931,inverted
217,902,268059,744.6083333333333,PFUS,f,,,,268049,268231,,268123,268168,negative_monophasic
217,903,268231,745.0861111111111,PVC,V,,,,268210,,268265,268315,268361,normal
217,904,268559,745.9972222222223,PACE,/,268461,268471,268482,268500,268581,268605,268653,268709,normal
217,905,268883,746.8972222222222,PACE,/,268751,268764,268776,268830,268904,268933,268979,269038,normal
217,906,269201,747.7805555555556,PACE,/,269051,269054,269110,269149,269222,269255,269290,269334,normal
217,907,269500,748.6111111111111,PACE,/,,,,269449,269520,269555,269591,269623,normal
217,908,269716,749.2111111111111,PVC,V,269625,269653,269669,269681,269729,269753,269800,269881,inverted
217,909,270020,750.0555555555555,PACE,/,269913,269940,269959,269999,270064,270099,270135,270186,normal
217,910,270271,750.7527777777777,PVC,V,,,,270236,270300,270316,270353,270429,inverted
217,911,270572,751.5888888888888,PACE,/,270521,270540,270553,270564,270624,270662,270698,270750,normal
217,912,270823,752.2861111111112,PVC,V,270751,270755,270765,270789,270836,270859,270909,270993,inverted
217,913,271181,753.2805555555556,PACE,/,271075,271087,271132,271140,271196,271231,271273,271315,normal
217,914,271407,753.9083333333333,PVC,V,,,,271372,271440,271449,271491,271571,inverted
217,915,271724,754.7888888888889,PACE,/,,,,271714,271765,271808,271844,271880,normal
217,916,272024,755.6222222222223,PFUS,f,,,,272008,272034,272085,272120,272163,inverted
217,917,272329,756.4694444444444,PACE,/,,,,272291,272343,272380,272416,272466,normal
217,918,272625,757.2916666666666,PACE,/,,,,272583,272939,272670,272719,272762,normal
217,919,272939,758.1638888888889,PACE,/,,,,272894,,272940,273035,273089,normal
217,920,273258,759.05,PACE,/,,,,273217,273268,273317,273360,273405,normal
217,921,273576,759.9333333333333,PACE,/,,,,273536,273596,273627,273669,273714,normal
217,922,273876,760.7666666666667,PACE,/,273775,273802,273815,273834,274170,273930,273965,274006,normal
217,923,274170,761.5833333333334,PACE,/,274062,274087,274108,274128,,274171,274258,274293,normal
217,924,274385,762.1805555555555,PVC,V,,,,274350,274423,274425,274467,274540,inverted
217,925,274687,763.0194444444444,PFUS,f,,,,274666,274700,274720,274817,274863,biphasic_positive_negative
217,926,274993,763.8694444444444,PFUS,f,,,,274978,275001,275059,275093,275142,inverted
217,927,275342,764.8388888888888,PACE,/,,,,275300,275361,275401,275432,275480,normal
217,928,275640,765.6666666666666,PFUS,f,,,,275605,275641,275643,275701,275766,normal
217,929,275958,766.55,PACE,/,,,,275917,275974,276023,276053,276112,normal
217,930,276258,767.3833333333333,PACE,/,,,,276219,276274,276307,276345,276395,normal
217,931,276540,768.1666666666666,PACE,/,276400,276404,276461,276505,276556,276594,276624,276668,normal
217,932,276833,768.9805555555556,PACE,/,,,,276781,276853,276882,276919,276968,normal
217,933,277132,769.8111111111111,PACE,/,,,,277086,277153,277183,277222,277267,normal
217,934,277434,770.65,PACE,/,,,,277380,277459,277493,277538,277576,normal
217,935,277671,771.3083333333333,PVC,V,,,,277635,277686,277714,277763,277848,inverted
217,936,277996,772.2111111111111,PACE,/,,,,277986,278046,278083,278115,278188,normal
217,937,278322,773.1166666666667,PACE,/,,,,278281,278337,278370,278411,278452,normal
217,938,278610,773.9166666666666,PACE,/,,,,278573,278631,278664,278698,278741,normal
217,939,278902,774.7277777777778,PACE,/,278757,278766,278796,278860,278923,278950,278994,279036,normal
217,940,279209,775.5805555555555,PACE,/,279089,279104,279119,279167,279224,279261,279302,279353,normal
217,941,279527,776.4638888888888,PACE,/,279394,279412,279457,279482,279544,,279581,279619,positive_monophasic
217,942,279734,777.0388888888889,PVC,V,,,,279699,279768,279772,279820,279896,inverted
217,943,280053,777.925,PACE,/,,,,280043,280080,280084,280171,280212,normal
217,944,280391,778.8638888888889,PACE,/,,,,280352,280419,280438,280478,280521,normal
217,945,280685,779.6805555555555,PACE,/,,,,280643,280713,280734,280771,280814,normal
217,946,280943,780.3972222222222,PACE,/,,,,280931,280974,280976,281072,281110,normal
217,947,281242,781.2277777777778,PACE,/,281125,281131,281158,281232,281273,281276,281371,281414,normal
217,948,281555,782.0972222222222,PFUS,f,,,,281539,281567,281625,281657,281700,inverted
217,949,281859,782.9416666666667,PACE,/,281744,281751,281789,281850,281899,281952,281988,282028,normal
217,950,282216,783.9333333333333,PACE,/,282106,282133,282145,282168,282217,282219,282312,282357,normal
217,951,282521,784.7805555555556,PACE,/,282405,282409,282437,282479,282541,,282563,282611,positive_monophasic
217,952,282736,785.3777777777777,PVC,V,,,,282703,282789,282791,282815,282879,inverted
217,953,283059,786.275,PACE,/,282908,282917,282952,283021,283100,283126,283197,283203,biphasic_positive_negative
217,954,283358,787.1055555555556,PACE,/,,,,283317,283650,283417,283447,283489,normal
217,955,283650,787.9166666666666,PACE,/,283517,283523,283546,283608,,283652,283750,283800,normal
217,956,283974,788.8166666666667,PACE,/,283859,283871,283884,283930,283997,,284031,284076,positive_monophasic
217,957,284197,789.4361111111111,PVC,V,,,,284160,284211,284224,284277,284358,inverted
217,958,284516,790.3222222222222,PFUS,f,,,,284493,284526,284585,284619,284677,inverted
217,959,284781,791.0583333333333,NORMAL,N,284713,284723,284743,284760,284790,284845,284879,284922,inverted
217,960,285065,791.8472222222222,NORMAL,N,,,,285051,285074,285133,285164,285214,inverted
217,961,285330,792.5833333333334,NORMAL,N,,,,285315,285340,285402,285436,285487,inverted
217,962,285630,793.4166666666666,NORMAL,N,,,,285616,285640,285704,285739,285791,inverted
217,963,285883,794.1194444444444,NORMAL,N,,,,285869,285891,285950,285980,286024,inverted
217,964,286148,794.8555555555556,NORMAL,N,,,,286135,286158,286217,286251,286307,inverted
217,965,286437,795.6583333333333,NORMAL,N,,,,286424,286448,286510,286543,286590,inverted
217,966,286696,796.3777777777777,NORMAL,N,286610,286618,286645,286682,286705,286768,286797,286844,inverted
217,967,286959,797.1083333333333,NORMAL,N,,,,286946,286969,,287004,287054,negative_monophasic
217,968,287145,797.625,PVC,V,,,,287113,287159,287183,287225,287295,inverted
217,969,287419,798.3861111111111,NORMAL,N,,,,287406,287428,287487,287519,287579,inverted
217,970,287696,799.1555555555556,NORMAL,N,287597,287616,287626,287681,287705,287764,287793,287840,inverted
217,971,287953,799.8694444444444,NORMAL,N,,,,287940,287962,288027,288055,288112,inverted
217,972,288214,800.5944444444444,NORMAL,N,288153,288160,288168,288180,288225,288268,288323,288382,biphasic_positive_negative
217,973,288487,801.3527777777778,NORMAL,N,288400,288414,288431,288474,288497,288561,288589,288633,inverted
217,974,288789,802.1916666666667,PFUS,f,288735,288747,288760,288767,288795,288864,288894,288957,inverted
217,975,289041,802.8916666666667,NORMAL,N,,,,289029,289050,289104,289134,289175,inverted
217,976,289286,803.5722222222222,NORMAL,N,289181,289203,289220,289272,289607,289350,289378,289417,inverted
217,977,289607,804.4638888888888,PACE,/,,,,289567,,289609,289692,289752,normal
217,978,289897,805.2694444444444,PACE,/,,,,289855,289911,289917,289990,290035,normal
217,979,290204,806.1222222222223,PACE,/,290103,290112,290147,290158,290223,290247,290300,290345,normal
217,980,290489,806.9138888888889,PFUS,f,290437,290445,290459,290471,290496,290562,290587,290637,inverted
217,981,290750,807.6388888888889,NORMAL,N,,,,290729,290759,290827,290851,290884,inverted
217,982,291026,808.4055555555556,NORMAL,N,290908,290921,290933,291013,291035,291103,291126,291167,inverted
217,983,291268,809.0777777777778,NORMAL,N,,,,291255,291277,291336,291366,291400,inverted
217,984,291560,809.8888888888889,NORMAL,N,,,,291547,291569,291632,291660,291695,inverted
217,985,291862,810.7277777777778,PFUS,f,291776,291793,291822,291828,291874,291933,291966,292023,inverted
217,986,292133,811.4805555555556,NORMAL,N,,,,292110,292141,292203,292226,292284,inverted
217,987,292375,812.1527777777778,NORMAL,N,292306,292318,292332,292361,292384,292448,292473,292513,inverted
217,988,292642,812.8944444444444,NORMAL,N,292525,292538,292548,292628,292652,292716,292746,292802,inverted
217,989,292891,813.5861111111111,NORMAL,N,,,,292868,292900,292962,292988,293032,inverted
217,990,293193,814.425,PFUS,f,293123,293133,293143,293166,293202,293250,293296,293353,inverted
217,991,293466,815.1833333333333,NORMAL,N,293387,293396,293407,293448,293476,293538,293565,293618,inverted
217,992,293740,815.9444444444445,NORMAL,N,,,,293723,293748,293808,293836,293884,inverted
217,993,294041,816.7805555555556,PFUS,f,,,,294014,294051,294110,294141,294189,inverted
217,994,294311,817.5305555555556,NORMAL,N,,,,294297,294319,294382,294411,294469,inverted
217,995,294608,818.3555555555556,NORMAL,N,294527,294558,294573,294593,294618,,294671,294719,negative_monophasic
217,996,294812,818.9222222222222,PVC,V,,,,294779,294842,294865,294900,294956,inverted
217,997,295147,819.8527777777778,PFUS,f,,,,295133,295158,295222,295252,295309,inverted
217,998,295477,820.7694444444444,PACE,/,295370,295377,295421,295435,295493,295526,295559,295621,normal
217,999,295772,821.5888888888888,PACE,/,295640,295678,295689,295715,295783,295811,295857,295905,normal
217,1000,296055,822.375,PACE,/,,,,296013,296085,296094,296142,296189,normal
217,1001,296351,823.1972222222222,PACE,/,,,,296307,296370,296397,296440,296495,normal
217,1002,296657,824.0472222222222,PACE,/,,,,296615,296675,296711,296748,296806,normal
217,1003,296972,824.9222222222222,PACE,/,,,,296929,296993,297030,297069,297117,normal
217,1004,297281,825.7805555555556,PACE,/,297130,297131,297191,297239,297300,297335,297373,297430,normal
217,1005,297589,826.6361111111111,PACE,/,297474,297495,297514,297545,297590,297592,297683,297751,normal
217,1006,297862,827.3944444444444,PFUS,f,,,,297852,297899,297957,297979,298010,inverted
217,1007,298119,828.1083333333333,NORMAL,N,298051,298060,298080,298106,298136,,298157,298208,negative_monophasic
217,1008,298300,828.6111111111111,PVC,V,,,,298263,298312,298332,298380,298433,inverted
217,1009,298618,829.4944444444444,PFUS,f,,,,298599,298628,298688,298723,298776,inverted
217,1010,298892,830.2555555555556,NORMAL,N,298803,298839,298865,298877,298908,298962,298992,299032,inverted
217,1011,299143,830.9527777777778,NORMAL,N,299042,299057,299074,299127,299160,299214,299249,299293,inverted
217,1012,299415,831.7083333333334,NORMAL,N,299367,299379,299389,299401,299431,299489,299516,299562,inverted
217,1013,299667,832.4083333333333,NORMAL,N,299572,299599,299620,299653,299684,299735,299763,299805,inverted
217,1014,299972,833.2555555555556,PFUS,f,299887,299894,299903,299956,299988,300036,300073,300123,inverted
217,1015,300237,833.9916666666667,NORMAL,N,300199,300209,300212,300224,300253,300304,300332,300369,inverted
217,1016,300486,834.6833333333333,NORMAL,N,300419,300435,300448,300470,300503,,300537,300580,negative_monophasic
217,1017,300673,835.2027777777778,PVC,V,,,,300639,300685,300716,300755,300819,inverted
217,1018,301002,836.1166666666667,PFUS,f,,,,300986,301011,301076,301111,301165,inverted
217,1019,301238,836.7722222222222,PVC,V,,,,301199,301253,301283,301331,301402,inverted
217,1020,301580,837.7222222222222,PFUS,f,301514,301530,301546,301558,301595,301660,301687,301734,inverted
217,1021,301808,838.3555555555556,PVC,V,,,,301770,301821,301845,301889,301960,inverted
217,1022,302120,839.2222222222222,PFUS,f,302034,302060,302081,302109,302150,302212,302241,302280,inverted
217,1023,302410,840.0277777777778,PFUS,f,302345,302353,302363,302389,302429,302474,302499,302546,inverted
217,1024,302719,840.8861111111111,PFUS,f,302604,302610,302632,302698,302734,302793,302827,302875,inverted
217,1025,302980,841.6111111111111,NORMAL,N,302883,302891,302908,302966,302997,303058,303082,303125,inverted
217,1026,303303,842.5083333333333,PFUS,f,303260,303268,303275,303287,303314,303367,303408,303454,inverted
217,1027,303575,843.2638888888889,NORMAL,N,,,,303560,303593,303653,303678,303715,inverted
217,1028,303844,844.0111111111111,NORMAL,N,303726,303766,303783,303829,303861,,303907,303947,negative_monophasic
217,1029,304042,844.5611111111111,PVC,V,,,,304006,304055,304076,304123,304188,inverted
217,1030,304348,845.4111111111112,PFUS,f,304260,304265,304296,304330,304383,,304401,304441,negative_monophasic
217,1031,304497,845.825,PVC,V,,,,304447,304523,,304524,304740,negative_monophasic
217,1032,304854,846.8166666666667,PACE,/,,,,304844,304860,,,,
217,1033,305156,847.6555555555556,PFUS,f,,,,305151,305209,305216,305260,305299,inverted
217,1034,305475,848.5416666666666,PFUS,f,305410,305419,305438,305450,305492,305558,305587,305627,inverted
217,1035,305792,849.4222222222222,PACE,/,305706,305730,305758,305782,305859,305875,305919,305975,normal
217,1036,306098,850.2722222222222,PACE,/,306012,306048,306075,306087,306159,306183,306221,306268,normal
217,1037,306400,851.1111111111111,PFUS,f,306300,306312,306329,306388,306411,306467,306496,306531,inverted
217,1038,306666,851.85,NORMAL,N,306622,306634,306641,306653,306681,306736,306760,306795,inverted
217,1039,306848,852.3555555555556,PVC,V,,,,306813,306859,306874,306925,306984,inverted
217,1040,307168,853.2444444444444,PFUS,f,,,,307148,307175,307228,307263,307313,inverted
217,1041,307427,853.9638888888888,NORMAL,N,307316,307340,307348,307411,307444,307504,307534,307576,inverted
217,1042,307732,854.8111111111111,NORMAL,N,,,,307717,307743,307809,307839,307883,inverted
217,1043,308001,855.5583333333333,NORMAL,N,307910,307923,307935,307987,308017,308068,308097,308136,inverted
217,1044,308320,856.4444444444445,PFUS,f,,,,308304,308331,308385,308418,308467,inverted
217,1045,308614,857.2611111111111,PFUS,f,308524,308536,308548,308599,308624,308676,308708,308752,inverted
217,1046,308903,858.0638888888889,PACE,/,,,,308892,308952,308977,309014,309049,normal
217,1047,309200,858.8888888888889,PFUS,f,,,,309183,309208,309262,309294,309332,inverted
217,1048,309498,859.7166666666667,PACE,/,309438,309447,309456,309487,309538,309549,309617,309668,normal
217,1049,309839,860.6638888888889,PACE,/,309739,309764,309783,309795,309872,309901,309938,309990,normal
217,1050,310171,861.5861111111111,PACE,/,310061,310084,310115,310127,310197,310219,310264,310304,normal
217,1051,310474,862.4277777777778,PACE,/,310364,310390,310409,310432,310495,310533,310565,310602,normal
217,1052,310745,863.1805555555555,PFUS,f,310674,310688,310712,310734,310780,,310825,310860,negative_monophasic
217,1053,310959,863.775,PVC,V,,,,310926,310971,310995,311035,311101,inverted
217,1054,311252,864.5888888888888,PFUS,f,311171,311184,311197,311241,311297,311320,311385,311415,biphasic_positive_negative
217,1055,311505,865.2916666666666,PVC,V,,,,311471,311519,311546,311591,311667,inverted
217,1056,311825,866.1805555555555,PACE,/,311770,311795,311804,311814,311871,311883,311961,312018,normal
217,1057,312130,867.0277777777778,PVC,V,,,,312090,312144,312168,312216,312297,inverted
217,1058,312450,867.9166666666666,PFUS,f,312368,312374,312389,312439,312492,312556,312546,312536,inverted
217,1059,312696,868.6,PVC,V,312589,312643,312651,312661,312711,312735,312778,312842,inverted
217,1060,313031,869.5305555555556,PACE,/,312889,312901,312918,312989,313057,313079,313115,313174,normal
217,1061,313325,870.3472222222222,PACE,/,,,,313285,313352,313370,313411,313463,normal
217,1062,313627,871.1861111111111,PACE,/,313525,313546,313575,313585,313658,313684,313719,313766,normal
217,1063,313922,872.0055555555556,PACE,/,313814,313838,313852,313883,313947,313986,314015,314057,normal
217,1064,314244,872.9,PACE,/,314114,314130,314140,314197,314270,314288,314341,314387,normal
217,1065,314562,873.7833333333333,PACE,/,314406,314413,314447,314518,314589,314606,314653,314702,normal
217,1066,314867,874.6305555555556,PACE,/,314753,314771,314797,314824,314894,314917,314957,314998,normal
217,1067,315168,875.4666666666667,PACE,/,315066,315075,315086,315128,315196,315224,315257,315296,normal
217,1068,315460,876.2777777777778,PACE,/,315366,315381,315398,315419,315487,315506,315545,315587,normal
217,1069,315748,877.0777777777778,PACE,/,315633,315670,315680,315707,315778,315800,315839,315881,normal
217,1070,316057,877.9361111111111,PACE,/,315920,315971,315981,316011,316085,316106,316157,316198,normal
217,1071,316377,878.825,PFUS,f,316300,316319,316340,316352,316388,316455,316484,316538,inverted
217,1072,316662,879.6166666666667,NORMAL,N,316607,316618,316635,316647,316680,316735,316763,316800,inverted
217,1073,316936,880.3777777777777,NORMAL,N,,,,316921,316946,317006,317035,317075,inverted
217,1074,317251,881.2527777777777,PFUS,f,317175,317199,317217,317229,317261,317318,317347,317395,inverted
217,1075,317526,882.0166666666667,PFUS,f,317466,317475,317487,317516,317557,317610,317637,317683,inverted
217,1076,317822,882.8388888888888,PFUS,f,,,,317807,317830,317890,317919,317960,inverted
217,1077,318114,883.65,NORMAL,N,318014,318041,318062,318099,318131,318188,318221,318273,inverted
217,1078,318385,884.4027777777778,NORMAL,N,318317,318335,318355,318371,318402,318461,318493,318530,inverted
217,1079,318676,885.2111111111111,NORMAL,N,318590,318612,318635,318661,318692,318752,318778,318826,inverted
217,1080,318977,886.0472222222222,NORMAL,N,318881,318889,318900,318961,318994,319043,319078,319121,inverted
217,1081,319295,886.9305555555555,PFUS,f,319208,319227,319238,319276,319310,319365,319397,319450,inverted
217,1082,319571,887.6972222222222,NORMAL,N,319482,319496,319522,319557,319586,,319612,319663,negative_monophasic
217,1083,319752,888.2,PVC,V,,,,319705,319764,319784,319828,319900,inverted
217,1084,320031,888.975,NORMAL,N,,,,320016,320047,320099,320130,320186,inverted
217,1085,320323,889.7861111111112,NORMAL,N,320252,320267,320297,320308,320339,,320371,320426,negative_monophasic
217,1086,320526,890.35,PVC,V,,,,320484,320539,320567,320612,320683,inverted
217,1087,320853,891.2583333333333,PFUS,f,320791,320802,320812,320837,320863,320929,320963,321016,inverted
217,1088,321167,892.1305555555556,PFUS,f,,,,321152,321177,321236,321272,321315,inverted
217,1089,321504,893.0666666666667,PACE,/,321390,321400,321409,321462,321525,321565,321588,321635,normal
217,1090,321790,893.8611111111111,PACE,/,,,,321750,321815,321847,321872,321918,normal
217,1091,322074,894.65,PACE,/,321957,321982,321998,322031,322101,322112,322166,322212,normal
217,1092,322383,895.5083333333333,PACE,/,322227,322236,322271,322340,322414,322432,322479,322521,normal
217,1093,322612,896.1444444444444,PVC,V,,,,322576,322626,322654,322698,322787,inverted
217,1094,322957,897.1027777777778,NORMAL,N,322883,322893,322913,322939,322976,323038,323068,323122,inverted
217,1095,323278,897.9944444444444,PFUS,f,323182,323204,323223,323267,323315,323374,323401,323437,inverted
217,1096,323558,898.7722222222222,NORMAL,N,323478,323506,323532,323544,323573,323628,323657,323697,inverted
217,1097,323886,899.6833333333333,PACE,/,323778,323792,323815,323847,323914,323936,323972,324035,normal
217,1098,324180,900.5,PACE,/,324049,324068,324075,324139,324204,324234,324269,324310,normal
217,1099,324485,901.3472222222222,PACE,/,324361,324395,324414,324443,324508,,324528,324571,positive_monophasic
217,1100,324685,901.9027777777778,PVC,V,,,,324649,324698,324724,324773,324859,inverted
217,1101,325027,902.8527777777778,PFUS,f,,,,325005,325037,325093,325132,325174,inverted
217,1102,325322,903.6722222222222,PFUS,f,325284,325294,325299,325311,325360,,325417,325449,negative_monophasic
217,1103,325548,904.3,PVC,V,,,,325512,325573,325594,325635,325697,inverted
217,1104,325839,905.1083333333333,NORMAL,N,325791,325806,325813,325825,325854,325909,325939,325981,inverted
217,1105,326135,905.9305555555555,PFUS,f,326080,326091,326105,326125,326166,326219,326246,326287,inverted
217,1106,326419,906.7194444444444,PFUS,f,326357,326377,326387,326399,326441,326477,326508,326545,inverted
217,1107,326677,907.4361111111111,NORMAL,N,326609,326619,326629,326663,326693,326747,326778,326817,inverted
217,1108,326915,908.0972222222222,NORMAL,N,326866,326875,326886,326901,326930,326981,327013,327048,inverted
217,1109,327218,908.9388888888889,NORMAL,N,327148,327161,327173,327204,327234,327287,327326,327372,inverted
217,1110,327501,909.725,NORMAL,N,327425,327435,327445,327486,327517,327573,327603,327642,inverted
217,1111,327761,910.4472222222222,NORMAL,N,327713,327723,327737,327746,327777,327836,327860,327897,inverted
217,1112,328063,911.2861111111112,PFUS,f,328001,328015,328038,328051,328074,328130,328159,328214,inverted
217,1113,328311,911.975,NORMAL,N,328235,328245,328259,328296,328327,328377,328405,328437,inverted
217,1114,328523,912.5638888888889,PVC,V,328446,328473,328478,328490,328537,328565,328607,328681,inverted
217,1115,328843,913.4527777777778,PFUS,f,328747,328780,328795,328829,328852,328907,328944,329005,inverted
217,1116,329099,914.1638888888889,NORMAL,N,329034,329058,329070,329082,329115,329175,329204,329246,inverted
217,1117,329413,915.0361111111112,NORMAL,N,329329,329342,329363,329398,329428,329488,329519,329568,inverted
217,1118,329723,915.8972222222222,PFUS,f,329648,329664,329691,329705,329731,329790,329823,329875,inverted
217,1119,330019,916.7194444444444,NORMAL,N,329951,329969,329994,330004,330034,330084,330119,330167,inverted
217,1120,330285,917.4583333333334,NORMAL,N,330231,330241,330255,330271,330300,,330331,330377,negative_monophasic
217,1121,330460,917.9444444444445,PVC,V,,,,330432,330477,330499,330541,330596,inverted
217,1122,330797,918.8805555555556,PACE,/,330652,330663,330670,330756,330822,330843,330880,330940,normal
217,1123,331097,919.7138888888888,PACE,/,330969,331006,331017,331055,331123,331140,331181,331229,normal
217,1124,331392,920.5333333333333,PACE,/,331290,331309,331323,331351,331422,331444,331484,331534,normal
217,1125,331711,921.4194444444445,PACE,/,331569,331588,331598,331667,331740,331768,331809,331856,normal
217,1126,332000,922.2222222222222,PFUS,f,331908,331937,331969,331981,332010,,332057,332097,negative_monophasic
217,1127,332200,922.7777777777778,PVC,V,,,,332163,332214,332243,332280,332341,inverted
217,1128,332482,923.5611111111111,NORMAL,N,332377,332387,332401,332468,332497,332548,332579,332620,inverted
217,1129,332775,924.375,PFUS,f,332719,332733,332745,332757,332795,332835,332866,332911,inverted
217,1130,333034,925.0944444444444,NORMAL,N,332964,332985,333005,333020,333050,333100,333127,333165,inverted
217,1131,333289,925.8027777777778,NORMAL,N,333236,333245,333260,333274,333305,333361,333391,333432,inverted
217,1132,333591,926.6416666666667,NORMAL,N,333514,333539,333560,333575,333608,333670,333704,333749,inverted
217,1133,333923,927.5638888888889,PFUS,f,333841,333865,333882,333911,333934,333996,334024,334070,inverted
217,1134,334214,928.3722222222223,NORMAL,N,334140,334171,334187,334199,334230,334285,334313,334349,inverted
217,1135,334493,929.1472222222222,NORMAL,N,,,,334477,334509,334561,334591,334633,inverted
217,1136,334745,929.8472222222222,NORMAL,N,334682,334703,334720,334731,334759,,334779,334838,negative_monophasic
217,1137,334924,930.3444444444444,PVC,V,,,,334892,334942,334961,335004,335066,inverted
217,1138,335234,931.2055555555555,PFUS,f,335156,335186,335198,335225,335275,335346,335372,335405,inverted
217,1139,335512,931.9777777777778,NORMAL,N,335423,335459,335486,335498,335529,335587,335608,335644,inverted
217,1140,335757,932.6583333333333,NORMAL,N,335665,335696,335705,335741,335774,335832,335857,335896,inverted
217,1141,336017,933.3805555555556,NORMAL,N,335956,335982,335992,336003,336034,336093,336122,336163,inverted
217,1142,336289,934.1361111111111,NORMAL,N,336232,336242,336252,336274,336304,336359,336386,336427,inverted
217,1143,336561,934.8916666666667,NORMAL,N,,,,336546,336577,336630,336656,336696,inverted
217,1144,336794,935.5388888888889,NORMAL,N,336722,336737,336763,336779,336809,336860,336886,336924,inverted
217,1145,337038,936.2166666666667,NORMAL,N,336933,336952,336976,337024,337053,337095,337127,337167,inverted
217,1146,337275,936.875,NORMAL,N,337214,337225,337229,337260,337291,337339,337367,337414,inverted
217,1147,337584,937.7333333333333,PFUS,f,337494,337506,337532,337561,337600,337659,337688,337743,inverted
217,1148,337852,938.4777777777778,NORMAL,N,337744,337754,337780,337833,337868,337927,337958,337992,inverted
217,1149,338067,939.075,PVC,V,,,,338020,338081,338104,338164,338217,inverted
217,1150,338353,939.8694444444444,NORMAL,N,338309,338318,338328,338338,338369,338425,338455,338502,inverted
217,1151,338617,940.6027777777778,NORMAL,N,338537,338560,338588,338603,338631,338682,338710,338755,inverted
217,1152,338853,941.2583333333333,NORMAL,N,,,,338839,338869,338917,338949,338995,inverted
217,1153,339148,942.0777777777778,PFUS,f,339081,339093,339112,339131,339154,,339191,339238,negative_monophasic
217,1154,339321,942.5583333333333,PVC,V,,,,339287,339334,339356,339397,339457,inverted
217,1155,339609,943.3583333333333,NORMAL,N,339503,339511,339521,339593,339625,,339667,339707,negative_monophasic
217,1156,339801,943.8916666666667,PVC,V,,,,339765,339816,339837,339884,339953,inverted
217,1157,340143,944.8416666666667,PACE,/,340062,340086,340092,340132,340192,340211,340298,340310,biphasic_positive_negative
217,1158,340447,945.6861111111111,NORMAL,N,,,,340432,340463,340520,340546,340592,inverted
217,1159,340696,946.3777777777777,NORMAL,N,340640,340648,340661,340682,340712,340766,340793,340837,inverted
217,1160,340963,947.1194444444444,NORMAL,N,340900,340915,340926,340948,340978,341028,341060,341109,inverted
217,1161,341217,947.825,NORMAL,N,341122,341142,341174,341202,341233,341280,341310,341349,inverted
217,1162,341545,948.7361111111111,PACE,/,,,,341501,341574,341603,341631,341685,normal
217,1163,341841,949.5583333333333,PACE,/,,,,341800,341866,341888,341926,341971,normal
217,1164,342132,950.3666666666667,PFUS,f,342056,342069,342093,342107,342147,342206,342238,342292,inverted
217,1165,342411,951.1416666666667,NORMAL,N,342349,342373,342384,342395,342428,342483,342510,342545,inverted
217,1166,342692,951.9222222222222,NORMAL,N,342615,342628,342639,342675,342708,342767,342793,342829,inverted
217,1167,342959,952.6638888888889,NORMAL,N,342867,342876,342889,342944,342977,343030,343058,343096,inverted
217,1168,343247,953.4638888888888,NORMAL,N,343166,343177,343185,343233,343262,343317,343341,343384,inverted
217,1169,343500,954.1666666666666,NORMAL,N,343412,343429,343454,343486,343516,343563,343589,343622,inverted
217,1170,343802,955.0055555555556,PFUS,f,343731,343744,343760,343780,343818,343880,343904,343946,inverted
217,1171,344067,955.7416666666667,NORMAL,N,343984,344016,344036,344052,344085,344144,344172,344208,inverted
217,1172,344414,956.7055555555555,PFUS,f,344333,344351,344365,344393,344430,344487,344522,344569,inverted
217,1173,344730,957.5833333333334,PFUS,f,,,,344717,344743,344805,344835,344873,inverted
217,1174,345003,958.3416666666667,NORMAL,N,344920,344944,344966,344988,345019,,345060,345099,negative_monophasic
217,1175,345197,958.8805555555556,PVC,V,,,,345160,345210,345233,345273,345337,inverted
217,1176,345499,959.7194444444444,PFUS,f,345419,345430,345461,345489,345533,345588,345616,345656,inverted
217,1177,345785,960.5138888888889,PFUS,f,345681,345695,345713,345775,345821,345882,345911,345951,inverted
217,1178,346122,961.45,PACE,/,,,,346081,346153,346176,346215,346279,normal
217,1179,346439,962.3305555555555,PACE,/,346346,346358,346371,346394,346462,346479,346530,346569,normal
217,1180,346738,963.1611111111112,PFUS,f,346654,346668,346706,346722,346749,,346794,346838,negative_monophasic
217,1181,346941,963.725,PVC,V,,,,346906,346955,,,,
217,1182,347033,963.9805555555556,PVC,V,,,,347025,347118,347127,347148,347184,normal
217,1183,347422,965.0611111111111,PFUS,f,347325,347356,347368,347411,347455,347518,347542,347591,inverted
217,1184,347694,965.8166666666667,NORMAL,N,,,,347679,347708,347759,347787,347828,inverted
217,1185,347933,966.4805555555556,NORMAL,N,347854,347884,347901,347919,347948,348000,348028,348069,inverted
217,1186,348194,967.2055555555555,NORMAL,N,,,,348178,348210,348266,348292,348341,inverted
217,1187,348465,967.9583333333334,NORMAL,N,348400,348413,348427,348449,348482,348553,348574,348622,inverted
217,1188,348743,968.7305555555556,NORMAL,N,348653,348683,348697,348728,348760,348813,348843,348888,inverted
217,1189,349024,969.5111111111111,NORMAL,N,,,,349009,349040,349094,349122,349171,inverted
217,1190,349324,970.3444444444444,NORMAL,N,349268,349290,349296,349308,349340,349394,349426,349470,inverted
217,1191,349571,971.0305555555556,NORMAL,N,349471,349476,349486,349556,349586,349635,349663,349700,inverted
217,1192,349806,971.6833333333333,NORMAL,N,349722,349737,349764,349791,349820,349867,349892,349925,inverted
217,1193,350123,972.5638888888889,PACE,/,350035,350049,350057,350082,350151,350168,350208,350280,normal
217,1194,350431,973.4194444444445,PACE,/,350317,350341,350354,350390,350461,350482,350523,350571,normal
217,1195,350717,974.2138888888888,PFUS,f,350654,350671,350695,350706,350760,350837,350862,350874,inverted
217,1196,351017,975.0472222222222,NORMAL,N,350943,350952,350964,351000,351035,351093,351120,351158,inverted
217,1197,351276,975.7666666666667,NORMAL,N,351227,351241,351247,351262,351291,351340,351373,351426,inverted
217,1198,351581,976.6138888888889,PFUS,f,351474,351511,351522,351570,351615,351677,351704,351740,inverted
217,1199,351872,977.4222222222222,PFUS,f,351802,351810,351822,351857,351895,351932,351964,351999,inverted
217,1200,352136,978.1555555555556,NORMAL,N,352044,352057,352069,352121,352152,352204,352227,352266,inverted
217,1201,352389,978.8583333333333,NORMAL,N,352322,352338,352350,352375,352406,,352442,352487,negative_monophasic
217,1202,352586,979.4055555555556,PVC,V,,,,352547,352597,352614,352663,352735,inverted
217,1203,352899,980.275,PFUS,f,352831,352849,352860,352884,352933,352967,353004,353057,inverted
217,1204,353151,980.975,NORMAL,N,353087,353110,353124,353136,353168,353222,353250,353293,inverted
217,1205,353413,981.7027777777778,NORMAL,N,353340,353348,353386,353396,353428,353482,353514,353559,inverted
217,1206,353673,982.425,NORMAL,N,,,,353657,353689,353740,353769,353812,inverted
217,1207,353933,983.1472222222222,NORMAL,N,353862,353883,353907,353918,353949,354000,354028,354082,inverted
217,1208,354182,983.8388888888888,NORMAL,N,354109,354122,354135,354168,354198,354245,354271,354307,inverted
217,1209,354418,984.4944444444444,NORMAL,N,354362,354383,354394,354405,354434,354488,354514,354554,inverted
217,1210,354680,985.2222222222222,NORMAL,N,354566,354593,354618,354666,354697,354750,354779,354825,inverted
217,1211,354928,985.9111111111112,NORMAL,N,354837,354845,354858,354913,354942,354994,355022,355062,inverted
217,1212,355209,986.6916666666667,NORMAL,N,355128,355149,355163,355194,355226,355280,355312,355356,inverted
217,1213,355552,987.6444444444444,PFUS,f,355500,355510,355521,355540,355581,355647,355667,355708,inverted
217,1214,355858,988.4944444444444,PFUS,f,355729,355755,355772,355845,355868,355922,355957,355984,inverted
217,1215,356153,989.3138888888889,PFUS,f,356102,356114,356129,356137,356162,356221,356249,356304,inverted
217,1216,356395,989.9861111111111,NORMAL,N,356309,356333,356362,356381,356411,356460,356489,356532,inverted
217,1217,356628,990.6333333333333,NORMAL,N,356564,356573,356597,356612,356645,356692,356727,356773,inverted
217,1218,356869,991.3027777777778,NORMAL,N,,,,356854,356886,356940,356966,357006,inverted
217,1219,357129,992.025,NORMAL,N,357065,357075,357085,357112,357145,357201,357232,357275,inverted
217,1220,357387,992.7416666666667,NORMAL,N,357285,357300,357309,357370,357404,357464,357493,357539,inverted
217,1221,357679,993.5527777777778,NORMAL,N,,,,357665,357695,357747,357777,357833,inverted
217,1222,357942,994.2833333333333,NORMAL,N,357858,357881,357900,357928,357957,358007,358035,358076,inverted
217,1223,358166,994.9055555555556,NORMAL,N,358092,358100,358109,358151,358183,358235,358258,358305,inverted
217,1224,358395,995.5416666666666,NORMAL,N,358322,358327,358346,358382,358411,358459,358485,358521,inverted
217,1225,358692,996.3666666666667,PFUS,f,358603,358616,358656,358678,358701,358753,358792,358839,inverted
217,1226,358938,997.05,NORMAL,N,358848,358872,358912,358923,358954,,358993,359033,negative_monophasic
217,1227,359124,997.5666666666667,PVC,V,,,,359089,359135,359160,359200,359267,inverted
217,1228,359416,998.3777777777777,NORMAL,N,359343,359369,359390,359401,359434,,359486,359521,negative_monophasic
217,1229,359631,998.975,PVC,V,359532,359576,359579,359593,359645,359674,359720,359804,inverted
217,1230,359989,999.9694444444444,PFUS,f,359910,359935,359961,359976,359998,360055,360092,360147,inverted
217,1231,360291,1000.8083333333333,PFUS,f,360211,360234,360250,360280,360326,360383,360407,360440,inverted
217,1232,360563,1001.5638888888889,NORMAL,N,360506,360516,360537,360549,360577,360629,360655,360695,inverted
217,1233,360820,1002.2777777777778,NORMAL,N,360700,360734,360747,360806,360835,360886,360915,360952,inverted
217,1234,361043,1002.8972222222222,NORMAL,N,360963,360998,361016,361029,361058,361107,361131,361159,inverted
217,1235,361291,1003.5861111111111,NORMAL,N,361240,361247,361263,361276,361307,361357,361389,361440,inverted
217,1236,361562,1004.3388888888888,NORMAL,N,361520,361529,361534,361546,361581,361648,361674,361717,inverted
217,1237,361910,1005.3055555555555,NORMAL,N,361803,361817,361843,361895,361928,,361941,362010,negative_monophasic
217,1238,362108,1005.8555555555556,PVC,V,,,,362070,362120,362144,362187,362266,inverted
217,1239,362396,1006.6555555555556,NORMAL,N,362333,362356,362368,362382,362411,362464,362493,362546,inverted
217,1240,362634,1007.3166666666667,NORMAL,N,362549,362562,362581,362618,362651,362702,362728,362763,inverted
217,1241,362924,1008.1222222222223,NORMAL,N,362866,362880,362889,362910,362940,362984,363019,363067,inverted
217,1242,363169,1008.8027777777778,NORMAL,N,363102,363111,363131,363154,363186,363232,363264,363297,inverted
217,1243,363404,1009.4555555555555,NORMAL,N,363317,363346,363362,363388,363420,363467,363495,363526,inverted
217,1244,363637,1010.1027777777778,NORMAL,N,363559,363574,363598,363622,363654,363708,363737,363779,inverted
217,1245,363944,1010.9555555555555,NORMAL,N,363874,363898,363918,363930,363961,364020,364054,364113,inverted
217,1246,364238,1011.7722222222222,NORMAL,N,,,,364224,364255,,364296,364335,negative_monophasic
217,1247,364443,1012.3416666666667,PVC,V,364339,364388,364398,364407,364455,364473,364525,364590,inverted
217,1248,364768,1013.2444444444444,PFUS,f,364677,364686,364713,364744,364782,364835,364871,364913,inverted
217,1249,365033,1013.9805555555556,NORMAL,N,364946,364963,364974,365019,365049,365101,365127,365179,inverted
217,1250,365264,1014.6222222222223,NORMAL,N,365183,365206,365221,365251,365280,365333,365358,365402,inverted
217,1251,365502,1015.2833333333333,NORMAL,N,365418,365424,365437,365488,365517,365571,365597,365635,inverted
217,1252,365743,1015.9527777777778,NORMAL,N,365682,365689,365701,365728,365760,365815,365844,365874,inverted
217,1253,365954,1016.5388888888889,PVC,V,,,,365916,365970,366005,366050,366120,inverted
217,1254,366266,1017.4055555555556,NORMAL,N,366151,366166,366175,366252,366282,366337,366367,366423,inverted
217,1255,366556,1018.2111111111111,NORMAL,N,366436,366453,366472,366542,366570,366624,366652,366698,inverted
217,1256,366825,1018.9583333333334,NORMAL,N,366781,366789,366798,366810,366841,366894,366920,366962,inverted
217,1257,367121,1019.7805555555556,PACE,/,367034,367044,367055,367111,367182,367203,367236,367281,normal
217,1258,367403,1020.5638888888889,PFUS,f,,,,367393,367436,367495,367520,367557,inverted
217,1259,367663,1021.2861111111112,NORMAL,N,367566,367567,367604,367650,367678,,367717,367757,negative_monophasic
217,1260,367856,1021.8222222222222,PVC,V,,,,367818,367868,,367895,367937,negative_monophasic
217,1261,368034,1022.3166666666667,PVC,V,,,,367993,368044,368066,368108,368171,inverted
217,1262,368349,1023.1916666666667,NORMAL,N,368267,368295,368303,368334,368365,368420,368454,368500,inverted
217,1263,368596,1023.8777777777777,NORMAL,N,368555,368563,368570,368582,368612,368665,368692,368732,inverted
217,1264,368909,1024.7472222222223,PACE,/,,,,368898,368972,368988,369025,369082,normal
217,1265,369244,1025.6777777777777,PACE,/,369093,369107,369112,369201,369271,369278,369323,369374,normal
217,1266,369503,1026.3972222222221,PFUS,f,369422,369434,369454,369492,369547,369571,369634,369670,biphasic_positive_negative
217,1267,369762,1027.1166666666666,NORMAL,N,,,,369746,369776,369818,369852,369890,inverted
217,1268,370004,1027.7888888888888,PVC,V,369928,369956,369972,369985,370017,,370035,370090,negative_monophasic
217,1269,370157,1028.213888888889,PVC,V,,,,370097,370171,370197,370237,370290,inverted
217,1270,370479,1029.1083333333333,PFUS,f,370413,370445,370451,370464,370507,370551,370588,370641,inverted
217,1271,370727,1029.7972222222222,PVC,V,,,,370691,370738,370753,370806,370886,inverted
217,1272,370984,1030.5111111111112,NORMAL,N,370913,370927,370945,370970,371000,371032,371085,371140,biphasic_positive_negative
217,1273,371223,1031.175,NORMAL,N,371141,371157,371183,371209,371239,,371267,371314,negative_monophasic
217,1274,371407,1031.6861111111111,PVC,V,,,,371375,371418,371444,371484,371537,inverted
217,1275,371664,1032.4,NORMAL,N,371594,371606,371611,371650,371679,371724,371754,371798,inverted
217,1276,371958,1033.2166666666667,PFUS,f,371844,371875,371887,371939,371965,372023,372055,372115,inverted
217,1277,372212,1033.9222222222222,NORMAL,N,372117,372143,372152,372197,372230,372286,372314,372359,inverted
217,1278,372524,1034.7888888888888,NORMAL,N,372472,372480,372497,372509,372541,,372588,372630,negative_monophasic
217,1279,372730,1035.361111111111,PVC,V,,,,372693,372743,372761,372808,372870,inverted
217,1280,373053,1036.2583333333334,PFUS,f,372992,373001,373026,373037,373063,373121,373153,373208,inverted
217,1281,373302,1036.95,NORMAL,N,373240,373248,373273,373287,373317,,373358,373392,negative_monophasic
217,1282,373476,1037.4333333333334,PVC,V,373401,373439,373450,373455,373505,373518,373549,373600,inverted
217,1283,373770,1038.25,PFUS,f,,,,373755,373779,373838,373866,373913,inverted
217,1284,374033,1038.9805555555556,NORMAL,N,373961,373973,373982,374017,374048,374103,374129,374183,inverted
217,1285,374305,1039.736111111111,NORMAL,N,374226,374236,374260,374291,374320,374372,374402,374454,inverted
217,1286,374624,1040.6222222222223,PFUS,f,374559,374564,374592,374604,374630,,374680,374721,negative_monophasic
217,1287,374808,1041.1333333333334,PVC,V,,,,374780,374819,374848,374889,374947,inverted
217,1288,375133,1042.036111111111,PFUS,f,,,,375111,375143,375203,375238,375291,inverted
217,1289,375465,1042.9583333333333,PACE,/,375363,375384,375411,375422,375490,375506,375545,375597,normal
217,1290,375684,1043.5666666666666,PVC,V,,,,375649,375696,375717,375761,375834,inverted
217,1291,375978,1044.3833333333334,PFUS,f,,,,375964,375988,376044,376073,376120,inverted
217,1292,376254,1045.15,NORMAL,N,376157,376189,376199,376239,376269,376319,376350,376403,inverted
217,1293,376515,1045.875,NORMAL,N,,,,376500,376531,376579,376609,376657,inverted
217,1294,376790,1046.638888888889,NORMAL,N,,,,376775,376806,376864,376895,376942,inverted
217,1295,377152,1047.6444444444444,PACE,/,,,,377109,377182,377203,377239,377304,normal
217,1296,377463,1048.5083333333334,PACE,/,377329,377372,377378,377420,377490,377504,377547,377595,normal
217,1297,377758,1049.3277777777778,PACE,/,,,,377719,377787,377807,377841,377885,normal
217,1298,378007,1050.0194444444444,PFUS,f,377922,377951,377962,377993,378050,378072,378099,378134,inverted
217,1299,378241,1050.6694444444445,NORMAL,N,378153,378182,378194,378226,378258,378309,378335,378370,inverted
217,1300,378486,1051.35,NORMAL,N,378388,378418,378430,378472,378504,378550,378581,378619,inverted
217,1301,378737,1052.0472222222222,NORMAL,N,,,,378720,378754,378806,378837,378874,inverted
217,1302,378978,1052.7166666666667,PVC,V,378885,378921,378935,378943,379000,379030,379080,379131,inverted
217,1303,379301,1053.6138888888888,PFUS,f,379223,379254,379278,379290,379340,379397,379425,379460,inverted
217,1304,379634,1054.5388888888888,PACE,/,379544,379558,379580,379591,379661,379679,379719,379774,normal
217,1305,379930,1055.361111111111,PACE,/,379807,379820,379826,379890,379958,379971,380016,380062,normal
217,1306,380196,1056.1,PFUS,f,,,,380184,380207,380262,380290,380327,inverted
217,1307,380523,1057.0083333333334,PACE,/,,,,380484,380543,380558,380606,380648,normal
217,1308,380793,1057.7583333333334,PFUS,f,380738,380747,380758,380776,380820,380866,380894,380929,inverted
217,1309,381039,1058.4416666666666,NORMAL,N,380955,380972,380985,381024,381056,381107,381136,381174,inverted
217,1310,381313,1059.2027777777778,NORMAL,N,381237,381262,381276,381298,381331,381386,381416,381462,inverted
217,1311,381565,1059.9027777777778,NORMAL,N,381485,381504,381518,381550,381582,381636,381665,381697,inverted
217,1312,381884,1060.7888888888888,PFUS,f,381783,381800,381813,381863,381891,381949,381978,382024,inverted
217,1313,382134,1061.4833333333333,NORMAL,N,382073,382086,382108,382120,382150,382199,382221,382250,inverted
217,1314,382394,1062.2055555555555,NORMAL,N,382338,382348,382360,382380,382410,382460,382485,382520,inverted
217,1315,382636,1062.8777777777777,NORMAL,N,382562,382574,382581,382622,382652,382705,382729,382763,inverted
217,1316,382906,1063.6277777777777,NORMAL,N,382819,382829,382841,382889,382921,382971,382999,383042,inverted
217,1317,383179,1064.3861111111112,NORMAL,N,383087,383116,383124,383164,383196,383254,383282,383317,inverted
217,1318,383488,1065.2444444444445,NORMAL,N,383420,383432,383458,383471,383505,,383544,383592,negative_monophasic
217,1319,383687,1065.7972222222222,PVC,V,,,,383653,383702,383726,383766,383812,inverted
217,1320,384001,1066.6694444444445,PFUS,f,383955,383972,383978,383990,384045,384075,384135,384150,biphasic_positive_negative
217,1321,384321,1067.5583333333334,PFUS,f,384194,384228,384239,384284,384340,384362,384400,384432,normal
217,1322,384597,1068.325,PFUS,f,384492,384510,384520,384573,384612,384667,384693,384732,inverted
217,1323,384863,1069.0638888888889,PVC,V,,,,384802,384929,384967,384984,385018,normal
217,1324,385125,1069.7916666666667,PFUS,f,385065,385075,385086,385101,385141,385201,385232,385276,inverted
217,1325,385401,1070.5583333333334,NORMAL,N,385315,385355,385374,385386,385417,385475,385501,385536,inverted
217,1326,385694,1071.3722222222223,NORMAL,N,385609,385619,385629,385680,385711,385761,385792,385830,inverted
217,1327,386019,1072.275,PFUS,f,385950,385960,385994,386006,386035,386089,386118,386160,inverted
217,1328,386282,1073.0055555555555,NORMAL,N,386231,386242,386254,386267,386298,386351,386376,386407,inverted
217,1329,386524,1073.6777777777777,NORMAL,N,386459,386474,386487,386510,386539,386586,386615,386649,inverted
217,1330,386847,1074.575,PACE,/,,,,386808,386869,386884,386930,386985,normal
217,1331,387147,1075.4083333333333,PACE,/,,,,387106,387168,387191,387228,387266,normal
217,1332,387443,1076.2305555555556,PACE,/,,,,387401,387469,387488,387534,387582,normal
217,1333,387759,1077.1083333333333,PFUS,f,387641,387673,387690,387724,387783,387826,387892,387925,biphasic_positive_negative
217,1334,388093,1078.036111111111,PACE,/,,,,388051,388118,388146,388180,388228,normal
217,1335,388394,1078.8722222222223,PACE,/,388273,388301,388311,388352,388418,388439,388477,388525,normal
217,1336,388684,1079.6777777777777,PACE,/,388568,388593,388609,388645,388711,388732,388768,388814,normal
217,1337,388974,1080.4833333333333,PACE,/,,,,388933,388998,389023,389059,389099,normal
217,1338,389259,1081.275,PACE,/,,,,389218,389286,389311,389352,389396,normal
217,1339,389571,1082.1416666666667,PACE,/,389435,389453,389465,389528,389599,389619,389667,389715,normal
217,1340,389879,1082.9972222222223,PFUS,f,389772,389799,389820,389861,389894,,389939,389977,negative_monophasic
217,1341,390095,1083.5972222222222,PVC,V,,,,390059,390108,390134,390176,390235,inverted
217,1342,390424,1084.5111111111112,PFUS,f,390332,390363,390386,390398,390440,390497,390524,390561,inverted
217,1343,390652,1085.1444444444444,PVC,V,,,,390615,390665,390690,390732,390797,inverted
217,1344,390956,1085.9888888888888,PFUS,f,390834,390843,390864,390941,390964,391018,391049,391095,inverted
217,1345,391193,1086.6472222222221,NORMAL,N,391098,391111,391123,391178,391210,391265,391288,391319,inverted
217,1346,391449,1087.3583333333333,NORMAL,N,391357,391367,391376,391434,391465,391516,391542,391575,inverted
217,1347,391741,1088.1694444444445,NORMAL,N,,,,391726,391758,391808,391840,391878,inverted
217,1348,392102,1089.1722222222222,PACE,/,,,,392054,392131,392160,392196,392247,normal
217,1349,392413,1090.036111111111,PACE,/,392308,392326,392358,392369,392440,392466,392503,392551,normal
217,1350,392692,1090.8111111111111,PFUS,f,,,,392676,392701,392761,392789,392824,inverted
217,1351,392947,1091.5194444444444,NORMAL,N,392886,392896,392909,392933,392963,393012,393037,393066,inverted
217,1352,393213,1092.2583333333334,NORMAL,N,393138,393146,393158,393198,393229,393279,393304,393338,inverted
217,1353,393390,1092.75,PVC,V,,,,393356,393403,393424,393464,393517,inverted
217,1354,393694,1093.5944444444444,PFUS,f,393601,393628,393652,393675,393699,,393747,393791,negative_monophasic
217,1355,393893,1094.1472222222221,PVC,V,,,,393851,393908,393929,393981,394034,inverted
217,1356,394280,1095.2222222222222,PACE,/,394205,394212,394224,394234,394305,394329,394373,394435,normal
217,1357,394563,1096.0083333333334,PFUS,f,394472,394514,394533,394552,394581,394635,394662,394708,inverted
217,1358,394839,1096.775,NORMAL,N,394760,394767,394778,394823,394855,,394885,394932,negative_monophasic
217,1359,395032,1097.3111111111111,PVC,V,,,,394997,395045,395068,395108,395168,inverted
217,1360,395328,1098.1333333333334,PFUS,f,395242,395250,395274,395318,395362,395419,395446,395484,inverted
217,1361,395658,1099.05,PACE,/,395518,395549,395555,395616,395682,395699,395741,395790,normal
217,1362,395966,1099.9055555555556,PACE,/,395827,395855,395873,395924,395996,396022,396057,396107,normal
217,1363,396288,1100.8,PACE,/,396170,396187,396217,396241,396319,396345,396386,396435,normal
217,1364,396607,1101.6861111111111,PACE,/,396470,396506,396511,396566,396627,396658,396695,396734,normal
217,1365,396913,1102.536111111111,PACE,/,,,,396873,396945,396966,397005,397053,normal
217,1366,397220,1103.388888888889,PACE,/,,,,397179,397234,397262,397303,397349,normal
217,1367,397508,1104.1888888888889,PACE,/,,,,397464,397527,397562,397595,397638,normal
217,1368,397768,1104.911111111111,PACE,/,,,,397751,397814,397850,397888,397935,normal
217,1369,398096,1105.8222222222223,PACE,/,,,,398052,398119,398147,398189,398230,normal
217,1370,398388,1106.6333333333334,PFUS,f,,,,398370,398399,398460,398491,398545,inverted
217,1371,398656,1107.3777777777777,NORMAL,N,,,,398641,398669,398725,398755,398790,inverted
217,1372,398972,1108.2555555555555,PACE,/,,,,398962,399019,399059,399095,399150,normal
217,1373,399274,1109.0944444444444,PFUS,f,,,,399265,399291,399305,399343,399395,normal
217,1374,399595,1109.986111111111,PACE,/,,,,399556,399610,399640,399677,399722,normal
217,1375,399882,1110.7833333333333,PACE,/,,,,399841,399894,399933,399970,400023,normal
217,1376,400196,1111.6555555555556,PACE,/,,,,400145,400211,400248,400293,400344,normal
217,1377,400524,1112.5666666666666,PACE,/,,,,400469,400540,400586,400629,400681,normal
217,1378,400850,1113.4722222222222,PFUS,f,,,,400836,400880,400951,400977,401007,inverted
217,1379,401156,1114.3222222222223,PFUS,f,,,,401146,401164,401245,401273,401307,inverted
217,1380,401486,1115.2388888888888,PACE,/,,,,401435,401500,401534,401570,401618,normal
217,1381,401779,1116.0527777777777,PACE,/,,,,401735,401790,401826,401863,401908,normal
217,1382,402078,1116.8833333333334,PACE,/,,,,402036,402094,402125,402171,402214,normal
217,1383,402380,1117.7222222222222,PACE,/,,,,402336,402395,402429,402478,402530,normal
217,1384,402708,1118.6333333333334,PACE,/,,,,402660,402723,402725,402805,402855,normal
217,1385,403032,1119.5333333333333,PACE,/,,,,402989,403048,403080,403124,403173,normal
217,1386,403342,1120.3944444444444,PACE,/,,,,403294,403356,403396,403435,403482,normal
217,1387,403645,1121.236111111111,PACE,/,,,,403602,403657,403692,403734,403779,normal
217,1388,403933,1122.036111111111,PACE,/,,,,403890,403945,403977,404015,404056,normal
217,1389,404218,1122.8277777777778,PACE,/,,,,404177,404231,404257,404305,404348,normal
217,1390,404521,1123.6694444444445,PACE,/,,,,404477,404533,404571,404606,404649,normal
217,1391,404829,1124.525,PACE,/,,,,404783,404845,404847,404928,404978,normal
217,1392,405158,1125.4388888888889,PACE,/,,,,405107,405174,405176,405255,405305,normal
217,1393,405469,1126.3027777777777,PACE,/,,,,405425,405486,405519,405561,405607,normal
217,1394,405769,1127.1361111111112,PACE,/,,,,405726,405783,405818,405853,405907,normal
217,1395,406056,1127.9333333333334,PACE,/,,,,406006,406068,406109,406143,406186,normal
217,1396,406351,1128.7527777777777,PACE,/,,,,406311,406367,406397,406445,406491,normal
217,1397,406651,1129.5861111111112,PACE,/,,,,406607,406666,406703,406743,406789,normal
217,1398,406965,1130.4583333333333,PACE,/,,,,406919,406981,407018,407057,407104,normal
217,1399,407283,1131.3416666666667,PACE,/,,,,407242,407296,407337,407374,407421,normal
217,1400,407592,1132.2,PACE,/,,,,407544,407604,407639,407679,407723,normal
217,1401,407888,1133.0222222222221,PACE,/,,,,407843,407903,407942,407979,408025,normal
217,1402,408187,1133.8527777777779,PACE,/,,,,408144,408198,408235,408273,408320,normal
217,1403,408472,1134.6444444444444,PACE,/,,,,408431,408486,408524,408561,408606,normal
217,1404,408769,1135.4694444444444,PACE,/,,,,408725,408780,408822,408857,408903,normal
217,1405,409069,1136.3027777777777,PACE,/,,,,409020,409081,409083,409164,409209,normal
217,1406,409389,1137.1916666666666,PACE,/,,,,409342,409405,409407,409491,409543,normal
217,1407,409710,1138.0833333333333,PACE,/,,,,409661,409726,409756,409803,409847,normal
217,1408,410013,1138.925,PACE,/,,,,409966,410026,410061,410100,410140,normal
217,1409,410299,1139.7194444444444,PACE,/,,,,410255,410313,410344,410386,410426,normal
217,1410,410587,1140.5194444444444,PACE,/,,,,410543,410603,410641,410676,410718,normal
217,1411,410873,1141.3138888888889,PACE,/,,,,410825,410885,410936,410964,411021,normal
217,1412,411175,1142.1527777777778,PACE,/,,,,411124,411191,411229,411273,411332,normal
217,1413,411510,1143.0833333333333,PACE,/,,,,411462,411528,411550,411609,411652,normal
217,1414,411823,1143.9527777777778,PACE,/,,,,411779,411840,411878,411914,411963,normal
217,1415,412119,1144.775,PACE,/,,,,412078,412132,412167,412210,412252,normal
217,1416,412416,1145.6,PACE,/,,,,412373,412438,412464,412504,412548,normal
217,1417,412711,1146.4194444444445,PACE,/,,,,412673,412726,412761,412799,412846,normal
217,1418,413010,1147.25,PACE,/,,,,412967,413022,413024,413101,413144,normal
217,1419,413309,1148.0805555555555,PACE,/,,,,413260,413321,413323,413402,413451,normal
217,1420,413618,1148.9388888888889,PACE,/,,,,413573,413634,413636,413721,413769,normal
217,1421,413935,1149.8194444444443,PACE,/,,,,413891,413950,413985,414029,414081,normal
217,1422,414245,1150.6805555555557,PACE,/,,,,414204,414258,414295,414335,414379,normal
217,1423,414544,1151.5111111111112,PACE,/,,,,414502,414556,414589,414629,414671,normal
217,1424,414828,1152.3,PACE,/,,,,414785,414844,414867,414916,414958,normal
217,1425,415112,1153.088888888889,PACE,/,,,,415066,415126,415168,415199,415253,normal
217,1426,415410,1153.9166666666667,PACE,/,,,,415361,415426,415458,415506,415554,normal
217,1427,415745,1154.8472222222222,PACE,/,,,,415690,415761,415791,415847,415900,normal
217,1428,416071,1155.7527777777777,PACE,/,,,,416026,416085,416124,416163,416215,normal
217,1429,416366,1156.5722222222223,PACE,/,,,,416326,416380,416382,416461,416507,normal
217,1430,416665,1157.4027777777778,PACE,/,,,,416620,416679,416718,416755,416795,normal
217,1431,416956,1158.2111111111112,PACE,/,,,,416915,416968,417006,417041,417080,normal
217,1432,417246,1159.0166666666667,PACE,/,,,,417203,417260,417292,417335,417383,normal
217,1433,417547,1159.8527777777779,PACE,/,,,,417508,417562,417613,417644,417692,normal
217,1434,417835,1160.6527777777778,PFUS,f,,,,417820,417841,417929,417959,417997,inverted
217,1435,418157,1161.5472222222222,PFUS,f,,,,418138,418165,418227,418256,418295,inverted
217,1436,418462,1162.3944444444444,PFUS,f,,,,418444,418492,418535,418592,418620,biphasic_positive_negative
217,1437,418751,1163.1972222222223,NORMAL,N,,,,418732,418767,418824,418849,418892,inverted
217,1438,419045,1164.013888888889,PFUS,f,,,,419033,419069,419071,419117,419178,normal
217,1439,419340,1164.8333333333333,PFUS,f,,,,419326,419362,419364,419464,419492,biphasic_positive_negative
217,1440,419661,1165.725,PACE,/,,,,419620,419674,419676,419751,419796,normal
217,1441,419971,1166.5861111111112,PACE,/,,,,419926,419986,419988,420068,420122,normal
217,1442,420290,1167.4722222222222,PACE,/,,,,420239,420306,420308,420389,420434,normal
217,1443,420601,1168.3361111111112,PACE,/,,,,420556,420614,420661,420695,420742,normal
217,1444,420901,1169.1694444444445,PACE,/,,,,420862,420916,420955,420993,421038,normal
217,1445,421196,1169.9888888888888,PACE,/,,,,421149,421209,421248,421283,421321,normal
217,1446,421480,1170.7777777777778,PACE,/,,,,421438,421492,421531,421570,421620,normal
217,1447,421782,1171.6166666666666,PACE,/,,,,421732,421798,421837,421883,421936,normal
217,1448,422113,1172.536111111111,PACE,/,,,,422056,422128,422130,422215,422264,normal
217,1449,422454,1173.4833333333333,PACE,/,,,,422404,422469,422501,422546,422590,normal
217,1450,422755,1174.3194444444443,PACE,/,,,,422711,422770,422809,422850,422896,normal
217,1451,423055,1175.1527777777778,PACE,/,,,,423010,423072,423109,423147,423191,normal
217,1452,423342,1175.95,PACE,/,,,,423298,423353,423395,423430,423474,normal
217,1453,423636,1176.7666666666667,PACE,/,,,,423592,423649,423651,423730,423773,normal
217,1454,423948,1177.6333333333334,PACE,/,,,,423903,423964,423999,424040,424083,normal
217,1455,424254,1178.4833333333333,PACE,/,,,,424203,424269,424274,424357,424408,normal
217,1456,424577,1179.3805555555555,PACE,/,,,,424528,424592,424624,424672,424720,normal
217,1457,424885,1180.236111111111,PACE,/,,,,424839,424900,424932,424980,425026,normal
217,1458,425192,1181.088888888889,PACE,/,,,,425152,425206,425248,425283,425325,normal
217,1459,425489,1181.9138888888888,PACE,/,,,,425446,425501,425545,425577,425618,normal
217,1460,425773,1182.7027777777778,PACE,/,,,,425734,425788,425824,425863,425909,normal
217,1461,426063,1183.5083333333334,PACE,/,,,,426016,426077,426111,426157,426203,normal
217,1462,426370,1184.361111111111,PACE,/,,,,426327,426382,426384,426466,426515,normal
217,1463,426690,1185.25,PACE,/,,,,426646,426708,426736,426788,426833,normal
217,1464,427002,1186.1166666666666,PACE,/,,,,426958,427018,427052,427099,427143,normal
217,1465,427304,1186.9555555555555,PACE,/,,,,427264,427318,427358,427398,427443,normal
217,1466,427595,1187.763888888889,PACE,/,,,,427558,427607,427648,427681,427725,normal
217,1467,427879,1188.5527777777777,PACE,/,,,,427834,427893,427943,427974,428022,normal
217,1468,428191,1189.4194444444445,PACE,/,,,,428139,428206,428250,428285,428332,normal
217,1469,428496,1190.2666666666667,PACE,/,,,,428452,428512,428548,428596,428647,normal
217,1470,428818,1191.161111111111,PACE,/,,,,428770,428831,428833,428914,428960,normal
217,1471,429097,1191.9361111111111,PFUS,f,,,,429082,429137,429171,429210,429251,normal
217,1472,429432,1192.8666666666666,PACE,/,,,,429388,429444,429482,429519,429569,normal
217,1473,429726,1193.6833333333334,PACE,/,,,,429682,429741,429774,429817,429859,normal
217,1474,430017,1194.4916666666666,PACE,/,,,,429976,430031,430066,430115,430160,normal
217,1475,430316,1195.3222222222223,PACE,/,,,,430276,430329,430367,430409,430454,normal
217,1476,430620,1196.1666666666667,PACE,/,,,,430570,430634,430674,430714,430762,normal
217,1477,430928,1197.0222222222221,PACE,/,,,,430882,430943,430945,431029,431072,normal
217,1478,431211,1197.8083333333334,PFUS,f,,,,431194,431241,431250,431331,431363,normal
217,1479,431506,1198.6277777777777,NORMAL,N,,,,431488,431522,431569,431605,431656,inverted
217,1480,431817,1199.4916666666666,PFUS,f,,,,431798,431831,431884,431912,431967,inverted
217,1481,432074,1200.2055555555555,NORMAL,N,,,,432062,432087,432135,432167,432210,inverted
217,1482,432334,1200.9277777777777,NORMAL,N,,,,432320,432350,432407,432438,432479,inverted
217,1483,432598,1201.661111111111,NORMAL,N,,,,432585,432612,432669,432699,432742,inverted
217,1484,432915,1202.5416666666667,PFUS,f,,,,432905,432925,432947,433048,433094,biphasic_positive_negative
217,1485,433283,1203.5638888888889,PACE,/,,,,433242,433299,433330,433374,433429,normal
217,1486,433585,1204.4027777777778,PACE,/,,,,433546,433599,433601,433679,433721,normal
217,1487,433879,1205.2194444444444,PACE,/,,,,433833,433892,433927,433969,434008,normal
217,1488,434144,1205.9555555555555,PFUS,f,,,,434121,434151,434231,434259,434303,inverted
217,1489,434447,1206.7972222222222,PFUS,f,,,,434433,434455,434535,434563,434604,inverted
217,1490,434735,1207.5972222222222,NORMAL,N,,,,434714,434751,434814,434842,434879,inverted
217,1491,435082,1208.5611111111111,PACE,/,,,,435040,435097,435099,435183,435237,normal
217,1492,435402,1209.45,PACE,/,,,,435351,435417,435462,435497,435544,normal
217,1493,435707,1210.2972222222222,PACE,/,,,,435663,435719,435765,435800,435851,normal
217,1494,436013,1211.1472222222221,PACE,/,,,,435972,436029,436058,436102,436145,normal
217,1495,436307,1211.963888888889,PACE,/,,,,436264,436323,436354,436394,436434,normal
217,1496,436598,1212.7722222222221,PACE,/,,,,436552,436611,436613,436691,436735,normal
217,1497,436897,1213.6027777777779,PACE,/,,,,436852,436910,436956,436987,437032,normal
217,1498,437171,1214.3638888888888,PFUS,f,,,,437157,437183,437275,437302,437340,inverted
217,1499,437548,1215.411111111111,PACE,/,,,,437492,437571,437606,437644,437690,normal
217,1500,437861,1216.2805555555556,PACE,/,,,,437811,437874,437920,437954,438005,normal
217,1501,438150,1217.0833333333333,PFUS,f,,,,438111,438163,438203,438240,438283,normal
217,1502,438415,1217.8194444444443,PFUS,f,,,,438406,438453,438496,438526,438571,normal
217,1503,438738,1218.7166666666667,PACE,/,,,,438700,438752,438794,438828,438877,normal
217,1504,439041,1219.5583333333334,PACE,/,,,,439000,439054,439092,439133,439180,normal
217,1505,439363,1220.4527777777778,PACE,/,,,,439311,439389,439433,439473,439524,normal
217,1506,439672,1221.3111111111111,PFUS,f,,,,439653,439680,439740,439775,439817,inverted
217,1507,439978,1222.161111111111,PFUS,f,,,,439961,439985,440048,440074,440123,inverted
217,1508,440279,1222.9972222222223,PFUS,f,,,,440252,440291,440376,440404,440438,inverted
217,1509,440608,1223.911111111111,PACE,/,,,,440565,440630,440666,440693,440726,normal
217,1510,440903,1224.7305555555556,PACE,/,,,,440852,440919,440966,441001,441047,normal
217,1511,441181,1225.5027777777777,PFUS,f,,,,441159,441189,441237,441279,441332,inverted
217,1512,441503,1226.3972222222221,PFUS,f,,,,441496,441518,441580,441613,441660,inverted
217,1513,441853,1227.3694444444445,PACE,/,,,,441812,441868,441870,441948,442001,normal
217,1514,442165,1228.236111111111,PACE,/,,,,442124,442179,442221,442259,442304,normal
217,1515,442470,1229.0833333333333,PACE,/,,,,442425,442487,442522,442561,442605,normal
217,1516,442757,1229.8805555555555,PACE,/,,,,442706,442772,442811,442848,442892,normal
217,1517,443051,1230.6972222222223,PACE,/,,,,443006,443066,443103,443143,443188,normal
217,1518,443349,1231.525,PACE,/,,,,443300,443365,443403,443448,443495,normal
217,1519,443676,1232.4333333333334,PACE,/,,,,443619,443687,443689,443782,443838,normal
217,1520,444010,1233.361111111111,PACE,/,,,,443961,444026,444065,444112,444158,normal
217,1521,444317,1234.213888888889,PACE,/,,,,444266,444330,444361,444410,444456,normal
217,1522,444617,1235.0472222222222,PACE,/,,,,444573,444629,444669,444707,444748,normal
217,1523,444910,1235.861111111111,PACE,/,,,,444866,444921,444946,444994,445033,normal
217,1524,445172,1236.588888888889,PFUS,f,,,,445157,445184,445242,445274,445333,inverted
217,1525,445475,1237.4305555555557,PFUS,f,,,,445461,445503,445514,445564,445620,normal
217,1526,445829,1238.4138888888888,PACE,/,,,,445789,445845,445888,445931,445980,normal
217,1527,446149,1239.3027777777777,PACE,/,,,,446109,446163,446165,446245,446289,normal
217,1528,446458,1240.161111111111,PACE,/,,,,446408,446473,446510,446553,446600,normal
217,1529,446766,1241.0166666666667,PACE,/,,,,446720,446781,446813,446860,446901,normal
217,1530,447055,1241.8194444444443,PACE,/,,,,447015,447070,447106,447146,447191,normal
217,1531,447347,1242.6305555555555,PACE,/,,,,447305,447362,447396,447437,447485,normal
217,1532,447645,1243.4583333333333,PACE,/,,,,447603,447657,447700,447736,447781,normal
217,1533,447922,1244.2277777777779,PFUS,f,,,,447910,447933,448014,448040,448078,inverted
217,1534,448208,1245.0222222222221,NORMAL,N,,,,448185,448225,,448270,448313,negative_monophasic
217,1535,448406,1245.5722222222223,PVC,V,,,,448375,448746,448450,448498,448547,inverted
217,1536,448746,1246.5166666666667,PACE,/,,,,448709,,448747,448833,448880,normal
217,1537,449030,1247.3055555555557,PFUS,f,,,,449018,449043,449101,449128,449167,inverted
217,1538,449332,1248.1444444444444,PACE,/,,,,449293,449343,449374,449417,449461,normal
217,1539,449622,1248.95,PACE,/,,,,449576,449636,449676,449718,449765,normal
217,1540,449907,1249.7416666666666,PFUS,f,,,,449895,449937,450016,450038,450069,inverted
217,1541,450256,1250.7111111111112,PACE,/,,,,450207,450268,450315,450351,450393,normal
217,1542,450529,1251.4694444444444,PFUS,f,,,,450506,450555,450566,450642,450668,normal
217,1543,450849,1252.3583333333333,PFUS,f,,,,450839,450864,450923,450953,451000,inverted
217,1544,451121,1253.1138888888888,NORMAL,N,,,,451101,451135,451187,451217,451259,inverted
217,1545,451415,1253.9305555555557,PFUS,f,,,,451399,451422,451480,451509,451546,inverted
217,1546,451744,1254.8444444444444,PACE,/,,,,451705,451765,451798,451831,451875,normal
217,1547,452043,1255.675,PACE,/,,,,451995,452055,452089,452136,452184,normal
217,1548,452345,1256.513888888889,PACE,/,,,,452300,452360,452390,452442,452492,normal
217,1549,452663,1257.3972222222221,PACE,/,,,,452612,452679,452681,452764,452810,normal
217,1550,452981,1258.2805555555556,PACE,/,,,,452937,452997,453034,453071,453121,normal
217,1551,453279,1259.1083333333333,PACE,/,,,,453231,453291,453338,453371,453414,normal
217,1552,453568,1259.911111111111,PACE,/,,,,453524,453579,453616,453657,453700,normal
217,1553,453855,1260.7083333333333,PACE,/,,,,453807,453868,453910,453945,453986,normal
217,1554,454152,1261.5333333333333,PACE,/,,,,454100,454165,454211,454245,454290,normal
217,1555,454468,1262.411111111111,PACE,/,,,,454418,454481,454527,454565,454624,normal
217,1556,454794,1263.3166666666666,PACE,/,,,,454743,454811,454813,454895,454941,normal
217,1557,455106,1264.1833333333334,PACE,/,,,,455061,455118,455163,455200,455247,normal
217,1558,455405,1265.013888888889,PACE,/,,,,455360,455417,455463,455494,455537,normal
217,1559,455692,1265.8111111111111,PACE,/,,,,455648,455704,455747,455781,455821,normal
217,1560,455992,1266.6444444444444,PACE,/,,,,455936,456003,456052,456085,456133,normal
217,1561,456294,1267.4833333333333,PACE,/,,,,456249,456307,456354,456389,456439,normal
217,1562,456584,1268.2888888888888,PFUS,f,,,,456557,456598,456652,456686,456748,inverted
217,1563,456901,1269.1694444444445,PFUS,f,,,,456893,456915,456981,457010,457048,inverted
217,1564,457234,1270.0944444444444,PACE,/,,,,457184,457244,457284,457322,457371,normal
217,1565,457534,1270.9277777777777,PACE,/,,,,457491,457546,457548,457623,457670,normal
217,1566,457813,1271.7027777777778,PFUS,f,,,,457802,457826,457880,457911,457951,inverted
217,1567,458052,1272.3666666666666,NORMAL,N,,,,458031,458065,458116,458147,458191,inverted
217,1568,458335,1273.1527777777778,NORMAL,N,,,,458321,458348,,458358,458431,negative_monophasic
217,1569,458530,1273.6944444444443,PVC,V,,,,458497,458568,458575,458615,458680,inverted
217,1570,458856,1274.6,PFUS,f,,,,458843,458867,458931,458970,459035,inverted
217,1571,459176,1275.4888888888888,NORMAL,N,,,,459161,459193,459247,459278,459328,inverted
217,1572,459516,1276.4333333333334,PACE,/,,,,459476,459530,459532,459610,459661,normal
217,1573,459811,1277.2527777777777,PACE,/,,,,459771,459825,459864,459901,459947,normal
217,1574,460096,1278.0444444444445,PACE,/,,,,460051,460114,460144,460186,460233,normal
217,1575,460389,1278.8583333333333,PACE,/,,,,460348,460401,460440,460479,460531,normal
217,1576,460692,1279.7,PACE,/,,,,460646,460706,460733,460787,460830,normal
217,1577,461007,1280.575,PFUS,f,,,,460965,461025,461068,461106,461140,normal
217,1578,461310,1281.4166666666667,PFUS,f,,,,461294,461314,461397,461426,461479,inverted
217,1579,461622,1282.2833333333333,PFUS,f,,,,461601,461632,461684,461721,461763,inverted
217,1580,461941,1283.1694444444445,PACE,/,,,,461894,461954,461995,462034,462082,normal
217,1581,462240,1284.0,PACE,/,,,,462201,462255,462291,462331,462372,normal
217,1582,462533,1284.8138888888889,PACE,/,,,,462489,462549,462584,462628,462673,normal
217,1583,462832,1285.6444444444444,PACE,/,,,,462789,462846,462880,462924,462970,normal
217,1584,463143,1286.5083333333334,PACE,/,,,,463101,463156,463198,463238,463290,normal
217,1585,463462,1287.3944444444444,PACE,/,,,,463419,463474,463513,463552,463597,normal
217,1586,463764,1288.2333333333333,PACE,/,,,,463718,463778,463822,463859,463907,normal
217,1587,464069,1289.0805555555555,PACE,/,,,,464024,464084,464122,464162,464208,normal
217,1588,464358,1289.8833333333334,PACE,/,,,,464319,464371,464409,464447,464488,normal
217,1589,464651,1290.6972222222223,PACE,/,,,,464606,464664,464704,464738,464787,normal
217,1590,464941,1291.5027777777777,PACE,/,,,,464900,464954,464956,465034,465082,normal
217,1591,465250,1292.361111111111,PACE,/,,,,465201,465266,465308,465354,465402,normal
217,1592,465581,1293.2805555555556,PACE,/,,,,465536,465596,465634,465681,465727,normal
217,1593,465897,1294.1583333333333,PACE,/,,,,465848,465910,465950,465987,466027,normal
217,1594,466191,1294.975,PACE,/,,,,466148,466203,466242,466279,466327,normal
217,1595,466481,1295.7805555555556,PACE,/,,,,466442,466496,466537,466575,466617,normal
217,1596,466768,1296.5777777777778,PACE,/,,,,466724,466779,466817,466859,466904,normal
217,1597,467068,1297.411111111111,PACE,/,,,,467024,467083,467124,467165,467216,normal
217,1598,467392,1298.3111111111111,PACE,/,,,,467344,467406,467455,467490,467540,normal
217,1599,467711,1299.1972222222223,PACE,/,,,,467660,467742,467773,467809,467855,normal
217,1600,468016,1300.0444444444445,PACE,/,,,,467974,468045,468071,468112,468155,normal
217,1601,468322,1300.8944444444444,PACE,/,,,,468272,468336,468381,468414,468456,normal
217,1602,468620,1301.7222222222222,PACE,/,,,,468578,468633,468676,468708,468756,normal
217,1603,468906,1302.5166666666667,PACE,/,,,,468860,468927,468960,469001,469043,normal
217,1604,469197,1303.325,PACE,/,,,,469151,469222,469243,469292,469333,normal
217,1605,469499,1304.1638888888888,PACE,/,,,,469449,469526,469553,469597,469642,normal
217,1606,469812,1305.0333333333333,PACE,/,,,,469760,469826,469828,469909,469957,normal
217,1607,470126,1305.9055555555556,PACE,/,,,,470084,470140,470184,470222,470265,normal
217,1608,470432,1306.7555555555555,PFUS,f,,,,470390,470455,470485,470519,470563,normal
217,1609,470724,1307.5666666666666,PACE,/,,,,470686,470738,470740,470817,470863,normal
217,1610,471014,1308.3722222222223,PACE,/,,,,470965,471026,471057,471102,471145,normal
217,1611,471304,1309.1777777777777,PACE,/,,,,471261,471316,471349,471394,471438,normal
217,1612,471614,1310.0388888888888,PACE,/,,,,471566,471629,471635,471715,471760,normal
217,1613,471935,1310.9305555555557,PACE,/,,,,471884,471951,471953,472039,472088,normal
217,1614,472246,1311.7944444444445,PACE,/,,,,472202,472259,472303,472340,472386,normal
217,1615,472552,1312.6444444444444,PACE,/,,,,472502,472563,472565,472644,472693,normal
217,1616,472853,1313.4805555555556,PACE,/,,,,472808,472867,472900,472938,472977,normal
217,1617,473135,1314.263888888889,PACE,/,,,,473089,473150,473185,473224,473272,normal
217,1618,473435,1315.0972222222222,PACE,/,,,,473390,473452,473493,473535,473583,normal
217,1619,473741,1315.9472222222223,PACE,/,,,,473695,473756,473804,473839,473890,normal
217,1620,474058,1316.8277777777778,PACE,/,,,,474014,474072,474110,474154,474205,normal
217,1621,474375,1317.7083333333333,PACE,/,,,,474326,474387,474427,474469,474517,normal
217,1622,474683,1318.5638888888889,PACE,/,,,,474638,474698,474739,474780,474824,normal
217,1623,474982,1319.3944444444444,PACE,/,,,,474938,474996,475032,475073,475114,normal
217,1624,475243,1320.1194444444445,PFUS,f,,,,475233,475279,475308,475346,475380,normal
217,1625,475563,1321.0083333333334,PACE,/,,,,475523,475575,475610,475654,475701,normal
217,1626,475869,1321.8583333333333,PACE,/,,,,475815,475881,475921,475959,476005,normal
217,1627,476182,1322.7277777777779,PACE,/,,,,476132,476199,476244,476284,476340,normal
217,1628,476507,1323.6305555555555,PACE,/,,,,476456,476523,476568,476603,476655,normal
217,1629,476812,1324.4777777777779,PACE,/,,,,476768,476827,476865,476907,476950,normal
217,1630,477114,1325.3166666666666,PACE,/,,,,477074,477126,477165,477201,477250,normal
217,1631,477398,1326.1055555555556,PACE,/,,,,477357,477411,477451,477485,477530,normal
217,1632,477696,1326.9333333333334,PACE,/,,,,477655,477710,477712,477797,477846,normal
217,1633,478012,1327.8111111111111,PACE,/,,,,477968,478028,478073,478112,478167,normal
217,1634,478356,1328.7666666666667,PACE,/,,,,478304,478375,478417,478460,478508,normal
217,1635,478680,1329.6666666666667,PACE,/,,,,478634,478694,478728,478775,478821,normal
217,1636,478988,1330.5222222222221,PACE,/,,,,478946,479001,479040,479081,479124,normal
217,1637,479283,1331.3416666666667,PACE,/,,,,479240,479299,479337,479376,479415,normal
217,1638,479577,1332.1583333333333,PACE,/,,,,479533,479589,479591,479669,479710,normal
217,1639,479877,1332.9916666666666,PACE,/,,,,479828,479892,479935,479970,480020,normal
217,1640,480185,1333.8472222222222,PACE,/,,,,480140,480199,480244,480277,480338,normal
217,1641,480497,1334.713888888889,PACE,/,,,,480445,480517,480559,480601,480658,normal
217,1642,480833,1335.6472222222221,PACE,/,,,,480787,480849,480885,480931,480985,normal
217,1643,481143,1336.5083333333334,PACE,/,,,,481101,481156,481197,481235,481286,normal
217,1644,481440,1337.3333333333333,PACE,/,,,,481401,481458,481485,481529,481572,normal
217,1645,481726,1338.1277777777777,PACE,/,,,,481689,481739,481778,481813,481854,normal
217,1646,482021,1338.9472222222223,PACE,/,,,,481976,482039,482087,482226,482239,biphasic_positive_negative
217,1647,482334,1339.8166666666666,PACE,/,,,,482264,482347,482400,482426,482480,normal
217,1648,482654,1340.7055555555555,PACE,/,,,,482606,482677,482715,482757,482801,normal
217,1649,482986,1341.6277777777777,PACE,/,,,,482946,483002,483035,483082,483130,normal
217,1650,483295,1342.486111111111,PACE,/,,,,483246,483309,483311,483388,483435,normal
217,1651,483589,1343.3027777777777,PACE,/,,,,483548,483602,483604,483680,483722,normal
217,1652,483879,1344.1083333333333,PACE,/,,,,483835,483891,483928,483967,484005,normal
217,1653,484128,1344.8,NORMAL,N,,,,484105,484143,484201,484227,484276,inverted
217,1654,484409,1345.5805555555555,NORMAL,N,,,,484386,484424,,484467,484512,negative_monophasic
217,1655,484603,1346.1194444444445,PVC,V,,,,484570,484628,,484629,484684,negative_monophasic
217,1656,484771,1346.5861111111112,PVC,V,,,,484690,484816,484821,484872,484930,inverted
217,1657,485104,1347.5111111111112,PFUS,f,,,,485088,485115,485178,485214,485259,inverted
217,1658,485352,1348.2,NORMAL,N,,,,485335,485367,485416,485451,485500,inverted
217,1659,485580,1348.8333333333333,NORMAL,N,,,,485567,485597,485647,485676,485722,inverted
217,1660,485825,1349.513888888889,NORMAL,N,,,,485812,485838,485897,485923,485975,inverted
217,1661,486053,1350.1472222222221,NORMAL,N,,,,486040,486066,486116,486144,486191,inverted
217,1662,486292,1350.8111111111111,NORMAL,N,,,,486279,486307,,486351,486388,negative_monophasic
217,1663,486504,1351.4,NORMAL,N,,,,486490,486517,486562,486597,486642,inverted
217,1664,486732,1352.0333333333333,NORMAL,N,,,,486718,486746,486798,486837,486882,inverted
217,1665,486982,1352.7277777777779,NORMAL,N,,,,486968,486997,487060,487092,487140,inverted
217,1666,487242,1353.45,NORMAL,N,,,,487228,487253,487313,487341,487388,inverted
217,1667,487483,1354.1194444444445,NORMAL,N,,,,487469,487500,487553,487582,487628,inverted
217,1668,487716,1354.7666666666667,NORMAL,N,,,,487702,487729,487781,487810,487866,inverted
217,1669,487945,1355.4027777777778,NORMAL,N,,,,487933,487957,488004,488064,488072,biphasic_negative_positive
217,1670,488178,1356.05,NORMAL,N,,,,488165,488209,488244,488274,488323,inverted
217,1671,488428,1356.7444444444445,NORMAL,N,,,,488415,488442,488501,488529,488572,inverted
217,1672,488684,1357.4555555555555,NORMAL,N,,,,488671,488699,,488733,488780,negative_monophasic
217,1673,488898,1358.05,PVC,V,,,,488863,488928,488946,488992,489065,inverted
217,1674,489226,1358.9611111111112,PFUS,f,,,,489210,489238,489307,489346,489404,inverted
217,1675,489490,1359.6944444444443,NORMAL,N,,,,489477,489504,489558,489589,489634,inverted
217,1676,489745,1360.4027777777778,NORMAL,N,,,,489731,489759,489816,489847,489895,inverted
217,1677,490013,1361.1472222222221,NORMAL,N,,,,489998,490027,490081,490114,490161,inverted
217,1678,490267,1361.8527777777779,NORMAL,N,,,,490255,490281,490337,490364,490417,inverted
217,1679,490500,1362.5,NORMAL,N,,,,490486,490513,490570,490601,490640,inverted
217,1680,490728,1363.1333333333334,NORMAL,N,,,,490706,490758,490793,490824,490869,inverted
217,1681,491036,1363.9888888888888,PFUS,f,,,,491026,491043,491123,491161,491209,inverted
217,1682,491336,1364.8222222222223,NORMAL,N,,,,491322,491353,491408,491437,491489,inverted
217,1683,491685,1365.7916666666667,PACE,/,,,,491635,491698,491727,491772,491834,normal
217,1684,491992,1366.6444444444444,PACE,/,,,,491946,492011,492047,492085,492136,normal
217,1685,492288,1367.4666666666667,PACE,/,,,,492247,492301,492341,492373,492425,normal
217,1686,492543,1368.175,PFUS,f,,,,492529,492567,492569,492670,492697,biphasic_positive_negative
217,1687,492866,1369.0722222222223,PACE,/,,,,492817,492882,492920,492958,493021,normal
217,1688,493174,1369.9277777777777,PACE,/,,,,493132,493190,493229,493273,493320,normal
217,1689,493497,1370.825,PACE,/,,,,493447,493513,493560,493597,493651,normal
217,1690,493785,1371.625,PFUS,f,,,,493771,493824,493859,493898,493929,normal
217,1691,494116,1372.5444444444445,PACE,/,,,,494076,494130,494161,494207,494249,normal
217,1692,494384,1373.2888888888888,PFUS,f,,,,494375,494390,494466,494493,494548,inverted
217,1693,494673,1374.0916666666667,PFUS,f,,,,494664,494698,494700,494801,494828,biphasic_positive_negative
217,1694,494969,1374.9138888888888,PFUS,f,,,,494956,494978,495040,495071,495126,inverted
217,1695,495304,1375.8444444444444,PACE,/,,,,495262,495320,495324,495401,495466,normal
217,1696,495622,1376.7277777777779,PACE,/,,,,495580,495637,495670,495717,495768,normal
217,1697,495933,1377.5916666666667,PACE,/,,,,495889,495946,495989,496026,496069,normal
217,1698,496245,1378.4583333333333,PACE,/,,,,496202,496258,496260,496342,496380,normal
217,1699,496546,1379.2944444444445,PACE,/,,,,496506,496547,496553,496633,496682,normal
217,1700,496832,1380.088888888889,PACE,/,,,,496792,496863,496877,496915,496961,normal
217,1701,497122,1380.8944444444444,PACE,/,,,,497081,497123,497125,497213,497263,normal
217,1702,497427,1381.7416666666666,PACE,/,,,,497380,497729,497475,497517,497561,normal
217,1703,497729,1382.5805555555555,PACE,/,,,,497686,,497731,497832,497881,normal
217,1704,498059,1383.4972222222223,PACE,/,,,,498004,498081,498101,498157,498201,normal
217,1705,498368,1384.3555555555556,PACE,/,,,,498328,498387,498423,498459,498505,normal
217,1706,498665,1385.1805555555557,PACE,/,,,,498628,498682,498712,498755,498799,normal
217,1707,498953,1385.9805555555556,PACE,/,,,,498917,498974,499007,499043,499091,normal
217,1708,499252,1386.8111111111111,PACE,/,,,,499210,499253,499259,499347,499392,normal
217,1709,499562,1387.6722222222222,PACE,/,,,,499516,499585,499606,499657,499702,normal
217,1710,499862,1388.5055555555555,PFUS,f,,,,499840,499873,499938,499969,500019,inverted
217,1711,500191,1389.4194444444445,PFUS,f,,,,500182,500202,500265,500295,500336,inverted
217,1712,500485,1390.236111111111,PFUS,f,,,,500470,500501,500517,500551,500612,normal
217,1713,500814,1391.15,PACE,/,,,,500770,500838,500870,500904,500943,normal
217,1714,501078,1391.8833333333334,PFUS,f,,,,501070,501115,501157,501184,501219,normal
217,1715,501406,1392.7944444444445,PACE,/,,,,501363,501422,501461,501497,501543,normal
217,1716,501706,1393.6277777777777,PACE,/,,,,501664,501730,501751,501802,501850,normal
217,1717,502009,1394.4694444444444,PACE,/,,,,501970,502029,502061,502106,502159,normal
217,1718,502334,1395.3722222222223,PACE,/,,,,502288,502354,502392,502433,502478,normal
217,1719,502651,1396.2527777777777,PACE,/,,,,502612,502671,502699,502742,502791,normal
217,1720,502949,1397.0805555555555,PACE,/,,,,502900,502964,502966,503040,503082,normal
217,1721,503207,1397.7972222222222,PFUS,f,,,,503200,503228,503232,503311,503336,normal
217,1722,503494,1398.5944444444444,PFUS,f,,,,503482,503524,503600,503621,503653,inverted
217,1723,503775,1399.375,NORMAL,N,,,,503762,503783,,503803,503869,negative_monophasic
217,1724,503977,1399.9361111111111,PVC,V,503870,503871,503899,503943,504010,504025,504065,504130,inverted
217,1725,504306,1400.85,PFUS,f,,,,504296,504314,504337,504344,504439,normal
217,1726,504559,1401.5527777777777,PVC,V,,,,504524,504572,504590,504641,504716,inverted
217,1727,504870,1402.4166666666667,PFUS,f,,,,504861,504883,504904,504912,504995,normal
217,1728,505093,1403.036111111111,PVC,V,,,,505060,505148,505153,505174,505233,inverted
217,1729,505394,1403.8722222222223,PFUS,f,,,,505378,505401,505456,505490,505548,inverted
217,1730,505687,1404.6861111111111,PFUS,f,,,,505678,505696,505777,505805,505850,inverted
217,1731,505989,1405.525,PFUS,f,,,,505972,505996,506058,506087,506125,inverted
217,1732,506291,1406.3638888888888,PFUS,f,,,,506276,506301,506366,506397,506449,inverted
217,1733,506631,1407.3083333333334,PACE,/,,,,506588,506651,506684,506725,506788,normal
217,1734,506941,1408.1694444444445,PACE,/,,,,506896,506962,506992,507032,507079,normal
217,1735,507243,1409.0083333333334,PACE,/,,,,507190,507257,507290,507330,507386,normal
217,1736,507539,1409.8305555555555,PACE,/,,,,507486,507553,507597,507630,507673,normal
217,1737,507826,1410.6277777777777,PACE,/,,,,507778,507847,507885,507919,507963,normal
217,1738,508120,1411.4444444444443,PACE,/,,,,508078,508420,508170,508209,508252,normal
217,1739,508420,1412.2777777777778,PACE,/,,,,508379,,508421,508516,508574,normal
217,1740,508745,1413.1805555555557,PACE,/,,,,508695,508746,508748,508843,508900,normal
217,1741,509053,1414.036111111111,PACE,/,,,,509011,509075,509099,509150,509194,normal
217,1742,509356,1414.8777777777777,PACE,/,,,,509307,509372,509402,509446,509493,normal
217,1743,509645,1415.6805555555557,PACE,/,,,,509602,509932,509695,509734,509773,normal
217,1744,509932,1416.4777777777779,PACE,/,,,,509896,,509933,510018,510068,normal
217,1745,510224,1417.2888888888888,PACE,/,,,,510171,510244,510273,510317,510358,normal
217,1746,510530,1418.138888888889,PACE,/,,,,510484,510849,510594,510628,510684,normal
217,1747,510849,1419.025,PACE,/,,,,510809,,510850,510947,511005,normal
217,1748,511163,1419.8972222222221,PACE,/,,,,511120,511188,511210,511257,511299,normal
217,1749,511435,1420.6527777777778,PFUS,f,,,,511421,511446,511530,511555,511582,inverted
217,1750,511735,1421.486111111111,PFUS,f,,,,511725,511756,511759,511811,511867,normal
217,1751,512057,1422.3805555555555,PACE,/,,,,512007,512072,512104,512146,512199,normal
217,1752,512350,1423.1944444444443,PACE,/,,,,512315,512365,512397,512437,512480,normal
217,1753,512642,1424.0055555555555,PACE,/,,,,512602,512663,512700,512736,512784,normal
217,1754,512958,1424.8833333333334,PACE,/,,,,512914,512974,513016,513056,513102,normal
217,1755,513267,1425.7416666666666,PACE,/,,,,513214,513287,513314,513363,513406,normal
217,1756,513572,1426.588888888889,PACE,/,,,,513532,513595,513624,513668,513715,normal
217,1757,513874,1427.4277777777777,PACE,/,,,,513839,513889,513924,513961,514004,normal
217,1758,514161,1428.225,PACE,/,,,,514114,514178,514209,514245,514287,normal
217,1759,514445,1429.013888888889,PACE,/,,,,514408,514460,514498,514537,514583,normal
217,1760,514751,1429.8638888888888,PACE,/,,,,514694,514774,514802,514850,514899,normal
217,1761,515074,1430.7611111111112,PACE,/,,,,515030,515398,515120,515173,515219,normal
217,1762,515398,1431.661111111111,PACE,/,,,,515350,,515400,515490,515538,normal
217,1763,515700,1432.5,PACE,/,,,,515655,515733,515748,515792,515831,normal
217,1764,515995,1433.3194444444443,PACE,/,,,,515945,516015,516046,516085,516131,normal
217,1765,516284,1434.1222222222223,PACE,/,,,,516245,516303,516329,516372,516419,normal
217,1766,516579,1434.9416666666666,PACE,/,,,,516538,516600,516622,516671,516712,normal
217,1767,516886,1435.7944444444445,PACE,/,,,,516832,516901,516935,516978,517023,normal
217,1768,517200,1436.6666666666667,PACE,/,,,,517151,517224,517256,517300,517348,normal
217,1769,517517,1437.5472222222222,PACE,/,,,,517480,517549,517565,517610,517655,normal
217,1770,517823,1438.3972222222221,PACE,/,,,,517780,517824,517831,517918,517963,normal
217,1771,518129,1439.2472222222223,PACE,/,,,,518079,518152,518181,518221,518261,normal
217,1772,518418,1440.05,PACE,/,,,,518368,518440,518461,518507,518546,normal
217,1773,518705,1440.8472222222222,PACE,/,,,,518657,518721,518758,518797,518844,normal
217,1774,519005,1441.6805555555557,PACE,/,,,,518962,519028,519051,519104,519151,normal
217,1775,519317,1442.5472222222222,PACE,/,,,,519274,519332,519371,519413,519461,normal
217,1776,519646,1443.4611111111112,PACE,/,,,,519604,519669,519701,519742,519787,normal
217,1777,519964,1444.3444444444444,PACE,/,,,,519922,519979,520022,520054,520101,normal
217,1778,520195,1444.986111111111,PVC,V,,,,520161,520222,520226,520278,520352,inverted
217,1779,520491,1445.8083333333334,PACE,/,,,,520481,520540,520564,520606,520653,normal
217,1780,520753,1446.536111111111,PVC,V,,,,520719,520786,520794,520840,520916,inverted
217,1781,521069,1447.4138888888888,PACE,/,,,,521059,521124,521147,521200,521252,normal
217,1782,521429,1448.4138888888888,PACE,/,,,,521384,521454,521492,521544,521594,normal
217,1783,521788,1449.411111111111,PACE,/,,,,521741,521810,521833,521880,521921,normal
217,1784,522089,1450.2472222222223,PACE,/,,,,522052,522126,522135,522182,522227,normal
217,1785,522394,1451.0944444444444,PACE,/,,,,522355,522409,,522443,522481,positive_monophasic
217,1786,522588,1451.6333333333334,PVC,V,,,,522556,522602,522629,522671,522742,inverted
217,1787,522883,1452.4527777777778,PACE,/,,,,522873,522934,522969,523010,523061,normal
217,1788,523221,1453.3916666666667,PACE,/,,,,523181,523237,523264,523313,523354,normal
217,1789,523532,1454.2555555555555,PACE,/,,,,523487,523554,523588,523626,523672,normal
217,1790,523845,1455.125,PACE,/,,,,523804,523861,523907,523943,523997,normal
217,1791,524164,1456.0111111111112,PACE,/,,,,524122,524165,,524166,524258,positive_monophasic
217,1792,524383,1456.6194444444445,PVC,V,524259,524262,524295,524349,524422,524423,524468,524530,inverted
217,1793,524687,1457.463888888889,PACE,/,,,,524678,524997,524769,524802,524852,normal
217,1794,524997,1458.325,PACE,/,,,,524958,,524998,525086,525132,normal
217,1795,525293,1459.1472222222221,PACE,/,,,,525251,525314,525350,525388,525431,normal
217,1796,525593,1459.9805555555556,PACE,/,,,,525550,525615,525649,525691,525732,normal
217,1797,525829,1460.6361111111112,PVC,V,,,,525794,525844,525873,525920,526018,inverted
217,1798,526171,1461.5861111111112,PACE,/,,,,526161,526222,526248,526294,526348,normal
217,1799,526503,1462.5083333333334,PACE,/,,,,526461,526522,526553,526593,526636,normal
217,1800,526798,1463.3277777777778,PACE,/,,,,526756,526818,526846,526886,526930,normal
217,1801,527090,1464.138888888889,PACE,/,,,,527049,527385,527138,527177,527221,normal
217,1802,527385,1464.9583333333333,PACE,/,,,,527347,,,527386,527426,positive_monophasic
217,1803,527590,1465.5277777777778,PVC,V,,,,527554,527626,527628,527681,527752,inverted
217,1804,527909,1466.4138888888888,PACE,/,,,,527899,528255,528000,528036,528091,normal
217,1805,528255,1467.375,PACE,/,,,,528215,,528256,528349,528394,normal
217,1806,528567,1468.2416666666666,PACE,/,,,,528525,528586,528612,528658,528700,normal
217,1807,528870,1469.0833333333333,PACE,/,,,,528830,528890,,528911,528955,positive_monophasic
217,1808,529061,1469.6138888888888,PVC,V,,,,529029,529074,529097,529143,529203,inverted
217,1809,529358,1470.4388888888889,PACE,/,,,,529348,529410,529439,529482,529530,normal
217,1810,529689,1471.3583333333333,PACE,/,,,,529648,529705,529734,529775,529821,normal
217,1811,529983,1472.175,PACE,/,,,,529941,530313,530023,530079,530127,normal
217,1812,530313,1473.0916666666667,PACE,/,,,,530266,,530315,530418,530467,normal
217,1813,530630,1473.9722222222222,PACE,/,,,,530589,530652,530679,530723,530759,normal
217,1814,530850,1474.5833333333333,PVC,V,,,,530815,530871,530890,530933,531011,inverted
217,1815,531155,1475.4305555555557,PACE,/,,,,531146,531185,531186,531273,531321,normal
217,1816,531470,1476.3055555555557,PACE,/,,,,531431,531491,531522,531556,531600,normal
217,1817,531758,1477.1055555555556,PACE,/,,,,531718,531779,531812,531856,531898,normal
217,1818,532066,1477.9611111111112,PACE,/,,,,532018,532093,,532112,532167,positive_monophasic
217,1819,532291,1478.5861111111112,PVC,V,,,,532256,532330,532335,532380,532455,inverted
217,1820,532621,1479.5027777777777,PACE,/,,,,532612,532673,532709,532745,532797,normal
217,1821,532954,1480.4277777777777,PACE,/,,,,532912,532976,533004,533049,533093,normal
217,1822,533256,1481.2666666666667,PACE,/,,,,533207,533279,533310,533346,533394,normal
217,1823,533548,1482.0777777777778,PACE,/,,,,533499,533563,533604,533634,533671,normal
217,1824,533847,1482.9083333333333,PACE,/,,,,533806,533866,,533894,533934,positive_monophasic
217,1825,534051,1483.475,PVC,V,,,,534018,534088,534090,534136,534201,inverted
217,1826,534361,1484.3361111111112,PFUS,f,,,,534352,534383,534393,534441,534507,normal
217,1827,534719,1485.3305555555555,PACE,/,,,,534679,535030,534778,534816,534861,normal
217,1828,535030,1486.1944444444443,PACE,/,,,,534988,,535031,535122,535165,normal
217,1829,535336,1487.0444444444445,PACE,/,,,,535293,535351,535388,535426,535469,normal
217,1830,535629,1487.8583333333333,PACE,/,,,,535588,535649,535684,535716,535759,normal
217,1831,535912,1488.6444444444444,PACE,/,,,,535869,535913,535920,536000,536049,normal
217,1832,536208,1489.4666666666667,PACE,/,,,,536164,536231,536273,536305,536350,normal
217,1833,536530,1490.361111111111,PACE,/,,,,536487,536556,536588,536633,536677,normal
217,1834,536860,1491.2777777777778,PACE,/,,,,536812,536885,536910,536960,537003,normal
217,1835,537165,1492.125,PACE,/,,,,537118,537180,537220,537259,537302,normal
217,1836,537395,1492.763888888889,PVC,V,,,,537362,537431,537436,537479,537550,inverted
217,1837,537696,1493.6,PACE,/,,,,537688,537739,537770,537810,537858,normal
217,1838,538013,1494.4805555555556,PACE,/,,,,537959,538035,538070,538105,538147,normal
217,1839,538318,1495.3277777777778,PACE,/,,,,538275,538340,538372,538417,538463,normal
217,1840,538630,1496.1944444444443,PACE,/,,,,538586,538631,538638,538729,538778,normal
217,1841,538953,1497.0916666666667,PACE,/,,,,538913,538961,538973,539053,539087,normal
217,1842,539179,1497.7194444444444,PVC,V,,,,539145,539193,539222,539268,539346,inverted
217,1843,539496,1498.6,PACE,/,,,,539488,539550,539585,539622,539669,normal
217,1844,539826,1499.5166666666667,PACE,/,,,,539786,539846,539873,539915,539960,normal
217,1845,540117,1500.325,PACE,/,,,,540076,540136,540165,540202,540246,normal
217,1846,540406,1501.1277777777777,PACE,/,,,,540358,540427,540461,540497,540541,normal
217,1847,540718,1501.9944444444445,PACE,/,,,,540664,540719,540721,540814,540851,normal
217,1848,540942,1502.6166666666666,PVC,V,,,,540906,540989,540991,541036,541118,inverted
217,1849,541279,1503.5527777777777,PACE,/,,,,541269,541311,541312,541407,541466,normal
217,1850,541623,1504.5083333333334,PACE,/,,,,541582,541643,541677,541714,541757,normal
217,1851,541921,1505.3361111111112,PACE,/,,,,541876,541939,541970,542008,542052,normal
217,1852,542201,1506.1138888888888,PACE,/,,,,542163,542221,,542244,542287,positive_monophasic
217,1853,542405,1506.6805555555557,PVC,V,,,,542370,542418,542446,542492,542566,inverted
217,1854,542726,1507.5722222222223,PACE,/,,,,542716,542757,542759,542851,542902,normal
217,1855,543075,1508.5416666666667,PACE,/,,,,543022,543394,543078,543176,543222,normal
217,1856,543394,1509.4277777777777,PACE,/,,,,543352,,543396,543491,543536,normal
217,1857,543700,1510.2777777777778,PACE,/,,,,543657,543999,543751,543795,543841,normal
217,1858,543999,1511.1083333333333,PACE,/,,,,543958,,544001,544090,544131,normal
217,1859,544226,1511.7388888888888,PVC,V,,,,544193,544239,544263,544309,544380,inverted
217,1860,544526,1512.5722222222223,PACE,/,,,,544517,544581,544612,544652,544702,normal
217,1861,544853,1513.4805555555556,PACE,/,,,,544813,545158,544909,544946,544989,normal
217,1862,545158,1514.3277777777778,PACE,/,,,,545118,,545159,545252,545297,normal
217,1863,545469,1515.1916666666666,PACE,/,,,,545427,545485,545526,545568,545614,normal
217,1864,545785,1516.0694444444443,PACE,/,,,,545740,545806,545842,545882,545916,normal
217,1865,546008,1516.6888888888889,PVC,V,,,,545972,546046,546050,546093,546165,inverted
217,1866,546312,1517.5333333333333,PACE,/,,,,546298,546621,546382,546424,546474,normal
217,1867,546621,1518.3916666666667,PACE,/,,,,546587,,546623,546709,546755,normal
217,1868,546916,1519.2111111111112,PACE,/,,,,546877,546938,546973,547008,547049,normal
217,1869,547214,1520.0388888888888,PACE,/,,,,547167,547230,547272,547313,547358,normal
217,1870,547532,1520.9222222222222,PACE,/,,,,547488,547555,547588,547633,547672,normal
217,1871,547766,1521.5722222222223,PVC,V,,,,547731,547779,547805,547851,547922,inverted
217,1872,548078,1522.4388888888889,PACE,/,,,,548069,548109,548111,548202,548253,normal
217,1873,548403,1523.3416666666667,PACE,/,,,,548362,548423,548454,548491,548533,normal
217,1874,548696,1524.1555555555556,PACE,/,,,,548656,548717,548752,548785,548834,normal
217,1875,548996,1524.9888888888888,PACE,/,,,,548955,549014,549041,549085,549125,normal
217,1876,549292,1525.8111111111111,PACE,/,,,,549250,549314,,549337,549386,positive_monophasic
217,1877,549507,1526.4083333333333,PVC,V,,,,549474,549545,549549,549597,549675,inverted
217,1878,549827,1527.2972222222222,PACE,/,,,,549817,549881,549911,549954,550002,normal
217,1879,550162,1528.2277777777779,PACE,/,,,,550123,550195,550211,550255,550303,normal
217,1880,550468,1529.0777777777778,PACE,/,,,,550426,550489,550520,550558,550600,normal
217,1881,550761,1529.8916666666667,PACE,/,,,,550720,550762,550768,550850,550889,normal
217,1882,551047,1530.6861111111111,PACE,/,,,,551007,551066,,551086,551138,positive_monophasic
217,1883,551262,1531.2833333333333,PVC,V,,,,551229,551296,551304,551346,551411,inverted
217,1884,551566,1532.1277777777777,PACE,/,,,,551556,551620,551658,551694,551740,normal
217,1885,551919,1533.1083333333333,PACE,/,,,,551873,551935,551937,552023,552070,normal
217,1886,552237,1533.9916666666666,PACE,/,,,,552195,552257,552283,552331,552378,normal
217,1887,552541,1534.8361111111112,PACE,/,,,,552495,552560,552584,552630,552671,normal
217,1888,552831,1535.6416666666667,PACE,/,,,,552796,552832,,552833,552918,positive_monophasic
217,1889,553033,1536.2027777777778,PVC,V,,,,553001,553060,553070,553117,553182,inverted
217,1890,553326,1537.0166666666667,PACE,/,,,,553317,553658,553416,553448,553504,normal
217,1891,553658,1537.9388888888889,PACE,/,,,,553612,,553660,553756,553802,normal
217,1892,553985,1538.8472222222222,PACE,/,,,,553942,554000,554006,554085,554130,normal
217,1893,554299,1539.7194444444444,PACE,/,,,,554260,554321,,554348,554392,positive_monophasic
217,1894,554503,1540.286111111111,PVC,V,,,,554471,554543,554546,554588,554655,inverted
217,1895,554812,1541.1444444444444,PACE,/,,,,554803,554863,554895,554935,554987,normal
217,1896,555137,1542.0472222222222,PACE,/,,,,555100,555430,555180,555225,555267,normal
217,1897,555430,1542.861111111111,PACE,/,,,,555389,,555432,555527,555572,normal
217,1898,555730,1543.6944444444443,PACE,/,,,,555688,555748,555780,555821,555867,normal
217,1899,556030,1544.5277777777778,PACE,/,,,,555987,556054,556082,556131,556179,normal
217,1900,556355,1545.4305555555557,PACE,/,,,,556312,556356,556362,556449,556494,normal
217,1901,556665,1546.2916666666667,PACE,/,,,,556624,556685,556708,556757,556801,normal
217,1902,556966,1547.1277777777777,PACE,/,,,,556918,556967,556974,557058,557102,normal
217,1903,557256,1547.9333333333334,PACE,/,,,,557219,557277,557315,557346,557384,normal
217,1904,557546,1548.7388888888888,PACE,/,,,,557506,557566,557597,557633,557673,normal
217,1905,557835,1549.5416666666667,PACE,/,,,,557788,557849,557884,557930,557972,normal
217,1906,558155,1550.4305555555557,PACE,/,,,,558111,558485,558203,558260,558313,normal
217,1907,558485,1551.3472222222222,PACE,/,,,,558431,,558486,558586,558629,normal
217,1908,558793,1552.2027777777778,PACE,/,,,,558748,558813,558842,558884,558930,normal
217,1909,559094,1553.0388888888888,PACE,/,,,,559054,559113,559142,559184,559230,normal
217,1910,559387,1553.8527777777779,PACE,/,,,,559342,559670,559431,559473,559513,normal
217,1911,559670,1554.638888888889,PACE,/,,,,559618,,559671,559766,559811,normal
217,1912,559973,1555.4805555555556,PACE,/,,,,559930,559997,560030,560072,560122,normal
217,1913,560285,1556.3472222222222,PACE,/,,,,560241,560307,560337,560387,560432,normal
217,1914,560581,1557.1694444444445,PACE,/,,,,560572,560613,560615,560713,560757,normal
217,1915,560924,1558.1222222222223,PACE,/,,,,560877,561226,560977,561017,561070,normal
217,1916,561226,1558.9611111111112,PACE,/,,,,561183,,561227,561320,561368,normal
217,1917,561519,1559.775,PACE,/,,,,561484,561535,561568,561609,561657,normal
217,1918,561811,1560.5861111111112,PACE,/,,,,561760,561832,561867,561901,561944,normal
217,1919,562103,1561.3972222222221,PACE,/,,,,562065,562117,562154,562195,562241,normal
217,1920,562409,1562.2472222222223,PACE,/,,,,562366,562433,562469,562511,562559,normal
217,1921,562726,1563.1277777777777,PACE,/,,,,562683,562749,562787,562831,562882,normal
217,1922,563043,1564.0083333333334,PACE,/,,,,563001,563050,563062,563138,563192,normal
217,1923,563350,1564.861111111111,PACE,/,,,,563301,563370,563392,563441,563486,normal
217,1924,563644,1565.6777777777777,PACE,/,,,,563589,563658,563687,563731,563774,normal
217,1925,563924,1566.4555555555555,PACE,/,,,,563883,563958,563971,564012,564055,normal
217,1926,564220,1567.2777777777778,PACE,/,,,,564178,564221,564235,564318,564371,normal
217,1927,564540,1568.1666666666667,PACE,/,,,,564496,564564,564589,564640,564690,normal
217,1928,564873,1569.0916666666667,PACE,/,,,,564826,565179,564933,564972,565015,normal
217,1929,565179,1569.9416666666666,PACE,/,,,,565138,,565180,565276,565319,normal
217,1930,565485,1570.7916666666667,PACE,/,,,,565444,565506,565542,565578,565622,normal
217,1931,565773,1571.5916666666667,PACE,/,,,,565738,565791,565822,565864,565909,normal
217,1932,566062,1572.3944444444444,PACE,/,,,,566027,566076,566078,566159,566216,normal
217,1933,566371,1573.2527777777777,PACE,/,,,,566332,566392,566419,566461,566513,normal
217,1934,566673,1574.0916666666667,PACE,/,,,,566632,566690,566730,566771,566819,normal
217,1935,566990,1574.9722222222222,PACE,/,,,,566944,567006,567049,567089,567141,normal
217,1936,567309,1575.8583333333333,PACE,/,,,,567268,567316,567327,567405,567449,normal
217,1937,567616,1576.7111111111112,PACE,/,,,,567568,567617,567623,567709,567752,normal
217,1938,567916,1577.5444444444445,PACE,/,,,,567873,567934,567969,568002,568044,normal
217,1939,568193,1578.3138888888889,PACE,/,,,,568156,568194,568196,568281,568331,normal
217,1940,568485,1579.125,PACE,/,,,,568443,568486,568501,568584,568631,normal
217,1941,568788,1579.9666666666667,PACE,/,,,,568744,569110,568851,568888,568938,normal
217,1942,569110,1580.861111111111,PACE,/,,,,569068,,569111,569212,569265,normal
217,1943,569433,1581.7583333333334,PACE,/,,,,569391,569448,569484,569528,569574,normal
217,1944,569739,1582.6083333333333,PACE,/,,,,569698,569758,569788,569832,569873,normal
217,1945,570028,1583.411111111111,PACE,/,,,,569992,570045,570076,570117,570159,normal
217,1946,570316,1584.2111111111112,PACE,/,,,,570274,570317,570323,570406,570456,normal
217,1947,570620,1585.0555555555557,PACE,/,,,,570580,570640,570672,570712,570757,normal
217,1948,570922,1585.8944444444444,PACE,/,,,,570874,570939,570977,571020,571068,normal
217,1949,571239,1586.775,PACE,/,,,,571192,571261,571298,571341,571395,normal
217,1950,571553,1587.6472222222221,PACE,/,,,,571504,571568,571598,571651,571698,normal
217,1951,571857,1588.4916666666666,PACE,/,,,,571817,571872,571912,571953,571998,normal
217,1952,572161,1589.3361111111112,PACE,/,,,,572123,572452,572216,572251,572295,normal
217,1953,572452,1590.1444444444444,PACE,/,,,,572410,572745,572453,572539,572583,normal
217,1954,572745,1590.9583333333333,PACE,/,,,,572704,,572747,572840,572885,normal
217,1955,573041,1591.7805555555556,PACE,/,,,,572998,573063,573093,573136,573185,normal
217,1956,573358,1592.661111111111,PACE,/,,,,573310,573694,573375,573460,573515,normal
217,1957,573694,1593.5944444444444,PACE,/,,,,573652,574001,573695,573788,573835,normal
217,1958,574001,1594.4472222222223,PACE,/,,,,573958,,574002,574096,574142,normal
217,1959,574295,1595.263888888889,PACE,/,,,,574246,574310,574342,574386,574430,normal
217,1960,574578,1596.05,PACE,/,,,,574541,574579,574581,574669,574715,normal
217,1961,574872,1596.8666666666666,PACE,/,,,,574835,574873,574875,574964,575010,normal
217,1962,575176,1597.7111111111112,PACE,/,,,,575135,575177,575184,575271,575320,normal
217,1963,575502,1598.6166666666666,PACE,/,,,,575459,575529,575569,575610,575661,normal
217,1964,575837,1599.5472222222222,PACE,/,,,,575794,575859,575892,575933,575980,normal
217,1965,576136,1600.3777777777777,PACE,/,,,,576095,576153,576191,576230,576272,normal
217,1966,576440,1601.2222222222222,PACE,/,,,,576396,576736,576493,576535,576580,normal
217,1967,576736,1602.0444444444445,PACE,/,,,,576689,577030,576738,576824,576867,normal
217,1968,577030,1602.861111111111,PACE,/,,,,576988,577330,577031,577127,577175,normal
217,1969,577330,1603.6944444444443,PACE,/,,,,577283,,577332,577430,577476,normal
217,1970,577642,1604.5611111111111,PACE,/,,,,577600,577658,577692,577745,577794,normal
217,1971,577966,1605.4611111111112,PACE,/,,,,577925,577967,577981,578061,578107,normal
217,1972,578274,1606.3166666666666,PACE,/,,,,578236,578294,578328,578369,578419,normal
217,1973,578582,1607.1722222222222,PACE,/,,,,578536,578616,578638,578672,578719,normal
217,1974,578867,1607.963888888889,PACE,/,,,,578831,579154,578917,578956,579000,normal
217,1975,579154,1608.7611111111112,PACE,/,,,,579119,,579155,579246,579288,normal
217,1976,579453,1609.5916666666667,PACE,/,,,,579412,579469,579504,579551,579597,normal
217,1977,579741,1610.3916666666667,PACE,/,,,,579730,579778,579779,579887,579940,normal
217,1978,580125,1611.4583333333333,PACE,/,,,,580078,580148,580185,580223,580274,normal
217,1979,580426,1612.2944444444445,PACE,/,,,,580385,580445,580480,580519,580566,normal
217,1980,580693,1613.036111111111,PACE,/,,,,580685,580710,580725,580818,580864,normal
217,1981,580989,1613.8583333333333,PACE,/,,,,580973,581035,581176,581188,581203,normal
217,1982,581308,1614.7444444444445,PACE,/,,,,581267,581327,581360,581398,581440,normal
217,1983,581578,1615.4944444444445,PACE,/,,,,581555,581633,581670,581709,581754,normal
217,1984,581922,1616.45,PACE,/,,,,581878,581945,581977,582024,582074,normal
217,1985,582244,1617.3444444444444,PACE,/,,,,582202,582264,582299,582337,582382,normal
217,1986,582515,1618.0972222222222,PACE,/,,,,582502,582533,582548,582643,582690,normal
217,1987,582857,1619.0472222222222,PACE,/,,,,582809,582873,582910,582951,582993,normal
217,1988,583144,1619.8444444444444,PACE,/,,,,583109,583163,583195,583234,583281,normal
217,1989,583432,1620.6444444444444,PACE,/,,,,583391,583447,583483,583524,583570,normal
217,1990,583699,1621.3861111111112,PACE,/,,,,583690,583749,583780,583818,583867,normal
217,1991,584003,1622.2305555555556,PACE,/,,,,583991,584071,584091,584128,584174,normal
217,1992,584322,1623.1166666666666,PACE,/,,,,584308,584356,584359,584458,584503,normal
217,1993,584637,1623.9916666666666,PFUS,f,,,,584627,584663,584666,584729,584778,normal
217,1994,584941,1624.8361111111112,PACE,/,,,,584921,584990,585015,585064,585105,normal
217,1995,585235,1625.6527777777778,PACE,/,,,,585227,585283,585315,585353,585395,normal
217,1996,585519,1626.4416666666666,PFUS,f,,,,585509,585532,585551,585559,585636,normal
217,1997,585719,1626.9972222222223,PVC,V,,,,585701,585731,585736,585807,585856,biphasic_positive_negative
217,1998,586037,1627.8805555555555,PACE,/,,,,586027,586065,586067,586159,586192,normal
217,1999,586363,1628.786111111111,PFUS,f,,,,586353,586377,586464,586493,586532,inverted
217,2000,586685,1629.6805555555557,PFUS,f,,,,586673,586695,586757,586788,586840,inverted
217,2001,586977,1630.4916666666666,PFUS,f,,,,586965,586987,587049,587081,587134,inverted
217,2002,587276,1631.3222222222223,PFUS,f,,,,587266,587286,587370,587396,587429,inverted
217,2003,587564,1632.1222222222223,PACE,/,,,,587555,587580,587595,587684,587733,normal
217,2004,587893,1633.036111111111,PACE,/,,,,587854,587907,587943,587983,588028,normal
217,2005,588191,1633.8638888888888,PACE,/,,,,588137,588192,588198,588285,588329,normal
217,2006,588496,1634.7111111111112,PACE,/,,,,588449,588516,588547,588593,588644,normal
217,2007,588812,1635.588888888889,PACE,/,,,,588773,589127,588863,588914,588961,normal
217,2008,589127,1636.463888888889,PACE,/,,,,589084,,589128,589221,589262,normal
217,2009,589426,1637.2944444444445,PACE,/,,,,589373,589445,589483,589516,589558,normal
217,2010,589710,1638.0833333333333,PACE,/,,,,589667,589724,589764,589801,589850,normal
217,2011,589995,1638.875,PACE,/,,,,589955,590015,590041,590084,590135,normal
217,2012,590291,1639.6972222222223,PACE,/,,,,590248,590602,590334,590382,590433,normal
217,2013,590602,1640.5611111111111,PACE,/,,,,590561,,590603,590699,590745,normal
217,2014,590888,1641.3555555555556,PACE,/,,,,590868,590920,590921,591016,591064,normal
217,2015,591195,1642.2083333333333,PACE,/,,,,591180,591247,591281,591323,591367,normal
217,2016,591496,1643.0444444444445,PACE,/,,,,591485,591545,591583,591616,591656,normal
217,2017,591785,1643.8472222222222,PACE,/,,,,591773,591833,591867,591905,591949,normal
217,2018,592080,1644.6666666666667,PACE,/,,,,592073,592096,592112,592206,592259,normal
217,2019,592382,1645.5055555555555,PACE,/,,,,592373,592435,592472,592511,592557,normal
217,2020,592721,1646.4472222222223,PACE,/,,,,592668,592740,592779,592815,592862,normal
217,2021,593004,1647.2333333333333,PACE,/,,,,592992,593022,593037,593133,593186,normal
217,2022,593317,1648.1027777777779,PACE,/,,,,593310,593346,593348,593435,593477,normal
217,2023,593613,1648.925,PACE,/,,,,593603,593663,593701,593737,593782,normal
217,2024,593909,1649.7472222222223,PACE,/,,,,593903,593959,593993,594033,594079,normal
217,2025,594200,1650.5555555555557,PACE,/,,,,594191,594250,594280,594322,594363,normal
217,2026,594495,1651.375,PACE,/,,,,594485,594544,594576,594617,594662,normal
217,2027,594829,1652.3027777777777,PACE,/,,,,594779,594850,594884,594928,594979,normal
217,2028,595118,1653.1055555555556,PACE,/,,,,595110,595469,595153,595259,595306,normal
217,2029,595469,1654.0805555555555,PACE,/,,,,595427,,595470,595566,595614,normal
217,2030,595775,1654.9305555555557,PACE,/,,,,595734,595791,595827,595865,595909,normal
217,2031,596065,1655.736111111111,PACE,/,,,,596021,596080,596118,596152,596196,normal
217,2032,596352,1656.5333333333333,PACE,/,,,,596310,596353,596368,596444,596495,normal
217,2033,596646,1657.35,PACE,/,,,,596604,596647,596649,596744,596789,normal
217,2034,596957,1658.213888888889,PACE,/,,,,596913,596977,597006,597060,597105,normal
217,2035,597293,1659.1472222222221,PACE,/,,,,597240,597321,597351,597393,597436,normal
217,2036,597610,1660.0277777777778,PACE,/,,,,597564,597640,597665,597703,597748,normal
217,2037,597873,1660.7583333333334,PFUS,f,,,,597864,597896,597899,597951,598004,normal
217,2038,598171,1661.5861111111112,PFUS,f,,,,598158,598181,598243,598271,598309,inverted
217,2039,598466,1662.4055555555556,PACE,/,,,,598457,598493,598495,598587,598641,normal
217,2040,598797,1663.325,PACE,/,,,,598758,599099,598845,598889,598932,normal
217,2041,599099,1664.1638888888888,PACE,/,,,,599058,,599101,599195,599243,normal
217,2042,599412,1665.0333333333333,PACE,/,,,,599370,599438,599481,599519,599572,normal
217,2043,599730,1665.9166666666667,PACE,/,,,,599677,599731,599738,599827,599872,normal
217,2044,600037,1666.7694444444444,PACE,/,,,,599994,600059,600086,600133,600179,normal
217,2045,600336,1667.6,PACE,/,,,,600298,600337,600338,600425,600469,normal
217,2046,600619,1668.3861111111112,PACE,/,600479,600484,600539,600582,600639,600672,600714,600759,normal
217,2047,600915,1669.2083333333333,PACE,/,,,,600876,600934,600956,601007,601055,normal
217,2048,601218,1670.05,PACE,/,,,,601175,601239,601274,601318,601368,normal
217,2049,601525,1670.9027777777778,PFUS,f,,,,601500,601535,,601588,601633,negative_monophasic
217,2050,601749,1671.525,PVC,V,,,,601713,601794,601796,601836,601907,inverted
217,2051,602063,1672.3972222222221,PACE,/,,,,602054,602100,602147,602178,602207,normal
217,2052,602301,1673.0583333333334,PVC,V,,,,602269,602329,602340,602384,602452,inverted
217,2053,602603,1673.8972222222221,PACE,/,,,,602593,602642,602674,602713,602758,normal
217,2054,602887,1674.6861111111111,PACE,/,,,,602879,602925,602963,603050,603062,biphasic_positive_negative
217,2055,603212,1675.588888888889,PACE,/,,,,603174,603222,603277,603308,603353,normal
217,2056,603534,1676.4833333333333,PACE,/,,,,603492,603535,603542,603633,603681,normal
217,2057,603825,1677.2916666666667,PACE,/,,,,603816,603858,603860,603951,603999,normal
217,2058,604158,1678.2166666666667,PACE,/,,,,604110,604159,604165,604252,604304,normal
217,2059,604466,1679.0722222222223,PACE,/,,,,604428,604487,604524,604563,604611,normal
217,2060,604762,1679.8944444444444,PACE,/,,,,604722,605051,604813,604850,604891,normal
217,2061,605051,1680.6972222222223,PACE,/,,,,605009,605345,605053,605140,605185,normal
217,2062,605345,1681.513888888889,PACE,/,,,,605304,,605346,605437,605490,normal
217,2063,605652,1682.3666666666666,PACE,/,,,,605610,605668,605713,605751,605803,normal
217,2064,605967,1683.2416666666666,PACE,/,,,,605922,606281,606033,606069,606121,normal
217,2065,606281,1684.1138888888888,PACE,/,,,,606239,,606282,606379,606426,normal
217,2066,606588,1684.9666666666667,PACE,/,,,,606546,606604,606639,606677,606722,normal
217,2067,606877,1685.7694444444444,PACE,/,,,,606840,606897,606927,606966,607013,normal
217,2068,607164,1686.5666666666666,PACE,/,,,,607116,607165,607171,607256,607301,normal
217,2069,607459,1687.3861111111112,PACE,/,,,,607410,607481,607517,607558,607609,normal
217,2070,607780,1688.2777777777778,PACE,/,,,,607727,607796,607843,607880,607935,normal
217,2071,608111,1689.1972222222223,PACE,/,,,,608064,608128,608170,608208,608252,normal
217,2072,608414,1690.0388888888888,PACE,/,,,,608364,608718,608468,608509,608559,normal
217,2073,608718,1690.8833333333334,PACE,/,,,,608676,,608720,608813,608859,normal
217,2074,609012,1691.7,PACE,/,,,,608969,609028,609064,609104,609150,normal
217,2075,609301,1692.5027777777777,PACE,/,,,,609264,609605,609351,609397,609439,normal
217,2076,609605,1693.3472222222222,PACE,/,,,,609564,,609607,609696,609745,normal
217,2077,609912,1694.2,PACE,/,,,,609870,609913,609915,610007,610057,normal
217,2078,610218,1695.05,PACE,/,,,,610176,610536,610274,610317,610364,normal
217,2079,610536,1695.9333333333334,PACE,/,,,,610494,,610537,610636,610686,normal
217,2080,610847,1696.7972222222222,PACE,/,,,,610806,610866,610902,610936,610984,normal
217,2081,611141,1697.6138888888888,PACE,/,,,,611100,611161,611187,611230,611276,normal
217,2082,611428,1698.411111111111,PACE,/,,,,611387,611445,611475,611517,611562,normal
217,2083,611717,1699.213888888889,PACE,/,,,,611676,612017,611763,611812,611858,normal
217,2084,612017,1700.0472222222222,PACE,/,,,,611970,,612018,612118,612167,normal
217,2085,612342,1700.95,PACE,/,,,,612294,612666,612350,612444,612500,normal
217,2086,612666,1701.85,PACE,/,,,,612623,,612668,612760,612806,normal
217,2087,612971,1702.6972222222223,PACE,/,,,,612924,612991,613027,613062,613111,normal
217,2088,613265,1703.513888888889,PACE,/,,,,613224,613284,613318,613354,613408,normal
217,2089,613554,1704.3166666666666,PACE,/,613436,613446,613461,613512,613570,613600,613643,613699,normal
217,2090,613858,1705.161111111111,PACE,/,,,,613818,614171,613921,613951,614002,normal
217,2091,614171,1706.0305555555556,PACE,/,,,,614118,,614173,614265,614328,normal
217,2092,614482,1706.8944444444444,PACE,/,,,,614436,614504,614540,614583,614634,normal
217,2093,614801,1707.7805555555556,PACE,/,,,,614749,614822,614855,614899,614946,normal
217,2094,615104,1708.6222222222223,PACE,/,,,,615066,615126,615163,615200,615245,normal
217,2095,615403,1709.4527777777778,PACE,/,,,,615366,615424,615456,615496,615538,normal
217,2096,615697,1710.2694444444444,PACE,/,,,,615660,615724,615749,615785,615838,normal
217,2097,615992,1711.088888888889,PACE,/,,,,615943,616012,616046,616087,616137,normal
217,2098,616291,1711.9194444444445,PACE,/,,,,616248,616307,616347,616388,616439,normal
217,2099,616614,1712.8166666666666,PACE,/,,,,616566,616622,616624,616721,616774,normal
217,2100,616950,1713.75,PACE,/,,,,616903,616965,617007,617044,617099,normal
217,2101,617255,1714.5972222222222,PACE,/,,,,617215,617276,617310,617348,617396,normal
217,2102,617551,1715.4194444444445,PACE,/,,,,617496,617571,617609,617643,617689,normal
217,2103,617839,1716.2194444444444,PACE,/,,,,617803,617840,617842,617928,617974,normal
217,2104,618125,1717.013888888889,PACE,/,,,,618085,618140,618174,618221,618271,normal
217,2105,618434,1717.8722222222223,PACE,/,,,,618390,618773,618493,618537,618590,normal
217,2106,618773,1718.8138888888889,PACE,/,,,,618726,,618774,618873,618928,normal
217,2107,619096,1719.7111111111112,PACE,/,,,,619050,619118,619146,619192,619244,normal
217,2108,619403,1720.5638888888889,PACE,/,,,,619356,619421,619446,619497,619539,normal
217,2109,619699,1721.3861111111112,PACE,/,,,,619656,619992,619751,619791,619837,normal
217,2110,619992,1722.2,PACE,/,,,,619944,,619994,620083,620131,normal
217,2111,620299,1723.0527777777777,PACE,/,,,,620256,620321,620350,620393,620444,normal
217,2112,620598,1723.8833333333334,PACE,/,,,,620556,620614,620664,620698,620742,normal
217,2113,620913,1724.7583333333334,PACE,/,,,,620874,620937,620979,621021,621074,normal
217,2114,621238,1725.661111111111,PACE,/,,,,621199,621257,621291,621335,621382,normal
217,2115,621546,1726.5166666666667,PACE,/,,,,621498,621564,621605,621640,621681,normal
217,2116,621848,1727.3555555555556,PACE,/,,,,621810,621872,621898,621936,621975,normal
217,2117,622139,1728.1638888888888,PACE,/,,,,622098,622158,622195,622225,622270,normal
217,2118,622423,1728.9527777777778,PACE,/,,,,622379,622438,622473,622511,622557,normal
217,2119,622722,1729.7833333333333,PACE,/,,,,622668,623052,622742,622823,622876,normal
217,2120,623052,1730.7,PACE,/,,,,623010,,623053,623154,623206,normal
217,2121,623376,1731.6,PACE,/,,,,623333,623399,623420,623469,623516,normal
217,2122,623677,1732.4361111111111,PACE,/,,,,623637,623976,623736,623775,623820,normal
217,2123,623976,1733.2666666666667,PACE,/,,,,623938,,623978,624070,624118,normal
217,2124,624264,1734.0666666666666,PACE,/,,,,624217,624284,624316,624355,624399,normal
217,2125,624559,1734.8861111111112,PACE,/,,,,624522,624863,624611,624652,624693,normal
217,2126,624863,1735.7305555555556,PACE,/,,,,624822,,624864,624956,625006,normal
217,2127,625171,1736.5861111111112,PACE,/,,,,625122,625172,625179,625274,625322,normal
217,2128,625491,1737.475,PACE,/,,,,625446,625510,625552,625585,625630,normal
217,2129,625797,1738.325,PACE,/,,,,625747,625818,625852,625894,625941,normal
217,2130,626105,1739.1805555555557,PACE,/,,,,626064,626119,626156,626198,626244,normal
217,2131,626400,1740.0,PACE,/,,,,626358,626416,626452,626488,626534,normal
217,2132,626681,1740.7805555555556,PACE,/,,,,626640,626699,626735,626772,626815,normal
217,2133,626971,1741.5861111111112,PACE,/,,,,626928,626986,627033,627070,627117,normal
217,2134,627282,1742.45,PACE,/,,,,627241,627599,627339,627380,627427,normal
217,2135,627599,1743.3305555555555,PACE,/,,,,627558,,627600,627694,627742,normal
217,2136,627877,1744.1027777777779,PACE,/,,,,627864,627910,627912,628006,628057,normal
217,2137,628182,1744.95,PACE,/,,,,628164,628245,628266,628307,628351,normal
217,2138,628474,1745.7611111111112,PACE,/,,,,628458,628522,628556,628591,628634,normal
217,2139,628757,1746.5472222222222,PACE,/,,,,628746,628787,628788,628883,628927,normal
217,2140,629063,1747.3972222222221,PACE,/,,,,629051,629094,629096,629190,629234,normal
217,2141,629370,1748.25,PACE,/,,,,629352,629423,629468,629507,629556,normal
217,2142,629693,1749.1472222222221,PACE,/,,,,629683,629723,629725,629822,629873,normal
217,2143,630003,1750.0083333333334,PACE,/,,,,629993,630054,630085,630129,630178,normal
217,2144,630334,1750.9277777777777,PACE,/,,,,630296,630630,630384,630425,630469,normal
217,2145,630630,1751.75,PACE,/,,,,630591,,630631,630723,630766,normal
217,2146,630923,1752.5638888888889,PACE,/,,,,630881,630942,630982,631016,631062,normal
217,2147,631216,1753.3777777777777,PACE,/,,,,631175,631233,631272,631309,631352,normal
217,2148,631486,1754.1277777777777,PACE,/,,,,631470,631537,631560,631613,631656,normal
217,2149,631830,1755.0833333333333,PACE,/,,,,631776,631831,631838,631932,631979,normal
217,2150,632154,1755.9833333333333,PACE,/,,,,632105,632178,632219,632254,632304,normal
217,2151,632465,1756.8472222222222,PACE,/,,,,632424,632466,632472,632558,632606,normal
217,2152,632754,1757.65,PACE,/,,,,632718,632755,632757,632841,632886,normal
217,2153,633037,1758.4361111111111,PACE,/,,,,632987,633069,633091,633128,633173,normal
217,2154,633336,1759.2666666666667,PACE,/,,,,633282,633636,633390,633427,633466,normal
217,2155,633636,1760.1,PACE,/,,,,633593,,633637,633737,633785,normal
217,2156,633960,1761.0,PACE,/,,,,633916,633961,633968,634066,634118,normal
217,2157,634283,1761.8972222222221,PACE,/,,,,634242,634299,634332,634379,634423,normal
217,2158,634584,1762.7333333333333,PACE,/,,,,634541,634599,634636,634675,634719,normal
217,2159,634876,1763.5444444444445,PACE,/,,,,634836,634895,634932,634966,635010,normal
217,2160,635168,1764.3555555555556,PACE,/,,,,635129,635187,635224,635265,635308,normal
217,2161,635466,1765.1833333333334,PACE,/,,,,635424,635771,635517,635559,635608,normal
217,2162,635771,1766.0305555555556,PACE,/,,,,635729,,635772,635867,635919,normal
217,2163,636086,1766.9055555555556,PACE,/,,,,636041,636107,636150,636184,636228,normal
217,2164,636399,1767.775,PACE,/,,,,636354,636702,636453,636494,636542,normal
217,2165,636702,1768.6166666666666,PACE,/,,,,636659,,636703,636800,636846,normal
217,2166,637002,1769.45,PACE,/,,,,636960,637003,637005,637093,637137,normal
217,2167,637293,1770.2583333333334,PACE,/,,,,637254,637589,637343,637380,637427,normal
217,2168,637589,1771.0805555555555,PACE,/,,,,637542,,637591,637683,637730,normal
217,2169,637884,1771.9,PACE,/,,,,637841,637899,637946,637979,638030,normal
217,2170,638200,1772.7777777777778,PACE,/,,,,638154,638537,638261,638307,638363,normal
217,2171,638537,1773.713888888889,PACE,/,,,,638496,,638538,638632,638681,normal
217,2172,638844,1774.5666666666666,PACE,/,,,,638790,638845,638851,638937,638979,normal
217,2173,639137,1775.3805555555555,PACE,/,,,,639084,639154,639191,639227,639273,normal
217,2174,639426,1776.1833333333334,PACE,/,,,,639384,639444,639479,639516,639565,normal
217,2175,639718,1776.9944444444445,PACE,/,,,,639670,639737,639767,639809,639853,normal
217,2176,640020,1777.8333333333333,PACE,/,,,,639977,640036,640080,640118,640173,normal
217,2177,640354,1778.7611111111112,PACE,/,,,,640307,640378,640427,640458,640507,normal
217,2178,640674,1779.65,PACE,/,,,,640638,640689,640725,640771,640819,normal
217,2179,640979,1780.4972222222223,PACE,/,,,,640937,640994,641036,641074,641122,normal
217,2180,641284,1781.3444444444444,PACE,/,,,,641237,641301,641336,641374,641419,normal
217,2181,641576,1782.1555555555556,PACE,/,,,,641531,641596,641629,641664,641711,normal
217,2182,641874,1782.9833333333333,PACE,/,,,,641826,641875,641877,641970,642019,normal
217,2183,642173,1783.8138888888889,PACE,/,,,,642132,642189,642229,642268,642323,normal
217,2184,642479,1784.6638888888888,PACE,/,,,,642438,642797,642539,642577,642628,normal
217,2185,642797,1785.5472222222222,PACE,/,,,,642749,,642799,642894,642943,normal
217,2186,643107,1786.4083333333333,PACE,/,,,,643061,643108,643110,643202,643251,normal
217,2187,643409,1787.2472222222223,PACE,/,,,,643355,643424,643466,643502,643542,normal
217,2188,643697,1788.0472222222222,PACE,/,,,,643656,643713,643751,643788,643838,normal
217,2189,643986,1788.85,PACE,/,,,,643949,644005,644043,644076,644122,normal
217,2190,644278,1789.661111111111,PACE,/,,,,644237,644294,644332,644375,644423,normal
217,2191,644602,1790.5611111111111,PACE,/,,,,644555,644618,644666,644705,644752,normal
217,2192,644922,1791.45,PACE,/,,,,644879,644944,644975,645021,645066,normal
217,2193,645228,1792.3,PACE,/,,,,645185,645243,645283,645320,645371,normal
217,2194,645528,1793.1333333333334,PACE,/,,,,645491,645549,645584,645620,645666,normal
217,2195,645822,1793.95,PACE,/,,,,645779,645837,645867,645908,645948,normal
217,2196,646108,1794.7444444444445,PACE,/,,,,646067,646122,646165,646203,646252,normal
217,2197,646414,1795.5944444444444,PACE,/,,,,646361,646415,646430,646514,646563,normal
217,2198,646725,1796.4583333333333,PACE,/,,,,646684,646746,646786,646822,646870,normal
217,2199,647044,1797.3444444444444,PACE,/,,,,646997,647345,647104,647137,647184,normal
217,2200,647345,1798.1805555555557,PACE,/,,,,647296,,647348,647444,647490,normal
217,2201,647652,1799.0333333333333,PACE,/,,,,647603,647671,647704,647746,647793,normal
217,2202,647946,1799.85,PACE,/,,,,647897,647962,647999,648036,648082,normal
217,2203,648238,1800.661111111111,PACE,/,,,,648197,648256,648284,648326,648368,normal
217,2204,648527,1801.463888888889,PACE,/,,,,648491,648547,648575,648617,648661,normal
217,2205,648831,1802.3083333333334,PACE,/,,,,648784,648850,648891,648927,648971,normal
217,2206,649139,1803.1638888888888,PACE,/,,,,649097,649140,649142,649242,649289,normal
217,2207,649451,1804.0305555555556,PACE,/,,,,649408,649473,649512,649551,649595,normal
