record,beat_number,qrs_sample,qrs_seconds,qrs_annotation,qrs_symbol,p_onset_sample,p_peak_sample,p_offset_sample,qrs_onset_sample,qrs_offset_sample,t_onset_sample,t_peak_sample,t_offset_sample,t_wave_type
228,1,159,0.44166666666666665,NORMAL,N,58,75,90,130,169,242,301,328,inverted
228,2,432,1.2,NORMAL,N,342,375,391,394,442,461,514,549,normal
228,3,725,2.013888888888889,NORMAL,N,628,665,678,687,736,767,820,897,normal
228,4,1060,2.9444444444444446,NORMAL,N,957,997,1015,1033,1079,1163,1236,1262,inverted
228,5,1365,3.7916666666666665,NORMAL,N,1268,1305,1320,1329,1376,1418,1526,1560,biphasic_positive_negative
228,6,1651,4.586111111111111,NORMAL,N,1566,1596,1616,1618,1661,1734,1809,1838,inverted
228,7,1935,5.375,NORMAL,N,1844,1876,1899,1911,1945,2024,2101,2126,inverted
228,8,2222,6.1722222222222225,NORMAL,N,2132,2166,2182,2189,2232,2311,2371,2400,inverted
228,9,2499,6.941666666666666,NORMAL,N,2405,2445,2457,2460,2509,2540,2675,2696,biphasic_positive_negative
228,10,2792,7.7555555555555555,NORMAL,N,2701,2734,2752,2767,2802,2822,2956,2985,biphasic_positive_negative
228,11,3094,8.594444444444445,NORMAL,N,2992,3034,3049,3058,3104,3283,3249,3214,normal
228,12,3402,9.45,NORMAL,N,3303,3342,3356,3366,3412,3461,3570,3598,biphasic_positive_negative
228,13,3693,10.258333333333333,NORMAL,N,3604,3637,3657,3668,3703,3730,3873,3891,biphasic_positive_negative
228,14,3986,11.072222222222223,NORMAL,N,3898,3931,3949,3951,3996,4078,4149,4178,inverted
228,15,4275,11.875,NORMAL,N,4184,4218,4243,4251,4284,4362,4434,4451,inverted
228,16,4542,12.616666666666667,NORMAL,N,4457,4489,4503,4508,4550,4585,4624,4691,normal
228,17,4820,13.38888888888889,NORMAL,N,4714,4727,4759,4782,4829,4846,4972,4981,biphasic_positive_negative
228,18,5103,14.175,NORMAL,N,4997,5008,5026,5059,5128,5149,5194,5252,normal
228,19,5441,15.113888888888889,NORMAL,N,5332,5374,5396,5411,5453,5593,5622,5643,biphasic_positive_negative
228,20,5781,16.058333333333334,NORMAL,N,5680,5719,5738,5756,5794,,,,
228,21,6087,16.908333333333335,NORMAL,N,5992,6024,6044,6050,6104,6139,6175,6207,normal
228,22,6299,17.497222222222224,PVC,V,,,,6272,6314,6339,6359,6415,inverted
228,23,6635,18.430555555555557,NORMAL,N,6533,6547,6563,6602,6643,,6659,6710,positive_monophasic
228,24,6823,18.95277777777778,PVC,V,6727,6753,6791,6795,6839,6853,6876,6962,inverted
228,25,7196,19.988888888888887,NORMAL,N,7086,7098,7117,7158,7206,,7230,7289,positive_monophasic
228,26,7415,20.59722222222222,PVC,V,,,,7384,7432,7461,7491,7567,inverted
228,27,7825,21.73611111111111,NORMAL,N,7727,7767,7785,7799,7835,,7851,7902,positive_monophasic
228,28,8027,22.29722222222222,PVC,V,7910,7915,7942,7998,8044,,,,
228,29,8394,23.316666666666666,NORMAL,N,8307,8341,8355,8366,8403,,8417,8473,positive_monophasic
228,30,8583,23.841666666666665,PVC,V,,,,8555,8597,8623,8644,8708,inverted
228,31,8931,24.808333333333334,NORMAL,N,8826,8838,8864,8905,8941,,8948,9017,positive_monophasic
228,32,9131,25.363888888888887,PVC,V,,,,9103,9146,9174,9192,9275,inverted
228,33,9503,26.397222222222222,NORMAL,N,9410,9444,9467,9478,9514,9553,9571,9590,normal
228,34,9710,26.97222222222222,PVC,V,9592,9595,9630,9681,9727,9758,9785,9858,inverted
228,35,10097,28.04722222222222,NORMAL,N,10011,10046,10062,10074,10108,,10114,10151,positive_monophasic
228,36,10307,28.630555555555556,PVC,V,,,,10278,10321,10347,10370,10449,inverted
228,37,10655,29.59722222222222,NORMAL,N,10568,10601,10619,10633,10665,10700,10742,10774,normal
228,38,10844,30.122222222222224,PVC,V,10778,10787,10811,10816,10859,10885,10994,11012,biphasic_negative_positive
228,39,11199,31.108333333333334,NORMAL,N,11096,11111,11128,11175,11208,11237,11278,11317,normal
228,40,11393,31.647222222222222,PVC,V,11323,11330,11340,11356,11410,11438,11467,11545,inverted
228,41,11776,32.71111111111111,NORMAL,N,11683,11722,11736,11752,11786,11811,11825,11859,normal
228,42,11992,33.31111111111111,PVC,V,11875,11893,11916,11960,12009,12053,12066,12135,inverted
228,43,12403,34.452777777777776,NORMAL,N,12300,12335,12354,12376,12414,12513,12587,12612,inverted
228,44,12712,35.31111111111111,NORMAL,N,12618,12654,12668,12677,12723,12805,12873,12911,inverted
228,45,13012,36.144444444444446,NORMAL,N,12917,12952,12969,12975,13022,13101,13174,13191,inverted
228,46,13286,36.90555555555556,NORMAL,N,13195,13228,13249,13263,13298,13378,13448,13476,inverted
228,47,13573,37.702777777777776,NORMAL,N,13481,13512,13530,13536,13584,13672,13767,13784,inverted
228,48,13896,38.6,NORMAL,N,13837,13864,13875,13878,13907,13950,13994,14044,normal
228,49,14236,39.544444444444444,NORMAL,N,14143,14166,14189,14208,14250,14288,14436,14456,biphasic_positive_negative
228,50,14567,40.46388888888889,NORMAL,N,14461,14501,14525,14549,14580,14614,14770,14790,biphasic_positive_negative
228,51,14897,41.38055555555555,NORMAL,N,14796,14831,14852,14862,14908,14991,15067,15091,inverted
228,52,15190,42.19444444444444,NORMAL,N,15097,15130,15150,15165,15200,15219,15354,15373,biphasic_positive_negative
228,53,15465,42.958333333333336,NORMAL,N,15378,15410,15428,15441,15474,15553,15627,15654,inverted
228,54,15756,43.766666666666666,NORMAL,N,15695,15702,15711,15725,15765,15793,15805,15842,inverted
228,55,16105,44.736111111111114,NORMAL,N,16011,16029,16048,16075,16150,16172,16258,16309,normal
228,56,16477,45.769444444444446,NORMAL,N,16396,16404,16414,16445,16489,16559,16580,16620,normal
228,57,16823,46.730555555555554,NORMAL,N,16724,16757,16786,16806,16833,16980,16995,17010,normal
228,58,17113,47.53611111111111,NORMAL,N,17060,17070,17083,17094,17123,17205,17278,17299,inverted
228,59,17393,48.31388888888889,NORMAL,N,17305,17336,17352,17370,17403,17489,17564,17585,inverted
228,60,17679,49.108333333333334,NORMAL,N,17591,17624,17644,17647,17690,17775,17827,17884,inverted
228,61,17995,49.986111111111114,NORMAL,N,17890,17925,17953,17967,18006,18045,18204,18232,biphasic_positive_negative
228,62,18361,51.00277777777778,NORMAL,N,18236,18286,18300,18319,18373,18406,18482,18530,normal
228,63,18690,51.916666666666664,PVC,V,18584,18597,18628,18634,18718,18719,18778,18894,normal
228,64,19124,53.12222222222222,NORMAL,N,19020,19060,19076,19087,19137,19169,19206,19260,normal
228,65,19408,53.91111111111111,NORMAL,N,19320,19352,19368,19383,19418,19450,19487,19522,normal
228,66,19694,54.705555555555556,NORMAL,N,19602,19638,19652,19669,19703,19748,19777,19823,normal
228,67,19918,55.327777777777776,PVC,V,,,,19876,19963,19977,20018,20066,normal
228,68,20157,55.99166666666667,PVC,V,,,,20122,20192,20196,20331,20338,biphasic_negative_positive
228,69,20749,57.63611111111111,NORMAL,N,20640,20681,20700,20724,20761,20807,20862,20912,normal
228,70,21121,58.669444444444444,NORMAL,N,21039,21050,21065,21091,21134,21169,21307,21335,biphasic_positive_negative
228,71,21437,59.547222222222224,NORMAL,N,21340,21376,21403,21413,21448,21605,21579,21552,normal
228,72,21708,60.3,NORMAL,N,21608,21620,21631,21676,21718,21802,21872,21903,inverted
228,73,21998,61.105555555555554,NORMAL,N,21909,21943,21960,21975,22008,22046,22180,22200,biphasic_positive_negative
228,74,22306,61.96111111111111,NORMAL,N,22231,22252,22267,22281,22318,22361,22505,22521,biphasic_positive_negative
228,75,22627,62.852777777777774,NORMAL,N,22541,22553,22567,22608,22637,22677,22704,22731,normal
228,76,22875,63.541666666666664,PVC,V,22782,22806,22816,22828,22919,22934,23097,23107,biphasic_positive_negative
228,77,23284,64.67777777777778,NORMAL,N,23169,23216,23232,23244,23296,23392,23481,23501,inverted
228,78,23601,65.55833333333334,NORMAL,N,23508,23543,23564,23577,23612,23649,23764,23799,biphasic_positive_negative
228,79,23891,66.3638888888889,NORMAL,N,23804,23836,23849,23855,23901,,23909,23971,positive_monophasic
228,80,24077,66.88055555555556,PVC,V,,,,24047,24092,24169,24201,24215,normal
228,81,24472,67.97777777777777,NORMAL,N,24367,24376,24404,24445,24481,,24520,24560,positive_monophasic
228,82,24692,68.58888888888889,PVC,V,24582,24606,24645,24650,24736,24757,24782,24848,normal
228,83,25110,69.75,NORMAL,N,25013,25051,25073,25084,25120,25206,25286,25311,inverted
228,84,25421,70.6138888888889,NORMAL,N,25319,25355,25369,25394,25432,25451,25602,25632,biphasic_positive_negative
228,85,25734,71.48333333333333,NORMAL,N,25638,25675,25685,25701,25744,25830,25901,25930,inverted
228,86,26021,72.28055555555555,NORMAL,N,25935,25967,25980,25991,26029,26104,26177,26204,inverted
228,87,26302,73.06111111111112,NORMAL,N,26210,26245,26260,26279,26312,26391,26464,26488,inverted
228,88,26584,73.84444444444445,NORMAL,N,26493,26528,26545,26560,26595,26628,26757,26782,biphasic_positive_negative
228,89,26886,74.68333333333334,NORMAL,N,26788,26821,26841,26851,26897,26946,27074,27108,biphasic_positive_negative
228,90,27223,75.61944444444444,NORMAL,N,27117,27158,27171,27182,27236,,,,
228,91,27556,76.54444444444445,NORMAL,N,27452,27493,27506,27516,27567,27587,27751,27783,biphasic_positive_negative
228,92,27889,77.46944444444445,NORMAL,N,27789,27825,27851,27856,27899,27979,28044,28077,inverted
228,93,28169,78.24722222222222,NORMAL,N,28082,28113,28132,28138,28179,28251,28333,28353,inverted
228,94,28451,79.03055555555555,NORMAL,N,28359,28393,28410,28427,28461,28488,28614,28642,biphasic_positive_negative
228,95,28735,79.81944444444444,NORMAL,N,28648,28679,28698,28706,28746,,,,
228,96,29035,80.65277777777777,NORMAL,N,28945,28975,28996,29011,29045,29053,29219,29245,biphasic_positive_negative
228,97,29352,81.53333333333333,NORMAL,N,29254,29290,29310,29327,29364,29448,29526,29556,inverted
228,98,29658,82.38333333333334,NORMAL,N,29561,29597,29619,29633,29668,29708,29747,29793,normal
228,99,29885,83.01388888888889,PVC,V,,,,29834,29927,29946,29969,30035,normal
228,100,30245,84.01388888888889,NORMAL,N,30142,30155,30174,30214,30254,30331,30411,30432,inverted
228,101,30533,84.81388888888888,NORMAL,N,30438,30476,30499,30508,30544,30626,30665,30678,inverted
228,102,30828,85.63333333333334,NORMAL,N,30740,30770,30789,30804,30872,30980,31004,31030,inverted
228,103,31127,86.46388888888889,NORMAL,N,31035,31067,31088,31102,31137,31222,31286,31326,inverted
228,104,31432,87.31111111111112,NORMAL,N,31332,31366,31392,31406,31441,,,,
228,105,31735,88.15277777777777,NORMAL,N,31641,31672,31701,31712,31746,,31768,31816,positive_monophasic
228,106,31941,88.725,PVC,V,31836,31883,31888,31913,31956,31988,32008,32057,inverted
228,107,32328,89.8,NORMAL,N,32220,32234,32250,32298,32337,32350,32375,32398,normal
228,108,32524,90.34444444444445,PVC,V,32401,32408,32442,32485,32570,32585,32599,32675,normal
228,109,32889,91.35833333333333,NORMAL,N,32802,32833,32855,32866,32898,33020,33050,33086,inverted
228,110,33181,92.16944444444445,NORMAL,N,33093,33124,33143,33146,33190,33220,33355,33379,biphasic_positive_negative
228,111,33479,92.99722222222222,NORMAL,N,33387,33420,33441,33455,33490,,33525,33568,positive_monophasic
228,112,33679,93.55277777777778,PVC,V,33584,33616,33623,33648,33743,33771,33850,33882,normal
228,113,34116,94.76666666666667,NORMAL,N,34007,34016,34035,34082,34128,34188,34209,34252,normal
228,114,34333,95.36944444444444,PVC,V,,,,34301,34350,34372,34402,34490,inverted
228,115,34721,96.44722222222222,NORMAL,N,34620,34632,34649,34698,34731,34765,34769,34795,inverted
228,116,34909,96.96944444444445,PVC,V,,,,34875,34924,34956,34973,35031,inverted
228,117,35290,98.02777777777777,NORMAL,N,35177,35193,35211,35255,35301,,35328,35376,positive_monophasic
228,118,35500,98.61111111111111,PVC,V,35377,35379,35417,35467,35518,35553,35578,35645,inverted
228,119,35936,99.82222222222222,NORMAL,N,35830,35871,35888,35906,35948,35962,36044,36101,normal
228,120,36183,100.50833333333334,PVC,V,,,,36150,36201,36238,36261,36335,inverted
228,121,36597,101.65833333333333,NORMAL,N,36508,36537,36563,36569,36608,36686,36698,36714,normal
228,122,36806,102.2388888888889,PVC,V,36746,36755,36768,36769,36821,36844,36869,36928,inverted
228,123,37182,103.28333333333333,NORMAL,N,37065,37079,37099,37144,37193,37250,37271,37330,normal
228,124,37415,103.93055555555556,PVC,V,,,,37381,37434,37477,37506,37579,inverted
228,125,37881,105.225,NORMAL,N,37763,37812,37825,37851,37892,37933,37984,38033,normal
228,126,38143,105.95277777777778,PVC,V,,,,38087,38191,38229,38319,38327,biphasic_negative_positive
228,127,38589,107.19166666666666,NORMAL,N,38484,38529,38540,38554,38600,38611,38682,38719,normal
228,128,38801,107.78055555555555,PVC,V,,,,38769,38818,38850,38878,38944,inverted
228,129,39170,108.80555555555556,NORMAL,N,39066,39079,39095,39146,39180,,39224,39256,positive_monophasic
228,130,39371,109.3638888888889,PVC,V,39291,39299,39336,39344,39403,39440,39475,39524,inverted
228,131,39837,110.65833333333333,NORMAL,N,39716,39765,39779,39806,39852,39918,39958,39996,normal
228,132,40108,111.41111111111111,PVC,V,,,,40070,40128,40165,40219,40279,inverted
228,133,40568,112.68888888888888,NORMAL,N,40508,40520,40533,40541,40578,40619,40670,40717,normal
228,134,40807,113.35277777777777,PVC,V,,,,40751,40847,40875,40912,40934,inverted
228,135,41218,114.49444444444444,NORMAL,N,41109,41153,41169,41179,41229,41279,41324,41398,normal
228,136,41562,115.45,NORMAL,N,41450,41494,41509,41532,41576,41612,41674,41730,normal
228,137,41997,116.65833333333333,NORMAL,N,41868,41900,41918,41963,42014,42088,42137,42183,normal
228,138,42408,117.8,NORMAL,N,42335,42348,42358,42380,42420,42465,42509,42582,normal
228,139,42761,118.78055555555555,NORMAL,N,42660,42696,42719,42733,42773,42872,42953,42982,inverted
228,140,43084,119.67777777777778,NORMAL,N,42987,43026,43041,43047,43093,43135,43249,43280,biphasic_positive_negative
228,141,43389,120.525,NORMAL,N,43287,43322,43343,43350,43400,43488,43572,43596,inverted
228,142,43702,121.39444444444445,NORMAL,N,43602,43634,43656,43675,43713,43741,43809,43857,normal
228,143,44075,122.43055555555556,NORMAL,N,43926,43949,43969,44033,44088,44160,44188,44252,normal
228,144,44467,123.51944444444445,NORMAL,N,44376,44395,44412,44440,44480,44519,44664,44700,biphasic_positive_negative
228,145,44807,124.46388888888889,NORMAL,N,44705,44743,44760,44770,44817,44829,44976,45009,biphasic_positive_negative
228,146,45112,125.31111111111112,NORMAL,N,45014,45048,45075,45089,45123,45148,45284,45313,biphasic_positive_negative
228,147,45416,126.15555555555555,NORMAL,N,45318,45356,45373,45384,45426,45516,45601,45624,inverted
228,148,45733,127.03611111111111,NORMAL,N,45630,45667,45684,45693,45746,45772,45925,45947,biphasic_positive_negative
228,149,46055,127.93055555555556,NORMAL,N,45954,45992,46010,46029,46065,46105,46251,46275,biphasic_positive_negative
228,150,46398,128.88333333333333,NORMAL,N,,,,46370,46411,46453,46501,46540,normal
228,151,46642,129.5611111111111,PVC,V,46548,46559,46564,46614,46674,46714,46862,46867,biphasic_negative_positive
228,152,47069,130.74722222222223,NORMAL,N,46974,47014,47028,47041,47078,,47117,47151,positive_monophasic
228,153,47276,131.32222222222222,PVC,V,47160,47167,47188,47247,47293,47357,47429,47442,normal
228,154,47648,132.35555555555555,NORMAL,N,47554,47586,47605,47622,47657,47702,47728,47778,normal
228,155,47878,132.99444444444444,PVC,V,47792,47806,47811,47826,47922,47936,47970,48031,normal
228,156,48257,134.04722222222222,NORMAL,N,48160,48196,48212,48229,48267,48353,48405,48462,inverted
228,157,48567,134.90833333333333,NORMAL,N,48466,48481,48516,48537,48625,48771,48790,48806,normal
228,158,48900,135.83333333333334,NORMAL,N,,,,48863,48941,48971,49095,49116,biphasic_positive_negative
228,159,49220,136.72222222222223,NORMAL,N,49121,49132,49138,49195,49230,49314,49367,49418,inverted
228,160,49519,137.55277777777778,NORMAL,N,49422,49460,49472,49496,49529,49566,49672,49679,biphasic_positive_negative
228,161,49790,138.30555555555554,NORMAL,N,49706,49737,49752,49769,49799,49825,49958,49975,biphasic_positive_negative
228,162,50074,139.09444444444443,NORMAL,N,49983,50016,50029,50050,50086,50174,50249,50278,inverted
228,163,50374,139.92777777777778,NORMAL,N,50284,50312,50339,50346,50384,50459,50537,50563,inverted
228,164,50671,140.75277777777777,NORMAL,N,,,,50647,50682,50720,50868,50885,biphasic_positive_negative
228,165,50995,141.65277777777777,NORMAL,N,50891,50926,50943,50967,51006,,,,
228,166,51314,142.5388888888889,NORMAL,N,51215,51252,51276,51288,51324,51369,51483,51514,biphasic_positive_negative
228,167,51614,143.37222222222223,NORMAL,N,51519,51555,51571,51580,51625,51649,51703,51776,normal
228,168,51885,144.125,NORMAL,N,51785,51796,51815,51862,51894,51925,51961,51995,normal
228,169,52084,144.67777777777778,PVC,V,,,,52054,52118,52121,52150,52213,inverted
228,170,52479,145.775,NORMAL,N,52377,52417,52434,52440,52490,,52514,52564,positive_monophasic
228,171,52690,146.36111111111111,PVC,V,52568,52569,52612,52659,52706,52741,52758,52836,inverted
228,172,53114,147.5388888888889,NORMAL,N,53022,53052,53067,53096,53126,53180,53205,53232,normal
228,173,53319,148.10833333333332,PVC,V,,,,53289,53336,53375,53392,53461,inverted
228,174,53724,149.23333333333332,NORMAL,N,53629,53659,53679,53699,53770,53784,53897,53918,biphasic_positive_negative
228,175,54008,150.0222222222222,NORMAL,N,53922,53954,53970,53974,54018,54057,54075,54090,normal
228,176,54294,150.81666666666666,NORMAL,N,54188,54201,54220,54260,54305,54334,54378,54432,normal
228,177,54519,151.44166666666666,PVC,V,,,,54485,54539,54567,54597,54674,inverted
228,178,54936,152.6,NORMAL,N,54838,54876,54892,54911,54946,54959,55032,55085,normal
228,179,55259,153.49722222222223,NORMAL,N,55162,55197,55214,55233,55271,55295,55345,55394,normal
228,180,55563,154.34166666666667,NORMAL,N,55467,55504,55522,55539,55580,55609,55644,55703,normal
228,181,55875,155.20833333333334,NORMAL,N,55778,55813,55831,55851,55886,55905,55967,56017,normal
228,182,56180,156.05555555555554,NORMAL,N,56089,56127,56140,56154,56190,56210,56258,56296,normal
228,183,56387,156.63055555555556,PVC,V,56301,56322,56348,56357,56417,56426,56453,56519,inverted
228,184,56744,157.62222222222223,NORMAL,N,56642,56653,56671,56711,56755,56796,56836,56903,normal
228,185,57026,158.40555555555557,NORMAL,N,56926,56940,56954,56996,57036,57068,57103,57142,normal
228,186,57316,159.2111111111111,NORMAL,N,57220,57254,57282,57290,57325,57357,57468,57483,biphasic_positive_negative
228,187,57606,160.01666666666668,NORMAL,N,57510,57546,57561,57581,57615,57664,57696,57724,normal
228,188,57830,160.63888888888889,PVC,V,,,,57789,57844,57874,57898,57951,inverted
228,189,58189,161.63611111111112,NORMAL,N,58102,58109,58151,58166,58197,58250,58259,58349,normal
228,190,58457,162.38055555555556,NORMAL,N,58373,58402,58423,58434,58468,58477,58545,58561,normal
228,191,58723,163.11944444444444,NORMAL,N,58624,58633,58668,58697,58768,,58790,58820,negative_monophasic
228,192,58928,163.6888888888889,PVC,V,58849,58858,58867,58884,58961,58965,59000,59083,inverted
228,193,59328,164.8,NORMAL,N,59221,59265,59279,59297,59356,59359,59478,59487,biphasic_positive_negative
228,194,59661,165.725,NORMAL,N,59541,59554,59576,59643,59672,59686,59742,59839,normal
228,195,59989,166.63611111111112,NORMAL,N,59866,59887,59903,59953,59999,60023,60163,60177,biphasic_positive_negative
228,196,60280,167.44444444444446,NORMAL,N,60185,60213,60241,60254,60289,60309,60349,60422,normal
228,197,60555,168.20833333333334,NORMAL,N,60453,60468,60477,60530,60598,60607,60633,60664,normal
228,198,60748,168.74444444444444,PVC,V,60673,60684,60707,60721,60762,,60792,60895,positive_monophasic
228,199,61099,169.71944444444443,NORMAL,N,,,,61090,61125,61179,61207,61263,normal
228,200,61338,170.38333333333333,PVC,V,,,,61304,61354,,61440,61515,positive_monophasic
228,201,61769,171.58055555555555,NORMAL,N,61681,61726,61741,61760,61797,61835,61888,61935,normal
228,202,62124,172.56666666666666,NORMAL,N,62064,62091,62102,62105,62136,62156,62208,62302,normal
228,203,62412,173.36666666666667,NORMAL,N,62334,62373,62387,62400,62436,,62484,62508,positive_monophasic
228,204,62632,173.9777777777778,NORMAL,N,,,,62616,62644,62692,62703,62737,normal
228,205,62993,174.98055555555555,NORMAL,N,62898,62926,62958,62972,63003,63048,63062,63171,normal
228,206,63279,175.775,NORMAL,N,63195,63237,63256,63271,63320,63345,63417,63441,normal
228,207,63673,176.86944444444444,NORMAL,N,63583,63600,63628,63642,63685,63714,63873,63889,biphasic_positive_negative
228,208,63986,177.73888888888888,NORMAL,N,63896,63932,63954,63976,64025,,64055,64090,positive_monophasic
228,209,64328,178.6888888888889,NORMAL,N,64268,64272,64291,64297,64340,64389,64418,64448,normal
228,210,64621,179.50277777777777,NORMAL,N,64525,64541,64556,64581,64684,64705,64744,64755,biphasic_positive_negative
228,211,64925,180.34722222222223,NORMAL,N,64817,64838,64861,64888,64937,64983,65088,65113,biphasic_positive_negative
228,212,65222,181.17222222222222,NORMAL,N,65122,65155,65181,65193,65234,65283,65430,65456,biphasic_positive_negative
228,213,65572,182.14444444444445,NORMAL,N,65462,65511,65526,65534,65583,65649,65667,65720,normal
228,214,65865,182.95833333333334,PVC,V,65767,65776,65814,65829,65891,65920,65953,66023,inverted
228,215,66265,184.06944444444446,NORMAL,N,66162,66205,66218,66229,66278,66447,66470,66491,inverted
228,216,66601,185.00277777777777,NORMAL,N,66519,66535,66562,66571,66610,66662,66697,66779,normal
228,217,66919,185.88611111111112,NORMAL,N,66821,66860,66874,66895,66929,66962,67003,67060,normal
228,218,67213,186.70277777777778,NORMAL,N,67120,67154,67170,67188,67223,67311,67345,67424,inverted
228,219,67530,187.58333333333334,NORMAL,N,67429,67434,67490,67502,67542,67627,67716,67750,inverted
228,220,67871,188.53055555555557,NORMAL,N,67777,67798,67828,67844,67884,67938,68061,68073,biphasic_positive_negative
228,221,68232,189.53333333333333,NORMAL,N,68090,68121,68141,68201,68264,68338,68412,68436,inverted
228,222,68545,190.40277777777777,NORMAL,N,68443,68475,68504,68510,68558,68632,68649,68692,normal
228,223,68863,191.2861111111111,NORMAL,N,68787,68805,68832,68836,68903,68925,68954,69004,inverted
228,224,69159,192.10833333333332,NORMAL,N,69053,69078,69098,69126,69185,69214,69264,69321,normal
228,225,69446,192.90555555555557,NORMAL,N,69330,69358,69372,69409,69454,69476,69528,69573,normal
228,226,69670,193.52777777777777,PVC,V,69585,69593,69617,69627,69711,69728,69857,69867,biphasic_positive_negative
228,227,70062,194.61666666666667,NORMAL,N,69962,69995,70018,70035,70074,70107,70272,70291,biphasic_positive_negative
228,228,70411,195.5861111111111,NORMAL,N,,,,70382,70422,70450,70603,70637,biphasic_positive_negative
228,229,70750,196.52777777777777,NORMAL,N,70644,70688,70701,70722,70761,70904,70930,70955,inverted
228,230,71060,197.38888888888889,NORMAL,N,70974,70998,71024,71025,71069,71107,71146,71179,normal
228,231,71335,198.15277777777777,NORMAL,N,71250,71284,71302,71311,71344,71362,71503,71517,biphasic_positive_negative
228,232,71612,198.92222222222222,NORMAL,N,71524,71556,71570,71575,71633,71658,71688,71696,biphasic_positive_negative
228,233,71914,199.76111111111112,NORMAL,N,71816,71852,71865,71883,71925,72009,72052,72105,inverted
228,234,72210,200.58333333333334,NORMAL,N,72111,72150,72166,72181,72222,72271,72295,72344,normal
228,235,72475,201.31944444444446,PVC,V,72376,72389,72427,72442,72518,72547,72651,72671,biphasic_negative_positive
228,236,72874,202.42777777777778,NORMAL,N,72772,72812,72829,72847,72886,72977,73046,73077,inverted
228,237,73178,203.2722222222222,NORMAL,N,73082,73117,73133,73140,73189,73271,73336,73365,inverted
228,238,73457,204.04722222222222,NORMAL,N,73370,73403,73419,73433,73466,73487,73613,73633,biphasic_positive_negative
228,239,73729,204.80277777777778,NORMAL,N,73638,73675,73693,73705,73739,73822,73896,73924,inverted
228,240,74030,205.63888888888889,NORMAL,N,73930,73968,73993,74000,74041,74076,74210,74242,biphasic_positive_negative
228,241,74350,206.52777777777777,NORMAL,N,74250,74286,74310,74323,74362,74407,74533,74578,biphasic_positive_negative
228,242,74703,207.50833333333333,NORMAL,N,74587,74632,74649,74662,74716,74773,74811,74876,normal
228,243,74971,208.25277777777777,PVC,V,,,,74919,75011,75026,75060,75133,normal
228,244,75348,209.3,NORMAL,N,75255,75290,75309,75325,75359,,,,
228,245,75631,210.0861111111111,NORMAL,N,75530,75544,75562,75607,75641,75713,75781,75812,inverted
228,246,75911,210.86388888888888,NORMAL,N,75818,75855,75871,75886,75921,75947,76080,76103,biphasic_positive_negative
228,247,76205,211.68055555555554,NORMAL,N,76109,76142,76161,76177,76216,76223,76389,76428,biphasic_positive_negative
228,248,76540,212.61111111111111,NORMAL,N,76434,76479,76494,76514,76552,76603,76733,76769,biphasic_positive_negative
228,249,76885,213.56944444444446,NORMAL,N,76776,76816,76837,76856,76897,76988,77048,77106,inverted
228,250,77210,214.47222222222223,NORMAL,N,77113,77152,77172,77181,77222,77238,77314,77357,normal
228,251,77516,215.32222222222222,NORMAL,N,77423,77450,77471,77483,77526,77557,77598,77636,normal
228,252,77801,216.11388888888888,NORMAL,N,77720,77759,77760,77793,77823,77848,77891,77922,biphasic_negative_positive
228,253,78010,216.69444444444446,PVC,V,,,,77981,78055,78059,78132,78169,biphasic_negative_positive
228,254,78388,217.74444444444444,NORMAL,N,78322,78335,78349,78365,78399,78440,78455,78471,normal
228,255,78589,218.30277777777778,PVC,V,78488,78519,78528,78557,78606,78621,78730,78768,biphasic_negative_positive
228,256,79000,219.44444444444446,NORMAL,N,78903,78936,78954,78967,79012,,,,
228,257,79309,220.30277777777778,NORMAL,N,79210,79247,79263,79279,79319,79349,79492,79512,biphasic_positive_negative
228,258,79613,221.1472222222222,NORMAL,N,79515,79543,79562,79579,79624,,79643,79695,positive_monophasic
228,259,79807,221.6861111111111,PVC,V,79701,79757,79764,79773,79832,79875,79887,79934,inverted
228,260,80149,222.63611111111112,NORMAL,N,80055,80072,80111,80138,80214,80229,80278,80295,inverted
228,261,80439,223.44166666666666,NORMAL,N,80363,80385,80412,80424,80450,80466,80512,80569,normal
228,262,80723,224.23055555555555,NORMAL,N,80629,80658,80689,80698,80735,80821,80873,80935,inverted
228,263,81042,225.11666666666667,NORMAL,N,80943,80978,81003,81015,81054,81082,81245,81270,biphasic_positive_negative
228,264,81389,226.08055555555555,NORMAL,N,,,,81361,81414,81432,81602,81620,biphasic_positive_negative
228,265,81727,227.01944444444445,NORMAL,N,,,,81701,81737,81758,81808,81882,normal
228,266,82008,227.8,NORMAL,N,81917,81950,81967,81970,82019,82040,82086,82124,normal
228,267,82271,228.53055555555557,NORMAL,N,82208,82220,82237,82252,82282,82296,82352,82393,normal
228,268,82467,229.075,PVC,V,,,,82438,82483,82513,82533,82587,inverted
228,269,82857,230.15833333333333,NORMAL,N,82733,82752,82785,82813,82869,,82874,82949,positive_monophasic
228,270,83079,230.775,PVC,V,82955,82998,83001,83047,83098,83132,83157,83235,inverted
228,271,83524,232.01111111111112,NORMAL,N,83442,83454,83484,83506,83535,83566,83611,83697,normal
228,272,83867,232.9638888888889,NORMAL,N,83741,83756,83798,83840,83878,83965,84031,84064,inverted
228,273,84156,233.76666666666668,NORMAL,N,,,,84116,84167,84233,84272,84334,inverted
228,274,84427,234.51944444444445,NORMAL,N,84338,84371,84388,84389,84437,84514,84586,84625,inverted
228,275,84737,235.38055555555556,NORMAL,N,84633,84668,84687,84710,84749,84778,84817,84868,normal
228,276,84968,236.0222222222222,PVC,V,,,,84927,85014,85023,85063,85122,normal
228,277,85403,237.23055555555555,NORMAL,N,85311,85345,85357,85368,85413,85444,85549,85559,biphasic_positive_negative
228,278,85714,238.09444444444443,NORMAL,N,85595,85619,85640,85667,85724,85766,85790,85869,normal
228,279,85976,238.82222222222222,NORMAL,N,85911,85925,85944,85947,86048,86092,86171,86182,biphasic_positive_negative
228,280,86316,239.76666666666668,NORMAL,N,86214,86226,86250,86288,86368,86381,86397,86429,normal
228,281,86534,240.37222222222223,NORMAL,N,86479,86492,86517,86519,86604,86673,86725,86775,inverted
228,282,86880,241.33333333333334,NORMAL,N,86805,86812,86823,86832,86952,86971,86977,87007,normal
228,283,87116,241.98888888888888,NORMAL,N,87014,87023,87028,87089,87197,87214,87325,87333,biphasic_positive_negative
228,284,87530,243.13888888888889,NORMAL,N,87449,87459,87471,87500,87570,87615,87625,87679,normal
228,285,87795,243.875,NORMAL,N,87703,87716,87740,87782,87861,87936,87949,87963,normal
228,286,88223,245.0638888888889,NORMAL,N,88106,88132,88159,88181,88258,88303,88335,88383,normal
228,287,88521,245.89166666666668,NORMAL,N,88462,88474,88485,88510,88593,88607,88750,88779,biphasic_positive_negative
228,288,88883,246.8972222222222,NORMAL,N,88782,88821,88846,88864,88898,88929,89058,89087,biphasic_positive_negative
228,289,89191,247.75277777777777,NORMAL,N,89092,89127,89148,89153,89202,89299,89375,89411,inverted
228,290,89525,248.68055555555554,NORMAL,N,89435,89453,89474,89482,89541,89589,89731,89742,biphasic_positive_negative
228,291,89879,249.6638888888889,NORMAL,N,89792,89814,89825,89858,89892,89996,90043,90099,inverted
228,292,90222,250.61666666666667,NORMAL,N,90133,90146,90164,90191,90235,90303,90315,90370,normal
228,293,90504,251.4,PVC,V,90397,90408,90417,90441,90534,90544,90609,90704,normal
228,294,90926,252.57222222222222,NORMAL,N,90845,90870,90883,90906,90972,91033,91105,91129,inverted
228,295,91233,253.425,NORMAL,N,91133,91159,91182,91193,91243,91305,91363,91371,biphasic_positive_negative
228,296,91543,254.2861111111111,NORMAL,N,91463,91474,91496,91508,91557,91609,91631,91685,biphasic_negative_positive
228,297,91876,255.2111111111111,NORMAL,N,91770,91795,91817,91843,91900,91958,92090,92118,biphasic_positive_negative
228,298,92233,256.2027777777778,NORMAL,N,92122,92157,92167,92197,92247,92351,92395,92451,inverted
228,299,92569,257.1361111111111,NORMAL,N,,,,92532,92600,92634,92772,92789,biphasic_positive_negative
228,300,92897,258.0472222222222,NORMAL,N,92799,92825,92848,92849,92922,92963,92987,93002,normal
228,301,93191,258.8638888888889,NORMAL,N,93089,93100,93112,93155,93200,,,,
228,302,93486,259.68333333333334,NORMAL,N,93402,93422,93443,93453,93496,93556,93653,93672,biphasic_positive_negative
228,303,93778,260.49444444444447,NORMAL,N,93676,93711,93735,93742,93801,93849,93863,93908,normal
228,304,94087,261.35277777777776,NORMAL,N,93963,93986,94000,94040,94098,94152,94253,94261,biphasic_positive_negative
228,305,94405,262.2361111111111,NORMAL,N,94311,94333,94356,94379,94437,94464,94583,94606,biphasic_positive_negative
228,306,94707,263.075,NORMAL,N,94620,94640,94658,94678,94776,94799,94855,94897,inverted
228,307,94994,263.8722222222222,NORMAL,N,94903,94926,94951,94960,95005,95056,95159,95180,biphasic_positive_negative
228,308,95280,264.6666666666667,NORMAL,N,95192,95225,95241,95252,95290,95336,95445,95472,biphasic_positive_negative
228,309,95576,265.4888888888889,NORMAL,N,95476,95513,95533,95548,95587,95616,95665,95712,normal
228,310,95812,266.14444444444445,PVC,V,95732,95751,95769,95777,95855,95860,95990,96007,biphasic_positive_negative
228,311,96210,267.25,NORMAL,N,96133,96145,96160,96174,96243,96276,96299,96331,biphasic_negative_positive
228,312,96517,268.10277777777776,NORMAL,N,96419,96452,96480,96491,96539,96606,96674,96683,inverted
228,313,96808,268.9111111111111,NORMAL,N,96697,96713,96740,96773,96819,,,,
228,314,97094,269.7055555555556,NORMAL,N,96987,97006,97018,97058,97103,97132,97267,97288,biphasic_positive_negative
228,315,97386,270.51666666666665,NORMAL,N,97307,97322,97333,97349,97395,97458,97552,97577,biphasic_positive_negative
228,316,97676,271.3222222222222,NORMAL,N,97587,97610,97637,97641,97711,97741,97813,97885,normal
228,317,97977,272.15833333333336,NORMAL,N,97896,97923,97933,97945,98026,98050,98067,98107,normal
228,318,98298,273.05,NORMAL,N,98201,98245,98262,98281,98310,98340,98393,98436,normal
228,319,98598,273.8833333333333,NORMAL,N,98505,98540,98553,98559,98606,98689,98756,98795,inverted
228,320,98898,274.71666666666664,NORMAL,N,,,,98865,98912,99006,99056,99108,inverted
228,321,99200,275.55555555555554,NORMAL,N,99113,99142,99156,99162,99209,,,,
228,322,99491,276.3638888888889,NORMAL,N,99385,99397,99412,99453,99501,99525,99559,99595,normal
228,323,99696,276.93333333333334,PVC,V,,,,99663,99740,99761,99777,99798,normal
228,324,100064,277.9555555555556,NORMAL,N,99963,99974,99993,100024,100104,100130,100155,100197,normal
228,325,100307,278.63055555555553,PVC,V,100233,100245,100257,100273,100325,100350,100386,100420,inverted
228,326,100702,279.72777777777776,NORMAL,N,,,,100661,100734,100751,100782,100818,normal
228,327,101017,280.60277777777776,NORMAL,N,100928,100946,100964,100985,101049,101075,101157,101169,biphasic_positive_negative
228,328,101326,281.4611111111111,NORMAL,N,101219,101232,101242,101281,101372,101429,101457,101480,inverted
228,329,101606,282.2388888888889,NORMAL,N,101499,101506,101516,101585,101676,101697,101782,101793,biphasic_positive_negative
228,330,101884,283.0111111111111,NORMAL,N,101800,101831,101841,101854,101894,101939,101961,101977,biphasic_negative_positive
228,331,102163,283.7861111111111,NORMAL,N,102075,102109,102126,102136,102171,102223,102245,102273,normal
228,332,102469,284.6361111111111,NORMAL,N,102345,102365,102395,102427,102481,102525,102549,102601,normal
228,333,102779,285.4972222222222,NORMAL,N,102689,102718,102729,102740,102789,102836,102873,102914,normal
228,334,103096,286.3777777777778,NORMAL,N,103012,103033,103053,103062,103116,103165,103177,103217,normal
228,335,103386,287.18333333333334,NORMAL,N,103299,103330,103353,103363,103418,103446,103537,103567,biphasic_positive_negative
228,336,103663,287.9527777777778,NORMAL,N,103573,103605,103615,103629,103673,103709,103810,103845,biphasic_positive_negative
228,337,103937,288.7138888888889,NORMAL,N,103853,103885,103902,103907,103946,103990,104014,104052,normal
228,338,104222,289.50555555555553,NORMAL,N,104116,104132,104150,104189,104232,104249,104300,104330,normal
228,339,104539,290.3861111111111,NORMAL,N,104466,104477,104496,104502,104573,104639,104707,104767,inverted
228,340,104859,291.275,NORMAL,N,,,,104839,104899,105017,105035,105067,inverted
228,341,105162,292.1166666666667,NORMAL,N,,,,105127,105188,105248,105311,105353,inverted
228,342,105451,292.9194444444444,NORMAL,N,,,,105427,105461,,105478,105517,positive_monophasic
228,343,105654,293.48333333333335,PVC,V,,,,105612,105670,105700,105722,105783,inverted
228,344,106046,294.5722222222222,NORMAL,N,105935,105956,105970,106022,106057,106097,106130,106165,normal
228,345,106353,295.425,NORMAL,N,106237,106254,106290,106326,106363,106440,106507,106550,inverted
228,346,106652,296.25555555555553,NORMAL,N,106555,106587,106605,106614,106664,106769,106787,106868,inverted
228,347,106978,297.1611111111111,NORMAL,N,,,,106948,107008,107038,107152,107161,biphasic_positive_negative
228,348,107275,297.9861111111111,NORMAL,N,107179,107194,107212,107267,107315,107323,107363,107397,normal
228,349,107546,298.7388888888889,PVC,V,107452,107465,107481,107484,107601,,107632,107670,negative_monophasic
228,350,107873,299.64722222222224,NORMAL,N,107796,107829,107848,107863,107898,107907,108004,108035,normal
228,351,108178,300.49444444444447,NORMAL,N,108070,108082,108106,108154,108188,108271,108344,108377,inverted
228,352,108481,301.3361111111111,NORMAL,N,108416,108425,108433,108457,108491,108573,108622,108671,inverted
228,353,108770,302.1388888888889,NORMAL,N,,,,108744,108790,108805,108963,108986,biphasic_positive_negative
228,354,109089,303.025,NORMAL,N,,,,109051,109129,109147,109234,109319,normal
228,355,109410,303.9166666666667,NORMAL,N,109324,109337,109371,109385,109421,109456,109490,109525,normal
228,356,109629,304.525,PVC,V,,,,109597,109644,109671,109773,109781,biphasic_negative_positive
228,357,110002,305.56111111111113,NORMAL,N,,,,109973,110010,110046,110078,110116,normal
228,358,110188,306.0777777777778,PVC,V,,,,110161,110204,110235,110333,110381,biphasic_negative_positive
228,359,110567,307.13055555555553,NORMAL,N,110465,110503,110517,110542,110577,110672,110751,110769,inverted
228,360,110866,307.9611111111111,NORMAL,N,110779,110804,110823,110844,110877,110933,111047,111077,biphasic_positive_negative
228,361,111183,308.84166666666664,NORMAL,N,,,,111165,111195,111214,111383,111412,biphasic_positive_negative
228,362,111525,309.7916666666667,NORMAL,N,111463,111482,111504,111506,111536,111561,111689,111739,biphasic_positive_negative
228,363,111838,310.6611111111111,NORMAL,N,111745,111777,111788,111814,111848,111930,112019,112037,inverted
228,364,112133,311.48055555555555,NORMAL,N,,,,112099,112172,112194,112210,112242,normal
228,365,112394,312.2055555555556,NORMAL,N,112294,112309,112336,112365,112402,112479,112552,112574,inverted
228,366,112677,312.9916666666667,NORMAL,N,112579,112613,112632,112650,112687,112695,112875,112892,biphasic_positive_negative
228,367,113003,313.89722222222224,NORMAL,N,112903,112940,112955,112966,113013,113048,113083,113122,normal
228,368,113294,314.7055555555556,NORMAL,N,,,,113274,113318,113345,113418,113432,normal
228,369,113621,315.6138888888889,NORMAL,N,,,,113605,113632,113685,113707,113743,normal
228,370,113852,316.25555555555553,NORMAL,N,,,,113808,113860,113907,113920,113930,normal
228,371,114214,317.2611111111111,NORMAL,N,,,,114196,114232,114233,114271,114331,normal
228,372,114475,317.9861111111111,NORMAL,N,114375,114388,114400,114438,114485,114566,114631,114655,inverted
228,373,114749,318.7472222222222,NORMAL,N,,,,114718,114780,114891,114935,114951,inverted
228,374,115063,319.61944444444447,NORMAL,N,114958,114996,115015,115036,115082,115086,115245,115257,biphasic_positive_negative
228,375,115385,320.5138888888889,NORMAL,N,115284,115329,115348,115356,115412,115527,115555,115597,inverted
228,376,115701,321.39166666666665,NORMAL,N,,,,115678,115742,115764,115823,115832,biphasic_positive_negative
228,377,115934,322.0388888888889,NORMAL,N,115838,115850,115868,115884,115996,116054,116089,116124,normal
228,378,116299,323.0527777777778,NORMAL,N,116164,116182,116216,116266,116312,116347,116368,116383,normal
228,379,116594,323.8722222222222,NORMAL,N,116474,116494,116529,116561,116604,116641,116751,116778,biphasic_positive_negative
228,380,116872,324.64444444444445,NORMAL,N,116787,116800,116834,116837,116880,116964,117010,117055,inverted
228,381,117150,325.4166666666667,NORMAL,N,,,,117119,117159,117221,117336,117354,biphasic_positive_negative
228,382,117457,326.26944444444445,NORMAL,N,117375,117394,117411,117417,117468,117556,117615,117660,inverted
228,383,117763,327.11944444444447,NORMAL,N,,,,117725,117774,117816,117936,117957,biphasic_positive_negative
228,384,118053,327.925,NORMAL,N,117984,117997,118007,118024,118075,118099,118134,118143,biphasic_negative_positive
228,385,118247,328.4638888888889,PVC,V,,,,118205,118285,118292,118338,118374,normal
228,386,118652,329.5888888888889,NORMAL,N,118562,118592,118612,118629,118660,118745,118809,118828,inverted
228,387,118919,330.3305555555556,NORMAL,N,,,,118882,118928,118951,118998,119031,normal
228,388,119182,331.06111111111113,NORMAL,N,119099,119131,119145,119153,119191,119223,119256,119305,normal
228,389,119461,331.8361111111111,NORMAL,N,119363,119387,119419,119434,119473,119505,119599,119610,biphasic_positive_negative
228,390,119787,332.7416666666667,NORMAL,N,119685,119711,119721,119749,119799,119907,119955,119992,inverted
228,391,120093,333.59166666666664,NORMAL,N,,,,120051,120141,120174,120274,120294,biphasic_positive_negative
228,392,120399,334.44166666666666,NORMAL,N,120328,120337,120351,120383,120442,120472,120526,120534,biphasic_positive_negative
228,393,120677,335.2138888888889,NORMAL,N,,,,120647,120685,120741,120758,120789,normal
228,394,120941,335.9472222222222,NORMAL,N,120867,120886,120907,120918,120951,120979,121092,121122,biphasic_positive_negative
228,395,121209,336.69166666666666,NORMAL,N,121143,121154,121181,121188,121219,121244,121285,121324,biphasic_negative_positive
228,396,121483,337.4527777777778,NORMAL,N,121371,121385,121410,121448,121493,121544,121563,121598,normal
228,397,121784,338.2888888888889,NORMAL,N,121685,121717,121745,121750,121796,121852,121878,121921,normal
228,398,122123,339.23055555555555,NORMAL,N,122045,122058,122084,122088,122163,122223,122296,122327,inverted
228,399,122440,340.1111111111111,NORMAL,N,122331,122377,122390,122401,122452,122547,122593,122640,inverted
228,400,122736,340.93333333333334,NORMAL,N,122644,122678,122702,122708,122745,122822,122873,122918,inverted
228,401,123018,341.71666666666664,NORMAL,N,,,,122969,123027,123152,123177,123201,inverted
228,402,123297,342.4916666666667,NORMAL,N,123205,123230,123250,123264,123307,123361,123373,123398,normal
228,403,123501,343.05833333333334,PVC,V,,,,123462,123517,123558,123637,123646,biphasic_negative_positive
228,404,123880,344.1111111111111,NORMAL,N,123771,123779,123789,123838,123891,123955,123979,124006,normal
228,405,124101,344.725,PVC,V,124010,124018,124027,124056,124119,124150,124254,124259,biphasic_negative_positive
228,406,124493,345.81388888888887,NORMAL,N,124382,124391,124404,124459,124530,124569,124591,124614,normal
228,407,124709,346.4138888888889,PVC,V,,,,124680,124741,124799,124832,124844,normal
228,408,125077,347.43611111111113,NORMAL,N,124976,124985,125006,125027,125134,125153,125161,125167,inverted
228,409,125271,347.975,PVC,V,,,,125222,125286,125312,125409,125418,biphasic_negative_positive
228,410,125629,348.96944444444443,NORMAL,N,125563,125574,125593,125605,125643,125671,125698,125747,normal
228,411,125829,349.525,PVC,V,,,,125789,125844,125872,125972,125978,biphasic_negative_positive
228,412,126213,350.59166666666664,NORMAL,N,,,,126172,126246,126288,126303,126311,normal
228,413,126430,351.19444444444446,PVC,V,,,,126400,126447,126480,126587,126594,biphasic_negative_positive
228,414,126849,352.35833333333335,NORMAL,N,,,,126834,126886,126898,126953,126974,normal
228,415,127063,352.9527777777778,PVC,V,,,,127033,127090,127123,127228,127238,biphasic_negative_positive
228,416,127428,353.96666666666664,NORMAL,N,127332,127341,127356,127401,127438,,127469,127493,positive_monophasic
228,417,127618,354.49444444444447,PVC,V,,,,127592,127632,127677,127775,127785,biphasic_negative_positive
228,418,128000,355.55555555555554,NORMAL,N,127894,127906,127920,127963,128010,128049,128086,128120,normal
228,419,128214,356.15,PVC,V,,,,128185,128244,128270,128383,128392,biphasic_negative_positive
228,420,128744,357.6222222222222,NORMAL,N,128628,128670,128688,128708,128755,128809,128857,128906,normal
228,421,128996,358.3222222222222,PVC,V,,,,128964,129035,129048,129157,129165,biphasic_negative_positive
228,422,129411,359.475,NORMAL,N,129343,129354,129368,129380,129435,129446,129496,129535,normal
228,423,129611,360.03055555555557,PVC,V,,,,129585,129634,129655,129669,129716,inverted
228,424,129984,361.06666666666666,NORMAL,N,,,,129949,130037,130054,130088,130122,normal
228,425,130241,361.78055555555557,PVC,V,,,,130203,130262,130316,130329,130381,inverted
228,426,130825,363.40277777777777,NORMAL,N,130692,130717,130726,130790,130839,130861,130902,130942,normal
228,427,131119,364.21944444444443,PVC,V,,,,131085,131136,131178,131261,131267,biphasic_negative_positive
228,428,131546,365.40555555555557,NORMAL,N,131437,131447,131474,131513,131559,131587,131633,131660,normal
228,429,131738,365.93888888888887,PVC,V,,,,131711,131753,131786,131806,131857,inverted
228,430,132102,366.95,NORMAL,N,131979,131988,132000,132069,132133,132151,132181,132217,normal
228,431,132308,367.52222222222224,PVC,V,,,,132277,132326,132377,132385,132440,inverted
228,432,132759,368.775,NORMAL,N,,,,132721,132798,132816,132849,132858,biphasic_negative_positive
228,433,133008,369.46666666666664,PVC,V,,,,132962,133050,133083,133112,133164,inverted
228,434,133499,370.8305555555556,NORMAL,N,133426,133435,133447,133463,133509,133556,133597,133638,normal
228,435,133722,371.45,PVC,V,133650,133669,133678,133694,133740,133773,133792,133850,inverted
228,436,134137,372.60277777777776,NORMAL,N,134052,134080,134099,134102,134163,134193,134265,134271,biphasic_positive_negative
228,437,134345,373.18055555555554,PVC,V,,,,134315,134383,134399,134495,134507,biphasic_negative_positive
228,438,134759,374.3305555555556,NORMAL,N,,,,134735,134780,134815,134862,134876,biphasic_negative_positive
228,439,134995,374.9861111111111,PVC,V,,,,134962,135013,135053,135076,135129,inverted
228,440,135488,376.35555555555555,NORMAL,N,135382,135412,135432,135445,135538,135552,135580,135637,normal
228,441,135732,377.03333333333336,PVC,V,,,,135697,135754,135786,135804,135878,inverted
228,442,136138,378.1611111111111,NORMAL,N,,,,136114,136172,136195,136213,136261,normal
228,443,136338,378.71666666666664,PVC,V,,,,136309,136373,,136415,136447,positive_monophasic
228,444,136724,379.7888888888889,NORMAL,N,136614,136625,136642,136691,136734,136803,136825,136866,normal
228,445,136942,380.39444444444445,PVC,V,,,,136904,136958,137013,137024,137037,inverted
228,446,137355,381.5416666666667,NORMAL,N,137233,137242,137252,137316,137364,137440,137458,137481,normal
228,447,137612,382.25555555555553,PVC,V,,,,137572,137647,137701,137725,137766,inverted
228,448,138087,383.575,NORMAL,N,,,,138049,138098,138142,138180,138214,normal
228,449,138293,384.14722222222224,PVC,V,,,,138267,138320,138356,138420,138427,biphasic_negative_positive
228,450,138663,385.175,NORMAL,N,138585,138610,138624,138636,138673,138708,138732,138754,normal
228,451,138865,385.7361111111111,PVC,V,,,,138835,138882,138896,138941,138984,inverted
228,452,139263,386.84166666666664,NORMAL,N,139145,139159,139180,139225,139273,139309,139350,139385,normal
228,453,139477,387.43611111111113,PVC,V,,,,139435,139494,139534,139556,139617,inverted
228,454,139929,388.69166666666666,NORMAL,N,,,,139887,139976,139984,140013,140072,normal
228,455,140146,389.2944444444444,PVC,V,,,,140108,140164,140188,140206,140271,inverted
228,456,140520,390.3333333333333,NORMAL,N,140437,140469,140491,140501,140530,140564,140590,140638,normal
228,457,140714,390.8722222222222,PVC,V,,,,140686,140730,140762,140780,140843,inverted
228,458,141112,391.97777777777776,NORMAL,N,,,,141095,141123,141142,141200,141245,normal
228,459,141327,392.575,PVC,V,,,,141297,141344,141383,141403,141472,inverted
228,460,141746,393.7388888888889,NORMAL,N,141659,141689,141706,141715,141757,141790,141835,141896,normal
228,461,141966,394.35,PVC,V,,,,141937,141982,142011,142039,142104,inverted
228,462,142382,395.50555555555553,NORMAL,N,142266,142282,142312,142359,142392,142400,142463,142506,normal
228,463,142581,396.05833333333334,PVC,V,,,,142552,142595,142625,142658,142699,inverted
228,464,142952,397.0888888888889,NORMAL,N,142862,142894,142907,142925,142961,143002,143041,143079,normal
228,465,143167,397.68611111111113,PVC,V,143089,143114,143123,143136,143184,143226,143247,143301,inverted
228,466,143583,398.84166666666664,NORMAL,N,,,,143556,143608,143636,143670,143716,normal
228,467,143795,399.43055555555554,PVC,V,,,,143768,143811,143845,143859,143916,inverted
228,468,144194,400.5388888888889,NORMAL,N,,,,144167,144224,144256,144293,144335,normal
228,469,144433,401.2027777777778,PVC,V,,,,144399,144451,144487,144510,144567,inverted
228,470,144831,402.30833333333334,NORMAL,N,,,,144805,144872,,144884,144911,positive_monophasic
228,471,145030,402.8611111111111,PVC,V,,,,145003,145044,145076,145092,145146,inverted
228,472,145406,403.90555555555557,NORMAL,N,,,,145381,145429,145437,145491,145550,normal
228,473,145629,404.525,PVC,V,,,,145598,145646,,145702,145778,positive_monophasic
228,474,146028,405.6333333333333,NORMAL,N,145933,145971,145986,146002,146040,146093,146125,146158,normal
228,475,146242,406.22777777777776,PVC,V,,,,146212,146259,146275,146300,146378,inverted
228,476,146669,407.4138888888889,NORMAL,N,,,,146645,146679,146699,146756,146795,normal
228,477,146871,407.975,PVC,V,,,,146843,146887,146922,146931,146988,inverted
228,478,147235,408.9861111111111,NORMAL,N,147155,147183,147202,147205,147244,147279,147311,147366,normal
228,479,147435,409.5416666666667,PVC,V,,,,147406,147451,147482,147500,147565,inverted
228,480,147842,410.6722222222222,NORMAL,N,147749,147774,147802,147822,147853,147893,147931,148005,normal
228,481,148073,411.31388888888887,PVC,V,,,,148030,148092,148111,148151,148211,inverted
228,482,148457,412.38055555555553,NORMAL,N,148370,148400,148420,148439,148467,148479,148550,148588,normal
228,483,148677,412.9916666666667,PVC,V,,,,148648,148692,148718,148744,148809,inverted
228,484,149062,414.06111111111113,NORMAL,N,148975,149009,149028,149040,149072,149081,149142,149173,normal
228,485,149259,414.60833333333335,PVC,V,,,,149232,149276,149303,149326,149378,inverted
228,486,149628,415.6333333333333,NORMAL,N,,,,149605,149652,149695,149724,149771,normal
228,487,149849,416.2472222222222,PVC,V,,,,149820,149865,149895,149924,149975,inverted
228,488,150245,417.34722222222223,NORMAL,N,150133,150145,150168,150208,150255,150308,150338,150391,normal
228,489,150456,417.93333333333334,PVC,V,,,,150427,150472,150505,150523,150586,inverted
228,490,150867,419.075,NORMAL,N,,,,150840,150887,150933,150970,151033,normal
228,491,151102,419.72777777777776,PVC,V,,,,151071,151122,151164,151175,151237,inverted
228,492,151500,420.8333333333333,NORMAL,N,,,,151474,151511,151525,151576,151622,normal
228,493,151709,421.4138888888889,PVC,V,,,,151682,151724,151757,151771,151842,inverted
228,494,152102,422.50555555555553,NORMAL,N,,,,152085,152113,152131,152199,152238,normal
228,495,152326,423.1277777777778,PVC,V,,,,152294,152345,152360,152381,152465,inverted
228,496,152743,424.2861111111111,NORMAL,N,152625,152640,152666,152713,152753,152805,152845,152921,normal
228,497,152995,424.9861111111111,PVC,V,,,,152962,153012,153042,153072,153135,inverted
228,498,153410,426.1388888888889,NORMAL,N,,,,153376,153420,153437,153494,153539,normal
228,499,153614,426.7055555555556,PVC,V,,,,153586,153630,153658,153674,153732,inverted
228,500,153979,427.71944444444443,NORMAL,N,153895,153925,153940,153955,153991,154009,154070,154110,normal
228,501,154196,428.3222222222222,PVC,V,,,,154165,154216,154218,154267,154338,inverted
228,502,154638,429.55,NORMAL,N,154537,154581,154594,154620,154659,154689,154734,154770,normal
228,503,154870,430.19444444444446,PVC,V,,,,154840,154888,154923,154947,155012,inverted
228,504,155284,431.34444444444443,NORMAL,N,,,,155258,155294,155326,155372,155450,normal
228,505,155591,432.1972222222222,NORMAL,N,155502,155535,155552,155561,155601,155633,155673,155717,normal
228,506,155896,433.0444444444444,NORMAL,N,155781,155800,155816,155878,155904,155932,156020,156028,biphasic_positive_negative
228,507,156191,433.8638888888889,NORMAL,N,156075,156093,156116,156158,156202,156240,156292,156338,normal
228,508,156532,434.81111111111113,NORMAL,N,,,,156502,156577,156595,156637,156680,normal
228,509,156888,435.8,NORMAL,N,156795,156819,156843,156849,156900,156955,156966,156973,normal
228,510,157079,436.3305555555556,PVC,V,156977,156983,156994,157052,157118,157152,157172,157214,normal
228,511,157506,437.51666666666665,NORMAL,N,157398,157413,157445,157479,157516,157557,157580,157638,normal
228,512,157816,438.3777777777778,NORMAL,N,157731,157753,157770,157783,157825,157850,157896,157937,normal
228,513,158133,439.2583333333333,NORMAL,N,158039,158064,158088,158094,158142,158165,158265,158271,biphasic_positive_negative
228,514,158435,440.09722222222223,NORMAL,N,158319,158338,158354,158409,158446,158504,158529,158563,normal
228,515,158757,440.9916666666667,NORMAL,N,158650,158660,158689,158724,158766,,158787,158830,positive_monophasic
228,516,158970,441.5833333333333,PVC,V,,,,158939,158989,159003,159031,159098,inverted
228,517,159387,442.7416666666667,NORMAL,N,,,,159353,159428,159433,159436,159466,normal
228,518,159575,443.2638888888889,PVC,V,,,,159548,159592,159601,159631,159695,inverted
228,519,159975,444.375,NORMAL,N,159881,159915,159938,159949,160013,160080,160144,160188,inverted
228,520,160286,445.2388888888889,NORMAL,N,160217,160228,160241,160245,160315,160377,160432,160487,inverted
228,521,160590,446.0833333333333,NORMAL,N,,,,160558,160638,160692,160764,160803,inverted
228,522,160901,446.9472222222222,NORMAL,N,,,,160880,160933,160939,161084,161107,biphasic_positive_negative
228,523,161207,447.7972222222222,NORMAL,N,,,,161176,161232,161248,161299,161322,normal
228,524,161425,448.40277777777777,PVC,V,,,,161397,161444,161456,161497,161559,inverted
228,525,161842,449.56111111111113,NORMAL,N,161732,161744,161763,161825,161852,161942,162026,162054,inverted
228,526,162150,450.4166666666667,NORMAL,N,162060,162095,162114,162115,162159,162240,162325,162353,inverted
228,527,162445,451.2361111111111,NORMAL,N,,,,162408,162454,162533,162592,162645,inverted
228,528,162744,452.06666666666666,NORMAL,N,162654,162681,162712,162717,162756,162804,162917,162926,biphasic_positive_negative
228,529,163046,452.90555555555557,NORMAL,N,162966,162983,163012,163017,163056,163110,163145,163166,normal
228,530,163260,453.5,PVC,V,,,,163226,163278,163293,163323,163386,inverted
228,531,163686,454.68333333333334,NORMAL,N,163614,163634,163647,163651,163731,163785,163862,163894,inverted
228,532,163985,455.5138888888889,NORMAL,N,163901,163924,163946,163962,163994,,,,
228,533,164270,456.30555555555554,NORMAL,N,,,,164248,164279,164332,164347,164393,normal
228,534,164562,457.1166666666667,NORMAL,N,164495,164503,164530,164537,164599,164656,164752,164776,inverted
228,535,164871,457.975,NORMAL,N,164790,164800,164812,164841,164881,164893,165041,165091,biphasic_positive_negative
228,536,165189,458.85833333333335,NORMAL,N,165104,165119,165149,165163,165199,,165232,165270,positive_monophasic
228,537,165396,459.43333333333334,PVC,V,,,,165352,165436,165455,165486,165544,normal
228,538,165824,460.6222222222222,NORMAL,N,165736,165765,165778,165802,165843,165845,165908,165950,normal
228,539,166119,461.44166666666666,NORMAL,N,166042,166059,166085,166086,166128,166159,166200,166231,normal
228,540,166400,462.22222222222223,NORMAL,N,166324,166342,166367,166375,166409,166460,166552,166567,biphasic_positive_negative
228,541,166696,463.0444444444444,NORMAL,N,166596,166606,166627,166673,166705,166755,166854,166890,biphasic_positive_negative
228,542,167002,463.89444444444445,NORMAL,N,166920,166940,166952,166962,167012,167043,167085,167109,normal
228,543,167209,464.46944444444443,PVC,V,,,,167181,167227,167229,167355,167362,biphasic_negative_positive
228,544,167624,465.6222222222222,NORMAL,N,167539,167563,167590,167600,167634,167678,167737,167789,normal
228,545,167935,466.4861111111111,NORMAL,N,167844,167876,167901,167912,167944,167981,168021,168062,normal
228,546,168253,467.36944444444447,NORMAL,N,168163,168192,168213,168229,168264,168325,168348,168370,normal
228,547,168542,468.1722222222222,NORMAL,N,168470,168482,168494,168499,168589,168596,168720,168731,biphasic_positive_negative
228,548,168836,468.9888888888889,NORMAL,N,168754,168773,168806,168814,168846,168871,168916,168957,normal
228,549,169130,469.80555555555554,NORMAL,N,169048,169073,169087,169092,169140,169168,169221,169242,normal
228,550,169338,470.3833333333333,PVC,V,,,,169308,169356,169386,169461,169468,biphasic_negative_positive
228,551,169735,471.4861111111111,NORMAL,N,169659,169672,169705,169708,169757,169779,169930,169961,biphasic_positive_negative
228,552,170054,472.3722222222222,NORMAL,N,169977,169991,170016,170030,170064,170114,170217,170229,biphasic_positive_negative
228,553,170376,473.26666666666665,NORMAL,N,170235,170245,170260,170337,170394,170424,170462,170485,normal
228,554,170661,474.05833333333334,NORMAL,N,170590,170602,170624,170629,170688,170697,170818,170857,biphasic_positive_negative
228,555,170948,474.85555555555555,NORMAL,N,170863,170893,170916,170923,170958,171010,171124,171153,biphasic_positive_negative
228,556,171247,475.68611111111113,NORMAL,N,171158,171186,171208,171223,171257,171297,171448,171457,biphasic_positive_negative
228,557,171576,476.6,NORMAL,N,171487,171507,171523,171547,171587,171632,171754,171797,biphasic_positive_negative
228,558,171899,477.4972222222222,NORMAL,N,171806,171832,171848,171873,171909,171932,171997,172034,normal
228,559,172217,478.38055555555553,NORMAL,N,172140,172160,172181,172192,172227,172270,172301,172343,normal
228,560,172522,479.22777777777776,NORMAL,N,172437,172463,172487,172499,172531,172567,172598,172657,normal
228,561,172824,480.06666666666666,NORMAL,N,172741,172764,172783,172787,172833,172844,172981,173023,biphasic_positive_negative
228,562,173121,480.89166666666665,NORMAL,N,,,,173097,173132,173174,173310,173343,biphasic_positive_negative
228,563,173441,481.78055555555557,NORMAL,N,173358,173376,173391,173402,173452,173475,173637,173651,biphasic_positive_negative
228,564,173774,482.7055555555556,NORMAL,N,173685,173711,173727,173736,173785,173821,173967,174010,biphasic_positive_negative
228,565,174109,483.6361111111111,NORMAL,N,174025,174044,174059,174078,174121,174165,174287,174337,biphasic_positive_negative
228,566,174433,484.5361111111111,NORMAL,N,174351,174368,174385,174408,174443,174463,174613,174643,biphasic_positive_negative
228,567,174757,485.43611111111113,NORMAL,N,174671,174692,174705,174731,174768,174795,174849,174885,normal
228,568,174977,486.0472222222222,PVC,V,,,,174946,174993,175009,175032,175104,inverted
228,569,175430,487.30555555555554,NORMAL,N,175338,175356,175370,175398,175441,,175480,175534,positive_monophasic
228,570,175645,487.90277777777777,PVC,V,,,,175616,175660,175677,175707,175776,inverted
228,571,176094,489.15,NORMAL,N,,,,176067,176119,176151,176199,176230,normal
228,572,176316,489.76666666666665,PVC,V,,,,176286,176332,176344,176372,176451,inverted
228,573,176758,490.99444444444447,NORMAL,N,176669,176696,176709,176734,176768,176804,176851,176893,normal
228,574,176971,491.5861111111111,PVC,V,,,,176940,176988,177009,177028,177101,inverted
228,575,177383,492.73055555555555,NORMAL,N,177297,177322,177334,177345,177394,177437,177485,177526,normal
228,576,177623,493.39722222222224,PVC,V,,,,177589,177641,177663,177684,177774,inverted
228,577,178100,494.72222222222223,NORMAL,N,,,,178072,178120,178171,178215,178261,normal
228,578,178373,495.48055555555555,PVC,V,,,,178336,178393,178449,178462,178538,inverted
228,579,178880,496.8888888888889,NORMAL,N,178789,178816,178834,178854,178891,178917,178983,179013,normal
228,580,179107,497.51944444444445,PVC,V,,,,179079,179123,,,,
228,581,179493,498.59166666666664,NORMAL,N,179409,179439,179457,179470,179518,179554,179580,179624,normal
228,582,179702,499.1722222222222,PVC,V,,,,179671,179718,179739,179759,179850,inverted
228,583,180189,500.525,NORMAL,N,180084,180124,180137,180149,180201,180263,180293,180341,normal
228,584,180434,501.2055555555556,PVC,V,,,,180405,180450,180485,180508,180573,inverted
228,585,180896,502.4888888888889,NORMAL,N,,,,180868,180906,180916,180998,181028,normal
228,586,181117,503.10277777777776,PVC,V,,,,181087,181133,181172,181188,181256,inverted
228,587,181507,504.18611111111113,NORMAL,N,181406,181419,181450,181470,181517,181568,181594,181620,normal
228,588,181705,504.7361111111111,PVC,V,,,,181677,181722,181761,181773,181827,inverted
228,589,182174,506.0388888888889,NORMAL,N,182074,182098,182110,182146,182186,,,,
228,590,182442,506.78333333333336,PVC,V,,,,182407,182462,182476,182516,182603,inverted
228,591,182903,508.06388888888887,NORMAL,N,182808,182841,182870,182877,182913,182970,182996,183053,normal
228,592,183133,508.7027777777778,PVC,V,,,,183104,183150,183174,183206,183261,inverted
228,593,183526,509.7944444444444,NORMAL,N,183430,183442,183456,183493,183547,183568,183607,183644,normal
228,594,183717,510.325,PVC,V,,,,183684,183733,183753,183845,183852,biphasic_negative_positive
228,595,184119,511.44166666666666,NORMAL,N,,,,184098,184138,184202,184218,184272,normal
228,596,184357,512.1027777777778,PVC,V,,,,184324,184376,184397,184424,184524,inverted
228,597,184838,513.4388888888889,NORMAL,N,184741,184779,184793,184813,184850,184894,184934,184979,normal
228,598,185054,514.0388888888889,PVC,V,,,,185025,185071,185093,185116,185185,inverted
228,599,185482,515.2277777777778,NORMAL,N,,,,185456,185493,185546,185574,185620,normal
228,600,185699,515.8305555555555,PVC,V,,,,185672,185715,185749,185762,185824,inverted
228,601,186091,516.9194444444445,NORMAL,N,185985,185998,186017,186064,186101,186142,186180,186212,normal
228,602,186294,517.4833333333333,PVC,V,,,,186266,186309,186342,186366,186427,inverted
228,603,186722,518.6722222222222,NORMAL,N,,,,186677,186769,186799,186833,186877,normal
228,604,186971,519.3638888888889,PVC,V,,,,186942,186988,187021,187044,187102,inverted
228,605,187394,520.5388888888889,NORMAL,N,187301,187336,187351,187376,187406,187435,187488,187529,normal
228,606,187614,521.15,PVC,V,,,,187584,187632,187650,187675,187745,inverted
228,607,188006,522.2388888888889,NORMAL,N,,,,187980,188028,,188038,188092,positive_monophasic
228,608,188201,522.7805555555556,PVC,V,,,,188175,188216,188247,188266,188331,inverted
228,609,188581,523.8361111111111,NORMAL,N,188472,188486,188508,188566,188592,188631,188680,188744,normal
228,610,188930,524.8055555555555,NORMAL,N,188838,188851,188872,188909,188942,189001,189036,189054,normal
228,611,189308,525.8555555555556,NORMAL,N,,,,189271,189320,189378,189412,189466,normal
228,612,189644,526.7888888888889,NORMAL,N,189529,189543,189559,189627,189653,189677,189725,189771,normal
228,613,189944,527.6222222222223,NORMAL,N,,,,189922,189966,189981,190026,190068,normal
228,614,190231,528.4194444444445,NORMAL,N,190126,190139,190160,190193,190241,190280,190314,190345,normal
228,615,190516,529.2111111111111,NORMAL,N,190427,190459,190486,190492,190550,190574,190607,190644,normal
228,616,190820,530.0555555555555,NORMAL,N,190743,190755,190771,190786,190856,190871,190922,190954,normal
228,617,191168,531.0222222222222,NORMAL,N,191040,191056,191078,191141,191179,191222,191274,191353,normal
228,618,191516,531.9888888888889,NORMAL,N,191398,191414,191436,191478,191527,191564,191691,191731,biphasic_positive_negative
228,619,191826,532.85,NORMAL,N,191738,191768,191787,191801,191836,191872,191998,192033,biphasic_positive_negative
228,620,192130,533.6944444444445,NORMAL,N,192044,192069,192088,192104,192139,,192167,192206,positive_monophasic
228,621,192322,534.2277777777778,PVC,V,,,,192287,192338,192356,192367,192442,inverted
228,622,192709,535.3027777777778,NORMAL,N,192608,192617,192643,192672,192720,,192752,192793,positive_monophasic
228,623,192908,535.8555555555556,PVC,V,,,,192860,192942,192963,192989,193043,normal
228,624,193306,536.9611111111111,NORMAL,N,193216,193244,193271,193280,193316,193357,193497,193504,biphasic_positive_negative
228,625,193640,537.8888888888889,NORMAL,N,193556,193578,193605,193614,193650,193693,193841,193853,biphasic_positive_negative
228,626,193954,538.7611111111111,NORMAL,N,193871,193887,193904,193926,193963,194014,194121,194160,biphasic_positive_negative
228,627,194253,539.5916666666667,NORMAL,N,194167,194192,194214,194230,194278,194292,194343,194393,normal
228,628,194533,540.3694444444444,NORMAL,N,194443,194455,194474,194518,194542,194578,194701,194731,biphasic_positive_negative
228,629,194822,541.1722222222222,NORMAL,N,194743,194758,194786,194799,194832,194869,194902,194937,normal
228,630,195018,541.7166666666667,PVC,V,,,,194984,195060,195065,195104,195168,normal
228,631,195434,542.8722222222223,NORMAL,N,195348,195365,195379,195417,195444,195512,195542,195615,normal
228,632,195820,543.9444444444445,NORMAL,N,,,,195801,195831,195848,195915,195961,normal
228,633,196160,544.8888888888889,NORMAL,N,196062,196092,196108,196127,196171,,196199,196249,positive_monophasic
228,634,196350,545.4166666666666,PVC,V,,,,196322,196364,196373,196411,196471,inverted
228,635,196742,546.5055555555556,NORMAL,N,196662,196686,196699,196718,196781,196803,196813,196824,normal
228,636,196960,547.1111111111111,PVC,V,,,,196933,196974,197011,197081,197090,biphasic_negative_positive
228,637,197339,548.1638888888889,NORMAL,N,197254,197277,197300,197312,197380,197417,197535,197550,biphasic_positive_negative
228,638,197684,549.1222222222223,NORMAL,N,197602,197612,197631,197664,197705,197720,197849,197860,biphasic_positive_negative
228,639,198071,550.1972222222222,NORMAL,N,197969,197992,198012,198028,198080,198130,198246,198252,biphasic_positive_negative
228,640,198395,551.0972222222222,NORMAL,N,198315,198325,198353,198363,198430,198451,198478,198515,normal
228,641,198687,551.9083333333333,NORMAL,N,,,,198653,198700,198728,198857,198872,biphasic_positive_negative
228,642,198978,552.7166666666667,NORMAL,N,,,,198940,198995,199054,199161,199188,biphasic_positive_negative
228,643,199282,553.5611111111111,NORMAL,N,,,,199251,199302,199328,199366,199406,normal
228,644,199605,554.4583333333334,NORMAL,N,,,,199563,199622,199650,199689,199736,normal
228,645,199836,555.1,PVC,V,,,,199801,199860,199885,199904,199960,inverted
228,646,200269,556.3027777777778,NORMAL,N,,,,200243,200299,200350,200368,200412,normal
228,647,200594,557.2055555555555,NORMAL,N,,,,200559,200603,200646,200779,200800,biphasic_positive_negative
228,648,200894,558.0388888888889,NORMAL,N,,,,200871,200904,200946,201066,201087,biphasic_positive_negative
228,649,201184,558.8444444444444,NORMAL,N,,,,201161,201198,201233,201271,201309,normal
228,650,201408,559.4666666666667,PVC,V,,,,201375,201431,201446,201477,201532,inverted
228,651,201779,560.4972222222223,NORMAL,N,,,,201754,201793,201825,201958,201992,biphasic_positive_negative
228,652,202092,561.3666666666667,NORMAL,N,,,,202068,202112,202151,202286,202300,biphasic_positive_negative
228,653,202451,562.3638888888889,NORMAL,N,,,,202423,202483,202542,202670,202682,biphasic_positive_negative
228,654,202804,563.3444444444444,NORMAL,N,,,,202778,202815,202862,202886,202926,normal
228,655,203017,563.9361111111111,PVC,V,,,,202985,203051,203062,203219,203227,biphasic_negative_positive
228,656,203373,564.925,NORMAL,N,,,,203336,203389,203423,203461,203534,normal
228,657,203666,565.7388888888889,NORMAL,N,,,,203630,203683,203719,203844,203880,biphasic_positive_negative
228,658,203976,566.6,NORMAL,N,,,,203953,203996,204017,204157,204186,biphasic_positive_negative
228,659,204285,567.4583333333334,NORMAL,N,,,,204261,204323,204390,204473,204515,inverted
228,660,204627,568.4083333333333,NORMAL,N,,,,204600,204650,204705,204836,204845,biphasic_positive_negative
228,661,204970,569.3611111111111,NORMAL,N,,,,204937,204991,205038,205054,205103,normal
228,662,205262,570.1722222222222,NORMAL,N,,,,205231,205273,205297,205339,205376,normal
228,663,205534,570.9277777777778,NORMAL,N,,,,205510,205549,205583,205621,205650,normal
228,664,205733,571.4805555555556,PVC,V,,,,205698,205754,205782,205872,205881,biphasic_negative_positive
228,665,206138,572.6055555555556,NORMAL,N,,,,206105,206149,206183,206190,206214,inverted
228,666,206343,573.175,PVC,V,,,,206307,206372,206376,206511,206519,biphasic_negative_positive
228,667,206759,574.3305555555555,NORMAL,N,,,,206735,206778,206841,206943,206983,biphasic_positive_negative
228,668,207075,575.2083333333334,NORMAL,N,,,,207040,207114,207119,207230,207239,biphasic_positive_negative
228,669,207362,576.0055555555556,NORMAL,N,,,,207339,207376,207414,207519,207528,biphasic_positive_negative
228,670,207635,576.7638888888889,NORMAL,N,,,,207603,207644,207695,207714,207744,normal
228,671,207838,577.3277777777778,PVC,V,,,,207812,207859,207882,207913,207963,inverted
228,672,208223,578.3972222222222,NORMAL,N,,,,208189,208237,208262,208297,208362,normal
228,673,208545,579.2916666666666,NORMAL,N,,,,208513,208556,208645,208708,208732,inverted
228,674,208852,580.1444444444444,NORMAL,N,,,,208810,208879,208939,209034,209082,biphasic_positive_negative
228,675,209180,581.0555555555555,NORMAL,N,,,,209149,209196,209311,209339,209362,inverted
228,676,209490,581.9166666666666,NORMAL,N,,,,209462,209523,209587,209607,209623,inverted
228,677,209769,582.6916666666667,NORMAL,N,,,,209733,209786,209816,209936,209948,biphasic_positive_negative
228,678,210054,583.4833333333333,NORMAL,N,,,,210033,210067,210110,210237,210247,biphasic_positive_negative
228,679,210354,584.3166666666667,NORMAL,N,,,,210333,210369,210412,210549,210565,biphasic_positive_negative
228,680,210668,585.1888888888889,NORMAL,N,,,,210636,210681,210706,210858,210873,biphasic_positive_negative
228,681,210971,586.0305555555556,NORMAL,N,,,,210934,210998,211020,211040,211042,normal
228,682,211176,586.6,PVC,V,,,,211140,211201,211212,211243,211312,inverted
228,683,211616,587.8222222222222,NORMAL,N,,,,211593,211639,211661,211706,211739,normal
228,684,211812,588.3666666666667,PVC,V,,,,211780,211837,211861,211940,211949,biphasic_negative_positive
228,685,212185,589.4027777777778,NORMAL,N,,,,212150,212205,212233,212275,212348,normal
228,686,212487,590.2416666666667,NORMAL,N,,,,212463,212497,212518,212697,212712,biphasic_positive_negative
228,687,212816,591.1555555555556,NORMAL,N,,,,212790,212834,212890,212996,213014,biphasic_positive_negative
228,688,213135,592.0416666666666,NORMAL,N,,,,213111,213144,213186,213220,213280,normal
228,689,213448,592.9111111111112,NORMAL,N,,,,213424,213464,213493,213538,213576,normal
228,690,213744,593.7333333333333,NORMAL,N,,,,213711,213753,213814,213901,213925,biphasic_positive_negative
228,691,214029,594.525,NORMAL,N,,,,214006,214047,214078,214171,214181,biphasic_positive_negative
228,692,214305,595.2916666666666,NORMAL,N,,,,214283,214328,214344,214500,214510,biphasic_positive_negative
228,693,214601,596.1138888888889,NORMAL,N,,,,214570,214612,214652,214803,214828,biphasic_positive_negative
228,694,214922,597.0055555555556,NORMAL,N,,,,214896,214941,214985,215103,215136,biphasic_positive_negative
228,695,215232,597.8666666666667,NORMAL,N,,,,215189,215246,215288,215417,215435,biphasic_positive_negative
228,696,215527,598.6861111111111,NORMAL,N,,,,215493,215549,215621,215662,215671,inverted
228,697,215844,599.5666666666667,NORMAL,N,,,,215821,215869,215896,216034,216048,biphasic_positive_negative
228,698,216142,600.3944444444444,NORMAL,N,,,,216114,216160,216194,216300,216335,biphasic_positive_negative
228,699,216427,601.1861111111111,NORMAL,N,,,,216391,216449,216516,216612,216624,biphasic_negative_positive
228,700,216716,601.9888888888889,NORMAL,N,,,,216695,216749,216818,216878,216926,inverted
228,701,217024,602.8444444444444,NORMAL,N,,,,216995,217041,217090,217207,217233,biphasic_positive_negative
228,702,217339,603.7194444444444,NORMAL,N,,,,217317,217354,217426,217494,217537,inverted
228,703,217647,604.575,NORMAL,N,,,,217608,217681,217763,217809,217870,inverted
228,704,217973,605.4805555555556,NORMAL,N,,,,217936,217984,218010,218043,218096,normal
228,705,218279,606.3305555555555,NORMAL,N,,,,218256,218287,218335,218448,218464,biphasic_positive_negative
228,706,218566,607.1277777777777,NORMAL,N,,,,218528,218574,,218623,218645,positive_monophasic
228,707,218755,607.6527777777778,PVC,V,,,,218722,218799,218810,218821,218881,inverted
228,708,219167,608.7972222222222,NORMAL,N,,,,219139,219178,219228,219279,219352,normal
228,709,219516,609.7666666666667,NORMAL,N,,,,219479,219527,219588,219612,219657,normal
228,710,219854,610.7055555555555,NORMAL,N,,,,219828,219880,,219901,219949,positive_monophasic
228,711,220068,611.3,PVC,V,,,,220033,220096,220104,220282,220296,biphasic_negative_positive
228,712,220458,612.3833333333333,NORMAL,N,,,,220437,220468,,220486,220531,positive_monophasic
228,713,220653,612.925,PVC,V,,,,220618,220685,,220714,220774,positive_monophasic
228,714,221040,614.0,NORMAL,N,,,,221007,221056,,221084,221128,positive_monophasic
228,715,221250,614.5833333333334,PVC,V,,,,221215,221284,221353,221426,221475,normal
228,716,221693,615.8138888888889,NORMAL,N,,,,221660,221703,221727,221790,221831,normal
228,717,221933,616.4805555555556,PVC,V,,,,221900,221963,221965,222024,222037,biphasic_negative_positive
228,718,222369,617.6916666666667,NORMAL,N,,,,222343,222390,222423,222519,222527,biphasic_positive_negative
228,719,222677,618.5472222222222,NORMAL,N,,,,222651,222696,222740,222805,222812,biphasic_positive_negative
228,720,223003,619.4527777777778,NORMAL,N,,,,222975,223020,223073,223203,223220,biphasic_positive_negative
228,721,223336,620.3777777777777,NORMAL,N,,,,223308,223350,223414,223514,223560,biphasic_positive_negative
228,722,223663,621.2861111111112,NORMAL,N,,,,223636,223680,223698,223854,223881,biphasic_positive_negative
228,723,223982,622.1722222222222,NORMAL,N,,,,223948,223993,224044,224078,224101,normal
228,724,224206,622.7944444444445,PVC,V,,,,224193,224252,224256,224306,224374,normal
228,725,224630,623.9722222222222,NORMAL,N,,,,224604,224646,224728,224795,224825,inverted
228,726,224922,624.7833333333333,NORMAL,N,,,,224898,224931,225017,225090,225126,inverted
228,727,225222,625.6166666666667,NORMAL,N,,,,225197,225240,225264,225404,225435,biphasic_positive_negative
228,728,225541,626.5027777777777,NORMAL,N,,,,225515,225557,225641,225710,225748,inverted
228,729,225851,627.3638888888889,NORMAL,N,,,,225825,225870,225885,226037,226065,biphasic_positive_negative
228,730,226171,628.2527777777777,NORMAL,N,,,,226143,226187,226234,226316,226323,biphasic_positive_negative
228,731,226519,629.2194444444444,NORMAL,N,,,,226480,226538,226584,226713,226737,biphasic_positive_negative
228,732,226847,630.1305555555556,NORMAL,N,,,,226821,226861,226944,226983,227017,inverted
228,733,227128,630.9111111111112,NORMAL,N,,,,227096,227164,227204,227297,227322,biphasic_positive_negative
228,734,227416,631.7111111111111,NORMAL,N,,,,227391,227433,227480,227491,227497,normal
228,735,227624,632.2888888888889,PVC,V,,,,227587,227627,227634,227717,227784,normal
228,736,228039,633.4416666666667,NORMAL,N,,,,228016,228050,228071,228208,228251,biphasic_positive_negative
228,737,228356,634.3222222222222,NORMAL,N,,,,228331,228367,228399,228557,228578,biphasic_positive_negative
228,738,228673,635.2027777777778,NORMAL,N,,,,228649,228690,228768,228838,228879,inverted
228,739,228976,636.0444444444445,NORMAL,N,,,,228953,228996,229066,229128,229169,inverted
228,740,229261,636.8361111111111,NORMAL,N,,,,229238,229271,229352,229429,229462,inverted
228,741,229561,637.6694444444445,NORMAL,N,,,,229536,229572,229588,229738,229787,biphasic_positive_negative
228,742,229890,638.5833333333334,NORMAL,N,,,,229865,229901,229912,230069,230112,biphasic_positive_negative
228,743,230218,639.4944444444444,NORMAL,N,,,,230194,230239,230254,230401,230429,biphasic_positive_negative
228,744,230525,640.3472222222222,NORMAL,N,,,,230498,230540,230553,230700,230737,biphasic_positive_negative
228,745,230831,641.1972222222222,NORMAL,N,,,,230805,230850,230875,230923,230986,normal
228,746,231134,642.0388888888889,NORMAL,N,,,,231112,231151,231175,231302,231320,biphasic_positive_negative
228,747,231432,642.8666666666667,NORMAL,N,,,,231409,231451,231483,231603,231639,biphasic_positive_negative
228,748,231737,643.7138888888888,NORMAL,N,,,,231710,231758,231770,231917,231956,biphasic_positive_negative
228,749,232058,644.6055555555556,NORMAL,N,,,,232030,232073,232104,232241,232287,biphasic_positive_negative
228,750,232380,645.5,NORMAL,N,,,,232356,232396,232433,232560,232590,biphasic_positive_negative
228,751,232685,646.3472222222222,NORMAL,N,,,,232659,232711,232729,232861,232905,biphasic_positive_negative
228,752,233003,647.2305555555556,NORMAL,N,,,,232976,233022,233044,233179,233225,biphasic_positive_negative
228,753,233320,648.1111111111111,NORMAL,N,,,,233295,233335,233370,233411,233453,normal
228,754,233631,648.975,NORMAL,N,,,,233608,233646,233674,233714,233748,normal
228,755,233838,649.55,PVC,V,,,,233802,233868,233884,233908,233973,inverted
228,756,234250,650.6944444444445,NORMAL,N,,,,234220,234262,,234291,234345,positive_monophasic
228,757,234456,651.2666666666667,PVC,V,,,,234422,234471,234483,234510,234587,inverted
228,758,234883,652.4527777777778,NORMAL,N,,,,234856,234895,234912,235072,235119,biphasic_positive_negative
228,759,235219,653.3861111111111,NORMAL,N,,,,235192,235229,235251,235411,235423,biphasic_positive_negative
228,760,235515,654.2083333333334,NORMAL,N,,,,235491,235531,235556,235603,235643,normal
228,761,235814,655.0388888888889,NORMAL,N,,,,235791,235833,235837,236007,236021,biphasic_positive_negative
228,762,236114,655.8722222222223,NORMAL,N,,,,236091,236131,236150,236207,236253,normal
228,763,236450,656.8055555555555,NORMAL,N,,,,236423,236467,236480,236636,236662,biphasic_positive_negative
228,764,236779,657.7194444444444,NORMAL,N,,,,236752,236797,236830,236968,236985,biphasic_positive_negative
228,765,237097,658.6027777777778,NORMAL,N,,,,237072,237116,237140,237266,237292,biphasic_positive_negative
228,766,237399,659.4416666666667,NORMAL,N,,,,237376,237414,237456,237563,237574,biphasic_positive_negative
228,767,237702,660.2833333333333,NORMAL,N,,,,237680,237716,237746,237869,237911,biphasic_positive_negative
228,768,238006,661.1277777777777,NORMAL,N,,,,237980,238021,238035,238163,238211,biphasic_positive_negative
228,769,238306,661.9611111111111,NORMAL,N,,,,238282,238321,238342,238485,238526,biphasic_positive_negative
228,770,238624,662.8444444444444,NORMAL,N,,,,238598,238639,238645,238812,238860,biphasic_positive_negative
228,771,238954,663.7611111111111,NORMAL,N,,,,238930,238965,238986,239129,239176,biphasic_positive_negative
228,772,239271,664.6416666666667,NORMAL,N,,,,239246,239293,239299,239483,239499,biphasic_positive_negative
228,773,239595,665.5416666666666,NORMAL,N,,,,239571,239611,239657,239793,239818,biphasic_positive_negative
228,774,239909,666.4138888888889,NORMAL,N,,,,239885,239922,239960,239999,240030,normal
228,775,240124,667.0111111111111,PVC,V,,,,240087,240152,240158,240184,240254,inverted
228,776,240532,668.1444444444444,NORMAL,N,,,,240508,240548,240588,240715,240759,biphasic_positive_negative
228,777,240868,669.0777777777778,NORMAL,N,,,,240840,240884,240924,241057,241083,biphasic_positive_negative
228,778,241183,669.9527777777778,NORMAL,N,,,,241158,241207,241233,241374,241411,biphasic_positive_negative
228,779,241510,670.8611111111111,NORMAL,N,,,,241485,241531,241572,241706,241739,biphasic_positive_negative
228,780,241841,671.7805555555556,NORMAL,N,,,,241817,241855,241933,242018,242042,inverted
228,781,242139,672.6083333333333,NORMAL,N,,,,242105,242155,242158,242227,242254,normal
228,782,242348,673.1888888888889,PVC,V,,,,242314,242364,242380,242415,242472,inverted
228,783,242753,674.3138888888889,NORMAL,N,,,,242728,242770,242794,242960,242993,biphasic_positive_negative
228,784,243106,675.2944444444445,NORMAL,N,,,,243076,243129,243163,243299,243330,biphasic_positive_negative
228,785,243434,676.2055555555555,NORMAL,N,,,,243403,243452,,243484,243532,positive_monophasic
228,786,243649,676.8027777777778,PVC,V,,,,243616,243687,,243705,243775,positive_monophasic
228,787,244058,677.9388888888889,NORMAL,N,,,,244035,244069,244113,244151,244178,normal
228,788,244283,678.5638888888889,PVC,V,,,,244249,244310,244330,244354,244414,inverted
228,789,244689,679.6916666666667,NORMAL,N,,,,244662,244706,244715,244791,244826,normal
228,790,244918,680.3277777777778,PVC,V,,,,244879,244952,244958,244988,245078,inverted
228,791,245382,681.6166666666667,NORMAL,N,,,,245358,245392,245400,245477,245512,normal
228,792,245606,682.2388888888889,PVC,V,,,,245567,245641,245647,245662,245757,inverted
228,793,246020,683.3888888888889,NORMAL,N,,,,245997,246030,246114,246193,246227,inverted
228,794,246321,684.225,NORMAL,N,,,,246296,246331,246339,246490,246538,biphasic_positive_negative
228,795,246638,685.1055555555556,NORMAL,N,,,,246613,246648,246693,246819,246865,biphasic_positive_negative
228,796,246970,686.0277777777778,NORMAL,N,,,,246945,246987,246989,247153,247187,biphasic_positive_negative
228,797,247287,686.9083333333333,NORMAL,N,,,,247260,247304,247342,247476,247511,biphasic_positive_negative
228,798,247611,687.8083333333333,NORMAL,N,,,,247575,247622,247635,247798,247835,biphasic_positive_negative
228,799,247928,688.6888888888889,NORMAL,N,,,,247904,247947,248020,248102,248138,inverted
228,800,248236,689.5444444444445,NORMAL,N,,,,248214,248253,248329,248407,248445,inverted
228,801,248543,690.3972222222222,NORMAL,N,,,,248519,248560,248640,248715,248752,inverted
228,802,248853,691.2583333333333,NORMAL,N,,,,248816,248877,248913,249032,249076,biphasic_positive_negative
228,803,249173,692.1472222222222,NORMAL,N,,,,249149,249189,249267,249342,249380,inverted
228,804,249481,693.0027777777777,NORMAL,N,,,,249456,249497,249544,249663,249718,biphasic_positive_negative
228,805,249827,693.9638888888888,NORMAL,N,,,,249802,249849,249866,250031,250063,biphasic_positive_negative
228,806,250160,694.8888888888889,NORMAL,N,,,,250136,250179,250191,250252,250280,normal
228,807,250375,695.4861111111111,PVC,V,,,,250338,250418,,250436,250497,positive_monophasic
228,808,250763,696.5638888888889,NORMAL,N,,,,250739,250779,,250800,250845,positive_monophasic
228,809,250958,697.1055555555556,PVC,V,,,,250925,250983,251009,251028,251093,inverted
228,810,251366,698.2388888888889,NORMAL,N,,,,251343,251376,,251420,251456,positive_monophasic
228,811,251581,698.8361111111111,PVC,V,,,,251545,251618,,251640,251734,positive_monophasic
228,812,252012,700.0333333333333,NORMAL,N,,,,251987,252023,,252050,252102,positive_monophasic
228,813,252222,700.6166666666667,PVC,V,,,,252186,252240,252252,252288,252360,inverted
228,814,252612,701.7,NORMAL,N,,,,252591,252622,252665,252698,252733,normal
228,815,252803,702.2305555555556,PVC,V,,,,252771,252831,252840,252857,252935,inverted
228,816,253211,703.3638888888889,NORMAL,N,,,,253185,253221,,253269,253306,positive_monophasic
228,817,253425,703.9583333333334,PVC,V,,,,253391,253449,253474,253493,253560,inverted
228,818,253841,705.1138888888889,NORMAL,N,,,,253818,253851,,253887,253929,positive_monophasic
228,819,254057,705.7138888888888,PVC,V,,,,254020,254091,,254130,254197,positive_monophasic
228,820,254473,706.8694444444444,NORMAL,N,,,,254449,254484,,254513,254559,positive_monophasic
228,821,254665,707.4027777777778,PVC,V,,,,254632,254684,254695,254727,254788,inverted
228,822,255046,708.4611111111111,NORMAL,N,,,,255024,255056,,255092,255131,positive_monophasic
228,823,255252,709.0333333333333,PVC,V,,,,255215,255273,255288,255317,255399,inverted
228,824,255674,710.2055555555555,NORMAL,N,,,,255646,255686,255733,255774,255815,normal
228,825,255917,710.8805555555556,PVC,V,,,,255883,255947,255963,255993,256048,inverted
228,826,256320,712.0,NORMAL,N,,,,256295,256331,,256355,256412,positive_monophasic
228,827,256539,712.6083333333333,PVC,V,,,,256501,256570,256598,256608,256680,inverted
228,828,256951,713.7527777777777,NORMAL,N,,,,256929,256962,,256984,257041,positive_monophasic
228,829,257150,714.3055555555555,PVC,V,,,,257119,257176,257196,257208,257268,inverted
228,830,257528,715.3555555555556,NORMAL,N,,,,257493,257537,,257570,257611,positive_monophasic
228,831,257731,715.9194444444445,PVC,V,,,,257694,257758,257788,257800,257879,inverted
228,832,258139,717.0527777777778,NORMAL,N,,,,258113,258149,258171,258322,258359,biphasic_positive_negative
228,833,258456,717.9333333333333,NORMAL,N,,,,258429,258473,258498,258549,258616,normal
228,834,258785,718.8472222222222,NORMAL,N,,,,258760,258801,258810,258961,258988,biphasic_positive_negative
228,835,259079,719.6638888888889,NORMAL,N,,,,259056,259096,259115,259164,259220,normal
228,836,259355,720.4305555555555,NORMAL,N,,,,259334,259372,259388,259435,259501,normal
228,837,259641,721.225,NORMAL,N,,,,259618,259660,259671,259827,259855,biphasic_positive_negative
228,838,259962,722.1166666666667,NORMAL,N,,,,259922,259978,260015,260065,260108,normal
228,839,260294,723.0388888888889,NORMAL,N,,,,260269,260313,260361,260476,260522,biphasic_positive_negative
228,840,260617,723.9361111111111,NORMAL,N,,,,260591,260632,260651,260794,260832,biphasic_positive_negative
228,841,260926,724.7944444444445,NORMAL,N,,,,260902,260940,260968,261101,261132,biphasic_positive_negative
228,842,261225,725.625,NORMAL,N,,,,261201,261243,261263,261308,261374,normal
228,843,261503,726.3972222222222,NORMAL,N,,,,261479,261522,261535,261589,261622,normal
228,844,261710,726.9722222222222,PVC,V,,,,261676,261736,261754,261779,261839,inverted
228,845,262126,728.1277777777777,NORMAL,N,,,,262100,262137,262178,262225,262307,normal
228,846,262469,729.0805555555555,NORMAL,N,,,,262441,262486,262521,262568,262625,normal
228,847,262800,730.0,NORMAL,N,,,,262776,262817,262819,263003,263017,biphasic_positive_negative
228,848,263112,730.8666666666667,NORMAL,N,,,,263088,263129,263137,263295,263338,biphasic_positive_negative
228,849,263438,731.7722222222222,NORMAL,N,,,,263412,263453,263536,263599,263645,inverted
228,850,263736,732.6,NORMAL,N,,,,263713,263753,263770,263788,263817,normal
228,851,263926,733.1277777777777,PVC,V,,,,263896,263969,263975,264013,264073,normal
228,852,264344,734.2888888888889,NORMAL,N,,,,264318,264365,264399,264533,264579,biphasic_positive_negative
228,853,264684,735.2333333333333,NORMAL,N,,,,264657,264707,264722,264860,264901,biphasic_positive_negative
228,854,264999,736.1083333333333,NORMAL,N,,,,264975,265019,265047,265185,265220,biphasic_positive_negative
228,855,265314,736.9833333333333,NORMAL,N,,,,265289,265330,265363,265489,265528,biphasic_positive_negative
228,856,265622,737.8388888888888,NORMAL,N,,,,265599,265642,265664,265798,265814,biphasic_positive_negative
228,857,265906,738.6277777777777,NORMAL,N,,,,265881,265919,265952,266067,266111,biphasic_positive_negative
228,858,266202,739.45,NORMAL,N,,,,266179,266219,266245,266370,266412,biphasic_positive_negative
228,859,266511,740.3083333333333,NORMAL,N,,,,266486,266525,266578,266623,266673,normal
228,860,266917,741.4361111111111,NORMAL,N,,,,266887,266929,,266982,267012,positive_monophasic
228,861,267147,742.075,PVC,V,,,,267108,267151,267156,267217,267315,normal
228,862,267590,743.3055555555555,NORMAL,N,,,,267567,267611,267635,267675,267741,normal
228,863,267882,744.1166666666667,NORMAL,N,,,,267858,267892,267905,267959,268000,normal
228,864,268172,744.9222222222222,NORMAL,N,,,,268146,268188,268217,268340,268376,biphasic_positive_negative
228,865,268468,745.7444444444444,NORMAL,N,,,,268442,268478,268506,268640,268685,biphasic_positive_negative
228,866,268787,746.6305555555556,NORMAL,N,,,,268759,268797,268843,268889,268943,normal
228,867,269176,747.7111111111111,NORMAL,N,,,,269148,269196,269231,269378,269417,biphasic_positive_negative
228,868,269519,748.6638888888889,NORMAL,N,,,,269494,269530,269568,269702,269718,biphasic_positive_negative
228,869,269824,749.5111111111111,NORMAL,N,,,,269802,269834,269863,269986,270006,biphasic_positive_negative
228,870,270117,750.325,NORMAL,N,,,,270093,270127,270178,270301,270323,biphasic_positive_negative
228,871,270441,751.225,NORMAL,N,,,,270406,270451,270491,270623,270672,biphasic_positive_negative
228,872,270775,752.1527777777778,NORMAL,N,,,,270748,270786,270830,270979,270993,biphasic_positive_negative
228,873,271113,753.0916666666667,NORMAL,N,,,,271077,271134,271166,271217,271262,normal
228,874,271465,754.0694444444445,NORMAL,N,,,,271441,271488,271514,271662,271674,biphasic_positive_negative
228,875,271799,754.9972222222223,NORMAL,N,,,,271775,271808,,271816,271883,positive_monophasic
228,876,271975,755.4861111111111,PVC,V,,,,271945,271979,271985,272039,272121,normal
228,877,272395,756.6527777777778,NORMAL,N,,,,272371,272406,272416,272586,272600,biphasic_positive_negative
228,878,272709,757.525,NORMAL,N,,,,272687,272720,272763,272880,272905,biphasic_positive_negative
228,879,273019,758.3861111111111,NORMAL,N,,,,272996,273036,273042,273191,273242,biphasic_positive_negative
228,880,273347,759.2972222222222,NORMAL,N,,,,273321,273366,273397,273539,273579,biphasic_positive_negative
228,881,273706,760.2944444444445,NORMAL,N,,,,273680,273726,273767,273907,273930,biphasic_positive_negative
228,882,274048,761.2444444444444,NORMAL,N,,,,274024,274069,274084,274135,274182,normal
228,883,274356,762.1,NORMAL,N,274226,274244,274264,274334,274365,274394,274512,274547,biphasic_positive_negative
228,884,274649,762.9138888888889,NORMAL,N,,,,274627,274690,274709,274739,274766,normal
228,885,274832,763.4222222222222,PVC,V,,,,274777,274836,274841,274899,274987,normal
228,886,275273,764.6472222222222,NORMAL,N,,,,275249,275282,275340,275354,275368,normal
228,887,275481,765.225,PVC,V,,,,275441,275509,275522,275548,275612,inverted
228,888,275991,766.6416666666667,NORMAL,N,,,,275963,276002,,276048,276085,positive_monophasic
228,889,276204,767.2333333333333,PVC,V,,,,276167,276227,276239,276260,276332,inverted
228,890,276600,768.3333333333334,NORMAL,N,,,,276574,276609,,276647,276680,positive_monophasic
228,891,276792,768.8666666666667,PVC,V,,,,276757,276821,276829,276840,276923,inverted
228,892,277227,770.075,NORMAL,N,,,,277200,277238,277281,277326,277360,normal
228,893,277447,770.6861111111111,PVC,V,,,,277407,277477,277490,277513,277593,inverted
228,894,277921,772.0027777777777,NORMAL,N,,,,277891,277933,277971,278031,278083,normal
228,895,278157,772.6583333333333,PVC,V,,,,278119,278178,278191,278216,278296,inverted
228,896,278578,773.8277777777778,NORMAL,N,,,,278555,278588,,278613,278659,positive_monophasic
228,897,278771,774.3638888888889,PVC,V,,,,278736,278796,,278841,278900,positive_monophasic
228,898,279175,775.4861111111111,NORMAL,N,,,,279140,279186,279211,279268,279318,normal
228,899,279391,776.0861111111111,PVC,V,,,,279355,279415,279424,279459,279535,inverted
228,900,279817,777.2694444444444,NORMAL,N,,,,279792,279827,279867,279911,279950,normal
228,901,280034,777.8722222222223,PVC,V,,,,279995,280069,280077,280091,280184,inverted
228,902,280491,779.1416666666667,NORMAL,N,,,,280464,280502,280562,280577,280585,normal
228,903,280701,779.725,PVC,V,,,,280668,280724,280745,280756,280818,inverted
228,904,281083,780.7861111111112,NORMAL,N,,,,281049,281092,,281121,281162,positive_monophasic
228,905,281279,781.3305555555555,PVC,V,,,,281244,281300,281332,281342,281411,inverted
228,906,281683,782.4527777777778,NORMAL,N,,,,281649,281694,,281737,281777,positive_monophasic
228,907,281890,783.0277777777778,PVC,V,,,,281855,281922,281924,281960,282033,inverted
228,908,282334,784.2611111111111,NORMAL,N,,,,282306,282346,282409,282425,282441,normal
228,909,282583,784.9527777777778,PVC,V,,,,282544,282614,282644,282662,282718,inverted
228,910,282982,786.0611111111111,NORMAL,N,,,,282949,282997,,283023,283064,positive_monophasic
228,911,283174,786.5944444444444,PVC,V,,,,283142,283200,,283241,283296,positive_monophasic
228,912,283571,787.6972222222222,NORMAL,N,,,,283546,283585,283624,283674,283740,normal
228,913,283806,788.35,PVC,V,,,,283766,283837,283861,283887,283964,inverted
228,914,284282,789.6722222222222,NORMAL,N,,,,284254,284307,,284361,284388,positive_monophasic
228,915,284541,790.3916666666667,PVC,V,,,,284501,284569,284585,284597,284699,inverted
228,916,284980,791.6111111111111,NORMAL,N,,,,284956,284989,,285026,285066,positive_monophasic
228,917,285178,792.1611111111112,PVC,V,,,,285144,285211,285232,285242,285311,inverted
228,918,285563,793.2305555555556,NORMAL,N,,,,285539,285585,285617,285662,285700,normal
228,919,285776,793.8222222222222,PVC,V,,,,285740,285806,285819,285839,285932,inverted
228,920,286236,795.1,NORMAL,N,,,,286202,286247,,286293,286333,positive_monophasic
228,921,286462,795.7277777777778,PVC,V,,,,286422,286486,,286532,286600,positive_monophasic
228,922,286891,796.9194444444445,NORMAL,N,,,,286863,286901,,286944,286985,positive_monophasic
228,923,287115,797.5416666666666,PVC,V,,,,287078,287144,287169,287187,287250,inverted
228,924,287507,798.6305555555556,NORMAL,N,,,,287484,287517,287536,287592,287658,normal
228,925,287806,799.4611111111111,NORMAL,N,,,,287785,287824,287825,287893,287941,normal
228,926,288110,800.3055555555555,NORMAL,N,,,,288074,288136,288169,288209,288255,normal
228,927,288442,801.2277777777778,NORMAL,N,,,,288414,288459,288461,288539,288601,normal
228,928,288763,802.1194444444444,NORMAL,N,,,,288739,288777,288800,288856,288912,normal
228,929,289122,803.1166666666667,NORMAL,N,,,,289095,289136,289198,289212,289226,normal
228,930,289348,803.7444444444444,PVC,V,,,,289329,289370,289378,289461,289530,normal
228,931,289746,804.85,NORMAL,N,,,,289724,289761,289763,289831,289902,normal
228,932,290043,805.675,NORMAL,N,,,,290021,290063,290067,290218,290258,biphasic_positive_negative
228,933,290355,806.5416666666666,NORMAL,N,,,,290321,290372,290378,290541,290559,biphasic_positive_negative
228,934,290686,807.4611111111111,NORMAL,N,,,,290659,290703,290741,290871,290914,biphasic_positive_negative
228,935,291009,808.3583333333333,NORMAL,N,,,,290984,291026,291066,291193,291239,biphasic_positive_negative
228,936,291342,809.2833333333333,NORMAL,N,,,,291304,291357,,291377,291433,positive_monophasic
228,937,291545,809.8472222222222,PVC,V,,,,291508,291548,291553,291631,291692,normal
228,938,291926,810.9055555555556,NORMAL,N,,,,291902,291935,291944,292014,292081,normal
228,939,292213,811.7027777777778,NORMAL,N,,,,292189,292235,292241,292418,292430,biphasic_positive_negative
228,940,292524,812.5666666666667,NORMAL,N,,,,292500,292535,292550,292722,292734,biphasic_positive_negative
228,941,292861,813.5027777777777,NORMAL,N,,,,292836,292882,292913,293069,293086,biphasic_positive_negative
228,942,293184,814.4,NORMAL,N,,,,293156,293195,293241,293379,293408,biphasic_positive_negative
228,943,293504,815.2888888888889,NORMAL,N,,,,293479,293519,293553,293664,293681,biphasic_positive_negative
228,944,293805,816.125,NORMAL,N,,,,293783,293815,293844,293967,294010,biphasic_positive_negative
228,945,294101,816.9472222222222,NORMAL,N,,,,294078,294117,294146,294192,294247,normal
228,946,294403,817.7861111111112,NORMAL,N,,,,294382,294414,294452,294586,294609,biphasic_positive_negative
228,947,294729,818.6916666666667,NORMAL,N,,,,294692,294749,294781,294916,294945,biphasic_positive_negative
228,948,295040,819.5555555555555,NORMAL,N,,,,295015,295050,295073,295204,295251,biphasic_positive_negative
228,949,295348,820.4111111111112,NORMAL,N,,,,295324,295359,295391,295510,295558,biphasic_positive_negative
228,950,295653,821.2583333333333,NORMAL,N,,,,295629,295664,295713,295828,295875,biphasic_positive_negative
228,951,295966,822.1277777777777,NORMAL,N,,,,295943,295975,296019,296130,296139,biphasic_positive_negative
228,952,296259,822.9416666666667,NORMAL,N,,,,296234,296268,296304,296416,296455,biphasic_positive_negative
228,953,296546,823.7388888888889,NORMAL,N,,,,296522,296555,296589,296717,296754,biphasic_positive_negative
228,954,296846,824.5722222222222,NORMAL,N,,,,296822,296857,296906,297017,297061,biphasic_positive_negative
228,955,297158,825.4388888888889,NORMAL,N,,,,297131,297177,297215,297250,297313,normal
228,956,297488,826.3555555555556,NORMAL,N,,,,297463,297499,297534,297668,297707,biphasic_positive_negative
228,957,297806,827.2388888888889,NORMAL,N,,,,297780,297820,,,,
228,958,298115,828.0972222222222,NORMAL,N,298036,298060,298084,298094,298125,298163,298193,298240,normal
228,959,298395,828.875,NORMAL,N,298318,298338,298364,298374,298404,298413,298474,298541,normal
228,960,298687,829.6861111111111,NORMAL,N,298605,298626,298650,298664,298697,298735,298771,298814,normal
228,961,298985,830.5138888888889,NORMAL,N,298897,298920,298950,298961,298997,299029,299160,299205,biphasic_positive_negative
228,962,299300,831.3888888888889,NORMAL,N,299210,299236,299264,299277,299311,299356,299491,299504,biphasic_positive_negative
228,963,299626,832.2944444444445,NORMAL,N,299547,299562,299589,299602,299635,299644,299828,299844,biphasic_positive_negative
228,964,299938,833.1611111111112,NORMAL,N,299856,299876,299890,299912,299948,,299986,300026,positive_monophasic
228,965,300119,833.6638888888889,PVC,V,,,,300088,300120,300129,300182,300267,normal
228,966,300530,834.8055555555555,NORMAL,N,300456,300471,300493,300508,300539,300584,300696,300746,biphasic_positive_negative
228,967,300839,835.6638888888889,NORMAL,N,300751,300778,300805,300815,300849,300867,301031,301050,biphasic_positive_negative
228,968,301150,836.5277777777778,NORMAL,N,301061,301081,301098,301123,301161,301170,301338,301371,biphasic_positive_negative
228,969,301462,837.3944444444444,NORMAL,N,301381,301401,301425,301436,301473,301518,301550,301602,normal
228,970,301772,838.2555555555556,NORMAL,N,301691,301710,301729,301749,301781,301820,301862,301935,normal
228,971,302086,839.1277777777777,NORMAL,N,302006,302026,302050,302064,302096,302129,302242,302295,biphasic_positive_negative
228,972,302390,839.9722222222222,NORMAL,N,302304,302327,302348,302364,302401,302440,302550,302576,biphasic_positive_negative
228,973,302682,840.7833333333333,NORMAL,N,302603,302623,302644,302659,302693,302724,302769,302839,normal
228,974,302976,841.6,NORMAL,N,302898,302917,302940,302953,302986,303015,303172,303196,biphasic_positive_negative
228,975,303291,842.475,NORMAL,N,303206,303228,303245,303266,303301,303338,303459,303507,biphasic_positive_negative
228,976,303600,843.3333333333334,NORMAL,N,303522,303537,303558,303576,303611,303635,303770,303826,biphasic_positive_negative
228,977,303923,844.2305555555556,NORMAL,N,303836,303857,303884,303897,303935,303972,304106,304161,biphasic_positive_negative
228,978,304257,845.1583333333333,NORMAL,N,304179,304193,304213,304232,304267,304308,304462,304477,biphasic_positive_negative
228,979,304575,846.0416666666666,NORMAL,N,304492,304510,304535,304551,304585,304626,304730,304758,biphasic_positive_negative
228,980,304860,846.8333333333334,NORMAL,N,304784,304803,304825,304838,304870,304913,305028,305068,biphasic_positive_negative
228,981,305161,847.6694444444445,NORMAL,N,305077,305098,305125,305138,305172,305207,305344,305368,biphasic_positive_negative
228,982,305483,848.5638888888889,NORMAL,N,305397,305421,305437,305447,305493,305532,305574,305616,normal
228,983,305817,849.4916666666667,NORMAL,N,305731,305751,305768,305793,305827,305841,305911,305949,normal
228,984,306162,850.45,NORMAL,N,306064,306090,306106,306126,306174,306230,306265,306335,normal
228,985,306495,851.375,NORMAL,N,306406,306431,306459,306472,306506,306514,306590,306628,normal
228,986,306819,852.275,NORMAL,N,306739,306758,306773,306796,306829,306844,306987,307023,biphasic_positive_negative
228,987,307115,853.0972222222222,NORMAL,N,307029,307054,307077,307092,307126,307157,307292,307340,biphasic_positive_negative
228,988,307448,854.0222222222222,NORMAL,N,307347,307379,307406,307421,307460,307494,307658,307704,biphasic_positive_negative
228,989,307815,855.0416666666666,NORMAL,N,307712,307744,307771,307788,307826,307861,308019,308069,biphasic_positive_negative
228,990,308172,856.0333333333333,NORMAL,N,308075,308110,308135,308147,308182,308268,308348,308393,inverted
228,991,308495,856.9305555555555,NORMAL,N,308401,308435,308454,308470,308505,308590,308659,308707,inverted
228,992,308809,857.8027777777778,NORMAL,N,308715,308749,308765,308783,308820,,308853,308900,positive_monophasic
228,993,308981,858.2805555555556,PVC,V,,,,308948,308982,308991,309050,309126,normal
228,994,309416,859.4888888888889,NORMAL,N,309330,309360,309377,309392,309426,309470,309596,309647,biphasic_positive_negative
228,995,309749,860.4138888888889,NORMAL,N,309653,309688,309707,309725,309760,309792,309956,309989,biphasic_positive_negative
228,996,310110,861.4166666666666,NORMAL,N,309997,310040,310057,310070,310121,310188,310217,310291,normal
228,997,310446,862.35,NORMAL,N,310352,310386,310410,310424,310458,310549,310623,310672,inverted
228,998,310781,863.2805555555556,NORMAL,N,310680,310712,310738,310746,310792,310891,310985,311031,inverted
228,999,311144,864.2888888888889,NORMAL,N,311038,311077,311098,311118,311154,311193,311243,311304,normal
228,1000,311459,865.1638888888889,NORMAL,N,311367,311399,311420,311430,311469,311496,311550,311613,normal
228,1001,311761,866.0027777777777,NORMAL,N,311672,311704,311721,311736,311771,311812,311818,311854,normal
228,1002,311980,866.6111111111111,PVC,V,311941,311952,311970,311980,312025,312034,312070,312130,normal
228,1003,312453,867.925,NORMAL,N,312360,312394,312416,312430,312463,312523,312634,312679,biphasic_positive_negative
228,1004,312783,868.8416666666667,NORMAL,N,312685,312722,312747,312759,312793,312829,312958,312998,biphasic_positive_negative
228,1005,313097,869.7138888888888,NORMAL,N,313003,313035,313061,313062,313107,313131,313278,313319,biphasic_positive_negative
228,1006,313416,870.6,NORMAL,N,313324,313358,313377,313393,313427,313450,313594,313631,biphasic_positive_negative
228,1007,313726,871.4611111111111,NORMAL,N,313638,313668,313688,313690,313736,313758,313896,313931,biphasic_positive_negative
228,1008,314033,872.3138888888889,NORMAL,N,313939,313975,313991,314008,314044,314053,314221,314264,biphasic_positive_negative
228,1009,314373,873.2583333333333,NORMAL,N,314270,314307,314326,314348,314386,314447,314481,314565,normal
228,1010,314733,874.2583333333333,NORMAL,N,314633,314669,314696,314697,314745,314840,314925,314970,inverted
228,1011,315078,875.2166666666667,NORMAL,N,314978,315016,315039,315040,315088,315119,315165,315232,normal
228,1012,315377,876.0472222222222,NORMAL,N,315287,315318,315343,315355,315387,315395,315547,315588,biphasic_positive_negative
228,1013,315690,876.9166666666666,NORMAL,N,315595,315629,315647,315653,315700,315736,315867,315903,biphasic_positive_negative
228,1014,315996,877.7666666666667,NORMAL,N,315909,315938,315962,315973,316007,316028,316173,316226,biphasic_positive_negative
228,1015,316326,878.6833333333333,NORMAL,N,316234,316260,316281,316291,316337,316380,316516,316534,biphasic_positive_negative
228,1016,316677,879.6583333333333,NORMAL,N,316587,316606,316636,316651,316689,316727,316859,316885,biphasic_positive_negative
228,1017,317011,880.5861111111111,NORMAL,N,316931,316946,316967,316988,317023,317039,317106,317175,normal
228,1018,317316,881.4333333333333,NORMAL,N,317240,317257,317280,317294,317327,317348,317470,317516,biphasic_positive_negative
228,1019,317607,882.2416666666667,NORMAL,N,317533,317549,317568,317584,317618,317657,317792,317814,biphasic_positive_negative
228,1020,317939,883.1638888888889,NORMAL,N,317854,317871,317895,317913,317950,317982,318115,318162,biphasic_positive_negative
228,1021,318258,884.05,NORMAL,N,318175,318194,318218,318231,318268,318317,318439,318488,biphasic_positive_negative
228,1022,318582,884.95,NORMAL,N,318493,318521,318545,318558,318592,318617,318747,318804,biphasic_positive_negative
228,1023,318898,885.8277777777778,NORMAL,N,318810,318835,318852,318866,318908,318918,318989,319034,normal
228,1024,319137,886.4916666666667,PVC,V,,,,319092,319221,,319222,319284,negative_monophasic
228,1025,319520,887.5555555555555,NORMAL,N,319442,319459,319483,319496,319532,319544,319699,319729,biphasic_positive_negative
228,1026,319823,888.3972222222222,NORMAL,N,319744,319761,319781,319798,319833,319849,319998,320026,biphasic_positive_negative
228,1027,320151,889.3083333333333,NORMAL,N,320062,320085,320110,320126,320161,320179,320316,320368,biphasic_positive_negative
228,1028,320462,890.1722222222222,NORMAL,N,320385,320401,320427,320440,320473,320484,320634,320674,biphasic_positive_negative
228,1029,320768,891.0222222222222,NORMAL,N,320684,320705,320727,320744,320779,320820,320948,320993,biphasic_positive_negative
228,1030,321093,891.925,NORMAL,N,321010,321025,321050,321055,321105,321122,321194,321242,normal
228,1031,321436,892.8777777777777,NORMAL,N,321350,321371,321398,321399,321446,321490,321611,321663,biphasic_positive_negative
228,1032,321759,893.775,NORMAL,N,321677,321695,321720,321736,321769,321799,321924,321939,biphasic_positive_negative
228,1033,322045,894.5694444444445,NORMAL,N,321963,321986,322007,322021,322055,322096,322216,322262,biphasic_positive_negative
228,1034,322360,895.4444444444445,NORMAL,N,322270,322294,322311,322332,322372,322394,322457,322525,normal
228,1035,322680,896.3333333333334,NORMAL,N,322602,322618,322641,322647,322690,322699,322856,322905,biphasic_positive_negative
228,1036,323006,897.2388888888889,NORMAL,N,322921,322939,322968,322982,323017,323050,323097,323143,normal
228,1037,323345,898.1805555555555,NORMAL,N,323253,323274,323293,323317,323357,323393,323538,323578,biphasic_positive_negative
228,1038,323670,899.0833333333334,NORMAL,N,323590,323609,323632,323646,323682,323713,323762,323821,normal
228,1039,323965,899.9027777777778,NORMAL,N,323888,323909,323932,323944,323974,324020,324043,324108,normal
228,1040,324244,900.6777777777778,NORMAL,N,324162,324186,324211,324220,324254,324277,324409,324461,biphasic_positive_negative
228,1041,324564,901.5666666666667,NORMAL,N,324466,324496,324526,324537,324576,324618,324750,324794,biphasic_positive_negative
228,1042,324888,902.4666666666667,NORMAL,N,324809,324825,324843,324853,324899,324925,325074,325121,biphasic_positive_negative
228,1043,325219,903.3861111111111,NORMAL,N,325137,325156,325175,325194,325229,325238,325394,325439,biphasic_positive_negative
228,1044,325542,904.2833333333333,NORMAL,N,325455,325473,325491,325507,325552,325595,325716,325762,biphasic_positive_negative
228,1045,325857,905.1583333333333,NORMAL,N,325769,325794,325819,325832,325867,325896,325946,325984,normal
228,1046,326148,905.9666666666667,NORMAL,N,326070,326089,326112,326124,326158,326190,326317,326331,biphasic_positive_negative
228,1047,326446,906.7944444444445,NORMAL,N,326365,326386,326410,326423,326456,326473,326628,326652,biphasic_positive_negative
228,1048,326785,907.7361111111111,NORMAL,N,326692,326715,326731,326759,326795,326827,326963,327010,biphasic_positive_negative
228,1049,327110,908.6388888888889,NORMAL,N,327027,327043,327073,327086,327122,327164,327293,327320,biphasic_positive_negative
228,1050,327442,909.5611111111111,NORMAL,N,327360,327375,327404,327416,327453,327492,327624,327661,biphasic_positive_negative
228,1051,327791,910.5305555555556,NORMAL,N,327699,327717,327746,327761,327804,327864,327988,328024,biphasic_positive_negative
228,1052,328145,911.5138888888889,NORMAL,N,328061,328078,328105,328119,328156,328167,328316,328333,biphasic_positive_negative
228,1053,328458,912.3833333333333,NORMAL,N,328380,328394,328419,328431,328468,328517,328546,328593,normal
228,1054,328763,913.2305555555556,NORMAL,N,328685,328700,328722,328738,328774,328822,328864,328931,normal
228,1055,329120,914.2222222222222,NORMAL,N,329032,329049,329076,329093,329133,329177,329310,329338,biphasic_positive_negative
228,1056,329463,915.175,NORMAL,N,329382,329398,329417,329438,329475,329520,329699,329715,biphasic_positive_negative
228,1057,329826,916.1833333333333,NORMAL,N,329730,329752,329781,329800,329836,329933,330050,330088,inverted
228,1058,330205,917.2361111111111,NORMAL,N,330111,330129,330147,330175,330398,,330275,330306,positive_monophasic
228,1059,330398,917.7722222222222,PVC,V,,,,330367,,330410,330488,330545,normal
228,1060,330836,918.9888888888889,NORMAL,N,330760,330777,330802,330814,330847,330935,331007,331058,inverted
228,1061,331165,919.9027777777778,NORMAL,N,331075,331092,331110,331127,331175,331226,331378,331438,biphasic_positive_negative
228,1062,331551,920.975,NORMAL,N,331456,331474,331493,331524,331563,331666,331773,331811,inverted
228,1063,331919,921.9972222222223,NORMAL,N,331830,331847,331863,331879,331929,331976,332136,332186,biphasic_positive_negative
228,1064,332291,923.0305555555556,NORMAL,N,332193,332217,332250,332266,332302,332314,332483,332517,biphasic_positive_negative
228,1065,332634,923.9833333333333,NORMAL,N,332553,332571,332597,332610,332643,332691,332798,332825,biphasic_positive_negative
228,1066,332940,924.8333333333334,NORMAL,N,332862,332879,332905,332916,332949,332968,333100,333153,biphasic_positive_negative
228,1067,333257,925.7138888888888,NORMAL,N,333171,333187,333218,333230,333270,333337,333478,333486,biphasic_positive_negative
228,1068,333692,926.9222222222222,NORMAL,N,333591,333607,333626,333662,333704,333762,333900,333940,biphasic_positive_negative
228,1069,334045,927.9027777777778,NORMAL,N,333950,333960,333971,334021,334056,334080,334293,334306,biphasic_positive_negative
228,1070,334412,928.9222222222222,NORMAL,N,334314,334345,334362,334385,334422,334465,334606,334616,biphasic_positive_negative
228,1071,334754,929.8722222222223,NORMAL,N,334675,334690,334706,334717,334764,334818,334919,334940,biphasic_positive_negative
228,1072,335068,930.7444444444444,NORMAL,N,334982,335006,335022,335043,335078,335087,335260,335275,biphasic_positive_negative
228,1073,335392,931.6444444444444,NORMAL,N,335308,335332,335353,335368,335402,335490,335580,335633,inverted
228,1074,335751,932.6416666666667,NORMAL,N,335641,335674,335699,335721,335764,335825,336022,336034,biphasic_positive_negative
228,1075,336136,933.7111111111111,NORMAL,N,336042,336069,336093,336112,336147,336174,336315,336365,biphasic_positive_negative
228,1076,336468,934.6333333333333,NORMAL,N,336384,336400,336427,336443,336479,336534,336565,336631,normal
228,1077,336792,935.5333333333333,NORMAL,N,336713,336728,336743,336767,336802,336840,336971,336996,biphasic_positive_negative
228,1078,337108,936.4111111111112,NORMAL,N,337024,337047,337070,337084,337117,337152,337281,337298,biphasic_positive_negative
228,1079,337429,937.3027777777778,NORMAL,N,337340,337368,337393,337405,337439,337524,337599,337651,inverted
228,1080,337753,938.2027777777778,NORMAL,N,337658,337690,337710,337729,337764,337857,337946,337994,inverted
228,1081,338108,939.1888888888889,NORMAL,N,,,,338082,338119,338214,338298,338340,inverted
228,1082,338447,940.1305555555556,NORMAL,N,338348,338380,338411,338422,338459,338554,338636,338686,inverted
228,1083,338793,941.0916666666667,NORMAL,N,338693,338730,338750,338755,338803,338893,338972,339019,inverted
228,1084,339124,942.0111111111111,NORMAL,N,339025,339061,339084,339098,339135,339143,339212,339246,normal
228,1085,339418,942.8277777777778,NORMAL,N,339332,339362,339386,339394,339428,339458,339586,339595,biphasic_positive_negative
228,1086,339722,943.6722222222222,NORMAL,N,339616,339630,339652,339690,339733,339759,339892,339944,biphasic_positive_negative
228,1087,340035,944.5416666666666,NORMAL,N,339950,339979,339997,340007,340045,340100,340128,340218,normal
228,1088,340393,945.5361111111112,NORMAL,N,340289,340327,340346,340368,340404,340497,340573,340636,inverted
228,1089,340743,946.5083333333333,NORMAL,N,340645,340674,340704,340708,340754,340764,340838,340910,normal
228,1090,341065,947.4027777777778,NORMAL,N,340975,341001,341029,341041,341075,341103,341232,341254,biphasic_positive_negative
228,1091,341371,948.2527777777777,NORMAL,N,341297,341313,341339,341350,341380,,341399,341446,positive_monophasic
228,1092,341544,948.7333333333333,PVC,V,,,,341514,341545,341551,341605,341686,normal
228,1093,341977,949.9361111111111,NORMAL,N,341888,341913,341939,341952,341987,342002,342148,342201,biphasic_positive_negative
228,1094,342302,950.8388888888888,NORMAL,N,342217,342236,342261,342278,342313,342345,342415,342462,normal
228,1095,342690,951.9166666666666,NORMAL,N,342594,342621,342646,342663,342701,342727,342865,342899,biphasic_positive_negative
228,1096,343008,952.8,NORMAL,N,342932,342947,342970,342985,343017,343038,343171,343181,biphasic_positive_negative
228,1097,343318,953.6611111111112,NORMAL,N,343230,343254,343273,343295,343328,343368,343398,343465,normal
228,1098,343605,954.4583333333334,NORMAL,N,343523,343548,343573,343584,343615,343649,343796,343811,biphasic_positive_negative
228,1099,343906,955.2944444444445,NORMAL,N,343817,343844,343860,343882,343915,343939,344083,344128,biphasic_positive_negative
228,1100,344221,956.1694444444445,NORMAL,N,344134,344160,344184,344197,344231,344247,344388,344443,biphasic_positive_negative
228,1101,344546,957.0722222222222,NORMAL,N,344452,344479,344506,344521,344556,344594,344745,344783,biphasic_positive_negative
228,1102,344883,958.0083333333333,NORMAL,N,344789,344821,344841,344860,344894,344927,345060,345111,biphasic_positive_negative
228,1103,345212,958.9222222222222,NORMAL,N,345119,345148,345173,345177,345222,345273,345407,345438,biphasic_positive_negative
228,1104,345538,959.8277777777778,NORMAL,N,345447,345480,345497,345513,345547,345557,345698,345751,biphasic_positive_negative
228,1105,345843,960.675,NORMAL,N,345757,345784,345806,345820,345854,345896,345928,345988,normal
228,1106,346131,961.475,NORMAL,N,346048,346071,346094,346108,346141,346226,346311,346339,inverted
228,1107,346431,962.3083333333333,NORMAL,N,346345,346370,346393,346404,346441,346483,346611,346655,biphasic_positive_negative
228,1108,346749,963.1916666666667,NORMAL,N,346661,346684,346700,346725,346758,346798,346842,346897,normal
228,1109,347017,963.9361111111111,PVC,V,346910,346928,346959,346965,347038,347046,347111,347178,normal
228,1110,347405,965.0138888888889,NORMAL,N,347316,347342,347359,347379,347415,347466,347572,347616,biphasic_positive_negative
228,1111,347707,965.8527777777778,NORMAL,N,347628,347646,347674,347684,347717,347744,347790,347859,normal
228,1112,347999,966.6638888888889,NORMAL,N,347922,347943,347968,347977,348008,348016,348159,348196,biphasic_positive_negative
228,1113,348287,967.4638888888888,NORMAL,N,348202,348226,348246,348264,348297,348306,348464,348502,biphasic_positive_negative
228,1114,348601,968.3361111111111,NORMAL,N,348509,348536,348551,348576,348611,348652,348788,348829,biphasic_positive_negative
228,1115,348927,969.2416666666667,NORMAL,N,348836,348863,348881,348902,348937,348981,349026,349118,normal
228,1116,349282,970.2277777777778,NORMAL,N,349186,349215,349246,349257,349292,349302,349460,349492,biphasic_positive_negative
228,1117,349585,971.0694444444445,NORMAL,N,349506,349524,349538,349560,349594,349602,349751,349793,biphasic_positive_negative
228,1118,349887,971.9083333333333,NORMAL,N,349801,349824,349848,349863,349898,349931,350053,350078,biphasic_positive_negative
228,1119,350178,972.7166666666667,NORMAL,N,350106,350119,350138,350142,350187,350196,350346,350384,biphasic_positive_negative
228,1120,350475,973.5416666666666,NORMAL,N,350393,350413,350438,350451,350485,350515,350669,350701,biphasic_positive_negative
228,1121,350800,974.4444444444445,NORMAL,N,350711,350734,350761,350775,350811,350854,350982,351025,biphasic_positive_negative
228,1122,351129,975.3583333333333,NORMAL,N,351036,351058,351089,351104,351140,351168,351231,351288,normal
228,1123,351487,976.3527777777778,NORMAL,N,351401,351419,351449,351462,351497,351521,351664,351709,biphasic_positive_negative
228,1124,351801,977.225,NORMAL,N,351715,351739,351765,351766,351811,351849,351982,352032,biphasic_positive_negative
228,1125,352136,978.1555555555556,NORMAL,N,352052,352066,352096,352111,352146,352178,352316,352357,biphasic_positive_negative
228,1126,352449,979.025,NORMAL,N,352366,352386,352408,352424,352459,352499,352542,352616,normal
228,1127,352765,979.9027777777778,NORMAL,N,352682,352704,352730,352742,352774,352804,352970,352987,biphasic_positive_negative
228,1128,353082,980.7833333333333,NORMAL,N,352998,353020,353043,353057,353093,353123,353261,353287,biphasic_positive_negative
228,1129,353418,981.7166666666667,NORMAL,N,353322,353347,353367,353391,353429,353473,353605,353643,biphasic_positive_negative
228,1130,353763,982.675,NORMAL,N,353674,353693,353724,353739,353773,353811,353941,353958,biphasic_positive_negative
228,1131,354082,983.5611111111111,NORMAL,N,353992,354019,354047,354059,354093,354128,354259,354310,biphasic_positive_negative
228,1132,354403,984.4527777777778,NORMAL,N,354326,354341,354365,354377,354413,354434,354571,354618,biphasic_positive_negative
228,1133,354717,985.325,NORMAL,N,354632,354651,354679,354693,354727,354772,354883,354933,biphasic_positive_negative
228,1134,355028,986.1888888888889,NORMAL,N,354947,354964,354992,355005,355039,355071,355206,355240,biphasic_positive_negative
228,1135,355364,987.1222222222223,NORMAL,N,355275,355293,355313,355335,355374,355437,355476,355519,normal
228,1136,355800,988.3333333333334,NORMAL,N,355673,355699,355725,355766,355812,355873,356019,356046,biphasic_positive_negative
228,1137,356167,989.3527777777778,NORMAL,N,356080,356100,356125,356143,356177,356192,356330,356340,biphasic_positive_negative
228,1138,356461,990.1694444444445,NORMAL,N,356387,356403,356428,356439,356471,356510,356631,356643,biphasic_positive_negative
228,1139,356760,991.0,NORMAL,N,356679,356700,356725,356737,356770,356800,356849,356917,normal
228,1140,357073,991.8694444444444,NORMAL,N,356990,357012,357037,357049,357082,357095,357249,357275,biphasic_positive_negative
228,1141,357393,992.7583333333333,NORMAL,N,357286,357298,357318,357356,357403,357411,357604,357619,biphasic_positive_negative
228,1142,357720,993.6666666666666,NORMAL,N,357635,357652,357669,357694,357731,357833,357940,357981,inverted
228,1143,358097,994.7138888888888,NORMAL,N,358002,358018,358036,358070,358108,358118,358199,358280,normal
228,1144,358423,995.6194444444444,NORMAL,N,358349,358368,358390,358401,358432,358446,358501,358565,normal
228,1145,358713,996.425,NORMAL,N,358632,358652,358677,358687,358724,358735,358799,358826,normal
228,1146,358940,997.0555555555555,PVC,V,,,,358900,358941,358944,359025,359094,normal
228,1147,359348,998.1888888888889,NORMAL,N,359266,359286,359311,359326,359359,359378,359539,359551,biphasic_positive_negative
228,1148,359685,999.125,NORMAL,N,359604,359620,359647,359661,359696,359707,359871,359887,biphasic_positive_negative
228,1149,360009,1000.025,NORMAL,N,359923,359943,359970,359984,360019,360110,360216,360249,inverted
228,1150,360356,1000.9888888888889,NORMAL,N,360265,360287,360303,360320,360367,360413,360530,360556,biphasic_positive_negative
228,1151,360660,1001.8333333333334,NORMAL,N,360584,360601,360623,360637,360670,360692,360839,360880,biphasic_positive_negative
228,1152,360972,1002.7,NORMAL,N,360889,360910,360936,360948,360982,361024,361152,361186,biphasic_positive_negative
228,1153,361302,1003.6166666666667,NORMAL,N,361214,361239,361256,361277,361312,361319,361483,361532,biphasic_positive_negative
228,1154,361628,1004.5222222222222,NORMAL,N,361539,361556,361588,361602,361640,361684,361812,361832,biphasic_positive_negative
228,1155,361951,1005.4194444444445,NORMAL,N,361865,361888,361905,361926,361961,362009,362125,362177,biphasic_positive_negative
228,1156,362276,1006.3222222222222,NORMAL,N,362194,362209,362236,362251,362286,362332,362375,362430,normal
228,1157,362647,1007.3527777777778,NORMAL,N,362558,362576,362595,362622,362658,362698,362736,362804,normal
228,1158,362954,1008.2055555555555,NORMAL,N,362872,362894,362915,362931,363127,,363001,363040,positive_monophasic
228,1159,363127,1008.6861111111111,PVC,V,,,,363097,,363135,363200,363267,normal
228,1160,363573,1009.925,NORMAL,N,363494,363510,363526,363549,363584,363633,363766,363802,biphasic_positive_negative
228,1161,363915,1010.875,NORMAL,N,363836,363852,363881,363891,363926,363933,364002,364071,normal
228,1162,364239,1011.775,NORMAL,N,364153,364172,364188,364214,364250,364289,364421,364480,biphasic_positive_negative
228,1163,364586,1012.7388888888889,NORMAL,N,364498,364513,364545,364558,364599,364649,364694,364748,normal
228,1164,364933,1013.7027777777778,NORMAL,N,364859,364873,364901,364912,364943,364977,365102,365117,biphasic_positive_negative
228,1165,365225,1014.5138888888889,NORMAL,N,365150,365169,365191,365204,365235,,365257,365308,positive_monophasic
228,1166,365396,1014.9888888888889,PVC,V,,,,365357,365397,365405,365486,365543,normal
228,1167,365846,1016.2388888888889,NORMAL,N,365748,365758,365771,365818,365856,365870,365949,366023,normal
228,1168,366206,1017.2388888888889,NORMAL,N,366115,366139,366161,366181,366217,366234,366389,366453,biphasic_positive_negative
228,1169,366552,1018.2,NORMAL,N,366472,366485,366511,366528,366563,366572,366730,366763,biphasic_positive_negative
228,1170,366885,1019.125,NORMAL,N,366792,366819,366842,366861,366897,366913,367081,367124,biphasic_positive_negative
228,1171,367216,1020.0444444444445,NORMAL,N,367130,367156,367183,367184,367226,367301,367388,367415,inverted
228,1172,367513,1020.8694444444444,NORMAL,N,367422,367452,367478,367488,367524,367565,367689,367735,biphasic_positive_negative
228,1173,367837,1021.7694444444444,NORMAL,N,367741,367775,367797,367805,367848,367857,368025,368054,biphasic_positive_negative
228,1174,368185,1022.7361111111111,NORMAL,N,368089,368122,368150,368161,368195,368231,368371,368415,biphasic_positive_negative
228,1175,368515,1023.6527777777778,NORMAL,N,368421,368455,368476,368491,368525,368545,368681,368733,biphasic_positive_negative
228,1176,368831,1024.5305555555556,NORMAL,N,368739,368771,368797,368807,368841,368849,369015,369058,biphasic_positive_negative
228,1177,369169,1025.4694444444444,NORMAL,N,369065,369101,369122,369144,369180,369231,369270,369331,normal
228,1178,369489,1026.3583333333333,NORMAL,N,369404,369432,369457,369458,369498,369506,369666,369702,biphasic_positive_negative
228,1179,369803,1027.2305555555556,NORMAL,N,369709,369742,369760,369766,369814,369900,369971,370014,inverted
228,1180,370117,1028.1027777777779,NORMAL,N,370020,370053,370077,370084,370128,370134,370210,370244,normal
228,1181,370338,1028.7166666666667,PVC,V,,,,370304,370339,370348,370436,370506,normal
228,1182,370771,1029.9194444444445,NORMAL,N,370681,370714,370734,370747,370781,,370822,370864,positive_monophasic
228,1183,370983,1030.5083333333334,PVC,V,,,,370945,370999,371009,371049,371115,inverted
228,1184,371451,1031.8083333333334,NORMAL,N,371352,371383,371406,371425,371461,,371481,371540,positive_monophasic
228,1185,371635,1032.3194444444443,PVC,V,,,,371605,371648,371662,371686,371778,inverted
228,1186,372038,1033.4388888888889,NORMAL,N,371947,371981,371998,372011,372047,372098,372132,372207,normal
228,1187,372333,1034.2583333333334,NORMAL,N,372231,372252,372274,372307,372342,372351,372526,372546,biphasic_positive_negative
228,1188,372732,1035.3666666666666,NORMAL,N,372626,372664,372683,372706,372743,372759,372915,372958,biphasic_positive_negative
228,1189,373068,1036.3,NORMAL,N,,,,373041,373080,373128,373251,373303,biphasic_positive_negative
228,1190,373396,1037.2111111111112,NORMAL,N,373308,373339,373358,373373,373408,373447,373590,373630,biphasic_positive_negative
228,1191,373723,1038.1194444444445,NORMAL,N,373636,373666,373691,373700,373733,373813,373883,373927,inverted
228,1192,374020,1038.9444444444443,NORMAL,N,373933,373961,373979,373989,374029,374074,374206,374243,biphasic_positive_negative
228,1193,374357,1039.8805555555555,NORMAL,N,,,,374331,374370,374415,374462,374499,normal
228,1194,374605,1040.5694444444443,PVC,V,,,,374567,374606,374618,374715,374807,normal
228,1195,375101,1041.9472222222223,NORMAL,N,375005,375041,375058,375076,375113,375123,375296,375342,biphasic_positive_negative
228,1196,375444,1042.9,NORMAL,N,375348,375383,375404,375419,375455,375465,375630,375662,biphasic_positive_negative
228,1197,375763,1043.786111111111,NORMAL,N,375668,375703,375720,375725,375774,375792,375937,375982,biphasic_positive_negative
228,1198,376076,1044.6555555555556,NORMAL,N,375989,376019,376041,376055,376087,376148,376283,376304,biphasic_positive_negative
228,1199,376410,1045.5833333333333,NORMAL,N,376310,376340,376372,376382,376422,376454,376508,376575,normal
228,1200,376802,1046.6722222222222,NORMAL,N,376662,376677,376701,376770,376814,376922,377018,377069,inverted
228,1201,377198,1047.7722222222221,NORMAL,N,377105,377122,377149,377168,377210,377305,377390,377436,inverted
228,1202,377545,1048.736111111111,NORMAL,N,377442,377479,377497,377520,377556,377650,377730,377766,inverted
228,1203,377868,1049.6333333333334,NORMAL,N,377772,377804,377823,377842,377879,377982,378076,378113,inverted
228,1204,378215,1050.5972222222222,NORMAL,N,378120,378153,378174,378190,378225,378314,378395,378445,inverted
228,1205,378549,1051.525,NORMAL,N,378453,378489,378505,378525,378560,378652,378747,378790,inverted
228,1206,378913,1052.536111111111,NORMAL,N,378795,378838,378858,378881,378926,,,,
228,1207,379305,1053.625,NORMAL,N,379194,379236,379256,379277,379594,379373,379411,379463,normal
228,1208,379594,1054.4277777777777,PVC,V,,,,379554,,379603,379696,379762,normal
228,1209,379994,1055.5388888888888,NORMAL,N,379900,379931,379945,379968,380004,380091,380180,380220,inverted
228,1210,380325,1056.4583333333333,NORMAL,N,380226,380254,380270,380297,380336,380375,380499,380527,biphasic_positive_negative
228,1211,380635,1057.3194444444443,NORMAL,N,380556,380573,380589,380611,380645,380698,380814,380857,biphasic_positive_negative
228,1212,380959,1058.2194444444444,NORMAL,N,380867,380893,380918,380933,380970,381000,381183,381212,biphasic_positive_negative
228,1213,381315,1059.2083333333333,NORMAL,N,381217,381245,381274,381288,381325,381366,381503,381515,biphasic_positive_negative
228,1214,381650,1060.138888888889,NORMAL,N,381551,381561,381571,381614,381660,381696,381886,381900,biphasic_positive_negative
228,1215,382002,1061.1166666666666,NORMAL,N,381909,381934,381961,381974,382012,382062,382094,382165,normal
228,1216,382310,1061.9722222222222,NORMAL,N,382224,382246,382271,382285,382320,382336,382483,382510,biphasic_positive_negative
228,1217,382629,1062.8583333333333,NORMAL,N,382549,382565,382584,382599,382639,382647,382713,382768,normal
228,1218,382927,1063.6861111111111,NORMAL,N,382853,382865,382886,382903,382937,382992,383116,383133,biphasic_positive_negative
228,1219,383276,1064.6555555555556,NORMAL,N,383154,383164,383191,383235,383289,383395,383474,383535,inverted
228,1220,383644,1065.6777777777777,NORMAL,N,383556,383573,383585,383619,383657,383723,383856,383872,biphasic_positive_negative
228,1221,383991,1066.6416666666667,NORMAL,N,383902,383927,383953,383968,384002,384046,384159,384172,biphasic_positive_negative
228,1222,384296,1067.4888888888888,NORMAL,N,384222,384235,384249,384266,384305,384345,384466,384475,biphasic_positive_negative
228,1223,384596,1068.3222222222223,NORMAL,N,384506,384532,384557,384562,384606,384651,384769,384778,biphasic_positive_negative
228,1224,384895,1069.1527777777778,NORMAL,N,384823,384833,384854,384871,384905,384961,384987,385029,normal
228,1225,385134,1069.8166666666666,PVC,V,385097,385108,385124,,385171,385201,385356,385383,biphasic_positive_negative
228,1226,385559,1070.9972222222223,NORMAL,N,385469,385496,385518,385531,385569,385599,385618,385622,normal
228,1227,385776,1071.6,PVC,V,385653,385661,385689,385740,385793,385817,385957,385964,biphasic_negative_positive
228,1228,386210,1072.8055555555557,NORMAL,N,386123,386148,386173,386183,386250,386279,386387,386399,biphasic_positive_negative
228,1229,386519,1073.6638888888888,NORMAL,N,386440,386457,386483,386498,386528,386568,386688,386698,biphasic_positive_negative
228,1230,386829,1074.525,NORMAL,N,386743,386764,386789,386806,386842,386897,387013,387043,biphasic_positive_negative
228,1231,387140,1075.388888888889,NORMAL,N,387071,387076,387094,387107,387154,387177,387339,387360,biphasic_positive_negative
228,1232,387451,1076.2527777777777,NORMAL,N,387364,387387,387408,387426,387460,387521,387637,387677,biphasic_positive_negative
228,1233,387776,1077.1555555555556,NORMAL,N,387682,387711,387743,387746,387788,387820,387827,387857,inverted
228,1234,387975,1077.7083333333333,PVC,V,387872,387875,387900,387928,387976,387989,388043,388126,normal
228,1235,388419,1078.9416666666666,NORMAL,N,388294,388321,388348,388385,388430,388450,388614,388637,biphasic_positive_negative
228,1236,388730,1079.8055555555557,NORMAL,N,388640,388665,388690,388707,388740,388795,388927,388939,biphasic_positive_negative
228,1237,389030,1080.638888888889,NORMAL,N,388954,388965,388987,388994,389041,389071,389218,389233,biphasic_positive_negative
228,1238,389345,1081.513888888889,NORMAL,N,389246,389255,389272,389313,389355,389432,389517,389555,inverted
228,1239,389654,1082.3722222222223,NORMAL,N,389559,389587,389616,389630,389666,389727,389838,389850,biphasic_positive_negative
228,1240,390002,1083.338888888889,NORMAL,N,389902,389926,389945,389975,390012,390080,390104,390141,normal
228,1241,390360,1084.3333333333333,NORMAL,N,390272,390289,390306,390333,390372,390394,390563,390587,biphasic_positive_negative
228,1242,390705,1085.2916666666667,NORMAL,N,390623,390635,390664,390683,390712,390760,390857,390864,biphasic_positive_negative
228,1243,390996,1086.1,NORMAL,N,390913,390932,390959,390963,391006,391035,391182,391197,biphasic_positive_negative
228,1244,391290,1086.9166666666667,NORMAL,N,391201,391226,391250,391257,391301,391351,391469,391483,biphasic_positive_negative
228,1245,391591,1087.7527777777777,NORMAL,N,391524,391534,391549,391557,391603,391653,391675,391719,normal
228,1246,391912,1088.6444444444444,NORMAL,N,391831,391848,391870,391889,391922,391992,392009,392073,normal
228,1247,392266,1089.6277777777777,NORMAL,N,392179,392198,392223,392239,392277,392322,392452,392482,biphasic_positive_negative
228,1248,392597,1090.5472222222222,NORMAL,N,392504,392531,392553,392572,392608,392633,392766,392791,biphasic_positive_negative
228,1249,392902,1091.3944444444444,NORMAL,N,392825,392841,392866,392880,392912,392919,392984,393056,normal
228,1250,393201,1092.225,NORMAL,N,393120,393141,393165,393178,393211,393249,393380,393425,biphasic_positive_negative
228,1251,393527,1093.1305555555555,NORMAL,N,393440,393459,393476,393499,393538,393548,393711,393737,biphasic_positive_negative
228,1252,393857,1094.0472222222222,NORMAL,N,393773,393791,393809,393831,393867,393900,394046,394096,biphasic_positive_negative
228,1253,394190,1094.9722222222222,NORMAL,N,394105,394127,394154,394165,394200,394208,394374,394409,biphasic_positive_negative
228,1254,394522,1095.8944444444444,NORMAL,N,394440,394459,394484,394500,394532,394541,394720,394735,biphasic_positive_negative
228,1255,394868,1096.8555555555556,NORMAL,N,394786,394803,394819,394844,394877,394904,395039,395048,biphasic_positive_negative
228,1256,395186,1097.7388888888888,NORMAL,N,395106,395123,395142,395150,395196,395229,395356,395365,biphasic_positive_negative
228,1257,395491,1098.5861111111112,NORMAL,N,395406,395431,395456,395467,395501,395508,395670,395701,biphasic_positive_negative
228,1258,395821,1099.5027777777777,NORMAL,N,395726,395752,395778,395784,395830,395873,396014,396035,biphasic_positive_negative
228,1259,396158,1100.4388888888889,NORMAL,N,396076,396094,396121,396133,396169,396211,396253,396335,normal
228,1260,396496,1101.3777777777777,NORMAL,N,396411,396429,396458,396470,396506,396555,396723,396740,biphasic_positive_negative
228,1261,396849,1102.3583333333333,NORMAL,N,396757,396776,396809,396823,396860,396907,396967,397024,normal
228,1262,397218,1103.3833333333334,NORMAL,N,397121,397152,397179,397193,397228,397276,397402,397433,biphasic_positive_negative
228,1263,397535,1104.263888888889,NORMAL,N,397463,397479,397503,397515,397544,397567,397686,397738,biphasic_positive_negative
228,1264,397832,1105.088888888889,NORMAL,N,397749,397770,397792,397808,397842,397863,398014,398068,biphasic_positive_negative
228,1265,398168,1106.0222222222221,NORMAL,N,398073,398099,398117,398144,398178,398222,398340,398394,biphasic_positive_negative
228,1266,398492,1106.9222222222222,NORMAL,N,398406,398425,398454,398468,398504,398525,398684,398731,biphasic_positive_negative
228,1267,398833,1107.8694444444445,NORMAL,N,398737,398766,398789,398809,398844,398883,399037,399088,biphasic_positive_negative
228,1268,399196,1108.8777777777777,NORMAL,N,399095,399128,399147,399172,399206,399295,399380,399418,inverted
228,1269,399520,1109.7777777777778,NORMAL,N,399425,399461,399482,399495,399530,399567,399610,399653,normal
228,1270,399791,1110.5305555555556,NORMAL,N,399710,399728,399741,399769,399799,399810,399873,399906,normal
228,1271,400133,1111.4805555555556,NORMAL,N,400037,400070,400085,400106,400145,400168,400246,400290,normal
228,1272,400557,1112.6583333333333,NORMAL,N,400455,400477,400499,400525,400569,,,,
228,1273,400946,1113.7388888888888,NORMAL,N,400840,400876,400904,400918,400957,401053,401138,401183,inverted
228,1274,401285,1114.6805555555557,NORMAL,N,401189,401222,401246,401262,401297,401304,401476,401486,biphasic_positive_negative
228,1275,401615,1115.5972222222222,NORMAL,N,401530,401557,401582,401593,401625,401675,401792,401806,biphasic_positive_negative
228,1276,401918,1116.4388888888889,NORMAL,N,401818,401832,401848,401896,401927,401935,402001,402059,normal
228,1277,402219,1117.275,NORMAL,N,402109,402123,402138,402186,402423,,402244,402304,positive_monophasic
228,1278,402423,1117.8416666666667,PVC,V,402317,402345,402380,402388,,402431,402530,402607,normal
228,1279,402965,1119.3472222222222,NORMAL,N,402856,402897,402920,402939,402977,402986,403166,403195,biphasic_positive_negative
228,1280,403327,1120.3527777777779,NORMAL,N,403231,403266,403284,403293,403337,403382,403513,403558,biphasic_positive_negative
228,1281,403660,1121.2777777777778,NORMAL,N,403564,403599,403619,403636,403669,403677,403840,403881,biphasic_positive_negative
228,1282,403979,1122.1638888888888,NORMAL,N,403888,403920,403937,403954,403990,404029,404154,404196,biphasic_positive_negative
228,1283,404289,1123.025,NORMAL,N,404201,404233,404254,404266,404299,404311,404463,404511,biphasic_positive_negative
228,1284,404614,1123.9277777777777,NORMAL,N,404517,404549,404571,404580,404624,404638,404815,404858,biphasic_positive_negative
228,1285,404971,1124.9194444444445,NORMAL,N,404867,404905,404922,404944,404982,405075,405160,405209,inverted
228,1286,405316,1125.8777777777777,NORMAL,N,405216,405252,405276,405293,405327,405373,405414,405488,normal
228,1287,405641,1126.7805555555556,NORMAL,N,405547,405579,405603,405606,405651,405688,405737,405788,normal
228,1288,405970,1127.6944444444443,NORMAL,N,405880,405911,405935,405945,405979,406018,406059,406131,normal
228,1289,406276,1128.5444444444445,NORMAL,N,406193,406219,406243,406254,406285,406311,406437,406479,biphasic_positive_negative
228,1290,406573,1129.3694444444445,NORMAL,N,406487,406510,406530,406548,406582,406625,406735,406787,biphasic_positive_negative
228,1291,406882,1130.2277777777779,NORMAL,N,406796,406818,406848,406858,406894,406927,407071,407124,biphasic_positive_negative
228,1292,407227,1131.1861111111111,NORMAL,N,407141,407155,407178,407190,407238,407278,407326,407382,normal
228,1293,407589,1132.1916666666666,NORMAL,N,407503,407514,407542,407564,407600,407610,407810,407824,biphasic_positive_negative
228,1294,407926,1133.1277777777777,NORMAL,N,407832,407857,407875,407900,407936,407975,408098,408117,biphasic_positive_negative
228,1295,408224,1133.9555555555555,NORMAL,N,408149,408169,408188,408202,408233,408267,408381,408400,biphasic_positive_negative
228,1296,408510,1134.75,NORMAL,N,408430,408453,408470,408487,408519,408560,408677,408705,biphasic_positive_negative
228,1297,408817,1135.6027777777779,NORMAL,N,408736,408756,408782,408793,408826,408833,408987,409040,biphasic_positive_negative
228,1298,409142,1136.5055555555555,NORMAL,N,409056,409072,409099,409118,409153,,409200,409235,positive_monophasic
228,1299,409363,1137.1194444444445,PVC,V,409237,409238,409276,409328,409364,409373,409437,409547,normal
228,1300,409841,1138.4472222222223,NORMAL,N,409750,409777,409803,409815,409851,409904,410022,410052,biphasic_positive_negative
228,1301,410161,1139.3361111111112,NORMAL,N,410079,410100,410126,410138,410170,410180,410243,410302,normal
228,1302,410451,1140.1416666666667,NORMAL,N,410371,410392,410416,410428,410460,410466,410612,410663,biphasic_positive_negative
228,1303,410757,1140.9916666666666,NORMAL,N,410669,410693,410714,410734,410767,410775,410963,410976,biphasic_positive_negative
228,1304,411071,1141.8638888888888,NORMAL,N,410982,411007,411024,411045,411082,411123,411264,411292,biphasic_positive_negative
228,1305,411429,1142.8583333333333,NORMAL,N,411338,411356,411373,411403,411440,411489,411534,411612,normal
228,1306,411784,1143.8444444444444,NORMAL,N,411697,411714,411731,411758,411796,411834,411879,411916,normal
228,1307,412010,1144.4722222222222,PVC,V,,,,411973,412028,412044,412067,412146,inverted
228,1308,412421,1145.6138888888888,NORMAL,N,412341,412361,412385,412397,412431,,412468,412509,positive_monophasic
228,1309,412619,1146.1638888888888,PVC,V,,,,412585,412632,412641,412670,412742,inverted
228,1310,413030,1147.3055555555557,NORMAL,N,412953,412971,412989,413006,413039,413046,413186,413242,biphasic_positive_negative
228,1311,413342,1148.1722222222222,NORMAL,N,413259,413274,413304,413317,413352,413370,413523,413553,biphasic_positive_negative
228,1312,413670,1149.0833333333333,NORMAL,N,413586,413603,413632,413645,413681,413694,413852,413868,biphasic_positive_negative
228,1313,414004,1150.0111111111112,NORMAL,N,413920,413937,413964,413977,414016,414035,414205,414228,biphasic_positive_negative
228,1314,414351,1150.975,NORMAL,N,414260,414285,414313,414326,414361,414371,414527,414553,biphasic_positive_negative
228,1315,414677,1151.8805555555555,NORMAL,N,414595,414613,414629,414654,414687,414724,414763,414800,normal
228,1316,414962,1152.6722222222222,NORMAL,N,414893,414907,414926,414940,414972,,414997,415046,positive_monophasic
228,1317,415131,1153.1416666666667,PVC,V,,,,415101,415132,415139,415196,415274,normal
228,1318,415576,1154.3777777777777,NORMAL,N,415497,415513,415538,415553,415586,415642,415674,415750,normal
228,1319,415937,1155.3805555555555,NORMAL,N,415845,415862,415881,415910,415949,415998,416039,416090,normal
228,1320,416305,1156.4027777777778,NORMAL,N,416209,416226,416244,416272,416316,416361,416503,416523,biphasic_positive_negative
228,1321,416639,1157.3305555555555,NORMAL,N,416560,416575,416591,416615,416649,416660,416818,416847,biphasic_positive_negative
228,1322,416945,1158.1805555555557,NORMAL,N,416867,416888,416911,416924,416955,416979,417100,417147,biphasic_positive_negative
228,1323,417238,1158.9944444444445,NORMAL,N,417160,417176,417200,417212,417248,417270,417424,417438,biphasic_positive_negative
228,1324,417573,1159.925,NORMAL,N,417486,417501,417520,417547,417584,417623,417771,417798,biphasic_positive_negative
228,1325,417940,1160.9444444444443,NORMAL,N,417845,417861,417894,417910,417953,418026,418063,418104,normal
228,1326,418207,1161.6861111111111,PVC,V,,,,418166,418208,418218,418290,418399,normal
228,1327,418683,1163.0083333333334,NORMAL,N,418591,418625,418646,418658,418693,418705,418865,418895,biphasic_positive_negative
228,1328,419017,1163.9361111111111,NORMAL,N,418935,418952,418975,418993,419027,419051,419209,419223,biphasic_positive_negative
228,1329,419316,1164.7666666666667,NORMAL,N,419233,419253,419269,419292,419326,419414,419450,419468,inverted
228,1330,419570,1165.4722222222222,APC,A,419477,419507,419529,419547,419579,419586,419663,419712,normal
228,1331,419978,1166.6055555555556,NORMAL,N,419893,419910,419938,419952,419989,420045,420180,420219,biphasic_positive_negative
228,1332,420321,1167.5583333333334,NORMAL,N,420225,420254,420275,420291,420333,420383,420552,420608,biphasic_positive_negative
228,1333,420712,1168.6444444444444,NORMAL,N,420625,420642,420674,420688,420725,420740,420902,420934,biphasic_positive_negative
228,1334,421055,1169.5972222222222,NORMAL,N,420969,420987,421004,421028,421065,421100,421253,421267,biphasic_positive_negative
228,1335,421383,1170.5083333333334,NORMAL,N,421306,421324,421349,421360,421393,421421,421469,421531,normal
228,1336,421706,1171.4055555555556,NORMAL,N,421616,421638,421657,421668,421716,421754,421878,421927,biphasic_positive_negative
228,1337,422031,1172.3083333333334,NORMAL,N,421943,421962,421979,422005,422042,422089,422232,422284,biphasic_positive_negative
228,1338,422394,1173.3166666666666,NORMAL,N,422298,422321,422337,422355,422406,422444,422662,422678,biphasic_positive_negative
228,1339,422804,1174.4555555555555,NORMAL,N,422701,422720,422739,422771,422817,422888,423040,423090,biphasic_positive_negative
228,1340,423212,1175.588888888889,NORMAL,N,423114,423142,423173,423186,423223,423272,423412,423432,biphasic_positive_negative
228,1341,423554,1176.5388888888888,NORMAL,N,423475,423491,423519,423531,423563,423571,423728,423746,biphasic_positive_negative
228,1342,423872,1177.4222222222222,NORMAL,N,423782,423808,423835,423847,423884,423927,424052,424079,biphasic_positive_negative
228,1343,424206,1178.35,NORMAL,N,424120,424141,424168,424182,424216,424256,424440,424454,biphasic_positive_negative
228,1344,424565,1179.3472222222222,NORMAL,N,424461,424491,424507,424536,424576,424637,424837,424852,biphasic_positive_negative
228,1345,424986,1180.5166666666667,NORMAL,N,424861,424896,424918,424953,425001,425067,425237,425252,biphasic_positive_negative
228,1346,425403,1181.675,NORMAL,N,425312,425326,425345,425377,425415,425468,425591,425606,biphasic_positive_negative
228,1347,425729,1182.5805555555555,NORMAL,N,425652,425668,425689,425705,425739,425780,425895,425931,biphasic_positive_negative
228,1348,426041,1183.4472222222223,NORMAL,N,425958,425977,425995,426016,426051,426079,426229,426247,biphasic_positive_negative
228,1349,426363,1184.3416666666667,NORMAL,N,426283,426300,426320,426340,426373,426413,426562,426608,biphasic_positive_negative
228,1350,426711,1185.3083333333334,NORMAL,N,426628,426641,426668,426688,426722,426736,426957,426972,biphasic_positive_negative
228,1351,427090,1186.361111111111,NORMAL,N,426991,427009,427027,427057,427102,427183,427368,427381,biphasic_positive_negative
228,1352,427496,1187.4888888888888,NORMAL,N,427406,427421,427439,427470,427507,427551,427695,427707,biphasic_positive_negative
228,1353,427828,1188.411111111111,NORMAL,N,427747,427768,427792,427803,427837,427853,427995,428008,biphasic_positive_negative
228,1354,428135,1189.263888888889,NORMAL,N,428047,428073,428098,428110,428145,428236,428317,428374,inverted
228,1355,428478,1190.2166666666667,NORMAL,N,428387,428408,428424,428451,428490,428586,428693,428729,inverted
228,1356,428836,1191.2111111111112,NORMAL,N,428737,428763,428782,428810,428849,428902,429038,429071,biphasic_positive_negative
228,1357,429185,1192.1805555555557,NORMAL,N,429099,429122,429151,429163,429195,429250,429278,429365,normal
228,1358,429529,1193.1361111111112,NORMAL,N,429444,429464,429485,429502,429539,429586,429714,429748,biphasic_positive_negative
228,1359,429865,1194.0694444444443,NORMAL,N,429788,429804,429831,429843,429875,429882,429949,430027,normal
228,1360,430176,1194.9333333333334,NORMAL,N,430098,430116,430136,430154,430185,430218,430347,430372,biphasic_positive_negative
228,1361,430497,1195.825,NORMAL,N,430404,430431,430459,430472,430508,430546,430594,430667,normal
228,1362,430833,1196.7583333333334,NORMAL,N,430739,430766,430782,430804,430843,430892,431022,431033,biphasic_positive_negative
228,1363,431167,1197.6861111111111,NORMAL,N,431086,431116,431138,431145,431178,431212,431344,431398,biphasic_positive_negative
228,1364,431501,1198.6138888888888,NORMAL,N,431425,431437,431460,431476,431511,431558,431740,431753,biphasic_positive_negative
228,1365,431859,1199.6083333333333,NORMAL,N,431772,431786,431824,431832,431870,431910,432047,432056,biphasic_positive_negative
228,1366,432181,1200.5027777777777,NORMAL,N,432103,432118,432136,432158,432191,432257,432357,432367,biphasic_positive_negative
228,1367,432487,1201.3527777777779,NORMAL,N,432414,432432,432447,432465,432496,432531,432667,432677,biphasic_positive_negative
228,1368,432800,1202.2222222222222,NORMAL,N,432724,432741,432768,432778,432810,432871,432985,433003,biphasic_positive_negative
228,1369,433130,1203.138888888889,NORMAL,N,433053,433069,433084,433106,433139,433224,433314,433353,inverted
228,1370,433456,1204.0444444444445,NORMAL,N,433360,433390,433417,433430,433467,433505,433630,433667,biphasic_positive_negative
228,1371,433789,1204.9694444444444,NORMAL,N,433698,433721,433737,433763,433798,433839,433977,433985,biphasic_positive_negative
228,1372,434123,1205.8972222222221,NORMAL,N,434033,434063,434078,434099,434133,434181,434298,434310,biphasic_positive_negative
228,1373,434429,1206.7472222222223,NORMAL,N,434341,434372,434388,434405,434439,434519,434579,434635,inverted
228,1374,434729,1207.5805555555555,NORMAL,N,434640,434672,434693,434707,434739,434789,434925,434952,biphasic_positive_negative
228,1375,435057,1208.4916666666666,NORMAL,N,434959,434993,435016,435032,435068,435088,435162,435194,normal
228,1376,435292,1209.1444444444444,PVC,V,,,,435255,435310,435320,435469,435489,biphasic_negative_positive
228,1377,435745,1210.4027777777778,NORMAL,N,435656,435670,435714,435728,435757,435790,435930,435948,biphasic_positive_negative
228,1378,436050,1211.25,NORMAL,N,435954,435994,436004,436009,436060,436137,436199,436266,inverted
228,1379,436369,1212.1361111111112,NORMAL,N,436280,436290,436331,436338,436379,436385,436448,436509,normal
228,1380,436638,1212.8833333333334,NORMAL,N,436552,436566,436579,436601,436661,436738,436809,436865,inverted
228,1381,436958,1213.7722222222221,NORMAL,N,436872,436882,436924,436934,436967,436972,437157,437178,biphasic_positive_negative
228,1382,437283,1214.675,NORMAL,N,437183,437207,437237,437259,437322,437389,437429,437504,inverted
228,1383,437602,1215.5611111111111,NORMAL,N,437531,437544,437560,437565,437613,437635,437688,437795,normal
228,1384,437900,1216.388888888889,NORMAL,N,437808,437817,437839,437862,437933,,437956,438004,positive_monophasic
228,1385,438088,1216.911111111111,PVC,V,438011,438041,438059,438082,438107,,,,
228,1386,438604,1218.3444444444444,NORMAL,N,438540,438552,438561,438585,438629,438692,438754,438769,inverted
228,1387,438850,1219.0277777777778,NORMAL,N,,,,438819,438877,438901,438963,439002,normal
228,1388,439185,1219.9583333333333,NORMAL,N,439095,439129,439144,439163,439195,439279,439358,439389,inverted
228,1389,439487,1220.7972222222222,NORMAL,N,439394,439431,439450,439454,439498,,,,
228,1390,439809,1221.6916666666666,NORMAL,N,439706,439730,439763,439774,439823,439841,439879,439980,normal
228,1391,440115,1222.5416666666667,NORMAL,N,440068,440084,440094,440104,440126,440148,440205,440209,normal
228,1392,440334,1223.15,PVC,V,440268,440294,440313,440323,440383,440396,440431,440504,normal
228,1393,440792,1224.4222222222222,NORMAL,N,440676,440689,440731,440757,440802,440833,440895,440953,normal
228,1394,441105,1225.2916666666667,NORMAL,N,441016,441045,441059,441079,441116,441167,441187,441239,normal
228,1395,441411,1226.1416666666667,NORMAL,N,441319,441324,441376,441387,441419,441430,441450,441482,inverted
228,1396,441611,1226.6972222222223,PVC,V,441517,441534,441554,441574,441632,441645,441692,441839,inverted
228,1397,442102,1228.0611111111111,NORMAL,N,441986,442030,442044,442064,442146,442172,442217,442306,normal
228,1398,442465,1229.0694444444443,NORMAL,N,442349,442362,442390,442415,442491,442537,442594,442632,normal
228,1399,442816,1230.0444444444445,NORMAL,N,442726,442761,442775,442792,442827,442878,442987,443027,biphasic_positive_negative
228,1400,443129,1230.9138888888888,NORMAL,N,443033,443068,443086,443095,443139,443146,443321,443338,biphasic_positive_negative
228,1401,443440,1231.7777777777778,NORMAL,N,443344,443380,443405,443416,443451,443469,443534,443565,normal
228,1402,443748,1232.6333333333334,NORMAL,N,443650,443690,443702,443723,443759,443795,443943,443966,biphasic_positive_negative
228,1403,444069,1233.525,NORMAL,N,443974,444009,444025,444044,444080,444103,444174,444203,normal
228,1404,444303,1234.175,PVC,V,444207,444243,444250,444261,444322,444341,444369,444451,inverted
228,1405,444749,1235.4138888888888,NORMAL,N,444649,444686,444701,444724,444759,444862,444937,444965,inverted
228,1406,445062,1236.2833333333333,NORMAL,N,444970,445005,445027,445037,445072,445161,445234,445273,inverted
228,1407,445384,1237.1777777777777,NORMAL,N,,,,445347,445395,445426,445595,445634,biphasic_positive_negative
228,1408,445761,1238.225,NORMAL,N,445670,445682,445704,445731,445775,445846,445872,445954,normal
228,1409,446135,1239.263888888889,NORMAL,N,446029,446068,446087,446110,446148,446250,446314,446368,inverted
228,1410,446470,1240.1944444444443,NORMAL,N,446374,446409,446431,446435,446480,446541,446660,446689,biphasic_positive_negative
228,1411,446793,1241.0916666666667,NORMAL,N,446697,446733,446757,446760,446803,,446831,446881,positive_monophasic
228,1412,447003,1241.675,PVC,V,,,,446967,447018,,447074,447152,positive_monophasic
228,1413,447381,1242.725,NORMAL,N,447276,447288,447306,447356,447391,447441,447583,447602,biphasic_positive_negative
228,1414,447708,1243.6333333333334,NORMAL,N,447608,447644,447666,447673,447720,447728,447900,447939,biphasic_positive_negative
228,1415,448058,1244.6055555555556,NORMAL,N,447944,447989,448008,448031,448071,448122,448267,448284,biphasic_positive_negative
228,1416,448390,1245.5277777777778,NORMAL,N,448292,448328,448349,448365,448400,448495,448581,448611,inverted
228,1417,448772,1246.588888888889,NORMAL,N,448687,448691,448708,448712,448780,,448798,448843,negative_monophasic
228,1418,448917,1246.9916666666666,PVC,V,,,,448882,448932,448969,449054,449064,biphasic_negative_positive
228,1419,449308,1248.0777777777778,NORMAL,N,449218,449244,449275,449285,449317,449327,449395,449492,normal
228,1420,449622,1248.95,NORMAL,N,449522,449563,449579,449595,449633,449731,449794,449855,inverted
228,1421,449980,1249.9444444444443,NORMAL,N,449894,449903,449923,449951,449991,450012,450188,450216,biphasic_positive_negative
228,1422,450330,1250.9166666666667,NORMAL,N,450222,450261,450275,450303,450342,450450,450524,450548,inverted
228,1423,450650,1251.8055555555557,NORMAL,N,450554,450588,450615,450625,450659,450745,450778,450798,biphasic_positive_negative
228,1424,450942,1252.6166666666666,NORMAL,N,450803,450817,450825,450879,450966,451061,451076,451087,inverted
228,1425,451247,1253.463888888889,NORMAL,N,451161,451184,451211,451225,451258,451295,451341,451384,normal
228,1426,451537,1254.2694444444444,NORMAL,N,451452,451477,451500,451514,451572,451610,451711,451747,biphasic_positive_negative
228,1427,451846,1255.1277777777777,NORMAL,N,451754,451786,451803,451820,451857,451950,452026,452057,inverted
228,1428,452173,1256.036111111111,NORMAL,N,452061,452105,452121,452146,452184,452219,452373,452394,biphasic_positive_negative
228,1429,452499,1256.9416666666666,NORMAL,N,452400,452436,452453,452467,452510,,452546,452593,positive_monophasic
228,1430,452704,1257.5111111111112,PVC,V,452594,452598,452638,452671,452705,452711,452772,452873,normal
228,1431,453095,1258.5972222222222,NORMAL,N,452971,452989,453016,453055,453105,453155,453193,453268,normal
228,1432,453430,1259.5277777777778,NORMAL,N,453323,453338,453357,453398,453439,453528,453604,453626,inverted
228,1433,453717,1260.325,NORMAL,N,453632,453664,453686,453693,453727,453803,453870,453893,inverted
228,1434,453987,1261.075,NORMAL,N,453898,453930,453955,453964,453997,454080,454142,454176,inverted
228,1435,454287,1261.9083333333333,NORMAL,N,454187,454221,454249,454261,454298,,454357,454395,positive_monophasic
228,1436,454510,1262.5277777777778,PVC,V,454406,454431,454467,454475,454527,454571,454592,454648,inverted
228,1437,454916,1263.6555555555556,NORMAL,N,454819,454841,454881,454882,454926,,454951,455006,positive_monophasic
228,1438,455135,1264.263888888889,PVC,V,,,,455097,455152,455176,455211,455290,inverted
228,1439,455512,1265.3111111111111,NORMAL,N,455425,455454,455481,455491,455522,455609,455685,455702,inverted
228,1440,455795,1266.0972222222222,NORMAL,N,455708,455743,455758,455773,455803,455877,455927,455963,inverted
228,1441,456054,1266.8166666666666,NORMAL,N,455969,456001,456015,456031,456064,456144,456213,456237,inverted
228,1442,456338,1267.6055555555556,NORMAL,N,456244,456278,456290,456311,456348,456449,456522,456560,inverted
228,1443,456687,1268.575,NORMAL,N,456580,456608,456633,456659,456701,456742,456877,456895,biphasic_positive_negative
228,1444,457012,1269.4777777777779,NORMAL,N,456911,456952,456965,456982,457023,457075,457199,457245,biphasic_positive_negative
228,1445,457342,1270.3944444444444,NORMAL,N,457249,457282,457312,457320,457352,457357,457432,457522,normal
228,1446,457621,1271.1694444444445,NORMAL,N,457527,457538,457571,457586,457657,457690,457790,457826,biphasic_positive_negative
228,1447,457921,1272.0027777777777,NORMAL,N,457831,457860,457890,457898,457931,457975,458077,458092,biphasic_positive_negative
228,1448,458183,1272.7305555555556,NORMAL,N,458099,458131,458146,458150,458193,458275,458328,458375,inverted
228,1449,458475,1273.5416666666667,NORMAL,N,458384,458415,458430,458451,458486,458532,458662,458693,biphasic_positive_negative
228,1450,458817,1274.4916666666666,NORMAL,N,458723,458738,458757,458787,458830,458911,458927,459012,normal
228,1451,459115,1275.3194444444443,PVC,V,459020,459041,459065,459073,459116,459118,459205,459265,normal
228,1452,459466,1276.2944444444445,NORMAL,N,459353,459365,459382,459431,459476,459500,459627,459653,biphasic_positive_negative
228,1453,459750,1277.0833333333333,NORMAL,N,459658,459694,459711,459720,459761,459843,459914,459937,inverted
228,1454,460034,1277.8722222222223,NORMAL,N,459943,459977,459991,460009,460043,460134,460198,460226,inverted
228,1455,460317,1278.6583333333333,NORMAL,N,460231,460259,460282,460283,460327,460405,460480,460501,inverted
228,1456,460604,1279.4555555555555,NORMAL,N,460506,460543,460561,460571,460616,460703,460774,460799,inverted
228,1457,460901,1280.2805555555556,NORMAL,N,460806,460840,460860,460867,460911,460961,461001,461078,normal
228,1458,461225,1281.1805555555557,NORMAL,N,461122,461166,461178,461191,461237,461334,461407,461437,inverted
228,1459,461546,1282.0722222222223,NORMAL,N,461443,461483,461497,461519,461557,461589,461709,461731,biphasic_positive_negative
228,1460,461835,1282.875,NORMAL,N,461737,461775,461790,461796,461846,461935,462009,462030,inverted
228,1461,462125,1283.6805555555557,NORMAL,N,462036,462071,462088,462089,462135,462217,462283,462315,inverted
228,1462,462409,1284.4694444444444,NORMAL,N,462321,462355,462375,462387,462418,462446,462490,462530,normal
228,1463,462617,1285.0472222222222,PVC,V,,,,462572,462618,462619,462698,462774,normal
228,1464,462987,1286.075,NORMAL,N,462889,462928,462951,462963,462998,463089,463172,463192,inverted
228,1465,463309,1286.9694444444444,NORMAL,N,,,,463274,463321,463350,463425,463512,normal
228,1466,463677,1287.9916666666666,NORMAL,N,463543,463554,463574,463637,463690,463747,463796,463886,normal
228,1467,464040,1289.0,NORMAL,N,463961,463975,464005,464015,464051,464085,464150,464227,normal
228,1468,464360,1289.888888888889,NORMAL,N,464260,464303,464314,464335,464372,464402,464411,464447,inverted
228,1469,464558,1290.4388888888889,PVC,V,464457,464484,464516,464527,464572,464602,464624,464702,inverted
228,1470,464917,1291.4361111111111,NORMAL,N,464809,464822,464841,464887,464929,464993,465021,465052,normal
228,1471,465156,1292.1,PVC,V,,,,465113,465173,465201,465237,465331,inverted
228,1472,465643,1293.4527777777778,NORMAL,N,465546,465558,465585,465605,465656,465737,465779,465834,normal
228,1473,465926,1294.2388888888888,PVC,V,,,,465882,465944,465990,466010,466137,inverted
228,1474,466369,1295.4694444444444,NORMAL,N,466273,466312,466323,466344,466380,466427,466549,466566,biphasic_positive_negative
228,1475,466664,1296.2888888888888,NORMAL,N,466573,466603,466630,466641,466674,466753,466801,466844,inverted
228,1476,466936,1297.0444444444445,NORMAL,N,466849,466881,466898,466914,466947,466993,467023,467102,normal
228,1477,467232,1297.8666666666666,NORMAL,N,467132,467168,467184,467195,467243,467260,467439,467476,biphasic_positive_negative
228,1478,467630,1298.9722222222222,NORMAL,N,467528,467538,467582,467596,467645,467718,467770,467826,normal
228,1479,467988,1299.9666666666667,PVC,V,,,,467910,468116,,468142,468217,negative_monophasic
228,1480,468556,1301.5444444444445,NORMAL,N,468481,468492,468506,468529,468568,468590,468663,468698,normal
228,1481,468869,1302.4138888888888,NORMAL,N,468774,468811,468828,468844,468904,468914,469038,469055,biphasic_positive_negative
228,1482,469146,1303.1833333333334,NORMAL,N,,,,469105,469186,469201,469264,469313,normal
228,1483,469517,1304.213888888889,NORMAL,N,469416,469445,469457,469480,469530,469574,469637,469719,normal
228,1484,469915,1305.3194444444443,NORMAL,N,469788,469796,469820,469864,469957,,,,
228,1485,470324,1306.4555555555555,NORMAL,N,470219,470235,470252,470288,470337,470364,470426,470512,normal
228,1486,470621,1307.2805555555556,PVC,V,470528,470561,470569,470577,470640,470726,470815,470881,normal
228,1487,471012,1308.3666666666666,NORMAL,N,470914,470930,470967,470973,471035,,471042,471115,positive_monophasic
228,1488,471219,1308.9416666666666,PVC,V,471126,471170,471179,471191,471234,471251,471353,471444,normal
228,1489,471621,1310.0583333333334,NORMAL,N,471535,471558,471579,471590,471634,471700,471753,471834,normal
228,1490,471948,1310.9666666666667,PVC,V,,,,471889,471975,472050,472084,472173,inverted
228,1491,472496,1312.4888888888888,NORMAL,N,472397,472423,472452,472463,472512,472588,472763,472782,biphasic_positive_negative
228,1492,472897,1313.6027777777779,NORMAL,N,,,,472871,472908,472936,472991,473029,normal
228,1493,473194,1314.4277777777777,NORMAL,N,473103,473136,473162,473172,473203,473243,473354,473378,biphasic_positive_negative
228,1494,473485,1315.236111111111,NORMAL,N,473384,473421,473437,473448,473495,473531,473636,473646,biphasic_positive_negative
228,1495,473782,1316.0611111111111,NORMAL,N,473659,473668,473686,473758,473799,473899,473951,473995,inverted
228,1496,474118,1316.9944444444445,NORMAL,N,474024,474058,474081,474090,474131,474155,474227,474278,normal
228,1497,474422,1317.838888888889,PVC,V,474301,474336,474352,474368,474444,474487,474615,474627,biphasic_negative_positive
228,1498,474915,1319.2083333333333,NORMAL,N,474848,474868,474888,474904,474927,475008,475028,475125,normal
228,1499,475246,1320.1277777777777,NORMAL,N,475171,475187,475204,475226,475255,475329,475402,475421,inverted
228,1500,475515,1320.875,NORMAL,N,475436,475464,475480,475492,475531,,475547,475598,positive_monophasic
228,1501,475720,1321.4444444444443,PVC,V,475607,475608,475624,475680,475721,475730,475810,475898,normal
228,1502,476142,1322.6166666666666,NORMAL,N,476036,476045,476051,476106,476152,476226,476345,476360,biphasic_positive_negative
228,1503,476483,1323.5638888888889,NORMAL,N,476387,476413,476427,476449,476497,476536,476678,476701,biphasic_positive_negative
228,1504,476812,1324.4777777777779,NORMAL,N,476705,476743,476767,476784,476824,476928,476999,477019,inverted
228,1505,477123,1325.3416666666667,NORMAL,N,477025,477061,477079,477098,477135,477196,477311,477327,biphasic_positive_negative
228,1506,477431,1326.1972222222223,NORMAL,N,477347,477373,477397,477400,477441,477515,477583,477606,inverted
228,1507,477705,1326.9583333333333,NORMAL,N,477612,477643,477669,477670,477716,477770,477779,477788,normal
228,1508,477919,1327.5527777777777,PVC,V,477794,477801,477831,477882,477935,478013,478055,478071,normal
228,1509,478325,1328.6805555555557,NORMAL,N,478227,478262,478275,478301,478335,478375,478382,478406,inverted
228,1510,478545,1329.2916666666667,PVC,V,478437,478446,478469,478505,478561,478596,478729,478738,biphasic_negative_positive
228,1511,478965,1330.4583333333333,NORMAL,N,478891,478901,478912,478940,478978,,478996,479064,positive_monophasic
228,1512,479180,1331.0555555555557,PVC,V,479080,479108,479143,479144,479197,479228,479348,479357,biphasic_negative_positive
228,1513,479601,1332.225,NORMAL,N,479476,479489,479503,479564,479613,479701,479779,479798,inverted
228,1514,479895,1333.0416666666667,NORMAL,N,479806,479834,479850,479871,479904,479956,480072,480101,biphasic_positive_negative
228,1515,480202,1333.8944444444444,NORMAL,N,480108,480143,480159,480178,480212,480293,480371,480391,inverted
228,1516,480496,1334.7111111111112,NORMAL,N,480397,480434,480450,480470,480506,480586,480658,480687,inverted
228,1517,480792,1335.5333333333333,NORMAL,N,480694,480728,480748,480753,480802,480849,480968,480989,biphasic_positive_negative
228,1518,481090,1336.361111111111,NORMAL,N,480995,481030,481046,481065,481102,481153,481184,481237,normal
228,1519,481399,1337.2194444444444,NORMAL,N,481307,481340,481363,481364,481410,481460,481595,481616,biphasic_positive_negative
228,1520,481728,1338.1333333333334,NORMAL,N,481647,481657,481681,481694,481767,481784,481909,481924,biphasic_positive_negative
228,1521,482019,1338.9416666666666,NORMAL,N,481932,481953,481980,481984,482028,482073,482098,482121,normal
228,1522,482241,1339.5583333333334,PVC,V,482130,482161,482165,482206,482258,482282,482380,482392,biphasic_negative_positive
228,1523,482615,1340.5972222222222,NORMAL,N,482528,482549,482570,482582,482627,482672,482808,482836,biphasic_positive_negative
228,1524,482939,1341.4972222222223,NORMAL,N,482840,482877,482889,482902,482954,483012,483036,483070,normal
228,1525,483275,1342.4305555555557,NORMAL,N,483180,483210,483228,483250,483286,483355,483367,483418,normal
228,1526,483599,1343.3305555555555,NORMAL,N,483531,483539,483550,483576,483613,483666,483684,483730,normal
228,1527,483889,1344.1361111111112,NORMAL,N,483798,483831,483854,483863,483900,483982,484051,484082,inverted
228,1528,484173,1344.925,NORMAL,N,484087,484113,484122,484134,484182,484232,484350,484368,biphasic_positive_negative
228,1529,484459,1345.7194444444444,NORMAL,N,484373,484405,484428,484437,484470,484603,484615,484649,inverted
228,1530,484758,1346.55,NORMAL,N,484660,484685,484715,484719,484769,484792,484919,484966,biphasic_positive_negative
228,1531,485066,1347.4055555555556,NORMAL,N,484972,484998,485011,485023,485076,485141,485164,485213,normal
228,1532,485375,1348.263888888889,NORMAL,N,485285,485315,485334,485348,485385,485422,485543,485588,biphasic_positive_negative
228,1533,485691,1349.1416666666667,NORMAL,N,485601,485632,485649,485668,485701,485737,485780,485804,normal
228,1534,485892,1349.7,PVC,V,,,,485853,485893,485894,485950,486036,normal
228,1535,486267,1350.7416666666666,NORMAL,N,486175,486210,486224,486229,486278,486360,486435,486473,inverted
228,1536,486583,1351.6194444444445,NORMAL,N,,,,486559,486592,486647,486773,486783,biphasic_positive_negative
228,1537,486905,1352.513888888889,NORMAL,N,486857,486873,486883,486893,486918,487011,487066,487112,inverted
228,1538,487210,1353.361111111111,NORMAL,N,487140,487148,487155,487189,487221,487249,487392,487417,biphasic_positive_negative
228,1539,487520,1354.2222222222222,NORMAL,N,487449,487461,487483,487488,487543,487575,487725,487742,biphasic_positive_negative
228,1540,487850,1355.138888888889,NORMAL,N,487746,487788,487805,487812,487859,487924,488016,488039,biphasic_positive_negative
228,1541,488140,1355.9444444444443,NORMAL,N,488075,488083,488093,488113,488151,488235,488300,488342,inverted
228,1542,488448,1356.8,NORMAL,N,488374,488383,488412,488422,488459,488557,488638,488668,inverted
228,1543,488781,1357.725,NORMAL,N,488672,488723,488734,488745,488792,488822,488977,489009,biphasic_positive_negative
228,1544,489124,1358.6777777777777,NORMAL,N,489013,489056,489074,489100,489136,489198,489222,489264,normal
228,1545,489439,1359.5527777777777,NORMAL,N,489322,489342,489372,489403,489449,489593,489614,489634,inverted
228,1546,489757,1360.4361111111111,NORMAL,N,489691,489699,489713,489731,489800,489818,489979,490014,biphasic_positive_negative
228,1547,490136,1361.4888888888888,NORMAL,N,490019,490066,490079,490106,490149,490243,490327,490360,inverted
228,1548,490462,1362.3944444444444,NORMAL,N,490368,490402,490423,490437,490473,490577,490653,490693,inverted
228,1549,490796,1363.3222222222223,NORMAL,N,490701,490731,490758,490769,490807,490890,490970,491009,inverted
228,1550,491113,1364.2027777777778,NORMAL,N,491017,491056,491072,491081,491125,491184,491305,491332,biphasic_positive_negative
228,1551,491444,1365.1222222222223,NORMAL,N,491353,491367,491375,491406,491457,491508,491530,491569,normal
228,1552,491746,1365.9611111111112,NORMAL,N,491673,491684,491695,491733,491791,,,,
228,1553,492076,1366.8777777777777,NORMAL,N,491983,492011,492033,492041,492112,492169,492296,492308,biphasic_positive_negative
228,1554,492434,1367.8722222222223,NORMAL,N,492357,492370,492387,492395,492466,492591,492601,492611,inverted
228,1555,492745,1368.736111111111,NORMAL,N,492645,492674,492698,492710,492782,492816,492841,492868,normal
228,1556,492993,1369.425,PVC,V,492880,492887,492898,492956,493011,493052,493069,493123,inverted
228,1557,493429,1370.6361111111112,NORMAL,N,493350,493362,493371,493419,493441,493556,493713,493726,biphasic_negative_positive
228,1558,493844,1371.7888888888888,NORMAL,N,493760,493770,493785,493813,493856,493938,493958,494010,normal
228,1559,494229,1372.8583333333333,NORMAL,N,494151,494160,494191,494205,494240,494341,494400,494458,inverted
228,1560,494572,1373.8111111111111,NORMAL,N,494476,494499,494522,494537,494598,494640,494652,494662,normal
228,1561,494881,1374.6694444444445,NORMAL,N,494775,494781,494790,494859,494889,494946,495019,495034,biphasic_positive_negative
228,1562,495203,1375.5638888888889,NORMAL,N,495086,495110,495143,495161,495216,495316,495365,495398,inverted
228,1563,495568,1376.5777777777778,NORMAL,N,495490,495504,495521,495531,495579,,,,
228,1564,495926,1377.5722222222223,NORMAL,N,495851,495895,495904,495918,495936,495994,496110,496122,biphasic_positive_negative
228,1565,496272,1378.5333333333333,NORMAL,N,496170,496200,496209,496241,496305,496380,496446,496488,inverted
228,1566,496603,1379.4527777777778,NORMAL,N,496509,496535,496557,496572,496614,496702,496784,496813,inverted
228,1567,496905,1380.2916666666667,NORMAL,N,496819,496851,496869,496881,496920,496991,497053,497098,inverted
228,1568,497193,1381.0916666666667,NORMAL,N,497104,497133,497156,497169,497205,497260,497390,497419,biphasic_positive_negative
228,1569,497538,1382.05,NORMAL,N,,,,497511,497566,497598,497651,497701,normal
228,1570,497919,1383.1083333333333,NORMAL,N,497812,497851,497874,497880,497930,497970,498123,498158,biphasic_positive_negative
228,1571,498272,1384.088888888889,NORMAL,N,498171,498206,498232,498244,498283,498375,498442,498497,inverted
228,1572,498601,1385.0027777777777,NORMAL,N,498504,498541,498558,498576,498612,498644,498760,498769,biphasic_positive_negative
228,1573,498892,1385.8111111111111,NORMAL,N,498803,498837,498853,498867,498902,498946,499055,499068,biphasic_positive_negative
228,1574,499174,1386.5944444444444,NORMAL,N,499080,499091,499104,499151,499182,499218,499336,499373,biphasic_positive_negative
228,1575,499474,1387.4277777777777,NORMAL,N,499382,499417,499434,499451,499484,499541,499660,499694,biphasic_positive_negative
228,1576,499810,1388.361111111111,NORMAL,N,499702,499740,499761,499772,499822,499862,500001,500015,biphasic_positive_negative
228,1577,500159,1389.3305555555555,NORMAL,N,500059,500095,500112,500131,500168,500206,500338,500392,biphasic_positive_negative
228,1578,500497,1390.2694444444444,NORMAL,N,500400,500434,500453,500470,500506,500555,500586,500652,normal
228,1579,500793,1391.0916666666667,NORMAL,N,500687,500700,500712,500764,500803,500853,500863,500873,normal
228,1580,500988,1391.6333333333334,PVC,V,500875,500876,500911,500948,501023,501041,501076,501150,normal
228,1581,501402,1392.7833333333333,NORMAL,N,501299,501310,501328,501368,501411,501492,501565,501605,inverted
228,1582,501711,1393.6416666666667,NORMAL,N,501617,501648,501665,501684,501721,501755,501907,501930,biphasic_positive_negative
228,1583,502036,1394.5444444444445,NORMAL,N,501937,501975,501990,502001,502047,502094,502234,502276,biphasic_positive_negative
228,1584,502376,1395.4888888888888,NORMAL,N,502280,502314,502332,502341,502386,502427,502569,502602,biphasic_positive_negative
228,1585,502700,1396.388888888889,NORMAL,N,502608,502642,502663,502675,502709,,,,
228,1586,503008,1397.2444444444445,NORMAL,N,502910,502946,502961,502981,503018,,503047,503095,positive_monophasic
228,1587,503203,1397.786111111111,PVC,V,503097,503098,503136,503170,503239,503249,503291,503361,normal
228,1588,503607,1398.9083333333333,NORMAL,N,503508,503518,503532,503582,503615,,,,
228,1589,503908,1399.7444444444445,NORMAL,N,503816,503846,503873,503884,503919,503962,503991,504030,normal
228,1590,504133,1400.3694444444445,PVC,V,,,,504092,504164,504179,504220,504296,normal
228,1591,504546,1401.5166666666667,NORMAL,N,504447,504484,504500,504521,504555,504610,504733,504783,biphasic_positive_negative
228,1592,504897,1402.4916666666666,NORMAL,N,504794,504831,504853,504870,504909,505001,505075,505113,inverted
228,1593,505216,1403.3777777777777,NORMAL,N,505119,505155,505175,505190,505226,505272,505308,505377,normal
228,1594,505507,1404.1861111111111,NORMAL,N,505408,505422,505442,505485,505516,,505535,505585,positive_monophasic
228,1595,505686,1404.6833333333334,PVC,V,,,,505651,505701,505722,505741,505806,inverted
228,1596,506046,1405.6833333333334,NORMAL,N,505933,505949,505975,506014,506057,,506094,506138,positive_monophasic
228,1597,506261,1406.2805555555556,PVC,V,506159,506176,506210,506234,506292,506300,506340,506402,inverted
228,1598,506745,1407.625,NORMAL,N,506650,506689,506703,506720,506757,506801,506844,506901,normal
228,1599,506984,1408.2888888888888,PVC,V,,,,506952,507001,507017,507059,507126,inverted
228,1600,507386,1409.4055555555556,NORMAL,N,507295,507330,507345,507352,507395,,507415,507472,positive_monophasic
228,1601,507573,1409.925,PVC,V,507485,507510,507544,507549,507588,507602,507628,507690,inverted
228,1602,507951,1410.975,NORMAL,N,507865,507897,507918,507919,507961,,507983,508039,positive_monophasic
228,1603,508158,1411.55,PVC,V,,,,508129,508175,508195,508231,508300,inverted
228,1604,508600,1412.7777777777778,NORMAL,N,508501,508537,508561,508572,508612,508664,508709,508753,normal
228,1605,508846,1413.4611111111112,PVC,V,,,,508813,508863,508877,508917,508986,inverted
228,1606,509266,1414.6277777777777,NORMAL,N,509159,509170,509186,509229,509276,,509283,509354,positive_monophasic
228,1607,509470,1415.1944444444443,PVC,V,,,,509442,509487,509505,509534,509608,inverted
228,1608,509854,1416.2611111111112,NORMAL,N,509771,509802,509817,509829,509863,,509894,509934,positive_monophasic
228,1609,510057,1416.825,PVC,V,509956,509987,510011,510023,510072,510096,510110,510187,inverted
228,1610,510467,1417.963888888889,NORMAL,N,510371,510408,510428,510437,510477,510516,510566,510603,normal
228,1611,510689,1418.5805555555555,PVC,V,,,,510656,510707,510727,510755,510842,inverted
228,1612,511171,1419.9194444444445,NORMAL,N,511061,511071,511088,511136,511182,511229,511261,511310,normal
228,1613,511390,1420.5277777777778,PVC,V,,,,511360,511407,511432,511455,511528,inverted
228,1614,511816,1421.7111111111112,NORMAL,N,511720,511757,511776,511791,511827,,511840,511905,positive_monophasic
228,1615,512024,1422.2888888888888,PVC,V,,,,512000,512039,512067,512093,512155,inverted
228,1616,512428,1423.411111111111,NORMAL,N,512321,512335,512354,512393,512438,512459,512510,512540,normal
228,1617,512627,1423.963888888889,PVC,V,,,,512604,512645,512709,512718,512770,inverted
228,1618,513092,1425.2555555555555,NORMAL,N,513006,513018,513032,513062,513104,513157,513178,513194,biphasic_negative_positive
228,1619,513353,1425.9805555555556,PVC,V,513236,513245,513280,513321,513372,513401,513434,513490,inverted
228,1620,513804,1427.2333333333333,NORMAL,N,513718,513750,513769,513771,513837,513878,513899,513946,biphasic_negative_positive
228,1621,514029,1427.8583333333333,PVC,V,513961,513968,513994,514003,514078,514096,514169,514176,biphasic_negative_positive
228,1622,514426,1428.9611111111112,NORMAL,N,514322,514333,514350,514390,514465,514470,514489,514492,normal
228,1623,514637,1429.5472222222222,PVC,V,514583,514591,514603,514612,514660,514669,514764,514771,biphasic_negative_positive
228,1624,515049,1430.6916666666666,NORMAL,N,514947,514983,514994,515021,515061,515141,515167,515192,normal
228,1625,515317,1431.4361111111111,PVC,V,515195,515199,515209,515279,515336,515384,515431,515443,biphasic_positive_negative
228,1626,515896,1433.0444444444445,NORMAL,N,515766,515775,515790,515857,515966,515996,516018,516062,normal
228,1627,516150,1433.75,PVC,V,,,,516120,516185,516258,516280,516289,normal
228,1628,516539,1434.8305555555555,NORMAL,N,516458,516486,516499,516511,516592,516621,516632,516646,normal
228,1629,516760,1435.4444444444443,PVC,V,516660,516665,516676,516728,516778,516802,516833,516903,inverted
228,1630,517216,1436.7111111111112,NORMAL,N,517129,517155,517169,517189,517232,517255,517299,517374,normal
228,1631,517473,1437.425,PVC,V,517411,517417,517434,517440,517491,517533,517549,517630,inverted
228,1632,518008,1438.911111111111,NORMAL,N,517901,517925,517946,517960,518022,518065,518106,518174,normal
228,1633,518265,1439.625,PVC,V,518189,518193,518229,518234,518283,518308,518333,518409,inverted
228,1634,518666,1440.7388888888888,NORMAL,N,518580,518610,518630,518642,518675,,518715,518744,positive_monophasic
228,1635,518875,1441.3194444444443,PVC,V,,,,518844,518892,518928,518950,519030,inverted
228,1636,519327,1442.575,NORMAL,N,519188,519206,519246,519293,519338,519395,519440,519506,normal
228,1637,519580,1443.2777777777778,PVC,V,,,,519547,519635,,,,
228,1638,520073,1444.6472222222221,NORMAL,N,519983,519996,520022,520045,520086,520140,520188,520232,normal
228,1639,520319,1445.3305555555555,PVC,V,,,,520286,520340,520381,520402,520464,inverted
228,1640,520720,1446.4444444444443,NORMAL,N,520631,520665,520681,520695,520730,,520752,520807,positive_monophasic
228,1641,520919,1446.9972222222223,PVC,V,520812,520813,520850,520884,520935,520953,520992,521050,inverted
228,1642,521355,1448.2083333333333,NORMAL,N,521253,521293,521311,521330,521365,521409,521461,521511,normal
228,1643,521596,1448.8777777777777,PVC,V,521534,521540,521557,521562,521615,521630,521663,521757,inverted
228,1644,522049,1450.1361111111112,NORMAL,N,521951,521989,522005,522023,522060,522083,522151,522197,normal
228,1645,522281,1450.7805555555556,PVC,V,522226,522234,522246,522251,522300,522319,522349,522423,inverted
228,1646,522708,1451.9666666666667,NORMAL,N,522618,522651,522667,522680,522717,,522760,522788,positive_monophasic
228,1647,522917,1452.5472222222222,PVC,V,522797,522801,522836,522888,522932,522968,522993,523049,inverted
228,1648,523328,1453.6888888888889,NORMAL,N,523232,523265,523288,523302,523339,523380,523387,523410,inverted
228,1649,523564,1454.3444444444444,PVC,V,523420,523431,523467,523534,523581,523617,523637,523706,inverted
228,1650,523978,1455.4944444444445,NORMAL,N,523901,523912,523937,523943,523988,524021,524040,524068,inverted
228,1651,524190,1456.0833333333333,PVC,V,524129,524142,524155,524160,524210,524223,524256,524336,inverted
228,1652,524604,1457.2333333333333,NORMAL,N,524493,524515,524536,524572,524639,524701,524725,524729,biphasic_positive_negative
228,1653,524826,1457.85,PVC,V,524734,524745,524754,524786,524852,524854,524887,524938,inverted
228,1654,525219,1458.9416666666666,NORMAL,N,525165,525187,525197,525203,525239,525289,525310,525332,normal
228,1655,525418,1459.4944444444445,PVC,V,525363,525369,525380,525389,525446,525461,525485,525544,inverted
228,1656,525849,1460.6916666666666,NORMAL,N,525751,525780,525804,525812,525860,525897,525916,525923,normal
228,1657,526059,1461.275,PVC,V,525927,525943,525981,526029,526084,526109,526139,526195,inverted
228,1658,526486,1462.4611111111112,NORMAL,N,526398,526410,526435,526459,526498,526546,526579,526630,normal
228,1659,526817,1463.3805555555555,NORMAL,N,526700,526714,526737,526778,526829,526896,526908,526956,normal
228,1660,527125,1464.236111111111,NORMAL,N,527056,527072,527093,527101,527133,527154,527200,527230,normal
228,1661,527393,1464.9805555555556,NORMAL,N,527289,527301,527332,527360,527401,527431,527473,527508,normal
228,1662,527677,1465.7694444444444,NORMAL,N,527565,527578,527594,527639,527687,527741,527770,527816,normal
228,1663,527903,1466.3972222222221,PVC,V,,,,527854,527918,527933,527976,528038,inverted
228,1664,528297,1467.4916666666666,NORMAL,N,528203,528238,528253,528271,528308,528374,528393,528445,normal
228,1665,528644,1468.4555555555555,NORMAL,N,528538,528573,528600,528606,528655,528715,528740,528781,normal
228,1666,528968,1469.3555555555556,NORMAL,N,528849,528867,528879,528930,528980,529042,529120,529128,biphasic_positive_negative
228,1667,529268,1470.1888888888889,NORMAL,N,529166,529180,529190,529240,529277,529311,529416,529435,biphasic_positive_negative
228,1668,529541,1470.9472222222223,NORMAL,N,529460,529490,529505,529509,529550,529614,529675,529684,biphasic_positive_negative
228,1669,529855,1471.8194444444443,NORMAL,N,529735,529749,529762,529815,529866,529909,529951,529999,normal
228,1670,530197,1472.7694444444444,NORMAL,N,530097,530132,530147,530170,530208,530255,530296,530327,normal
228,1671,530452,1473.4777777777779,PVC,V,530373,530381,530393,530421,530479,530490,530592,530600,biphasic_negative_positive
228,1672,530829,1474.525,NORMAL,N,530742,530752,530759,530787,530868,530932,530960,530989,normal
228,1673,531081,1475.225,NORMAL,N,,,,531028,531145,531147,531227,531255,biphasic_negative_positive
228,1674,531429,1476.1916666666666,NORMAL,N,531324,531344,531365,531387,531486,531506,531601,531611,biphasic_positive_negative
228,1675,531714,1476.9833333333333,NORMAL,N,531629,531655,531663,531683,531749,531784,531917,531928,biphasic_positive_negative
228,1676,532021,1477.8361111111112,NORMAL,N,,,,532007,532051,532099,532112,532132,normal
228,1677,532253,1478.4805555555556,PVC,V,532183,532191,532197,532209,532277,532349,532385,532407,normal
228,1678,532641,1479.5583333333334,NORMAL,N,532533,532552,532576,532612,532661,,,,
228,1679,532976,1480.4888888888888,NORMAL,N,532873,532879,532889,532937,532987,533020,533176,533196,biphasic_positive_negative
228,1680,533300,1481.388888888889,NORMAL,N,533226,533238,533254,533265,533310,533342,533350,533365,inverted
228,1681,533495,1481.9305555555557,PVC,V,533377,533386,533408,533455,533510,533533,533643,533652,biphasic_negative_positive
228,1682,533873,1482.9805555555556,NORMAL,N,533797,533823,533836,533842,533881,,533917,533956,positive_monophasic
228,1683,534060,1483.5,PVC,V,,,,534026,534074,534091,534117,534181,inverted
228,1684,534499,1484.7194444444444,NORMAL,N,534398,534442,534457,534473,534510,534523,534597,534656,normal
228,1685,534828,1485.6333333333334,NORMAL,N,534730,534762,534787,534803,534838,534878,534918,534957,normal
228,1686,535048,1486.2444444444445,PVC,V,,,,535012,535086,535094,535140,535221,normal
228,1687,535485,1487.4583333333333,NORMAL,N,535397,535425,535438,535448,535494,535536,535572,535647,normal
228,1688,535792,1488.3111111111111,NORMAL,N,535689,535703,535725,535769,535800,535834,535937,535969,biphasic_positive_negative
228,1689,536056,1489.0444444444445,APC,A,535975,536003,536022,536032,536066,536092,536143,536177,normal
228,1690,536394,1489.9833333333333,NORMAL,N,536305,536321,536356,536367,536404,536472,536503,536539,normal
228,1691,536783,1491.0638888888889,NORMAL,N,536687,536708,536724,536754,536794,536828,536984,537001,biphasic_positive_negative
228,1692,537127,1492.0194444444444,NORMAL,N,537043,537055,537072,537092,537137,537171,537337,537350,biphasic_positive_negative
228,1693,537449,1492.9138888888888,NORMAL,N,537369,537382,537412,537415,537460,537518,537626,537639,biphasic_positive_negative
228,1694,537756,1493.7666666666667,NORMAL,N,537681,537694,537716,537730,537766,537788,537931,537940,biphasic_positive_negative
228,1695,538056,1494.6,NORMAL,N,537986,538002,538019,538024,538065,538090,538136,538171,normal
228,1696,538269,1495.1916666666666,PVC,V,538219,538228,538237,538246,538286,538315,538342,538397,inverted
228,1697,538699,1496.3861111111112,NORMAL,N,538610,538624,538640,538669,538721,538793,538812,538883,normal
228,1698,539092,1497.4777777777779,NORMAL,N,539002,539014,539048,539052,539102,539173,539294,539316,biphasic_positive_negative
228,1699,539432,1498.4222222222222,NORMAL,N,539351,539367,539381,539407,539440,539490,539579,539587,biphasic_positive_negative
228,1700,539724,1499.2333333333333,NORMAL,N,539606,539628,539649,539690,539734,539839,539851,539864,inverted
228,1701,540092,1500.2555555555555,NORMAL,N,540007,540017,540025,540055,540103,540145,540195,540237,normal
228,1702,540406,1501.1277777777777,NORMAL,N,540322,540354,540366,540384,540435,540472,540574,540584,biphasic_positive_negative
228,1703,540739,1502.0527777777777,NORMAL,N,540664,540674,540696,540707,540748,540800,540818,540860,normal
228,1704,541077,1502.9916666666666,NORMAL,N,540966,540974,540984,541035,541119,541172,541183,541196,normal
228,1705,541424,1503.9555555555555,NORMAL,N,541341,541352,541361,541409,541436,541490,541617,541634,biphasic_positive_negative
228,1706,541736,1504.8222222222223,NORMAL,N,,,,541720,541761,541806,541838,541862,biphasic_negative_positive
228,1707,541966,1505.4611111111112,PVC,V,,,,541933,541999,542021,542041,542095,inverted
228,1708,542359,1506.5527777777777,NORMAL,N,542273,542280,542291,542332,542372,542432,542449,542475,normal
228,1709,542563,1507.1194444444445,PVC,V,542479,542486,542510,542529,542577,542588,542622,542686,inverted
228,1710,542954,1508.2055555555555,NORMAL,N,542856,542865,542893,542932,542964,543006,543140,543172,biphasic_positive_negative
228,1711,543277,1509.1027777777779,NORMAL,N,543177,543212,543234,543249,543288,543338,543471,543486,biphasic_positive_negative
228,1712,543639,1510.1083333333333,NORMAL,N,543536,543576,543591,543612,543662,543695,543828,543875,biphasic_positive_negative
228,1713,543977,1511.0472222222222,NORMAL,N,543881,543914,543937,543950,543987,544033,544158,544171,biphasic_positive_negative
228,1714,544278,1511.8833333333334,NORMAL,N,544198,544226,544242,544257,544287,544365,544430,544450,inverted
228,1715,544546,1512.6277777777777,NORMAL,N,544460,544491,544507,544522,544555,544597,544699,544771,biphasic_positive_negative
228,1716,544864,1513.5111111111112,NORMAL,N,544776,544808,544824,544830,544873,544952,545023,545066,inverted
228,1717,545166,1514.35,NORMAL,N,545072,545106,545127,545141,545176,545219,545351,545392,biphasic_positive_negative
228,1718,545497,1515.2694444444444,NORMAL,N,545397,545432,545458,545459,545507,545546,545592,545644,normal
228,1719,545835,1516.2083333333333,NORMAL,N,545745,545777,545790,545805,545873,545923,545993,546047,inverted
228,1720,546145,1517.0694444444443,NORMAL,N,546052,546089,546108,546116,546154,546214,546295,546300,biphasic_positive_negative
228,1721,546435,1517.875,NORMAL,N,546331,546352,546372,546403,546445,546497,546618,546635,biphasic_positive_negative
228,1722,546730,1518.6944444444443,NORMAL,N,,,,546692,546746,546800,546831,546863,normal
228,1723,547036,1519.5444444444445,NORMAL,N,546909,546933,546940,547004,547057,547130,547184,547242,inverted
228,1724,547340,1520.388888888889,NORMAL,N,,,,547304,547408,547436,547445,547482,normal
228,1725,547656,1521.2666666666667,NORMAL,N,547571,547605,547629,547644,547725,547856,547875,547885,biphasic_positive_negative
228,1726,547976,1522.1555555555556,NORMAL,N,,,,547951,548015,548035,548178,548187,biphasic_positive_negative
228,1727,548283,1523.0083333333334,NORMAL,N,548203,548210,548218,548239,548292,548376,548399,548409,inverted
228,1728,548568,1523.8,NORMAL,N,548468,548481,548492,548528,548636,548662,548708,548746,inverted
228,1729,548857,1524.6027777777779,NORMAL,N,548755,548771,548786,548833,548882,548924,548944,549003,normal
228,1730,549170,1525.4722222222222,NORMAL,N,549091,549113,549136,549148,549179,549228,549338,549370,biphasic_positive_negative
228,1731,549468,1526.3,NORMAL,N,549375,549408,549429,549444,549477,549564,549640,549661,inverted
228,1732,549753,1527.0916666666667,NORMAL,N,549669,549702,549717,549731,549763,549799,549930,549985,biphasic_positive_negative
228,1733,550088,1528.0222222222221,NORMAL,N,549991,550025,550043,550062,550099,550121,550266,550311,biphasic_positive_negative
228,1734,550413,1528.925,NORMAL,N,550317,550354,550370,550388,550423,550509,550587,550623,inverted
228,1735,550718,1529.7722222222221,NORMAL,N,550629,550661,550679,550694,550728,550779,550791,550803,normal
228,1736,550906,1530.2944444444445,PVC,V,,,,550884,550937,550951,550987,551042,normal
228,1737,551293,1531.3694444444445,NORMAL,N,551210,551244,551257,551271,551302,551381,551452,551495,inverted
228,1738,551589,1532.1916666666666,NORMAL,N,551500,551530,551551,551555,551599,551615,551637,551668,normal
228,1739,551781,1532.725,PVC,V,,,,551753,551817,551838,551875,551948,normal
228,1740,552221,1533.9472222222223,NORMAL,N,552126,552158,552175,552194,552230,552305,552316,552365,normal
228,1741,552554,1534.8722222222223,NORMAL,N,552460,552496,552516,552531,552563,552600,552728,552753,biphasic_positive_negative
228,1742,552845,1535.6805555555557,NORMAL,N,552758,552792,552806,552822,552854,552895,552930,552969,normal
228,1743,553125,1536.4583333333333,NORMAL,N,553028,553041,553058,553094,553134,553150,553209,553282,normal
228,1744,553420,1537.2777777777778,NORMAL,N,553330,553363,553376,553395,553429,553515,553565,553582,inverted
228,1745,553688,1538.0222222222221,NORMAL,N,553593,553623,553646,553656,553698,553735,553779,553813,normal
228,1746,553891,1538.5861111111112,PVC,V,,,,553859,553928,553938,553969,554047,normal
228,1747,554361,1539.8916666666667,NORMAL,N,554271,554305,554321,554337,554370,554412,554448,554530,normal
228,1748,554679,1540.775,NORMAL,N,554589,554620,554645,554655,554688,554712,554768,554829,normal
228,1749,554979,1541.6083333333333,NORMAL,N,554869,554884,554898,554944,554988,555031,555054,555127,normal
228,1750,555261,1542.3916666666667,NORMAL,N,555158,555174,555190,555237,555271,555297,555349,555412,normal
228,1751,555563,1543.2305555555556,NORMAL,N,555471,555504,555522,555539,555573,555609,555656,555719,normal
228,1752,555872,1544.088888888889,NORMAL,N,555766,555777,555795,555839,555881,555921,556062,556095,biphasic_positive_negative
228,1753,556200,1545.0,NORMAL,N,556101,556136,556154,556175,556209,556303,556376,556413,inverted
228,1754,556512,1545.8666666666666,NORMAL,N,556419,556452,556470,556487,556522,556551,556687,556742,biphasic_positive_negative
228,1755,556845,1546.7916666666667,NORMAL,N,556750,556783,556799,556822,556856,,556901,556940,positive_monophasic
228,1756,557057,1547.3805555555555,PVC,V,556953,556978,557013,557022,557095,557116,557153,557216,normal
228,1757,557464,1548.5111111111112,NORMAL,N,557363,557374,557389,557440,557474,557563,557618,557639,inverted
228,1758,557732,1549.2555555555555,NORMAL,N,557647,557681,557694,557710,557741,557748,557816,557881,normal
228,1759,558081,1550.225,NORMAL,N,557989,558021,558039,558057,558090,558133,558273,558313,biphasic_positive_negative
228,1760,558423,1551.175,NORMAL,N,558319,558356,558380,558397,558434,558463,558603,558646,biphasic_positive_negative
228,1761,558760,1552.111111111111,NORMAL,N,558656,558690,558714,558723,558772,,558828,558859,positive_monophasic
228,1762,558966,1552.6833333333334,PVC,V,558874,558898,558934,558938,558980,558994,559033,559118,inverted
228,1763,559404,1553.9,NORMAL,N,559306,559316,559335,559381,559412,,559446,559488,positive_monophasic
228,1764,559594,1554.4277777777777,PVC,V,,,,559559,559609,559632,559653,559721,inverted
228,1765,559988,1555.5222222222221,NORMAL,N,559901,559932,559949,559956,559997,560042,560173,560207,biphasic_positive_negative
228,1766,560310,1556.4166666666667,NORMAL,N,560214,560246,560270,560284,560319,560347,560406,560485,normal
228,1767,560669,1557.4138888888888,NORMAL,N,560562,560602,560623,560642,560678,560784,560865,560919,inverted
228,1768,561041,1558.4472222222223,NORMAL,N,,,,561002,561064,561100,561139,561218,normal
228,1769,561361,1559.3361111111112,NORMAL,N,561273,561304,561326,561337,561371,561382,561454,561492,normal
228,1770,561664,1560.1777777777777,NORMAL,N,561558,561572,561590,561628,561672,561695,561750,561807,normal
228,1771,561960,1561.0,NORMAL,N,561875,561905,561923,561939,561969,562007,562135,562173,biphasic_positive_negative
228,1772,562280,1561.888888888889,NORMAL,N,562179,562214,562237,562254,562290,562316,562458,562504,biphasic_positive_negative
228,1773,562621,1562.8361111111112,NORMAL,N,562511,562550,562569,562592,562630,562655,562730,562793,normal
228,1774,562989,1563.8583333333333,NORMAL,N,562887,562923,562939,562961,562999,563100,563205,563239,inverted
228,1775,563350,1564.861111111111,NORMAL,N,563249,563285,563312,563325,563360,563404,563442,563503,normal
228,1776,563647,1565.6861111111111,NORMAL,N,563560,563589,563606,563624,563655,563675,563730,563765,normal
228,1777,563854,1566.2611111111112,PVC,V,563783,563795,563818,563819,563869,563883,563927,563984,inverted
228,1778,564240,1567.3333333333333,NORMAL,N,564147,564180,564197,564216,564250,564306,564447,564474,biphasic_positive_negative
228,1779,564588,1568.3,NORMAL,N,564485,564517,564541,564551,564598,564693,564784,564825,inverted
228,1780,564927,1569.2416666666666,NORMAL,N,564832,564859,564878,564900,564938,565001,565107,565150,biphasic_positive_negative
228,1781,565252,1570.1444444444444,NORMAL,N,565160,565184,565206,565226,565262,565315,565351,565394,normal
228,1782,565504,1570.8444444444444,PVC,V,565451,565461,565471,565477,565537,565548,565574,565635,inverted
228,1783,565891,1571.9194444444445,NORMAL,N,565800,565832,565850,565866,565900,565950,565979,566045,normal
228,1784,566192,1572.7555555555555,NORMAL,N,566103,566130,566153,566167,566201,,,,
228,1785,566493,1573.5916666666667,NORMAL,N,566403,566429,566455,566468,566503,566564,566686,566698,biphasic_positive_negative
228,1786,566828,1574.5222222222221,NORMAL,N,566733,566765,566786,566804,566838,566878,566914,566953,normal
228,1787,567050,1575.138888888889,PVC,V,,,,567020,567067,567102,567125,567186,inverted
228,1788,567474,1576.3166666666666,NORMAL,N,567372,567409,567427,567448,567485,567549,567584,567639,normal
228,1789,567813,1577.2583333333334,NORMAL,N,567719,567750,567772,567777,567822,567847,567895,567949,normal
228,1790,568111,1578.0861111111112,NORMAL,N,568025,568056,568076,568089,568120,568193,568263,568294,inverted
228,1791,568389,1578.8583333333333,NORMAL,N,568301,568331,568352,568353,568398,568479,568537,568579,inverted
228,1792,568677,1579.6583333333333,NORMAL,N,568585,568619,568634,568652,568687,568743,568855,568906,biphasic_positive_negative
228,1793,569007,1580.575,NORMAL,N,568911,568942,568972,568983,569017,569055,569195,569232,biphasic_positive_negative
228,1794,569332,1581.4777777777779,NORMAL,N,569237,569270,569292,569297,569342,569369,569522,569550,biphasic_positive_negative
228,1795,569654,1582.3722222222223,NORMAL,N,569556,569590,569606,569628,569664,569690,569830,569872,biphasic_positive_negative
228,1796,569974,1583.2611111111112,NORMAL,N,569878,569912,569935,569948,569984,570015,570127,570142,biphasic_positive_negative
228,1797,570259,1584.0527777777777,NORMAL,N,570158,570172,570187,570237,570268,570346,570426,570450,inverted
228,1798,570541,1584.8361111111112,NORMAL,N,570456,570486,570508,570517,570551,570636,570706,570747,inverted
228,1799,570850,1585.6944444444443,NORMAL,N,570753,570785,570808,570811,570860,570897,571041,571080,biphasic_positive_negative
228,1800,571190,1586.638888888889,NORMAL,N,571086,571121,571141,571150,571200,571225,571389,571418,biphasic_positive_negative
228,1801,571516,1587.5444444444445,NORMAL,N,571424,571458,571480,571493,571525,571608,571687,571726,inverted
228,1802,571822,1588.3944444444444,NORMAL,N,571732,571763,571783,571798,571832,571917,571995,572030,inverted
228,1803,572131,1589.2527777777777,NORMAL,N,572036,572071,572088,572106,572149,572222,572287,572312,inverted
228,1804,572404,1590.0111111111112,NORMAL,N,572321,572351,572366,572380,572414,572454,572492,572544,normal
228,1805,572712,1590.8666666666666,NORMAL,N,572628,572656,572674,572698,572721,572735,572892,572925,biphasic_positive_negative
228,1806,573017,1591.713888888889,NORMAL,N,572931,572962,572980,572995,573027,573075,573224,573247,biphasic_positive_negative
228,1807,573359,1592.6638888888888,NORMAL,N,573253,573290,573316,573320,573369,573406,573551,573577,biphasic_positive_negative
228,1808,573669,1593.525,NORMAL,N,573583,573614,573632,573646,573687,573705,573832,573885,biphasic_positive_negative
228,1809,573988,1594.411111111111,NORMAL,N,573892,573924,573949,573962,573999,574047,574182,574220,biphasic_positive_negative
228,1810,574323,1595.3416666666667,NORMAL,N,574226,574260,574278,574286,574333,574417,574488,574532,inverted
228,1811,574628,1596.1888888888889,NORMAL,N,574538,574569,574589,574606,574637,,,,
228,1812,574902,1596.95,NORMAL,N,574807,574818,574835,574879,574912,574922,574987,575020,normal
228,1813,575190,1597.75,NORMAL,N,575090,575102,575121,575167,575200,575283,575367,575408,inverted
228,1814,575509,1598.6361111111112,NORMAL,N,575415,575449,575468,575473,575519,,575558,575596,positive_monophasic
228,1815,575712,1599.2,PVC,V,575599,575600,575632,575672,575751,575769,575806,575864,normal
228,1816,576152,1600.4222222222222,NORMAL,N,576039,576049,576066,576135,576162,576170,576233,576294,normal
228,1817,576479,1601.3305555555555,NORMAL,N,576387,576421,576441,576455,576489,,,,
228,1818,576773,1602.1472222222221,NORMAL,N,576671,576686,576704,576750,576782,576803,576925,576963,biphasic_positive_negative
228,1819,577055,1602.9305555555557,NORMAL,N,576969,576999,577022,577033,577065,577148,577215,577261,inverted
228,1820,577359,1603.775,NORMAL,N,577266,577302,577318,577332,577369,577462,577512,577531,inverted
228,1821,577637,1604.5472222222222,NORMAL,N,577542,577575,577596,577611,577647,577689,577744,577790,normal
228,1822,577877,1605.213888888889,PVC,V,,,,577829,577919,577929,577966,578052,normal
228,1823,578357,1606.5472222222222,NORMAL,N,578265,578300,578319,578332,578367,,578402,578448,positive_monophasic
228,1824,578562,1607.1166666666666,PVC,V,,,,578533,578577,578600,578627,578702,inverted
228,1825,578973,1608.2583333333334,NORMAL,N,578890,578918,578933,578950,578982,578993,579027,579060,normal
228,1826,579170,1608.8055555555557,PVC,V,579061,579066,579100,579145,579185,579207,579235,579295,inverted
228,1827,579585,1609.9583333333333,NORMAL,N,579489,579524,579542,579558,579594,579628,579678,579744,normal
228,1828,579913,1610.8694444444445,NORMAL,N,579810,579846,579865,579880,579925,579970,580012,580068,normal
228,1829,580267,1611.8527777777779,NORMAL,N,580171,580204,580224,580243,580277,580308,580361,580432,normal
228,1830,580588,1612.7444444444445,NORMAL,N,580467,580484,580502,580571,580598,580638,580772,580810,biphasic_positive_negative
228,1831,580919,1613.6638888888888,NORMAL,N,580816,580856,580875,580893,580928,580982,580994,581006,normal
228,1832,581119,1614.2194444444444,PVC,V,,,,581093,581134,581147,581171,581243,inverted
228,1833,581506,1615.2944444444445,NORMAL,N,581411,581421,581439,581482,581514,,581546,581589,positive_monophasic
228,1834,581704,1615.8444444444444,PVC,V,,,,581678,581718,581736,581759,581835,inverted
228,1835,582140,1617.0555555555557,NORMAL,N,582038,582075,582092,582114,582165,582194,582238,582276,normal
228,1836,582359,1617.6638888888888,PVC,V,,,,582329,582375,582393,582419,582500,inverted
228,1837,582802,1618.8944444444444,NORMAL,N,582704,582738,582758,582766,582812,582856,582905,582956,normal
228,1838,583031,1619.5305555555556,PVC,V,,,,583001,583047,583084,583106,583163,inverted
228,1839,583426,1620.6277777777777,NORMAL,N,583324,583334,583346,583389,583435,,583455,583481,positive_monophasic
228,1840,583614,1621.15,PVC,V,583486,583509,583537,583577,583629,583687,583743,583749,biphasic_negative_positive
228,1841,584049,1622.3583333333333,NORMAL,N,583946,583988,584001,584015,584062,584124,584147,584203,normal
228,1842,584287,1623.0194444444444,PVC,V,,,,584255,584310,584325,584359,584434,inverted
228,1843,584767,1624.3527777777779,NORMAL,N,584660,584703,584715,584732,584778,584828,584859,584909,normal
228,1844,585089,1625.2472222222223,NORMAL,N,584982,584994,585016,585057,585100,585131,585163,585216,normal
228,1845,585390,1626.0833333333333,NORMAL,N,585303,585330,585352,585375,585414,585474,585482,585505,normal
228,1846,585674,1626.8722222222223,NORMAL,N,585576,585590,585611,585653,585683,585708,585829,585853,biphasic_positive_negative
228,1847,585969,1627.6916666666666,NORMAL,N,585896,585904,585933,585953,585976,586020,586042,586103,normal
228,1848,586183,1628.286111111111,PVC,V,,,,586154,586207,586243,586260,586337,inverted
228,1849,586621,1629.5027777777777,NORMAL,N,586505,586513,586525,586577,586632,586686,586724,586777,normal
228,1850,586855,1630.1527777777778,PVC,V,586783,586789,586821,586826,586898,586927,586999,587007,biphasic_negative_positive
228,1851,587251,1631.2527777777777,NORMAL,N,587152,587162,587173,587219,587262,587327,587340,587377,normal
228,1852,587554,1632.0944444444444,NORMAL,N,587434,587473,587494,587512,587561,587627,587640,587676,normal
228,1853,587862,1632.95,NORMAL,N,587749,587764,587791,587827,587869,587902,587950,587975,normal
228,1854,588163,1633.786111111111,NORMAL,N,588086,588101,588126,588156,588208,588219,588244,588270,normal
228,1855,588343,1634.286111111111,PVC,V,,,,588290,588374,588404,588498,588508,biphasic_positive_negative
228,1856,588769,1635.4694444444444,NORMAL,N,588673,588709,588720,588739,588778,588855,588896,588931,normal
228,1857,589093,1636.3694444444445,NORMAL,N,588997,589036,589060,589070,589119,589161,589239,589248,biphasic_positive_negative
228,1858,589400,1637.2222222222222,NORMAL,N,589332,589342,589365,589386,589409,589464,589488,589521,normal
228,1859,589703,1638.0638888888889,NORMAL,N,589607,589643,589662,589687,589711,589750,589792,589823,normal
228,1860,589993,1638.8694444444445,NORMAL,N,589893,589904,589922,589959,590000,590043,590113,590120,biphasic_positive_negative
228,1861,590257,1639.6027777777779,NORMAL,N,590170,590185,590196,590218,590300,590321,590419,590429,biphasic_positive_negative
228,1862,590566,1640.4611111111112,NORMAL,N,590454,590469,590495,590532,590595,590649,590713,590734,biphasic_positive_negative
228,1863,590838,1641.2166666666667,NORMAL,N,590756,590772,590787,590801,590848,,,,
228,1864,591229,1642.3027777777777,NORMAL,N,591145,591163,591178,591198,591240,591288,591427,591441,biphasic_positive_negative
228,1865,591543,1643.175,NORMAL,N,591469,591478,591492,591504,591552,591611,591711,591736,biphasic_positive_negative
228,1866,591829,1643.9694444444444,NORMAL,N,591760,591769,591781,591802,591872,591899,591905,591912,normal
228,1867,592010,1644.4722222222222,PVC,V,,,,591977,592024,,,,
228,1868,592394,1645.5388888888888,NORMAL,N,592314,592338,592349,592357,592403,592435,592441,592457,inverted
228,1869,592591,1646.0861111111112,PVC,V,592468,592482,592504,592561,592630,592676,592747,592761,normal
228,1870,593010,1647.25,NORMAL,N,592903,592909,592920,592976,593048,593062,593171,593177,biphasic_positive_negative
228,1871,593333,1648.1472222222221,NORMAL,N,593251,593266,593278,593318,593372,593396,593473,593483,biphasic_positive_negative
228,1872,593627,1648.963888888889,NORMAL,N,593570,593580,593597,593610,593652,593698,593794,593803,biphasic_positive_negative
228,1873,593920,1649.7777777777778,NORMAL,N,593849,593862,593884,593903,593938,593978,594029,594036,biphasic_positive_negative
228,1874,594214,1650.5944444444444,NORMAL,N,594120,594126,594146,594188,594223,594279,594345,594358,biphasic_positive_negative
228,1875,594513,1651.425,NORMAL,N,594428,594453,594473,594477,594522,594554,594558,594588,normal
228,1876,594702,1651.95,PVC,V,594605,594626,594660,594668,594738,594755,594794,594852,normal
228,1877,595116,1653.1,NORMAL,N,595025,595053,595070,595100,595126,595181,595206,595281,normal
228,1878,595434,1653.9833333333333,NORMAL,N,595337,595366,595393,595407,595443,595485,595527,595568,normal
228,1879,595744,1654.8444444444444,NORMAL,N,595681,595689,595709,595721,595752,595834,595904,595935,inverted
228,1880,596027,1655.6305555555555,NORMAL,N,595944,595972,595988,596004,596035,596042,596104,596149,normal
228,1881,596332,1656.4777777777779,NORMAL,N,596242,596271,596297,596318,596341,596360,596497,596526,biphasic_positive_negative
228,1882,596618,1657.2722222222221,NORMAL,N,596533,596560,596575,596594,596626,596709,596777,596821,inverted
228,1883,596915,1658.0972222222222,NORMAL,N,596827,596858,596876,596881,596923,597005,597079,597117,inverted
228,1884,597214,1658.9277777777777,NORMAL,N,597124,597154,597177,597199,597224,597238,597301,597337,normal
228,1885,597415,1659.486111111111,PVC,V,,,,597385,597431,597448,597486,597558,inverted
228,1886,597878,1660.7722222222221,NORMAL,N,597784,597818,597839,597852,597887,,597914,597963,positive_monophasic
228,1887,598077,1661.325,PVC,V,,,,598049,598093,598113,598136,598229,inverted
228,1888,598454,1662.3722222222223,NORMAL,N,598355,598365,598385,598430,598463,598507,598610,598653,biphasic_positive_negative
228,1889,598742,1663.1722222222222,NORMAL,N,598658,598685,598700,598710,598751,598784,598834,598882,normal
228,1890,599035,1663.986111111111,NORMAL,N,598937,598951,598976,599014,599045,599075,599112,599165,normal
228,1891,599347,1664.8527777777779,NORMAL,N,599255,599287,599308,599324,599356,599399,599435,599473,normal
228,1892,599575,1665.486111111111,PVC,V,,,,599544,599591,599622,599653,599734,inverted
228,1893,600011,1666.6972222222223,NORMAL,N,599911,599948,599967,599984,600021,600060,600068,600107,normal
228,1894,600212,1667.2555555555555,PVC,V,,,,600185,600246,600272,600300,600350,normal
228,1895,600600,1668.3333333333333,NORMAL,N,600502,600513,600529,600567,600609,600619,600688,600766,normal
228,1896,600905,1669.1805555555557,NORMAL,N,600814,600849,600865,600879,600925,600961,601081,601135,biphasic_positive_negative
228,1897,601233,1670.0916666666667,NORMAL,N,601142,601173,601191,601201,601243,601331,601403,601458,inverted
228,1898,601563,1671.0083333333334,NORMAL,N,601466,601499,601530,601537,601573,601660,601683,601695,inverted
228,1899,601795,1671.6527777777778,APC,A,601704,601740,601758,601769,601803,601851,601960,602016,biphasic_positive_negative
228,1900,602184,1672.7333333333333,NORMAL,N,602121,602151,602164,602168,602194,602233,602287,602328,normal
228,1901,602420,1673.388888888889,PVC,V,,,,602381,602454,602466,602500,602562,normal
228,1902,602812,1674.4777777777779,NORMAL,N,602725,602756,602771,602778,602821,602907,602980,603017,inverted
228,1903,603114,1675.3166666666666,NORMAL,N,603022,603054,603071,603097,603124,603158,603301,603326,biphasic_positive_negative
228,1904,603423,1676.175,NORMAL,N,603334,603364,603383,603398,603438,603468,603602,603645,biphasic_positive_negative
228,1905,603743,1677.0638888888889,NORMAL,N,603651,603684,603710,603719,603753,,603780,603826,positive_monophasic
228,1906,603953,1677.6472222222221,PVC,V,,,,603925,603968,603984,604012,604086,inverted
228,1907,604399,1678.8861111111112,NORMAL,N,604291,604333,604347,604370,604423,,604454,604506,positive_monophasic
228,1908,604624,1679.5111111111112,PVC,V,604521,604542,604574,604585,604636,604660,604692,604773,inverted
228,1909,605028,1680.6333333333334,NORMAL,N,604925,604936,604962,605002,605038,,605068,605102,positive_monophasic
228,1910,605216,1681.1555555555556,PVC,V,605112,605114,605147,605181,605231,605249,605273,605355,inverted
228,1911,605641,1682.3361111111112,NORMAL,N,605541,605580,605596,605623,605667,605700,605739,605828,normal
228,1912,605972,1683.2555555555555,NORMAL,N,605880,605912,605931,605948,605981,606072,606147,606194,inverted
228,1913,606293,1684.1472222222221,NORMAL,N,606200,606231,606258,606277,606302,606332,606485,606527,biphasic_positive_negative
228,1914,606651,1685.1416666666667,NORMAL,N,606558,606574,606596,606621,606661,606758,606833,606866,inverted
228,1915,606959,1685.9972222222223,NORMAL,N,606872,606902,606925,606936,606968,606996,607044,607087,normal
228,1916,607236,1686.7666666666667,NORMAL,N,607154,607182,607202,607221,607245,607321,607399,607434,inverted
228,1917,607528,1687.5777777777778,NORMAL,N,607440,607471,607492,607493,607537,607568,607715,607745,biphasic_positive_negative
228,1918,607855,1688.486111111111,NORMAL,N,607752,607788,607806,607819,607866,607902,608050,608083,biphasic_positive_negative
228,1919,608183,1689.3972222222221,NORMAL,N,608088,608125,608144,608167,608201,608289,608339,608358,inverted
228,1920,608463,1690.175,NORMAL,N,608371,608401,608422,608429,608473,608506,608622,608668,biphasic_positive_negative
228,1921,608824,1691.1777777777777,NORMAL,N,608723,608760,608780,608800,608833,608876,608999,609036,biphasic_positive_negative
228,1922,609128,1692.0222222222221,NORMAL,N,609043,609073,609089,609096,609137,609218,609280,609324,inverted
228,1923,609418,1692.8277777777778,NORMAL,N,609329,609360,609379,609382,609426,609514,609590,609628,inverted
228,1924,609719,1693.6638888888888,NORMAL,N,609633,609664,609681,609704,609741,609765,609900,609949,biphasic_positive_negative
228,1925,610056,1694.6,NORMAL,N,609955,609992,610018,610030,610066,610095,610147,610177,normal
228,1926,610268,1695.1888888888889,PVC,V,610179,610191,610234,610239,610285,610299,610327,610409,inverted
228,1927,610682,1696.338888888889,NORMAL,N,610595,610628,610642,610660,610700,,610728,610773,positive_monophasic
228,1928,610888,1696.911111111111,PVC,V,,,,610860,610903,610922,610950,611039,inverted
228,1929,611320,1698.111111111111,NORMAL,N,611232,611263,611285,611304,611330,,611363,611404,positive_monophasic
228,1930,611515,1698.6527777777778,PVC,V,611406,611408,611443,611479,611529,611542,611572,611667,inverted
228,1931,611927,1699.7972222222222,NORMAL,N,611845,611875,611891,611914,611936,,611954,612013,positive_monophasic
228,1932,612129,1700.3583333333333,PVC,V,,,,612102,612145,612163,612188,612268,inverted
228,1933,612560,1701.5555555555557,NORMAL,N,612464,612501,612516,612524,612568,,612577,612647,positive_monophasic
228,1934,612761,1702.1138888888888,PVC,V,,,,612725,612778,612795,612821,612926,inverted
228,1935,613192,1703.3111111111111,NORMAL,N,613096,613130,613147,613165,613213,,613214,613277,positive_monophasic
228,1936,613415,1703.9305555555557,PVC,V,613303,613339,613367,613379,613430,613442,613466,613537,inverted
228,1937,613789,1704.9694444444444,NORMAL,N,613693,613707,613723,613774,613798,613882,613949,613993,inverted
228,1938,614086,1705.7944444444445,NORMAL,N,613998,614029,614044,614050,614095,614120,614274,614301,biphasic_positive_negative
228,1939,614409,1706.6916666666666,NORMAL,N,614307,614343,614362,614371,614419,614457,614592,614609,biphasic_positive_negative
228,1940,614753,1707.6472222222221,NORMAL,N,614658,614682,614713,614736,614763,614786,614933,614968,biphasic_positive_negative
228,1941,615072,1708.5333333333333,NORMAL,N,614975,615008,615026,615033,615081,615169,615233,615276,inverted
228,1942,615373,1709.3694444444445,NORMAL,N,615281,615313,615332,615349,615383,,615408,615465,positive_monophasic
228,1943,615576,1709.9333333333334,PVC,V,,,,615536,615600,615618,615647,615705,normal
228,1944,615952,1710.9777777777779,NORMAL,N,615853,615864,615897,615929,615960,,,,
228,1945,616264,1711.8444444444444,NORMAL,N,616172,616199,616220,616241,616273,616295,616464,616478,biphasic_positive_negative
228,1946,616587,1712.7416666666666,NORMAL,N,616501,616523,616544,616576,616650,616776,616789,616818,inverted
228,1947,616917,1713.6583333333333,NORMAL,N,616832,616858,616879,616887,616926,616951,617001,617059,biphasic_negative_positive
228,1948,617228,1714.5222222222221,NORMAL,N,617116,617131,617144,617193,617237,617322,617379,617428,inverted
228,1949,617533,1715.3694444444445,NORMAL,N,617493,617503,617512,617521,617541,617586,617623,617651,normal
228,1950,617733,1715.925,PVC,V,617681,617694,617711,617719,617770,617782,617828,617871,normal
228,1951,618136,1717.0444444444445,NORMAL,N,618071,618082,618099,618105,618144,618160,618327,618348,biphasic_positive_negative
228,1952,618441,1717.8916666666667,NORMAL,N,618352,618384,618406,618410,618450,618532,618602,618645,inverted
228,1953,618744,1718.7333333333333,NORMAL,N,618651,618681,618698,618720,618755,618784,618922,618949,biphasic_positive_negative
228,1954,619052,1719.588888888889,NORMAL,N,618967,618991,619004,619027,619061,619117,619254,619265,biphasic_positive_negative
228,1955,619364,1720.4555555555555,NORMAL,N,619282,619298,619310,619326,619371,619409,619530,619538,biphasic_positive_negative
228,1956,619671,1721.3083333333334,NORMAL,N,619586,619610,619639,619661,619680,619741,619756,619809,normal
228,1957,619989,1722.1916666666666,NORMAL,N,619930,619960,619971,619977,619998,620030,620162,620173,biphasic_positive_negative
228,1958,620264,1722.9555555555555,NORMAL,N,620190,620206,620233,620240,620274,620299,620354,620381,normal
228,1959,620558,1723.7722222222221,NORMAL,N,620478,620501,620514,620527,620567,620603,620648,620670,normal
228,1960,620766,1724.35,PVC,V,620674,620680,620711,620723,620767,620769,620850,620908,normal
228,1961,621195,1725.5416666666667,NORMAL,N,621117,621128,621155,621178,621237,621283,621360,621365,biphasic_positive_negative
228,1962,621516,1726.4333333333334,NORMAL,N,621443,621455,621471,621479,621527,621572,621717,621728,biphasic_positive_negative
228,1963,621834,1727.3166666666666,NORMAL,N,621760,621773,621795,621813,621842,621874,622019,622040,biphasic_positive_negative
228,1964,622139,1728.1638888888888,NORMAL,N,622070,622083,622100,622104,622150,622190,622299,622322,biphasic_positive_negative
228,1965,622424,1728.9555555555555,NORMAL,N,622345,622367,622384,622387,622468,622476,622497,622501,normal
228,1966,622610,1729.4722222222222,PVC,V,622516,622541,622547,622576,622626,622644,622678,622742,inverted
228,1967,623046,1730.6833333333334,NORMAL,N,622983,623012,623025,623036,623057,623087,623127,623193,normal
228,1968,623399,1731.6638888888888,NORMAL,N,623325,623336,623350,623371,623410,623443,623558,623572,biphasic_positive_negative
228,1969,623726,1732.5722222222223,NORMAL,N,623635,623653,623680,623691,623735,623786,623813,623868,normal
228,1970,624039,1733.4416666666666,NORMAL,N,623954,623972,623992,624015,624067,624085,624232,624245,biphasic_positive_negative
228,1971,624357,1734.325,NORMAL,N,624282,624292,624323,624347,624367,624403,624556,624569,biphasic_positive_negative
228,1972,624661,1735.1694444444445,NORMAL,N,624591,624597,624628,624650,624670,624713,624745,624789,normal
228,1973,624869,1735.7472222222223,PVC,V,624798,624801,624834,624839,624885,624902,624952,625006,inverted
228,1974,625317,1736.9916666666666,NORMAL,N,625246,625255,625265,625306,625325,625358,625402,625457,normal
228,1975,625640,1737.888888888889,NORMAL,N,625550,625575,625601,625607,625648,625676,625833,625845,biphasic_positive_negative
228,1976,625960,1738.7777777777778,NORMAL,N,625876,625891,625911,625941,625969,626059,626132,626161,inverted
228,1977,626255,1739.5972222222222,NORMAL,N,,,,626245,626290,626303,626431,626443,biphasic_positive_negative
228,1978,626583,1740.5083333333334,NORMAL,N,626506,626516,626527,626573,626592,626627,626757,626776,biphasic_positive_negative
228,1979,626883,1741.3416666666667,NORMAL,N,626808,626819,626844,626850,626892,626934,627066,627074,biphasic_positive_negative
228,1980,627213,1742.2583333333334,NORMAL,N,627133,627143,627163,627201,627222,627275,627372,627382,biphasic_positive_negative
228,1981,627556,1743.2111111111112,NORMAL,N,627488,627522,627535,627547,627566,627624,627748,627757,biphasic_positive_negative
228,1982,627902,1744.1722222222222,NORMAL,N,627819,627832,627848,627877,627914,627964,628070,628081,biphasic_positive_negative
228,1983,628233,1745.0916666666667,NORMAL,N,628155,628171,628185,628206,628242,628268,628413,628425,biphasic_positive_negative
228,1984,628544,1745.9555555555555,NORMAL,N,628467,628478,628498,628508,628552,628626,628700,628747,inverted
228,1985,628839,1746.775,NORMAL,N,628753,628777,628789,628806,628849,628889,629014,629038,biphasic_positive_negative
228,1986,629134,1747.5944444444444,NORMAL,N,629057,629070,629088,629096,629144,629191,629331,629345,biphasic_positive_negative
228,1987,629439,1748.4416666666666,NORMAL,N,629360,629373,629388,629422,629448,629485,629647,629668,biphasic_positive_negative
228,1988,629765,1749.3472222222222,NORMAL,N,629674,629699,629721,629741,629776,629834,629971,629984,biphasic_positive_negative
228,1989,630104,1750.2888888888888,NORMAL,N,630020,630037,630056,630088,630114,630163,630307,630319,biphasic_positive_negative
228,1990,630415,1751.1527777777778,NORMAL,N,630337,630352,630375,630391,630424,630458,630570,630576,biphasic_positive_negative
228,1991,630707,1751.963888888889,NORMAL,N,630631,630648,630669,630684,630715,630756,630872,630911,biphasic_positive_negative
228,1992,631007,1752.7972222222222,NORMAL,N,630931,630946,630963,630984,631028,631047,631191,631222,biphasic_positive_negative
228,1993,631321,1753.6694444444445,NORMAL,N,631227,631255,631283,631296,631331,,631355,631390,positive_monophasic
228,1994,631515,1754.2083333333333,PVC,V,631395,631415,631446,631475,631553,631582,631613,631687,normal
228,1995,631979,1755.4972222222223,NORMAL,N,631891,631918,631938,631947,631990,632030,632074,632136,normal
228,1996,632211,1756.1416666666667,PVC,V,632156,632166,632177,632182,632250,632262,632376,632391,biphasic_negative_positive
228,1997,632607,1757.2416666666666,NORMAL,N,632516,632549,632566,632584,632627,632698,632747,632769,inverted
228,1998,632862,1757.95,NORMAL,N,632776,632808,632825,632846,632872,632900,633054,633067,biphasic_positive_negative
228,1999,633188,1758.8555555555556,NORMAL,N,633100,633131,633145,633165,633197,633228,633367,633401,biphasic_positive_negative
228,2000,633493,1759.7027777777778,NORMAL,N,633407,633438,633460,633479,633502,633543,633583,633618,normal
228,2001,633703,1760.286111111111,PVC,V,633641,633645,633670,633674,633720,633756,633780,633839,inverted
228,2002,634109,1761.4138888888888,NORMAL,N,634020,634053,634069,634086,634119,634143,634281,634321,biphasic_positive_negative
228,2003,634421,1762.2805555555556,NORMAL,N,634327,634362,634378,634386,634451,634478,634620,634652,biphasic_positive_negative
228,2004,634753,1763.2027777777778,NORMAL,N,634659,634695,634711,634729,634763,634847,634911,634952,inverted
228,2005,635045,1764.013888888889,NORMAL,N,634957,634990,635012,635028,635064,635089,635129,635174,normal
228,2006,635339,1764.8305555555555,NORMAL,N,635239,635251,635267,635306,635348,635380,635425,635465,normal
228,2007,635618,1765.6055555555556,NORMAL,N,635536,635563,635584,635603,635627,635656,635815,635832,biphasic_positive_negative
228,2008,635928,1766.4666666666667,NORMAL,N,635838,635874,635887,635904,635937,636023,636098,636135,inverted
228,2009,636240,1767.3333333333333,NORMAL,N,636140,636176,636203,636216,636251,636272,636425,636454,biphasic_positive_negative
228,2010,636558,1768.2166666666667,NORMAL,N,636458,636495,636511,636521,636567,636604,636743,636782,biphasic_positive_negative
228,2011,636875,1769.0972222222222,NORMAL,N,636797,636820,636841,636852,636885,636909,636964,637009,normal
228,2012,637152,1769.8666666666666,NORMAL,N,637062,637074,637088,637138,637161,637182,637320,637352,biphasic_positive_negative
228,2013,637445,1770.6805555555557,NORMAL,N,637357,637388,637411,637421,637455,,637470,637528,positive_monophasic
228,2014,637638,1771.2166666666667,PVC,V,637532,637554,637573,637600,637672,637683,637727,637788,normal
228,2015,638067,1772.4083333333333,NORMAL,N,637967,638006,638028,638050,638077,638123,638169,638243,normal
228,2016,638398,1773.3277777777778,NORMAL,N,638339,638364,638378,638382,638408,638459,638488,638533,normal
228,2017,638718,1774.2166666666667,NORMAL,N,638625,638657,638679,638702,638727,638820,638890,638919,inverted
228,2018,639010,1775.0277777777778,NORMAL,N,,,,638975,639019,639045,639098,639128,normal
228,2019,639221,1775.6138888888888,PVC,V,,,,639195,639237,639264,639279,639343,inverted
228,2020,639584,1776.6222222222223,NORMAL,N,639496,639529,639548,639569,639604,,639634,639669,positive_monophasic
228,2021,639764,1777.1222222222223,PVC,V,,,,639732,639796,639826,639850,639878,normal
228,2022,640174,1778.2611111111112,NORMAL,N,640088,640121,640136,640159,640185,640226,640267,640345,normal
228,2023,640475,1779.0972222222222,NORMAL,N,640388,640416,640437,640451,640483,640505,640632,640645,biphasic_positive_negative
228,2024,640795,1779.986111111111,NORMAL,N,640702,640733,640750,640778,640805,640843,640890,640966,normal
228,2025,641109,1780.8583333333333,NORMAL,N,641015,641051,641065,641083,641118,641162,641206,641259,normal
228,2026,641412,1781.7,NORMAL,N,641311,641324,641352,641389,641421,641451,641495,641531,normal
228,2027,641607,1782.2416666666666,PVC,V,,,,641581,641621,641652,641677,641726,inverted
228,2028,641980,1783.2777777777778,NORMAL,N,641894,641925,641944,641967,641990,,642032,642070,positive_monophasic
228,2029,642172,1783.8111111111111,PVC,V,642071,642073,642105,642144,642186,642204,642226,642299,inverted
228,2030,642586,1784.9611111111112,NORMAL,N,642496,642530,642552,642571,642595,642637,642675,642714,normal
228,2031,642802,1785.5611111111111,PVC,V,,,,642773,642819,642853,642875,642939,inverted
228,2032,643210,1786.6944444444443,NORMAL,N,643113,643148,643166,643183,643220,643271,643303,643369,normal
228,2033,643515,1787.5416666666667,NORMAL,N,643430,643460,643483,643493,643524,643552,643596,643639,normal
228,2034,643801,1788.3361111111112,NORMAL,N,643718,643750,643765,643788,643810,643837,643879,643942,normal
228,2035,644093,1789.1472222222221,NORMAL,N,644005,644037,644054,644069,644102,644133,644180,644231,normal
228,2036,644398,1789.9944444444445,NORMAL,N,644302,644335,644361,644372,644407,644452,644490,644531,normal
228,2037,644737,1790.9361111111111,NORMAL,N,644637,644671,644690,644710,644747,,644774,644815,positive_monophasic
228,2038,644955,1791.5416666666667,PVC,V,644823,644835,644870,644919,644994,645014,645054,645119,normal
228,2039,645382,1792.7277777777779,NORMAL,N,645288,645322,645340,645357,645391,645421,645476,645526,normal
228,2040,645682,1793.5611111111111,NORMAL,N,645574,645590,645608,645649,645690,645715,645769,645803,normal
228,2041,645972,1794.3666666666666,NORMAL,N,645874,645887,645911,645950,645980,646016,646049,646107,normal
228,2042,646270,1795.1944444444443,NORMAL,N,646176,646205,646229,646246,646277,646304,646355,646406,normal
228,2043,646577,1796.0472222222222,NORMAL,N,646482,646513,646531,646551,646586,646615,646782,646805,biphasic_positive_negative
228,2044,646910,1796.9722222222222,NORMAL,N,646810,646847,646863,646880,646920,,646946,646995,positive_monophasic
228,2045,647113,1797.536111111111,PVC,V,647001,647008,647038,647073,647151,647171,647207,647265,normal
228,2046,647513,1798.6472222222221,NORMAL,N,647424,647458,647471,647497,647521,647538,647691,647726,biphasic_positive_negative
228,2047,647845,1799.5694444444443,NORMAL,N,647758,647784,647799,647823,647854,647896,647936,647984,normal
228,2048,648075,1800.2083333333333,PVC,V,,,,648031,648102,648116,648153,648207,normal
228,2049,648464,1801.2888888888888,NORMAL,N,648366,648399,648414,648431,648473,648488,648650,648682,biphasic_positive_negative
228,2050,648776,1802.1555555555556,NORMAL,N,648695,648711,648741,648751,648785,648824,648987,649000,biphasic_positive_negative
228,2051,649107,1803.075,NORMAL,N,649016,649035,649054,649080,649118,649147,649213,649238,normal
228,2052,649333,1803.7027777777778,PVC,V,649240,649257,649299,649302,649349,649367,649392,649466,inverted
