record,beat_number,qrs_sample,qrs_seconds,qrs_annotation,qrs_symbol,p_onset_sample,p_peak_sample,p_offset_sample,qrs_onset_sample,qrs_offset_sample,t_onset_sample,t_peak_sample,t_offset_sample,t_wave_type
231,1,180,0.5,RBBB,R,108,123,140,163,209,251,303,341,normal
231,2,527,1.4638888888888888,RBBB,R,455,469,489,511,555,600,650,688,normal
231,3,848,2.3555555555555556,RBBB,R,778,794,810,836,875,913,971,1004,normal
231,4,1166,3.238888888888889,RBBB,R,1098,1110,1126,1148,1193,1233,1287,1327,normal
231,5,1512,4.2,RBBB,R,1437,1451,1468,1494,1541,1580,1634,1675,normal
231,6,1833,5.091666666666667,RBBB,R,1760,1777,1792,1817,1861,1894,2056,2079,biphasic_positive_negative
231,7,2460,6.833333333333333,RBBB,R,2389,2403,2421,2442,2468,2567,2599,2637,normal
231,8,2789,7.747222222222222,RBBB,R,2714,2729,2749,2773,2817,2856,2905,2942,normal
231,9,3088,8.577777777777778,RBBB,R,3017,3032,3049,3072,3114,3145,3204,3238,normal
231,10,3420,9.5,RBBB,R,3347,3362,3381,3403,3447,3490,3545,3586,normal
231,11,3754,10.427777777777777,RBBB,R,3683,3697,3714,3737,3783,3820,3877,3912,normal
231,12,4058,11.272222222222222,RBBB,R,3985,4000,4017,4041,4085,4118,4178,4213,normal
231,13,4385,12.180555555555555,RBBB,R,4320,4332,4349,4369,4413,4455,4511,4550,normal
231,14,4720,13.11111111111111,RBBB,R,4642,4662,4677,4703,4749,4796,4846,4880,normal
231,15,5035,13.98611111111111,RBBB,R,4962,4976,4994,5019,5062,5098,5150,5187,normal
231,16,5377,14.936111111111112,RBBB,R,5304,5319,5337,5360,5406,5458,5505,5548,normal
231,17,5740,15.944444444444445,RBBB,R,5667,5681,5699,5727,5770,5812,5866,5900,normal
231,18,6060,16.833333333333332,RBBB,R,5987,6002,6019,6043,6087,6126,6178,6216,normal
231,19,6415,17.819444444444443,RBBB,R,6346,6360,6376,6398,6443,6488,6543,6581,normal
231,20,6799,18.886111111111113,RBBB,R,6729,6741,6759,6787,6826,6860,6919,6955,normal
231,21,7122,19.783333333333335,RBBB,R,7053,7067,7084,7109,7148,7189,7240,7277,normal
231,22,7480,20.77777777777778,RBBB,R,7406,7421,7440,7463,7509,7555,7606,7647,normal
231,23,7827,21.741666666666667,RBBB,R,7755,7770,7786,7811,7854,7890,7941,7978,normal
231,24,8137,22.602777777777778,RBBB,R,8067,8082,8100,8121,8165,8208,8262,8298,normal
231,25,8478,23.55,RBBB,R,8403,8418,8436,8460,8507,8543,8601,8642,normal
231,26,8818,24.494444444444444,RBBB,R,8745,8763,8778,8806,8845,8881,8937,8974,normal
231,27,9136,25.377777777777776,RBBB,R,9065,9080,9098,9120,9163,9207,9255,9294,normal
231,28,9497,26.380555555555556,RBBB,R,9420,9437,9454,9479,9526,9570,9621,9662,normal
231,29,9853,27.369444444444444,RBBB,R,9784,9796,9813,9837,9880,9917,9971,10011,normal
231,30,10182,28.283333333333335,RBBB,R,10109,10123,10140,10165,10211,10257,10305,10339,normal
231,31,10538,29.272222222222222,RBBB,R,10460,10478,10496,10521,10565,10609,10659,10699,normal
231,32,10892,30.255555555555556,RBBB,R,10822,10837,10853,10880,10920,10965,11017,11055,normal
231,33,11224,31.177777777777777,RBBB,R,11154,11169,11185,11207,11252,11289,11345,11382,normal
231,34,11582,32.172222222222224,RBBB,R,11509,11523,11541,11565,11610,11654,11701,11740,normal
231,35,11917,33.102777777777774,RBBB,R,11849,11863,11879,11905,11943,11991,12037,12074,normal
231,36,12235,33.986111111111114,RBBB,R,12161,12176,12193,12218,12263,12305,12351,12387,normal
231,37,12589,34.96944444444444,RBBB,R,12517,12532,12550,12573,12616,12663,12715,12761,normal
231,38,12941,35.94722222222222,RBBB,R,12869,12884,12899,12925,12971,13019,13064,13099,normal
231,39,13261,36.83611111111111,RBBB,R,13188,13204,13221,13244,13288,13335,13385,13423,normal
231,40,13617,37.825,RBBB,R,13545,13561,13578,13601,13645,13693,13738,13781,normal
231,41,13949,38.74722222222222,RBBB,R,13880,13896,13912,13936,13978,14018,14072,14106,normal
231,42,14283,39.675,RBBB,R,14207,14223,14240,14266,14309,14347,14400,14440,normal
231,43,14626,40.62777777777778,RBBB,R,14554,14569,14585,14609,14654,14700,14751,14791,normal
231,44,14968,41.577777777777776,RBBB,R,14897,14910,14928,14952,14998,15041,15089,15125,normal
231,45,15288,42.46666666666667,RBBB,R,15214,15229,15246,15271,15315,15364,15413,15452,normal
231,46,15638,43.43888888888889,RBBB,R,15569,15583,15600,15622,15664,15714,15759,15798,normal
231,47,15977,44.38055555555555,RBBB,R,15906,15923,15940,15962,16008,16053,16100,16134,normal
231,48,16304,45.28888888888889,RBBB,R,16229,16246,16264,16288,16330,16367,16419,16458,normal
231,49,16651,46.25277777777778,RBBB,R,16578,16594,16611,16633,16679,16729,16777,16818,normal
231,50,17018,47.272222222222226,RBBB,R,16942,16961,16977,17002,17047,17079,17140,17175,normal
231,51,17353,48.202777777777776,RBBB,R,17276,17294,17311,17336,17381,17421,17477,17512,normal
231,52,17707,49.18611111111111,RBBB,R,17635,17651,17668,17690,17735,17786,17832,17871,normal
231,53,18048,50.13333333333333,RBBB,R,17980,17992,18009,18035,18077,18116,18169,18208,normal
231,54,18371,51.03055555555556,RBBB,R,18302,18318,18335,18359,18397,18441,18493,18532,normal
231,55,18715,51.986111111111114,RBBB,R,18643,18656,18673,18698,18744,18791,18838,18877,normal
231,56,19055,52.93055555555556,RBBB,R,18982,18998,19016,19038,19083,19116,19173,19208,normal
231,57,19366,53.794444444444444,RBBB,R,19295,19309,19325,19348,19395,19437,19489,19528,normal
231,58,19721,54.78055555555556,RBBB,R,19651,19666,19682,19704,19748,19797,19844,19886,normal
231,59,20054,55.705555555555556,RBBB,R,19981,19998,20016,20042,20082,20121,20172,20209,normal
231,60,20374,56.59444444444444,RBBB,R,20304,20319,20336,20361,20400,20431,20492,20529,normal
231,61,20730,57.583333333333336,RBBB,R,20656,20671,20689,20714,20758,20798,20852,20891,normal
231,62,21068,58.522222222222226,RBBB,R,20997,21011,21027,21051,21097,21141,21185,21220,normal
231,63,21383,59.397222222222226,RBBB,R,21310,21325,21343,21366,21412,21455,21509,21548,normal
231,64,21731,60.36388888888889,RBBB,R,21661,21676,21693,21714,21758,21803,21853,21893,normal
231,65,22060,61.27777777777778,RBBB,R,21982,22003,22020,22047,22088,22125,22178,22215,normal
231,66,22378,62.16111111111111,RBBB,R,22308,22323,22339,22361,22404,22442,22495,22534,normal
231,67,22726,63.12777777777778,RBBB,R,22653,22668,22686,22709,22755,22799,22852,22891,normal
231,68,23074,64.09444444444445,RBBB,R,23004,23017,23034,23057,23103,23140,23193,23229,normal
231,69,23396,64.9888888888889,RBBB,R,23325,23338,23355,23379,23425,23469,23521,23560,normal
231,70,23747,65.96388888888889,RBBB,R,23675,23692,23709,23730,23774,23818,23870,23912,normal
231,71,24084,66.9,RBBB,R,24010,24026,24043,24067,24113,24147,24203,24239,normal
231,72,24405,67.79166666666667,RBBB,R,24335,24350,24367,24388,24431,24476,24523,24562,normal
231,73,24768,68.8,RBBB,R,24693,24710,24727,24751,24798,24839,24895,24934,normal
231,74,25120,69.77777777777777,RBBB,R,25053,25064,25079,25104,25148,25197,25238,25272,normal
231,75,25446,70.68333333333334,RBBB,R,25374,25387,25405,25433,25475,25515,25573,25607,normal
231,76,25810,71.69444444444444,RBBB,R,25737,25753,25770,25793,25838,25885,25935,25971,normal
231,77,26156,72.65555555555555,RBBB,R,26086,26100,26117,26144,26182,26220,26277,26319,normal
231,78,26492,73.58888888888889,RBBB,R,26416,26436,26451,26480,26521,26557,26619,26652,normal
231,79,26840,74.55555555555556,RBBB,R,26762,26779,26797,26823,26868,26913,26961,27000,normal
231,80,27194,75.53888888888889,RBBB,R,27123,27138,27157,27178,27221,27265,27313,27357,normal
231,81,27546,76.51666666666667,RBBB,R,27470,27487,27504,27534,27576,27622,27675,27709,normal
231,82,27873,77.425,RBBB,R,27799,27814,27831,27857,27902,27939,27992,28026,normal
231,83,28205,78.34722222222223,RBBB,R,28136,28151,28167,28188,28232,28279,28329,28367,normal
231,84,28557,79.325,RBBB,R,28486,28500,28516,28544,28586,28632,28683,28720,normal
231,85,28888,80.24444444444444,RBBB,R,28813,28827,28845,28871,28916,28950,29005,29039,normal
231,86,29234,81.20555555555555,RBBB,R,29165,29180,29197,29218,29261,29305,29352,29394,normal
231,87,29593,82.20277777777778,RBBB,R,29513,29534,29551,29576,29624,29663,29718,29756,normal
231,88,29926,83.12777777777778,RBBB,R,29853,29868,29886,29910,29953,29990,30041,30076,normal
231,89,30280,84.11111111111111,RBBB,R,30208,30222,30238,30262,30309,30352,30405,30442,normal
231,90,30637,85.10277777777777,RBBB,R,30554,30577,30593,30620,30666,30708,30761,30797,normal
231,91,30975,86.04166666666667,RBBB,R,30906,30921,30937,30959,31001,31038,31096,31131,normal
231,92,31324,87.0111111111111,RBBB,R,31252,31268,31285,31307,31352,31395,31448,31490,normal
231,93,31692,88.03333333333333,RBBB,R,31621,31634,31649,31676,31721,31757,31816,31851,normal
231,94,32019,88.94166666666666,RBBB,R,31949,31964,31980,32003,32046,32076,32139,32173,normal
231,95,32359,89.8861111111111,RBBB,R,32286,32300,32316,32341,32387,32427,32479,32520,normal
231,96,32704,90.84444444444445,RBBB,R,32629,32646,32665,32687,32732,32763,32829,32865,normal
231,97,33027,91.74166666666666,RBBB,R,32959,32972,32989,33016,33056,33107,33152,33185,normal
231,98,33357,92.65833333333333,RBBB,R,33289,33301,33317,33341,33384,33424,33480,33520,normal
231,99,33712,93.64444444444445,RBBB,R,33639,33654,33672,33694,33738,33781,33833,33869,normal
231,100,34026,94.51666666666667,RBBB,R,33954,33972,33987,34014,34054,34150,34217,34272,inverted
231,101,34651,96.25277777777778,NORMAL,N,34582,34595,34614,34634,34659,34755,34787,34828,normal
231,102,34976,97.15555555555555,RBBB,R,34912,34923,34937,34965,35004,35052,35193,35216,biphasic_positive_negative
231,103,35587,98.85277777777777,NORMAL,N,35516,35530,35548,35569,35595,35697,35787,35866,normal
231,104,36208,100.57777777777778,NORMAL,N,36140,36154,36170,36192,36221,36449,36466,36485,normal
231,105,36840,102.33333333333333,NORMAL,N,36771,36784,36802,36823,36848,36925,37030,37106,normal
231,106,37444,104.0111111111111,NORMAL,N,37375,37389,37406,37427,37452,37689,37706,37727,normal
231,107,38056,105.71111111111111,NORMAL,N,37991,38006,38022,38040,38067,38141,38251,38288,biphasic_positive_negative
231,108,38654,107.37222222222222,NORMAL,N,38585,38598,38616,38638,38661,38889,38907,38928,normal
231,109,39265,109.06944444444444,NORMAL,N,39196,39213,39228,39252,39277,39343,39474,39500,biphasic_positive_negative
231,110,39863,110.73055555555555,NORMAL,N,39794,39807,39825,39844,39870,39944,40048,40124,normal
231,111,40458,112.38333333333334,NORMAL,N,40391,40405,40422,40446,40471,40684,40701,40723,normal
231,112,41058,114.05,NORMAL,N,40989,41005,41022,41042,41066,41142,41239,41308,normal
231,113,41648,115.68888888888888,NORMAL,N,41575,41590,41608,41630,41656,41731,41836,41911,normal
231,114,42221,117.28055555555555,RBBB,R,42158,42169,42185,42211,42247,42303,42411,42441,biphasic_positive_negative
231,115,42787,118.85277777777777,RBBB,R,42716,42731,42748,42770,42817,42874,42968,43017,biphasic_positive_negative
231,116,43358,120.43888888888888,RBBB,R,43290,43304,43320,43346,43385,43448,43544,43591,biphasic_positive_negative
231,117,43937,122.04722222222222,RBBB,R,43867,43882,43899,43920,43963,44016,44153,44174,biphasic_positive_negative
231,118,44526,123.68333333333334,RBBB,R,44457,44472,44486,44510,44556,44614,44715,44767,biphasic_positive_negative
231,119,45113,125.31388888888888,RBBB,R,45042,45056,45074,45096,45140,45190,45299,45338,biphasic_positive_negative
231,120,45692,126.92222222222222,RBBB,R,45622,45636,45654,45676,45720,45774,45871,45922,biphasic_positive_negative
231,121,46256,128.48888888888888,RBBB,R,46188,46203,46220,46239,46284,46342,46437,46482,biphasic_positive_negative
231,122,46817,130.04722222222222,RBBB,R,46752,46764,46778,46804,46842,46899,47020,47043,biphasic_positive_negative
231,123,47398,131.6611111111111,RBBB,R,47324,47340,47359,47381,47429,47482,47626,47651,biphasic_positive_negative
231,124,48009,133.35833333333332,RBBB,R,47941,47956,47973,47993,48036,48084,48225,48245,biphasic_positive_negative
231,125,48598,134.99444444444444,RBBB,R,48526,48542,48558,48587,48627,48683,48811,48835,biphasic_positive_negative
231,126,49183,136.61944444444444,RBBB,R,49115,49129,49147,49167,49210,49270,49398,49418,biphasic_positive_negative
231,127,49782,138.28333333333333,RBBB,R,49717,49729,49746,49770,49810,49881,50004,50025,biphasic_positive_negative
231,128,50372,139.92222222222222,RBBB,R,50301,50314,50332,50355,50402,50464,50586,50611,biphasic_positive_negative
231,129,50970,141.58333333333334,RBBB,R,50903,50915,50932,50957,50997,51048,51188,51209,biphasic_positive_negative
231,130,51559,143.21944444444443,RBBB,R,51486,51503,51522,51542,51588,51649,51774,51797,biphasic_positive_negative
231,131,52143,144.84166666666667,RBBB,R,52077,52090,52106,52125,52172,52235,52282,52312,normal
231,132,52598,146.10555555555555,APC,A,52525,52540,52551,52581,52627,52690,52738,52776,normal
231,133,52995,147.20833333333334,RBBB,R,52923,52940,52958,52977,53023,,53071,53126,positive_monophasic
231,134,53239,147.88611111111112,PVC,V,53139,53146,53164,53211,53272,53274,53306,53310,inverted
231,135,53392,148.3111111111111,PVC,V,,,,53351,53413,53415,53518,53545,biphasic_negative_positive
231,136,53780,149.38888888888889,RBBB,R,53710,53725,53746,53767,53807,53878,53921,53987,normal
231,137,54109,150.30277777777778,RBBB,R,54037,54055,54075,54092,54135,54167,54245,54281,normal
231,138,54441,151.225,RBBB,R,54361,54381,54400,54423,54469,54507,54572,54610,normal
231,139,54771,152.14166666666668,RBBB,R,54696,54714,54731,54754,54800,54862,54911,54949,normal
231,140,55090,153.02777777777777,RBBB,R,55020,55035,55051,55074,55116,55161,55224,55258,normal
231,141,55426,153.9611111111111,RBBB,R,55356,55370,55388,55409,55454,55495,55563,55599,normal
231,142,55788,154.96666666666667,RBBB,R,55711,55731,55745,55772,55817,55884,55921,55961,normal
231,143,56118,155.88333333333333,RBBB,R,56050,56063,56079,56101,56144,56194,56249,56281,normal
231,144,56479,156.88611111111112,RBBB,R,56406,56420,56438,56461,56506,56546,56611,56658,normal
231,145,56843,157.8972222222222,RBBB,R,56772,56786,56802,56827,56873,56939,56984,57025,normal
231,146,57192,158.86666666666667,RBBB,R,57118,57133,57151,57175,57222,57277,57325,57360,normal
231,147,57568,159.9111111111111,RBBB,R,57490,57507,57523,57550,57597,57662,57711,57762,normal
231,148,57932,160.92222222222222,RBBB,R,57856,57875,57891,57919,57961,58027,58068,58116,normal
231,149,58262,161.8388888888889,RBBB,R,58190,58205,58222,58245,58290,58334,58394,58432,normal
231,150,58604,162.7888888888889,RBBB,R,58536,58550,58566,58592,58631,58687,58744,58784,normal
231,151,58936,163.7111111111111,RBBB,R,58865,58878,58894,58919,58966,59034,59070,59106,normal
231,152,59265,164.625,RBBB,R,59193,59207,59225,59248,59291,59329,59391,59426,normal
231,153,59606,165.57222222222222,RBBB,R,59530,59548,59565,59589,59635,59685,59745,59781,normal
231,154,59959,166.55277777777778,RBBB,R,59888,59902,59918,59948,59989,60061,60092,60128,normal
231,155,60294,167.48333333333332,RBBB,R,60223,60239,60255,60278,60321,60361,60427,60465,normal
231,156,60657,168.49166666666667,RBBB,R,60583,60599,60616,60640,60685,60731,60792,60835,normal
231,157,61029,169.525,RBBB,R,60952,60972,60989,61017,61056,61119,61157,61194,normal
231,158,61370,170.47222222222223,RBBB,R,61298,61315,61332,61353,61396,61444,61501,61538,normal
231,159,61747,171.51944444444445,RBBB,R,61671,61688,61705,61730,61776,61825,61882,61921,normal
231,160,62120,172.55555555555554,RBBB,R,62052,62065,62083,62108,62146,62212,62249,62286,normal
231,161,62478,173.55,RBBB,R,62402,62418,62436,62460,62506,62550,62604,62643,normal
231,162,62854,174.59444444444443,RBBB,R,62778,62795,62812,62837,62882,62927,62993,63029,normal
231,163,63230,175.63888888888889,RBBB,R,63161,63172,63188,63214,63259,63325,63359,63394,normal
231,164,63573,176.59166666666667,RBBB,R,63497,63513,63530,63554,63601,63648,63708,63745,normal
231,165,63939,177.60833333333332,RBBB,R,63867,63883,63901,63922,63967,64017,64070,64112,normal
231,166,64281,178.55833333333334,RBBB,R,64212,64225,64242,64270,64309,64354,64411,64449,normal
231,167,64620,179.5,RBBB,R,64550,64565,64581,64604,64648,64696,64755,64789,normal
231,168,65004,180.56666666666666,RBBB,R,64929,64946,64963,64988,65030,65070,65132,65170,normal
231,169,65351,181.53055555555557,RBBB,R,65281,65295,65312,65339,65379,65432,65481,65516,normal
231,170,65701,182.50277777777777,RBBB,R,65623,65640,65657,65684,65731,65775,65833,65868,normal
231,171,66056,183.48888888888888,RBBB,R,65983,66000,66018,66040,66082,66122,66182,66223,normal
231,172,66394,184.42777777777778,RBBB,R,66324,66337,66356,66377,66422,66475,66525,66557,normal
231,173,66731,185.36388888888888,RBBB,R,66656,66671,66689,66715,66758,66798,66860,66895,normal
231,174,67097,186.38055555555556,RBBB,R,67026,67042,67059,67080,67124,67173,67230,67271,normal
231,175,67453,187.36944444444444,RBBB,R,67383,67397,67415,67441,67481,67527,67587,67622,normal
231,176,67825,188.40277777777777,RBBB,R,67750,67767,67786,67809,67850,67896,67952,67987,normal
231,177,68199,189.44166666666666,RBBB,R,68128,68142,68158,68182,68227,68273,68326,68364,normal
231,178,68549,190.4138888888889,RBBB,R,68477,68495,68511,68536,68576,68612,68680,68715,normal
231,179,68893,191.36944444444444,RBBB,R,68818,68834,68851,68877,68921,68969,69023,69057,normal
231,180,69244,192.34444444444443,RBBB,R,69172,69187,69204,69228,69270,69316,69368,69405,normal
231,181,69586,193.29444444444445,RBBB,R,69507,69527,69544,69574,69615,69679,69720,69753,normal
231,182,69934,194.26111111111112,RBBB,R,69863,69876,69893,69917,69962,70009,70062,70097,normal
231,183,70283,195.23055555555555,RBBB,R,70213,70227,70245,70266,70310,70347,70411,70453,normal
231,184,70634,196.20555555555555,RBBB,R,70564,70577,70594,70622,70665,70707,70766,70800,normal
231,185,70984,197.17777777777778,RBBB,R,70911,70925,70943,70968,71011,71060,71110,71144,normal
231,186,71334,198.15,RBBB,R,71263,71279,71296,71318,71360,71402,71462,71502,normal
231,187,71695,199.15277777777777,RBBB,R,71620,71636,71653,71679,71725,71764,71824,71857,normal
231,188,72036,200.1,RBBB,R,71961,71978,71996,72025,72062,72103,72156,72191,normal
231,189,72387,201.075,RBBB,R,72310,72329,72348,72370,72414,72459,72516,72551,normal
231,190,72744,202.06666666666666,RBBB,R,72668,72687,72705,72732,72772,72835,72877,72909,normal
231,191,73083,203.00833333333333,RBBB,R,73012,73026,73042,73066,73110,73149,73208,73240,normal
231,192,73433,203.98055555555555,RBBB,R,73362,73377,73394,73422,73462,73505,73563,73604,normal
231,193,73793,204.98055555555555,RBBB,R,73723,73735,73753,73780,73824,73845,73920,73957,normal
231,194,74123,205.8972222222222,RBBB,R,74055,74069,74086,74099,74152,74186,74248,74283,normal
231,195,74487,206.90833333333333,RBBB,R,74412,74430,74448,74472,74516,74549,74611,74655,normal
231,196,74837,207.88055555555556,RBBB,R,74762,74779,74796,74817,74870,74900,74970,75008,normal
231,197,75176,208.82222222222222,RBBB,R,75104,75119,75138,75164,75207,75239,75302,75336,normal
231,198,75532,209.8111111111111,RBBB,R,75456,75474,75494,75518,75562,75595,75664,75705,normal
231,199,75898,210.82777777777778,RBBB,R,75824,75843,75858,75885,75927,75988,76029,76065,normal
231,200,76232,211.75555555555556,RBBB,R,76159,76174,76190,76215,76261,76301,76354,76389,normal
231,201,76592,212.75555555555556,RBBB,R,76521,76537,76553,76575,76618,76667,76721,76757,normal
231,202,76955,213.76388888888889,RBBB,R,76879,76897,76914,76941,76983,77034,77080,77114,normal
231,203,77293,214.70277777777778,RBBB,R,77221,77237,77254,77277,77321,77351,77415,77449,normal
231,204,77652,215.7,RBBB,R,77576,77594,77612,77635,77681,77731,77787,77826,normal
231,205,78011,216.69722222222222,RBBB,R,77937,77952,77969,77994,78040,78082,78133,78166,normal
231,206,78336,217.6,RBBB,R,78266,78281,78297,78320,78363,78398,78463,78499,normal
231,207,78680,218.55555555555554,RBBB,R,78608,78622,78639,78663,78709,78753,78810,78850,normal
231,208,79028,219.5222222222222,RBBB,R,78956,78969,78988,79016,79056,79090,79153,79185,normal
231,209,79344,220.4,RBBB,R,79273,79288,79305,79328,79372,79407,79466,79500,normal
231,210,79685,221.34722222222223,RBBB,R,79610,79625,79643,79668,79714,79761,79816,79855,normal
231,211,80032,222.3111111111111,RBBB,R,79958,79973,79990,80019,80060,80116,80153,80189,normal
231,212,80342,223.17222222222222,RBBB,R,80273,80287,80304,80331,80369,80411,80466,80501,normal
231,213,80671,224.0861111111111,RBBB,R,80596,80612,80629,80654,80698,80741,80797,80837,normal
231,214,81026,225.07222222222222,RBBB,R,80950,80967,80985,81009,81053,81087,81147,81185,normal
231,215,81345,225.95833333333334,RBBB,R,81272,81289,81304,81332,81373,81406,81465,81499,normal
231,216,81676,226.87777777777777,RBBB,R,81600,81615,81633,81657,81704,81743,81806,81844,normal
231,217,82037,227.88055555555556,RBBB,R,81963,81978,81994,82018,82064,82111,82160,82197,normal
231,218,82371,228.80833333333334,RBBB,R,82304,82317,82332,82359,82399,82438,82501,82537,normal
231,219,82690,229.69444444444446,RBBB,R,82617,82631,82647,82674,82718,82764,82816,82851,normal
231,220,83045,230.68055555555554,RBBB,R,82970,82984,83001,83028,83073,83117,83169,83207,normal
231,221,83376,231.6,RBBB,R,83309,83321,83338,83364,83404,83451,83499,83535,normal
231,222,83692,232.4777777777778,RBBB,R,83620,83634,83652,83675,83721,83757,83823,83857,normal
231,223,84041,233.44722222222222,RBBB,R,83967,83983,84000,84023,84069,84109,84164,84201,normal
231,224,84376,234.37777777777777,RBBB,R,84303,84321,84339,84365,84403,84454,84504,84540,normal
231,225,84685,235.23611111111111,RBBB,R,84614,84629,84645,84668,84715,84752,84812,84846,normal
231,226,85036,236.2111111111111,RBBB,R,84962,84977,84994,85018,85065,85105,85157,85197,normal
231,227,85367,237.13055555555556,RBBB,R,85298,85313,85328,85351,85394,85431,85488,85524,normal
231,228,85678,237.99444444444444,RBBB,R,85603,85618,85636,85662,85707,85751,85807,85842,normal
231,229,86009,238.9138888888889,RBBB,R,85936,85951,85968,85991,86037,86076,86130,86169,normal
231,230,86336,239.82222222222222,RBBB,R,86266,86280,86297,86324,86364,86402,86457,86501,normal
231,231,86644,240.67777777777778,RBBB,R,86578,86590,86607,86633,86672,86705,86769,86804,normal
231,232,86977,241.6027777777778,RBBB,R,86904,86918,86935,86960,87006,87051,87101,87141,normal
231,233,87324,242.56666666666666,RBBB,R,87252,87266,87284,87307,87351,87397,87444,87485,normal
231,234,87649,243.46944444444443,RBBB,R,87577,87589,87608,87632,87680,87718,87779,87815,normal
231,235,87991,244.41944444444445,RBBB,R,87919,87933,87950,87973,88018,88067,88114,88153,normal
231,236,88363,245.45277777777778,RBBB,R,88293,88307,88324,88347,88390,88429,88487,88531,normal
231,237,88715,246.43055555555554,RBBB,R,88643,88657,88673,88699,88746,88778,88844,88877,normal
231,238,89054,247.37222222222223,RBBB,R,88976,88993,89012,89037,89082,89117,89174,89211,normal
231,239,89410,248.36111111111111,RBBB,R,89341,89356,89371,89395,89436,89472,89532,89572,normal
231,240,89752,249.3111111111111,RBBB,R,89678,89691,89709,89735,89783,89835,89881,89916,normal
231,241,90083,250.23055555555555,RBBB,R,90010,90024,90041,90066,90110,90147,90199,90233,normal
231,242,90426,251.18333333333334,RBBB,R,90353,90370,90387,90409,90454,90494,90552,90593,normal
231,243,90758,252.10555555555555,RBBB,R,90684,90697,90716,90741,90789,90828,90885,90920,normal
231,244,91082,253.00555555555556,RBBB,R,91010,91023,91040,91066,91109,91141,91200,91237,normal
231,245,91423,253.95277777777778,RBBB,R,91356,91369,91386,91406,91450,91487,91545,91584,normal
231,246,91786,254.9611111111111,RBBB,R,91708,91725,91744,91769,91816,91862,91913,91948,normal
231,247,92113,255.86944444444444,RBBB,R,92041,92055,92071,92097,92140,92177,92227,92263,normal
231,248,92456,256.8222222222222,RBBB,R,92384,92400,92417,92438,92485,92526,92583,92620,normal
231,249,92816,257.8222222222222,RBBB,R,92739,92758,92777,92803,92845,92890,92939,92976,normal
231,250,93167,258.7972222222222,RBBB,R,93097,93111,93128,93155,93194,93231,93291,93325,normal
231,251,93508,259.74444444444447,RBBB,R,93435,93451,93468,93490,93536,93580,93633,93675,normal
231,252,93868,260.74444444444447,RBBB,R,93796,93810,93827,93851,93894,93942,93986,94025,normal
231,253,94192,261.64444444444445,RBBB,R,94120,94140,94155,94180,94220,94253,94357,94367,biphasic_positive_negative
231,254,94522,262.56111111111113,RBBB,R,94449,94462,94480,94504,94549,94590,94638,94678,normal
231,255,94867,263.51944444444445,RBBB,R,94796,94810,94828,94850,94895,94934,94993,95035,normal
231,256,95208,264.46666666666664,RBBB,R,95136,95150,95167,95195,95236,95269,95330,95364,normal
231,257,95527,265.35277777777776,RBBB,R,95455,95469,95487,95510,95555,95595,95649,95691,normal
231,258,95886,266.35,RBBB,R,95812,95828,95847,95869,95913,95965,96011,96049,normal
231,259,96207,267.2416666666667,RBBB,R,96139,96154,96170,96192,96238,96281,96332,96364,normal
231,260,96540,268.1666666666667,RBBB,R,96465,96481,96499,96524,96566,96607,96658,96694,normal
231,261,96886,269.1277777777778,RBBB,R,96810,96827,96844,96867,96914,96966,97015,97054,normal
231,262,97233,270.09166666666664,RBBB,R,97164,97176,97191,97216,97262,97310,97355,97389,normal
231,263,97557,270.9916666666667,RBBB,R,97482,97499,97516,97539,97585,97624,97683,97720,normal
231,264,97917,271.9916666666667,RBBB,R,97844,97860,97877,97900,97944,97983,98042,98083,normal
231,265,98261,272.9472222222222,RBBB,R,98190,98204,98220,98244,98290,98323,98381,98418,normal
231,266,98578,273.8277777777778,RBBB,R,98509,98523,98541,98567,98605,98636,98699,98734,normal
231,267,98922,274.78333333333336,RBBB,R,98848,98863,98882,98905,98951,98992,99048,99084,normal
231,268,99268,275.74444444444447,RBBB,R,99195,99211,99226,99252,99297,,,,
231,269,99597,276.65833333333336,RBBB,R,99525,99540,99558,99581,99606,99662,99726,99761,normal
231,270,99931,277.5861111111111,RBBB,R,99862,99876,99893,99914,99940,100001,100054,100091,normal
231,271,100285,278.56944444444446,RBBB,R,100216,100228,100244,100269,100295,100362,100408,100449,normal
231,272,100604,279.4555555555556,RBBB,R,100534,100549,100567,100589,100612,100670,100730,100764,normal
231,273,100944,280.4,RBBB,R,100869,100885,100902,100927,100954,101022,101067,101103,normal
231,274,101283,281.34166666666664,RBBB,R,101212,101224,101244,101267,101293,101347,101403,101441,normal
231,275,101596,282.2111111111111,RBBB,R,101523,101537,101555,101579,101605,101667,101721,101760,normal
231,276,101956,283.2111111111111,RBBB,R,101885,101900,101917,101940,101965,102031,102083,102118,normal
231,277,102308,284.18888888888887,RBBB,R,102236,102250,102267,102291,102320,102379,102430,102467,normal
231,278,102631,285.0861111111111,RBBB,R,102560,102575,102591,102614,102642,102705,102755,102791,normal
231,279,102985,286.06944444444446,RBBB,R,102909,102925,102944,102968,102994,103052,103105,103145,normal
231,280,103328,287.02222222222224,RBBB,R,103256,103272,103288,103311,103337,103388,103444,103481,normal
231,281,103649,287.9138888888889,RBBB,R,103575,103589,103606,103632,103658,103722,103778,103813,normal
231,282,103997,288.88055555555553,RBBB,R,103925,103939,103956,103981,104006,104066,104122,104159,normal
231,283,104330,289.80555555555554,RBBB,R,104259,104274,104291,104315,104339,104397,104450,104489,normal
231,284,104651,290.6972222222222,RBBB,R,104578,104594,104611,104634,104660,104721,104777,104813,normal
231,285,105012,291.7,RBBB,R,104936,104951,104969,104994,105023,105083,105135,105173,normal
231,286,105354,292.65,RBBB,R,105281,105298,105313,105338,105363,105419,105473,105513,normal
231,287,105682,293.56111111111113,RBBB,R,105607,105622,105640,105665,105692,105754,105812,105849,normal
231,288,106043,294.56388888888887,RBBB,R,105967,105983,106002,106026,106052,106112,106165,106203,normal
231,289,106389,295.525,RBBB,R,106319,106336,106351,106374,106398,106460,106517,106553,normal
231,290,106720,296.44444444444446,RBBB,R,106646,106662,106678,106703,106729,106791,106842,106879,normal
231,291,107085,297.4583333333333,RBBB,R,107013,107029,107046,107069,107097,107156,107205,107246,normal
231,292,107428,298.4111111111111,RBBB,R,107360,107372,107390,107413,107436,107493,107552,107588,normal
231,293,107764,299.34444444444443,RBBB,R,107686,107702,107720,107745,107773,107834,107888,107923,normal
231,294,108120,300.3333333333333,RBBB,R,108045,108063,108081,108103,108132,108189,108236,108273,normal
231,295,108462,301.28333333333336,RBBB,R,108389,108405,108421,108446,108470,108529,108588,108623,normal
231,296,108790,302.19444444444446,RBBB,R,108718,108731,108750,108773,108803,108852,108913,108951,normal
231,297,109140,303.1666666666667,RBBB,R,109074,109087,109104,109124,109153,109213,109261,109304,normal
231,298,109475,304.09722222222223,RBBB,R,109404,109419,109437,109459,109486,109547,109599,109638,normal
231,299,109808,305.02222222222224,RBBB,R,109730,109745,109763,109791,109817,109880,109973,109987,biphasic_positive_negative
231,300,110152,305.97777777777776,RBBB,R,110078,110095,110111,110136,110165,110219,110265,110306,normal
231,301,110490,306.9166666666667,RBBB,R,110419,110432,110449,110474,110499,110565,110614,110651,normal
231,302,110823,307.84166666666664,RBBB,R,110748,110762,110780,110807,110831,110891,110947,110983,normal
231,303,111171,308.80833333333334,RBBB,R,111103,111117,111134,111157,111183,111240,111290,111331,normal
231,304,111531,309.80833333333334,RBBB,R,111458,111475,111491,111515,111544,111600,111654,111697,normal
231,305,111895,310.81944444444446,RBBB,R,111819,111837,111853,111880,111903,111957,112016,112052,normal
231,306,112220,311.72222222222223,RBBB,R,112150,112165,112181,112204,112232,112284,112336,112375,normal
231,307,112567,312.68611111111113,RBBB,R,112490,112507,112525,112550,112577,112642,112685,112726,normal
231,308,112919,313.6638888888889,RBBB,R,112846,112864,112880,112903,112928,112986,113047,113084,normal
231,309,113248,314.5777777777778,RBBB,R,113176,113190,113207,113231,113258,113324,113372,113411,normal
231,310,113594,315.5388888888889,RBBB,R,113520,113536,113554,113577,113604,113665,113720,113762,normal
231,311,113947,316.51944444444445,RBBB,R,113876,113891,113907,113933,113955,114012,114071,114108,normal
231,312,114265,317.40277777777777,RBBB,R,114197,114211,114228,114249,114278,114336,114387,114422,normal
231,313,114617,318.38055555555553,RBBB,R,114541,114557,114576,114600,114630,114683,114734,114775,normal
231,314,114964,319.34444444444443,RBBB,R,114887,114906,114924,114948,114973,115033,115093,115129,normal
231,315,115286,320.2388888888889,RBBB,R,115215,115229,115246,115269,115295,115355,115405,115438,normal
231,316,115619,321.1638888888889,RBBB,R,115548,115562,115578,115602,115628,115692,115743,115780,normal
231,317,115962,322.1166666666667,RBBB,R,115892,115907,115923,115947,115971,116040,116086,116124,normal
231,318,116267,322.9638888888889,RBBB,R,116199,116212,116229,116252,116280,116329,116386,116420,normal
231,319,116604,323.9,RBBB,R,116532,116546,116563,116587,116617,116673,116721,116762,normal
231,320,116935,324.81944444444446,RBBB,R,116863,116877,116895,116919,116947,117005,117063,117098,normal
231,321,117253,325.7027777777778,RBBB,R,117181,117196,117213,117236,117267,117322,117375,117408,normal
231,322,117597,326.65833333333336,RBBB,R,117526,117541,117558,117581,117607,117665,117726,117768,normal
231,323,117967,327.68611111111113,RBBB,R,117897,117910,117928,117951,117976,118033,118095,118133,normal
231,324,118277,328.5472222222222,RBBB,R,118210,118223,118239,118261,118290,118343,118397,118432,normal
231,325,118625,329.5138888888889,RBBB,R,118551,118568,118585,118608,118637,118695,118744,118779,normal
231,326,118956,330.43333333333334,RBBB,R,118886,118899,118916,118939,118965,119091,119159,119213,inverted
231,327,119586,332.18333333333334,NORMAL,N,119516,119530,119548,119569,119594,119692,119727,119762,normal
231,328,119920,333.1111111111111,RBBB,R,119852,119863,119879,119904,119928,119985,120144,120164,biphasic_positive_negative
231,329,120528,334.8,NORMAL,N,120458,120472,120490,120512,120536,120633,120725,120808,normal
231,330,121158,336.55,NORMAL,N,121093,121106,121123,121142,121165,121260,121354,121439,normal
231,331,121792,338.31111111111113,NORMAL,N,121719,121733,121750,121774,121800,121895,121983,122062,normal
231,332,122399,339.9972222222222,NORMAL,N,122331,122345,122363,122383,122407,122636,122657,122679,normal
231,333,123029,341.7472222222222,NORMAL,N,122957,122972,122990,123011,123036,123132,123215,123292,normal
231,334,123617,343.38055555555553,RBBB,R,123547,123561,123579,123599,123630,123695,123847,123869,biphasic_positive_negative
231,335,124212,345.03333333333336,RBBB,R,124148,124161,124175,124197,124220,124287,124417,124442,biphasic_positive_negative
231,336,124796,346.65555555555557,RBBB,R,124722,124738,124757,124778,124809,124866,125016,125039,biphasic_positive_negative
231,337,125390,348.30555555555554,RBBB,R,125322,125337,125354,125375,125400,125464,125604,125627,biphasic_positive_negative
231,338,125983,349.9527777777778,RBBB,R,125918,125930,125946,125966,125997,126064,126187,126217,biphasic_positive_negative
231,339,126571,351.5861111111111,RBBB,R,126498,126514,126532,126553,126584,126641,126791,126814,biphasic_positive_negative
231,340,127169,353.2472222222222,RBBB,R,127103,127116,127132,127152,127182,127251,127356,127401,biphasic_positive_negative
231,341,127759,354.8861111111111,RBBB,R,127687,127703,127721,127742,127769,127841,127984,128005,biphasic_positive_negative
231,342,128357,356.5472222222222,RBBB,R,128290,128304,128318,128341,128366,128440,128547,128587,biphasic_positive_negative
231,343,128937,358.15833333333336,RBBB,R,128867,128881,128898,128918,128951,129021,129162,129183,biphasic_positive_negative
231,344,129534,359.81666666666666,RBBB,R,129465,129479,129496,129517,129544,129621,129760,129783,biphasic_positive_negative
231,345,130142,361.50555555555553,RBBB,R,130074,130088,130106,130126,130155,130218,130361,130382,biphasic_positive_negative
231,346,130741,363.1694444444444,RBBB,R,130672,130684,130701,130726,130751,130829,130925,130985,biphasic_positive_negative
231,347,131333,364.81388888888887,RBBB,R,131263,131278,131295,131317,131346,131410,131536,131558,biphasic_positive_negative
231,348,131916,366.43333333333334,RBBB,R,131847,131861,131878,131901,131929,131997,132139,132159,biphasic_positive_negative
231,349,132504,368.06666666666666,RBBB,R,132433,132447,132463,132487,132516,132586,132697,132731,biphasic_positive_negative
231,350,133098,369.71666666666664,RBBB,R,133028,133042,133059,133081,133111,133168,133323,133343,biphasic_positive_negative
231,351,133710,371.4166666666667,NORMAL,N,133642,133655,133672,133693,133718,133804,133939,133960,biphasic_positive_negative
231,352,134328,373.1333333333333,NORMAL,N,134259,134271,134289,134309,134336,134407,134563,134584,biphasic_positive_negative
231,353,134960,374.8888888888889,NORMAL,N,134891,134905,134922,134943,134968,135067,135197,135221,biphasic_positive_negative
231,354,135588,376.6333333333333,NORMAL,N,135521,135532,135550,135572,135595,135683,135786,135860,normal
231,355,136196,378.3222222222222,NORMAL,N,136128,136142,136159,136180,136203,136291,136385,136460,normal
231,356,136789,379.96944444444443,NORMAL,N,136722,136735,136751,136773,136797,136892,137010,137033,biphasic_positive_negative
231,357,137380,381.6111111111111,RBBB,R,137312,137326,137342,137364,137390,137467,137571,137602,biphasic_positive_negative
231,358,137958,383.21666666666664,RBBB,R,137890,137905,137923,137942,137970,138045,138164,138198,biphasic_positive_negative
231,359,138546,384.85,RBBB,R,138480,138491,138509,138531,138556,138641,138738,138776,biphasic_positive_negative
231,360,139135,386.4861111111111,RBBB,R,139063,139078,139096,139118,139148,139219,139354,139374,biphasic_positive_negative
231,361,139726,388.1277777777778,RBBB,R,139656,139670,139683,139709,139735,139830,139955,139976,biphasic_positive_negative
231,362,140324,389.7888888888889,RBBB,R,140258,140273,140290,140308,140337,140418,140532,140554,biphasic_positive_negative
231,363,140911,391.4194444444444,RBBB,R,140842,140856,140873,140895,140924,141010,141139,141157,biphasic_positive_negative
231,364,141497,393.0472222222222,RBBB,R,141430,141444,141459,141482,141509,141596,141700,141727,biphasic_positive_negative
231,365,142075,394.65277777777777,RBBB,R,142006,142020,142037,142058,142085,142176,142277,142301,biphasic_positive_negative
231,366,142650,396.25,RBBB,R,142579,142596,142613,142635,142659,142749,142850,142874,biphasic_positive_negative
231,367,143211,397.80833333333334,RBBB,R,143146,143159,143177,143196,143223,143307,143416,143438,biphasic_positive_negative
231,368,143785,399.40277777777777,RBBB,R,143714,143729,143746,143768,143798,143892,144005,144027,biphasic_positive_negative
231,369,144377,401.0472222222222,RBBB,R,144307,144321,144338,144361,144390,144473,144582,144613,biphasic_positive_negative
231,370,144962,402.6722222222222,RBBB,R,144894,144908,144925,144944,144973,145068,145190,145209,biphasic_positive_negative
231,371,145553,404.31388888888887,RBBB,R,145487,145500,145517,145537,145564,145652,145768,145791,biphasic_positive_negative
231,372,146154,405.98333333333335,NORMAL,N,146085,146099,146116,146135,146161,146253,146364,146386,biphasic_positive_negative
231,373,146739,407.60833333333335,NORMAL,N,146675,146687,146702,146722,146746,146856,146950,146974,biphasic_positive_negative
231,374,147328,409.24444444444447,NORMAL,N,147260,147273,147291,147310,147335,147433,147520,147592,normal
231,375,147947,410.9638888888889,NORMAL,N,147880,147894,147911,147931,147955,148053,148166,148188,biphasic_positive_negative
231,376,148541,412.6138888888889,NORMAL,N,148469,148484,148501,148523,148549,148645,148738,148814,normal
231,377,149156,414.3222222222222,NORMAL,N,149091,149104,149121,149140,149164,149259,149374,149395,biphasic_positive_negative
231,378,149750,415.97222222222223,NORMAL,N,149680,149694,149711,149733,149758,149865,149961,149983,biphasic_positive_negative
231,379,150328,417.5777777777778,NORMAL,N,150258,150272,150290,150310,150336,150432,150519,150589,normal
231,380,150922,419.22777777777776,NORMAL,N,150854,150868,150885,150905,150929,151021,151129,151156,biphasic_positive_negative
231,381,151508,420.85555555555555,NORMAL,N,151442,151456,151471,151492,151516,151613,151710,151785,normal
231,382,152129,422.5805555555556,NORMAL,N,152059,152073,152090,152113,152136,152232,152349,152369,biphasic_positive_negative
231,383,152722,424.22777777777776,NORMAL,N,152653,152667,152685,152706,152729,152836,152924,152997,normal
231,384,153335,425.93055555555554,NORMAL,N,153267,153282,153299,153319,153343,153437,153527,153599,normal
231,385,153947,427.63055555555553,NORMAL,N,153881,153895,153911,153931,153955,154056,154157,154179,biphasic_positive_negative
231,386,154535,429.2638888888889,NORMAL,N,154465,154478,154495,154518,154543,154643,154731,154805,normal
231,387,155139,430.94166666666666,NORMAL,N,155074,155086,155104,155123,155147,155241,155344,155364,biphasic_positive_negative
231,388,155715,432.5416666666667,NORMAL,N,155643,155658,155676,155698,155722,155826,155909,155970,normal
231,389,156290,434.1388888888889,NORMAL,N,156219,156235,156253,156275,156297,156396,156502,156523,biphasic_positive_negative
231,390,156869,435.7472222222222,NORMAL,N,156799,156814,156832,156852,156877,156984,157067,157131,normal
231,391,157455,437.375,NORMAL,N,157387,157402,157419,157439,157463,157563,157651,157721,normal
231,392,158055,439.0416666666667,NORMAL,N,157984,157997,158015,158038,158063,158162,158241,158310,normal
231,393,158630,440.6388888888889,NORMAL,N,158564,158580,158596,158616,158638,158739,158841,158864,biphasic_positive_negative
231,394,159212,442.25555555555553,NORMAL,N,159148,159160,159174,159196,159220,159320,159414,159433,biphasic_positive_negative
231,395,159779,443.8305555555556,NORMAL,N,159703,159721,159739,159762,159787,159891,159977,160044,normal
231,396,160366,445.4611111111111,NORMAL,N,160301,160312,160327,160350,160373,160471,160560,160627,normal
231,397,160959,447.10833333333335,NORMAL,N,160888,160902,160919,160942,160967,161067,161152,161213,normal
231,398,161534,448.7055555555556,NORMAL,N,161466,161480,161496,161517,161542,161645,161734,161805,normal
231,399,162132,450.3666666666667,NORMAL,N,162062,162077,162095,162116,162140,162230,162318,162378,normal
231,400,162704,451.9555555555556,NORMAL,N,162638,162652,162667,162687,162712,162818,162925,162945,biphasic_positive_negative
231,401,163301,453.6138888888889,NORMAL,N,163234,163246,163262,163285,163309,163404,163506,163526,biphasic_positive_negative
231,402,163891,455.2527777777778,NORMAL,N,163820,163836,163854,163874,163899,163994,164087,164158,normal
231,403,164490,456.9166666666667,NORMAL,N,164425,164436,164454,164473,164497,164601,164641,164682,normal
231,404,165111,458.64166666666665,NORMAL,N,165039,165053,165069,165094,165118,165216,165334,165357,biphasic_positive_negative
231,405,165723,460.34166666666664,NORMAL,N,165652,165668,165683,165708,165731,165840,165946,165966,biphasic_positive_negative
231,406,166321,462.0027777777778,NORMAL,N,166254,166268,166284,166305,166329,166433,166470,166510,normal
231,407,166941,463.725,NORMAL,N,166872,166887,166904,166924,166948,167052,167178,167198,biphasic_positive_negative
231,408,167553,465.425,NORMAL,N,167487,167499,167516,167537,167561,167669,167772,167795,biphasic_positive_negative
231,409,168169,467.1361111111111,NORMAL,N,168102,168114,168130,168152,168176,168271,168364,168441,normal
231,410,168782,468.8388888888889,NORMAL,N,168713,168726,168742,168766,168790,168893,168935,168975,normal
231,411,169424,470.6222222222222,NORMAL,N,169356,169372,169388,169408,169431,169534,169645,169666,biphasic_positive_negative
231,412,170054,472.3722222222222,NORMAL,N,169985,169998,170016,170037,170062,170168,170280,170305,biphasic_positive_negative
231,413,170678,474.10555555555555,NORMAL,N,170610,170624,170641,170663,170685,170788,170916,170939,biphasic_positive_negative
231,414,171323,475.89722222222224,NORMAL,N,171251,171267,171285,171305,171330,171426,171540,171561,biphasic_positive_negative
231,415,171936,477.6,NORMAL,N,171868,171882,171899,171919,171944,172041,172132,172201,normal
231,416,172530,479.25,NORMAL,N,172462,172475,172491,172514,172537,172637,172731,172758,biphasic_positive_negative
231,417,173129,480.9138888888889,NORMAL,N,173060,173074,173091,173113,173137,173232,173324,173391,normal
231,418,173723,482.56388888888887,NORMAL,N,173650,173666,173681,173706,173730,173843,173928,173998,normal
231,419,174329,484.2472222222222,NORMAL,N,174261,174274,174290,174314,174337,174438,174529,174597,normal
231,420,174937,485.93611111111113,NORMAL,N,174870,174883,174901,174920,174945,175051,175144,175215,normal
231,421,175543,487.61944444444447,NORMAL,N,175477,175490,175507,175527,175550,175657,175762,175786,biphasic_positive_negative
231,422,176150,489.30555555555554,NORMAL,N,176081,176094,176113,176132,176157,176253,176294,176336,normal
231,423,176737,490.93611111111113,NORMAL,N,176671,176684,176700,176720,176744,176850,176891,176936,normal
231,424,177320,492.55555555555554,NORMAL,N,177251,177266,177284,177304,177328,177428,177510,177575,normal
231,425,177918,494.21666666666664,NORMAL,N,177850,177865,177882,177903,177925,178024,178115,178183,normal
231,426,178506,495.85,NORMAL,N,178438,178451,178468,178489,178514,178621,178705,178772,normal
231,427,179114,497.5388888888889,NORMAL,N,179045,179059,179076,179097,179121,179220,179307,179375,normal
231,428,179708,499.18888888888887,NORMAL,N,179637,179651,179670,179691,179715,179819,179905,179963,normal
231,429,180291,500.80833333333334,NORMAL,N,180223,180236,180253,180274,180299,180396,180441,180484,normal
231,430,180887,502.4638888888889,NORMAL,N,180819,180834,180851,180871,180895,181005,181109,181130,biphasic_positive_negative
231,431,181481,504.1138888888889,NORMAL,N,181414,181427,181443,181464,181488,181590,181717,181740,biphasic_positive_negative
231,432,182112,505.8666666666667,NORMAL,N,182041,182056,182074,182095,182120,182213,182331,182351,biphasic_positive_negative
231,433,182720,507.55555555555554,NORMAL,N,182653,182667,182684,182704,182728,182834,182876,182921,normal
231,434,183345,509.2916666666667,NORMAL,N,183280,183292,183308,183330,183352,183450,183552,183573,biphasic_positive_negative
231,435,183946,510.9611111111111,NORMAL,N,183879,183892,183908,183929,183953,184058,184172,184193,biphasic_positive_negative
231,436,184557,512.6583333333333,NORMAL,N,184489,184503,184519,184542,184565,184660,184778,184799,biphasic_positive_negative
231,437,185166,514.35,NORMAL,N,185100,185113,185129,185148,185174,185278,185391,185413,biphasic_positive_negative
231,438,185792,516.0888888888888,NORMAL,N,185720,185733,185753,185776,185799,185903,186003,186025,biphasic_positive_negative
231,439,186385,517.7361111111111,NORMAL,N,186316,186333,186349,186369,186393,186503,186612,186633,biphasic_positive_negative
231,440,187010,519.4722222222222,NORMAL,N,186938,186953,186971,186993,187018,187120,187162,187204,normal
231,441,187630,521.1944444444445,NORMAL,N,187559,187573,187592,187613,187637,187744,187861,187881,biphasic_positive_negative
231,442,188246,522.9055555555556,NORMAL,N,188179,188193,188210,188229,188253,188357,188397,188439,normal
231,443,188856,524.6,NORMAL,N,188786,188803,188820,188841,188863,188973,189012,189060,normal
231,444,189437,526.2138888888888,NORMAL,N,189372,189385,189402,189420,189444,189549,189633,189701,normal
231,445,190038,527.8833333333333,NORMAL,N,189969,189982,189999,190021,190046,190147,190188,190227,normal
231,446,190637,529.5472222222222,NORMAL,N,190574,190587,190603,190621,190645,190752,190853,190876,biphasic_positive_negative
231,447,191243,531.2305555555556,NORMAL,N,191175,191189,191205,191227,191250,191354,191393,191433,normal
231,448,191860,532.9444444444445,NORMAL,N,191789,191802,191823,191843,191867,191972,192053,192116,normal
231,449,192440,534.5555555555555,NORMAL,N,192374,192386,192403,192423,192447,192554,192639,192701,normal
231,450,193043,536.2305555555556,NORMAL,N,192973,192986,193005,193026,193050,193153,193194,193240,normal
231,451,193620,537.8333333333334,NORMAL,N,193552,193565,193582,193603,193627,193734,193824,193893,normal
231,452,194227,539.5194444444444,NORMAL,N,194160,194175,194192,194212,194234,194337,194431,194451,biphasic_positive_negative
231,453,194800,541.1111111111111,NORMAL,N,194728,194742,194761,194783,194807,194909,194998,195061,normal
231,454,195385,542.7361111111111,NORMAL,N,195313,195331,195350,195370,195392,195492,195533,195573,normal
231,455,195959,544.3305555555555,NORMAL,N,195892,195905,195922,195944,195967,196075,196155,196216,normal
231,456,196542,545.95,NORMAL,N,196474,196488,196506,196527,196549,196651,196736,196806,normal
231,457,197141,547.6138888888889,NORMAL,N,197073,197088,197105,197125,197149,197259,197341,197408,normal
231,458,197748,549.3,NORMAL,N,197678,197691,197708,197731,197756,197862,197950,198017,normal
231,459,198938,552.6055555555556,NORMAL,N,198870,198885,198901,198931,198945,199053,199162,199181,biphasic_positive_negative
231,460,199529,554.2472222222223,NORMAL,N,199462,199476,199491,199522,199535,199641,199742,199764,biphasic_positive_negative
231,461,200117,555.8805555555556,NORMAL,N,200047,200060,200078,200100,200123,200226,200308,200371,normal
231,462,200689,557.4694444444444,NORMAL,N,200624,200636,200651,200681,200695,200800,200880,200941,normal
231,463,201263,559.0638888888889,NORMAL,N,201192,201207,201223,201245,201271,201378,201460,201525,normal
231,464,201877,560.7694444444444,NORMAL,N,201806,201820,201840,201869,201883,201986,202073,202140,normal
231,465,202465,562.4027777777778,NORMAL,N,202398,202411,202427,202449,202473,202584,202624,202657,normal
231,466,202778,563.2722222222222,RBBB,R,202703,202719,202736,202761,202794,202877,202921,202963,normal
231,467,203082,564.1166666666667,RBBB,R,203010,203021,203040,203066,203098,203180,203221,203277,normal
231,468,203401,565.0027777777777,RBBB,R,203334,203347,203364,203384,203414,203505,203551,203606,normal
231,469,203758,565.9944444444444,RBBB,R,203683,203698,203718,203741,203774,203873,203912,203974,normal
231,470,204097,566.9361111111111,RBBB,R,204020,204037,204055,204090,204103,204200,204236,204315,normal
231,471,204450,567.9166666666666,RBBB,R,204380,204393,204410,204434,204482,204566,204607,204679,normal
231,472,204823,568.9527777777778,RBBB,R,204747,204765,204783,204807,204837,204934,204978,205043,normal
231,473,205179,569.9416666666667,RBBB,R,205111,205124,205141,205172,205195,205286,205330,205394,normal
231,474,205515,570.875,RBBB,R,205440,205456,205473,205498,205528,205610,205665,205739,normal
231,475,205886,571.9055555555556,RBBB,R,205812,205828,205846,205868,205914,205990,206037,206098,normal
231,476,206224,572.8444444444444,RBBB,R,206157,206170,206186,206217,206240,206330,206375,206433,normal
231,477,206546,573.7388888888889,RBBB,R,206471,206487,206505,206529,206558,206640,206686,206755,normal
231,478,206875,574.6527777777778,RBBB,R,206807,206820,206837,206858,206890,206990,207032,207094,normal
231,479,207202,575.5611111111111,RBBB,R,207133,207147,207162,207195,207217,207308,207352,207396,normal
231,480,207510,576.4166666666666,RBBB,R,207439,207453,207470,207494,207526,207606,207657,207737,normal
231,481,207849,577.3583333333333,RBBB,R,207775,207790,207808,207832,207864,207953,207998,208053,normal
231,482,208172,578.2555555555556,RBBB,R,208105,208120,208136,208165,208178,208271,208322,208369,normal
231,483,208473,579.0916666666667,RBBB,R,208401,208413,208431,208456,208488,208569,208612,208684,normal
231,484,208803,580.0083333333333,RBBB,R,208727,208744,208762,208784,208831,208912,208958,209027,normal
231,485,209149,580.9694444444444,RBBB,R,209079,209094,209111,209133,209164,209256,209301,209356,normal
231,486,209462,581.8388888888888,RBBB,R,209393,209405,209422,209455,209477,209565,209607,209697,normal
231,487,209802,582.7833333333333,RBBB,R,209727,209742,209760,209786,209811,209906,209949,210015,normal
231,488,210145,583.7361111111111,RBBB,R,210073,210091,210109,210139,210155,210252,210293,210345,normal
231,489,210459,584.6083333333333,RBBB,R,210384,210400,210417,210442,210475,210554,210595,210681,normal
231,490,210798,585.55,RBBB,R,210728,210741,210759,210783,210811,210909,210945,211017,normal
231,491,211144,586.5111111111111,RBBB,R,211074,211089,211106,211128,211157,211248,211289,211350,normal
231,492,211463,587.3972222222222,RBBB,R,211392,211408,211423,211447,211469,211546,211612,211680,normal
231,493,211795,588.3194444444445,RBBB,R,211721,211735,211753,211779,211805,211896,211932,212004,normal
231,494,212145,589.2916666666666,RBBB,R,212077,212092,212108,212130,212157,212253,212292,212351,normal
231,495,212489,590.2472222222223,RBBB,R,212411,212431,212446,212482,212505,212583,212625,212702,normal
231,496,212820,591.1666666666666,RBBB,R,212746,212761,212779,212803,212833,212927,212960,213038,normal
231,497,213206,592.2388888888889,RBBB,R,213132,213146,213164,213189,213235,213315,213350,213415,normal
231,498,213569,593.2472222222223,RBBB,R,213490,213509,213527,213561,213584,213591,213713,213809,normal
231,499,213921,594.225,RBBB,R,213851,213865,213882,213905,213935,214006,214062,214140,normal
231,500,214290,595.25,RBBB,R,214214,214232,214249,214275,214302,214393,214428,214498,normal
231,501,214653,596.2583333333333,RBBB,R,214584,214595,214612,214645,214659,214754,214795,214885,normal
231,502,215020,597.2777777777778,RBBB,R,214943,214959,214976,215002,215033,215080,215156,215227,normal
231,503,215397,598.325,RBBB,R,215327,215342,215358,215382,215412,215504,215537,215615,normal
231,504,215763,599.3416666666667,RBBB,R,215684,215702,215720,215755,215769,215868,215898,215988,normal
231,505,216106,600.2944444444445,RBBB,R,216037,216051,216068,216090,216118,216177,216235,216270,normal
231,506,216446,601.2388888888889,RBBB,R,216371,216388,216405,216429,216461,216537,216582,216622,normal
231,507,216793,602.2027777777778,RBBB,R,216721,216736,216756,216786,216807,216894,216931,217021,normal
231,508,217130,603.1388888888889,RBBB,R,217060,217074,217091,217113,217142,217196,217263,217300,normal
231,509,217489,604.1361111111111,RBBB,R,217415,217430,217447,217472,217505,217553,217632,217673,normal
231,510,217859,605.1638888888889,RBBB,R,217787,217801,217819,217852,217865,217962,217993,218031,normal
231,511,218203,606.1194444444444,RBBB,R,218132,218147,218163,218186,218218,218268,218336,218369,normal
231,512,218573,607.1472222222222,RBBB,R,218500,218517,218534,218557,218585,218660,218708,218771,normal
231,513,218946,608.1833333333333,RBBB,R,218872,218886,218904,218939,218953,219052,219082,219122,normal
231,514,219307,609.1861111111111,RBBB,R,219232,219250,219268,219290,219319,219371,219436,219473,normal
231,515,219670,610.1944444444445,RBBB,R,219592,219610,219629,219654,219677,219766,219811,219845,normal
231,516,220031,611.1972222222222,RBBB,R,219959,219972,219989,220024,220046,220128,220160,220240,normal
231,517,220365,612.125,RBBB,R,220292,220309,220325,220347,220378,220429,220501,220536,normal
231,518,220719,613.1083333333333,RBBB,R,220643,220659,220676,220701,220735,220788,220856,220905,normal
231,519,221073,614.0916666666667,RBBB,R,221003,221017,221032,221066,221088,221168,221205,221238,normal
231,520,221400,615.0,RBBB,R,221329,221345,221361,221385,221412,221462,221531,221564,normal
231,521,221755,615.9861111111111,RBBB,R,221676,221693,221711,221737,221785,221823,221892,221930,normal
231,522,222104,616.9555555555555,RBBB,R,222034,222047,222064,222097,222119,222165,222233,222268,normal
231,523,222426,617.85,RBBB,R,222351,222370,222388,222419,222432,222528,222559,222590,normal
231,524,222780,618.8333333333334,RBBB,R,222704,222720,222737,222763,222793,222835,222915,222952,normal
231,525,223139,619.8305555555555,RBBB,R,223071,223084,223101,223132,223154,223229,223273,223311,normal
231,526,223462,620.7277777777778,RBBB,R,223393,223407,223423,223446,223475,223520,223593,223626,normal
231,527,223820,621.7222222222222,RBBB,R,223745,223761,223778,223802,223833,223882,223950,223993,normal
231,528,224158,622.6611111111112,RBBB,R,224091,224104,224122,224152,224173,224248,224288,224321,normal
231,529,224477,623.5472222222222,RBBB,R,224402,224417,224435,224460,224492,224541,224604,224637,normal
231,530,224822,624.5055555555556,RBBB,R,224750,224764,224782,224806,224835,224883,224954,224990,normal
231,531,225157,625.4361111111111,RBBB,R,225088,225100,225117,225141,225172,225233,225292,225325,normal
231,532,225471,626.3083333333333,RBBB,R,225400,225415,225431,225454,225486,225536,225602,225635,normal
231,533,225825,627.2916666666666,RBBB,R,225749,225766,225784,225818,225837,225884,225957,225991,normal
231,534,226174,628.2611111111111,RBBB,R,226103,226118,226134,226167,226183,226263,226305,226341,normal
231,535,226503,629.175,RBBB,R,226428,226442,226459,226486,226509,226591,226630,226662,normal
231,536,226835,630.0972222222222,RBBB,R,226763,226777,226795,226819,226863,226892,226970,227007,normal
231,537,227184,631.0666666666667,RBBB,R,227113,227127,227144,227167,227197,227252,227315,227355,normal
231,538,227520,632.0,RBBB,R,227446,227463,227482,227512,227536,227622,227656,227692,normal
231,539,227846,632.9055555555556,RBBB,R,227774,227787,227805,227830,227858,227910,227973,228007,normal
231,540,228180,633.8333333333334,RBBB,R,228111,228126,228142,228164,228191,228244,228308,228344,normal
231,541,228497,634.7138888888888,RBBB,R,228420,228438,228454,228481,228504,228589,228624,228657,normal
231,542,228803,635.5638888888889,RBBB,R,228730,228745,228764,228796,228815,228868,228932,228967,normal
231,543,229130,636.4722222222222,RBBB,R,229061,229075,229091,229114,229142,229194,229258,229295,normal
231,544,229461,637.3916666666667,RBBB,R,229389,229404,229421,229444,229491,229527,229592,229636,normal
231,545,229793,638.3138888888889,RBBB,R,229721,229734,229750,229776,229808,229865,229921,229956,normal
231,546,230115,639.2083333333334,RBBB,R,230044,230057,230075,230099,230127,230170,230236,230274,normal
231,547,230482,640.2277777777778,RBBB,R,230406,230422,230440,230465,230493,230549,230610,230650,normal
231,548,230833,641.2027777777778,RBBB,R,230757,230776,230793,230826,230839,230919,230969,231005,normal
231,549,231164,642.1222222222223,RBBB,R,231092,231107,231123,231147,231176,231229,231289,231324,normal
231,550,231542,643.1722222222222,RBBB,R,231469,231484,231501,231526,231552,231608,231678,231718,normal
231,551,231928,644.2444444444444,RBBB,R,231857,231871,231886,231912,231934,232030,232060,232094,normal
231,552,232261,645.1694444444445,RBBB,R,232184,232201,232219,232243,232274,232313,232384,232419,normal
231,553,232613,646.1472222222222,RBBB,R,232543,232558,232576,232598,232626,232675,232744,232782,normal
231,554,232972,647.1444444444444,RBBB,R,232899,232912,232927,232956,232978,233037,233097,233132,normal
231,555,233298,648.05,RBBB,R,233227,233243,233260,233282,233311,233364,233423,233458,normal
231,556,233650,649.0277777777778,RBBB,R,233575,233591,233609,233632,233665,233720,233787,233825,normal
231,557,234011,650.0305555555556,RBBB,R,233941,233953,233968,233992,234026,234089,234133,234168,normal
231,558,234330,650.9166666666666,RBBB,R,234260,234274,234290,234314,234345,234395,234459,234494,normal
231,559,234676,651.8777777777777,RBBB,R,234602,234616,234634,234659,234692,234743,234808,234848,normal
231,560,235029,652.8583333333333,RBBB,R,234955,234972,234989,235014,235044,235089,235155,235194,normal
231,561,235345,653.7361111111111,RBBB,R,235275,235289,235305,235327,235360,235409,235468,235506,normal
231,562,235690,654.6944444444445,RBBB,R,235616,235630,235647,235673,235720,235757,235823,235861,normal
231,563,236036,655.6555555555556,RBBB,R,235965,235979,235996,236020,236042,236106,236157,236194,normal
231,564,236343,656.5083333333333,RBBB,R,236273,236287,236303,236336,236358,236409,236469,236504,normal
231,565,236678,657.4388888888889,RBBB,R,236602,236617,236635,236659,236694,236736,236804,236844,normal
231,566,237026,658.4055555555556,RBBB,R,236956,236971,236988,237019,237039,237089,237151,237192,normal
231,567,237349,659.3027777777778,RBBB,R,237276,237295,237311,237333,237364,237430,237474,237512,normal
231,568,237668,660.1888888888889,RBBB,R,237594,237608,237626,237651,237675,237738,237798,237834,normal
231,569,237997,661.1027777777778,RBBB,R,237923,237938,237956,237980,238025,238064,238116,238154,normal
231,570,238316,661.9888888888889,RBBB,R,238250,238263,238277,238309,238331,238378,238443,238480,normal
231,571,238629,662.8583333333333,RBBB,R,238553,238571,238586,238612,238635,238692,238756,238788,normal
231,572,238964,663.7888888888889,RBBB,R,238891,238905,238923,238948,238979,239027,239086,239129,normal
231,573,239297,664.7138888888888,RBBB,R,239230,239243,239259,239281,239310,239361,239419,239462,normal
231,574,239631,665.6416666666667,RBBB,R,239556,239572,239590,239624,239638,239707,239762,239797,normal
231,575,239955,666.5416666666666,RBBB,R,239882,239896,239913,239938,239965,240026,240075,240111,normal
231,576,240322,667.5611111111111,RBBB,R,240252,240266,240283,240305,240338,240394,240452,240491,normal
231,577,240676,668.5444444444445,RBBB,R,240604,240617,240634,240668,240682,240744,240801,240836,normal
231,578,241005,669.4583333333334,RBBB,R,240935,240950,240967,240989,241018,241069,241128,241164,normal
231,579,241358,670.4388888888889,RBBB,R,241288,241303,241319,241341,241370,241417,241486,241526,normal
231,580,241717,671.4361111111111,RBBB,R,241641,241659,241677,241700,241732,241793,241842,241877,normal
231,581,242047,672.3527777777778,RBBB,R,241977,241990,242006,242031,242058,242109,242168,242204,normal
231,582,242398,673.3277777777778,RBBB,R,242322,242338,242357,242381,242413,242467,242521,242557,normal
231,583,242753,674.3138888888889,RBBB,R,242682,242697,242713,242746,242760,242832,242885,242923,normal
231,584,243086,675.2388888888889,RBBB,R,243014,243029,243046,243069,243115,243157,243211,243248,normal
231,585,243446,676.2388888888889,RBBB,R,243373,243387,243406,243429,243475,243515,243575,243615,normal
231,586,243804,677.2333333333333,RBBB,R,243733,243747,243764,243788,243819,243868,243933,243968,normal
231,587,244128,678.1333333333333,RBBB,R,244061,244074,244090,244111,244140,244197,244252,244284,normal
231,588,244475,679.0972222222222,RBBB,R,244403,244419,244436,244459,244487,244533,244597,244636,normal
231,589,244816,680.0444444444445,RBBB,R,244739,244756,244775,244808,244832,244935,244948,244985,normal
231,590,245137,680.9361111111111,RBBB,R,245065,245079,245097,245120,245143,245197,245258,245292,normal
231,591,245461,681.8361111111111,RBBB,R,245388,245402,245420,245444,245476,245532,245588,245626,normal
231,592,245809,682.8027777777778,RBBB,R,245737,245753,245771,245793,245824,245890,245935,245977,normal
231,593,246139,683.7194444444444,RBBB,R,246071,246085,246101,246132,246155,246206,246266,246301,normal
231,594,246460,684.6111111111111,RBBB,R,246384,246400,246418,246443,246472,246518,246577,246616,normal
231,595,246806,685.5722222222222,RBBB,R,246733,246748,246766,246789,246812,246878,246936,246974,normal
231,596,247152,686.5333333333333,RBBB,R,247080,247094,247110,247136,247159,247226,247277,247310,normal
231,597,247468,687.4111111111112,RBBB,R,247395,247409,247426,247451,247483,247530,247595,247630,normal
231,598,247818,688.3833333333333,RBBB,R,247749,247762,247779,247801,247846,247884,247943,247980,normal
231,599,248155,689.3194444444445,RBBB,R,248088,248101,248116,248139,248161,248224,248280,248315,normal
231,600,248479,690.2194444444444,RBBB,R,248405,248420,248438,248463,248489,248542,248597,248632,normal
231,601,248814,691.15,RBBB,R,248741,248756,248773,248796,248843,248883,248942,248982,normal
231,602,249156,692.1,RBBB,R,249085,249097,249114,249139,249162,249229,249282,249318,normal
231,603,249468,692.9666666666667,RBBB,R,249399,249412,249428,249452,249474,249537,249594,249629,normal
231,604,249809,693.9138888888889,RBBB,R,249737,249753,249770,249793,249822,249879,249932,249973,normal
231,605,250148,694.8555555555556,RBBB,R,250080,250092,250110,250141,250163,250219,250274,250309,normal
231,606,250470,695.75,RBBB,R,250398,250413,250431,250454,250486,250527,250591,250624,normal
231,607,250807,696.6861111111111,RBBB,R,250737,250750,250767,250789,250822,250878,250935,250978,normal
231,608,251159,697.6638888888889,RBBB,R,251088,251102,251118,251142,251175,251234,251281,251321,normal
231,609,251475,698.5416666666666,RBBB,R,251402,251417,251435,251459,251481,251546,251603,251638,normal
231,610,251802,699.45,RBBB,R,251727,251743,251761,251785,251814,251871,251922,251963,normal
231,611,252139,700.3861111111111,RBBB,R,252071,252085,252101,252123,252154,252205,252261,252298,normal
231,612,252483,701.3416666666667,RBBB,R,252411,252424,252439,252466,252489,252547,252604,252642,normal
231,613,252805,702.2361111111111,RBBB,R,252736,252748,252765,252789,252811,252870,252933,252971,normal
231,614,253168,703.2444444444444,RBBB,R,253096,253109,253126,253152,253183,253240,253290,253325,normal
231,615,253519,704.2194444444444,RBBB,R,253442,253460,253477,253511,253533,253602,253647,253683,normal
231,616,253853,705.1472222222222,RBBB,R,253783,253798,253815,253837,253882,253916,253978,254012,normal
231,617,254192,706.0888888888888,RBBB,R,254119,254135,254151,254175,254207,254255,254312,254354,normal
231,618,254542,707.0611111111111,RBBB,R,254474,254487,254503,254526,254557,254618,254668,254709,normal
231,619,254873,707.9805555555556,RBBB,R,254800,254814,254832,254857,254879,254947,255000,255033,normal
231,620,255215,708.9305555555555,RBBB,R,255145,255157,255175,255199,255243,255283,255333,255371,normal
231,621,255557,709.8805555555556,RBBB,R,255484,255499,255514,255540,255572,255621,255686,255723,normal
231,622,255887,710.7972222222222,RBBB,R,255814,255829,255845,255870,255916,255954,256011,256051,normal
231,623,256228,711.7444444444444,RBBB,R,256156,256170,256188,256212,256243,256295,256349,256393,normal
231,624,256558,712.6611111111112,RBBB,R,256490,256504,256519,256551,256564,256691,256761,256817,inverted
231,625,257202,714.45,NORMAL,N,257132,257146,257165,257185,257209,257306,257335,257370,normal
231,626,257519,715.3305555555555,RBBB,R,257452,257463,257479,257512,257535,257586,257643,257685,normal
231,627,257838,716.2166666666667,RBBB,R,257765,257781,257798,257821,257853,257900,257962,257997,normal
231,628,258168,717.1333333333333,RBBB,R,258098,258112,258128,258150,258183,258237,258289,258330,normal
231,629,258506,718.0722222222222,RBBB,R,258438,258452,258467,258490,258512,258574,258630,258671,normal
231,630,258833,718.9805555555556,RBBB,R,258761,258774,258793,258817,258849,258904,259000,259011,biphasic_positive_negative
231,631,259192,719.9777777777778,RBBB,R,259116,259134,259151,259176,259207,259259,259311,259353,normal
231,632,259550,720.9722222222222,RBBB,R,259473,259490,259507,259533,259556,259616,259681,259724,normal
231,633,259890,721.9166666666666,RBBB,R,259818,259832,259849,259874,259906,259962,260013,260045,normal
231,634,260237,722.8805555555556,RBBB,R,260166,260180,260197,260220,260252,260300,260362,260403,normal
231,635,260591,723.8638888888889,RBBB,R,260514,260532,260551,260574,260597,260671,260719,260758,normal
231,636,260934,724.8166666666667,RBBB,R,260861,260875,260893,260918,260941,260995,261097,261112,biphasic_positive_negative
231,637,261273,725.7583333333333,RBBB,R,261201,261217,261235,261257,261286,261341,261397,261435,normal
231,638,261625,726.7361111111111,RBBB,R,261548,261565,261583,261608,261641,261701,261753,261789,normal
231,639,261962,727.6722222222222,RBBB,R,261891,261904,261921,261946,261977,262029,262081,262114,normal
231,640,262284,728.5666666666667,RBBB,R,262213,262227,262244,262267,262313,262355,262409,262447,normal
231,641,262627,729.5194444444444,RBBB,R,262550,262566,262585,262610,262643,262691,262750,262788,normal
231,642,262958,730.4388888888889,RBBB,R,262890,262904,262920,262951,262964,263031,263082,263117,normal
231,643,263271,731.3083333333333,RBBB,R,263203,263216,263232,263256,263282,263335,263390,263424,normal
231,644,263624,732.2888888888889,RBBB,R,263550,263564,263582,263606,263633,263696,263750,263790,normal
231,645,263965,733.2361111111111,RBBB,R,263893,263907,263923,263948,263980,264024,264082,264121,normal
231,646,264273,734.0916666666667,RBBB,R,264205,264218,264234,264257,264279,264342,264436,264449,biphasic_positive_negative
231,647,264619,735.0527777777778,RBBB,R,264547,264560,264577,264602,264629,264690,264743,264788,normal
231,648,264972,736.0333333333333,RBBB,R,264903,264918,264935,264956,264987,265050,265096,265135,normal
231,649,265306,736.9611111111111,RBBB,R,265236,265251,265267,265290,265312,265377,265432,265465,normal
231,650,265649,737.9138888888889,RBBB,R,265570,265587,265605,265632,265664,265719,265768,265810,normal
231,651,265999,738.8861111111111,RBBB,R,265930,265944,265962,265984,266011,266070,266120,266159,normal
231,652,266341,739.8361111111111,RBBB,R,266265,266280,266298,266324,266357,266399,266464,266499,normal
231,653,266682,740.7833333333333,RBBB,R,266612,266626,266642,266666,266693,266754,266807,266847,normal
231,654,267047,741.7972222222222,RBBB,R,266973,266990,267008,267030,267062,267112,267168,267207,normal
231,655,267402,742.7833333333333,RBBB,R,267328,267342,267360,267395,267418,267476,267532,267568,normal
231,656,267749,743.7472222222223,RBBB,R,267680,267693,267710,267733,267762,267820,267875,267913,normal
231,657,268106,744.7388888888889,RBBB,R,268032,268048,268066,268089,268135,268170,268228,268269,normal
231,658,268450,745.6944444444445,RBBB,R,268381,268396,268412,268443,268456,268535,268579,268612,normal
231,659,268788,746.6333333333333,RBBB,R,268713,268728,268747,268771,268797,268857,268913,268947,normal
231,660,269130,747.5833333333334,RBBB,R,269054,269072,269090,269114,269143,269188,269250,269288,normal
231,661,269465,748.5138888888889,RBBB,R,269394,269406,269423,269458,269481,269538,269596,269631,normal
231,662,269783,749.3972222222222,RBBB,R,269712,269726,269743,269766,269798,269849,269909,269943,normal
231,663,270111,750.3083333333333,RBBB,R,270041,270055,270071,270094,270140,270179,270232,270271,normal
231,664,270439,751.2194444444444,RBBB,R,270372,270385,270401,270423,270454,270511,270564,270601,normal
231,665,270755,752.0972222222222,RBBB,R,270682,270695,270712,270738,270771,270828,270883,270915,normal
231,666,271083,753.0083333333333,RBBB,R,271012,271026,271043,271065,271095,271151,271201,271239,normal
231,667,271405,753.9027777777778,RBBB,R,271333,271349,271367,271388,271420,271471,271531,271572,normal
231,668,271722,754.7833333333333,RBBB,R,271647,271665,271682,271715,271737,271784,271846,271881,normal
231,669,272051,755.6972222222222,RBBB,R,271983,271997,272013,272034,272066,272119,272172,272211,normal
231,670,272389,756.6361111111111,RBBB,R,272320,272333,272350,272373,272403,272458,272507,272544,normal
231,671,272711,757.5305555555556,RBBB,R,272636,272653,272669,272695,272717,272786,272840,272871,normal
231,672,273082,758.5611111111111,RBBB,R,273012,273025,273042,273066,273098,273142,273204,273242,normal
231,673,273436,759.5444444444445,RBBB,R,273360,273378,273394,273428,273451,273505,273567,273610,normal
231,674,273783,760.5083333333333,RBBB,R,273713,273727,273743,273776,273799,273858,273910,273942,normal
231,675,274132,761.4777777777778,RBBB,R,274059,274073,274091,274114,274145,274199,274251,274291,normal
231,676,274483,762.4527777777778,RBBB,R,274415,274427,274445,274475,274498,274561,274611,274648,normal
231,677,274814,763.3722222222223,RBBB,R,274740,274754,274774,274796,274829,274884,274933,274969,normal
231,678,275162,764.3388888888888,RBBB,R,275089,275106,275123,275145,275174,275233,275280,275319,normal
231,679,275485,765.2361111111111,RBBB,R,275413,275428,275445,275468,275501,275568,275614,275653,normal
231,680,275803,766.1194444444444,RBBB,R,275731,275746,275763,275786,275818,275870,275924,275959,normal
231,681,276129,767.025,RBBB,R,276054,276070,276087,276112,276144,276192,276244,276286,normal
231,682,276465,767.9583333333334,RBBB,R,276394,276409,276427,276449,276471,276534,276590,276628,normal
231,683,276784,768.8444444444444,RBBB,R,276710,276724,276742,276767,276800,276852,276907,276942,normal
231,684,277148,769.8555555555556,RBBB,R,277077,277091,277108,277141,277161,277215,277265,277306,normal
231,685,277511,770.8638888888889,RBBB,R,277438,277451,277468,277495,277518,277594,277642,277680,normal
231,686,277864,771.8444444444444,RBBB,R,277789,277805,277821,277847,277879,277931,277986,278020,normal
231,687,278222,772.8388888888888,RBBB,R,278151,278166,278183,278205,278237,278294,278347,278389,normal
231,688,278591,773.8638888888889,RBBB,R,278516,278531,278549,278574,278598,278656,278715,278754,normal
231,689,278951,774.8638888888889,RBBB,R,278883,278896,278913,278936,278966,279022,279073,279113,normal
231,690,279281,775.7805555555556,RBBB,R,279210,279225,279242,279265,279296,279349,279405,279439,normal
231,691,279629,776.7472222222223,RBBB,R,279558,279570,279588,279611,279645,279698,279747,279786,normal
231,692,279988,777.7444444444444,RBBB,R,279919,279934,279950,279972,280003,280050,280107,280147,normal
231,693,280320,778.6666666666666,RBBB,R,280251,280263,280280,280313,280326,280397,280442,280476,normal
231,694,280662,779.6166666666667,RBBB,R,280590,280606,280623,280646,280675,280732,280785,280827,normal
231,695,281011,780.5861111111111,RBBB,R,280941,280955,280971,280994,281027,281084,281134,281173,normal
231,696,281342,781.5055555555556,RBBB,R,281270,281285,281302,281335,281357,281407,281468,281502,normal
231,697,281679,782.4416666666667,RBBB,R,281607,281622,281641,281663,281692,281746,281797,281841,normal
231,698,282014,783.3722222222223,RBBB,R,281944,281960,281978,281998,282029,282087,282136,282176,normal
231,699,282347,784.2972222222222,RBBB,R,282272,282286,282304,282339,282353,282414,282466,282499,normal
231,700,282673,785.2027777777778,RBBB,R,282602,282616,282634,282657,282688,282750,282799,282843,normal
231,701,283035,786.2083333333334,RBBB,R,282963,282977,282993,283018,283051,283110,283157,283195,normal
231,702,283387,787.1861111111111,RBBB,R,283314,283329,283347,283379,283393,283456,283513,283551,normal
231,703,283728,788.1333333333333,RBBB,R,283657,283671,283687,283712,283741,283793,283851,283888,normal
231,704,284077,789.1027777777778,RBBB,R,284007,284020,284037,284061,284093,284142,284198,284237,normal
231,705,284427,790.075,RBBB,R,284359,284374,284390,284411,284433,284481,284549,284587,normal
231,706,284761,791.0027777777777,RBBB,R,284686,284701,284720,284744,284777,284835,284885,284919,normal
231,707,285111,791.975,RBBB,R,285037,285053,285071,285095,285124,285177,285229,285266,normal
231,708,285453,792.925,RBBB,R,285376,285394,285411,285436,285469,285533,285628,285639,biphasic_positive_negative
231,709,285783,793.8416666666667,RBBB,R,285712,285726,285743,285767,285793,285849,285907,285941,normal
231,710,286108,794.7444444444444,RBBB,R,286037,286050,286067,286092,286121,286170,286228,286270,normal
231,711,286447,795.6861111111111,RBBB,R,286376,286392,286407,286431,286462,286518,286575,286612,normal
231,712,286771,796.5861111111111,RBBB,R,286697,286711,286728,286754,286786,286840,286894,286926,normal
231,713,287105,797.5138888888889,RBBB,R,287034,287048,287066,287089,287120,287174,287224,287263,normal
231,714,287442,798.45,RBBB,R,287370,287383,287400,287425,287448,287520,287571,287613,normal
231,715,287766,799.35,RBBB,R,287697,287710,287725,287749,287772,287838,287988,288012,biphasic_positive_negative
231,716,288381,801.0583333333333,NORMAL,N,288317,288330,288346,288374,288387,288487,288577,288655,normal
231,717,288998,802.7722222222222,NORMAL,N,288930,288943,288960,288982,289004,289237,289252,289272,normal
231,718,289634,804.5388888888889,NORMAL,N,289564,289578,289597,289627,289642,289717,289825,289903,normal
231,719,290248,806.2444444444444,NORMAL,N,290177,290192,290208,290232,290255,290350,290446,290536,normal
231,720,290882,808.0055555555556,NORMAL,N,290817,290830,290846,290875,290888,291022,291081,291120,inverted
231,721,291486,809.6833333333333,NORMAL,N,291416,291430,291447,291469,291493,291583,291677,291754,normal
231,722,292079,811.3305555555555,RBBB,R,292012,292025,292041,292071,292093,292159,292282,292309,biphasic_positive_negative
231,723,292654,812.9277777777778,RBBB,R,292582,292598,292616,292637,292684,292740,292857,292889,biphasic_positive_negative
231,724,293228,814.5222222222222,RBBB,R,293160,293175,293190,293212,293243,293312,293444,293471,biphasic_positive_negative
231,725,293815,816.1527777777778,RBBB,R,293744,293759,293776,293798,293825,293886,293992,294039,biphasic_positive_negative
231,726,294384,817.7333333333333,RBBB,R,294318,294331,294348,294366,294414,294465,294609,294631,biphasic_positive_negative
231,727,294987,819.4083333333333,RBBB,R,294919,294933,294951,294980,295003,295078,295175,295216,biphasic_positive_negative
231,728,295574,821.0388888888889,RBBB,R,295507,295520,295537,295557,295603,295648,295756,295811,biphasic_positive_negative
231,729,296157,822.6583333333333,RBBB,R,296086,296102,296120,296140,296172,296243,296340,296386,biphasic_positive_negative
231,730,296740,824.2777777777778,RBBB,R,296669,296683,296700,296722,296754,296822,296921,296974,biphasic_positive_negative
231,731,297320,825.8888888888889,RBBB,R,297251,297264,297280,297303,297335,297407,297541,297567,biphasic_positive_negative
231,732,297915,827.5416666666666,RBBB,R,297851,297864,297880,297898,297928,298002,298135,298156,biphasic_positive_negative
231,733,298517,829.2138888888888,RBBB,R,298448,298461,298479,298501,298530,298596,298739,298763,biphasic_positive_negative
231,734,299105,830.8472222222222,RBBB,R,299039,299052,299068,299088,299118,299182,299305,299336,biphasic_positive_negative
231,735,299695,832.4861111111111,RBBB,R,299626,299640,299656,299678,299705,299783,299904,299925,biphasic_positive_negative
231,736,300268,834.0777777777778,RBBB,R,300199,300213,300231,300250,300280,300347,300468,300492,biphasic_positive_negative
231,737,300839,835.6638888888889,RBBB,R,300774,300787,300804,300823,300853,300927,301046,301069,biphasic_positive_negative
231,738,301417,837.2694444444444,RBBB,R,301347,301360,301376,301400,301426,301514,301613,301649,biphasic_positive_negative
231,739,301988,838.8555555555556,RBBB,R,301917,301931,301949,301969,302001,302064,302205,302230,biphasic_positive_negative
231,740,302591,840.5305555555556,RBBB,R,,,,302575,302601,302682,302798,302830,biphasic_positive_negative
231,741,303179,842.1638888888889,RBBB,R,303113,303126,303143,303163,303189,303261,303418,303442,biphasic_positive_negative
231,742,303817,843.9361111111111,NORMAL,N,303746,303761,303778,303802,303824,303916,304040,304062,biphasic_positive_negative
231,743,304426,845.6277777777777,NORMAL,N,304356,304370,304387,304409,304434,304525,304623,304696,normal
231,744,305036,847.3222222222222,NORMAL,N,304967,304981,304998,305021,305043,305137,305224,305298,normal
231,745,305636,848.9888888888889,NORMAL,N,305568,305582,305598,305620,305643,305732,305823,305888,normal
231,746,306215,850.5972222222222,NORMAL,N,306142,306158,306175,306198,306222,306315,306431,306453,biphasic_positive_negative
231,747,306815,852.2638888888889,NORMAL,N,306747,306761,306779,306799,306822,306916,307022,307043,biphasic_positive_negative
231,748,307395,853.875,NORMAL,N,307325,307339,307357,307378,307403,307492,307592,307663,normal
231,749,307984,855.5111111111111,NORMAL,N,307917,307930,307946,307967,307991,308077,308187,308215,biphasic_positive_negative
231,750,308569,857.1361111111111,NORMAL,N,308501,308515,308531,308552,308577,308807,308822,308846,normal
231,751,309174,858.8166666666667,NORMAL,N,309110,309121,309136,309158,309182,309277,309409,309429,biphasic_positive_negative
231,752,309796,860.5444444444445,NORMAL,N,309727,309741,309759,309779,309803,309881,309981,310049,normal
231,753,310384,862.1777777777778,NORMAL,N,310316,310330,310346,310367,310391,310492,310584,310658,normal
231,754,311002,863.8944444444444,NORMAL,N,310931,310946,310965,310985,311010,311096,311216,311240,biphasic_positive_negative
231,755,311612,865.5888888888888,NORMAL,N,311545,311558,311575,311596,311620,311717,311808,311879,normal
231,756,312229,867.3027777777778,NORMAL,N,312159,312173,312189,312213,312236,312333,312441,312467,biphasic_positive_negative
231,757,312841,869.0027777777777,NORMAL,N,312775,312788,312805,312825,312849,312942,313039,313106,normal
231,758,313460,870.7222222222222,NORMAL,N,313386,313401,313420,313442,313468,313573,313685,313708,biphasic_positive_negative
231,759,314067,872.4083333333333,NORMAL,N,314000,314014,314031,314052,314074,314175,314278,314301,biphasic_positive_negative
231,760,314666,874.0722222222222,NORMAL,N,314595,314608,314626,314648,314674,314772,314873,314897,biphasic_positive_negative
231,761,315238,875.6611111111112,NORMAL,N,315169,315182,315199,315221,315245,315347,315439,315511,normal
231,762,315835,877.3194444444445,NORMAL,N,315771,315784,315801,315819,315843,315930,316023,316086,normal
231,763,316429,878.9694444444444,NORMAL,N,316356,316371,316389,316410,316437,316537,316627,316703,normal
231,764,317033,880.6472222222222,NORMAL,N,316962,316979,316996,317016,317040,317127,317235,317268,biphasic_positive_negative
231,765,317640,882.3333333333334,NORMAL,N,317572,317585,317602,317622,317647,317738,317862,317883,biphasic_positive_negative
231,766,318252,884.0333333333333,NORMAL,N,318187,318202,318218,318237,318260,318363,318478,318498,biphasic_positive_negative
231,767,318864,885.7333333333333,NORMAL,N,318797,318810,318826,318847,318872,318965,319066,319092,biphasic_positive_negative
231,768,319461,887.3916666666667,NORMAL,N,319390,319404,319422,319443,319468,319557,319655,319724,normal
231,769,320054,889.0388888888889,NORMAL,N,319987,320000,320017,320038,320062,320157,320262,320286,biphasic_positive_negative
231,770,320667,890.7416666666667,NORMAL,N,320598,320611,320627,320650,320674,320771,320864,320938,normal
231,771,321285,892.4583333333334,NORMAL,N,321216,321229,321246,321268,321292,321398,321508,321529,biphasic_positive_negative
231,772,321884,894.1222222222223,NORMAL,N,321814,321828,321846,321867,321891,321981,322078,322148,normal
231,773,322490,895.8055555555555,NORMAL,N,322425,322436,322452,322474,322498,322605,322713,322734,biphasic_positive_negative
231,774,323087,897.4638888888888,NORMAL,N,323020,323033,323049,323069,323095,323199,323293,323368,normal
231,775,323713,899.2027777777778,NORMAL,N,323647,323660,323676,323696,323720,323816,323935,323955,biphasic_positive_negative
231,776,324327,900.9083333333333,NORMAL,N,324254,324269,324287,324308,324334,324433,324528,324602,normal
231,777,324937,902.6027777777778,NORMAL,N,324870,324883,324901,324920,324944,325044,325136,325209,normal
231,778,325556,904.3222222222222,NORMAL,N,325489,325501,325518,325540,325564,325668,325764,325787,biphasic_positive_negative
231,779,326143,905.9527777777778,NORMAL,N,326075,326089,326107,326127,326150,326248,326339,326410,normal
231,780,326746,907.6277777777777,NORMAL,N,326681,326693,326709,326730,326754,326856,326964,326984,biphasic_positive_negative
231,781,327341,909.2805555555556,NORMAL,N,327269,327284,327301,327322,327349,327452,327542,327614,normal
231,782,327938,910.9388888888889,NORMAL,N,327873,327886,327902,327922,327946,328049,328135,328202,normal
231,783,328541,912.6138888888889,NORMAL,N,328470,328484,328502,328524,328549,328656,328735,328800,normal
231,784,329132,914.2555555555556,NORMAL,N,329064,329077,329093,329117,329140,329245,329340,329416,normal
231,785,329744,915.9555555555555,NORMAL,N,329678,329692,329709,329729,329751,329846,329938,330002,normal
231,786,330341,917.6138888888889,NORMAL,N,330269,330283,330302,330324,330349,330453,330540,330612,normal
231,787,330942,919.2833333333333,NORMAL,N,330876,330889,330906,330927,330950,331055,331141,331212,normal
231,788,331555,920.9861111111111,NORMAL,N,331489,331501,331518,331539,331562,331667,331704,331743,normal
231,789,332154,922.65,NORMAL,N,332089,332101,332117,332138,332161,332258,332349,332412,normal
231,790,332749,924.3027777777778,NORMAL,N,332682,332695,332712,332733,332757,332862,332946,333012,normal
231,791,333351,925.975,NORMAL,N,333281,333294,333312,333333,333359,333461,333559,333582,biphasic_positive_negative
231,792,333931,927.5861111111111,NORMAL,N,333866,333879,333895,333915,333939,334044,334127,334191,normal
231,793,334532,929.2555555555556,NORMAL,N,,,,334515,334539,334647,334687,334728,normal
231,794,335116,930.8777777777777,NORMAL,N,335047,335060,335078,335098,335123,335223,335323,335395,normal
231,795,335737,932.6027777777778,NORMAL,N,335673,335686,335702,335723,335744,335846,335926,335992,normal
231,796,336336,934.2666666666667,NORMAL,N,336265,336278,336297,336319,336344,336447,336538,336608,normal
231,797,336943,935.9527777777778,NORMAL,N,336877,336890,336906,336927,336950,337050,337144,337217,normal
231,798,337571,937.6972222222222,NORMAL,N,337501,337515,337532,337555,337578,337680,337788,337806,biphasic_positive_negative
231,799,338172,939.3666666666667,NORMAL,N,338107,338121,338138,338157,338179,338285,338403,338425,biphasic_positive_negative
231,800,338797,941.1027777777778,NORMAL,N,338727,338741,338758,338780,338804,338905,339007,339031,biphasic_positive_negative
231,801,339404,942.7888888888889,NORMAL,N,339334,339348,339366,339387,339411,339513,339633,339656,biphasic_positive_negative
231,802,340015,944.4861111111111,NORMAL,N,339946,339960,339978,339998,340023,340130,340166,340204,normal
231,803,340614,946.15,NORMAL,N,340547,340560,340577,340597,340621,340721,340762,340801,normal
231,804,341196,947.7666666666667,NORMAL,N,341127,341140,341158,341179,341203,341312,341400,341466,normal
231,805,341787,949.4083333333333,NORMAL,N,341720,341734,341750,341771,341794,341894,341983,342054,normal
231,806,342388,951.0777777777778,NORMAL,N,342320,342334,342352,342371,342396,342507,342592,342656,normal
231,807,342991,952.7527777777777,NORMAL,N,342925,342939,342955,342974,342999,343105,343200,343276,normal
231,808,343620,954.5,NORMAL,N,343552,343565,343581,343603,343627,343723,343831,343853,biphasic_positive_negative
231,809,344215,956.1527777777778,NORMAL,N,344145,344159,344177,344198,344223,344328,344371,344421,normal
231,810,344830,957.8611111111111,NORMAL,N,344762,344777,344793,344814,344837,344936,345040,345063,biphasic_positive_negative
231,811,345431,959.5305555555556,NORMAL,N,345365,345378,345395,345413,345438,345544,345648,345667,biphasic_positive_negative
231,812,346020,961.1666666666666,NORMAL,N,345951,345965,345983,346004,346027,346122,346168,346214,normal
231,813,346606,962.7944444444445,NORMAL,N,346540,346553,346570,346589,346614,346720,346806,346872,normal
231,814,347210,964.4722222222222,NORMAL,N,347139,347154,347171,347194,347217,347324,347439,347462,biphasic_positive_negative
231,815,347817,966.1583333333333,NORMAL,N,347752,347764,347782,347800,347825,347929,348036,348057,biphasic_positive_negative
231,816,348420,967.8333333333334,NORMAL,N,348349,348362,348380,348402,348428,348534,348648,348668,biphasic_positive_negative
231,817,349025,969.5138888888889,NORMAL,N,348956,348969,348986,349008,349032,349139,349230,349297,normal
231,818,349631,971.1972222222222,NORMAL,N,349569,349581,349596,349615,349638,349739,349855,349877,biphasic_positive_negative
231,819,350245,972.9027777777778,NORMAL,N,350179,350190,350206,350228,350252,350359,350401,350444,normal
231,820,350832,974.5333333333333,NORMAL,N,350764,350778,350795,350815,350840,350941,351029,351093,normal
231,821,351430,976.1944444444445,NORMAL,N,351361,351375,351392,351413,351437,351539,351637,351658,biphasic_positive_negative
231,822,352004,977.7888888888889,NORMAL,N,351938,351952,351970,351988,352012,352119,352196,352257,normal
231,823,352585,979.4027777777778,NORMAL,N,352519,352531,352548,352567,352593,352691,352797,352817,biphasic_positive_negative
231,824,353174,981.0388888888889,NORMAL,N,353101,353117,353135,353157,353182,353288,353389,353411,biphasic_positive_negative
231,825,353758,982.6611111111112,NORMAL,N,353689,353704,353721,353741,353765,353868,353955,354020,normal
231,826,354360,984.3333333333334,NORMAL,N,354288,354303,354321,354343,354368,354478,354572,354592,biphasic_positive_negative
231,827,354940,985.9444444444445,NORMAL,N,354871,354886,354903,354922,354947,355056,355144,355213,normal
231,828,355549,987.6361111111111,NORMAL,N,355484,355497,355513,355533,355556,355655,355756,355775,biphasic_positive_negative
231,829,356126,989.2388888888889,NORMAL,N,356056,356070,356088,356108,356134,356239,356326,356392,normal
231,830,356708,990.8555555555556,NORMAL,N,356641,356654,356670,356693,356715,356813,356856,356901,normal
231,831,357299,992.4972222222223,NORMAL,N,357228,357244,357262,357282,357306,357408,357494,357557,normal
231,832,357880,994.1111111111111,NORMAL,N,357813,357826,357843,357864,357887,357992,358077,358150,normal
231,833,358489,995.8027777777778,NORMAL,N,358420,358435,358451,358472,358496,358594,358685,358747,normal
231,834,359089,997.4694444444444,NORMAL,N,359019,359032,359050,359071,359097,359211,359302,359373,normal
231,835,359720,999.2222222222222,NORMAL,N,359649,359665,359683,359705,359727,359832,359940,359963,biphasic_positive_negative
231,836,360340,1000.9444444444445,NORMAL,N,360269,360283,360300,360323,360348,360460,360575,360598,biphasic_positive_negative
231,837,360965,1002.6805555555555,NORMAL,N,360900,360911,360928,360947,360973,361080,361171,361240,normal
231,838,361583,1004.3972222222222,NORMAL,N,361517,361531,361548,361567,361591,361694,361776,361837,normal
231,839,362173,1006.0361111111112,NORMAL,N,362102,362115,362134,362156,362180,362282,362369,362438,normal
231,840,362762,1007.6722222222222,NORMAL,N,362695,362709,362726,362746,362770,362870,362954,363018,normal
231,841,363356,1009.3222222222222,NORMAL,N,363287,363302,363318,363340,363364,363473,363555,363618,normal
231,842,363960,1011.0,NORMAL,N,363891,363904,363922,363943,363967,364067,364154,364219,normal
231,843,364553,1012.6472222222222,NORMAL,N,364486,364499,364515,364536,364561,364669,364754,364819,normal
231,844,365159,1014.3305555555555,NORMAL,N,,,,365142,365166,365271,365380,365399,biphasic_positive_negative
231,845,365751,1015.975,NORMAL,N,365683,365697,365714,365734,365758,365866,365950,366010,normal
231,846,366352,1017.6444444444444,NORMAL,N,,,,366335,366359,366467,366507,366556,normal
231,847,366948,1019.3,NORMAL,N,366881,366894,366913,366933,366955,367066,367167,367188,biphasic_positive_negative
231,848,367542,1020.95,NORMAL,N,367478,367490,367506,367525,367549,367648,367740,367806,normal
231,849,368146,1022.6277777777777,NORMAL,N,368076,368089,368107,368130,368153,368254,368303,368347,normal
231,850,368751,1024.3083333333334,NORMAL,N,368685,368699,368716,368735,368759,368860,368968,368989,biphasic_positive_negative
231,851,369361,1026.0027777777777,NORMAL,N,369293,369306,369322,369346,369369,369473,369514,369556,normal
231,852,369968,1027.6888888888889,NORMAL,N,369900,369916,369933,369951,369975,370087,370199,370218,biphasic_positive_negative
231,853,370587,1029.4083333333333,NORMAL,N,370517,370531,370550,370571,370595,370696,370819,370840,biphasic_positive_negative
231,854,371228,1031.1888888888889,NORMAL,N,371162,371174,371192,371211,371235,371340,371454,371472,biphasic_positive_negative
231,855,371838,1032.8833333333334,NORMAL,N,371767,371781,371799,371820,371845,371941,372033,372102,normal
231,856,372443,1034.5638888888889,NORMAL,N,372378,372391,372409,372427,372450,372553,372653,372671,biphasic_positive_negative
231,857,373023,1036.175,NORMAL,N,372952,372966,372984,373006,373031,373144,373226,373289,normal
231,858,373609,1037.8027777777777,NORMAL,N,373537,373553,373570,373593,373616,373716,373802,373868,normal
231,859,374209,1039.4694444444444,NORMAL,N,374141,374154,374171,374192,374216,374333,374433,374453,biphasic_positive_negative
231,860,374824,1041.1777777777777,NORMAL,N,374755,374769,374785,374807,374831,374937,375061,375086,biphasic_positive_negative
231,861,375459,1042.9416666666666,NORMAL,N,375393,375407,375423,375444,375466,375570,375670,375691,biphasic_positive_negative
231,862,376064,1044.6222222222223,NORMAL,N,375992,376007,376026,376047,376072,376175,376221,376266,normal
231,863,376379,1045.4972222222223,RBBB,R,376310,376322,376342,376362,376391,376470,376519,376559,normal
231,864,376677,1046.325,RBBB,R,,,,376660,376689,376773,376819,376863,normal
231,865,377028,1047.3,RBBB,R,376953,376967,376986,377010,377038,377134,377181,377230,normal
231,866,377370,1048.25,RBBB,R,,,,377354,377379,377469,377512,377564,normal
231,867,377689,1049.1361111111112,RBBB,R,377620,377633,377649,377672,377702,377800,377840,377902,normal
231,868,378069,1050.1916666666666,RBBB,R,377997,378012,378030,378053,378082,378181,378225,378294,normal
231,869,378455,1051.263888888889,RBBB,R,378378,378397,378415,378438,378464,378567,378605,378670,normal
231,870,378817,1052.2694444444444,RBBB,R,378742,378758,378776,378799,378826,378933,378972,379051,normal
231,871,379216,1053.3777777777777,RBBB,R,379142,379158,379177,379198,379225,379328,379371,379429,normal
231,872,379578,1054.3833333333334,RBBB,R,379510,379521,379536,379562,379587,379682,379728,379808,normal
231,873,379932,1055.3666666666666,RBBB,R,379858,379873,379892,379914,379946,380042,380084,380155,normal
231,874,380299,1056.3861111111112,RBBB,R,380222,380241,380259,380283,380309,380406,380447,380507,normal
231,875,380645,1057.3472222222222,RBBB,R,380574,380589,380605,380630,380653,380748,380798,380853,normal
231,876,380990,1058.3055555555557,RBBB,R,380914,380930,380949,380972,381004,381095,381139,381213,normal
231,877,381350,1059.3055555555557,RBBB,R,,,,381333,381362,381456,381498,381573,normal
231,878,381694,1060.2611111111112,RBBB,R,381619,381634,381649,381676,381703,381798,381843,381897,normal
231,879,382026,1061.1833333333334,RBBB,R,381954,381968,381987,382011,382036,382131,382172,382259,normal
231,880,382367,1062.1305555555555,RBBB,R,382298,382313,382330,382351,382380,382462,382515,382588,normal
231,881,382705,1063.0694444444443,RBBB,R,,,,382688,382717,382817,382853,382929,normal
231,882,383040,1064.0,RBBB,R,,,,383023,383049,383145,383180,383264,normal
231,883,383379,1064.9416666666666,RBBB,R,383308,383325,383342,383363,383391,383484,383520,383592,normal
231,884,383723,1065.8972222222221,RBBB,R,383654,383665,383680,383706,383732,383828,383865,383940,normal
231,885,384042,1066.7833333333333,RBBB,R,383968,383984,384002,384026,384054,384107,384184,384266,normal
231,886,384400,1067.7777777777778,RBBB,R,384329,384344,384361,384383,384412,384507,384545,384617,normal
231,887,384754,1068.7611111111112,RBBB,R,,,,384738,384763,384861,384898,384969,normal
231,888,385099,1069.7194444444444,RBBB,R,,,,385084,385109,385199,385234,385319,normal
231,889,385448,1070.6888888888889,RBBB,R,385377,385392,385410,385432,385457,385557,385591,385676,normal
231,890,385799,1071.6638888888888,RBBB,R,385727,385742,385761,385784,385808,385904,385939,386024,normal
231,891,386130,1072.5833333333333,RBBB,R,,,,386112,386140,386197,386274,386352,normal
231,892,386491,1073.5861111111112,RBBB,R,386419,386433,386451,386475,386501,386597,386634,386703,normal
231,893,386850,1074.5833333333333,RBBB,R,386776,386792,386809,386834,386859,386866,386999,387077,normal
231,894,387194,1075.5388888888888,RBBB,R,387124,387138,387154,387177,387208,387259,387333,387362,normal
231,895,387549,1076.525,RBBB,R,387473,387491,387509,387533,387561,387656,387691,387758,normal
231,896,387898,1077.4944444444445,RBBB,R,387828,387841,387862,387883,387906,388008,388043,388105,normal
231,897,388225,1078.4027777777778,RBBB,R,388150,388164,388183,388208,388238,388296,388356,388383,normal
231,898,388562,1079.338888888889,RBBB,R,388489,388504,388523,388546,388575,388621,388699,388757,normal
231,899,388889,1080.2472222222223,RBBB,R,388818,388831,388848,388873,388898,388905,389035,389088,normal
231,900,389207,1081.1305555555555,RBBB,R,389137,389150,389168,389191,389219,389311,389343,389373,normal
231,901,389527,1082.0194444444444,RBBB,R,389455,389469,389486,389511,389540,389581,389661,389701,normal
231,902,389858,1082.9388888888889,RBBB,R,389792,389804,389819,389841,389867,389966,390001,390070,normal
231,903,390180,1083.8333333333333,RBBB,R,390109,390120,390137,390163,390189,390288,390319,390344,normal
231,904,390531,1084.8083333333334,RBBB,R,390459,390474,390491,390514,390543,390595,390666,390735,normal
231,905,390901,1085.8361111111112,RBBB,R,,,,390884,390910,391012,391048,391122,normal
231,906,391247,1086.7972222222222,RBBB,R,391173,391187,391207,391230,391257,391313,391380,391409,normal
231,907,391601,1087.7805555555556,RBBB,R,391532,391546,391563,391585,391613,391697,391742,391812,normal
231,908,391968,1088.8,RBBB,R,391894,391909,391926,391952,391976,392073,392108,392135,normal
231,909,392312,1089.7555555555555,RBBB,R,392241,392255,392272,392297,392324,392379,392444,392477,normal
231,910,392660,1090.7222222222222,RBBB,R,,,,392644,392673,392725,392799,392873,normal
231,911,393029,1091.7472222222223,RBBB,R,,,,393013,393041,393104,393163,393206,normal
231,912,393361,1092.6694444444445,RBBB,R,393293,393306,393323,393345,393370,393457,393492,393519,normal
231,913,393709,1093.6361111111112,RBBB,R,393632,393649,393667,393692,393718,393771,393843,393891,normal
231,914,394071,1094.6416666666667,RBBB,R,393997,394014,394033,394055,394080,394178,394214,394253,normal
231,915,394412,1095.588888888889,RBBB,R,,,,394395,394422,394495,394545,394573,normal
231,916,394770,1096.5833333333333,RBBB,R,394698,394714,394732,394753,394780,394830,394914,394971,normal
231,917,395150,1097.638888888889,RBBB,R,395078,395094,395111,395134,395159,395248,395288,395321,normal
231,918,395487,1098.575,RBBB,R,395411,395428,395446,395470,395496,395549,395619,395651,normal
231,919,395831,1099.5305555555556,RBBB,R,395763,395777,395793,395815,395841,395895,395970,396007,normal
231,920,396170,1100.4722222222222,RBBB,R,396096,396110,396127,396152,396178,396259,396301,396334,normal
231,921,396485,1101.3472222222222,RBBB,R,,,,396469,396494,396574,396610,396640,normal
231,922,396820,1102.2777777777778,RBBB,R,396749,396764,396781,396803,396830,396890,396961,396996,normal
231,923,397164,1103.2333333333333,RBBB,R,,,,397157,397180,397253,397297,397331,normal
231,924,397474,1104.0944444444444,RBBB,R,397400,397415,397433,397458,397481,397533,397602,397637,normal
231,925,397822,1105.0611111111111,RBBB,R,397751,397766,397783,397804,397850,397900,397958,397997,normal
231,926,398184,1106.0666666666666,RBBB,R,398110,398124,398142,398168,398191,398262,398310,398347,normal
231,927,398512,1106.9777777777779,RBBB,R,398441,398456,398475,398496,398518,398575,398641,398670,normal
231,928,398862,1107.95,RBBB,R,398787,398802,398820,398845,398893,398940,399000,399039,normal
231,929,399244,1109.0111111111112,RBBB,R,399170,399185,399204,399228,399259,399309,399371,399404,normal
231,930,399591,1109.975,RBBB,R,399520,399533,399551,399575,399607,399660,399724,399754,normal
231,931,399927,1110.9083333333333,RBBB,R,399854,399868,399886,399911,399957,399998,400057,400095,normal
231,932,400279,1111.8861111111112,RBBB,R,400210,400224,400241,400262,400293,400353,400412,400447,normal
231,933,400623,1112.8416666666667,RBBB,R,400552,400566,400585,400607,400629,400696,400756,400792,normal
231,934,400960,1113.7777777777778,RBBB,R,400886,400900,400919,400944,400976,401023,401084,401119,normal
231,935,401310,1114.75,RBBB,R,401242,401257,401274,401294,401340,401406,401442,401479,normal
231,936,401669,1115.7472222222223,RBBB,R,401597,401611,401627,401653,401684,401744,401799,401832,normal
231,937,402004,1116.6777777777777,RBBB,R,401933,401946,401962,401988,402020,402079,402139,402174,normal
231,938,402375,1117.7083333333333,RBBB,R,402302,402316,402334,402359,402391,402451,402505,402541,normal
231,939,402733,1118.7027777777778,RBBB,R,402657,402673,402690,402726,402740,402806,402871,402907,normal
231,940,403076,1119.6555555555556,RBBB,R,403004,403019,403035,403059,403106,403145,403207,403241,normal
231,941,403413,1120.5916666666667,RBBB,R,403341,403356,403374,403396,403445,403474,403541,403580,normal
231,942,403743,1121.5083333333334,RBBB,R,403675,403688,403702,403728,403750,403814,403876,403910,normal
231,943,404067,1122.4083333333333,RBBB,R,403991,404007,404025,404050,404083,404142,404195,404227,normal
231,944,404406,1123.35,RBBB,R,404336,404350,404367,404390,404421,404471,404530,404567,normal
231,945,404746,1124.2944444444445,RBBB,R,404671,404688,404706,404729,404762,404825,404882,404921,normal
231,946,405063,1125.175,RBBB,R,404987,405006,405022,405055,405069,405130,405190,405220,normal
231,947,405388,1126.0777777777778,RBBB,R,405317,405331,405349,405372,405415,405453,405509,405547,normal
231,948,405725,1127.013888888889,RBBB,R,405655,405668,405686,405709,405731,405800,405857,405894,normal
231,949,406050,1127.9166666666667,RBBB,R,405976,405991,406007,406043,406066,406120,406176,406207,normal
231,950,406385,1128.8472222222222,RBBB,R,406316,406330,406348,406369,406419,406450,406505,406544,normal
231,951,406755,1129.875,RBBB,R,406681,406696,406713,406738,406762,406833,406889,406928,normal
231,952,407106,1130.85,RBBB,R,407028,407047,407062,407089,407112,407171,407228,407262,normal
231,953,407430,1131.75,RBBB,R,407360,407374,407391,407414,407446,407506,407561,407598,normal
231,954,407777,1132.713888888889,RBBB,R,407703,407716,407734,407760,407793,407847,407904,407942,normal
231,955,408124,1133.6777777777777,RBBB,R,408053,408068,408084,408117,408139,408187,408249,408285,normal
231,956,408435,1134.5416666666667,RBBB,R,408367,408380,408396,408428,408450,408500,408560,408595,normal
231,957,408784,1135.5111111111112,RBBB,R,408710,408725,408743,408768,408800,408861,408914,408950,normal
231,958,409128,1136.4666666666667,RBBB,R,409056,409071,409090,409111,409143,409200,409247,409290,normal
231,959,409441,1137.3361111111112,RBBB,R,409370,409384,409400,409424,409456,409520,409570,409605,normal
231,960,409751,1138.1972222222223,RBBB,R,409678,409693,409710,409734,409782,409826,409876,409914,normal
231,961,410081,1139.1138888888888,RBBB,R,410008,410023,410040,410065,410088,410152,410203,410242,normal
231,962,410400,1140.0,RBBB,R,410327,410344,410361,410383,410414,410461,410520,410562,normal
231,963,410727,1140.9083333333333,RBBB,R,410654,410669,410687,410720,410733,410805,410858,410892,normal
231,964,411074,1141.8722222222223,RBBB,R,411000,411014,411032,411056,411103,411144,411193,411233,normal
231,965,411430,1142.861111111111,RBBB,R,411360,411375,411391,411423,411446,411516,411561,411597,normal
231,966,411766,1143.7944444444445,RBBB,R,411692,411706,411724,411749,411781,411840,411892,411931,normal
231,967,412142,1144.838888888889,RBBB,R,412073,412088,412105,412135,412172,412213,412267,412305,normal
231,968,412494,1145.8166666666666,RBBB,R,412424,412440,412455,412478,412509,412569,412623,412660,normal
231,969,412844,1146.7888888888888,RBBB,R,412767,412783,412800,412827,412875,412911,412967,413004,normal
231,970,413195,1147.763888888889,RBBB,R,413125,413141,413157,413179,413209,413259,413319,413355,normal
231,971,413544,1148.7333333333333,RBBB,R,413471,413484,413499,413527,413550,413614,413664,413700,normal
231,972,413873,1149.6472222222221,RBBB,R,413803,413816,413832,413855,413880,413941,413999,414037,normal
231,973,414223,1150.6194444444445,RBBB,R,414151,414167,414184,414207,414239,414294,414347,414384,normal
231,974,414573,1151.5916666666667,RBBB,R,414500,414514,414532,414557,414589,414640,414702,414740,normal
231,975,414914,1152.5388888888888,RBBB,R,414841,414857,414876,414897,414944,414982,415039,415076,normal
231,976,415265,1153.513888888889,RBBB,R,415194,415208,415225,415248,415281,415344,415390,415431,normal
231,977,415613,1154.4805555555556,RBBB,R,415546,415559,415575,415606,415627,415680,415785,415796,biphasic_positive_negative
231,978,415943,1155.3972222222221,RBBB,R,415868,415883,415900,415927,415950,416016,416070,416106,normal
231,979,416291,1156.3638888888888,RBBB,R,416219,416231,416250,416274,416307,416361,416413,416450,normal
231,980,416633,1157.3138888888889,RBBB,R,416559,416574,416592,416616,416640,416710,416764,416803,normal
231,981,416967,1158.2416666666666,RBBB,R,416896,416910,416928,416950,416982,417037,417094,417125,normal
231,982,417306,1159.1833333333334,RBBB,R,417231,417248,417267,417288,417335,417378,417426,417467,normal
231,983,417658,1160.161111111111,RBBB,R,417589,417603,417620,417642,417674,417732,417787,417827,normal
231,984,418007,1161.1305555555555,RBBB,R,417929,417947,417965,417991,418013,418072,418132,418166,normal
231,985,418333,1162.036111111111,RBBB,R,418262,418276,418292,418317,418362,418395,418448,418487,normal
231,986,418672,1162.9777777777779,RBBB,R,418597,418612,418630,418654,418688,418745,418805,418844,normal
231,987,419030,1163.9722222222222,RBBB,R,418958,418971,418987,419012,419036,419100,419153,419186,normal
231,988,419346,1164.85,RBBB,R,419277,419290,419308,419329,419376,419414,419468,419507,normal
231,989,419703,1165.8416666666667,RBBB,R,419631,419645,419663,419685,419719,419784,419830,419869,normal
231,990,420088,1166.911111111111,RBBB,R,420014,420032,420050,420072,420103,420163,420214,420252,normal
231,991,420425,1167.8472222222222,RBBB,R,420353,420369,420386,420408,420454,420493,420549,420590,normal
231,992,420817,1168.9361111111111,RBBB,R,420743,420758,420776,420801,420833,420892,420938,420978,normal
231,993,421189,1169.9694444444444,RBBB,R,421121,421135,421150,421182,421204,421257,421316,421350,normal
231,994,421531,1170.9194444444445,RBBB,R,421458,421472,421489,421514,421546,421601,421650,421686,normal
231,995,421869,1171.8583333333333,RBBB,R,421798,421813,421829,421851,421885,421952,421997,422041,normal
231,996,422209,1172.8027777777777,RBBB,R,422138,422150,422167,422193,422224,422285,422327,422367,normal
231,997,422526,1173.6833333333334,RBBB,R,422448,422465,422483,422508,422541,422595,422649,422688,normal
231,998,422890,1174.6944444444443,RBBB,R,422819,422833,422850,422872,422905,422964,423016,423061,normal
231,999,423254,1175.7055555555555,RBBB,R,423180,423195,423211,423238,423261,423329,423375,423418,normal
231,1000,423594,1176.65,RBBB,R,423523,423540,423556,423578,423609,423662,423720,423758,normal
231,1001,423969,1177.6916666666666,RBBB,R,423892,423907,423925,423951,423984,424045,424090,424130,normal
231,1002,424333,1178.7027777777778,RBBB,R,424257,424279,424296,424326,424339,424409,424455,424493,normal
231,1003,424676,1179.6555555555556,RBBB,R,424599,424614,424634,424657,424691,424755,424805,424843,normal
231,1004,425045,1180.6805555555557,RBBB,R,424971,424987,425005,425028,425078,425114,425160,425200,normal
231,1005,425390,1181.638888888889,RBBB,R,425315,425334,425348,425374,425396,425461,425517,425553,normal
231,1006,425720,1182.5555555555557,RBBB,R,425644,425660,425680,425702,425736,425787,425887,425909,biphasic_positive_negative
231,1007,426060,1183.5,RBBB,R,425994,426008,426024,426045,426089,426129,426180,426222,normal
231,1008,426390,1184.4166666666667,RBBB,R,426317,426334,426352,426373,426396,426463,426514,426555,normal
231,1009,426728,1185.3555555555556,RBBB,R,426652,426667,426686,426710,426744,426804,426850,426886,normal
231,1010,427067,1186.2972222222222,RBBB,R,426998,427012,427029,427051,427094,427127,427182,427226,normal
231,1011,427401,1187.225,RBBB,R,427327,427342,427360,427384,427417,427478,427522,427558,normal
231,1012,427762,1188.2277777777779,RBBB,R,427690,427706,427723,427745,427790,427834,427889,427933,normal
231,1013,428116,1189.2111111111112,RBBB,R,428047,428060,428076,428100,428122,428201,428240,428274,normal
231,1014,428457,1190.1583333333333,RBBB,R,428383,428399,428415,428440,428486,428531,428582,428624,normal
231,1015,428827,1191.1861111111111,RBBB,R,428756,428772,428788,428811,428843,428900,428953,428992,normal
231,1016,429178,1192.161111111111,RBBB,R,429101,429120,429136,429171,429185,429249,429301,429339,normal
231,1017,429506,1193.0722222222223,RBBB,R,429437,429451,429468,429490,429534,429573,429677,429695,biphasic_positive_negative
231,1018,429869,1194.0805555555555,RBBB,R,429792,429808,429827,429852,429902,429955,429993,430029,normal
231,1019,430234,1195.0944444444444,RBBB,R,430161,430178,430194,430218,430249,430304,430354,430392,normal
231,1020,430581,1196.0583333333334,RBBB,R,430506,430521,430539,430564,430611,430663,430710,430750,normal
231,1021,430972,1197.1444444444444,RBBB,R,430896,430914,430931,430955,431001,431041,431088,431131,normal
231,1022,431347,1198.1861111111111,RBBB,R,431275,431289,431304,431330,431353,431417,431469,431502,normal
231,1023,431705,1199.1805555555557,RBBB,R,431634,431648,431666,431689,431720,431787,431833,431872,normal
231,1024,432067,1200.1861111111111,RBBB,R,431995,432011,432028,432050,432082,432135,432190,432227,normal
231,1025,432410,1201.138888888889,RBBB,R,432340,432354,432371,432395,432441,432483,432538,432578,normal
231,1026,432750,1202.0833333333333,RBBB,R,432682,432695,432712,432732,432783,432812,432916,432929,biphasic_positive_negative
231,1027,433065,1202.9583333333333,RBBB,R,433008,433012,433025,433047,433094,433151,433187,433221,normal
231,1028,433386,1203.85,RBBB,R,433326,433330,433349,433364,433422,433463,433503,433545,normal
231,1029,433691,1204.6972222222223,RBBB,R,433624,433636,433653,433674,433720,433823,433885,433934,inverted
231,1030,434287,1206.3527777777779,RBBB,R,434221,434234,434251,434270,434315,434379,434515,434536,biphasic_positive_negative
231,1031,434893,1208.036111111111,RBBB,R,434823,434838,434855,434875,434922,434955,435071,435147,normal
231,1032,435474,1209.65,RBBB,R,435405,435420,435436,435457,435504,435613,435671,435717,inverted
231,1033,436069,1211.3027777777777,RBBB,R,435999,436013,436030,436050,436096,436137,436274,436298,biphasic_positive_negative
231,1034,436666,1212.9611111111112,RBBB,R,436601,436612,436628,436649,436696,436735,436889,436911,biphasic_positive_negative
231,1035,437261,1214.6138888888888,RBBB,R,437192,437205,437222,437244,437290,437345,437468,437501,biphasic_positive_negative
231,1036,437876,1216.3222222222223,RBBB,R,437807,437822,437841,437859,437908,437959,438101,438124,biphasic_positive_negative
231,1037,438484,1218.0111111111112,RBBB,R,438416,438428,438447,438466,438513,438573,438671,438725,biphasic_positive_negative
231,1038,439082,1219.6722222222222,RBBB,R,439013,439026,439044,439064,439109,439160,439257,439329,biphasic_positive_negative
231,1039,439688,1221.3555555555556,RBBB,R,439620,439634,439651,439670,439711,439774,439881,439926,biphasic_positive_negative
231,1040,440274,1222.9833333333333,RBBB,R,440208,440221,440240,440258,440306,440363,440512,440534,biphasic_positive_negative
231,1041,440900,1224.7222222222222,RBBB,R,440834,440848,440865,440884,440934,440979,441080,441128,biphasic_positive_negative
231,1042,441481,1226.3361111111112,RBBB,R,441411,441425,441441,441463,441511,441565,441671,441730,biphasic_positive_negative
231,1043,442095,1228.0416666666667,RBBB,R,442027,442041,442057,442078,442124,442173,442272,442327,biphasic_positive_negative
231,1044,442689,1229.6916666666666,RBBB,R,442620,442635,442652,442672,442724,442774,442873,442928,biphasic_positive_negative
231,1045,443280,1231.3333333333333,RBBB,R,443210,443224,443241,443263,443311,443363,443459,443514,biphasic_positive_negative
231,1046,443870,1232.9722222222222,RBBB,R,443804,443816,443832,443852,443898,443954,444058,444096,biphasic_positive_negative
231,1047,444438,1234.55,RBBB,R,444370,444382,444400,444421,444467,444530,444636,444680,biphasic_positive_negative
231,1048,445019,1236.1638888888888,RBBB,R,444951,444965,444982,445002,445049,445105,445205,445251,biphasic_positive_negative
231,1049,445603,1237.786111111111,RBBB,R,445534,445548,445564,445586,445631,445692,445794,445846,biphasic_positive_negative
231,1050,446187,1239.4083333333333,RBBB,R,446121,446134,446149,446170,446208,446277,446377,446420,biphasic_positive_negative
231,1051,446769,1241.025,RBBB,R,446701,446714,446730,446752,446798,446860,446951,447001,biphasic_positive_negative
231,1052,447349,1242.6361111111112,RBBB,R,447284,447296,447313,447332,447377,447440,447573,447595,biphasic_positive_negative
231,1053,447958,1244.3277777777778,RBBB,R,447889,447902,447919,447941,447989,448051,448187,448208,biphasic_positive_negative
231,1054,448583,1246.0638888888889,RBBB,R,448513,448526,448545,448566,448619,448668,448713,448757,normal
231,1055,448891,1246.9194444444445,RBBB,R,448824,448835,448853,448875,448906,448973,449014,449058,normal
231,1056,449200,1247.7777777777778,RBBB,R,449129,449142,449159,449182,449229,449291,449327,449367,normal
231,1057,449566,1248.7944444444445,RBBB,R,449496,449509,449525,449550,449596,449655,449700,449744,normal
231,1058,449942,1249.838888888889,RBBB,R,449869,449885,449901,449925,449965,450033,450073,450113,normal
231,1059,450300,1250.8333333333333,RBBB,R,450226,450239,450257,450283,450329,450387,450435,450479,normal
231,1060,450728,1252.0222222222221,RBBB,R,450651,450667,450686,450709,450757,450822,450864,450904,normal
231,1061,451121,1253.1138888888888,RBBB,R,451048,451065,451083,451103,451152,451211,451258,451297,normal
231,1062,451490,1254.138888888889,RBBB,R,451415,451428,451447,451472,451522,451574,451620,451662,normal
231,1063,451858,1255.161111111111,RBBB,R,451789,451803,451821,451842,451874,451944,451989,452029,normal
231,1064,452198,1256.1055555555556,RBBB,R,452124,452142,452160,452182,452228,452284,452335,452370,normal
231,1065,452552,1257.088888888889,RBBB,R,452473,452494,452511,452536,452581,452627,452683,452716,normal
231,1066,452904,1258.0666666666666,RBBB,R,452840,452853,452869,452888,452919,452983,453032,453071,normal
231,1067,453249,1259.025,RBBB,R,453181,453193,453210,453233,453287,453327,453377,453420,normal
231,1068,453579,1259.9416666666666,RBBB,R,453512,453524,453539,453562,453594,453661,453717,453754,normal
231,1069,453904,1260.8444444444444,RBBB,R,453833,453848,453865,453887,453933,453986,454029,454072,normal
231,1070,454223,1261.7305555555556,RBBB,R,454153,454167,454184,454207,454256,454311,454357,454397,normal
231,1071,454575,1262.7083333333333,RBBB,R,454506,454520,454537,454558,454604,454653,454705,454747,normal
231,1072,454915,1263.6527777777778,RBBB,R,454849,454861,454875,454898,454945,455001,455044,455083,normal
231,1073,455251,1264.5861111111112,RBBB,R,455184,455196,455213,455244,455278,455324,455379,455415,normal
231,1074,455615,1265.5972222222222,RBBB,R,455540,455556,455573,455598,455645,455704,455747,455786,normal
231,1075,455974,1266.5944444444444,RBBB,R,455908,455920,455934,455957,456006,456047,456099,456136,normal
231,1076,456313,1267.536111111111,RBBB,R,456238,456253,456270,456296,456344,456399,456445,456486,normal
231,1077,456671,1268.5305555555556,RBBB,R,456596,456612,456630,456654,456707,456755,456797,456835,normal
231,1078,457008,1269.4666666666667,RBBB,R,456938,456954,456971,456991,457035,457091,457135,457180,normal
231,1079,457330,1270.361111111111,RBBB,R,457258,457273,457290,457313,457360,457416,457459,457498,normal
231,1080,457681,1271.3361111111112,RBBB,R,457611,457624,457642,457665,457716,457764,457804,457848,normal
231,1081,458000,1272.2222222222222,RBBB,R,457935,457947,457963,457993,458029,458075,458158,458171,biphasic_positive_negative
231,1082,458324,1273.1222222222223,RBBB,R,458251,458265,458284,458306,458353,458413,458510,458528,biphasic_positive_negative
231,1083,458645,1274.013888888889,RBBB,R,458569,458588,458606,458627,458675,458718,458849,458875,biphasic_positive_negative
231,1084,459235,1275.6527777777778,RBBB,R,459172,459185,459198,459217,459263,459338,459454,459474,biphasic_positive_negative
231,1085,459829,1277.3027777777777,RBBB,R,459760,459774,459791,459812,459858,459904,460012,460082,normal
231,1086,460417,1278.9361111111111,RBBB,R,460347,460359,460377,460400,460446,460493,460637,460658,biphasic_positive_negative
231,1087,461002,1280.5611111111111,RBBB,R,460937,460949,460964,460995,461018,461093,461211,461233,biphasic_positive_negative
231,1088,461594,1282.2055555555555,RBBB,R,461524,461538,461556,461577,461624,461679,461802,461827,biphasic_positive_negative
231,1089,462175,1283.8194444444443,RBBB,R,462105,462119,462136,462157,462205,462256,462398,462420,biphasic_positive_negative
231,1090,462761,1285.4472222222223,RBBB,R,462697,462709,462725,462744,462791,462852,462967,462996,biphasic_positive_negative
231,1091,463354,1287.0944444444444,RBBB,R,463285,463298,463317,463338,463382,463446,463579,463601,biphasic_positive_negative
231,1092,463956,1288.7666666666667,RBBB,R,463891,463905,463921,463941,463984,464042,464177,464197,biphasic_positive_negative
231,1093,464563,1290.4527777777778,RBBB,R,464491,464507,464525,464545,464592,464645,464782,464805,biphasic_positive_negative
231,1094,465163,1292.1194444444445,RBBB,R,465100,465113,465128,465147,465192,465243,465394,465415,biphasic_positive_negative
231,1095,465773,1293.8138888888889,RBBB,R,465706,465720,465737,465757,465803,465859,465986,466007,biphasic_positive_negative
231,1096,466371,1295.475,RBBB,R,466303,466316,466333,466354,466399,466456,466554,466608,biphasic_positive_negative
231,1097,466940,1297.0555555555557,RBBB,R,466874,466886,466903,466923,466969,467034,467128,467168,biphasic_positive_negative
231,1098,467520,1298.6666666666667,RBBB,R,467451,467463,467480,467502,467550,467609,467703,467755,biphasic_positive_negative
231,1099,468106,1300.2944444444445,RBBB,R,468036,468050,468066,468087,468136,468193,468331,468353,biphasic_positive_negative
231,1100,468709,1301.9694444444444,RBBB,R,468645,468659,468675,468693,468736,468798,468929,468952,biphasic_positive_negative
231,1101,469322,1303.6722222222222,NORMAL,N,469254,469267,469284,469305,469330,469411,469557,469581,biphasic_positive_negative
231,1102,469943,1305.3972222222221,NORMAL,N,469877,469891,469908,469936,469949,470031,470186,470211,biphasic_positive_negative
231,1103,470592,1307.2,NORMAL,N,470525,470537,470555,470575,470599,470681,470780,470857,normal
231,1104,471206,1308.9055555555556,NORMAL,N,471136,471151,471168,471189,471214,471293,471443,471468,biphasic_positive_negative
231,1105,471837,1310.6583333333333,NORMAL,N,471770,471783,471800,471820,471845,471923,472029,472070,biphasic_positive_negative
231,1106,472446,1312.35,NORMAL,N,472378,472392,472409,472429,472453,472534,472640,472711,normal
231,1107,473043,1314.0083333333334,NORMAL,N,472974,472988,473007,473026,473051,473131,473229,473297,normal
231,1108,473635,1315.6527777777778,NORMAL,N,473568,473582,473599,473618,473642,473724,473823,473890,normal
231,1109,474222,1317.2833333333333,NORMAL,N,474154,474167,474183,474206,474229,474316,474415,474454,biphasic_positive_negative
231,1110,474808,1318.911111111111,NORMAL,N,474740,474754,474772,474792,474816,474903,475001,475076,normal
231,1111,475414,1320.5944444444444,NORMAL,N,475343,475359,475376,475397,475430,475509,475634,475656,biphasic_positive_negative
231,1112,476005,1322.236111111111,NORMAL,N,475936,475950,475967,475987,476013,476103,476199,476273,normal
231,1113,476611,1323.9194444444445,NORMAL,N,476544,476558,476575,476594,476618,476696,476801,476873,normal
231,1114,477208,1325.5777777777778,NORMAL,N,477136,477150,477169,477191,477216,477309,477415,477446,biphasic_positive_negative
231,1115,477801,1327.225,NORMAL,N,477735,477748,477766,477785,477809,477893,478016,478040,biphasic_positive_negative
231,1116,478411,1328.9194444444445,NORMAL,N,478342,478357,478375,478395,478419,478508,478623,478645,biphasic_positive_negative
231,1117,479012,1330.588888888889,NORMAL,N,478943,478958,478975,478996,479020,479246,479263,479287,normal
231,1118,479630,1332.3055555555557,NORMAL,N,479565,479578,479593,479622,479636,479726,479823,479862,biphasic_positive_negative
231,1119,480236,1333.9888888888888,NORMAL,N,480163,480178,480196,480219,480244,480324,480435,480514,normal
231,1120,480849,1335.6916666666666,NORMAL,N,480781,480794,480810,480833,480856,480952,481084,481107,biphasic_positive_negative
231,1121,481486,1337.4611111111112,NORMAL,N,481416,481430,481449,481469,481494,481571,481676,481742,normal
231,1122,482085,1339.125,NORMAL,N,482014,482027,482044,482068,482093,482186,482292,482367,normal
231,1123,482710,1340.861111111111,NORMAL,N,482639,482655,482672,482694,482718,482799,482899,482967,normal
231,1124,483308,1342.5222222222221,NORMAL,N,483238,483253,483271,483292,483316,483410,483545,483567,biphasic_positive_negative
231,1125,483928,1344.2444444444445,NORMAL,N,483855,483872,483889,483920,483934,484026,484155,484178,biphasic_positive_negative
231,1126,484533,1345.925,NORMAL,N,484468,484481,484498,484517,484541,484758,484772,484796,normal
231,1127,485139,1347.6083333333333,NORMAL,N,485066,485083,485101,485131,485145,485241,485338,485412,normal
231,1128,485738,1349.2722222222221,NORMAL,N,485672,485685,485702,485721,485746,485819,485932,486002,normal
231,1129,486341,1350.9472222222223,NORMAL,N,486272,486286,486303,486334,486348,486444,486531,486569,biphasic_positive_negative
231,1130,486920,1352.5555555555557,NORMAL,N,486852,486866,486883,486903,486927,487000,487110,487175,normal
231,1131,487508,1354.1888888888889,NORMAL,N,487440,487454,487471,487492,487516,487603,487695,487762,normal
231,1132,488088,1355.8,NORMAL,N,488016,488031,488048,488071,488096,488181,488281,488348,normal
231,1133,488673,1357.425,NORMAL,N,488607,488621,488637,488657,488679,488771,488895,488916,biphasic_positive_negative
231,1134,489286,1359.1277777777777,NORMAL,N,489215,489227,489246,489269,489294,489381,489513,489532,biphasic_positive_negative
231,1135,489905,1360.8472222222222,NORMAL,N,489833,489848,489866,489888,489913,490002,490139,490161,biphasic_positive_negative
231,1136,490522,1362.5611111111111,NORMAL,N,490457,490469,490484,490506,490530,490619,490742,490768,biphasic_positive_negative
231,1137,491139,1364.275,NORMAL,N,491068,491084,491101,491122,491147,491245,491375,491396,biphasic_positive_negative
231,1138,491758,1365.9944444444445,NORMAL,N,491687,491706,491722,491743,491764,491859,491978,492006,biphasic_positive_negative
231,1139,492376,1367.7111111111112,NORMAL,N,492311,492324,492340,492360,492384,492473,492572,492647,normal
231,1140,492987,1369.4083333333333,NORMAL,N,492916,492929,492947,492970,493003,493085,493188,493262,normal
231,1141,493594,1371.0944444444444,NORMAL,N,493527,493540,493557,493578,493602,493689,493788,493859,normal
231,1142,494213,1372.8138888888889,NORMAL,N,494143,494158,494175,494196,494221,494324,494412,494485,normal
231,1143,494820,1374.5,NORMAL,N,494753,494766,494783,494804,494827,494931,495011,495077,normal
231,1144,495414,1376.15,NORMAL,N,495347,495360,495378,495397,495422,495518,495608,495674,normal
231,1145,496011,1377.8083333333334,NORMAL,N,495940,495953,495972,495994,496019,496112,496211,496242,biphasic_positive_negative
231,1146,496592,1379.4222222222222,NORMAL,N,496527,496542,496558,496586,496600,496706,496788,496859,normal
231,1147,497203,1381.1194444444445,NORMAL,N,497135,497147,497163,497195,497209,497308,497397,497468,normal
231,1148,497804,1382.7888888888888,NORMAL,N,497734,497748,497767,497787,497812,498058,498073,498096,normal
231,1149,498438,1384.55,NORMAL,N,498371,498385,498402,498421,498444,498543,498638,498713,normal
231,1150,499064,1386.2888888888888,NORMAL,N,498998,499011,499028,499046,499072,499309,499321,499342,normal
231,1151,499685,1388.013888888889,NORMAL,N,499621,499633,499649,499668,499693,499790,499891,499971,normal
231,1152,500311,1389.7527777777777,NORMAL,N,500244,500256,500272,500293,500318,500403,500497,500563,normal
231,1153,500894,1391.3722222222223,NORMAL,N,500825,500839,500856,500877,500902,500996,501095,501168,normal
231,1154,501505,1393.0694444444443,NORMAL,N,501437,501449,501466,501489,501512,501605,501691,501756,normal
231,1155,502099,1394.7194444444444,NORMAL,N,502033,502046,502062,502082,502107,502205,502297,502362,normal
231,1156,502689,1396.3583333333333,NORMAL,N,502618,502632,502651,502671,502696,502789,502879,502947,normal
231,1157,503280,1398.0,NORMAL,N,503211,503225,503243,503273,503288,503370,503473,503540,normal
231,1158,503873,1399.6472222222221,NORMAL,N,503803,503815,503833,503856,503879,503983,504072,504139,normal
231,1159,504469,1401.3027777777777,NORMAL,N,504399,504413,504430,504453,504477,504707,504724,504745,normal
231,1160,505086,1403.0166666666667,NORMAL,N,505018,505031,505048,505069,505093,505198,505291,505360,normal
231,1161,505702,1404.7277777777779,NORMAL,N,505634,505647,505664,505683,505710,505807,505908,505980,normal
231,1162,506321,1406.4472222222223,NORMAL,N,506255,506269,506286,506305,506327,506421,506523,506597,normal
231,1163,506954,1408.2055555555555,NORMAL,N,506881,506897,506913,506946,506960,507066,507159,507227,normal
231,1164,507577,1409.9361111111111,NORMAL,N,507510,507523,507540,507569,507584,507689,507730,507796,normal
231,1165,507901,1410.8361111111112,RBBB,R,507827,507839,507857,507883,507932,507998,508045,508086,normal
231,1166,508210,1411.6944444444443,RBBB,R,508137,508151,508169,508193,508238,508298,508346,508389,normal
231,1167,508531,1412.5861111111112,RBBB,R,508461,508475,508492,508514,508559,508615,508680,508724,normal
231,1168,508878,1413.55,RBBB,R,508801,508817,508834,508861,508907,508980,509026,509078,normal
231,1169,509207,1414.463888888889,RBBB,R,509136,509150,509167,509201,509234,509298,509345,509432,normal
231,1170,509536,1415.3777777777777,RBBB,R,509467,509481,509497,509520,509563,509607,509681,509746,normal
231,1171,509886,1416.35,RBBB,R,509815,509826,509841,509869,509917,509983,510030,510101,normal
231,1172,510214,1417.2611111111112,RBBB,R,510145,510158,510176,510198,510241,510294,510349,510439,normal
231,1173,510561,1418.225,RBBB,R,510489,510504,510522,510544,510590,510665,510706,510781,normal
231,1174,510934,1419.2611111111112,RBBB,R,510864,510878,510893,510918,510962,511041,511087,511162,normal
231,1175,511276,1420.2111111111112,RBBB,R,511202,511218,511235,511259,511304,511353,511418,511496,normal
231,1176,511632,1421.2,RBBB,R,511554,511572,511592,511615,511660,511740,511788,511864,normal
231,1177,512002,1422.2277777777779,RBBB,R,511927,511947,511963,511995,512029,512108,512150,512217,normal
231,1178,512344,1423.1777777777777,RBBB,R,512265,512283,512301,512327,512372,512432,512483,512569,normal
231,1179,512705,1424.1805555555557,RBBB,R,512636,512650,512666,512689,512733,512818,512858,512925,normal
231,1180,513072,1425.2,RBBB,R,512999,513013,513030,513055,513101,513177,513216,513277,normal
231,1181,513410,1426.138888888889,RBBB,R,513338,513354,513371,513403,513436,513513,513551,513625,normal
231,1182,513758,1427.1055555555556,RBBB,R,513681,513700,513719,513739,513786,513839,513906,513971,normal
231,1183,514109,1428.0805555555555,RBBB,R,514037,514051,514068,514093,514137,514208,514243,514313,normal
231,1184,514432,1428.9777777777779,RBBB,R,514362,514380,514396,514425,514459,514531,514571,514658,normal
231,1185,514785,1429.9583333333333,RBBB,R,514710,514726,514745,514768,514813,514862,514928,515002,normal
231,1186,515143,1430.9527777777778,RBBB,R,515070,515088,515106,515127,515169,515237,515284,515346,normal
231,1187,515478,1431.8833333333334,RBBB,R,515412,515423,515439,515471,515505,515580,515618,515708,normal
231,1188,515837,1432.8805555555555,RBBB,R,515758,515776,515794,515820,515864,515913,515975,516047,normal
231,1189,516198,1433.8833333333334,RBBB,R,516128,516144,516163,516182,516223,516284,516336,516394,normal
231,1190,516545,1434.8472222222222,RBBB,R,516470,516487,516505,516538,516573,516642,516679,516773,normal
231,1191,516903,1435.8416666666667,RBBB,R,516828,516844,516862,516887,516931,516992,517047,517118,normal
231,1192,517274,1436.8722222222223,RBBB,R,517202,517217,517234,517258,517301,517349,517407,517452,normal
231,1193,517621,1437.8361111111112,RBBB,R,517541,517563,517580,517604,517650,517725,517761,517856,normal
231,1194,517993,1438.8694444444445,RBBB,R,517915,517934,517953,517975,518020,518063,518126,518196,normal
231,1195,518349,1439.8583333333333,RBBB,R,518279,518294,518312,518333,518377,518434,518493,518569,normal
231,1196,518713,1440.8694444444445,RBBB,R,518640,518655,518672,518696,518741,518808,518849,518938,normal
231,1197,519061,1441.8361111111112,RBBB,R,518993,519006,519025,519045,519088,519129,519195,519227,normal
231,1198,519409,1442.8027777777777,RBBB,R,519336,519354,519371,519393,519436,519478,519549,519623,normal
231,1199,519778,1443.8277777777778,RBBB,R,519707,519719,519738,519761,519807,519850,519914,519994,normal
231,1200,520117,1444.7694444444444,RBBB,R,520047,520062,520079,520100,520144,520174,520250,520281,normal
231,1201,520477,1445.7694444444444,RBBB,R,520403,520419,520439,520460,520505,520549,520609,520659,normal
231,1202,520833,1446.7583333333334,RBBB,R,520759,520775,520792,520816,520863,520942,520974,521007,normal
231,1203,521191,1447.7527777777777,RBBB,R,521117,521132,521150,521174,521219,521257,521323,521358,normal
231,1204,521554,1448.7611111111112,RBBB,R,521483,521495,521515,521537,521584,521630,521694,521740,normal
231,1205,521909,1449.7472222222223,RBBB,R,521832,521851,521868,521901,521938,521983,522043,522073,normal
231,1206,522270,1450.75,RBBB,R,522201,522215,522232,522254,522296,522339,522406,522443,normal
231,1207,522634,1451.7611111111112,RBBB,R,522565,522576,522596,522618,522664,522728,522772,522813,normal
231,1208,522994,1452.7611111111112,RBBB,R,522920,522935,522953,522978,523021,523057,523124,523158,normal
231,1209,523356,1453.7666666666667,RBBB,R,523284,523300,523317,523339,523382,523430,523493,523535,normal
231,1210,523728,1454.8,RBBB,R,523651,523667,523682,523711,523759,523820,523863,523898,normal
231,1211,524078,1455.7722222222221,RBBB,R,524005,524023,524042,524061,524104,524137,524209,524243,normal
231,1212,524431,1456.7527777777777,RBBB,R,524356,524373,524390,524414,524460,524499,524563,524603,normal
231,1213,524792,1457.7555555555555,RBBB,R,524724,524736,524752,524776,524820,524902,524933,524965,normal
231,1214,525136,1458.7111111111112,RBBB,R,525065,525079,525096,525118,525164,525207,525267,525298,normal
231,1215,525509,1459.7472222222223,RBBB,R,525436,525451,525469,525491,525537,525609,525649,525693,normal
231,1216,525889,1460.8027777777777,RBBB,R,525819,525834,525850,525873,525919,525966,526024,526058,normal
231,1217,526233,1461.7583333333334,RBBB,R,526155,526173,526192,526217,526259,526298,526363,526400,normal
231,1218,526597,1462.7694444444444,RBBB,R,526525,526540,526557,526580,526626,526667,526734,526774,normal
231,1219,526974,1463.8166666666666,RBBB,R,526902,526916,526933,526958,527001,527070,527105,527140,normal
231,1220,527325,1464.7916666666667,RBBB,R,527256,527270,527289,527310,527352,527388,527456,527491,normal
231,1221,527690,1465.8055555555557,RBBB,R,527614,527629,527647,527673,527719,527760,527821,527859,normal
231,1222,528042,1466.7833333333333,RBBB,R,527975,527986,528003,528026,528069,528109,528173,528206,normal
231,1223,528377,1467.713888888889,RBBB,R,528301,528319,528336,528359,528406,528445,528504,528539,normal
231,1224,528739,1468.7194444444444,RBBB,R,528667,528683,528700,528723,528767,528806,528876,528915,normal
231,1225,529104,1469.7333333333333,RBBB,R,529032,529046,529064,529087,529134,529174,529236,529271,normal
231,1226,529435,1470.6527777777778,RBBB,R,529361,529377,529393,529417,529463,529512,529567,529605,normal
231,1227,529800,1471.6666666666667,RBBB,R,529730,529745,529762,529784,529827,529862,529930,529971,normal
231,1228,530149,1472.6361111111112,RBBB,R,530077,530094,530109,530132,530177,530220,530277,530310,normal
231,1229,530479,1473.5527777777777,RBBB,R,530407,530423,530441,530462,530505,530543,530607,530646,normal
231,1230,530826,1474.5166666666667,RBBB,R,530752,530768,530786,530809,530854,530908,530958,530993,normal
231,1231,531169,1475.4694444444444,RBBB,R,531096,531111,531127,531152,531197,531238,531292,531327,normal
231,1232,531484,1476.3444444444444,RBBB,R,531411,531425,531443,531467,531514,531556,531619,531657,normal
231,1233,531833,1477.3138888888889,RBBB,R,531766,531778,531794,531816,531862,531910,531964,532002,normal
231,1234,532174,1478.2611111111112,RBBB,R,532107,532119,532133,532167,532201,532261,532303,532340,normal
231,1235,532490,1479.138888888889,RBBB,R,532422,532435,532452,532474,532518,532557,532621,532659,normal
231,1236,532848,1480.1333333333334,RBBB,R,532772,532788,532806,532831,532877,532922,532975,533018,normal
231,1237,533195,1481.0972222222222,RBBB,R,533125,533139,533157,533179,533222,533266,533320,533356,normal
231,1238,533517,1481.9916666666666,RBBB,R,533442,533458,533475,533499,533545,533585,533650,533684,normal
231,1239,533869,1482.9694444444444,RBBB,R,533796,533811,533828,533852,533897,533945,533997,534035,normal
231,1240,534212,1483.9222222222222,RBBB,R,534147,534159,534174,534205,534240,534286,534344,534381,normal
231,1241,534539,1484.8305555555555,RBBB,R,534467,534481,534497,534522,534566,534608,534666,534702,normal
231,1242,534895,1485.8194444444443,RBBB,R,534822,534836,534854,534878,534921,534962,535018,535057,normal
231,1243,535236,1486.7666666666667,RBBB,R,535167,535181,535197,535229,535263,535301,535362,535399,normal
231,1244,535564,1487.6777777777777,RBBB,R,535490,535505,535522,535547,535595,535638,535692,535731,normal
231,1245,535934,1488.7055555555555,RBBB,R,535865,535879,535896,535918,535960,535994,536057,536094,normal
231,1246,536285,1489.6805555555557,RBBB,R,536214,536226,536245,536268,536316,536369,536412,536448,normal
231,1247,536612,1490.588888888889,RBBB,R,536540,536555,536572,536595,536640,536682,536743,536780,normal
231,1248,536976,1491.6,RBBB,R,536908,536921,536937,536959,537002,537050,537104,537142,normal
231,1249,537316,1492.5444444444445,RBBB,R,537246,537259,537274,537299,537345,537400,537450,537486,normal
231,1250,537655,1493.486111111111,RBBB,R,537582,537597,537614,537638,537682,537717,537779,537819,normal
231,1251,537999,1494.4416666666666,RBBB,R,537930,537945,537960,537982,538026,538074,538125,538164,normal
231,1252,538375,1495.486111111111,RBBB,R,538305,538320,538337,538358,538402,538435,538504,538542,normal
231,1253,538726,1496.4611111111112,RBBB,R,538651,538666,538683,538708,538755,538795,538853,538889,normal
231,1254,539079,1497.4416666666666,RBBB,R,539008,539024,539041,539063,539105,539151,539201,539244,normal
231,1255,539443,1498.4527777777778,RBBB,R,539371,539384,539400,539425,539472,539520,539575,539613,normal
231,1256,539801,1499.4472222222223,RBBB,R,539727,539742,539761,539785,539830,539868,539920,539955,normal
231,1257,540145,1500.4027777777778,RBBB,R,540077,540090,540106,540128,540174,540220,540274,540314,normal
231,1258,540522,1501.45,RBBB,R,540451,540465,540483,540505,540551,540594,540648,540692,normal
231,1259,540876,1502.4333333333334,RBBB,R,540808,540821,540836,540869,540904,540945,541003,541038,normal
231,1260,541254,1503.4833333333333,RBBB,R,541184,541197,541214,541237,541282,541330,541382,541427,normal
231,1261,541646,1504.5722222222223,RBBB,R,541575,541590,541607,541630,541673,541723,541775,541814,normal
231,1262,542002,1505.5611111111111,RBBB,R,541928,541943,541962,541984,542030,542073,542124,542164,normal
231,1263,542365,1506.5694444444443,RBBB,R,542295,542309,542325,542348,542392,542443,542495,542536,normal
231,1264,542740,1507.611111111111,RBBB,R,542668,542681,542700,542724,542769,542809,542864,542899,normal
231,1265,543088,1508.5777777777778,RBBB,R,543018,543033,543049,543072,543114,543157,543209,543249,normal
231,1266,543454,1509.5944444444444,RBBB,R,543380,543394,543413,543436,543483,543540,543582,543621,normal
231,1267,543806,1510.5722222222223,RBBB,R,543733,543751,543770,543789,543832,543859,543928,543963,normal
231,1268,544136,1511.4888888888888,RBBB,R,544063,544078,544096,544119,544165,544207,544260,544293,normal
231,1269,544495,1512.486111111111,RBBB,R,544424,544439,544456,544478,544522,544567,544623,544667,normal
231,1270,544860,1513.5,RBBB,R,544785,544803,544822,544843,544888,544941,544985,545023,normal
231,1271,545203,1514.4527777777778,RBBB,R,545128,545145,545162,545186,545232,545276,545332,545373,normal
231,1272,545589,1515.525,RBBB,R,545517,545532,545550,545571,545616,545660,545715,545755,normal
231,1273,545958,1516.55,RBBB,R,545887,545900,545920,545942,545986,546035,546084,546122,normal
231,1274,546300,1517.5,RBBB,R,546226,546242,546260,546282,546328,546379,546429,546467,normal
231,1275,546676,1518.5444444444445,RBBB,R,546599,546617,546637,546660,546702,546743,546796,546838,normal
231,1276,547014,1519.4833333333333,RBBB,R,546947,546957,546971,546998,547042,547089,547136,547173,normal
231,1277,547353,1520.425,RBBB,R,547279,547292,547310,547336,547382,547434,547481,547520,normal
231,1278,547715,1521.4305555555557,RBBB,R,547643,547658,547676,547698,547742,547789,547835,547877,normal
231,1279,548054,1522.3722222222223,RBBB,R,547980,547996,548012,548036,548082,548130,548181,548214,normal
231,1280,548388,1523.3,RBBB,R,548315,548329,548347,548371,548416,548459,548511,548552,normal
231,1281,548742,1524.2833333333333,RBBB,R,548673,548686,548704,548726,548769,548817,548867,548908,normal
231,1282,549082,1525.2277777777779,RBBB,R,549012,549025,549041,549066,549110,549163,549208,549248,normal
231,1283,549436,1526.2111111111112,RBBB,R,549358,549375,549393,549418,549463,549506,549559,549595,normal
231,1284,549809,1527.2472222222223,RBBB,R,549739,549754,549773,549793,549835,549885,549934,549972,normal
231,1285,550185,1528.2916666666667,RBBB,R,550117,550129,550144,550169,550212,550260,550309,550350,normal
231,1286,550534,1529.2611111111112,RBBB,R,550456,550473,550492,550517,550564,550606,550663,550701,normal
231,1287,550915,1530.3194444444443,RBBB,R,550843,550858,550877,550899,550940,550981,551035,551071,normal
231,1288,551300,1531.388888888889,RBBB,R,551223,551239,551256,551284,551332,551371,551436,551472,normal
231,1289,551652,1532.3666666666666,RBBB,R,551578,551591,551610,551634,551680,551724,551770,551806,normal
231,1290,552025,1533.4027777777778,RBBB,R,551952,551967,551986,552008,552053,552098,552156,552191,normal
231,1291,552395,1534.4305555555557,RBBB,R,552317,552337,552356,552378,552423,552461,552522,552559,normal
231,1292,552737,1535.3805555555555,RBBB,R,552667,552680,552698,552720,552764,552805,552860,552898,normal
231,1293,553094,1536.3722222222223,RBBB,R,553021,553036,553054,553076,553123,553177,553225,553264,normal
231,1294,553450,1537.361111111111,RBBB,R,553379,553394,553410,553434,553479,553510,553577,553611,normal
231,1295,553777,1538.2694444444444,RBBB,R,553709,553722,553740,553760,553804,553845,553901,553934,normal
231,1296,554123,1539.2305555555556,RBBB,R,554051,554066,554084,554106,554150,554194,554243,554281,normal
231,1297,554474,1540.2055555555555,RBBB,R,554404,554417,554434,554457,554505,554552,554608,554647,normal
231,1298,554817,1541.1583333333333,RBBB,R,554740,554757,554773,554801,554846,554881,554942,554975,normal
231,1299,555160,1542.111111111111,RBBB,R,555089,555103,555121,555143,555188,555236,555288,555335,normal
231,1300,555532,1543.1444444444444,RBBB,R,555462,555475,555494,555515,555561,555616,555662,555698,normal
231,1301,555864,1544.0666666666666,RBBB,R,555792,555805,555824,555847,555892,555932,555983,556023,normal
231,1302,556192,1544.9777777777779,RBBB,R,556127,556139,556155,556175,556219,556270,556317,556360,normal
231,1303,556529,1545.9138888888888,RBBB,R,556457,556470,556488,556513,556559,556618,556655,556691,normal
231,1304,556844,1546.7888888888888,RBBB,R,556773,556786,556803,556827,556871,556916,556960,556996,normal
231,1305,557184,1547.7333333333333,RBBB,R,557112,557127,557144,557167,557213,557261,557314,557357,normal
231,1306,557555,1548.763888888889,RBBB,R,557486,557498,557514,557538,557586,557634,557679,557713,normal
231,1307,557876,1549.6555555555556,RBBB,R,557807,557819,557836,557860,557902,557943,557997,558036,normal
231,1308,558244,1550.6777777777777,RBBB,R,558170,558186,558203,558227,558273,558323,558372,558412,normal
231,1309,558624,1551.7333333333333,RBBB,R,558551,558567,558587,558607,558651,558694,558749,558786,normal
231,1310,558960,1552.6666666666667,RBBB,R,558892,558905,558921,558943,558988,559032,559084,559125,normal
231,1311,559333,1553.7027777777778,RBBB,R,559258,559271,559291,559315,559362,559406,559455,559499,normal
231,1312,559669,1554.6361111111112,RBBB,R,559604,559615,559631,559653,559696,559731,559833,559844,biphasic_positive_negative
231,1313,559996,1555.5444444444445,RBBB,R,559921,559936,559955,559979,560024,560070,560118,560155,normal
231,1314,560317,1556.4361111111111,RBBB,R,560242,560255,560276,560300,560344,560383,560440,560478,normal
231,1315,560671,1557.4194444444445,RBBB,R,560605,560617,560631,560655,560698,560755,560800,560834,normal
231,1316,560986,1558.2944444444445,RBBB,R,560917,560931,560948,560970,561015,561059,561109,561147,normal
231,1317,561345,1559.2916666666667,RBBB,R,561275,561288,561305,561329,561371,561415,561466,561512,normal
231,1318,561694,1560.2611111111112,RBBB,R,561626,561640,561656,561679,561721,561777,561821,561857,normal
231,1319,562018,1561.161111111111,RBBB,R,561947,561960,561977,562002,562045,562089,562135,562172,normal
231,1320,562388,1562.1888888888889,RBBB,R,562316,562330,562347,562371,562417,562455,562520,562558,normal
231,1321,562768,1563.2444444444445,RBBB,R,562699,562711,562729,562752,562796,562829,562889,562924,normal
231,1322,563100,1564.1666666666667,RBBB,R,563024,563039,563056,563083,563130,563175,563230,563273,normal
231,1323,563491,1565.2527777777777,RBBB,R,563418,563433,563450,563474,563519,563561,563616,563656,normal
231,1324,563848,1566.2444444444445,RBBB,R,563780,563793,563810,563831,563876,563914,563976,564013,normal
231,1325,564187,1567.1861111111111,RBBB,R,564110,564125,564142,564168,564216,564263,564311,564351,normal
231,1326,564562,1568.2277777777779,RBBB,R,564494,564508,564525,564547,564588,564637,564684,564723,normal
231,1327,564907,1569.1861111111111,RBBB,R,564837,564850,564868,564900,564934,564983,565031,565071,normal
231,1328,565249,1570.1361111111112,RBBB,R,565176,565189,565206,565232,565278,565321,565371,565403,normal
231,1329,565588,1571.0777777777778,RBBB,R,565521,565535,565551,565572,565614,565661,565707,565746,normal
231,1330,565910,1571.9722222222222,RBBB,R,565838,565852,565869,565894,565940,565981,566030,566069,normal
231,1331,566232,1572.8666666666666,RBBB,R,566161,566174,566192,566216,566259,566300,566352,566392,normal
231,1332,566581,1573.8361111111112,RBBB,R,566513,566526,566543,566565,566609,566653,566705,566744,normal
231,1333,566917,1574.7694444444444,RBBB,R,566847,566860,566879,566901,566947,566993,567044,567085,normal
231,1334,567258,1575.7166666666667,RBBB,R,567188,567201,567218,567241,567285,567328,567377,567417,normal
231,1335,567620,1576.7222222222222,RBBB,R,567553,567566,567582,567602,567649,567698,567745,567785,normal
231,1336,567973,1577.7027777777778,RBBB,R,567905,567918,567936,567957,567999,568035,568095,568134,normal
231,1337,568305,1578.625,RBBB,R,568235,568248,568266,568288,568333,568382,568433,568474,normal
231,1338,568686,1579.6833333333334,RBBB,R,568611,568630,568647,568669,568713,568755,568805,568847,normal
231,1339,569038,1580.661111111111,RBBB,R,568966,568979,568998,569031,569068,569105,569169,569206,normal
231,1340,569386,1581.6277777777777,RBBB,R,569316,569328,569346,569370,569415,569461,569507,569544,normal
231,1341,569745,1582.625,RBBB,R,569679,569692,569708,569729,569770,569819,569869,569908,normal
231,1342,570091,1583.5861111111112,RBBB,R,570017,570031,570050,570072,570121,570160,570215,570253,normal
231,1343,570432,1584.5333333333333,RBBB,R,570362,570375,570392,570416,570458,570497,570551,570590,normal
231,1344,570780,1585.5,RBBB,R,570710,570725,570740,570764,570806,570853,570904,570944,normal
231,1345,571136,1586.4888888888888,RBBB,R,571058,571075,571095,571119,571166,571203,571260,571295,normal
231,1346,571466,1587.4055555555556,RBBB,R,571399,571413,571430,571450,571492,571527,571584,571623,normal
231,1347,571803,1588.3416666666667,RBBB,R,571732,571745,571762,571786,571832,571874,571925,571963,normal
231,1348,572144,1589.2888888888888,RBBB,R,572075,572088,572106,572128,572172,572216,572271,572309,normal
231,1349,572466,1590.1833333333334,RBBB,R,572395,572409,572426,572449,572494,572536,572587,572621,normal
231,1350,572811,1591.1416666666667,RBBB,R,572741,572756,572772,572795,572840,572883,572939,572982,normal
231,1351,573168,1592.1333333333334,RBBB,R,573099,573112,573130,573152,573195,573236,573291,573328,normal
231,1352,573489,1593.025,RBBB,R,573425,573438,573452,573473,573517,573561,573610,573648,normal
231,1353,573842,1594.0055555555555,RBBB,R,573772,573787,573804,573826,573868,573913,573960,574002,normal
231,1354,574192,1594.9777777777779,RBBB,R,574120,574134,574152,574175,574223,574276,574319,574355,normal
231,1355,574529,1595.9138888888888,RBBB,R,574457,574471,574488,574512,574557,574597,574646,574685,normal
231,1356,574877,1596.8805555555555,RBBB,R,574803,574819,574837,574860,574906,574949,575002,575045,normal
231,1357,575238,1597.8833333333334,RBBB,R,575167,575180,575198,575221,575268,575307,575364,575400,normal
231,1358,575572,1598.8111111111111,RBBB,R,575499,575513,575531,575555,575598,575635,575692,575732,normal
231,1359,575929,1599.8027777777777,RBBB,R,575859,575873,575889,575912,575959,576006,576058,576095,normal
231,1360,576307,1600.8527777777779,RBBB,R,576235,576248,576267,576290,576335,576379,576428,576464,normal
231,1361,576649,1601.8027777777777,RBBB,R,576580,576595,576611,576634,576676,576723,576769,576806,normal
231,1362,577008,1602.8,RBBB,R,576930,576948,576965,576991,577037,577082,577135,577176,normal
231,1363,577368,1603.8,RBBB,R,577298,577312,577328,577352,577394,577431,577485,577520,normal
231,1364,577691,1604.6972222222223,RBBB,R,577620,577634,577651,577674,577719,577765,577811,577849,normal
231,1365,578028,1605.6333333333334,RBBB,R,577956,577970,577987,578011,578055,578103,578149,578192,normal
231,1366,578353,1606.536111111111,RBBB,R,578285,578299,578315,578338,578380,578420,578576,578601,biphasic_positive_negative
231,1367,578986,1608.2944444444445,NORMAL,N,578912,578929,578948,578969,578994,578996,579127,579165,biphasic_negative_positive
231,1368,579311,1609.1972222222223,RBBB,R,579239,579254,579270,579295,579338,579372,579423,579462,normal
231,1369,579611,1610.0305555555556,RBBB,R,579543,579556,579572,579594,579639,579682,579734,579772,normal
231,1370,579950,1610.9722222222222,RBBB,R,579876,579891,579908,579932,579979,580028,580073,580117,normal
231,1371,580299,1611.9416666666666,RBBB,R,580232,580244,580262,580283,580325,580375,580420,580458,normal
231,1372,580617,1612.825,RBBB,R,580547,580561,580577,580599,580644,580685,580735,580773,normal
231,1373,580978,1613.8277777777778,RBBB,R,580903,580918,580935,580960,581007,581053,581100,581143,normal
231,1374,581353,1614.8694444444445,RBBB,R,581285,581298,581315,581336,581379,581428,581474,581516,normal
231,1375,581694,1615.8166666666666,RBBB,R,581620,581633,581650,581676,581723,581764,581810,581848,normal
231,1376,582051,1616.8083333333334,RBBB,R,581982,581996,582013,582034,582080,582126,582177,582219,normal
231,1377,582416,1617.8222222222223,RBBB,R,582342,582360,582377,582399,582447,582495,582540,582577,normal
231,1378,582749,1618.7472222222223,RBBB,R,582677,582691,582708,582732,582776,582820,582871,582912,normal
231,1379,583112,1619.7555555555555,RBBB,R,583043,583057,583075,583095,583140,583185,583238,583281,normal
231,1380,583457,1620.713888888889,RBBB,R,583386,583400,583416,583440,583486,583519,583577,583614,normal
231,1381,583790,1621.638888888889,RBBB,R,583722,583736,583754,583775,583816,583861,583913,583955,normal
231,1382,584159,1622.6638888888888,RBBB,R,584085,584100,584118,584142,584189,584235,584286,584329,normal
231,1383,584515,1623.6527777777778,RBBB,R,584446,584459,584474,584499,584542,584581,584633,584670,normal
231,1384,584837,1624.5472222222222,RBBB,R,584763,584777,584795,584820,584868,584910,584966,585005,normal
231,1385,585184,1625.5111111111112,RBBB,R,585115,585127,585145,585167,585214,585254,585306,585345,normal
231,1386,585514,1626.4277777777777,RBBB,R,585445,585458,585476,585497,585541,585581,585634,585675,normal
231,1387,585829,1627.3027777777777,RBBB,R,585761,585774,585790,585813,585856,585899,585955,585990,normal
231,1388,586170,1628.25,RBBB,R,586099,586112,586129,586153,586200,586240,586289,586334,normal
231,1389,586512,1629.2,RBBB,R,586445,586457,586474,586505,586539,586580,586628,586667,normal
231,1390,586834,1630.0944444444444,RBBB,R,586760,586774,586791,586816,586863,586910,586959,586996,normal
231,1391,587194,1631.0944444444444,RBBB,R,587123,587137,587155,587177,587223,587270,587313,587351,normal
231,1392,587541,1632.0583333333334,RBBB,R,587472,587485,587504,587524,587571,587613,587668,587708,normal
231,1393,587875,1632.986111111111,RBBB,R,587803,587816,587834,587858,587904,587946,587996,588033,normal
231,1394,588249,1634.025,RBBB,R,588179,588195,588212,588233,588276,588328,588370,588410,normal
231,1395,588597,1634.9916666666666,RBBB,R,588527,588542,588557,588581,588626,588667,588723,588761,normal
231,1396,588944,1635.9555555555555,RBBB,R,588870,588885,588903,588927,588972,589017,589063,589104,normal
231,1397,589299,1636.9416666666666,RBBB,R,589230,589244,589260,589283,589324,589368,589419,589460,normal
231,1398,589649,1637.9138888888888,RBBB,R,589575,589589,589606,589632,589677,589723,589768,589802,normal
231,1399,589980,1638.8333333333333,RBBB,R,589907,589923,589941,589963,590010,590050,590107,590148,normal
231,1400,590344,1639.8444444444444,RBBB,R,590272,590286,590303,590327,590372,590412,590465,590502,normal
231,1401,590689,1640.8027777777777,RBBB,R,590622,590634,590649,590672,590719,590766,590818,590857,normal
231,1402,591029,1641.7472222222223,RBBB,R,590960,590973,590989,591013,591057,591093,591196,591210,biphasic_positive_negative
231,1403,591372,1642.7,RBBB,R,591301,591316,591334,591354,591399,591448,591491,591530,normal
231,1404,591709,1643.6361111111112,RBBB,R,591643,591656,591671,591693,591737,591781,591835,591875,normal
231,1405,592040,1644.5555555555557,RBBB,R,591966,591979,591996,592023,592070,592111,592164,592196,normal
231,1406,592373,1645.4805555555556,RBBB,R,592304,592317,592332,592357,592400,592445,592488,592530,normal
231,1407,592713,1646.425,RBBB,R,592641,592654,592672,592696,592743,592790,592842,592883,normal
231,1408,593044,1647.3444444444444,RBBB,R,592975,592988,593005,593028,593072,593116,593167,593202,normal
231,1409,593392,1648.3111111111111,RBBB,R,593322,593336,593353,593375,593418,593460,593514,593558,normal
231,1410,593748,1649.3,RBBB,R,593675,593691,593707,593731,593778,593826,593874,593913,normal
231,1411,594082,1650.2277777777779,RBBB,R,594008,594022,594040,594065,594109,594151,594196,594232,normal
231,1412,594426,1651.1833333333334,RBBB,R,594356,594371,594387,594410,594453,594491,594547,594590,normal
231,1413,594790,1652.1944444444443,RBBB,R,594717,594730,594750,594772,594820,594863,594913,594956,normal
231,1414,595130,1653.138888888889,RBBB,R,595056,595073,595091,595122,595158,595188,595245,595281,normal
231,1415,595457,1654.0472222222222,RBBB,R,595387,595401,595416,595440,595485,595533,595578,595617,normal
231,1416,595827,1655.075,RBBB,R,595759,595771,595788,595810,595854,595899,595952,595999,normal
231,1417,596196,1656.1,RBBB,R,596125,596139,596155,596179,596226,596262,596322,596360,normal
231,1418,596534,1657.0388888888888,RBBB,R,596462,596478,596495,596517,596562,596603,596657,596699,normal
231,1419,596912,1658.088888888889,RBBB,R,596843,596858,596875,596896,596939,596992,597035,597078,normal
231,1420,597272,1659.088888888889,RBBB,R,597197,597214,597233,597255,597300,597335,597391,597431,normal
231,1421,597607,1660.0194444444444,RBBB,R,597539,597554,597569,597591,597634,597676,597734,597772,normal
231,1422,597989,1661.0805555555555,RBBB,R,597914,597930,597947,597971,598018,598057,598107,598150,normal
231,1423,598340,1662.0555555555557,RBBB,R,598273,598286,598301,598324,598366,598405,598456,598497,normal
231,1424,598673,1662.9805555555556,RBBB,R,598599,598614,598631,598656,598703,598744,598800,598838,normal
231,1425,599022,1663.95,RBBB,R,598947,598965,598983,599005,599049,599093,599135,599174,normal
231,1426,599348,1664.8555555555556,RBBB,R,599281,599294,599310,599332,599378,599423,599471,599511,normal
231,1427,599672,1665.7555555555555,RBBB,R,599598,599614,599631,599656,599703,599741,599835,599854,biphasic_positive_negative
231,1428,600021,1666.725,RBBB,R,599954,599967,599984,600004,600046,600094,600138,600185,normal
231,1429,600363,1667.675,RBBB,R,600292,600310,600327,600351,600392,600438,600483,600527,normal
231,1430,600714,1668.65,RBBB,R,600639,600654,600672,600700,600743,600780,600833,600868,normal
231,1431,601059,1669.6083333333333,RBBB,R,600992,601005,601022,601042,601084,601131,601175,601217,normal
231,1432,601414,1670.5944444444444,RBBB,R,601341,601355,601373,601398,601443,601480,601529,601574,normal
231,1433,601753,1671.536111111111,RBBB,R,601682,601695,601712,601736,601782,601827,601878,601916,normal
231,1434,602101,1672.5027777777777,RBBB,R,602030,602045,602062,602084,602130,602175,602223,602263,normal
231,1435,602458,1673.4944444444445,RBBB,R,602388,602400,602416,602441,602487,602536,602584,602626,normal
231,1436,602806,1674.4611111111112,RBBB,R,602738,602750,602767,602793,602833,602868,602973,602989,biphasic_positive_negative
231,1437,603156,1675.4333333333334,RBBB,R,603083,603099,603116,603139,603185,603228,603274,603319,normal
231,1438,603501,1676.3916666666667,RBBB,R,603434,603448,603464,603485,603528,603578,603627,603667,normal
231,1439,603847,1677.3527777777779,RBBB,R,603772,603787,603806,603829,603876,603924,603968,604006,normal
231,1440,604195,1678.3194444444443,RBBB,R,604126,604140,604157,604179,604221,604260,604311,604349,normal
231,1441,604532,1679.2555555555555,RBBB,R,604456,604472,604489,604515,604562,604616,604661,604700,normal
231,1442,604874,1680.2055555555555,RBBB,R,604802,604816,604833,604857,604904,604946,604997,605030,normal
231,1443,605208,1681.1333333333334,RBBB,R,605141,605155,605171,605192,605234,605270,605329,605371,normal
231,1444,605542,1682.0611111111111,RBBB,R,605466,605485,605503,605525,605572,605618,605666,605705,normal
231,1445,605873,1682.9805555555556,RBBB,R,605797,605813,605832,605856,605902,605941,605989,606025,normal
231,1446,606208,1683.911111111111,RBBB,R,606141,606154,606171,606191,606235,606278,606326,606369,normal
231,1447,606562,1684.8944444444444,RBBB,R,606485,606503,606521,606546,606595,606645,606689,606728,normal
231,1448,606903,1685.8416666666667,RBBB,R,606830,606844,606863,606886,606932,606971,607018,607056,normal
231,1449,607249,1686.8027777777777,RBBB,R,607179,607194,607210,607232,607277,607329,607375,607417,normal
231,1450,607607,1687.7972222222222,RBBB,R,607532,607548,607565,607590,607636,607674,607728,607770,normal
231,1451,607945,1688.736111111111,RBBB,R,607875,607890,607906,607929,607972,608013,608064,608103,normal
231,1452,608300,1689.7222222222222,RBBB,R,608230,608244,608261,608284,608328,608376,608422,608468,normal
231,1453,608668,1690.7444444444445,RBBB,R,608595,608609,608629,608651,608694,608737,608783,608830,normal
231,1454,609005,1691.6805555555557,RBBB,R,608936,608953,608967,608988,609033,609076,609125,609160,normal
231,1455,609343,1692.6194444444445,RBBB,R,609269,609284,609302,609326,609371,609410,609458,609500,normal
231,1456,609686,1693.5722222222223,RBBB,R,609616,609631,609648,609670,609716,609760,609814,609856,normal
231,1457,610033,1694.536111111111,RBBB,R,609964,609977,609992,610016,610063,610106,610155,610193,normal
231,1458,610366,1695.4611111111112,RBBB,R,610295,610309,610326,610349,610395,610431,610492,610528,normal
231,1459,610725,1696.4583333333333,RBBB,R,610653,610669,610686,610708,610751,610802,610848,610892,normal
231,1460,611072,1697.4222222222222,RBBB,R,611002,611016,611032,611056,611101,611145,611191,611231,normal
231,1461,611404,1698.3444444444444,RBBB,R,611334,611350,611366,611388,611431,611473,611525,611564,normal
231,1462,611761,1699.3361111111112,RBBB,R,611684,611701,611719,611744,611791,611836,611886,611928,normal
231,1463,612119,1700.3305555555555,RBBB,R,612049,612062,612079,612103,612146,612181,612235,612271,normal
231,1464,612453,1701.2583333333334,RBBB,R,612377,612394,612412,612436,612480,612531,612578,612618,normal
231,1465,612814,1702.2611111111112,RBBB,R,612742,612757,612774,612797,612841,612886,612931,612970,normal
231,1466,613153,1703.2027777777778,RBBB,R,613084,613098,613115,613137,613181,613227,613276,613318,normal
231,1467,613488,1704.1333333333334,RBBB,R,613418,613430,613446,613472,613519,613562,613612,613648,normal
231,1468,613849,1705.1361111111112,RBBB,R,613779,613793,613811,613833,613875,613916,613963,614008,normal
231,1469,614204,1706.1222222222223,RBBB,R,614137,614149,614166,614187,614230,614272,614324,614369,normal
231,1470,614562,1707.1166666666666,RBBB,R,614485,614502,614519,614545,614591,614630,614681,614717,normal
231,1471,614923,1708.1194444444445,RBBB,R,614853,614868,614884,614907,614950,614993,615043,615086,normal
231,1472,615302,1709.1722222222222,RBBB,R,615222,615243,615260,615286,615330,615366,615418,615462,normal
231,1473,615663,1710.175,RBBB,R,615590,615603,615619,615646,615693,615730,615790,615827,normal
231,1474,616029,1711.1916666666666,RBBB,R,615952,615971,615988,616012,616057,616100,616146,616187,normal
231,1475,616392,1712.2,RBBB,R,616314,616333,616350,616376,616422,616469,616521,616565,normal
231,1476,616741,1713.1694444444445,RBBB,R,616670,616684,616700,616724,616771,616811,616861,616897,normal
231,1477,617088,1714.1333333333334,RBBB,R,617019,617033,617050,617072,617115,617161,617209,617251,normal
231,1478,617436,1715.1,RBBB,R,617365,617378,617394,617420,617467,617508,617562,617601,normal
231,1479,617781,1716.0583333333334,RBBB,R,617712,617724,617742,617764,617809,617847,617898,617936,normal
231,1480,618123,1717.0083333333334,RBBB,R,618054,618068,618084,618106,618149,618194,618241,618284,normal
231,1481,618480,1718.0,RBBB,R,618409,618421,618437,618463,618510,618559,618603,618642,normal
231,1482,618816,1718.9333333333334,RBBB,R,618745,618760,618777,618801,618843,618879,618930,618968,normal
231,1483,619150,1719.861111111111,RBBB,R,619073,619092,619109,619132,619179,619221,619271,619313,normal
231,1484,619500,1720.8333333333333,RBBB,R,619430,619442,619459,619484,619527,619568,619623,619665,normal
231,1485,619838,1721.7722222222221,RBBB,R,619768,619784,619800,619822,619867,619905,620004,620021,biphasic_positive_negative
231,1486,620180,1722.7222222222222,RBBB,R,620110,620124,620141,620163,620209,620251,620305,620349,normal
231,1487,620554,1723.7611111111112,RBBB,R,620481,620499,620515,620536,620581,620623,620674,620715,normal
231,1488,620887,1724.6861111111111,RBBB,R,620820,620834,620850,620871,620916,620958,621009,621042,normal
231,1489,621239,1725.6638888888888,RBBB,R,621171,621184,621201,621227,621264,621306,621358,621402,normal
231,1490,621603,1726.675,RBBB,R,621532,621545,621563,621587,621632,621678,621728,621766,normal
231,1491,621947,1727.6305555555555,RBBB,R,621874,621890,621908,621934,621974,622005,622064,622099,normal
231,1492,622301,1728.6138888888888,RBBB,R,622226,622242,622260,622283,622329,622381,622429,622470,normal
231,1493,622668,1729.6333333333334,RBBB,R,622593,622609,622627,622650,622696,622735,622786,622823,normal
231,1494,623007,1730.575,RBBB,R,622938,622952,622969,622992,623035,623072,623134,623167,normal
231,1495,623347,1731.5194444444444,RBBB,R,623272,623287,623304,623329,623377,623417,623469,623507,normal
231,1496,623703,1732.5083333333334,RBBB,R,623634,623648,623665,623687,623730,623772,623825,623865,normal
231,1497,624049,1733.4694444444444,RBBB,R,623981,623995,624011,624034,624078,624125,624175,624212,normal
231,1498,624391,1734.4194444444445,RBBB,R,624315,624331,624348,624374,624421,624455,624512,624551,normal
231,1499,624746,1735.4055555555556,RBBB,R,624676,624691,624708,624730,624771,624811,624866,624905,normal
231,1500,625097,1736.3805555555555,RBBB,R,625020,625039,625054,625080,625126,625161,625215,625254,normal
231,1501,625432,1737.3111111111111,RBBB,R,625360,625374,625391,625415,625461,625505,625559,625596,normal
231,1502,625787,1738.2972222222222,RBBB,R,625713,625730,625747,625769,625814,625856,625905,625943,normal
231,1503,626128,1739.2444444444445,RBBB,R,626056,626069,626086,626111,626159,626192,626254,626295,normal
231,1504,626466,1740.1833333333334,RBBB,R,626397,626411,626427,626450,626494,626532,626590,626625,normal
231,1505,626801,1741.1138888888888,RBBB,R,626731,626745,626762,626784,626829,626871,626919,626958,normal
231,1506,627136,1742.0444444444445,RBBB,R,627067,627083,627100,627120,627164,627210,627260,627303,normal
231,1507,627465,1742.9583333333333,RBBB,R,627391,627404,627424,627447,627495,627537,627590,627624,normal
231,1508,627805,1743.9027777777778,RBBB,R,627732,627746,627764,627786,627832,627873,627921,627962,normal
231,1509,628156,1744.8777777777777,RBBB,R,628083,628096,628113,628138,628185,628231,628282,628329,normal
231,1510,628490,1745.8055555555557,RBBB,R,628418,628434,628449,628478,628520,628561,628614,628646,normal
231,1511,628822,1746.7277777777779,RBBB,R,628752,628765,628783,628805,628848,628886,628940,628986,normal
231,1512,629175,1747.7083333333333,RBBB,R,629107,629120,629138,629158,629204,629258,629299,629343,normal
231,1513,629549,1748.7472222222223,RBBB,R,629478,629492,629508,629534,629577,629616,629669,629709,normal
231,1514,629886,1749.6833333333334,RBBB,R,629817,629831,629847,629870,629912,629948,630005,630043,normal
231,1515,630251,1750.6972222222223,RBBB,R,630178,630192,630210,630233,630280,630327,630373,630417,normal
231,1516,630604,1751.6777777777777,RBBB,R,630534,630549,630566,630592,630631,630681,630722,630761,normal
231,1517,630928,1752.5777777777778,RBBB,R,630857,630870,630887,630911,630957,630996,631047,631084,normal
231,1518,631281,1753.5583333333334,RBBB,R,631208,631222,631240,631264,631309,631353,631407,631450,normal
231,1519,631632,1754.5333333333333,RBBB,R,631558,631576,631591,631614,631660,631701,631754,631791,normal
231,1520,631949,1755.4138888888888,RBBB,R,631882,631895,631913,631933,631978,632024,632073,632111,normal
231,1521,632297,1756.3805555555555,RBBB,R,632224,632238,632256,632281,632325,632374,632415,632462,normal
231,1522,632622,1757.2833333333333,RBBB,R,632556,632568,632585,632606,632647,632678,632844,632869,biphasic_positive_negative
231,1523,633251,1759.0305555555556,NORMAL,N,633181,633196,633213,633233,633258,633358,633390,633428,normal
231,1524,633581,1759.9472222222223,RBBB,R,633510,633527,633542,633566,633608,633654,633698,633741,normal
231,1525,633890,1760.8055555555557,RBBB,R,633821,633835,633851,633873,633918,633958,634011,634048,normal
231,1526,634241,1761.7805555555556,RBBB,R,634167,634182,634200,634222,634270,634315,634359,634401,normal
231,1527,634586,1762.7388888888888,RBBB,R,634523,634535,634550,634568,634612,634651,634705,634745,normal
231,1528,634907,1763.6305555555555,RBBB,R,634833,634848,634866,634890,634936,634980,635025,635061,normal
231,1529,635261,1764.6138888888888,RBBB,R,635190,635204,635222,635245,635288,635338,635384,635431,normal
231,1530,635622,1765.6166666666666,RBBB,R,635553,635566,635583,635606,635651,635701,635744,635783,normal
231,1531,635962,1766.5611111111111,RBBB,R,635889,635902,635919,635945,635990,636037,636082,636127,normal
231,1532,636346,1767.6277777777777,RBBB,R,636276,636290,636308,636330,636372,636421,636469,636513,normal
231,1533,636708,1768.6333333333334,RBBB,R,636631,636649,636665,636691,636737,636770,636828,636866,normal
231,1534,637057,1769.6027777777779,RBBB,R,636987,637003,637019,637040,637086,637130,637183,637223,normal
231,1535,637432,1770.6444444444444,RBBB,R,637355,637372,637390,637413,637460,637506,637551,637595,normal
231,1536,637787,1771.6305555555555,RBBB,R,637719,637731,637750,637771,637814,637852,637907,637944,normal
231,1537,638133,1772.5916666666667,RBBB,R,638060,638073,638092,638116,638164,638214,638261,638297,normal
231,1538,638493,1773.5916666666667,RBBB,R,638420,638435,638452,638476,638520,638556,638608,638648,normal
231,1539,638825,1774.513888888889,RBBB,R,638755,638771,638787,638812,638854,638895,638951,638984,normal
231,1540,639160,1775.4444444444443,RBBB,R,639086,639101,639119,639142,639189,639228,639283,639322,normal
231,1541,639513,1776.425,RBBB,R,639444,639459,639477,639497,639540,639576,639636,639679,normal
231,1542,639853,1777.3694444444445,RBBB,R,639785,639799,639816,639837,639882,639934,639979,640018,normal
231,1543,640204,1778.3444444444444,RBBB,R,640128,640143,640161,640186,640232,640275,640322,640359,normal
231,1544,640560,1779.3333333333333,RBBB,R,640490,640506,640523,640543,640584,640626,640680,640720,normal
231,1545,640922,1780.338888888889,RBBB,R,640849,640863,640879,640905,640950,640986,641042,641080,normal
231,1546,641265,1781.2916666666667,RBBB,R,641194,641207,641224,641248,641293,641330,641392,641429,normal
231,1547,641628,1782.3,RBBB,R,641555,641570,641587,641611,641657,641701,641746,641784,normal
231,1548,641990,1783.3055555555557,RBBB,R,641911,641932,641948,641973,642020,642063,642119,642159,normal
231,1549,642344,1784.2888888888888,RBBB,R,642270,642287,642304,642327,642373,642419,642468,642505,normal
231,1550,642707,1785.2972222222222,RBBB,R,642638,642652,642669,642691,642734,642778,642829,642873,normal
231,1551,643074,1786.3166666666666,RBBB,R,642998,643016,643034,643056,643104,643144,643198,643236,normal
231,1552,643424,1787.2888888888888,RBBB,R,643351,643367,643385,643408,643451,643492,643543,643580,normal
231,1553,643775,1788.263888888889,RBBB,R,643705,643720,643736,643759,643801,643848,643899,643937,normal
231,1554,644141,1789.2805555555556,RBBB,R,644062,644082,644101,644124,644170,644219,644263,644300,normal
231,1555,644480,1790.2222222222222,RBBB,R,644411,644425,644442,644464,644506,644544,644599,644637,normal
231,1556,644833,1791.2027777777778,RBBB,R,644760,644774,644793,644816,644861,644897,644950,644997,normal
231,1557,645174,1792.15,RBBB,R,645101,645118,645132,645156,645203,645244,645303,645341,normal
231,1558,645513,1793.0916666666667,RBBB,R,645442,645456,645473,645496,645542,645582,645633,645673,normal
231,1559,645837,1793.9916666666666,RBBB,R,645767,645780,645797,645820,645864,645910,645962,646006,normal
231,1560,646167,1794.9083333333333,RBBB,R,646097,646110,646129,646150,646196,646296,646365,646424,inverted
231,1561,646801,1796.6694444444445,NORMAL,N,646730,646743,646761,646784,646809,646898,646933,646972,normal
231,1562,647128,1797.5777777777778,RBBB,R,647057,647071,647088,647110,647157,647205,647251,647291,normal
231,1563,647439,1798.4416666666666,RBBB,R,647371,647384,647401,647423,647467,647510,647559,647596,normal
231,1564,647776,1799.3777777777777,RBBB,R,647706,647720,647736,647759,647805,647849,647900,647949,normal
231,1565,648124,1800.3444444444444,RBBB,R,648050,648065,648084,648107,648152,648193,648244,648284,normal
231,1566,648455,1801.263888888889,RBBB,R,648389,648403,648418,648439,648483,648531,648575,648618,normal
231,1567,648811,1802.2527777777777,RBBB,R,648738,648754,648772,648793,648838,648881,648929,648973,normal
231,1568,649141,1803.1694444444445,RBBB,R,649066,649082,649099,649124,649171,649218,649267,649305,normal
231,1569,649500,1804.1666666666667,RBBB,R,649430,649442,649460,649483,649528,649573,649619,649661,normal
