   n  posicion pa  intervalo  valor    posicion mw  intervalo   valor       retar  n    posi-qrs  paciente = 100    

   frecuencia de muestreo = 360

     1           76            293        7.148            90            294        7.333           14        1            76
     2          369            293       10.000           384            291       10.000           15        2           369
     3          662            284        9.018           675            283        9.326           13        3           661
     4          946            284        8.475           958            287        8.774           12        4           945
     5         1230            284        7.994          1245            283        7.498           15        5          1230
     6         1514            295        8.489          1528            294        8.289           14        6          1514
     7         1809            235        9.044          1822            234        9.372           13        7          1808
     8         2044            358        8.594          2056            362        8.712           12        8          2043
     9         2402            303        9.449          2418            300        9.614           16        9          2402
    10         2705            292        8.871          2718            293        9.057           13       10          2705
    11         2997            285        8.545          3011            285        8.625           14       11          2996
    12         3282            277        8.057          3296            277        7.736           14       12          3281
    13         3559            303        7.929          3573            302        7.539           14       13          3558
    14         3862            308        8.942          3875            305        9.063           13       14          3861
    15         4170            295        8.471          4180            299        8.720           10       15          4169
    16         4465            299        8.075          4479            300        7.732           14       16          4465
    17         4764            296        8.770          4779            294        8.486           15       17          4763
    18         5060            286        8.620          5073            287        8.745           13       18          5059
    19         5346            287        7.764          5360            285        7.569           14       19          5345
    20         5633            285       10.410          5645            287       10.459           12       20          5632
    21         5918            296        8.421          5932            296        8.775           14       21          5917
    22         6214            312        9.337          6228            312       10.094           14       22          6213
    23         6526            297        8.814          6540            296        8.789           14       23          6526
    24         6823            282        8.477          6836            283        8.676           13       24          6822
    25         7105            286        8.913          7119            283        9.214           14       25          7105
    26         7391            278       10.968          7402            281       11.246           11       26          7390
    27         7669            283        8.320          7683            283        8.552           14       27          7668
    28         7952            293        8.912          7966            291        8.980           14       28          7952
    29         8245            293        9.709          8257            295        9.994           12       29          8245
    30         8538            299        8.839          8552            299        9.230           14       30          8538
    31         8837            304        7.999          8851            305        8.410           14       31          8836
    32         9141            290        8.950          9156            289        9.656           15       32          9140
    33         9431            278       11.276          9445            278       13.240           14       33          9430
    34         9709            288        8.587          9723            287        8.585           14       34          9709
    35         9997            284        8.120         10010            285        8.174           13       35          9997
    36        10281            309        9.230         10295            306        9.505           14       36         10281
    37        10590            304        9.741         10601            308       10.603           11       37         10590
    38        10894            297        9.257         10909            297       10.138           15       38         10893
    39        11191            289        8.053         11206            288        8.403           15       39         11190
    40        11480            300        8.765         11494            299        9.535           14       40         11479
    41        11780            285       10.321         11793            287       11.428           13       41         11780
    42        12065            284        7.965         12080            282        7.885           15       42         12065
    43        12349            295        9.304         12362            296        9.230           13       43         12349
    44        12644            305        8.931         12658            304        9.259           14       44         12644
    45        12949            317        9.834         12962            314       10.941           13       45         12948
    46        13266            295        8.456         13276            300        8.733           10       46         13265
    47        13561            280        8.140         13576            281        8.254           15       47         13561
    48        13841            289        8.968         13857            287       10.077           16       48         13841
    49        14130            292        8.798         14144            291        9.225           14       49         14130
    50        14422            288        7.696         14435            289        7.570           13       50         14421
    51        14710            300        7.999         14724            299        8.348           14       51         14709
    52        15010            299        8.833         15023            300        9.193           13       52         15010
    53        15309            297        8.500         15323            298        8.789           14       53         15309
    54        15606            293        7.976         15621            292        7.978           15       54         15606
    55        15899            283        8.030         15913            285        8.203           14       55         15898
    56        16182            282       10.351         16198            280       11.554           16       56         16182
    57        16464            290       10.273         16478            290       11.804           14       57         16463
    58        16754            303        7.853         16768            303        8.008           14       58         16754
    59        17057            300        8.367         17071            299        8.752           14       59         17057
    60        17357            299        8.697         17370            301        9.378           13       60         17357
    61        17656            290       10.968         17671            289       12.086           15       61         17656
    62        17946            280        7.663         17960            279        7.819           14       62         17946
    63        18226            287        8.491         18239            285        8.548           13       63         18226
    64        18513            282        8.050         18524            283        7.987           11       64         18513
    65        18795            285        8.172         18807            287        7.938           12       65         18794
    66        19080            307        7.891         19094            306        8.437           14       66         19079
    67        19387            305        9.161         19400            305        9.994           13       67         19387
    68        19692            297        9.387         19705            297        9.935           13       68         19692
    69        19989            282        6.976         20002            282        7.515           13       69         19988
    70        20271            282        7.682         20284            282        8.258           13       70         20270
    71        20553            284        8.455         20566            284        9.074           13       71         20553
    72        20837            294        7.827         20850            295        8.311           13       72         20836
    73        21131            292        7.504         21145            293        8.189           14       73         21130
    74        21423            305        8.515         21438            303        9.911           15       74         21422
    75        21728            301        8.251         21741            301        9.107           13       75         21728
    76        22029            291        7.840         22042            294        8.469           13       76         22028
    77        22320            282        7.150         22336            279        7.614           16       77         22320
    78        22602            278        7.669         22615            279        8.398           13       78         22601
    79        22880            283        8.015         22894            283        8.872           14       79         22880
    80        23163            290        7.285         23177            290        7.802           14       80         23162
    81        23453            303        7.853         23467            303        8.503           14       81         23452
    82        23756            296        7.969         23770            297        9.161           14       82         23755
    83        24052            293        8.685         24067            291       10.138           15       83         24052
    84        24345            280        7.206         24358            281        7.840           13       84         24344
    85        24625            288        7.295         24639            287        8.188           14       85         24624
    86        24913            284       10.970         24926            284       13.770           13       86         24912
    87        25197            287        7.595         25210            288        8.788           13       87         25196
    88        25484            295        7.679         25498            296        8.338           14       88         25484
    89        25779            309        9.058         25794            304       10.311           15       89         25779
    90        26088            298        8.342         26098            302        9.876           10       90         26087
    91        26386            284        7.694         26400            284        8.522           14       91         26385
    92        26670            281        7.081         26684            281        8.102           14       92         26669
    93        26951            286        8.379         26965            286       10.222           14       93         26951
    94        27237            298        8.194         27251            299       10.248           14       94         27236
    95        27535            297        7.289         27550            299        7.856           15       95         27535
    96        27832            299        8.846         27849            294       10.101           17       96         27832
    97        28131            299        8.915         28143            301       10.467           12       97         28131
    98        28430            296        8.228         28444            295        9.859           14       98         28430
    99        28726            288        7.070         28739            286        8.026           13       99         28725
   100        29014            279        6.972         29025            282        7.748           11      100         29013
   101        29293            287        7.640         29307            286        9.137           14      101         29293
   102        29580            292        9.431         29593            294       11.897           13      102         29579
   103        29872            309        8.616         29887            308       10.245           15      103         29872
   104        30181            305        7.747         30195            304        8.984           14      104         30181
   105        30486            293        8.317         30499            293        9.996           13      105         30486
   106        30779            285        6.888         30792            285        8.311           13      106         30778
   107        31064            284        7.346         31077            284        8.708           13      107         31064
   108        31348            287        7.572         31361            287        9.405           13      108         31347
   109        31635            292        8.238         31648            292        9.809           13      109         31635
   110        31927            296        8.018         31940            296        9.373           13      110         31927
   111        32223            306        8.453         32236            305       10.146           13      111         32223
   112        32529            307       10.566         32541            308       13.434           12      112         32529
   113        32836            290        8.006         32849            290       10.492           13      113         32835
   114        33126            277        8.383         33139            277       10.165           13      114         33126
   115        33403            287        7.151         33416            287        8.945           13      115         33402
   116        33690            290        9.772         33703            287       12.378           13      116         33690
   117        33980            293        6.964         33990            298        7.821           10      117         33979
   118        34273            301        7.785         34288            300        9.459           15      118         34273
   119        34574            295        8.515         34588            295       10.854           14      119         34574
   120        34869            298        7.709         34883            299        9.582           14      120         34869
   121        35167            287        7.281         35182            286        9.045           15      121         35167
   122        35454            281        7.111         35468            282        8.783           14      122         35454
   123        35735            280        8.074         35750            280       10.194           15      123         35735
   124        36015            294        7.287         36030            292        9.224           15      124         36015
   125        36309            295        8.984         36322            297       11.200           13      125         36308
   126        36604            311        7.724         36619            309        9.838           15      126         36604
   127        36915            299        7.942         36928            301       10.115           13      127         36915
   128        37214            285        6.966         37229            284        8.608           15      128         37214
   129        37499            283        6.418         37513            283        8.102           14      129         37498
   130        37782            288        7.214         37796            287        9.229           14      130         37781
   131        38070            285        7.408         38083            287        9.304           13      131         38070
   132        38355            296        6.642         38370            292        8.240           15      132         38355
   133        38651            299        7.378         38662            301        9.099           11      133         38650
   134        38950            301        6.763         38963            300        9.028           13      134         38949
   135        39251            296        7.266         39263            297        8.817           12      135         39251
   136        39547            278        6.581         39560            278        7.797           13      136         39546
   137        39825            270        6.053         39838            270        8.376           13      137         39824
   138        40095            286        6.877         40108            286        8.706           13      138         40095
   139        40381            295        6.816         40394            295        8.843           13      139         40381
   140        40676            293        6.567         40689            295        8.000           13      140         40676
   141        40969            301        6.668         40984            298        8.840           15      141         40969
   142        41270            296        8.453         41282            297       10.339           12      142         41270
   143        41566            282        6.309         41579            284        8.021           13      143         41566
   144        41848            267        6.388         41863            267        8.405           15      144         41848
   145        42115            300        6.847         42130            298        8.941           15      145         42115
   146        42415            281        8.604         42428            282       11.676           13      146         42415
   147        42696            299        8.682         42710            301       11.369           14      147         42696
   148        42995            311        7.175         43011            307        9.602           16      148         42995
   149        43306            296        7.231         43318            298        9.432           12      149         43306
   150        43602            289        6.882         43616            289        9.069           14      150         43602
   151        43891            280        7.544         43905            279       10.079           14      151         43891
   152        44171            283        6.018         44184            283        8.182           13      152         44171
   153        44454            288        7.392         44467            288        9.937           13      153         44454
   154        44742            287        6.906         44755            287        9.107           13      154         44742
   155        45029            293        6.293         45042            293        8.189           13      155         45029
   156        45322            305        6.388         45335            304        8.403           13      156         45322
   157        45627            296        7.223         45639            297        9.510           12      157         45627
   158        45923            280        5.612         45936            279        7.447           13      158         45923
   159        46203            274        5.833         46215            277        8.286           12      159         46203
   160        46477            281        7.869         46492            279       10.943           15      160         46477
   161        46758            278        5.303         46771            280        7.099           13      161         46758
   162        47036            297        6.164         47051            295        8.507           15      162         47036
   163        47333            298        6.563         47346            295        8.473           13      163         47333
   164        47631            287        8.468         47641            291       10.404           10      164         47631
   165        47918            283        7.490         47932            284        9.848           14      165         47918
   166        48201            283        5.903         48216            281        7.939           15      166         48201
   167        48484            280        5.982         48497            281        8.191           13      167         48484
   168        48764            275        6.401         48778            274        8.979           14      168         48764
   169        49039            283        6.228         49052            285        8.384           13      169         49039
   170        49322            295        6.683         49337            293        9.259           15      170         49322
   171        49617            305        6.981         49630            305        9.303           13      171         49617
   172        49922            291        6.623         49935            292        9.107           13      172         49922
   173        50213            277        6.539         50227            279        9.089           14      173         50213
   174        50490            280        5.539         50506            279        8.205           16      174         50490
   175        50770            285        6.681         50785            284        9.249           15      175         50770
   176        51055            283        5.879         51069            282        8.502           14      176         51055
   177        51338            287        6.112         51351            286        8.154           13      177         51338
   178        51625            295        6.110         51637            296        8.744           12      178         51625
   179        51920            295        6.789         51933            295        9.422           13      179         51920
   180        52215            290        6.046         52228            291        8.667           13      180         52215
   181        52505            278        5.249         52519            278        7.637           14      181         52505
   182        52783            278        5.479         52797            280        8.054           14      182         52783
   183        53061            279        5.975         53077            275        8.653           16      183         53061
   184        53340            290        5.243         53352            292        7.522           12      184         53340
   185        53630            292        5.749         53644            292        8.381           14      185         53630
   186        53922            296        6.136         53936            295        8.684           14      186         53922
   187        54218            288        6.252         54231            290        8.595           13      187         54218
   188        54506            277        5.516         54521            278        7.625           15      188         54506
   189        54783            280        5.733         54799            278        8.722           16      189         54783
   190        55063            279        5.666         55077            278        8.204           14      190         55063
   191        55342            282        5.607         55355            282        8.226           13      191         55342
   192        55624            283        7.378         55637            283        9.627           13      192         55624
   193        55907            299        5.143         55920            299        7.752           13      193         55907
   194        56206            295        6.310         56219            294        8.479           13      194         56206
   195        56501            283        6.111         56513            284        8.788           12      195         56501
   196        56784            270        7.537         56797            271       10.642           13      196         56784
   197        57054            278        5.084         57068            277        8.032           14      197         57054
   198        57332            282        6.417         57345            280        9.675           13      198         57332
   199        57614            285        5.232         57625            289        8.018           11      199         57602
   200        57899            292        6.983         57914            291       10.146           15      200         57899
   201        58191            298        5.815         58205            296        8.700           14      201         58191
   202        58489            298        5.749         58501            299        8.448           12      202         58489
   203        58787            289        5.294         58800            290        7.802           13      203         58787
   204        59076            277        4.763         59090            277        7.521           14      204         59065
   205        59353            277        5.225         59367            279        8.023           14      205         59353
   206        59630            288        5.483         59646            285        8.412           16      206         59630
   207        59918            295        4.517         59931            296        7.180           13      207         59907
   208        60213            302        6.448         60227            301        9.771           14      208         60213
   209        60515            301        7.342         60528            302       10.537           13      209         60515
   210        60816            288        5.444         60830            288        8.413           14      210         60816
   211        61104            286        4.512         61118            287        7.256           14      211         61094
   212        61390            288        4.579         61405            287        7.426           15      212         61380
   213        61678            284        5.020         61692            283        8.286           14      213         61668
   214        61962            284        5.748         61975            287        8.964           13      214         61962
   215        62246            300        5.414         62262            300        8.795           16      215         62246
   216        62546            304        5.688         62562            301        9.171           16      216         62546
   217        62850            303        5.159         62863            304        8.524           13      217         62839
   218        63153            284        7.469         63167            285       11.048           14      218         63153
   219        63437            273        3.872         63452            272        7.136           15      219         63427
   220        63710            287        4.123         63724            287        7.254           14      220         63700
   221        63997            290        5.238         64011            290        8.941           14      221         63986
   222        64287            293        4.108         64301            291        7.606           14      222         64276
   223        64580            294        4.990         64592            296        8.639           12      223         64568
   224        64874            299        4.973         64888            298        8.770           14      224         64864
   225        65173            290        4.459         65186            290        7.875           13      225         65163
   226        65463            286        4.043         65476            288        7.596           13      226         65452
   227        65749            280        4.172         65764            278        8.033           15      227         65738
   228        66029            277        7.351         66042            279       11.410           13      228         66029
   229        66306            297        4.807         66321            296        9.006           15      229         66296
   230        66603            188        4.198         66617            189        7.829           14      230         66592
   231        66791            338        5.715         66806            336        9.385           15      231         66791
   232        67129            304        4.688         67142            304        8.376           13      232         67118
   233        67433            294        5.960         67446            294       10.130           13      233         67433
   234        67727            279        4.631         67740            281        8.534           13      234         67715
   235        68006            295        4.490         68021            292        8.923           15      235         67996
   236        68301            292        5.082         68313            292        9.258           12      236         68290
   237        68593            292        4.612         68605            293        8.686           12      237         68582
   238        68885            304        4.208         68898            305        8.060           13      238         68874
   239        69189            314        4.509         69203            312        8.359           14      239         69179
   240        69503            292        5.842         69515            293       10.754           12      240         69491
   241        69795            278        3.801         69808            279        7.707           13      241         69785
   242        70073            283        3.586         70087            281        8.161           14      242         70062
   243        70356            286        4.152         70368            289        8.476           12      243         70345
   244        70642            298        4.067         70657            297        8.758           15      244         70631
   245        70940            299        3.727         70954            298        7.814           14      245         70930
   246        71239            299        4.105         71252            301        8.671           13      246         71227
   247        71538            306        4.452         71553            305        9.217           15      247         71528
   248        71844            293        4.575         71858            291        9.518           14      248         71834
   249        72137            279        3.142         72149            282        7.641           12      249         72127
   250        72416            286        3.464         72431            287        8.182           15      250         72406
   251        72702            295        5.729         72718            291       11.556           16      251         72691
   252        72997            303        3.499         73009            306        8.387           12      252         72986
   253        73300            310        3.552         73315            305        8.205           15      253         73290
   254        73610            301        3.709         73620            301        8.635           10      254         73599
   255        73911            283        5.590         73921            288       11.406           10      255         73898
   256        74194            288        3.739         74209            289        8.657           15      256         74184
   257        74482            284        3.176         74498            281        7.881           16      257         74472
   258        74766            219        3.549         74779            219        8.772           13      258         74755
   259        74985            346        4.328         74998            348        9.934           13      259         74974
   260        75331            300        3.594         75346            298        8.274           15      260         75321
   261        75631            303        3.088         75644            302        8.248           13      261         75621
   262        75934            298        5.044         75946            300       10.075           12      262         75921
   263        76232            282        3.864         76246            282        9.469           14      263         76222
   264        76514            270        3.010         76528            271        7.936           14      264         76504
   265        76784            289        2.953         76799            287        8.338           15      265         76774
   266        77073            292        3.868         77086            293        9.273           13      266         77062
   267        77365            297        5.080         77379            297       10.766           14      267         77353
   268        77662            291        2.509         77676            291        7.636           14      268         77652
   269        77953            297        3.059         77967            298        8.735           14      269         77942
   270        78250            288        3.740         78265            287        9.539           15      270         78239
   271        78538            285        3.152         78552            287        8.891           14      271         78527
   272        78823            275        4.372         78839            273       10.639           16      272         78812
   273        79098            287        2.782         79112            286        8.473           14      273         79088
   274        79385            303        3.480         79398            303        9.297           13      274         79374
   275        79688            302        3.120         79701            304        8.711           13      275         79677
   276        79990            299        2.497         80005            299        8.166           15      276         79980
   277        80289            293        2.809         80304            290        8.987           15      277         80279
   278        80582            285        3.011         80594            286        8.782           12      278         80571
   279        80867            284        2.151         80880            285        7.741           13      279         80857
   280        81151            287        4.338         81165            287       11.071           14      280         81139
   281        81438            291        4.543         81452            291       11.432           14      281         81426
   282        81729            300        3.607         81743            301       10.205           14      282         81718
   283        82029            305        2.276         82044            304        8.282           15      283         82019
   284        82334            301        4.241         82348            302       10.977           14      284         82322
   285        82635            291        2.833         82650            289        8.993           15      285         82625
   286        82926            282        3.032         82939            284        9.170           13      286         82914
   287        83208            283        1.528         83223            282        7.445           15      287         83198
   288        83491            302        2.016         83505            303        8.692           14      288         83480
   289        83793            309        2.895         83808            306        9.491           15      289         83782
   290        84102            304        2.005         84114            306        8.393           12      290         84091
   291        84406            302        1.903         84420            300        8.131           14      291         84395
   292        84708            301        2.469         84720            303        9.150           12      292         84696
   293        85009            293        2.192         85023            290        9.122           14      293         84998
   294        85302            277        1.386         85313            280        7.838           11      294         85289
   295        85579            290        1.510         85593            290        8.712           14      295         85568
   296        85869            302        2.117         85883            301        9.080           14      296         85858
   297        86171            306        1.439         86184            308        8.171           13      297         86160
   298        86477            302        1.259         86492            302        8.032           15      298         86466
   299        86779            299        2.368         86794            298        9.967           15      299         86768
   300        87078            285        4.869         87092            284       13.572           14      300         87066
   301        87363            288        1.373         87376            290        8.339           13      301         87353
   302        87651            289        1.460         87666            287        8.919           15      302         87640
   303        87940            291        2.295         87953            291        9.698           13      303         87929
   304        88231            298        1.438         88244            299        8.686           13      304         88220
   305        88529            304        1.344         88543            302        8.713           14      305         88518
   306        88833            301        1.524         88845            302        8.904           12      306         88822
   307        89134            569        2.590         89147            287       10.032           13      307         89122
   308        89703            284        0.657         89434            283        7.634         -269      308         89410
   309        89987            298        1.618         89717            282        8.339         -270      309         89692
   310        90285            304        1.080         89999            300        9.587         -286      310         89976
   311        90589            294        0.630         90299            303        8.617         -290      311         90274
   312        90883            306        1.205         90602            296        8.109         -281      312         90578
   313        91189            291        1.251         90898            304        8.806         -291      313         90872
   314        91480            565        1.022         91202            291        9.121         -278      314         91177
   315        92045            292        2.826         91493            282        8.250         -552      315         91467
   316        92337            295        0.705         91775            284        8.024         -562      316         91750
   317        92632            311        1.369         92059            290       11.659         -573      317         92034
   318        92943            302        0.427         92349            297        8.831         -594      318         92326
   319        93245            288        0.946         92646            312        9.356         -599      319         92621
   320        93533            861        0.512         92958            300        8.439         -575      320         92933
   321        94394            601        3.767         93258            288        9.094        -1136      321         93234
   322        94995            610        1.629         93546            289        8.497        -1449      322         93522
   323        95605           1140        0.898         93835            281        7.583        -1770      323         93811
   324        96745           1191        1.866         94116            291        8.117        -2629      324         94091
   325        97936           1147        0.451         94407            298       12.788        -3529      325         94381
   326        99083         -99083        1.795         94705            304        8.267        -4378      326         94681
   327            0              0        0.000         95009            302       10.145        95009      327         94983
   328            0              0        0.000         95311            309        8.396        95311      328         95286
   329            0              0        0.000         95620            287        9.593        95620      329         95594
   330            0              0        0.000         95907            276        7.948        95907      330         95882
   331            0              0        0.000         96183            281        7.560        96183      331         96159
   332            0              0        0.000         96464            291        8.073        96464      332         96439
   333            0              0        0.000         96755            307       10.480        96755      333         96732
   334            0              0        0.000         97062            299        7.493        97062      334         97038
   335            0              0        0.000         97361            295        7.502        97361      335         97337
   336            0              0        0.000         97656            292        8.230        97656      336         97632
   337            0              0        0.000         97948            292        8.913        97948      337         97923
   338            0              0        0.000         98240            282        7.513        98240      338         98217
   339            0              0        0.000         98522            279        7.709        98522      339         98497
   340            0              0        0.000         98801            295        8.450        98801      340         98778
   341            0              0        0.000         99096            269       10.886        99096      341         99071
   342            0              0        0.000         99365         -99365        1.470        99365      342         99349
 RMAX =       1.000   Factor d'escala senyal
 PA_RMAX =  167574.609   Factor d'escala senyal    passa_alt
 PB_RMAX =     271.455   Factor d'escala senyal    passa_baix
   n  posicion pa  intervalo  valor    posicion mw  intervalo   valor       retar  n    posi-qrs  paciente = 100    

   frecuencia de muestreo = 360

     1          596            288        0.009            79            542        0.000         -517        1           101
     2          884            278        0.016           621            294        0.000         -263        2           649
     3         1162            284        0.020           915            278        0.000         -247        3           937
     4         1446            289        0.014          1193            281        0.000         -253        4          1215
     5         1735            286        0.019          1474            304        0.000         -261        5          1500
     6         2021            296        0.016          1778            289        0.000         -243        6          1790
     7         2317            288        0.011          2067            273        0.000         -250        7          2080
     8         2605            293        0.016          2340            602        0.000         -265        8          2372
     9         2898            284        0.018          2942            272        0.000           44        9          2953
    10         3182            277        0.022          3214            271        0.000           32       10          3235
    11         3459            279        0.016          3485            297        0.000           26       11          3512
    12         3738            299        0.020          3782            277        0.000           44       12          3793
    13         4037            182        0.017          4059           1479        0.000           22       13          4090
    14         4219            604        0.008          5538           1185        0.000         1319       14          5549
    15         4823            101        0.008          6723            287        0.000         1900       15          6734
    16         4924            287        0.021          7010           1743        0.000         2086       16          7033
    17         5211            281        0.019          8753            297        0.000         3542       17          8764
    18         5492            295        0.020          9050            841        0.000         3558       18          9061
    19         5787            475        0.021          9891            893        0.000         4104       19          9918
    20         6262            106        0.008         10784            597        0.000         4522       20         10795
    21         6368            610        0.021         11381            290        0.000         5013       21         11392
    22         6978            289        0.024         11671            271        0.000         4693       22         11682
    23         7267            559        0.021         11942           1170        0.000         4675       23         11962
    24         7826            291        0.018         13112           1296        0.000         5286       24         13124
    25         8117            488        0.020         14408            728        0.000         6291       25         14375
    26         8605            105        0.009         15136            288        0.000         6531       26         15147
    27         8710            295        0.015         15424            282        0.000         6714       27         15435
    28         9005            306        0.021         15706            282        0.000         6701       28         15719
    29         9311            182        0.023         15988            535        0.000         6677       29         15999
    30         9493            280        0.013         16523           1938        0.000         7030       30         16533
    31         9773             93        0.007         18461            291        0.000         8688       31         18485
    32         9866            181        0.016         18752            279        0.000         8886       32         18763
    33        10047            102        0.009         19031            284        0.000         8984       33         19042
    34        10149            289        0.022         19315            608        0.000         9166       34         19326
    35        10438            185        0.020         19923            576        0.000         9485       35         19934
    36        10623            329        0.011         20499            885        0.000         9876       36         20510
    37        10952             83        0.004         21384            622        0.000        10432       37         21395
    38        11035            207        0.020         22006            306        0.000        10971       38         22019
    39        11242             93        0.009         22312            285        0.000        11070       39         22323
    40        11335            484        0.023         22597            570        0.000        11262       40         22608
    41        11819             91        0.010         23167            591        0.000        11348       41         23180
    42        11910            279        0.019         23758            614        0.000        11848       42         23769
    43        12189            202        0.020         24372            273        0.000        12183       43         24382
    44        12391             85        0.008         24645            283        0.000        12254       44         24655
    45        12476            193        0.024         24928            287        0.000        12452       45         24940
    46        12669             99        0.010         25215            269        0.000        12546       46         25226
    47        12768            298        0.025         25484            578        0.000        12716       47         25494
    48        13066            193        0.019         26062            572        0.000        12996       48         26074
    49        13259            113        0.009         26634           1678        0.000        13375       49         26645
    50        13372            297        0.022         28312            819        0.000        14940       50         28322
    51        13669            277        0.022         29131            275        0.000        15462       51         29142
    52        13946            190        0.021         29406            260        0.000        15460       52         29417
    53        14136            280        0.007         29666            270        0.000        15530       53         29677
    54        14416             97        0.006         29936            291        0.000        15520       54         29950
    55        14513            191        0.022         30227            799        0.000        15714       55         30238
    56        14704            102        0.008         31026            250        0.000        16322       56         31037
    57        14806            187        0.020         31276            249        0.000        16470       57         31287
    58        14993             99        0.012         31525            257        0.000        16532       58         31537
    59        15092            207        0.020         31782            511        0.000        16690       59         31792
    60        15299             79        0.006         32293           1045        0.000        16994       60         32303
    61        15378            200        0.018         33338            760        0.000        17960       61         33348
    62        15578             83        0.004         34098            543        0.000        18520       62         34108
    63        15661            191        0.018         34641            531        0.000        18980       63         34652
    64        15852             91        0.007         35172            526        0.000        19320       64         35182
    65        15943            182        0.018         35698            254        0.000        19755       65         35708
    66        16125             89        0.014         35952            817        0.000        19827       66         35962
    67        16214            267        0.020         36769            839        0.000        20555       67         36780
    68        16481            172        0.020         37608            550        0.000        21127       68         37618
    69        16653             93        0.012         38158            558        0.000        21505       69         38167
    70        16746            189        0.019         38716            881        0.000        21970       70         38727
    71        16935             96        0.010         39597            576        0.000        22662       71         39607
    72        17031            191        0.018         40173            279        0.000        23142       72         40159
    73        17222             95        0.012         40452            290        0.000        23230       73         40438
    74        17317            200        0.021         40742            293        0.000        23425       74         40728
    75        17517             86        0.009         41035            297        0.000        23518       75         41021
    76        17603            181        0.020         41332            282        0.000        23729       76         41318
    77        17784            377        0.006         41614            270        0.000        23830       77         41600
    78        18161            181        0.022         41884            271        0.000        23723       78         41871
    79        18342             90        0.009         42155            262        0.000        23813       79         42142
    80        18432            274        0.026         42417            259        0.000        23985       80         42403
    81        18706            178        0.027         42676            265        0.000        23970       81         42662
    82        18884            303        0.007         42941            272        0.000        24057       82         42926
    83        19187             84        0.007         43213            266        0.000        24026       83         43198
    84        19271            296        0.024         43479            263        0.000        24208       84         43465
    85        19567            309        0.024         43742            257        0.000        24175       85         43729
    86        19876            301        0.022         43999            251        0.000        24123       86         43983
    87        20177            278        0.021         44250            249        0.000        24073       87         44234
    88        20455            582        0.021         44499            258        0.000        24044       88         44485
    89        21037            301        0.017         44757            260        0.000        23720       89         44744
    90        21338            310        0.023         45017            273        0.000        23679       90         45005
    91        21648            308        0.023         45290            275        0.000        23642       91         45276
    92        21956            596        0.019         45565            280        0.000        23609       92         45551
    93        22552            285        0.022         45845            270        0.000        23293       93         45830
    94        22837            284        0.022         46115            264        0.000        23278       94         46100
    95        23121            290        0.017         46379            256        0.000        23258       95         46366
    96        23411            298        0.024         46635            267        0.000        23224       96         46621
    97        23709            312        0.022         46902            276        0.000        23193       97         46889
    98        24021            304        0.017         47178            289        0.000        23157       98         47164
    99        24325            272        0.018         47467            279        0.000        23142       99         47456
   100        24597            283        0.024         47746            278        0.000        23149      100         47732
   101        24880            287        0.012         48024            275        0.000        23144      101         48009
   102        25167            273        0.014         48299            267        0.000        23132      102         48284
   103        25440            276        0.024         48566            264        0.000        23126      103         48551
   104        25716            592        0.022         48830            265        0.000        23114      104         48818
   105        26308            283        0.020         49095            276        0.000        22787      105         49083
   106        26591            274        0.021         49371            277        0.000        22780      106         49356
   107        26865            274        0.016         49648            290        0.000        22783      107         49635
   108        27139            266        0.019         49938            286        0.000        22799      108         49923
   109        27405            860        0.020         50224            277        0.000        22819      109         50207
   110        28265            290        0.019         50501            262        0.000        22236      110         50487
   111        28555            529        0.015         50763            271        0.000        22208      111         50749
   112        29084            279        0.008         51034            274        0.000        21950      112         51022
   113        29363            526        0.004         51308            273        0.000        21945      113         51294
   114        29889            289        0.014         51581            274        0.000        21692      114         51568
   115        30178            277        0.011         51855            285        0.000        21677      115         51841
   116        30455            261        0.014         52140            293        0.000        21685      116         52126
   117        30716            265        0.015         52433            274        0.000        21717      117         52419
   118        30981            500        0.013         52707            263        0.000        21726      118         52693
   119        31481            254        0.014         52970            273        0.000        21489      119         52956
   120        31735            254        0.009         53243            271        0.000        21508      120         53229
   121        31989            255        0.010         53514            581        0.000        21525      121         53500
   122        32244            536        0.010         54095            282        0.000        21851      122         54081
   123        32780            262        0.007         54377            550        0.000        21597      123         54363
   124        33042            505        0.012         54927            277        0.000        21885      124         54912
   125        33547            249        0.011         55204           1117        0.000        21657      125         55189
   126        33796            255        0.010         56321            279        0.000        22525      126         56307
   127        34051            542        0.007         56600            267        0.000        22549      127         56584
   128        34593            264        0.012         56867            262        0.000        22274      128         56851
   129        34857            266        0.010         57129            252        0.000        22272      129         57113
   130        35123            277        0.010         57381            257        0.000        22258      130         57367
   131        35400            253        0.008         57638            264        0.000        22238      131         57625
   132        35653            254        0.009         57902            261        0.000        22249      132         57887
   133        35907            263        0.009         58163            264        0.000        22256      133         58149
   134        36170            272        0.010         58427            265        0.000        22257      134         58414
   135        36442            279        0.008         58692            273        0.000        22250      135         58679
   136        36721            287        0.012         58965            255        0.000        22244      136         58952
   137        37008            285        0.011         59220            487        0.000        22212      137         59208
   138        37293            272        0.004         59707            251        0.000        22414      138         59693
   139        37565            272        0.011         59958            254        0.000        22393      139         59944
   140        37837            556        0.008         60212            259        0.000        22375      140         60198
   141        38393            274        0.007         60471            262        0.000        22078      141         60457
   142        38667            297        0.010         60733            259        0.000        22066      142         60720
   143        38964            293        0.009         60992            497        0.000        22028      143         60979
   144        39257            290        0.004         61489            248        0.000        22232      144         61474
   145        39547            284        0.010         61737            248        0.000        22190      145         61724
   146        39831            328        0.009         61985            246        0.000        22154      146         61973
   147        40159            279        0.144         62231            538        0.000        22072      147         62219
   148        40438            290        0.153         62769            272        0.000        22331      148         62754
   149        40728            293        0.137         63041            264        0.000        22313      149         63028
   150        41021            297        0.211         63305            522        0.000        22284      150         63292
   151        41318            282        0.152         63827            270        0.000        22509      151         63812
   152        41600            271        0.153         64097            264        0.000        22497      152         64081
   153        41871            271        0.142         64361            271        0.000        22490      153         64348
   154        42142            261        0.150         64632            285        0.000        22490      154         64618
   155        42403            259        0.207         64917            276        0.000        22514      155         64901
   156        42662            264        0.131         65193            270        0.000        22531      156         65180
   157        42926            272        0.156         65463            517        0.000        22537      157         65450
   158        43198            267        0.162         65980            784        0.000        22782      158         65965
   159        43465            264        0.138         66764            270        0.000        23299      159         66751
   160        43729            254        0.155         67034           2184        0.000        23305      160         67020
   161        43983            251        0.136         69218            299        0.000        25235      161         69203
   162        44234            251        0.150         69517           1124        0.000        25283      162         69503
   163        44485            259        0.155         70641           1463        0.000        26156      163         70626
   164        44744            261        0.143         72104            550        0.000        27360      164         72091
   165        45005            271        0.155         72654            562        0.000        27649      165         72640
   166        45276            275        0.160         73216            868        0.000        27940      166         73200
   167        45551            279        0.164         74084            279        0.000        28533      167         74071
   168        45830            270        0.149         74363            822        0.000        28533      168         74348
   169        46100            266        0.156         75185           1694        0.000        29085      169         75170
   170        46366            255        0.154         76879            280        0.000        30513      170         76864
   171        46621            268        0.138         77159            273        0.000        30538      171         77146
   172        46889            275        0.149         77432            276        0.000        30543      172         77417
   173        47164            292        0.163         77708            274        0.000        30544      173         77694
   174        47456            276        0.169         77982            273        0.000        30526      174         77967
   175        47732            277        0.161         78255            274        0.000        30523      175         78242
   176        48009            275        0.187         78529            266        0.000        30520      176         78516
   177        48284            267        0.167         78795            254        0.000        30511      177         78778
   178        48551            267        0.162         79049            257        0.000        30498      178         79035
   179        48818            265        0.156         79306            268        0.000        30488      179         79297
   180        49083            273        0.217         79574            545        0.000        30491      180         79560
   181        49356            279        0.178         80119            275        0.000        30763      181         80107
   182        49635            288        0.167         80394            782        0.000        30759      182         80381
   183        49923            284        0.222         81176            261        0.000        31253      183         81163
   184        50207            280        0.167         81437            819        0.000        31230      184         81424
   185        50487            262        0.168         82256            287        0.000        31769      185         82242
   186        50749            273        0.152         82543            544        0.000        31794      186         82530
   187        51022            272        0.160         83087            272        0.000        32065      187         83073
   188        51294            274        0.158         83359            271        0.000        32065      188         83343
   189        51568            273        0.166         83630            881        0.000        32062      189         83615
   190        51841            285        0.153         84511            290        0.000        32670      190         84498
   191        52126            293        0.155         84801            294        0.000        32675      191         84791
   192        52419            274        0.223         85095           1776        0.000        32676      192         85080
   193        52693            263        0.157         86871           1438        0.000        34178      193         86856
   194        52956            273        0.158         88309            604        0.000        35353      194         88296
   195        53229            271        0.157         88913            863        0.000        35684      195         88898
   196        53500            286        0.158         89776            582        0.000        36276      196         89762
   197        53786            295        0.151         90358           1195        0.000        36572      197         90343
   198        54081            282        0.152         91553            575        0.000        37472      198         91539
   199        54363            278        0.156         92128            277        0.000        37765      199         92114
   200        54641            271        0.151         92405            304        0.000        37764      200         92393
   201        54912            277        0.162         92709           1727        0.000        37797      201         92696
   202        55189            271        0.156         94436            291        0.000        39247      202         94422
   203        55460            268        0.148         94727            582        0.000        39267      203         94713
   204        55728            282        0.139         95309            293        0.000        39581      204         95293
   205        56010            297        0.154         95602            287        0.000        39592      205         95587
   206        56307            277        0.178         95889            270        0.000        39582      206         95875
   207        56584            267        0.177         96159            553        0.000        39575      207         96145
   208        56851            262        0.165         96712            288        0.000        39861      208         96697
   209        57113            254        0.168         97000            578        0.000        39887      209         96988
   210        57367            258        0.163         97578            285        0.000        40211      210         97566
   211        57625            262        0.156         97863            285        0.000        40238      211         97851
   212        57887            262        0.182         98148            534        0.000        40261      212         98133
   213        58149            265        0.193         98682            275        0.000        40533      213         98668
   214        58414            265        0.174         98957            280        0.000        40543      214         98943
   215        58679            273        0.158         99237         -99237        0.000        40558      215         99223
   216        58952            256        0.217             0              0       -0.000       -58952      216             0
   217        59208            240        0.188             0              0       -0.000       -59208      217             0
   218        59448            245        0.159             0              0       -0.000       -59448      218             0
   219        59693            251        0.186             0              0       -0.000       -59693      219             0
   220        59944            254        0.197             0              0       -0.000       -59944      220             0
   221        60198            259        0.186             0              0       -0.000       -60198      221             0
   222        60457            263        0.171             0              0       -0.000       -60457      222             0
   223        60720            259        0.166             0              0       -0.000       -60720      223             0
   224        60979            247        0.184             0              0       -0.000       -60979      224             0
   225        61226            248        0.158             0              0       -0.000       -61226      225             0
   226        61474            250        0.193             0              0       -0.000       -61474      226             0
   227        61724            249        0.157             0              0       -0.000       -61724      227             0
   228        61973            246        0.175             0              0       -0.000       -61973      228             0
   229        62219            264        0.185             0              0       -0.000       -62219      229             0
   230        62483            271        0.155             0              0       -0.000       -62483      230             0
   231        62754            274        0.163             0              0       -0.000       -62754      231             0
   232        63028            264        0.186             0              0       -0.000       -63028      232             0
   233        63292            520        0.160             0              0       -0.000       -63292      233             0
   234        63812            269        0.153             0              0       -0.000       -63812      234             0
   235        64081            267        0.192             0              0       -0.000       -64081      235             0
   236        64348            270        0.168             0              0       -0.000       -64348      236             0
   237        64618            283        0.159             0              0       -0.000       -64618      237             0
   238        64901            279        0.175             0              0       -0.000       -64901      238             0
   239        65180            270        0.188             0              0       -0.000       -65180      239             0
   240        65450            515        0.173             0              0       -0.000       -65450      240             0
   241        65965            786        0.167             0              0       -0.000       -65965      241             0
   242        66751            269        0.192             0              0       -0.000       -66751      242             0
   243        67020           2183        0.155             0              0       -0.000       -67020      243             0
   244        69203            300        0.155             0              0       -0.000       -69203      244             0
   245        69503           1123        0.177             0              0       -0.000       -69503      245             0
   246        70626           1465        0.217             0              0       -0.000       -70626      246             0
   247        72091           1109        0.190             0              0       -0.000       -72091      247             0
   248        73200            871        0.184             0              0       -0.000       -73200      248             0
   249        74071            277        0.195             0              0       -0.000       -74071      249             0
   250        74348            823        0.185             0              0       -0.000       -74348      250             0
   251        75171            571        0.160             0              0       -0.000       -75171      251             0
   252        75742           1404        0.161             0              0       -0.000       -75742      252             0
   253        77146            271        0.181             0              0       -0.000       -77146      253             0
   254        77417            277        0.215             0              0       -0.000       -77417      254             0
   255        77694            273        0.175             0              0       -0.000       -77694      255             0
   256        77967            275        0.196             0              0       -0.000       -77967      256             0
   257        78242            274        0.169             0              0       -0.000       -78242      257             0
   258        78516            262        0.188             0              0       -0.000       -78516      258             0
   259        78778            257        0.207             0              0       -0.000       -78778      259             0
   260        79035            262        0.178             0              0       -0.000       -79035      260             0
   261        79297            263        0.191             0              0       -0.000       -79297      261             0
   262        79560            276        0.188             0              0       -0.000       -79560      262             0
   263        79836            271        0.172             0              0       -0.000       -79836      263             0
   264        80107            274        0.176             0              0       -0.000       -80107      264             0
   265        80381            265        0.190             0              0       -0.000       -80381      265             0
   266        80646            256        0.164             0              0       -0.000       -80646      266             0
   267        80902            261        0.155             0              0       -0.000       -80902      267             0
   268        81163            261        0.173             0              0       -0.000       -81163      268             0
   269        81424            531        0.182             0              0       -0.000       -81424      269             0
   270        81955            287        0.163             0              0       -0.000       -81955      270             0
   271        82242            288        0.181             0              0       -0.000       -82242      271             0
   272        82530            274        0.188             0              0       -0.000       -82530      272             0
   273        82804            269        0.154             0              0       -0.000       -82804      273             0
   274        83073            270        0.226             0              0       -0.000       -83073      274             0
   275        83343            272        0.179             0              0       -0.000       -83343      275             0
   276        83615            285        0.235             0              0       -0.000       -83615      276             0
   277        83900            294        0.163             0              0       -0.000       -83900      277             0
   278        84194            304        0.168             0              0       -0.000       -84194      278             0
   279        84498            293        0.188             0              0       -0.000       -84498      279             0
   280        84791            289        0.220             0              0       -0.000       -84791      280             0
   281        85080            288        0.189             0              0       -0.000       -85080      281             0
   282        85368            284        0.163             0              0       -0.000       -85368      282             0
   283        85652            280        0.172             0              0       -0.000       -85652      283             0
   284        85932            297        0.175             0              0       -0.000       -85932      284             0
   285        86229            318        0.177             0              0       -0.000       -86229      285             0
   286        86547            309        0.170             0              0       -0.000       -86547      286             0
   287        86856            290        0.181             0              0       -0.000       -86856      287             0
   288        87146            290        0.155             0              0       -0.000       -87146      288             0
   289        87436            288        0.163             0              0       -0.000       -87436      289             0
   290        87724            286        0.173             0              0       -0.000       -87724      290             0
   291        88010            286        0.164             0              0       -0.000       -88010      291             0
   292        88296            295        0.235             0              0       -0.000       -88296      292             0
   293        88591            307        0.168             0              0       -0.000       -88591      293             0
   294        88898            302        0.206             0              0       -0.000       -88898      294             0
   295        89200            282        0.174             0              0       -0.000       -89200      295             0
   296        89482            280        0.164             0              0       -0.000       -89482      296             0
   297        89762            287        0.185             0              0       -0.000       -89762      297             0
   298        90049            294        0.163             0              0       -0.000       -90049      298             0
   299        90343            305        0.167             0              0       -0.000       -90343      299             0
   300        90648            299        0.166             0              0       -0.000       -90648      300             0
   301        90947            301        0.171             0              0       -0.000       -90947      301             0
   302        91248            291        0.160             0              0       -0.000       -91248      302             0
   303        91539            292        0.173             0              0       -0.000       -91539      303             0
   304        91831            283        0.160             0              0       -0.000       -91831      304             0
   305        92114            279        0.204             0              0       -0.000       -92114      305             0
   306        92393            303        0.160             0              0       -0.000       -92393      306             0
   307        92696            304        0.179             0              0       -0.000       -92696      307             0
   308        93000            294        0.168             0              0       -0.000       -93000      308             0
   309        93294            571        0.164             0              0       -0.000       -93294      309             0
   310        93865            277        0.164             0              0       -0.000       -93865      310             0
   311        94142            280        0.162             0              0       -0.000       -94142      311             0
   312        94422            291        0.169             0              0       -0.000       -94422      312             0
   313        94713            287        0.180             0              0       -0.000       -94713      313             0
   314        95000            293        0.163             0              0       -0.000       -95000      314             0
   315        95293            294        0.182             0              0       -0.000       -95293      315             0
   316        95587            288        0.236             0              0       -0.000       -95587      316             0
   317        95875            270        0.212             0              0       -0.000       -95875      317             0
   318        96145            552        0.198             0              0       -0.000       -96145      318             0
   319        96697            291        0.198             0              0       -0.000       -96697      319             0
   320        96988            291        0.197             0              0       -0.000       -96988      320             0
   321        97279            287        0.176             0              0       -0.000       -97279      321             0
   322        97566            285        0.181             0              0       -0.000       -97566      322             0
   323        97851            282        0.207             0              0       -0.000       -97851      323             0
   324        98133            535        0.190             0              0       -0.000       -98133      324             0
   325        98668            275        0.174             0              0       -0.000       -98668      325             0
   326        98943            280        0.239             0              0       -0.000       -98943      326             0
   327        99223         -99223        0.200             0              0       -0.000       -99223      327             0
 RMAX =       1.000   Factor d'escala senyal
 PA_RMAX =  -46511.855   Factor d'escala senyal    passa_alt
 PB_RMAX =  -46498.984   Factor d'escala senyal    passa_baix
   n  posicion pa  intervalo  valor    posicion mw  intervalo   valor       retar  n    posi-qrs  paciente = 100    

   frecuencia de muestreo = 360

     1          738            267        0.185           209            279        0.000         -529        1           231
     2         1005            273        0.167           488            276        0.000         -517        2           514
     3         1278            543        0.177           764            274        0.000         -514        3           792
     4         1821            269        0.144          1038            284        0.000         -783        4          1058
     5         2090            286        0.158          1322            255        0.000         -768        5          1333
     6         2376            276        0.180          1577            268        0.000         -799        6          1601
     7         2652            271        0.142          1845            294        0.000         -807        7          1873
     8         2923            263        0.228          2139            281        0.000         -784        8          2153
     9         3186            536        0.176          2420            279        0.000         -766        9          2432
    10         3722            273        0.188          2699            274        0.000        -1023       10          2710
    11         3995            280        0.196          2973            262        0.000        -1022       11          2984
    12         4275            285        0.205          3235            260        0.000        -1040       12          3245
    13         4560            285        0.148          3495            272        0.000        -1065       13          3506
    14         4845            556        0.204          3767            273        0.000        -1078       14          3778
    15         5401            281        0.183          4040            284        0.000        -1361       15          4053
    16         5682            274        0.165          4324            264        0.000        -1358       16          4335
    17         5956            276        0.187          4588            286        0.000        -1368       17          4621
    18         6232            305        0.164          4874            295        0.000        -1358       18          4907
    19         6537            297        0.203          5169            280        0.000        -1368       19          5180
    20         6834            284        0.167          5449            279        0.000        -1385       20          5460
    21         7118            283        0.186          5728            272        0.000        -1390       21          5738
    22         7401            271        0.182          6000            282        0.000        -1401       22          6013
    23         7672            275        0.153          6282            284        0.000        -1390       23          6293
    24         7947            280        0.115          6566            317        0.000        -1381       24          6597
    25         8227            280        0.170          6883            273        0.000        -1344       25          6898
    26         8507            288        0.144          7156            269        0.000        -1351       26          7176
    27         8795            309        0.171          7425            292        0.000        -1370       27          7455
    28         9104            284        0.119          7717            263        0.000        -1387       28          7727
    29         9388            543        0.158          7980            291        0.000        -1408       29          8006
    30         9931            547        0.150          8271            270        0.000        -1660       30          8283
    31        10478            293        0.181          8541            285        0.000        -1937       31          8568
    32        10771            583        0.169          8826            324        0.000        -1945       32          8860
    33        11354            285        0.122          9150            283        0.000        -2204       33          9163
    34        11639            276        0.151          9433            273        0.000        -2206       34          9443
    35        11915            278        0.139          9706            271        0.000        -2209       35          9716
    36        12193            275        0.117          9977            274        0.000        -2216       36          9987
    37        12468            279        0.135         10251            277        0.000        -2217       37         10261
    38        12747            285        0.128         10528            273        0.000        -2219       38         10539
    39        13032            296        0.115         10801            295        0.000        -2231       39         10831
    40        13328            280        0.111         11096            305        0.000        -2232       40         11122
    41        13608            277        0.126         11401            282        0.000        -2207       41         11412
    42        13885            277        0.103         11683            279        0.000        -2202       42         11695
    43        14162            278        0.124         11962            276        0.000        -2200       43         11973
    44        14440            267        0.108         12238            274        0.000        -2202       44         12248
    45        14707            280        0.119         12512            281        0.000        -2195       45         12524
    46        14987            286        0.112         12793            289        0.000        -2194       46         12803
    47        15273            282        0.099         13082            848        0.000        -2191       47         13093
    48        15555            291        0.076         13930            276        0.000        -1625       48         13941
    49        15846            274        0.119         14206            548        0.000        -1640       49         14217
    50        16120            273        0.110         14754            568        0.000        -1366       50         14765
    51        16393            271        0.115         15322            571        0.000        -1071       51         15333
    52        16664            275        0.055         15893            274        0.000         -771       52         15904
    53        16939            288        0.127         16167           1111        0.000         -772       53         16177
    54        17227            294        0.121         17278            290        0.000           51       54         17289
    55        17521            289        0.086         17568            570        0.000           47       55         17580
    56        17810            280        0.086         18138            281        0.000          328       56         18148
    57        18090            564        0.104         18419            278        0.000          329       57         18429
    58        18654            275        0.107         18697            270        0.000           43       58         18707
    59        18929            277        0.078         18967           1434        0.000           38       59         18986
    60        19206            294        0.092         20401            541        0.000         1195       60         20411
    61        19500            587        0.090         20942            299        0.000         1442       61         20968
    62        20087            269        0.044         21241            285        0.000         1154       62         21252
    63        20356            274        0.099         21526            592        0.000         1170       63         21537
    64        20630            282        0.097         22118            287        0.000         1488       64         22130
    65        20912            284        0.038         22405            550        0.000         1493       65         22416
    66        21196            280        0.088         22955            554        0.000         1759       66         22966
    67        21476            597        0.087         23509            585        0.000         2033       67         23520
    68        22073            286        0.057         24094            285        0.000         2021       68         24105
    69        22359            280        0.111         24379            277        0.000         2020       69         24390
    70        22639            550        0.073         24656            556        0.000         2017       70         24667
    71        23189            271        0.052         25212            264        0.000         2023       71         25222
    72        23460            294        0.091         25476            279        0.000         2016       72         25486
    73        23754            578        0.098         25755            588        0.000         2001       73         25768
    74        24332            276        0.073         26343            280        0.000         2011       74         26354
    75        24608            284        0.082         26623            278        0.000         2015       75         26634
    76        24892            274        0.076         26901            551        0.000         2009       76         26911
    77        25166            262        0.026         27452            547        0.000         2286       77         27463
    78        25428            279        0.070         27999            572        0.000         2571       78         28012
    79        25707            587        0.076         28571            283        0.000         2864       79         28583
    80        26294            282        0.047         28854            813        0.000         2560       80         28866
    81        26576            279        0.078         29667            277        0.000         3091       81         29677
    82        26855            273        0.074         29944            579        0.000         3089       82         29955
    83        27128            277        0.020         30523            565        0.000         3395       83         30533
    84        27405            270        0.038         31088           1101        0.000         3683       84         31098
    85        27675            279        0.040         32189            593        0.000         4514       85         32200
    86        27954            572        0.030         32782            285        0.000         4828       86         32797
    87        28526            283        0.032         33067            275        0.000         4541       87         33077
    88        28809            812        0.015         33342            277        0.000         4533       88         33352
    89        29621            276        0.032         33619           1111        0.000         3998       89         33629
    90        29897            289        0.034         34730            849        0.000         4833       90         34740
    91        30186            570        0.021         35579            265        0.000         5393       91         35590
    92        30756            285        0.057         35844            269        0.000         5088       92         35854
    93        31041            822        0.046         36113           1423        0.000         5072       93         36123
    94        31863            872        0.014         37536            554        0.000         5673       94         37547
    95        32735           7314        0.025         38090            264        0.000         5355       95         38104
    96        40049            274        1.556         38354            279        0.000        -1695       96         38366
    97        40323            273        1.223         38633            864        0.000        -1690       97         38644
    98        40596            276        1.396         39497            567        0.000        -1099       98         39509
    99        40872            285        1.163         40064            274        0.000         -808       99         40049
   100        41157            279        1.454         40338            271        0.000         -819      100         40323
   101        41436            270        2.036         40609            278        0.000         -827      101         40596
   102        41706            274        1.610         40887            284        0.000         -819      102         40872
   103        41980            268        1.135         41171            547        0.000         -809      103         41157
   104        42248            256        1.699         41718            276        0.000         -530      104         41706
   105        42504            253        1.237         41994            268        0.000         -510      105         41980
   106        42757            270        1.175         42262            258        0.000         -495      106         42248
   107        43027            267        1.508         42520            254        0.000         -507      107         42504
   108        43294            259        1.549         42774            267        0.000         -520      108         42757
   109        43553            259        1.279         43041            269        0.000         -512      109         43027
   110        43812            259        1.174         43310            256        0.000         -502      110         43294
   111        44071            247        1.347         43566            261        0.000         -505      111         43553
   112        44318            252        1.395         43827            257        0.000         -491      112         43812
   113        44570            257        1.146         44084            247        0.000         -486      113         44071
   114        44827            255        1.239         44331            253        0.000         -496      114         44318
   115        45082            265        1.393         44584            256        0.000         -498      115         44570
   116        45347            283        1.300         44840            258        0.000         -507      116         44827
   117        45630            270        1.184         45098            263        0.000         -532      117         45082
   118        45900            268        1.472         45361            281        0.000         -539      118         45347
   119        46168            255        1.405         45642            274        0.000         -526      119         45630
   120        46423            262        1.353         45916            264        0.000         -507      120         45900
   121        46685            269        1.539         46180            259        0.000         -505      121         46168
   122        46954            276        1.265         46439            261        0.000         -515      122         46423
   123        47230            274        1.647         46700            268        0.000         -530      123         46685
   124        47504            287        1.414         46968            276        0.000         -536      124         46954
   125        47791            295        1.189         47244            272        0.000         -547      125         47230
   126        48086            288        1.180         47516            286        0.000         -570      126         47504
   127        48374            266        1.315         47802            300        0.000         -572      127         47791
   128        48640            268        1.397         48102            284        0.000         -538      128         48086
   129        48908            272        1.169         48386            267        0.000         -522      129         48374
   130        49180            276        1.081         48653            267        0.000         -527      130         48640
   131        49456            283        1.284         48920            549        0.000         -536      131         48908
   132        49739            286        1.379         49469            283        0.000         -270      132         49456
   133        50025            292        1.156         49752            860        0.000         -273      133         49739
   134        50317            280        1.153         50612            273        0.000          295      134         50597
   135        50597            275        1.808         50885            557        0.000          288      135         50872
   136        50872            273        1.207         51442            283        0.000          570      136         51427
   137        51145            282        1.110         51725            288        0.000          580      137         51712
   138        51427            285        1.125         52013            880        0.000          586      138         51997
   139        51712            285        1.317         52893            269        0.000         1181      139         52880
   140        51997            300        1.506         53162            577        0.000         1165      140         53149
   141        52297            302        1.184         53739            296        0.000         1442      141         53724
   142        52599            281        1.078         54035            286        0.000         1436      142         54024
   143        52880            269        1.205         54321            290        0.000         1441      143         54307
   144        53149            284        1.393         54611            301        0.000         1462      144         54598
   145        53433            291        1.069         54912            281        0.000         1479      145         54895
   146        53724            300        1.179         55193            268        0.000         1469      146         55180
   147        54024            283        1.323         55461            273        0.000         1437      147         55449
   148        54307            291        1.262         55734            609        0.000         1427      148         55721
   149        54598            297        1.235         56343            276        0.000         1745      149         56330
   150        54895            285        1.176         56619            285        0.000         1724      150         56609
   151        55180            269        1.206         56904            288        0.000         1724      151         56892
   152        55449            272        1.183         57192            554        0.000         1743      152         57177
   153        55721            303        1.204         57746            280        0.000         2025      153         57734
   154        56024            306        1.160         58026            285        0.000         2002      154         58011
   155        56330            279        1.351         58311            298        0.000         1981      155         58299
   156        56609            283        1.363         58609            810        0.000         2000      156         58597
   157        56892            285        1.244         59419            258        0.000         2527      157         59405
   158        57177            289        1.432         59677            782        0.000         2500      158         59665
   159        57466            268        1.161         60459            273        0.000         2993      159         60444
   160        57734            277        1.295         60732            262        0.000         2998      160         60719
   161        58011            288        1.184         60994            535        0.000         2983      161         60980
   162        58299            298        1.266         61529            258        0.000         3230      162         61515
   163        58597            282        1.542         61787            518        0.000         3190      163         61773
   164        58879            269        1.108         62305            279        0.000         3426      164         62291
   165        59148            257        0.939         62584            285        0.000         3436      165         62571
   166        59405            260        1.256         62869            275        0.000         3464      166         62856
   167        59665            252        1.215         63144            276        0.000         3479      167         63129
   168        59917            259        1.189         63420            274        0.000         3503      168         63407
   169        60176            268        1.041         63694            276        0.000         3518      169         63680
   170        60444            275        1.534         63970            545        0.000         3526      170         63955
   171        60719            261        1.282         64515            289        0.000         3796      171         64501
   172        60980            270        1.176         64804            288        0.000         3824      172         64789
   173        61250            265        1.082         65092            859        0.000         3842      173         65080
   174        61515            258        1.170         65951            274        0.000         4436      174         65938
   175        61773            251        1.277         66225            877        0.000         4452      175         66211
   176        62024            267        1.105         67102            297        0.000         5078      176         67091
   177        62291            280        1.290         67399            293        0.000         5108      177         67386
   178        62571            285        1.206         67692            576        0.000         5121      178         67677
   179        62856            273        1.297         68268            281        0.000         5412      179         68254
   180        63129            278        1.274         68549            583        0.000         5420      180         68538
   181        63407            273        1.231         69132            299        0.000         5725      181         69118
   182        63680            275        1.241         69431            282        0.000         5751      182         69417
   183        63955            272        1.210         69713            284        0.000         5758      183         69699
   184        64227            274        1.027         69997            279        0.000         5770      184         69983
   185        64501            288        1.188         70276            278        0.000         5775      185         70262
   186        64789            291        1.197         70554            283        0.000         5765      186         70541
   187        65080            290        1.255         70837            575        0.000         5757      187         70823
   188        65370            286        1.057         71412            862        0.000         6042      188         71399
   189        65656            282        0.993         72274            549        0.000         6618      189         72260
   190        65938            273        1.039         72823            287        0.000         6885      190         72809
   191        66211            290        1.475         73110            295        0.000         6899      191         73095
   192        66501            292        0.976         73405            290        0.000         6904      192         73392
   193        66793            298        0.944         73695            596        0.000         6902      193         73683
   194        67091            295        1.194         74291            285        0.000         7200      194         74266
   195        67386            291        1.162         74576            270        0.000         7190      195         74562
   196        67677            290        1.021         74846            870        0.000         7169      196         74833
   197        67967            287        0.869         75716            297        0.000         7749      197         75703
   198        68254            284        1.007         76013            569        0.000         7759      198         75999
   199        68538            276        1.014         76582            273        0.000         8044      199         76558
   200        68814            304        0.890         76855            267        0.000         8041      200         76842
   201        69118            299        1.000         77122            566        0.000         8004      201         77110
   202        69417            282        1.090         77688            281        0.000         8271      202         77674
   203        69699            284        1.040         77969            284        0.000         8270      203         77955
   204        69983            279        0.926         78253            302        0.000         8270      204         78243
   205        70262            279        0.950         78555            286        0.000         8293      205         78530
   206        70541            282        0.947         78841            260        0.000         8300      206         78827
   207        70823            285        1.225         79101            276        0.000         8278      207         79088
   208        71108            291        0.887         79377            287        0.000         8269      208         79362
   209        71399            297        1.345         79664            603        0.000         8265      209         79650
   210        71696            293        0.880         80267            285        0.000         8571      210         80253
   211        71989            271        0.861         80552            281        0.000         8563      211         80537
   212        72260            273        0.932         80833            539        0.000         8573      212         80821
   213        72533            276        0.843         81372            288        0.000         8839      213         81357
   214        72809            286        0.839         81660            303        0.000         8851      214         81648
   215        73095            297        0.970         81963            600        0.000         8868      215         81950
   216        73392            291        1.405         82563            293        0.000         9171      216         82549
   217        73683            289        1.008         82856            826        0.000         9173      217         82840
   218        73972            306        0.860         83682            285        0.000         9710      218         83672
   219        74278            284        0.940         83967            283        0.000         9689      219         83952
   220        74562            271        0.947         84250            300        0.000         9688      220         84229
   221        74833            281        0.948         84550            576        0.000         9717      221         84535
   222        75114            292        0.907         85126            269        0.000        10012      222         85111
   223        75406            297        0.893         85395            276        0.000         9989      223         85382
   224        75703            296        1.034         85671            556        0.000         9968      224         85644
   225        75999            292        0.939         86227            300        0.000        10228      225         86203
   226        76291            279        0.883         86527            287        0.000        10236      226         86512
   227        76570            272        0.944         86814            849        0.000        10244      227         86802
   228        76842            268        1.070         87663            272        0.000        10821      228         87649
   229        77110            278        1.025         87935            282        0.000        10825      229         87913
   230        77388            286        0.824         88217            587        0.000        10829      230         88202
   231        77674            281        0.992         88804            303        0.000        11130      231         88792
   232        77955            288        1.122         89107            290        0.000        11152      232         89095
   233        78243            298        1.237         89397            848        0.000        11154      233         89372
   234        78541            286        0.917         90245            285        0.000        11704      234         90232
   235        78827            261        1.293         90530            891        0.000        11703      235         90504
   236        79088            274        1.176         91421           1139        0.000        12333      236         91398
   237        79362            288        1.253         92560            297        0.000        13198      237         92549
   238        79650            307        1.000         92857            293        0.000        13207      238         92846
   239        79957            296        0.890         93150            585        0.000        13193      239         93123
   240        80253            284        1.403         93735           1130        0.000        13482      240         93709
   241        80537            284        1.271         94865           1445        0.000        14328      241         94839
   242        80821            194        1.047         96310           2591        0.000        15489      242         96284
   243        81015            342        0.919         98901         -98901        0.000        17886      243         98876
   244        81357            291        1.293             0              0       -0.000       -81357      244             0
   245        81648            302        1.432             0              0       -0.000       -81648      245             0
   246        81950            304        1.013             0              0       -0.000       -81950      246             0
   247        82254            295        0.877             0              0       -0.000       -82254      247             0
   248        82549            291        1.134             0              0       -0.000       -82549      248             0
   249        82840            281        1.155             0              0       -0.000       -82840      249             0
   250        83121            273        0.933             0              0       -0.000       -83121      250             0
   251        83394            278        0.852             0              0       -0.000       -83394      251             0
   252        83672            280        1.189             0              0       -0.000       -83672      252             0
   253        83952            288        1.223             0              0       -0.000       -83952      253             0
   254        84240            295        1.060             0              0       -0.000       -84240      254             0
   255        84535            293        1.011             0              0       -0.000       -84535      255             0
   256        84828            283        0.889             0              0       -0.000       -84828      256             0
   257        85111            271        1.095             0              0       -0.000       -85111      257             0
   258        85382            273        1.137             0              0       -0.000       -85382      258             0
   259        85655            275        0.996             0              0       -0.000       -85655      259             0
   260        85930            287        1.051             0              0       -0.000       -85930      260             0
   261        86217            295        1.038             0              0       -0.000       -86217      261             0
   262        86512            290        1.161             0              0       -0.000       -86512      262             0
   263        86802            290        1.137             0              0       -0.000       -86802      263             0
   264        87092            283        0.981             0              0       -0.000       -87092      264             0
   265        87375            274        0.864             0              0       -0.000       -87375      265             0
   266        87649            276        1.044             0              0       -0.000       -87649      266             0
   267        87925            277        1.050             0              0       -0.000       -87925      267             0
   268        88202            288        1.202             0              0       -0.000       -88202      268             0
   269        88490            302        0.844             0              0       -0.000       -88490      269             0
   270        88792            303        1.525             0              0       -0.000       -88792      270             0
   271        89095            288        1.380             0              0       -0.000       -89095      271             0
   272        89383            281        0.937             0              0       -0.000       -89383      272             0
   273        89664            281        0.730             0              0       -0.000       -89664      273             0
   274        89945            287        0.778             0              0       -0.000       -89945      274             0
   275        90232            283        1.283             0              0       -0.000       -90232      275             0
   276        90515            297        0.983             0              0       -0.000       -90515      276             0
   277        90812            294        0.824             0              0       -0.000       -90812      277             0
   278        91106            304        0.830             0              0       -0.000       -91106      278             0
   279        91410            286        1.045             0              0       -0.000       -91410      279             0
   280        91696            281        0.813             0              0       -0.000       -91696      280             0
   281        91977            275        0.654             0              0       -0.000       -91977      281             0
   282        92252            297        0.782             0              0       -0.000       -92252      282             0
   283        92549            297        1.414             0              0       -0.000       -92549      283             0
   284        92846            289        1.254             0              0       -0.000       -92846      284             0
   285        93135            294        0.903             0              0       -0.000       -93135      285             0
   286        93429            291        0.839             0              0       -0.000       -93429      286             0
   287        93720            286        0.972             0              0       -0.000       -93720      287             0
   288        94006            277        0.744             0              0       -0.000       -94006      288             0
   289        94283            279        0.635             0              0       -0.000       -94283      289             0
   290        94562            288        0.670             0              0       -0.000       -94562      290             0
   291        94850            301        0.897             0              0       -0.000       -94850      291             0
   292        95151            299        0.888             0              0       -0.000       -95151      292             0
   293        95450            285        0.714             0              0       -0.000       -95450      293             0
   294        95735            285        0.716             0              0       -0.000       -95735      294             0
   295        96020            276        0.839             0              0       -0.000       -96020      295             0
   296        96296            285        1.110             0              0       -0.000       -96296      296             0
   297        96581            279        0.883             0              0       -0.000       -96581      297             0
   298        96860            296        0.674             0              0       -0.000       -96860      298             0
   299        97156            296        0.787             0              0       -0.000       -97156      299             0
   300        97452            306        0.861             0              0       -0.000       -97452      300             0
   301        97758            292        0.707             0              0       -0.000       -97758      301             0
   302        98050            278        0.604             0              0       -0.000       -98050      302             0
   303        98328            280        0.637             0              0       -0.000       -98328      303             0
   304        98608            281        0.822             0              0       -0.000       -98608      304             0
   305        98889            288        1.034             0              0       -0.000       -98889      305             0
   306        99177         -99177        0.575             0              0       -0.000       -99177      306             0
 RMAX =       1.000   Factor d'escala senyal
 PA_RMAX =  -16275.631   Factor d'escala senyal    passa_alt
 PB_RMAX =  -16331.488   Factor d'escala senyal    passa_baix
   n  posicion pa  intervalo  valor    posicion mw  intervalo   valor       retar  n    posi-qrs  paciente = 100    

   frecuencia de muestreo = 360

     1          439            289        0.006           180            290        0.000         -259        1           191
     2          728            293        0.005           470            580        0.000         -258        2           493
     3         1021            570        0.005          1050            304        0.000           29        3          1079
     4         1591            267        0.005          1354            550        0.000         -237        4          1365
     5         1858            294        0.005          1904            295        0.000           46        5          1915
     6         2152            307        0.006          2199            308        0.000           47        6          2210
     7         2459            306        0.005          2507            303        0.000           48        7          2519
     8         2765            280        0.004          2810            267        0.000           45        8          2821
     9         3045            266        0.006          3077            265        0.000           32        9          3098
    10         3311            281        0.005          3342            283        0.000           31       10          3369
    11         3592            293        0.006          3625            292        0.000           33       11          3653
    12         3885            281        0.005          3917            147        0.000           32       12          3940
    13         4166            280        0.006          4064            420        0.000         -102       13          4032
    14         4446            295        0.005          4484            288        0.000           38       14          4506
    15         4741            309        0.006          4772            322        0.000           31       15          4803
    16         5050            294        0.006          5094            294        0.000           44       16          5106
    17         5344            263        0.007          5388            249        0.000           44       17          5399
    18         5607            270        0.006          5637            267        0.000           30       18          5662
    19         5877            288        0.005          5904            308        0.000           27       19          5932
    20         6165            296        0.006          6212            296        0.000           47       20          6224
    21         6461            277        0.006          6508            258        0.000           47       21          6521
    22         6738            286        0.006          6766            305        0.000           28       22          6798
    23         7024            291        0.006          7071            277        0.000           47       23          7082
    24         7315            290        0.007          7348            286        0.000           33       24          7370
    25         7605            532        0.005          7634            150        0.000           29       25          7656
    26         8137            301        0.005          7784            399        0.000         -353       26          8194
    27         8438            306        0.006          8183            605        0.000         -255       27          8800
    28         8744            302        0.005          8788            145        0.000           44       28          8899
    29         9046            291        0.005          8933            449        0.000         -113       29          9393
    30         9337            279        0.006          9382            271        0.000           45       30          9672
    31         9616            550        0.006          9653            558        0.000           37       31         10221
    32        10166            287        0.005         10211            269        0.000           45       32         10508
    33        10453            270        0.007         10480            292        0.000           27       33         10784
    34        10723            289        0.006         10772            287        0.000           49       34         11071
    35        11012            304        0.006         11059            305        0.000           47       35         11375
    36        11316            301        0.006         11364            552        0.000           48       36         11939
    37        11617            268        0.006         11916            285        0.000          299       37         12211
    38        11885            841        0.007         12201            280        0.000          316       38         12491
    39        12726            284        0.006         12481            290        0.000         -245       39         12786
    40        13010            288        0.007         12771            575        0.000         -239       40         13358
    41        13298            294        0.007         13346            864        0.000           48       41         14221
    42        13592            572        0.007         14210            250        0.000          618       42         14487
    43        14164            268        0.009         14460            293        0.000          296       43         14764
    44        14432            274        0.007         14753            585        0.000          321       44         15353
    45        14706            212        0.008         15338            318        0.000          632       45         15667
    46        14918            377        0.007         15656           1738        0.000          738       46         17404
    47        15295            315        0.007         17394            596        0.000         2099       47         18002
    48        15610            304        0.007         17990            293        0.000         2380       48         18294
    49        15914            280        0.007         18283            842        0.000         2369       49         19140
    50        16194            575        0.006         19125            289        0.000         2931       50         19425
    51        16769            284        0.007         19414            294        0.000         2645       51         19719
    52        17053            295        0.007         19708            585        0.000         2655       52         20304
    53        17348            298        0.007         20293            133        0.000         2945       53         20427
    54        17646            300        0.006         20426            141        0.000         2780       54         20888
    55        17946            292        0.007         20567            300        0.000         2621       55         21170
    56        18238            279        0.008         20867            292        0.000         2629       56         21745
    57        18517            282        0.009         21159            155        0.000         2642       57         22063
    58        18799            281        0.006         21314            420        0.000         2515       58         22364
    59        19080            288        0.008         21734            317        0.000         2654       59         23530
    60        19368            293        0.008         22051            302        0.000         2683       60         24127
    61        19661            588        0.009         22353           1167        0.000         2692       61         25144
    62        20249            295        0.007         23520            595        0.000         3271       62         25423
    63        20544            289        0.007         24115           1019        0.000         3571       63         25889
    64        20833            852        0.009         25134            285        0.000         4301       64         26203
    65        21685            321        0.009         25419            141        0.000         3734       65         26629
    66        22006            888        0.009         25560            297        0.000         3554       66         27088
    67        22894            284        0.010         25857            335        0.000         2963       67         27374
    68        23178            295        0.009         26192            438        0.000         3014       68         27654
    69        23473            293        0.010         26630            158        0.000         3157       69         27941
    70        23766            304        0.008         26788            272        0.000         3022       70         28072
    71        24070            606        0.010         27060            289        0.000         2990       71         28247
    72        24676            571        0.010         27349            272        0.000         2673       72         28555
    73        25247            285        0.009         27621            309        0.000         2374       73         28856
    74        25532            904        0.011         27930            146        0.000         2398       74         28997
    75        26436            306        0.010         28076            159        0.000         1640       75         29435
    76        26742            292        0.011         28235            294        0.000         1493       76         29725
    77        27034            287        0.011         28529            317        0.000         1495       77         30018
    78        27321            199        0.012         28846            143        0.000         1525       78         30308
    79        27520             99        0.008         28989            131        0.000         1469       79         30611
    80        27619            237        0.005         29120            304        0.000         1501       80         30912
    81        27856            333        0.005         29424            279        0.000         1568       81         31215
    82        28189            309        0.011         29703            301        0.000         1514       82         31627
    83        28498            305        0.011         30004            271        0.000         1506       83         31896
    84        28803            264        0.012         30275            310        0.000         1472       84         32375
    85        29067            312        0.007         30585            298        0.000         1518       85         33110
    86        29379            291        0.013         30883            309        0.000         1504       86         33283
    87        29670            289        0.013         31192            430        0.000         1522       87         34148
    88        29959            322        0.012         31622            279        0.000         1663       88         39440
    89        30281            271        0.006         31901            463        0.000         1620       89         40021
    90        30552            308        0.013         32364            742        0.000         1812       90         40304
    91        30860            300        0.013         33106            165        0.000         2246       91         40591
    92        31160            259        0.013         33271            865        0.000         2111       92         40880
    93        31419            310        0.009         34136           5291        0.000         2717       93         41184
    94        31729            286        0.013         39427            607        0.000         7698       94         41486
    95        32015            302        0.014         40034            284        0.000         8019       95         41794
    96        32317            325        0.014         40318            284        0.000         8001       96         42084
    97        32642            252        0.009         40602            288        0.000         7960       97         42364
    98        32894            333        0.010         40890            307        0.000         7996       98         42651
    99        33227            291        0.015         41197            301        0.000         7970       99         42939
   100        33518            291        0.014         41498            307        0.000         7980      100         43233
   101        33809            283        0.015         41805            292        0.000         7996      101         43538
   102        34092            316        0.015         42097            282        0.000         8005      102         43843
   103        34408            279        0.010         42379            285        0.000         7971      103         44133
   104        34687            314        0.015         42664            289        0.000         7977      104         44425
   105        35001            326        0.016         42953            296        0.000         7952      105         44706
   106        35327            260        0.011         43249            301        0.000         7922      106         44981
   107        35587            290        0.015         43550            303        0.000         7963      107         45275
   108        35877            282        0.017         43853            296        0.000         7976      108         45568
   109        36159            295        0.016         44149            290        0.000         7990      109         45864
   110        36454            316        0.016         44439            281        0.000         7985      110         46153
   111        36770            278        0.010         44720            270        0.000         7950      111         46438
   112        37048            301        0.018         44990            295        0.000         7942      112         46715
   113        37349            300        0.017         45285            295        0.000         7936      113         47002
   114        37649            250        0.018         45580            296        0.000         7931      114         47288
   115        37899            310        0.012         45876            293        0.000         7977      115         47574
   116        38209            280        0.019         46169            284        0.000         7960      116         47882
   117        38489            298        0.018         46453            276        0.000         7964      117         48176
   118        38787            288        0.019         46729            285        0.000         7942      118         48467
   119        39075            308        0.019         47014            289        0.000         7939      119         48755
   120        39383            294        0.020         47303            284        0.000         7920      120         49306
   121        39677            344        0.019         47587            308        0.000         7910      121         49613
   122        40021            283        0.068         47895            296        0.000         7874      122         49918
   123        40304            287        0.065         48191            292        0.000         7887      123         50222
   124        40591            289        0.065         48483            287        0.000         7892      124         50526
   125        40880            304        0.078         48770            549        0.000         7890      125         50817
   126        41184            302        0.061         49319            309        0.000         8135      126         51093
   127        41486            308        0.062         49628            303        0.000         8142      127         51380
   128        41794            290        0.083         49931            303        0.000         8137      128         51661
   129        42084            280        0.067         50234            305        0.000         8150      129         51963
   130        42364            287        0.076         50539            290        0.000         8175      130         52271
   131        42651            288        0.076         50829            277        0.000         8178      131         52568
   132        42939            294        0.069         51106            283        0.000         8167      132         53139
   133        43233            305        0.070         51389            286        0.000         8156      133         53424
   134        43538            305        0.070         51675            298        0.000         8137      134         53640
   135        43843            290        0.064         51973            310        0.000         8130      135         53980
   136        44133            292        0.065         52283            300        0.000         8150      136         54575
   137        44425            281        0.074         52583            571        0.000         8158      137         54870
   138        44706            275        0.068         53154            282        0.000         8448      138         55707
   139        44981            294        0.065         53436            220        0.000         8455      139         55991
   140        45275            293        0.073         53656            340        0.000         8381      140         56287
   141        45568            296        0.072         53996            592        0.000         8428      141         56876
   142        45864            289        0.073         54588            297        0.000         8724      142         57174
   143        46153            285        0.070         54885            832        0.000         8732      143         57461
   144        46438            277        0.079         55717            288        0.000         9279      144         58017
   145        46715            287        0.064         56005            294        0.000         9290      145         58324
   146        47002            286        0.081         56299            592        0.000         9297      146         58622
   147        47288            286        0.070         56891            299        0.000         9603      147         58917
   148        47574            308        0.069         57190            286        0.000         9616      148         59204
   149        47882            294        0.067         57476            555        0.000         9594      149         59487
   150        48176            291        0.080         58031            305        0.000         9855      150         59769
   151        48467            288        0.077         58336            298        0.000         9869      151         60059
   152        48755            208        0.070         58634            297        0.000         9879      152         60345
   153        48963            343        0.063         58931            289        0.000         9968      153         60642
   154        49306            307        0.069         59220            279        0.000         9914      154         60948
   155        49613            305        0.075         59499            285        0.000         9886      155         61245
   156        49918            304        0.072         59784            290        0.000         9866      156         62922
   157        50222            304        0.068         60074            284        0.000         9852      157         63210
   158        50526            291        0.080         60358            293        0.000         9832      158         63503
   159        50817            276        0.077         60651            310        0.000         9834      159         63784
   160        51093            287        0.071         60961            300        0.000         9868      160         64053
   161        51380            281        0.068         61261           1675        0.000         9881      161         64610
   162        51661            302        0.079         62936            289        0.000        11275      162         64891
   163        51963            308        0.072         63225            288        0.000        11262      163         65185
   164        52271            298        0.076         63513            284        0.000        11242      164         66037
   165        52569            282        0.069         63797            271        0.000        11228      165         66889
   166        52851            288        0.068         64068            555        0.000        11217      166         67181
   167        53139            285        0.070         64623            283        0.000        11484      167         67489
   168        53424            216        0.077         64906            293        0.000        11482      168         68073
   169        53640            340        0.074         65199            850        0.000        11559      169         68937
   170        53980            294        0.074         66049            852        0.000        12069      170         69222
   171        54274            301        0.069         66901            293        0.000        12627      171         69833
   172        54575            295        0.077         67194            311        0.000        12619      172         70119
   173        54870            837        0.071         67505            579        0.000        12635      173         70983
   174        55707            284        0.083         68084            867        0.000        12377      174         71269
   175        55991            296        0.075         68951            283        0.000        12960      175         71569
   176        56287            298        0.074         69234            613        0.000        12947      176         72170
   177        56585            291        0.070         69847            283        0.000        13262      177         72438
   178        56876            298        0.074         70130            868        0.000        13254      178         72716
   179        57174            288        0.079         70998            283        0.000        13824      179         73290
   180        57462            555        0.071         71281            300        0.000        13819      180         73565
   181        58017            307        0.073         71581            602        0.000        13564      181         73862
   182        58324            298        0.081         72183            270        0.000        13859      182         74458
   183        58622            295        0.079         72453            276        0.000        13831      183         74716
   184        58917            288        0.073         72729            574        0.000        13812      184         74993
   185        59205            282        0.073         73303            272        0.000        14098      185         75587
   186        59487            282        0.083         73575            301        0.000        14088      186         75871
   187        59769            290        0.083         73876            595        0.000        14107      187         76159
   188        60059            286        0.075         74471            261        0.000        14412      188         76462
   189        60345            297        0.074         74732            274        0.000        14387      189         76753
   190        60642            306        0.081         75006            594        0.000        14364      190         77014
   191        60948            297        0.086         75600            281        0.000        14652      191         77283
   192        61245           1385        0.087         75881            291        0.000        14636      192         77874
   193        62630            292        0.074         76172            303        0.000        13542      193         78157
   194        62922            288        0.079         76475            291        0.000        13553      194         78446
   195        63210            293        0.079         76766            259        0.000        13556      195         79020
   196        63503            281        0.082         77025            271        0.000        13522      196         79240
   197        63784            269        0.095         77296            592        0.000        13512      197         79563
   198        64053            268        0.079         77888            282        0.000        13835      198         80164
   199        64321            289        0.076         78170            289        0.000        13849      199         80467
   200        64610            281        0.079         78459            575        0.000        13849      200         80767
   201        64891            294        0.086         79034            216        0.000        14143      201         81045
   202        65185            292        0.083         79250            326        0.000        14065      202         81318
   203        65477            288        0.077         79576            603        0.000        14099      203         81599
   204        65765            272        0.079         80179            300        0.000        14414      204         81890
   205        66037            280        0.081         80479            301        0.000        14442      205         82769
   206        66317            572        0.077         80780            280        0.000        14463      206         83057
   207        66889            292        0.083         81060            272        0.000        14171      207         83611
   208        67181            308        0.080         81332            280        0.000        14151      208         83884
   209        67489            310        0.081         81612            292        0.000        14123      209         84174
   210        67799            274        0.079         81904            880        0.000        14105      210         84767
   211        68073            277        0.088         82784            285        0.000        14711      211         90532
   212        68350            291        0.081         83069            557        0.000        14719      212         93503
   213        68641            296        0.085         83626            269        0.000        14985      213         94363
   214        68937            285        0.083         83895            290        0.000        14958      214         95236
   215        69222            300        0.081         84185            594        0.000        14963      215         95536
   216        69522            311        0.079         84779           5767        0.000        15257      216         95833
   217        69833            286        0.080         90546           2970        0.000        20713      217         96402
   218        70119            288        0.085         93516            859        0.000        23397      218         96678
   219        70407            576        0.077         94375            874        0.000        23968      219         97560
   220        70983            286        0.082         95249            297        0.000        24266      220         97856
   221        71269            300        0.088         95546            301        0.000        24277      221         98712
   222        71569            601        0.082         95847            570        0.000        24278      222             0
   223        72170            268        0.100         96417            274        0.000        24247      223             0
   224        72438            278        0.081         96691            881        0.000        24253      224             0
   225        72716            574        0.080         97572            296        0.000        24856      225             0
   226        73290            275        0.082         97868            857        0.000        24578      226             0
   227        73565            298        0.089         98725         -98725        0.000        25160      227             0
   228        73863            595        0.080             0              0       -0.000       -73863      228             0
   229        74458            258        0.091             0              0       -0.000       -74458      229             0
   230        74716            277        0.084             0              0       -0.000       -74716      230             0
   231        74993            594        0.093             0              0       -0.000       -74993      231             0
   232        75587            284        0.082             0              0       -0.000       -75587      232             0
   233        75871            288        0.088             0              0       -0.000       -75871      233             0
   234        76159            303        0.083             0              0       -0.000       -76159      234             0
   235        76462            291        0.082             0              0       -0.000       -76462      235             0
   236        76753            261        0.083             0              0       -0.000       -76753      236             0
   237        77014            270        0.086             0              0       -0.000       -77014      237             0
   238        77284            590        0.080             0              0       -0.000       -77284      238             0
   239        77874            283        0.085             0              0       -0.000       -77874      239             0
   240        78157            290        0.085             0              0       -0.000       -78157      240             0
   241        78447            573        0.080             0              0       -0.000       -78447      241             0
   242        79020            220        0.083             0              0       -0.000       -79020      242             0
   243        79240            324        0.087             0              0       -0.000       -79240      243             0
   244        79564            600        0.080             0              0       -0.000       -79564      244             0
   245        80164            303        0.084             0              0       -0.000       -80164      245             0
   246        80467            300        0.085             0              0       -0.000       -80467      246             0
   247        80767            278        0.081             0              0       -0.000       -80767      247             0
   248        81045            273        0.091             0              0       -0.000       -81045      248             0
   249        81318            281        0.087             0              0       -0.000       -81318      249             0
   250        81599            291        0.086             0              0       -0.000       -81599      250             0
   251        81890            581        0.096             0              0       -0.000       -81890      251             0
   252        82471            298        0.079             0              0       -0.000       -82471      252             0
   253        82769            288        0.085             0              0       -0.000       -82769      253             0
   254        83057            554        0.081             0              0       -0.000       -83057      254             0
   255        83611            273        0.084             0              0       -0.000       -83611      255             0
   256        83884            290        0.091             0              0       -0.000       -83884      256             0
   257        84174            593        0.093             0              0       -0.000       -84174      257             0
   258        84767           5765        0.095             0              0       -0.000       -84767      258             0
   259        90532           2971        0.083             0              0       -0.000       -90532      259             0
   260        93503            580        0.083             0              0       -0.000       -93503      260             0
   261        94083            280        0.071             0              0       -0.000       -94083      261             0
   262        94363            873        0.074             0              0       -0.000       -94363      262             0
   263        95236            300        0.073             0              0       -0.000       -95236      263             0
   264        95536         -95536        0.073             0              0       -0.000       -95536      264             0
 RMAX =       1.000   Factor d'escala senyal
 PA_RMAX =  -94772.953   Factor d'escala senyal    passa_alt
 PB_RMAX =  -94772.922   Factor d'escala senyal    passa_baix
   n  posicion pa  intervalo  valor    posicion mw  intervalo   valor       retar  n    posi-qrs  paciente = 100    

   frecuencia de muestreo = 360

     1          526            305        0.009           141            417        0.000         -385        1           104
     2          831            290        0.008           558            317        0.000         -273        2           583
     3         1121            276        0.013           875            277        0.000         -246        3           886
     4         1397            281        0.005          1152            285        0.000         -245        4          1173
     5         1678            287        0.011          1437            272        0.000         -241        5          1448
     6         1965            295        0.008          1709            288        0.000         -256        6          1732
     7         2260            288        0.008          1997            305        0.000         -263        7          2018
     8         2548            301        0.008          2302            140        0.000         -246        8          2315
     9         2849            295        0.008          2442            132        0.000         -407        9          2408
    10         3144            560        0.008          2574            294        0.000         -570       10          2609
    11         3704            284        0.005          2868            308        0.000         -836       11          2902
    12         3988            289        0.008          3176            277        0.000         -812       12          3201
    13         4277            304        0.010          3453            283        0.000         -824       13          3478
    14         4581            306        0.007          3736            286        0.000         -845       14          3756
    15         4887            295        0.006          4022            298        0.000         -865       15          4042
    16         5182            290        0.009          4320            304        0.000         -862       16          4332
    17         5472            288        0.010          4624            289        0.000         -848       17          4637
    18         5760            278        0.007          4913            294        0.000         -847       18          4940
    19         6038            291        0.006          5207            292        0.000         -831       19          5239
    20         6329            594        0.011          5499            293        0.000         -830       20          5525
    21         6923            301        0.008          5792            275        0.000        -1131       21          5812
    22         7224            300        0.007          6067            309        0.000        -1157       22          6094
    23         7524            281        0.009          6376            592        0.000        -1148       23          6388
    24         7805            275        0.009          6968            588        0.000         -837       24          6979
    25         8080            286        0.006          7556            556        0.000         -524       25          7576
    26         8366            292        0.010          8112            281        0.000         -254       26          8134
    27         8658            299        0.009          8393            595        0.000         -265       27          8422
    28         8957            291        0.012          8988            304        0.000           31       28          9009
    29         9248            582        0.007          9292            139        0.000           44       29          9304
    30         9830            281        0.009          9431            432        0.000         -399       30          9884
    31        10111            559        0.012          9863            278        0.000         -248       31         10167
    32        10670            302        0.012         10141            279        0.000         -529       32         10438
    33        10972            298        0.010         10420            274        0.000         -552       33         10728
    34        11270            294        0.011         10694            303        0.000         -576       34         11030
    35        11564            293        0.008         10997            307        0.000         -567       35         11331
    36        11857            283        0.011         11304            309        0.000         -553       36         11624
    37        12140            744        0.012         11613            270        0.000         -527       37         11909
    38        12884            115        0.008         11883            274        0.000        -1001       38         12192
    39        12999            299        0.013         12157            296        0.000         -842       39         12476
    40        13298            307        0.012         12453            285        0.000         -845       40         12760
    41        13605            573        0.011         12738            294        0.000         -867       41         13056
    42        14178            280        0.011         13032            291        0.000        -1146       42         13356
    43        14458            284        0.013         13323            326        0.000        -1135       43         13660
    44        14742            494        0.013         13649            290        0.000        -1093       44         13950
    45        15236            400        0.007         13939            272        0.000        -1297       45         14231
    46        15636            297        0.012         14211            279        0.000        -1425       46         14511
    47        15933            294        0.014         14490            277        0.000        -1443       47         14794
    48        16227            287        0.009         14767            288        0.000        -1460       48         15085
    49        16514            278        0.014         15055            163        0.000        -1459       49         15183
    50        16792            571        0.014         15218            150        0.000        -1574       50         15391
    51        17363            307        0.010         15368            315        0.000        -1995       51         15696
    52        17670            295        0.015         15683            283        0.000        -1987       52         15988
    53        17965            294        0.015         15966            304        0.000        -1999       53         16281
    54        18259            276        0.015         16270            290        0.000        -1989       54         16571
    55        18535            281        0.011         16560            276        0.000        -1975       55         16848
    56        18816            285        0.017         16836            281        0.000        -1980       56         17128
    57        19101            277        0.013         17117            289        0.000        -1984       57         17420
    58        19378            198        0.014         17406            286        0.000        -1972       58         17726
    59        19576            396        0.009         17692           1018        0.000        -1884       59         18724
    60        19972            295        0.018         18710            152        0.000        -1262       60         19434
    61        20267            261        0.017         18862            561        0.000        -1405       61         19728
    62        20528            282        0.006         19423            293        0.000        -1105       62         20031
    63        20810            268        0.007         19716            302        0.000        -1094       63         20607
    64        21078            320        0.008         20018            579        0.000        -1060       64         20740
    65        21398            261        0.018         20597            135        0.000         -801       65         21163
    66        21659            529        0.008         20732            126        0.000         -927       66         21456
    67        22188            379        0.013         20858            277        0.000        -1330       67         21745
    68        22567            278        0.020         21135            308        0.000        -1432       68         22035
    69        22845            282        0.017         21443            280        0.000        -1402       69         22332
    70        23127            281        0.019         21723            281        0.000        -1404       70         22624
    71        23408            286        0.020         22004            317        0.000        -1404       71         22900
    72        23694            300        0.020         22321            291        0.000        -1373       72         23181
    73        23994            299        0.018         22612            270        0.000        -1382       73         23462
    74        24293            293        0.021         22882            278        0.000        -1411       74         23752
    75        24586            202        0.022         23160            282        0.000        -1426       75         24645
    76        24788            362        0.013         23442            298        0.000        -1346       76         25324
    77        25150            191        0.019         23740            891        0.000        -1410       77         25697
    78        25341            368        0.016         24631            695        0.000         -710       78         39997
    79        25709            279        0.008         25326            385        0.000         -383       79         40279
    80        25988            314        0.022         25711          14300        0.000         -277       80         40561
    81        26302            304        0.009         40011            280        0.000        13709       81         40844
    82        26606            281        0.009         40291            284        0.000        13685       82         41147
    83        26887            278        0.022         40575            282        0.000        13688       83         41449
    84        27165            292        0.022         40857            302        0.000        13692       84         41744
    85        27457            234        0.013         41159            304        0.000        13702       85         42037
    86        27691            319        0.012         41463            296        0.000        13772       86         42332
    87        28010            303        0.023         41759            291        0.000        13749       87         42619
    88        28313            297        0.023         42050            298        0.000        13737       88         42901
    89        28610            296        0.023         42348            281        0.000        13738       89         43192
    90        28906            297        0.021         42629            285        0.000        13723       90         43501
    91        29203            283        0.025         42914            291        0.000        13711       91         43812
    92        29486            282        0.023         43205            308        0.000        13719       92         44109
    93        29768            253        0.023         43513            312        0.000        13745       93         44397
    94        30021            323        0.013         43825            297        0.000        13804       94         44693
    95        30344            305        0.026         44122            288        0.000        13778       95         44988
    96        30649            304        0.023         44410            299        0.000        13761       96         45285
    97        30953            259        0.025         44709            290        0.000        13756       97         45502
    98        31212            314        0.012         44999            299        0.000        13787       98         45871
    99        31526            289        0.024         45298            219        0.000        13772       99         46183
   100        31815            284        0.024         45517            369        0.000        13702      100         47054
   101        32099            287        0.025         45886            310        0.000        13787      101         47352
   102        32386            299        0.021         46196            873        0.000        13810      102         47584
   103        32685            304        0.024         47069            296        0.000        14384      103         48241
   104        32989            303        0.025         47365            233        0.000        14376      104         48537
   105        33292            255        0.026         47598            655        0.000        14306      105         48827
   106        33547            314        0.015         48253            298        0.000        14706      106         49386
   107        33861            280        0.024         48551            288        0.000        14690      107         49679
   108        34141            298        0.026         48839            561        0.000        14698      108         49983
   109        34439            294        0.026         49400            288        0.000        14961      109         50280
   110        34733            300        0.026         49688            306        0.000        14955      110         50859
   111        35033            300        0.026         49994            303        0.000        14961      111         51143
   112        35333            288        0.027         50297            577        0.000        14964      112         51714
   113        35621            283        0.026         50874            283        0.000        15253      113         52016
   114        35904            287        0.027         51157            570        0.000        15253      114         52320
   115        36191            256        0.027         51727            302        0.000        15536      115         53204
   116        36447            444        0.018         52029            303        0.000        15582      116         53774
   117        36891            144        0.021         52332            888        0.000        15441      117         54380
   118        37035            302        0.028         53220            568        0.000        16185      118         54684
   119        37337            295        0.028         53788            606        0.000        16451      119         55556
   120        37632            289        0.031         54394            306        0.000        16762      120         55838
   121        37921            274        0.027         54700            868        0.000        16779      121         56129
   122        38195            285        0.029         55568            281        0.000        17373      122         56731
   123        38480            236        0.030         55849            291        0.000        17369      123         57033
   124        38716             90        0.020         56140            603        0.000        17424      124         57876
   125        38806            198        0.017         56743            301        0.000        17937      125         58172
   126        39004            151        0.015         57044            847        0.000        18040      126         59068
   127        39155            142        0.022         57891            297        0.000        18736      127         59366
   128        39297            151        0.019         58188            895        0.000        18891      128         60212
   129        39448            198        0.011         59083            293        0.000        19635      129         60514
   130        39646            468        0.029         59376            851        0.000        19730      130         60816
   131        40114            165        0.027         60227            297        0.000        20113      131         61403
   132        40279            282        0.127         60524            306        0.000        20245      132         61695
   133        40561            283        0.113         60830            588        0.000        20269      133         62543
   134        40844            303        0.168         61418            289        0.000        20574      134         62845
   135        41147            302        0.139         61707            851        0.000        20560      135         63450
   136        41449            295        0.156         62558            297        0.000        21109      136         64027
   137        41744            293        0.121         62855            611        0.000        21111      137         65193
   138        42037            295        0.126         63466            573        0.000        21429      138         65500
   139        42332            287        0.134         64039           1165        0.000        21707      139         66076
   140        42619            282        0.137         65204            308        0.000        22585      140         66360
   141        42901            291        0.119         65512            579        0.000        22611      141         66644
   142        43192            309        0.170         66091            280        0.000        22899      142         67543
   143        43501            311        0.143         66371            287        0.000        22870      143         67838
   144        43812            297        0.134         66658            901        0.000        22846      144         68699
   145        44109            288        0.121         67559            290        0.000        23450      145         68983
   146        44397            296        0.124         67849            862        0.000        23452      146         70187
   147        44693            295        0.146         68711            286        0.000        24018      147         71338
   148        44988            297        0.130         68997           1205        0.000        24009      148         72539
   149        45285            217        0.120         70202           1150        0.000        24917      149         73409
   150        45502            369        0.124         71352           1202        0.000        25850      150         73716
   151        45871            312        0.140         72554            869        0.000        26683      151         74898
   152        46183            302        0.133         73423            304        0.000        27240      152         76080
   153        46485            282        0.122         73727           1183        0.000        27242      153         76377
   154        46767            287        0.125         74910           1182        0.000        28143      154         77241
   155        47054            298        0.142         76092            300        0.000        29038      155         77531
   156        47352            232        0.136         76392            859        0.000        29040      156         77822
   157        47584            355        0.136         77251            294        0.000        29667      157         78116
   158        47939            302        0.130         77545            291        0.000        29606      158         78426
   159        48241            296        0.142         77836            295        0.000        29595      159         78730
   160        48537            290        0.140         78131            307        0.000        29594      160         79584
   161        48827            278        0.131         78438            306        0.000        29611      161         79878
   162        49105            281        0.123         78744            855        0.000        29639      162         80777
   163        49386            293        0.168         79599            294        0.000        30213      163         81074
   164        49679            304        0.144         79893            899        0.000        30214      164         81919
   165        49983            297        0.164         80792            295        0.000        30809      165         82211
   166        50280            294        0.150         81087            844        0.000        30807      166         82512
   167        50574            285        0.140         81931            292        0.000        31357      167         83097
   168        50859            284        0.149         82223            304        0.000        31364      168         83373
   169        51143            284        0.140         82527            583        0.000        31384      169         83658
   170        51427            287        0.131         83110            277        0.000        31683      170         84219
   171        51714            302        0.165         83387            286        0.000        31673      171         84520
   172        52016            304        0.189         83673            562        0.000        31657      172         84820
   173        52320            307        0.144         84235            296        0.000        31915      173         86513
   174        52627            289        0.139         84531            302        0.000        31904      174         86810
   175        52916            288        0.139         84833           1694        0.000        31917      175         87099
   176        53204            282        0.151         86527            296        0.000        33323      176         87951
   177        53486            288        0.145         86823            287        0.000        33337      177         88231
   178        53774            298        0.152         87110            854        0.000        33336      178         88818
   179        54072            308        0.142         87964            281        0.000        33892      179         89132
   180        54380            304        0.156         88245            590        0.000        33865      180         89435
   181        54684            296        0.150         88835            309        0.000        34151      181         90303
   182        54980            289        0.142         89144            305        0.000        34164      182         92667
   183        55269            287        0.139         89449            865        0.000        34180      183         92969
   184        55556            282        0.150         90314           2366        0.000        34758      184         93574
   185        55838            291        0.151         92680            303        0.000        36842      185         93873
   186        56129            295        0.180         92983            605        0.000        36854      186         95024
   187        56424            307        0.145         93588            297        0.000        37164      187         95324
   188        56731            302        0.151         93885           1151        0.000        37154      188         96219
   189        57033            289        0.158         95036            301        0.000        38003      189         97370
   190        57322            208        0.147         95337            897        0.000        38015      190         97669
   191        57530            346        0.142         96234           1147        0.000        38704      191         98528
   192        57876            296        0.153         97381            298        0.000        39505      192         98803
   193        58172            294        0.156         97679            864        0.000        39507      193             0
   194        58466            301        0.150         98543            275        0.000        40077      194             0
   195        58767            301        0.148         98818         -98818        0.000        40051      195             0
   196        59068            298        0.182             0              0       -0.000       -59068      196             0
   197        59366            284        0.161             0              0       -0.000       -59366      197             0
   198        59650            274        0.147             0              0       -0.000       -59650      198             0
   199        59924            288        0.145             0              0       -0.000       -59924      199             0
   200        60212            302        0.162             0              0       -0.000       -60212      200             0
   201        60514            302        0.169             0              0       -0.000       -60514      201             0
   202        60816            231        0.152             0              0       -0.000       -60816      202             0
   203        61047            356        0.151             0              0       -0.000       -61047      203             0
   204        61403            292        0.165             0              0       -0.000       -61403      204             0
   205        61695            287        0.156             0              0       -0.000       -61695      205             0
   206        61982            277        0.149             0              0       -0.000       -61982      206             0
   207        62259            284        0.146             0              0       -0.000       -62259      207             0
   208        62543            302        0.156             0              0       -0.000       -62543      208             0
   209        62845            309        0.165             0              0       -0.000       -62845      209             0
   210        63154            296        0.149             0              0       -0.000       -63154      210             0
   211        63450            287        0.165             0              0       -0.000       -63450      211             0
   212        63737            290        0.148             0              0       -0.000       -63737      212             0
   213        64027            285        0.156             0              0       -0.000       -64027      213             0
   214        64312            288        0.149             0              0       -0.000       -64312      214             0
   215        64600            293        0.142             0              0       -0.000       -64600      215             0
   216        64893            300        0.145             0              0       -0.000       -64893      216             0
   217        65193            307        0.180             0              0       -0.000       -65193      217             0
   218        65500            298        0.161             0              0       -0.000       -65500      218             0
   219        65798            278        0.139             0              0       -0.000       -65798      219             0
   220        66076            284        0.172             0              0       -0.000       -66076      220             0
   221        66360            284        0.158             0              0       -0.000       -66360      221             0
   222        66644            596        0.166             0              0       -0.000       -66644      222             0
   223        67240            303        0.146             0              0       -0.000       -67240      223             0
   224        67543            295        0.178             0              0       -0.000       -67543      224             0
   225        67838            298        0.151             0              0       -0.000       -67838      225             0
   226        68136            563        0.145             0              0       -0.000       -68136      226             0
   227        68699            284        0.147             0              0       -0.000       -68699      227             0
   228        68983            300        0.158             0              0       -0.000       -68983      228             0
   229        69283            904        0.147             0              0       -0.000       -69283      229             0
   230        70187            281        0.153             0              0       -0.000       -70187      230             0
   231        70468            870        0.146             0              0       -0.000       -70468      231             0
   232        71338            303        0.156             0              0       -0.000       -71338      232             0
   233        71641            304        0.149             0              0       -0.000       -71641      233             0
   234        71945            594        0.144             0              0       -0.000       -71945      234             0
   235        72539            282        0.164             0              0       -0.000       -72539      235             0
   236        72821            588        0.147             0              0       -0.000       -72821      236             0
   237        73409            307        0.163             0              0       -0.000       -73409      237             0
   238        73716            302        0.158             0              0       -0.000       -73716      238             0
   239        74018            880        0.148             0              0       -0.000       -74018      239             0
   240        74898           1182        0.153             0              0       -0.000       -74898      240             0
   241        76080            298        0.157             0              0       -0.000       -76080      241             0
   242        76378            863        0.153             0              0       -0.000       -76378      242             0
   243        77241            290        0.155             0              0       -0.000       -77241      243             0
   244        77531            291        0.144             0              0       -0.000       -77531      244             0
   245        77822            294        0.167             0              0       -0.000       -77822      245             0
   246        78116            310        0.146             0              0       -0.000       -78116      246             0
   247        78426            304        0.167             0              0       -0.000       -78426      247             0
   248        78730            854        0.142             0              0       -0.000       -78730      248             0
   249        79584            294        0.170             0              0       -0.000       -79584      249             0
   250        79878            605        0.144             0              0       -0.000       -79878      250             0
   251        80483            294        0.148             0              0       -0.000       -80483      251             0
   252        80777            297        0.156             0              0       -0.000       -80777      252             0
   253        81074            845        0.148             0              0       -0.000       -81074      253             0
   254        81919            292        0.152             0              0       -0.000       -81919      254             0
   255        82211            301        0.148             0              0       -0.000       -82211      255             0
   256        82512            298        0.144             0              0       -0.000       -82512      256             0
   257        82810            287        0.137             0              0       -0.000       -82810      257             0
   258        83097            276        0.146             0              0       -0.000       -83097      258             0
   259        83373            285        0.151             0              0       -0.000       -83373      259             0
   260        83658            278        0.145             0              0       -0.000       -83658      260             0
   261        83936            283        0.133             0              0       -0.000       -83936      261             0
   262        84219            301        0.143             0              0       -0.000       -84219      262             0
   263        84520            300        0.181             0              0       -0.000       -84520      263             0
   264        84820            298        0.148             0              0       -0.000       -84820      264             0
   265        85118            286        0.135             0              0       -0.000       -85118      265             0
   266        85404            276        0.134             0              0       -0.000       -85404      266             0
   267        85680            549        0.138             0              0       -0.000       -85680      267             0
   268        86229            284        0.131             0              0       -0.000       -86229      268             0
   269        86513            297        0.167             0              0       -0.000       -86513      269             0
   270        86810            289        0.161             0              0       -0.000       -86810      270             0
   271        87099            287        0.156             0              0       -0.000       -87099      271             0
   272        87386            278        0.131             0              0       -0.000       -87386      272             0
   273        87664            287        0.137             0              0       -0.000       -87664      273             0
   274        87951            280        0.148             0              0       -0.000       -87951      274             0
   275        88231            289        0.177             0              0       -0.000       -88231      275             0
   276        88520            298        0.131             0              0       -0.000       -88520      276             0
   277        88818            314        0.143             0              0       -0.000       -88818      277             0
   278        89132            303        0.150             0              0       -0.000       -89132      278             0
   279        89435            573        0.145             0              0       -0.000       -89435      279             0
   280        90008            295        0.132             0              0       -0.000       -90008      280             0
   281        90303            294        0.154             0              0       -0.000       -90303      281             0
   282        90597            300        0.137             0              0       -0.000       -90597      282             0
   283        90897            302        0.152             0              0       -0.000       -90897      283             0
   284        91199            315        0.139             0              0       -0.000       -91199      284             0
   285        91514            296        0.148             0              0       -0.000       -91514      285             0
   286        91810            566        0.137             0              0       -0.000       -91810      286             0
   287        92376            291        0.131             0              0       -0.000       -92376      287             0
   288        92667            302        0.158             0              0       -0.000       -92667      288             0
   289        92969            303        0.147             0              0       -0.000       -92969      289             0
   290        93272            302        0.139             0              0       -0.000       -93272      290             0
   291        93574            299        0.154             0              0       -0.000       -93574      291             0
   292        93873           1151        0.157             0              0       -0.000       -93873      292             0
   293        95024            300        0.145             0              0       -0.000       -95024      293             0
   294        95324            601        0.141             0              0       -0.000       -95324      294             0
   295        95925            294        0.131             0              0       -0.000       -95925      295             0
   296        96219           1151        0.146             0              0       -0.000       -96219      296             0
   297        97370            299        0.146             0              0       -0.000       -97370      297             0
   298        97669            859        0.148             0              0       -0.000       -97669      298             0
   299        98528            276        0.141             0              0       -0.000       -98528      299             0
   300        98804            276        0.136             0              0       -0.000       -98804      300             0
   301        99080         -99080        0.136             0              0       -0.000       -99080      301             0
 RMAX =       1.000   Factor d'escala senyal
 PA_RMAX =  -65529.504   Factor d'escala senyal    passa_alt
 PB_RMAX =  -65518.105   Factor d'escala senyal    passa_baix
   n  posicion pa  intervalo  valor    posicion mw  intervalo   valor       retar  n    posi-qrs  paciente = 100    

   frecuencia de muestreo = 360

     1          615            303        0.128            87            151        0.000         -528        1            98
     2          918            290        0.089           238            400        0.000         -680        2           673
     3         1208            285        0.126           638            326        0.000         -570        3           975
     4         1493            284        0.060           964            288        0.000         -529        4          1263
     5         1777            281        0.145          1252            262        0.000         -525        5          1544
     6         2058            291        0.118          1514            295        0.000         -544        6          1829
     7         2349            313        0.113          1809            277        0.000         -540        7          2116
     8         2662            293        0.067          2086            289        0.000         -576        8          2410
     9         2955            291        0.138          2375            308        0.000         -580        9          2713
    10         3246            284        0.128          2683            321        0.000         -563       10          3016
    11         3530            282        0.113          3004            267        0.000         -526       11          3301
    12         3812            579        0.115          3271            285        0.000         -541       12          3586
    13         4391            299        0.114          3556            298        0.000         -835       13          3867
    14         4690            296        0.090          3854            143        0.000         -836       14          4148
    15         4986            596        0.113          3997            122        0.000         -989       15          4240
    16         5582            277        0.120          4119            154        0.000        -1463       16          4447
    17         5859            285        0.097          4273            150        0.000        -1586       17          4744
    18         6144            587        0.134          4423            293        0.000        -1721       18          5045
    19         6731            310        0.122          4716            294        0.000        -2015       19          5344
    20         7041            297        0.113          5010            305        0.000        -2031       20          5638
    21         7338            287        0.123          5315            298        0.000        -2023       21          5915
    22         7625            291        0.079          5613            278        0.000        -2012       22          6200
    23         7916            281        0.098          5891            287        0.000        -2025       23          6487
    24         8197            574        0.109          6178            275        0.000        -2019       24          6790
    25         8771            295        0.074          6453            302        0.000        -2318       25          7095
    26         9066            306        0.100          6755            329        0.000        -2311       26          7392
    27         9372            296        0.098          7084            287        0.000        -2288       27          7679
    28         9668           1135        0.096          7371            297        0.000        -2297       28          7972
    29        10803            293        0.078          7668            280        0.000        -3135       29          8253
    30        11096            302        0.104          7948            283        0.000        -3148       30          8535
    31        11398            305        0.036          8231            278        0.000        -3167       31          8826
    32        11703            297        0.111          8509            306        0.000        -3194       32          9127
    33        12000            291        0.088          8815            285        0.000        -3185       33          9429
    34        12291            572        0.109          9100            305        0.000        -3191       34          9724
    35        12863            304        0.115          9405            297        0.000        -3458       35          9997
    36        13167            303        0.098          9702            275        0.000        -3465       36         10216
    37        13470            594        0.141          9977            147        0.000        -3493       37         10568
    38        14064            288        0.119         10124             93        0.000        -3940       38         10855
    39        14352            286        0.080         10217            326        0.000        -4135       39         11151
    40        14638            281        0.123         10543            284        0.000        -4095       40         11454
    41        14919            284        0.071         10827            303        0.000        -4092       41         11759
    42        15203            310        0.127         11130            290        0.000        -4073       42         12054
    43        15513            304        0.090         11420            308        0.000        -4093       43         12343
    44        15817            294        0.122         11728            298        0.000        -4089       44         12618
    45        16111            856        0.067         12026            295        0.000        -4085       45         12918
    46        16967            290        0.119         12321            279        0.000        -4646       46         13222
    47        17257            602        0.103         12600            289        0.000        -4657       47         13522
    48        17859            310        0.095         12889            311        0.000        -4970       48         13819
    49        18169            853        0.082         13200            297        0.000        -4969       49         14119
    50        19022            282        0.072         13497            294        0.000        -5525       50         14403
    51        19304            301        0.088         13791            300        0.000        -5513       51         14692
    52        19605            308        0.100         14091            284        0.000        -5514       52         14970
    53        19913            600        0.098         14375            297        0.000        -5538       53         15259
    54        20513            297        0.087         14672            279        0.000        -5841       54         15569
    55        20810            286        0.089         14951            296        0.000        -5859       55         15876
    56        21096            574        0.111         15247            299        0.000        -5849       56         16167
    57        21670            296        0.068         15546            318        0.000        -6124       57         16450
    58        21966            312        0.080         15864            278        0.000        -6102       58         16734
    59        22278            294        0.075         16142            288        0.000        -6136       59         17023
    60        22572            565        0.104         16430            281        0.000        -6142       60         17319
    61        23137            291        0.099         16711            301        0.000        -6426       61         17613
    62        23428            886        0.091         17012            277        0.000        -6416       62         17917
    63        24314            575        0.105         17289            293        0.000        -7025       63         18227
    64        24889            284        0.107         17582            314        0.000        -7307       64         19075
    65        25173            577        0.046         17896            319        0.000        -7277       65         19361
    66        25750            306        0.086         18215            831        0.000        -7535       66         19970
    67        26056            797        0.087         19046            303        0.000        -7010       67         20365
    68        26853            108        0.029         19349            601        0.000        -7504       68         20569
    69        26961            292        0.111         19950            449        0.000        -7011       69         21431
    70        27253            868        0.091         20399            159        0.000        -6854       70         23193
    71        28121            310        0.092         20558            862        0.000        -7563       71         24062
    72        28431            309        0.092         21420           1744        0.000        -7011       72         24367
    73        28740            299        0.079         23164            886        0.000        -5576       73         24581
    74        29039            288        0.061         24050            296        0.000        -4989       74         25226
    75        29327            572        0.082         24346            200        0.000        -4981       75         25512
    76        29899            290        0.084         24546            670        0.000        -5353       76         27598
    77        30189            294        0.073         25216            285        0.000        -4973       77         28489
    78        30483            301        0.053         25501           2085        0.000        -4982       78         30245
    79        30784            306        0.075         27586            891        0.000        -3198       79         32001
    80        31090            859        0.083         28477           1756        0.000        -2613       80         39963
    81        31949            284        0.104         30233           1781        0.000        -1716       81         40243
    82        32233            912        0.087         32014           7986        0.000         -219       82         40529
    83        33145            296        0.092         40000            257        0.000         6855       83         40811
    84        33441            294        0.089         40257            285        0.000         6816       84         41104
    85        33735            570        0.099         40542            281        0.000         6807       85         41409
    86        34305            596        0.074         40823            294        0.000         6518       86         41714
    87        34901            610        0.091         41117            303        0.000         6216       87         42020
    88        35511            578        0.095         41420            308        0.000         5909       88         42306
    89        36089            574        0.104         41728            308        0.000         5639       89         42592
    90        36663            293        0.071         42036            285        0.000         5373       90         42877
    91        36956            300        0.085         42321            285        0.000         5365       91         43174
    92        37256            300        0.089         42606            284        0.000         5350       92         43473
    93        37556            579        0.022         42890            295        0.000         5334       93         43771
    94        38135            284        0.055         43185            299        0.000         5050       94         44071
    95        38419            288        0.065         43484            301        0.000         5065       95         44367
    96        38707            606        0.051         43785            299        0.000         5078       96         44651
    97        39313            297        0.095         44084            299        0.000         4771       97         44933
    98        39610            297        0.052         44383            284        0.000         4773       98         45215
    99        39907            336        0.091         44667            281        0.000         4760       99         45515
   100        40243            286        1.266         44948            279        0.000         4705      100         45825
   101        40529            282        1.446         45227            301        0.000         4698      101         46128
   102        40811            293        1.510         45528            308        0.000         4717      102         46424
   103        41104            305        1.407         45836            307        0.000         4732      103         46715
   104        41409            305        1.526         46143            296        0.000         4734      104         47006
   105        41714            306        1.792         46439            290        0.000         4725      105         47288
   106        42020            286        1.505         46729            292        0.000         4709      106         47582
   107        42306            286        1.526         47021            282        0.000         4715      107         47884
   108        42592            285        1.372         47303            292        0.000         4711      108         48189
   109        42877            297        1.243         47595            303        0.000         4718      109         48494
   110        43174            299        1.918         47898            304        0.000         4724      110         48781
   111        43473            298        1.635         48202            302        0.000         4729      111         49340
   112        43771            300        1.231         48504            289        0.000         4733      112         49621
   113        44071            296        1.298         48793            559        0.000         4722      113         49905
   114        44367            284        1.588         49352            284        0.000         4985      114         50391
   115        44651            282        1.386         49636            283        0.000         4985      115         50798
   116        44933            282        1.300         49919            491        0.000         4986      116         51081
   117        45215            300        1.185         50410            403        0.000         5195      117         51631
   118        45515            310        1.538         50813            280        0.000         5298      118         51933
   119        45825            303        1.563         51093            552        0.000         5268      119         52231
   120        46128            296        1.555         51645            299        0.000         5517      120         53100
   121        46424            291        1.224         51944            301        0.000         5520      121         53383
   122        46715            291        1.340         52245            869        0.000         5530      122         54239
   123        47006            282        1.486         53114            283        0.000         6108      123         54551
   124        47288            294        1.441         53397            853        0.000         6109      124         55414
   125        47582            302        1.365         54250            311        0.000         6668      125         55695
   126        47884            305        1.236         54561            865        0.000         6677      126         55984
   127        48189            305        1.399         55426            284        0.000         7237      127         56279
   128        48494            287        1.480         55710            289        0.000         7216      128         56881
   129        48781            273        1.324         55999            294        0.000         7218      129         57187
   130        49054            286        1.197         56293            600        0.000         7239      130         58038
   131        49340            281        1.336         56893            307        0.000         7553      131         58322
   132        49621            284        1.439         57200            849        0.000         7579      132         58625
   133        49905            293        1.357         58049            286        0.000         8144      133         59212
   134        50198            288        1.255         58335            303        0.000         8137      134         59513
   135        50486            312        1.570         58638            588        0.000         8152      135         59802
   136        50798            283        1.378         59226            298        0.000         8428      136         60655
   137        51081            276        1.501         59524            294        0.000         8443      137         60960
   138        51357            274        1.101         59818            852        0.000         8461      138         61266
   139        51631            302        1.243         60670            303        0.000         9039      139         62126
   140        51933            298        1.624         60973            306        0.000         9040      140         62412
   141        52231            294        1.374         61279            858        0.000         9048      141         63596
   142        52525            292        1.269         62137            287        0.000         9612      142         63894
   143        52817            283        1.283         62424           1184        0.000         9607      143         64445
   144        53100            283        1.351         63608            299        0.000        10508      144         64740
   145        53383            286        1.391         63907            554        0.000        10524      145         65034
   146        53669            278        1.283         64461            292        0.000        10792      146         65331
   147        53947            292        1.135         64753            293        0.000        10806      147         65907
   148        54239            312        1.767         65046            295        0.000        10807      148         66190
   149        54551            301        1.406         65341            579        0.000        10790      149         66411
   150        54852            279        1.316         65920            286        0.000        11068      150         66741
   151        55131            283        1.194         66206            215        0.000        11075      151         67023
   152        55414            281        1.333         66421            330        0.000        11007      152         67330
   153        55695            289        1.458         66751            284        0.000        11056      153         67629
   154        55984            295        1.406         67035            308        0.000        11051      154         68200
   155        56279            295        1.491         67343            300        0.000        11064      155         68481
   156        56574            307        1.210         67643            572        0.000        11069      156         68763
   157        56881            306        1.515         68215            282        0.000        11334      157         69340
   158        57187            288        1.432         68497            281        0.000        11310      158         69640
   159        57475            278        1.232         68778            576        0.000        11303      159         69858
   160        57753            285        1.159         69354            301        0.000        11601      160         70783
   161        58038            284        1.393         69655            217        0.000        11617      161         70978
   162        58322            303        1.382         69872            923        0.000        11550      162         71320
   163        58625            298        1.340         70795            199        0.000        12170      163         71925
   164        58923            289        1.247         70994            341        0.000        12071      164         72223
   165        59212            301        1.336         71335            600        0.000        12123      165         72518
   166        59513            289        1.641         71935            302        0.000        12422      166         73657
   167        59802            282        1.649         72237            293        0.000        12435      167         73965
   168        60084            280        1.207         72530           1143        0.000        12446      168         74845
   169        60364            291        1.186         73673            302        0.000        13309      169         75137
   170        60655            305        1.277         73975            885        0.000        13320      170         76027
   171        60960            306        1.518         74860            292        0.000        13900      171         76329
   172        61266            295        1.417         75152            889        0.000        13886      172         77207
   173        61561            276        1.223         76041            303        0.000        14480      173         77492
   174        61837            289        1.230         76344            879        0.000        14507      174         77792
   175        62126            286        1.760         77223            279        0.000        15097      175         78694
   176        62412            289        1.410         77502            303        0.000        15090      176         78986
   177        62701            293        1.323         77805            904        0.000        15104      177         79847
   178        62994            300        1.209         78709            290        0.000        15715      178         80150
   179        63294            302        1.273         78999            863        0.000        15705      179         81339
   180        63596            298        1.453         79862            300        0.000        16266      180         82500
   181        63894            281        1.636         80162           1187        0.000        16268      181         82803
   182        64175            270        1.192         81349           1164        0.000        17174      182         83673
   183        64445            295        1.294         82513            305        0.000        18068      183         84546
   184        64740            294        1.466         82818            869        0.000        18078      184         85142
   185        65034            297        1.397         83687            874        0.000        18653      185         85433
   186        65331            287        1.409         84561            594        0.000        19230      186         86518
   187        65618            289        1.140         85155            291        0.000        19537      187         91712
   188        65907            283        1.415         85446           1088        0.000        19539      188         92242
   189        66190            221        1.350         86534           5192        0.000        20344      189         95016
   190        66411            330        1.369         91726            531        0.000        25315      190         95598
   191        66741            282        1.456         92257           2773        0.000        25516      191         97879
   192        67023            307        1.277         95030            581        0.000        28007      192         98454
   193        67330            299        1.510         95611           2282        0.000        28281      193         98726
   194        67629            290        1.335         97893            576        0.000        30264      194             0
   195        67919            281        1.144         98469            269        0.000        30550      195             0
   196        68200            281        1.699         98738         -98738        0.000        30538      196             0
   197        68481            282        1.357             0              0       -0.000       -68481      197             0
   198        68763            288        1.302             0              0       -0.000       -68763      198             0
   199        69051            289        1.167             0              0       -0.000       -69051      199             0
   200        69340            300        1.259             0              0       -0.000       -69340      200             0
   201        69640            218        1.409             0              0       -0.000       -69640      201             0
   202        69858            356        1.390             0              0       -0.000       -69858      202             0
   203        70214            284        1.216             0              0       -0.000       -70214      203             0
   204        70498            285        1.107             0              0       -0.000       -70498      204             0
   205        70783            195        1.330             0              0       -0.000       -70783      205             0
   206        70978            342        1.689             0              0       -0.000       -70978      206             0
   207        71320            306        1.361             0              0       -0.000       -71320      207             0
   208        71626            299        1.162             0              0       -0.000       -71626      208             0
   209        71925            298        1.253             0              0       -0.000       -71925      209             0
   210        72223            295        1.493             0              0       -0.000       -72223      210             0
   211        72518            285        1.921             0              0       -0.000       -72518      211             0
   212        72803            278        1.254             0              0       -0.000       -72803      212             0
   213        73081            281        1.068             0              0       -0.000       -73081      213             0
   214        73362            295        1.304             0              0       -0.000       -73362      214             0
   215        73657            308        1.389             0              0       -0.000       -73657      215             0
   216        73965            302        1.314             0              0       -0.000       -73965      216             0
   217        74267            289        1.130             0              0       -0.000       -74267      217             0
   218        74556            289        1.251             0              0       -0.000       -74556      218             0
   219        74845            292        1.344             0              0       -0.000       -74845      219             0
   220        75137            293        1.549             0              0       -0.000       -75137      220             0
   221        75430            291        1.141             0              0       -0.000       -75430      221             0
   222        75721            306        1.178             0              0       -0.000       -75721      222             0
   223        76027            302        1.444             0              0       -0.000       -76027      223             0
   224        76329            310        1.383             0              0       -0.000       -76329      224             0
   225        76639            288        1.173             0              0       -0.000       -76639      225             0
   226        76927            280        1.139             0              0       -0.000       -76927      226             0
   227        77207            285        1.279             0              0       -0.000       -77207      227             0
   228        77492            300        1.574             0              0       -0.000       -77492      228             0
   229        77792            237        1.261             0              0       -0.000       -77792      229             0
   230        78029            356        1.290             0              0       -0.000       -78029      230             0
   231        78385            309        1.274             0              0       -0.000       -78385      231             0
   232        78694            292        1.420             0              0       -0.000       -78694      232             0
   233        78986            291        1.371             0              0       -0.000       -78986      233             0
   234        79277            280        1.145             0              0       -0.000       -79277      234             0
   235        79557            290        1.194             0              0       -0.000       -79557      235             0
   236        79847            303        1.432             0              0       -0.000       -79847      236             0
   237        80150            311        1.329             0              0       -0.000       -80150      237             0
   238        80461            300        1.230             0              0       -0.000       -80461      238             0
   239        80761            294        1.162             0              0       -0.000       -80761      239             0
   240        81055            284        1.215             0              0       -0.000       -81055      240             0
   241        81339            285        1.300             0              0       -0.000       -81339      241             0
   242        81624            286        1.239             0              0       -0.000       -81624      242             0
   243        81910            289        1.121             0              0       -0.000       -81910      243             0
   244        82199            301        1.329             0              0       -0.000       -82199      244             0
   245        82500            303        1.393             0              0       -0.000       -82500      245             0
   246        82803            244        1.318             0              0       -0.000       -82803      246             0
   247        83047            342        1.210             0              0       -0.000       -83047      247             0
   248        83389            284        1.090             0              0       -0.000       -83389      248             0
   249        83673            283        1.718             0              0       -0.000       -83673      249             0
   250        83956            291        1.183             0              0       -0.000       -83956      250             0
   251        84247            299        1.154             0              0       -0.000       -84247      251             0
   252        84546            299        1.355             0              0       -0.000       -84546      252             0
   253        84845            297        1.151             0              0       -0.000       -84845      253             0
   254        85142            291        1.299             0              0       -0.000       -85142      254             0
   255        85433            285        1.699             0              0       -0.000       -85433      255             0
   256        85718            276        1.135             0              0       -0.000       -85718      256             0
   257        85994            273        0.989             0              0       -0.000       -85994      257             0
   258        86267            251        1.273             0              0       -0.000       -86267      258             0
   259        86518            320        1.185             0              0       -0.000       -86518      259             0
   260        86838            300        1.239             0              0       -0.000       -86838      260             0
   261        87138            282        0.981             0              0       -0.000       -87138      261             0
   262        87420            276        0.890             0              0       -0.000       -87420      262             0
   263        87696            266        0.753             0              0       -0.000       -87696      263             0
   264        87962            271        0.715             0              0       -0.000       -87962      264             0
   265        88233            269        0.778             0              0       -0.000       -88233      265             0
   266        88502            272        0.828             0              0       -0.000       -88502      266             0
   267        88774            279        0.923             0              0       -0.000       -88774      267             0
   268        89053            277        0.896             0              0       -0.000       -89053      268             0
   269        89330            280        0.969             0              0       -0.000       -89330      269             0
   270        89610            264        0.910             0              0       -0.000       -89610      270             0
   271        89874            249        0.854             0              0       -0.000       -89874      271             0
   272        90123            247        0.828             0              0       -0.000       -90123      272             0
   273        90370            259        0.867             0              0       -0.000       -90370      273             0
   274        90629            269        0.892             0              0       -0.000       -90629      274             0
   275        90898            272        0.963             0              0       -0.000       -90898      275             0
   276        91170            271        0.895             0              0       -0.000       -91170      276             0
   277        91441            271        0.866             0              0       -0.000       -91441      277             0
   278        91712            263        1.442             0              0       -0.000       -91712      278             0
   279        91975            267        0.834             0              0       -0.000       -91975      279             0
   280        92242            262        1.211             0              0       -0.000       -92242      280             0
   281        92504            272        0.868             0              0       -0.000       -92504      281             0
   282        92776            277        1.027             0              0       -0.000       -92776      282             0
   283        93053            293        0.874             0              0       -0.000       -93053      283             0
   284        93346            293        0.890             0              0       -0.000       -93346      284             0
   285        93639            276        0.902             0              0       -0.000       -93639      285             0
   286        93915            272        0.861             0              0       -0.000       -93915      286             0
   287        94187            275        0.875             0              0       -0.000       -94187      287             0
   288        94462            280        0.859             0              0       -0.000       -94462      288             0
   289        94742            274        0.823             0              0       -0.000       -94742      289             0
   290        95016            289        1.234             0              0       -0.000       -95016      290             0
   291        95305            293        0.864             0              0       -0.000       -95305      291             0
   292        95598            289        1.268             0              0       -0.000       -95598      292             0
   293        95887            283        0.955             0              0       -0.000       -95887      293             0
   294        96170            282        0.828             0              0       -0.000       -96170      294             0
   295        96452            215        0.811             0              0       -0.000       -96452      295             0
   296        96667            319        0.931             0              0       -0.000       -96667      296             0
   297        96986            296        0.829             0              0       -0.000       -96986      297             0
   298        97282            307        0.912             0              0       -0.000       -97282      298             0
   299        97589            290        0.832             0              0       -0.000       -97589      299             0
   300        97879            283        1.365             0              0       -0.000       -97879      300             0
   301        98162            292        0.818             0              0       -0.000       -98162      301             0
   302        98454            272        1.036             0              0       -0.000       -98454      302             0
   303        98726            275        1.058             0              0       -0.000       -98726      303             0
   304        99001            287        0.887             0              0       -0.000       -99001      304             0
   305        99288         -99288        0.908             0              0       -0.000       -99288      305             0
 RMAX =       1.000   Factor d'escala senyal
 PA_RMAX =  -18109.701   Factor d'escala senyal    passa_alt
 PB_RMAX =  -18133.838   Factor d'escala senyal    passa_baix
   n  posicion pa  intervalo  valor    posicion mw  intervalo   valor       retar  n    posi-qrs  paciente = 100    

   frecuencia de muestreo = 360

     1          253            284        0.121           300            277        0.000           47        1           311
     2          537            308        0.140           577            315        0.000           40        2           597
     3          845            298        0.121           892            295        0.000           47        3           902
     4         1143            256        0.124          1187            246        0.000           44        4          1198
     5         1399            534        0.190          1433            277        0.000           34        5          1455
     6         1933            254        0.114          1710            268        0.000         -223        6          1721
     7         2187            257        0.171          1978            241        0.000         -209        7          1989
     8         2444            268        0.106          2219            255        0.000         -225        8          2244
     9         2712            516        0.103          2474            266        0.000         -238        9          2505
    10         3228            255        0.118          2740            261        0.000         -488       10          2775
    11         3483            483        0.140          3001            276        0.000         -482       11          3032
    12         3966            248        0.130          3277            253        0.000         -689       12          3288
    13         4214            529        0.135          3530            237        0.000         -684       13          3541
    14         4743            252        0.118          3767            227        0.000         -976       14          3787
    15         4995            274        0.148          3994            528        0.000        -1001       15          4022
    16         5269            267        0.170          4522            269        0.000         -747       16          4533
    17         5536            264        0.102          4791            255        0.000         -745       17          4802
    18         5800            264        0.157          5046            268        0.000         -754       18          5058
    19         6064            261        0.155          5314            531        0.000         -750       19          5330
    20         6325            266        0.094          5845            527        0.000         -480       20          5856
    21         6591            278        0.123          6372            266        0.000         -219       21          6382
    22         6869            286        0.153          6638            277        0.000         -231       22          6649
    23         7155            561        0.138          6915            287        0.000         -240       23          6929
    24         7716            266        0.184          7202            285        0.000         -514       24          7212
    25         7982            268        0.149          7487            276        0.000         -495       25          7497
    26         8250            289        0.153          7763            265        0.000         -487       26          7774
    27         8539            865        0.115          8028            557        0.000         -511       27          8041
    28         9404            598        0.166          8585            286        0.000         -819       28          8595
    29        10002            270        0.173          8871           1174        0.000        -1131       29          8883
    30        10272            575        0.159         10045            847        0.000         -227       30         10056
    31        10847            291        0.138         10892            295        0.000           45       31         10907
    32        11138            300        0.146         11187            297        0.000           49       32         11199
    33        11438            590        0.182         11484            299        0.000           46       33         11498
    34        12028            186        0.161         11783           1661        0.000         -245       34         11794
    35        12214            361        0.060         13444            289        0.000         1230       35         13455
    36        12575            264        0.137         13733            836        0.000         1158       36         13744
    37        12839            277        0.095         14569            283        0.000         1730       37         14581
    38        13116            278        0.178         14852            562        0.000         1736       38         14863
    39        13394            202        0.157         15414            589        0.000         2020       39         15428
    40        13596            384        0.074         16003            291        0.000         2407       40         16014
    41        13980            274        0.149         16294           1413        0.000         2314       41         16305
    42        14254            269        0.167         17707            860        0.000         3453       42         17719
    43        14523            279        0.171         18567            581        0.000         4044       43         18578
    44        14802            286        0.122         19148           6562        0.000         4346       44         19135
    45        15088            279        0.171         25710           2540        0.000        10622       45         25698
    46        15367            296        0.169         28250          11766        0.000        12883       46         28236
    47        15663            292        0.138         40016            282        0.000        24353       47         40003
    48        15955            293        0.157         40298            269        0.000        24343       48         40285
    49        16248            559        0.148         40567            284        0.000        24319       49         40558
    50        16807            276        0.159         40851            293        0.000        24044       50         40839
    51        17083            286        0.169         41144            295        0.000        24061       51         41130
    52        17369            294        0.158         41439            293        0.000        24070       52         41424
    53        17663            293        0.152         41732            304        0.000        24069       53         41718
    54        17956            290        0.164         42036            295        0.000        24080       54         42023
    55        18246            275        0.164         42331            285        0.000        24085       55         42316
    56        18521            281        0.155         42616            278        0.000        24095       56         42602
    57        18802            282        0.193         42894            286        0.000        24092       57         42879
    58        19084            272        0.173         43180            293        0.000        24096       58         43165
    59        19356            281        0.174         43473            304        0.000        24117       59         43459
    60        19637            299        0.149         43777            299        0.000        24140       60         43765
    61        19936            294        0.184         44076            295        0.000        24140       61         44063
    62        20230            286        0.183         44371            289        0.000        24141       62         44358
    63        20516            276        0.182         44660            289        0.000        24144       63         44648
    64        20792            278        0.163         44949            283        0.000        24157       64         44934
    65        21070            279        0.189         45232            278        0.000        24162       65         45219
    66        21349            284        0.189         45510            299        0.000        24161       66         45496
    67        21633            281        0.180         45809            299        0.000        24176       67         45799
    68        21914            297        0.229         46108            289        0.000        24194       68         46096
    69        22211            298        0.196         46397            273        0.000        24186       69         46384
    70        22509            284        0.203         46670            279        0.000        24161       70         46656
    71        22793            276        0.183         46949            270        0.000        24156       71         46933
    72        23069            278        0.200         47219            280        0.000        24150       72         47206
    73        23347            282        0.218         47499            272        0.000        24152       73         47483
    74        23629            286        0.220         47771            282        0.000        24142       74         47758
    75        23915            302        0.166         48053            283        0.000        24138       75         48040
    76        24217            292        0.212         48336            545        0.000        24119       76         48324
    77        24509            295        0.211         48881            258        0.000        24372       77         48867
    78        24804            290        0.197         49139            776        0.000        24335       78         49126
    79        25094            274        0.181         49915            279        0.000        24821       79         49900
    80        25368            276        0.232         50194            271        0.000        24826       80         50182
    81        25644            282        0.220         50465            260        0.000        24821       81         50451
    82        25926            283        0.201         50725            265        0.000        24799       82         50712
    83        26209            506        0.194         50990            258        0.000        24781       83         50977
    84        26715             90        0.145         51248           1021        0.000        24533       84         51236
    85        26805            285        0.204         52269            540        0.000        25464       85         52254
    86        27090            268        0.222         52809           1515        0.000        25719       86         52796
    87        27358            277        0.164         54324         -54324        0.000        26966       87         54310
    88        27635            269        0.214             0              0       -0.000       -27635       88             0
    89        27904            278        0.216             0              0       -0.000       -27904       89             0
    90        28182            267        0.217             0              0       -0.000       -28182       90             0
    91        28449            296        0.184             0              0       -0.000       -28449       91             0
    92        28745            282        0.213             0              0       -0.000       -28745       92             0
    93        29027            283        0.206             0              0       -0.000       -29027       93             0
    94        29310            265        0.199             0              0       -0.000       -29310       94             0
    95        29575            271        0.188             0              0       -0.000       -29575       95             0
    96        29846            269        0.233             0              0       -0.000       -29846       96             0
    97        30115            285        0.201             0              0       -0.000       -30115       97             0
    98        30400            579        0.236             0              0       -0.000       -30400       98             0
    99        30979            280        0.236             0              0       -0.000       -30979       99             0
   100        31259            285        0.232             0              0       -0.000       -31259      100             0
   101        31544            274        0.236             0              0       -0.000       -31544      101             0
   102        31818            275        0.222             0              0       -0.000       -31818      102             0
   103        32093            277        0.226             0              0       -0.000       -32093      103             0
   104        32370            286        0.248             0              0       -0.000       -32370      104             0
   105        32656            295        0.227             0              0       -0.000       -32656      105             0
   106        32951            291        0.235             0              0       -0.000       -32951      106             0
   107        33242            785        0.208             0              0       -0.000       -33242      107             0
   108        34027            267        0.218             0              0       -0.000       -34027      108             0
   109        34294            526        0.247             0              0       -0.000       -34294      109             0
   110        34820            279        0.228             0              0       -0.000       -34820      110             0
   111        35099            271        0.235             0              0       -0.000       -35099      111             0
   112        35370            274        0.268             0              0       -0.000       -35370      112             0
   113        35644            265        0.299             0              0       -0.000       -35644      113             0
   114        35909            258        0.195             0              0       -0.000       -35909      114             0
   115        36167            511        0.294             0              0       -0.000       -36167      115             0
   116        36678            273        0.293             0              0       -0.000       -36678      116             0
   117        36951            269        0.258             0              0       -0.000       -36951      117             0
   118        37220            273        0.356             0              0       -0.000       -37220      118             0
   119        37493            265        0.294             0              0       -0.000       -37493      119             0
   120        37758            270        0.304             0              0       -0.000       -37758      120             0
   121        38028            263        0.256             0              0       -0.000       -38028      121             0
   122        38291            259        0.342             0              0       -0.000       -38291      122             0
   123        38550            261        0.308             0              0       -0.000       -38550      123             0
   124        38811            279        0.314             0              0       -0.000       -38811      124             0
   125        39090            278        0.285             0              0       -0.000       -39090      125             0
   126        39368            286        0.319             0              0       -0.000       -39368      126             0
   127        39654            349        0.320             0              0       -0.000       -39654      127             0
   128        40003            282        1.468             0              0       -0.000       -40003      128             0
   129        40285            273        1.544             0              0       -0.000       -40285      129             0
   130        40558            281        1.603             0              0       -0.000       -40558      130             0
   131        40839            291        1.436             0              0       -0.000       -40839      131             0
   132        41130            294        1.419             0              0       -0.000       -41130      132             0
   133        41424            294        2.098             0              0       -0.000       -41424      133             0
   134        41718            305        1.527             0              0       -0.000       -41718      134             0
   135        42023            293        1.435             0              0       -0.000       -42023      135             0
   136        42316            286        1.484             0              0       -0.000       -42316      136             0
   137        42602            277        1.801             0              0       -0.000       -42602      137             0
   138        42879            286        1.566             0              0       -0.000       -42879      138             0
   139        43165            294        1.413             0              0       -0.000       -43165      139             0
   140        43459            306        1.577             0              0       -0.000       -43459      140             0
   141        43765            298        1.565             0              0       -0.000       -43765      141             0
   142        44063            295        1.574             0              0       -0.000       -44063      142             0
   143        44358            290        1.446             0              0       -0.000       -44358      143             0
   144        44648            286        1.707             0              0       -0.000       -44648      144             0
   145        44934            285        1.602             0              0       -0.000       -44934      145             0
   146        45219            277        1.737             0              0       -0.000       -45219      146             0
   147        45496            303        1.410             0              0       -0.000       -45496      147             0
   148        45799            297        1.675             0              0       -0.000       -45799      148             0
   149        46096            288        1.617             0              0       -0.000       -46096      149             0
   150        46384            272        1.545             0              0       -0.000       -46384      150             0
   151        46656            277        1.474             0              0       -0.000       -46656      151             0
   152        46933            273        1.644             0              0       -0.000       -46933      152             0
   153        47206            277        1.913             0              0       -0.000       -47206      153             0
   154        47483            275        1.548             0              0       -0.000       -47483      154             0
   155        47758            282        1.757             0              0       -0.000       -47758      155             0
   156        48040            284        1.628             0              0       -0.000       -48040      156             0
   157        48324            281        1.625             0              0       -0.000       -48324      157             0
   158        48605            262        1.308             0              0       -0.000       -48605      158             0
   159        48867            259        1.748             0              0       -0.000       -48867      159             0
   160        49126            256        1.499             0              0       -0.000       -49126      160             0
   161        49382            257        1.445             0              0       -0.000       -49382      161             0
   162        49639            261        1.336             0              0       -0.000       -49639      162             0
   163        49900            282        1.533             0              0       -0.000       -49900      163             0
   164        50182            269        1.559             0              0       -0.000       -50182      164             0
   165        50451            261        1.457             0              0       -0.000       -50451      165             0
   166        50712            265        1.505             0              0       -0.000       -50712      166             0
   167        50977            259        1.809             0              0       -0.000       -50977      167             0
   168        51236            250        2.169             0              0       -0.000       -51236      168             0
   169        51486            247        1.427             0              0       -0.000       -51486      169             0
   170        51733            258        1.429             0              0       -0.000       -51733      170             0
   171        51991            263        1.490             0              0       -0.000       -51991      171             0
   172        52254            269        1.623             0              0       -0.000       -52254      172             0
   173        52523            273        1.528             0              0       -0.000       -52523      173             0
   174        52796            256        1.688             0              0       -0.000       -52796      174             0
   175        53052            245        1.551             0              0       -0.000       -53052      175             0
   176        53297            254        1.415             0              0       -0.000       -53297      176             0
   177        53551            252        1.394             0              0       -0.000       -53551      177             0
   178        53803            250        1.510             0              0       -0.000       -53803      178             0
   179        54053            257        1.433             0              0       -0.000       -54053      179             0
   180        54310         -54310        1.399             0              0       -0.000       -54310      180             0
 RMAX =       1.000   Factor d'escala senyal
 PA_RMAX =  -18109.701   Factor d'escala senyal    passa_alt
 PB_RMAX =  -18133.838   Factor d'escala senyal    passa_baix
